row_id,column,value,confidence,source
1080,src,flightview,1.0000,baran
1,src,flightview,1.0000,baran
2,src,flightview,1.0000,baran
21,src,flightview,1.0000,baran
25,src,flightview,1.0000,baran
28,src,flightview,1.0000,baran
39,src,flightview,1.0000,baran
124,src,flightview,1.0000,baran
133,src,flightview,1.0000,baran
164,src,flightview,1.0000,baran
189,src,flightview,1.0000,baran
236,src,flightview,1.0000,baran
238,src,flightview,1.0000,baran
260,src,flightview,1.0000,baran
281,src,flightview,1.0000,baran
319,src,flightview,1.0000,baran
347,src,flightview,1.0000,baran
359,src,flightview,1.0000,baran
425,src,flightview,1.0000,baran
430,src,flightview,1.0000,baran
476,src,flightview,1.0000,baran
478,src,flightview,1.0000,baran
490,src,flightview,1.0000,baran
545,src,flightview,1.0000,baran
575,src,flightview,1.0000,baran
585,src,flightview,1.0000,baran
602,src,flightview,1.0000,baran
606,src,flightview,1.0000,baran
608,src,flightview,1.0000,baran
613,src,flightview,1.0000,baran
629,src,flightview,1.0000,baran
632,src,flightview,1.0000,baran
639,src,flightview,1.0000,baran
643,src,flightview,1.0000,baran
664,src,flightview,1.0000,baran
667,src,flightview,1.0000,baran
673,src,flightview,1.0000,baran
718,src,flightview,1.0000,baran
724,src,flightview,1.0000,baran
725,src,flightview,1.0000,baran
732,src,flightview,1.0000,baran
807,src,flightview,1.0000,baran
833,src,flightview,1.0000,baran
841,src,flightview,1.0000,baran
844,src,flightview,1.0000,baran
894,src,flightview,1.0000,baran
946,src,flightview,1.0000,baran
958,src,flightview,1.0000,baran
975,src,flightview,1.0000,baran
989,src,flightview,1.0000,baran
1018,src,flightview,1.0000,baran
1027,src,flightview,1.0000,baran
1039,src,flightview,1.0000,baran
1065,src,flightview,1.0000,baran
1075,src,flightview,1.0000,baran
1094,src,flightview,1.0000,baran
1112,src,flightview,1.0000,baran
1128,src,flightview,1.0000,baran
1162,src,flightview,1.0000,baran
1174,src,flightview,1.0000,baran
1205,src,flightview,1.0000,baran
1222,src,flightview,1.0000,baran
1228,src,flightview,1.0000,baran
1232,src,flightview,1.0000,baran
1234,src,flightview,1.0000,baran
1274,src,flightview,1.0000,baran
1331,src,flightview,1.0000,baran
1405,src,flightview,1.0000,baran
1431,src,flightview,1.0000,baran
1434,src,flightview,1.0000,baran
1456,src,flightview,1.0000,baran
1461,src,flightview,1.0000,baran
1489,src,flightview,1.0000,baran
1493,src,flightview,1.0000,baran
1500,src,flightview,1.0000,baran
1507,src,flightview,1.0000,baran
1535,src,flightview,1.0000,baran
1607,src,flightview,1.0000,baran
1637,src,flightview,1.0000,baran
1648,src,flightview,1.0000,baran
1651,src,flightview,1.0000,baran
1661,src,flightview,1.0000,baran
1664,src,flightview,1.0000,baran
1671,src,flightview,1.0000,baran
1693,src,flightview,1.0000,baran
1701,src,flightview,1.0000,baran
1721,src,flightview,1.0000,baran
1746,src,flightview,1.0000,baran
1762,src,flightview,1.0000,baran
1827,src,flightview,1.0000,baran
1830,src,flightview,1.0000,baran
1870,src,flightview,1.0000,baran
1895,src,flightview,1.0000,baran
1936,src,flightview,1.0000,baran
1940,src,flightview,1.0000,baran
1944,src,flightview,1.0000,baran
1973,src,flightview,1.0000,baran
1988,src,flightview,1.0000,baran
2018,src,flightview,1.0000,baran
2035,src,flightview,1.0000,baran
2042,src,flightview,1.0000,baran
2054,src,flightview,1.0000,baran
2105,src,flightview,1.0000,baran
2155,src,flightview,1.0000,baran
2167,src,flightview,1.0000,baran
2184,src,flightview,1.0000,baran
2197,src,flightview,1.0000,baran
2205,src,flightview,1.0000,baran
2212,src,flightview,1.0000,baran
2213,src,flightview,1.0000,baran
2223,src,flightview,1.0000,baran
2240,src,flightview,1.0000,baran
2242,src,flightview,1.0000,baran
2250,src,flightview,1.0000,baran
2319,src,flightview,1.0000,baran
2321,src,flightview,1.0000,baran
2357,src,flightview,1.0000,baran
2361,src,flightview,1.0000,baran
1080,flight,AA-484-DFW-MIA,1.0000,baran
1,flight,AA-484-DFW-MIA,1.0000,baran
12,flight,AA-484-DFW-MIA,1.0000,baran
14,flight,AA-484-DFW-MIA,1.0000,baran
19,flight,AA-484-DFW-MIA,1.0000,baran
23,flight,AA-484-DFW-MIA,1.0000,baran
28,flight,AA-484-DFW-MIA,1.0000,baran
29,flight,AA-431-MIA-SFO,1.0000,baran
31,flight,AA-431-MIA-SFO,1.0000,baran
47,flight,AA-484-DFW-MIA,1.0000,baran
48,flight,AA-484-DFW-MIA,1.0000,baran
54,flight,AA-484-DFW-MIA,1.0000,baran
58,flight,AA-484-DFW-MIA,1.0000,baran
78,flight,AA-484-DFW-MIA,1.0000,baran
79,flight,AA-484-DFW-MIA,1.0000,baran
80,flight,AA-484-DFW-MIA,1.0000,baran
82,flight,AA-484-DFW-MIA,1.0000,baran
87,flight,AA-484-DFW-MIA,1.0000,baran
89,flight,AA-484-DFW-MIA,1.0000,baran
90,flight,AA-484-DFW-MIA,1.0000,baran
94,flight,AA-484-DFW-MIA,1.0000,baran
95,flight,AA-484-DFW-MIA,1.0000,baran
99,flight,AA-484-DFW-MIA,1.0000,baran
103,flight,AA-484-DFW-MIA,1.0000,baran
111,flight,AA-484-DFW-MIA,1.0000,baran
113,flight,AA-484-DFW-MIA,1.0000,baran
117,flight,AA-484-DFW-MIA,1.0000,baran
120,flight,AA-484-DFW-MIA,1.0000,baran
125,flight,AA-484-DFW-MIA,1.0000,baran
127,flight,AA-484-DFW-MIA,1.0000,baran
134,flight,AA-484-DFW-MIA,1.0000,baran
135,flight,AA-484-DFW-MIA,1.0000,baran
136,flight,AA-484-DFW-MIA,1.0000,baran
139,flight,AA-484-DFW-MIA,1.0000,baran
141,flight,AA-484-DFW-MIA,1.0000,baran
144,flight,AA-484-DFW-MIA,1.0000,baran
148,flight,AA-484-DFW-MIA,1.0000,baran
153,flight,AA-484-DFW-MIA,1.0000,baran
164,flight,AA-484-DFW-MIA,1.0000,baran
167,flight,AA-484-DFW-MIA,1.0000,baran
185,flight,AA-484-DFW-MIA,1.0000,baran
189,flight,AA-484-DFW-MIA,1.0000,baran
191,flight,AA-484-DFW-MIA,1.0000,baran
192,flight,AA-484-DFW-MIA,1.0000,baran
193,flight,AA-484-DFW-MIA,1.0000,baran
201,flight,AA-431-MIA-SFO,1.0000,baran
202,flight,AA-484-DFW-MIA,1.0000,baran
204,flight,AA-484-DFW-MIA,1.0000,baran
206,flight,AA-484-DFW-MIA,1.0000,baran
219,flight,AA-484-DFW-MIA,1.0000,baran
223,flight,AA-484-DFW-MIA,1.0000,baran
229,flight,AA-484-DFW-MIA,1.0000,baran
230,flight,AA-484-DFW-MIA,1.0000,baran
231,flight,AA-484-DFW-MIA,1.0000,baran
234,flight,AA-484-DFW-MIA,1.0000,baran
236,flight,AA-484-DFW-MIA,1.0000,baran
243,flight,AA-484-DFW-MIA,1.0000,baran
245,flight,AA-484-DFW-MIA,1.0000,baran
253,flight,AA-484-DFW-MIA,1.0000,baran
260,flight,AA-484-DFW-MIA,1.0000,baran
261,flight,AA-484-DFW-MIA,1.0000,baran
263,flight,AA-484-DFW-MIA,1.0000,baran
264,flight,AA-484-DFW-MIA,1.0000,baran
267,flight,AA-484-DFW-MIA,1.0000,baran
275,flight,AA-484-DFW-MIA,1.0000,baran
278,flight,AA-484-DFW-MIA,1.0000,baran
285,flight,AA-1917-JFK-MCO,1.0000,baran
291,flight,AA-484-DFW-MIA,1.0000,baran
294,flight,AA-484-DFW-MIA,1.0000,baran
296,flight,AA-484-DFW-MIA,1.0000,baran
298,flight,AA-484-DFW-MIA,1.0000,baran
300,flight,AA-484-DFW-MIA,1.0000,baran
306,flight,AA-431-MIA-SFO,1.0000,baran
307,flight,AA-484-DFW-MIA,1.0000,baran
317,flight,AA-484-DFW-MIA,1.0000,baran
322,flight,AA-484-DFW-MIA,1.0000,baran
324,flight,AA-484-DFW-MIA,1.0000,baran
331,flight,AA-484-DFW-MIA,1.0000,baran
332,flight,AA-484-DFW-MIA,1.0000,baran
333,flight,AA-484-DFW-MIA,1.0000,baran
334,flight,AA-484-DFW-MIA,1.0000,baran
339,flight,AA-484-DFW-MIA,1.0000,baran
347,flight,AA-484-DFW-MIA,1.0000,baran
359,flight,AA-484-DFW-MIA,1.0000,baran
360,flight,AA-484-DFW-MIA,1.0000,baran
361,flight,AA-484-DFW-MIA,1.0000,baran
362,flight,AA-484-DFW-MIA,1.0000,baran
363,flight,AA-484-DFW-MIA,1.0000,baran
364,flight,AA-484-DFW-MIA,1.0000,baran
365,flight,AA-484-DFW-MIA,1.0000,baran
366,flight,AA-431-MIA-SFO,1.0000,baran
371,flight,AA-484-DFW-MIA,1.0000,baran
375,flight,AA-484-DFW-MIA,1.0000,baran
377,flight,AA-484-DFW-MIA,1.0000,baran
378,flight,AA-484-DFW-MIA,1.0000,baran
387,flight,AA-484-DFW-MIA,1.0000,baran
390,flight,AA-484-DFW-MIA,1.0000,baran
392,flight,AA-484-DFW-MIA,1.0000,baran
400,flight,AA-484-DFW-MIA,1.0000,baran
411,flight,AA-484-DFW-MIA,1.0000,baran
418,flight,AA-484-DFW-MIA,1.0000,baran
421,flight,AA-484-DFW-MIA,1.0000,baran
422,flight,AA-484-DFW-MIA,1.0000,baran
424,flight,AA-484-DFW-MIA,1.0000,baran
425,flight,AA-484-DFW-MIA,1.0000,baran
432,flight,AA-484-DFW-MIA,1.0000,baran
436,flight,AA-484-DFW-MIA,1.0000,baran
443,flight,AA-484-DFW-MIA,1.0000,baran
445,flight,AA-484-DFW-MIA,1.0000,baran
450,flight,AA-484-DFW-MIA,1.0000,baran
458,flight,AA-484-DFW-MIA,1.0000,baran
467,flight,AA-484-DFW-MIA,1.0000,baran
471,flight,AA-484-DFW-MIA,1.0000,baran
473,flight,AA-484-DFW-MIA,1.0000,baran
477,flight,AA-484-DFW-MIA,1.0000,baran
479,flight,AA-484-DFW-MIA,1.0000,baran
492,flight,AA-484-DFW-MIA,1.0000,baran
495,flight,AA-484-DFW-MIA,1.0000,baran
497,flight,AA-484-DFW-MIA,1.0000,baran
501,flight,AA-484-DFW-MIA,1.0000,baran
504,flight,AA-484-DFW-MIA,1.0000,baran
507,flight,AA-484-DFW-MIA,1.0000,baran
512,flight,AA-484-DFW-MIA,1.0000,baran
513,flight,AA-484-DFW-MIA,1.0000,baran
518,flight,AA-484-DFW-MIA,1.0000,baran
528,flight,AA-484-DFW-MIA,1.0000,baran
530,flight,AA-484-DFW-MIA,1.0000,baran
535,flight,AA-484-DFW-MIA,1.0000,baran
540,flight,AA-1917-JFK-MCO,1.0000,baran
541,flight,AA-484-DFW-MIA,1.0000,baran
546,flight,AA-431-MIA-SFO,1.0000,baran
547,flight,AA-484-DFW-MIA,1.0000,baran
549,flight,AA-484-DFW-MIA,1.0000,baran
550,flight,AA-484-DFW-MIA,1.0000,baran
552,flight,AA-484-DFW-MIA,1.0000,baran
555,flight,AA-484-DFW-MIA,1.0000,baran
556,flight,AA-484-DFW-MIA,1.0000,baran
559,flight,AA-484-DFW-MIA,1.0000,baran
561,flight,AA-484-DFW-MIA,1.0000,baran
564,flight,AA-484-DFW-MIA,1.0000,baran
566,flight,AA-484-DFW-MIA,1.0000,baran
567,flight,AA-484-DFW-MIA,1.0000,baran
570,flight,AA-484-DFW-MIA,1.0000,baran
572,flight,AA-484-DFW-MIA,1.0000,baran
580,flight,AA-484-DFW-MIA,1.0000,baran
582,flight,AA-484-DFW-MIA,1.0000,baran
585,flight,AA-484-DFW-MIA,1.0000,baran
590,flight,AA-484-DFW-MIA,1.0000,baran
605,flight,AA-484-DFW-MIA,1.0000,baran
610,flight,AA-484-DFW-MIA,1.0000,baran
617,flight,AA-484-DFW-MIA,1.0000,baran
619,flight,AA-484-DFW-MIA,1.0000,baran
622,flight,AA-484-DFW-MIA,1.0000,baran
631,flight,AA-484-DFW-MIA,1.0000,baran
635,flight,AA-484-DFW-MIA,1.0000,baran
637,flight,AA-484-DFW-MIA,1.0000,baran
638,flight,AA-484-DFW-MIA,1.0000,baran
647,flight,AA-484-DFW-MIA,1.0000,baran
651,flight,AA-484-DFW-MIA,1.0000,baran
670,flight,AA-484-DFW-MIA,1.0000,baran
672,flight,AA-484-DFW-MIA,1.0000,baran
680,flight,AA-484-DFW-MIA,1.0000,baran
692,flight,AA-484-DFW-MIA,1.0000,baran
694,flight,AA-484-DFW-MIA,1.0000,baran
701,flight,AA-484-DFW-MIA,1.0000,baran
702,flight,AA-484-DFW-MIA,1.0000,baran
705,flight,AA-484-DFW-MIA,1.0000,baran
706,flight,AA-484-DFW-MIA,1.0000,baran
707,flight,AA-484-DFW-MIA,1.0000,baran
711,flight,AA-484-DFW-MIA,1.0000,baran
717,flight,AA-484-DFW-MIA,1.0000,baran
722,flight,AA-484-DFW-MIA,1.0000,baran
724,flight,AA-484-DFW-MIA,1.0000,baran
725,flight,AA-484-DFW-MIA,1.0000,baran
730,flight,AA-484-DFW-MIA,1.0000,baran
732,flight,AA-484-DFW-MIA,1.0000,baran
734,flight,AA-484-DFW-MIA,1.0000,baran
737,flight,AA-484-DFW-MIA,1.0000,baran
739,flight,AA-484-DFW-MIA,1.0000,baran
740,flight,AA-484-DFW-MIA,1.0000,baran
743,flight,AA-484-DFW-MIA,1.0000,baran
746,flight,AA-484-DFW-MIA,1.0000,baran
752,flight,AA-484-DFW-MIA,1.0000,baran
753,flight,AA-484-DFW-MIA,1.0000,baran
757,flight,AA-484-DFW-MIA,1.0000,baran
758,flight,AA-484-DFW-MIA,1.0000,baran
768,flight,AA-484-DFW-MIA,1.0000,baran
775,flight,AA-484-DFW-MIA,1.0000,baran
778,flight,AA-484-DFW-MIA,1.0000,baran
781,flight,AA-484-DFW-MIA,1.0000,baran
784,flight,AA-484-DFW-MIA,1.0000,baran
786,flight,AA-431-MIA-SFO,1.0000,baran
790,flight,AA-484-DFW-MIA,1.0000,baran
807,flight,AA-484-DFW-MIA,1.0000,baran
808,flight,AA-484-DFW-MIA,1.0000,baran
809,flight,AA-484-DFW-MIA,1.0000,baran
812,flight,AA-484-DFW-MIA,1.0000,baran
821,flight,AA-484-DFW-MIA,1.0000,baran
824,flight,AA-484-DFW-MIA,1.0000,baran
827,flight,AA-1917-JFK-MCO,1.0000,baran
837,flight,AA-484-DFW-MIA,1.0000,baran
842,flight,AA-484-DFW-MIA,1.0000,baran
851,flight,AA-484-DFW-MIA,1.0000,baran
866,flight,AA-484-DFW-MIA,1.0000,baran
871,flight,AA-484-DFW-MIA,1.0000,baran
875,flight,AA-484-DFW-MIA,1.0000,baran
883,flight,AA-484-DFW-MIA,1.0000,baran
892,flight,AA-484-DFW-MIA,1.0000,baran
895,flight,AA-431-MIA-SFO,1.0000,baran
899,flight,AA-484-DFW-MIA,1.0000,baran
902,flight,AA-484-DFW-MIA,1.0000,baran
920,flight,AA-4344-ORD-DTW,1.0000,baran
923,flight,AA-484-DFW-MIA,1.0000,baran
924,flight,AA-484-DFW-MIA,1.0000,baran
935,flight,AA-484-DFW-MIA,1.0000,baran
951,flight,AA-484-DFW-MIA,1.0000,baran
955,flight,AA-484-DFW-MIA,1.0000,baran
956,flight,AA-431-MIA-SFO,1.0000,baran
957,flight,AA-484-DFW-MIA,1.0000,baran
958,flight,AA-484-DFW-MIA,1.0000,baran
963,flight,AA-484-DFW-MIA,1.0000,baran
967,flight,AA-484-DFW-MIA,1.0000,baran
972,flight,AA-484-DFW-MIA,1.0000,baran
975,flight,AA-484-DFW-MIA,1.0000,baran
979,flight,AA-484-DFW-MIA,1.0000,baran
986,flight,AA-484-DFW-MIA,1.0000,baran
992,flight,AA-484-DFW-MIA,1.0000,baran
998,flight,AA-4344-ORD-DTW,1.0000,baran
999,flight,AA-484-DFW-MIA,1.0000,baran
1004,flight,AA-4344-ORD-DTW,1.0000,baran
1015,flight,AA-484-DFW-MIA,1.0000,baran
1016,flight,AA-484-DFW-MIA,1.0000,baran
1020,flight,AA-484-DFW-MIA,1.0000,baran
1021,flight,AA-484-DFW-MIA,1.0000,baran
1024,flight,AA-484-DFW-MIA,1.0000,baran
1026,flight,AA-484-DFW-MIA,1.0000,baran
1027,flight,AA-1917-JFK-MCO,1.0000,baran
1029,flight,AA-484-DFW-MIA,1.0000,baran
1030,flight,AA-484-DFW-MIA,1.0000,baran
1035,flight,AA-484-DFW-MIA,1.0000,baran
1036,flight,AA-484-DFW-MIA,1.0000,baran
1039,flight,AA-484-DFW-MIA,1.0000,baran
1041,flight,AA-484-DFW-MIA,1.0000,baran
1053,flight,AA-484-DFW-MIA,1.0000,baran
1054,flight,AA-484-DFW-MIA,1.0000,baran
1057,flight,AA-484-DFW-MIA,1.0000,baran
1067,flight,AA-484-DFW-MIA,1.0000,baran
1073,flight,AA-484-DFW-MIA,1.0000,baran
1079,flight,AA-484-DFW-MIA,1.0000,baran
1088,flight,AA-484-DFW-MIA,1.0000,baran
1089,flight,AA-484-DFW-MIA,1.0000,baran
1090,flight,AA-4344-ORD-DTW,1.0000,baran
1102,flight,AA-484-DFW-MIA,1.0000,baran
1105,flight,AA-484-DFW-MIA,1.0000,baran
1108,flight,AA-1917-JFK-MCO,1.0000,baran
1110,flight,AA-484-DFW-MIA,1.0000,baran
1116,flight,AA-484-DFW-MIA,1.0000,baran
1120,flight,AA-484-DFW-MIA,1.0000,baran
1123,flight,AA-484-DFW-MIA,1.0000,baran
1145,flight,AA-484-DFW-MIA,1.0000,baran
1148,flight,AA-484-DFW-MIA,1.0000,baran
1149,flight,AA-484-DFW-MIA,1.0000,baran
1151,flight,AA-484-DFW-MIA,1.0000,baran
1153,flight,AA-484-DFW-MIA,1.0000,baran
1155,flight,AA-484-DFW-MIA,1.0000,baran
1157,flight,AA-484-DFW-MIA,1.0000,baran
1158,flight,AA-484-DFW-MIA,1.0000,baran
1161,flight,AA-484-DFW-MIA,1.0000,baran
1165,flight,AA-484-DFW-MIA,1.0000,baran
1166,flight,AA-484-DFW-MIA,1.0000,baran
1170,flight,AA-484-DFW-MIA,1.0000,baran
1174,flight,AA-484-DFW-MIA,1.0000,baran
1178,flight,AA-484-DFW-MIA,1.0000,baran
1180,flight,AA-484-DFW-MIA,1.0000,baran
1182,flight,AA-484-DFW-MIA,1.0000,baran
1189,flight,AA-484-DFW-MIA,1.0000,baran
1192,flight,AA-484-DFW-MIA,1.0000,baran
1196,flight,AA-484-DFW-MIA,1.0000,baran
1205,flight,AA-484-DFW-MIA,1.0000,baran
1209,flight,AA-484-DFW-MIA,1.0000,baran
1216,flight,AA-484-DFW-MIA,1.0000,baran
1221,flight,AA-484-DFW-MIA,1.0000,baran
1225,flight,AA-484-DFW-MIA,1.0000,baran
1226,flight,AA-484-DFW-MIA,1.0000,baran
1227,flight,AA-484-DFW-MIA,1.0000,baran
1228,flight,AA-484-DFW-MIA,1.0000,baran
1231,flight,AA-484-DFW-MIA,1.0000,baran
1232,flight,AA-484-DFW-MIA,1.0000,baran
1234,flight,AA-484-DFW-MIA,1.0000,baran
1237,flight,AA-484-DFW-MIA,1.0000,baran
1240,flight,AA-484-DFW-MIA,1.0000,baran
1242,flight,AA-484-DFW-MIA,1.0000,baran
1245,flight,AA-484-DFW-MIA,1.0000,baran
1258,flight,AA-484-DFW-MIA,1.0000,baran
1270,flight,AA-484-DFW-MIA,1.0000,baran
1272,flight,AA-484-DFW-MIA,1.0000,baran
1275,flight,AA-484-DFW-MIA,1.0000,baran
1277,flight,AA-484-DFW-MIA,1.0000,baran
1283,flight,AA-484-DFW-MIA,1.0000,baran
1288,flight,AA-484-DFW-MIA,1.0000,baran
1290,flight,AA-484-DFW-MIA,1.0000,baran
1296,flight,AA-484-DFW-MIA,1.0000,baran
1299,flight,AA-484-DFW-MIA,1.0000,baran
1306,flight,AA-484-DFW-MIA,1.0000,baran
1307,flight,AA-484-DFW-MIA,1.0000,baran
1315,flight,AA-484-DFW-MIA,1.0000,baran
1319,flight,AA-484-DFW-MIA,1.0000,baran
1324,flight,AA-484-DFW-MIA,1.0000,baran
1326,flight,AA-484-DFW-MIA,1.0000,baran
1332,flight,AA-484-DFW-MIA,1.0000,baran
1337,flight,AA-431-MIA-SFO,1.0000,baran
1340,flight,AA-484-DFW-MIA,1.0000,baran
1341,flight,AA-484-DFW-MIA,1.0000,baran
1342,flight,AA-484-DFW-MIA,1.0000,baran
1345,flight,AA-484-DFW-MIA,1.0000,baran
1350,flight,AA-484-DFW-MIA,1.0000,baran
1354,flight,AA-1917-JFK-MCO,1.0000,baran
1355,flight,AA-484-DFW-MIA,1.0000,baran
1376,flight,AA-484-DFW-MIA,1.0000,baran
1380,flight,AA-484-DFW-MIA,1.0000,baran
1381,flight,AA-484-DFW-MIA,1.0000,baran
1388,flight,AA-484-DFW-MIA,1.0000,baran
1390,flight,AA-484-DFW-MIA,1.0000,baran
1400,flight,AA-484-DFW-MIA,1.0000,baran
1402,flight,AA-484-DFW-MIA,1.0000,baran
1409,flight,AA-484-DFW-MIA,1.0000,baran
1414,flight,AA-484-DFW-MIA,1.0000,baran
1444,flight,AA-484-DFW-MIA,1.0000,baran
1446,flight,AA-484-DFW-MIA,1.0000,baran
1449,flight,AA-484-DFW-MIA,1.0000,baran
1454,flight,AA-4344-ORD-DTW,1.0000,baran
1456,flight,AA-484-DFW-MIA,1.0000,baran
1465,flight,AA-484-DFW-MIA,1.0000,baran
1469,flight,AA-484-DFW-MIA,1.0000,baran
1472,flight,AA-484-DFW-MIA,1.0000,baran
1474,flight,AA-484-DFW-MIA,1.0000,baran
1478,flight,AA-484-DFW-MIA,1.0000,baran
1483,flight,AA-484-DFW-MIA,1.0000,baran
1484,flight,AA-484-DFW-MIA,1.0000,baran
1486,flight,AA-484-DFW-MIA,1.0000,baran
1491,flight,AA-484-DFW-MIA,1.0000,baran
1497,flight,AA-1917-JFK-MCO,1.0000,baran
1506,flight,AA-484-DFW-MIA,1.0000,baran
1509,flight,AA-484-DFW-MIA,1.0000,baran
1516,flight,AA-484-DFW-MIA,1.0000,baran
1518,flight,AA-484-DFW-MIA,1.0000,baran
1526,flight,AA-484-DFW-MIA,1.0000,baran
1532,flight,AA-1917-JFK-MCO,1.0000,baran
1533,flight,AA-484-DFW-MIA,1.0000,baran
1538,flight,AA-484-DFW-MIA,1.0000,baran
1546,flight,AA-484-DFW-MIA,1.0000,baran
1550,flight,AA-484-DFW-MIA,1.0000,baran
1559,flight,AA-484-DFW-MIA,1.0000,baran
1564,flight,AA-484-DFW-MIA,1.0000,baran
1569,flight,AA-484-DFW-MIA,1.0000,baran
1570,flight,AA-484-DFW-MIA,1.0000,baran
1572,flight,AA-484-DFW-MIA,1.0000,baran
1578,flight,AA-484-DFW-MIA,1.0000,baran
1580,flight,AA-484-DFW-MIA,1.0000,baran
1582,flight,AA-484-DFW-MIA,1.0000,baran
1583,flight,AA-484-DFW-MIA,1.0000,baran
1608,flight,AA-484-DFW-MIA,1.0000,baran
1610,flight,AA-484-DFW-MIA,1.0000,baran
1615,flight,AA-484-DFW-MIA,1.0000,baran
1624,flight,AA-484-DFW-MIA,1.0000,baran
1626,flight,AA-484-DFW-MIA,1.0000,baran
1627,flight,AA-484-DFW-MIA,1.0000,baran
1628,flight,AA-484-DFW-MIA,1.0000,baran
1631,flight,AA-484-DFW-MIA,1.0000,baran
1642,flight,AA-484-DFW-MIA,1.0000,baran
1644,flight,AA-484-DFW-MIA,1.0000,baran
1646,flight,AA-484-DFW-MIA,1.0000,baran
1648,flight,AA-484-DFW-MIA,1.0000,baran
1649,flight,AA-484-DFW-MIA,1.0000,baran
1650,flight,AA-484-DFW-MIA,1.0000,baran
1651,flight,AA-484-DFW-MIA,1.0000,baran
1658,flight,AA-484-DFW-MIA,1.0000,baran
1662,flight,AA-484-DFW-MIA,1.0000,baran
1668,flight,AA-484-DFW-MIA,1.0000,baran
1677,flight,AA-484-DFW-MIA,1.0000,baran
1681,flight,AA-484-DFW-MIA,1.0000,baran
1683,flight,AA-431-MIA-SFO,1.0000,baran
1694,flight,AA-4344-ORD-DTW,1.0000,baran
1696,flight,AA-484-DFW-MIA,1.0000,baran
1698,flight,AA-484-DFW-MIA,1.0000,baran
1700,flight,AA-484-DFW-MIA,1.0000,baran
1704,flight,AA-484-DFW-MIA,1.0000,baran
1705,flight,AA-484-DFW-MIA,1.0000,baran
1708,flight,AA-484-DFW-MIA,1.0000,baran
1709,flight,AA-484-DFW-MIA,1.0000,baran
1710,flight,AA-484-DFW-MIA,1.0000,baran
1721,flight,AA-484-DFW-MIA,1.0000,baran
1722,flight,AA-484-DFW-MIA,1.0000,baran
1730,flight,AA-484-DFW-MIA,1.0000,baran
1734,flight,AA-484-DFW-MIA,1.0000,baran
1746,flight,AA-484-DFW-MIA,1.0000,baran
1767,flight,AA-484-DFW-MIA,1.0000,baran
1791,flight,AA-484-DFW-MIA,1.0000,baran
1795,flight,AA-484-DFW-MIA,1.0000,baran
1803,flight,AA-484-DFW-MIA,1.0000,baran
1806,flight,AA-484-DFW-MIA,1.0000,baran
1807,flight,AA-484-DFW-MIA,1.0000,baran
1808,flight,AA-484-DFW-MIA,1.0000,baran
1809,flight,AA-484-DFW-MIA,1.0000,baran
1811,flight,AA-484-DFW-MIA,1.0000,baran
1813,flight,AA-484-DFW-MIA,1.0000,baran
1816,flight,AA-484-DFW-MIA,1.0000,baran
1820,flight,AA-484-DFW-MIA,1.0000,baran
1821,flight,AA-484-DFW-MIA,1.0000,baran
1823,flight,AA-484-DFW-MIA,1.0000,baran
1826,flight,AA-484-DFW-MIA,1.0000,baran
1831,flight,AA-484-DFW-MIA,1.0000,baran
1832,flight,AA-484-DFW-MIA,1.0000,baran
1834,flight,AA-484-DFW-MIA,1.0000,baran
1835,flight,AA-484-DFW-MIA,1.0000,baran
1854,flight,AA-484-DFW-MIA,1.0000,baran
1856,flight,AA-484-DFW-MIA,1.0000,baran
1859,flight,AA-484-DFW-MIA,1.0000,baran
1865,flight,AA-484-DFW-MIA,1.0000,baran
1870,flight,AA-484-DFW-MIA,1.0000,baran
1873,flight,AA-1917-JFK-MCO,1.0000,baran
1881,flight,AA-4344-ORD-DTW,1.0000,baran
1884,flight,AA-484-DFW-MIA,1.0000,baran
1886,flight,AA-4344-ORD-DTW,1.0000,baran
1887,flight,AA-484-DFW-MIA,1.0000,baran
1891,flight,AA-484-DFW-MIA,1.0000,baran
1902,flight,AA-484-DFW-MIA,1.0000,baran
1907,flight,AA-484-DFW-MIA,1.0000,baran
1911,flight,AA-484-DFW-MIA,1.0000,baran
1918,flight,AA-484-DFW-MIA,1.0000,baran
1919,flight,AA-431-MIA-SFO,1.0000,baran
1920,flight,AA-484-DFW-MIA,1.0000,baran
1928,flight,AA-484-DFW-MIA,1.0000,baran
1937,flight,AA-484-DFW-MIA,1.0000,baran
1939,flight,AA-484-DFW-MIA,1.0000,baran
1942,flight,AA-484-DFW-MIA,1.0000,baran
1943,flight,AA-484-DFW-MIA,1.0000,baran
1945,flight,AA-484-DFW-MIA,1.0000,baran
1947,flight,AA-1917-JFK-MCO,1.0000,baran
1950,flight,AA-484-DFW-MIA,1.0000,baran
1953,flight,AA-484-DFW-MIA,1.0000,baran
1955,flight,AA-484-DFW-MIA,1.0000,baran
1958,flight,AA-484-DFW-MIA,1.0000,baran
1959,flight,AA-484-DFW-MIA,1.0000,baran
1960,flight,AA-484-DFW-MIA,1.0000,baran
1971,flight,AA-484-DFW-MIA,1.0000,baran
1974,flight,AA-484-DFW-MIA,1.0000,baran
1985,flight,AA-484-DFW-MIA,1.0000,baran
2000,flight,AA-484-DFW-MIA,1.0000,baran
2004,flight,AA-484-DFW-MIA,1.0000,baran
2005,flight,AA-484-DFW-MIA,1.0000,baran
2012,flight,AA-484-DFW-MIA,1.0000,baran
2014,flight,AA-484-DFW-MIA,1.0000,baran
2016,flight,AA-484-DFW-MIA,1.0000,baran
2017,flight,AA-484-DFW-MIA,1.0000,baran
2025,flight,AA-484-DFW-MIA,1.0000,baran
2029,flight,AA-484-DFW-MIA,1.0000,baran
2038,flight,AA-484-DFW-MIA,1.0000,baran
2045,flight,AA-484-DFW-MIA,1.0000,baran
2054,flight,AA-484-DFW-MIA,1.0000,baran
2061,flight,AA-484-DFW-MIA,1.0000,baran
2065,flight,AA-484-DFW-MIA,1.0000,baran
2077,flight,AA-484-DFW-MIA,1.0000,baran
2079,flight,AA-484-DFW-MIA,1.0000,baran
2080,flight,AA-484-DFW-MIA,1.0000,baran
2083,flight,AA-484-DFW-MIA,1.0000,baran
2085,flight,AA-484-DFW-MIA,1.0000,baran
2088,flight,AA-484-DFW-MIA,1.0000,baran
2095,flight,AA-484-DFW-MIA,1.0000,baran
2097,flight,AA-484-DFW-MIA,1.0000,baran
2099,flight,AA-484-DFW-MIA,1.0000,baran
2107,flight,AA-484-DFW-MIA,1.0000,baran
2110,flight,AA-484-DFW-MIA,1.0000,baran
2113,flight,AA-484-DFW-MIA,1.0000,baran
2117,flight,AA-484-DFW-MIA,1.0000,baran
2120,flight,AA-484-DFW-MIA,1.0000,baran
2124,flight,AA-484-DFW-MIA,1.0000,baran
2126,flight,AA-484-DFW-MIA,1.0000,baran
2129,flight,AA-484-DFW-MIA,1.0000,baran
2149,flight,AA-484-DFW-MIA,1.0000,baran
2153,flight,AA-484-DFW-MIA,1.0000,baran
2158,flight,AA-484-DFW-MIA,1.0000,baran
2160,flight,AA-484-DFW-MIA,1.0000,baran
2171,flight,AA-484-DFW-MIA,1.0000,baran
2174,flight,AA-484-DFW-MIA,1.0000,baran
2176,flight,AA-484-DFW-MIA,1.0000,baran
2180,flight,AA-484-DFW-MIA,1.0000,baran
2183,flight,AA-484-DFW-MIA,1.0000,baran
2206,flight,AA-484-DFW-MIA,1.0000,baran
2208,flight,AA-484-DFW-MIA,1.0000,baran
2214,flight,AA-484-DFW-MIA,1.0000,baran
2216,flight,AA-484-DFW-MIA,1.0000,baran
2223,flight,AA-484-DFW-MIA,1.0000,baran
2228,flight,AA-484-DFW-MIA,1.0000,baran
2231,flight,AA-484-DFW-MIA,1.0000,baran
2233,flight,AA-484-DFW-MIA,1.0000,baran
2234,flight,AA-484-DFW-MIA,1.0000,baran
2246,flight,AA-484-DFW-MIA,1.0000,baran
2251,flight,AA-4344-ORD-DTW,1.0000,baran
2253,flight,AA-484-DFW-MIA,1.0000,baran
2254,flight,AA-484-DFW-MIA,1.0000,baran
2257,flight,AA-484-DFW-MIA,1.0000,baran
2266,flight,AA-484-DFW-MIA,1.0000,baran
2271,flight,AA-484-DFW-MIA,1.0000,baran
2273,flight,AA-484-DFW-MIA,1.0000,baran
2274,flight,AA-484-DFW-MIA,1.0000,baran
2280,flight,AA-484-DFW-MIA,1.0000,baran
2291,flight,AA-484-DFW-MIA,1.0000,baran
2292,flight,AA-484-DFW-MIA,1.0000,baran
2293,flight,AA-1917-JFK-MCO,1.0000,baran
2294,flight,AA-484-DFW-MIA,1.0000,baran
2296,flight,AA-484-DFW-MIA,1.0000,baran
2300,flight,AA-484-DFW-MIA,1.0000,baran
2305,flight,AA-484-DFW-MIA,1.0000,baran
2311,flight,AA-484-DFW-MIA,1.0000,baran
2317,flight,AA-484-DFW-MIA,1.0000,baran
2326,flight,AA-484-DFW-MIA,1.0000,baran
2329,flight,AA-4344-ORD-DTW,1.0000,baran
2330,flight,AA-484-DFW-MIA,1.0000,baran
2331,flight,AA-484-DFW-MIA,1.0000,baran
2334,flight,AA-484-DFW-MIA,1.0000,baran
2338,flight,AA-1917-JFK-MCO,1.0000,baran
2341,flight,AA-484-DFW-MIA,1.0000,baran
2343,flight,AA-484-DFW-MIA,1.0000,baran
2357,flight,AA-484-DFW-MIA,1.0000,baran
2364,flight,AA-484-DFW-MIA,1.0000,baran
2369,flight,AA-484-DFW-MIA,1.0000,baran
2372,flight,AA-484-DFW-MIA,1.0000,baran
2376,flight,AA-484-DFW-MIA,1.0000,baran
1080,sched_dep_time,4:15 p.m.,1.0000,baran
42,sched_dep_time,4:15 p.m.,1.0000,baran
44,sched_dep_time,4:15 p.m.,1.0000,baran
99,sched_dep_time,4:15 p.m.,1.0000,baran
130,sched_dep_time,4:15 p.m.,1.0000,baran
187,sched_dep_time,4:15 p.m.,1.0000,baran
210,sched_dep_time,4:15 p.m.,1.0000,baran
312,sched_dep_time,4:15 p.m.,1.0000,baran
321,sched_dep_time,4:15 p.m.,1.0000,baran
325,sched_dep_time,4:15 p.m.,1.0000,baran
365,sched_dep_time,7:39 p.m.,1.0000,baran
395,sched_dep_time,4:15 p.m.,1.0000,baran
478,sched_dep_time,7:39 p.m.,1.0000,baran
624,sched_dep_time,4:15 p.m.,1.0000,baran
656,sched_dep_time,4:15 p.m.,1.0000,baran
661,sched_dep_time,4:15 p.m.,1.0000,baran
728,sched_dep_time,7:39 p.m.,1.0000,baran
737,sched_dep_time,4:15 p.m.,1.0000,baran
738,sched_dep_time,4:15 p.m.,1.0000,baran
770,sched_dep_time,4:15 p.m.,1.0000,baran
792,sched_dep_time,4:15 p.m.,1.0000,baran
847,sched_dep_time,4:15 p.m.,1.0000,baran
874,sched_dep_time,4:15 p.m.,1.0000,baran
940,sched_dep_time,4:15 p.m.,1.0000,baran
945,sched_dep_time,4:15 p.m.,1.0000,baran
1021,sched_dep_time,4:15 p.m.,1.0000,baran
1056,sched_dep_time,4:15 p.m.,1.0000,baran
1087,sched_dep_time,4:15 p.m.,1.0000,baran
1115,sched_dep_time,7:39 p.m.,1.0000,baran
1200,sched_dep_time,4:15 p.m.,1.0000,baran
1201,sched_dep_time,4:15 p.m.,1.0000,baran
1202,sched_dep_time,4:15 p.m.,1.0000,baran
1208,sched_dep_time,4:15 p.m.,1.0000,baran
1241,sched_dep_time,4:15 p.m.,1.0000,baran
1293,sched_dep_time,4:15 p.m.,1.0000,baran
1306,sched_dep_time,4:15 p.m.,1.0000,baran
1362,sched_dep_time,4:15 p.m.,1.0000,baran
1366,sched_dep_time,4:15 p.m.,1.0000,baran
1368,sched_dep_time,4:15 p.m.,1.0000,baran
1371,sched_dep_time,4:15 p.m.,1.0000,baran
1408,sched_dep_time,4:15 p.m.,1.0000,baran
1452,sched_dep_time,4:15 p.m.,1.0000,baran
1469,sched_dep_time,4:15 p.m.,1.0000,baran
1678,sched_dep_time,7:39 p.m.,1.0000,baran
1697,sched_dep_time,4:15 p.m.,1.0000,baran
1728,sched_dep_time,4:15 p.m.,1.0000,baran
1750,sched_dep_time,4:15 p.m.,1.0000,baran
1774,sched_dep_time,7:05 a.m.,1.0000,baran
1788,sched_dep_time,4:15 p.m.,1.0000,baran
1818,sched_dep_time,4:15 p.m.,1.0000,baran
1834,sched_dep_time,4:15 p.m.,1.0000,baran
1854,sched_dep_time,4:15 p.m.,1.0000,baran
1863,sched_dep_time,4:15 p.m.,1.0000,baran
1869,sched_dep_time,4:15 p.m.,1.0000,baran
1870,sched_dep_time,4:15 p.m.,1.0000,baran
1925,sched_dep_time,4:15 p.m.,1.0000,baran
1949,sched_dep_time,4:15 p.m.,1.0000,baran
2133,sched_dep_time,4:15 p.m.,1.0000,baran
2213,sched_dep_time,4:15 p.m.,1.0000,baran
2239,sched_dep_time,4:15 p.m.,1.0000,baran
2258,sched_dep_time,4:15 p.m.,1.0000,baran
2270,sched_dep_time,4:15 p.m.,1.0000,baran
2330,sched_dep_time,4:15 p.m.,1.0000,baran
1080,act_dep_time,4:29 p.m.,1.0000,baran
314,act_dep_time,4:29 p.m.,1.0000,baran
502,act_dep_time,4:29 p.m.,1.0000,baran
979,act_dep_time,4:29 p.m.,1.0000,baran
1145,act_dep_time,4:29 p.m.,1.0000,baran
1208,act_dep_time,4:29 p.m.,1.0000,baran
1425,act_dep_time,4:29 p.m.,1.0000,baran
1846,act_dep_time,4:29 p.m.,1.0000,baran
1892,act_dep_time,4:29 p.m.,1.0000,baran
1966,act_dep_time,4:29 p.m.,1.0000,baran
1080,sched_arr_time,7:55 p.m.,1.0000,baran
1080,act_arr_time,7:39 p.m.,1.0000,baran
1,act_arr_time,7:39 p.m.,1.0000,baran
107,act_arr_time,7:39 p.m.,1.0000,baran
126,act_arr_time,7:39 p.m.,1.0000,baran
222,act_arr_time,7:39 p.m.,1.0000,baran
833,act_arr_time,7:39 p.m.,1.0000,baran
1055,act_arr_time,7:39 p.m.,1.0000,baran
1289,act_arr_time,7:39 p.m.,1.0000,baran
1311,act_arr_time,7:39 p.m.,1.0000,baran
1379,act_arr_time,7:39 p.m.,1.0000,baran
1398,act_arr_time,7:39 p.m.,1.0000,baran
1471,act_arr_time,7:39 p.m.,1.0000,baran
1933,act_arr_time,7:39 p.m.,1.0000,baran
2060,act_arr_time,7:39 p.m.,1.0000,baran
887,src,weather,1.0000,baran
171,src,weather,1.0000,baran
217,src,weather,1.0000,baran
302,src,weather,1.0000,baran
365,src,weather,1.0000,baran
395,src,weather,1.0000,baran
423,src,weather,1.0000,baran
592,src,weather,1.0000,baran
612,src,weather,1.0000,baran
647,src,weather,1.0000,baran
1233,src,weather,1.0000,baran
1283,src,weather,1.0000,baran
1463,src,weather,1.0000,baran
1486,src,weather,1.0000,baran
1525,src,weather,1.0000,baran
1626,src,weather,1.0000,baran
1720,src,weather,1.0000,baran
1756,src,weather,1.0000,baran
1793,src,weather,1.0000,baran
1806,src,weather,1.0000,baran
1844,src,weather,1.0000,baran
1849,src,weather,1.0000,baran
1930,src,weather,1.0000,baran
2089,src,weather,1.0000,baran
2112,src,weather,1.0000,baran
2241,src,weather,1.0000,baran
2277,src,weather,1.0000,baran
2285,src,weather,1.0000,baran
2307,src,weather,1.0000,baran
2324,src,weather,1.0000,baran
887,flight,AA-4198-ORD-CLE,1.0000,baran
356,flight,AA-4198-ORD-CLE,1.0000,baran
696,flight,AA-4198-ORD-CLE,1.0000,baran
716,flight,AA-4198-ORD-CLE,1.0000,baran
931,flight,AA-4198-ORD-CLE,1.0000,baran
1204,flight,AA-4198-ORD-CLE,1.0000,baran
1503,flight,AA-4198-ORD-CLE,1.0000,baran
2013,flight,AA-4198-ORD-CLE,1.0000,baran
2312,flight,AA-4198-ORD-CLE,1.0000,baran
2351,flight,AA-4198-ORD-CLE,1.0000,baran
887,sched_dep_time,10:40 a.m.,1.0000,baran
20,sched_dep_time,10:40 a.m.,1.0000,baran
32,sched_dep_time,10:40 a.m.,1.0000,baran
39,sched_dep_time,10:40 a.m.,1.0000,baran
45,sched_dep_time,10:40 a.m.,1.0000,baran
87,sched_dep_time,10:40 a.m.,1.0000,baran
232,sched_dep_time,10:40 a.m.,1.0000,baran
447,sched_dep_time,10:40 a.m.,1.0000,baran
561,sched_dep_time,10:40 a.m.,1.0000,baran
923,sched_dep_time,10:40 a.m.,1.0000,baran
1013,sched_dep_time,10:40 a.m.,1.0000,baran
1085,sched_dep_time,10:40 a.m.,1.0000,baran
1143,sched_dep_time,10:40 a.m.,1.0000,baran
1165,sched_dep_time,10:40 a.m.,1.0000,baran
1166,sched_dep_time,10:40 a.m.,1.0000,baran
1276,sched_dep_time,10:40 a.m.,1.0000,baran
1324,sched_dep_time,10:40 a.m.,1.0000,baran
1342,sched_dep_time,10:40 a.m.,1.0000,baran
1403,sched_dep_time,10:40 a.m.,1.0000,baran
1410,sched_dep_time,10:40 a.m.,1.0000,baran
1559,sched_dep_time,10:40 a.m.,1.0000,baran
1651,sched_dep_time,10:40 a.m.,1.0000,baran
1694,sched_dep_time,10:40 a.m.,1.0000,baran
1759,sched_dep_time,10:40 a.m.,1.0000,baran
1963,sched_dep_time,10:40 a.m.,1.0000,baran
1985,sched_dep_time,10:40 a.m.,1.0000,baran
1993,sched_dep_time,10:40 a.m.,1.0000,baran
2052,sched_dep_time,10:40 a.m.,1.0000,baran
2136,sched_dep_time,10:40 a.m.,1.0000,baran
2176,sched_dep_time,10:40 a.m.,1.0000,baran
2198,sched_dep_time,10:40 a.m.,1.0000,baran
2329,sched_dep_time,10:40 a.m.,1.0000,baran
887,act_dep_time,10:54 a.m.,1.0000,baran
35,act_dep_time,10:54 a.m.,1.0000,baran
223,act_dep_time,10:54 a.m.,1.0000,baran
813,act_dep_time,10:54 a.m.,1.0000,baran
822,act_dep_time,10:54 a.m.,1.0000,baran
1058,act_dep_time,10:54 a.m.,1.0000,baran
1340,act_dep_time,10:54 a.m.,1.0000,baran
1507,act_dep_time,10:54 a.m.,1.0000,baran
1872,act_dep_time,10:54 a.m.,1.0000,baran
1955,act_dep_time,10:54 a.m.,1.0000,baran
887,sched_arr_time,12:55 p.m.,1.0000,baran
887,act_arr_time,12:50 p.m.,1.0000,baran
38,act_arr_time,12:50 p.m.,1.0000,baran
313,act_arr_time,12:50 p.m.,1.0000,baran
375,act_arr_time,12:50 p.m.,1.0000,baran
400,act_arr_time,12:50 p.m.,1.0000,baran
781,act_arr_time,12:50 p.m.,1.0000,baran
971,act_arr_time,12:50 p.m.,1.0000,baran
1015,act_arr_time,12:50 p.m.,1.0000,baran
1165,act_arr_time,12:50 p.m.,1.0000,baran
1189,act_arr_time,12:50 p.m.,1.0000,baran
1330,act_arr_time,12:50 p.m.,1.0000,baran
1618,act_arr_time,12:50 p.m.,1.0000,baran
1830,act_arr_time,12:50 p.m.,1.0000,baran
1866,act_arr_time,12:50 p.m.,1.0000,baran
1915,act_arr_time,12:50 p.m.,1.0000,baran
1920,act_arr_time,12:50 p.m.,1.0000,baran
2275,act_arr_time,12:50 p.m.,1.0000,baran
2349,act_arr_time,12:50 p.m.,1.0000,baran
1397,src,flylouisville,1.0000,baran
43,src,flylouisville,1.0000,baran
202,src,flylouisville,1.0000,baran
291,src,flylouisville,1.0000,baran
307,src,flylouisville,1.0000,baran
381,src,flylouisville,1.0000,baran
408,src,flylouisville,1.0000,baran
495,src,flylouisville,1.0000,baran
500,src,flylouisville,1.0000,baran
598,src,flylouisville,1.0000,baran
616,src,flylouisville,1.0000,baran
785,src,flylouisville,1.0000,baran
787,src,flylouisville,1.0000,baran
854,src,flylouisville,1.0000,baran
883,src,flylouisville,1.0000,baran
949,src,flylouisville,1.0000,baran
1171,src,flylouisville,1.0000,baran
1172,src,flylouisville,1.0000,baran
1328,src,flylouisville,1.0000,baran
1517,src,flylouisville,1.0000,baran
1523,src,flylouisville,1.0000,baran
1559,src,flylouisville,1.0000,baran
1571,src,flylouisville,1.0000,baran
1621,src,flylouisville,1.0000,baran
1710,src,flylouisville,1.0000,baran
1864,src,flylouisville,1.0000,baran
1892,src,flylouisville,1.0000,baran
1939,src,flylouisville,1.0000,baran
2001,src,flylouisville,1.0000,baran
2179,src,flylouisville,1.0000,baran
2273,src,flylouisville,1.0000,baran
2337,src,flylouisville,1.0000,baran
1397,flight,CO-1561-PHX-IAH,1.0000,baran
1397,sched_dep_time,8:05 a.m.,1.0000,baran
111,sched_dep_time,8:00 a.m.,1.0000,baran
228,sched_dep_time,8:05 a.m.,1.0000,baran
392,sched_dep_time,8:00 a.m.,1.0000,baran
504,sched_dep_time,8:00 a.m.,1.0000,baran
690,sched_dep_time,8:00 a.m.,1.0000,baran
705,sched_dep_time,8:05 a.m.,1.0000,baran
819,sched_dep_time,8:05 a.m.,1.0000,baran
912,sched_dep_time,8:00 a.m.,1.0000,baran
916,sched_dep_time,8:00 a.m.,1.0000,baran
983,sched_dep_time,8:00 a.m.,1.0000,baran
1265,sched_dep_time,8:00 a.m.,1.0000,baran
1468,sched_dep_time,8:00 a.m.,1.0000,baran
1566,sched_dep_time,8:00 a.m.,1.0000,baran
1593,sched_dep_time,8:05 a.m.,1.0000,baran
1606,sched_dep_time,8:05 a.m.,1.0000,baran
1817,sched_dep_time,8:00 a.m.,1.0000,baran
1832,sched_dep_time,8:00 a.m.,1.0000,baran
1880,sched_dep_time,8:05 a.m.,1.0000,baran
1884,sched_dep_time,8:00 a.m.,1.0000,baran
2120,sched_dep_time,8:05 a.m.,1.0000,baran
2183,sched_dep_time,8:00 a.m.,1.0000,baran
1397,act_dep_time,8:00 a.m.,1.0000,baran
1397,sched_arr_time,11:35 a.m.,1.0000,baran
97,sched_arr_time,7:55 p.m.,1.0000,baran
240,sched_arr_time,12:50 p.m.,1.0000,baran
280,sched_arr_time,11:35 a.m.,1.0000,baran
353,sched_arr_time,12:55 p.m.,1.0000,baran
364,sched_arr_time,11:35 a.m.,1.0000,baran
405,sched_arr_time,12:50 p.m.,1.0000,baran
491,sched_arr_time,11:32 a.m.,1.0000,baran
535,sched_arr_time,11:32 a.m.,1.0000,baran
756,sched_arr_time,11:32 a.m.,1.0000,baran
798,sched_arr_time,11:35 a.m.,1.0000,baran
816,sched_arr_time,12:50 p.m.,1.0000,baran
851,sched_arr_time,11:35 a.m.,1.0000,baran
873,sched_arr_time,11:32 a.m.,1.0000,baran
1037,sched_arr_time,11:32 a.m.,1.0000,baran
1057,sched_arr_time,7:55 p.m.,1.0000,baran
1064,sched_arr_time,12:55 p.m.,1.0000,baran
1108,sched_arr_time,7:55 p.m.,1.0000,baran
1128,sched_arr_time,12:55 p.m.,1.0000,baran
1214,sched_arr_time,12:55 p.m.,1.0000,baran
1230,sched_arr_time,11:32 a.m.,1.0000,baran
1267,sched_arr_time,11:35 a.m.,1.0000,baran
1276,sched_arr_time,12:55 p.m.,1.0000,baran
1362,sched_arr_time,12:55 p.m.,1.0000,baran
1407,sched_arr_time,7:55 p.m.,1.0000,baran
1441,sched_arr_time,11:35 a.m.,1.0000,baran
1470,sched_arr_time,12:55 p.m.,1.0000,baran
1517,sched_arr_time,11:35 a.m.,1.0000,baran
1557,sched_arr_time,11:35 a.m.,1.0000,baran
1635,sched_arr_time,12:50 p.m.,1.0000,baran
1665,sched_arr_time,12:55 p.m.,1.0000,baran
1671,sched_arr_time,12:55 p.m.,1.0000,baran
1702,sched_arr_time,12:55 p.m.,1.0000,baran
1717,sched_arr_time,11:32 a.m.,1.0000,baran
1746,sched_arr_time,11:35 a.m.,1.0000,baran
1794,sched_arr_time,12:55 p.m.,1.0000,baran
1857,sched_arr_time,11:32 a.m.,1.0000,baran
1947,sched_arr_time,12:50 p.m.,1.0000,baran
1960,sched_arr_time,11:32 a.m.,1.0000,baran
2061,sched_arr_time,7:55 p.m.,1.0000,baran
2280,sched_arr_time,11:35 a.m.,1.0000,baran
2334,sched_arr_time,12:50 p.m.,1.0000,baran
2345,sched_arr_time,12:50 p.m.,1.0000,baran
2361,sched_arr_time,12:50 p.m.,1.0000,baran
1397,act_arr_time,11:32 a.m.,1.0000,baran
1490,src,ifly,1.0000,baran
14,src,ifly,1.0000,baran
67,src,ifly,1.0000,baran
103,src,ifly,1.0000,baran
106,src,ifly,1.0000,baran
136,src,ifly,1.0000,baran
198,src,ifly,1.0000,baran
254,src,ifly,1.0000,baran
286,src,ifly,1.0000,baran
321,src,ifly,1.0000,baran
539,src,ifly,1.0000,baran
572,src,ifly,1.0000,baran
665,src,ifly,1.0000,baran
680,src,ifly,1.0000,baran
697,src,ifly,1.0000,baran
797,src,ifly,1.0000,baran
877,src,ifly,1.0000,baran
907,src,ifly,1.0000,baran
972,src,ifly,1.0000,baran
976,src,ifly,1.0000,baran
1155,src,ifly,1.0000,baran
1202,src,ifly,1.0000,baran
1425,src,ifly,1.0000,baran
1570,src,ifly,1.0000,baran
1599,src,ifly,1.0000,baran
1638,src,ifly,1.0000,baran
1807,src,ifly,1.0000,baran
1825,src,ifly,1.0000,baran
1869,src,ifly,1.0000,baran
1886,src,ifly,1.0000,baran
1978,src,ifly,1.0000,baran
2274,src,ifly,1.0000,baran
2340,src,ifly,1.0000,baran
1490,flight,CO-1694-LAX-IAH,1.0000,baran
9,flight,CO-1694-LAX-IAH,1.0000,baran
11,flight,CO-1694-LAX-IAH,1.0000,baran
18,flight,CO-1694-LAX-IAH,1.0000,baran
20,flight,CO-1561-PHX-IAH,1.0000,baran
27,flight,CO-1694-LAX-IAH,1.0000,baran
32,flight,CO-1694-LAX-IAH,1.0000,baran
34,flight,CO-1694-LAX-IAH,1.0000,baran
41,flight,CO-1561-PHX-IAH,1.0000,baran
43,flight,CO-1561-PHX-IAH,1.0000,baran
49,flight,CO-1694-LAX-IAH,1.0000,baran
50,flight,CO-1561-PHX-IAH,1.0000,baran
86,flight,CO-1694-LAX-IAH,1.0000,baran
104,flight,CO-1694-LAX-IAH,1.0000,baran
109,flight,CO-1694-LAX-IAH,1.0000,baran
118,flight,CO-1561-PHX-IAH,1.0000,baran
130,flight,CO-1694-LAX-IAH,1.0000,baran
132,flight,CO-1694-LAX-IAH,1.0000,baran
137,flight,CO-1694-LAX-IAH,1.0000,baran
140,flight,CO-1694-LAX-IAH,1.0000,baran
143,flight,CO-1561-PHX-IAH,1.0000,baran
150,flight,CO-1561-PHX-IAH,1.0000,baran
151,flight,CO-1694-LAX-IAH,1.0000,baran
152,flight,CO-1561-PHX-IAH,1.0000,baran
156,flight,CO-1561-PHX-IAH,1.0000,baran
161,flight,CO-1694-LAX-IAH,1.0000,baran
166,flight,CO-1694-LAX-IAH,1.0000,baran
172,flight,CO-1694-LAX-IAH,1.0000,baran
174,flight,CO-1561-PHX-IAH,1.0000,baran
183,flight,CO-1561-PHX-IAH,1.0000,baran
197,flight,CO-1694-LAX-IAH,1.0000,baran
199,flight,CO-1561-PHX-IAH,1.0000,baran
205,flight,CO-1694-LAX-IAH,1.0000,baran
208,flight,CO-1694-LAX-IAH,1.0000,baran
209,flight,CO-1694-LAX-IAH,1.0000,baran
213,flight,CO-1694-LAX-IAH,1.0000,baran
224,flight,CO-1694-LAX-IAH,1.0000,baran
226,flight,CO-1694-LAX-IAH,1.0000,baran
228,flight,CO-1694-LAX-IAH,1.0000,baran
232,flight,CO-1694-LAX-IAH,1.0000,baran
246,flight,CO-1561-PHX-IAH,1.0000,baran
249,flight,CO-1694-LAX-IAH,1.0000,baran
250,flight,CO-1694-LAX-IAH,1.0000,baran
256,flight,CO-1561-PHX-IAH,1.0000,baran
257,flight,CO-1694-LAX-IAH,1.0000,baran
258,flight,CO-1694-LAX-IAH,1.0000,baran
259,flight,CO-1694-LAX-IAH,1.0000,baran
266,flight,CO-1561-PHX-IAH,1.0000,baran
274,flight,CO-1694-LAX-IAH,1.0000,baran
282,flight,CO-1694-LAX-IAH,1.0000,baran
284,flight,CO-1694-LAX-IAH,1.0000,baran
287,flight,CO-1561-PHX-IAH,1.0000,baran
288,flight,CO-1561-PHX-IAH,1.0000,baran
297,flight,CO-1561-PHX-IAH,1.0000,baran
325,flight,CO-1561-PHX-IAH,1.0000,baran
326,flight,CO-1694-LAX-IAH,1.0000,baran
336,flight,CO-1694-LAX-IAH,1.0000,baran
348,flight,CO-1561-PHX-IAH,1.0000,baran
353,flight,CO-1694-LAX-IAH,1.0000,baran
358,flight,CO-1561-PHX-IAH,1.0000,baran
367,flight,CO-1694-LAX-IAH,1.0000,baran
372,flight,CO-1694-LAX-IAH,1.0000,baran
373,flight,CO-1694-LAX-IAH,1.0000,baran
376,flight,CO-1694-LAX-IAH,1.0000,baran
383,flight,CO-1561-PHX-IAH,1.0000,baran
389,flight,CO-1694-LAX-IAH,1.0000,baran
393,flight,CO-1694-LAX-IAH,1.0000,baran
395,flight,CO-1694-LAX-IAH,1.0000,baran
397,flight,CO-1694-LAX-IAH,1.0000,baran
399,flight,CO-1561-PHX-IAH,1.0000,baran
402,flight,CO-1694-LAX-IAH,1.0000,baran
403,flight,CO-1694-LAX-IAH,1.0000,baran
407,flight,CO-1561-PHX-IAH,1.0000,baran
412,flight,CO-1561-PHX-IAH,1.0000,baran
419,flight,CO-1694-LAX-IAH,1.0000,baran
434,flight,CO-1694-LAX-IAH,1.0000,baran
435,flight,CO-1694-LAX-IAH,1.0000,baran
444,flight,CO-1694-LAX-IAH,1.0000,baran
451,flight,CO-1561-PHX-IAH,1.0000,baran
459,flight,CO-1694-LAX-IAH,1.0000,baran
462,flight,CO-1694-LAX-IAH,1.0000,baran
468,flight,CO-1694-LAX-IAH,1.0000,baran
485,flight,CO-1694-LAX-IAH,1.0000,baran
503,flight,CO-1694-LAX-IAH,1.0000,baran
516,flight,CO-1561-PHX-IAH,1.0000,baran
520,flight,CO-1694-LAX-IAH,1.0000,baran
522,flight,CO-1694-LAX-IAH,1.0000,baran
525,flight,CO-1561-PHX-IAH,1.0000,baran
527,flight,CO-1694-LAX-IAH,1.0000,baran
534,flight,CO-1561-PHX-IAH,1.0000,baran
545,flight,CO-1561-PHX-IAH,1.0000,baran
554,flight,CO-1694-LAX-IAH,1.0000,baran
560,flight,CO-1561-PHX-IAH,1.0000,baran
568,flight,CO-1694-LAX-IAH,1.0000,baran
571,flight,CO-1694-LAX-IAH,1.0000,baran
588,flight,CO-1561-PHX-IAH,1.0000,baran
592,flight,CO-1694-LAX-IAH,1.0000,baran
593,flight,CO-1561-PHX-IAH,1.0000,baran
601,flight,CO-1694-LAX-IAH,1.0000,baran
602,flight,CO-1694-LAX-IAH,1.0000,baran
604,flight,CO-1561-PHX-IAH,1.0000,baran
615,flight,CO-1694-LAX-IAH,1.0000,baran
616,flight,CO-1561-PHX-IAH,1.0000,baran
621,flight,CO-1561-PHX-IAH,1.0000,baran
625,flight,CO-1694-LAX-IAH,1.0000,baran
640,flight,CO-1561-PHX-IAH,1.0000,baran
643,flight,CO-1694-LAX-IAH,1.0000,baran
650,flight,CO-1694-LAX-IAH,1.0000,baran
660,flight,CO-1561-PHX-IAH,1.0000,baran
663,flight,CO-1694-LAX-IAH,1.0000,baran
667,flight,CO-1561-PHX-IAH,1.0000,baran
669,flight,CO-1694-LAX-IAH,1.0000,baran
674,flight,CO-1694-LAX-IAH,1.0000,baran
679,flight,CO-1561-PHX-IAH,1.0000,baran
681,flight,CO-1561-PHX-IAH,1.0000,baran
686,flight,CO-1694-LAX-IAH,1.0000,baran
689,flight,CO-1561-PHX-IAH,1.0000,baran
690,flight,CO-1694-LAX-IAH,1.0000,baran
697,flight,CO-1694-LAX-IAH,1.0000,baran
700,flight,CO-1694-LAX-IAH,1.0000,baran
704,flight,CO-1694-LAX-IAH,1.0000,baran
721,flight,CO-1561-PHX-IAH,1.0000,baran
733,flight,CO-1694-LAX-IAH,1.0000,baran
745,flight,CO-1694-LAX-IAH,1.0000,baran
756,flight,CO-1694-LAX-IAH,1.0000,baran
761,flight,CO-1561-PHX-IAH,1.0000,baran
766,flight,CO-1694-LAX-IAH,1.0000,baran
769,flight,CO-1694-LAX-IAH,1.0000,baran
777,flight,CO-1694-LAX-IAH,1.0000,baran
779,flight,CO-1694-LAX-IAH,1.0000,baran
785,flight,CO-1694-LAX-IAH,1.0000,baran
787,flight,CO-1694-LAX-IAH,1.0000,baran
791,flight,CO-1561-PHX-IAH,1.0000,baran
796,flight,CO-1694-LAX-IAH,1.0000,baran
800,flight,CO-1694-LAX-IAH,1.0000,baran
801,flight,CO-1561-PHX-IAH,1.0000,baran
803,flight,CO-1694-LAX-IAH,1.0000,baran
815,flight,CO-1561-PHX-IAH,1.0000,baran
816,flight,CO-1694-LAX-IAH,1.0000,baran
818,flight,CO-1694-LAX-IAH,1.0000,baran
819,flight,CO-1561-PHX-IAH,1.0000,baran
820,flight,CO-1694-LAX-IAH,1.0000,baran
822,flight,CO-1561-PHX-IAH,1.0000,baran
823,flight,CO-1561-PHX-IAH,1.0000,baran
834,flight,CO-1561-PHX-IAH,1.0000,baran
843,flight,CO-1694-LAX-IAH,1.0000,baran
849,flight,CO-1694-LAX-IAH,1.0000,baran
850,flight,CO-1694-LAX-IAH,1.0000,baran
860,flight,CO-1561-PHX-IAH,1.0000,baran
863,flight,CO-1694-LAX-IAH,1.0000,baran
885,flight,CO-1561-PHX-IAH,1.0000,baran
886,flight,CO-1561-PHX-IAH,1.0000,baran
888,flight,CO-1694-LAX-IAH,1.0000,baran
896,flight,CO-1694-LAX-IAH,1.0000,baran
913,flight,CO-1694-LAX-IAH,1.0000,baran
915,flight,CO-1694-LAX-IAH,1.0000,baran
926,flight,CO-1694-LAX-IAH,1.0000,baran
929,flight,CO-1694-LAX-IAH,1.0000,baran
934,flight,CO-1694-LAX-IAH,1.0000,baran
938,flight,CO-1694-LAX-IAH,1.0000,baran
944,flight,CO-1561-PHX-IAH,1.0000,baran
960,flight,AA-431-MIA-SFO,1.0000,baran
966,flight,CO-1561-PHX-IAH,1.0000,baran
980,flight,CO-1694-LAX-IAH,1.0000,baran
989,flight,CO-1694-LAX-IAH,1.0000,baran
990,flight,CO-1561-PHX-IAH,1.0000,baran
994,flight,CO-1694-LAX-IAH,1.0000,baran
1000,flight,CO-1561-PHX-IAH,1.0000,baran
1010,flight,CO-1694-LAX-IAH,1.0000,baran
1022,flight,CO-1694-LAX-IAH,1.0000,baran
1025,flight,CO-1694-LAX-IAH,1.0000,baran
1031,flight,CO-1561-PHX-IAH,1.0000,baran
1032,flight,CO-1561-PHX-IAH,1.0000,baran
1044,flight,CO-1561-PHX-IAH,1.0000,baran
1045,flight,CO-1561-PHX-IAH,1.0000,baran
1049,flight,CO-1561-PHX-IAH,1.0000,baran
1050,flight,CO-1694-LAX-IAH,1.0000,baran
1052,flight,CO-1694-LAX-IAH,1.0000,baran
1059,flight,CO-1694-LAX-IAH,1.0000,baran
1069,flight,CO-1561-PHX-IAH,1.0000,baran
1070,flight,CO-1561-PHX-IAH,1.0000,baran
1077,flight,CO-1694-LAX-IAH,1.0000,baran
1091,flight,CO-1694-LAX-IAH,1.0000,baran
1093,flight,CO-1694-LAX-IAH,1.0000,baran
1096,flight,CO-1694-LAX-IAH,1.0000,baran
1098,flight,CO-1694-LAX-IAH,1.0000,baran
1099,flight,CO-1561-PHX-IAH,1.0000,baran
1100,flight,CO-1694-LAX-IAH,1.0000,baran
1103,flight,CO-1694-LAX-IAH,1.0000,baran
1113,flight,CO-1561-PHX-IAH,1.0000,baran
1118,flight,CO-1694-LAX-IAH,1.0000,baran
1121,flight,CO-1694-LAX-IAH,1.0000,baran
1122,flight,CO-1694-LAX-IAH,1.0000,baran
1124,flight,CO-1694-LAX-IAH,1.0000,baran
1133,flight,CO-1694-LAX-IAH,1.0000,baran
1134,flight,CO-1561-PHX-IAH,1.0000,baran
1140,flight,CO-1694-LAX-IAH,1.0000,baran
1146,flight,CO-1694-LAX-IAH,1.0000,baran
1156,flight,CO-1694-LAX-IAH,1.0000,baran
1160,flight,CO-1694-LAX-IAH,1.0000,baran
1167,flight,CO-1561-PHX-IAH,1.0000,baran
1171,flight,CO-1694-LAX-IAH,1.0000,baran
1172,flight,CO-1694-LAX-IAH,1.0000,baran
1201,flight,CO-1694-LAX-IAH,1.0000,baran
1203,flight,CO-1694-LAX-IAH,1.0000,baran
1208,flight,CO-1694-LAX-IAH,1.0000,baran
1213,flight,CO-1694-LAX-IAH,1.0000,baran
1229,flight,CO-1694-LAX-IAH,1.0000,baran
1236,flight,CO-1561-PHX-IAH,1.0000,baran
1241,flight,CO-1561-PHX-IAH,1.0000,baran
1243,flight,CO-1561-PHX-IAH,1.0000,baran
1249,flight,CO-1561-PHX-IAH,1.0000,baran
1256,flight,CO-1561-PHX-IAH,1.0000,baran
1263,flight,CO-1694-LAX-IAH,1.0000,baran
1268,flight,CO-1694-LAX-IAH,1.0000,baran
1278,flight,CO-1561-PHX-IAH,1.0000,baran
1285,flight,CO-1694-LAX-IAH,1.0000,baran
1287,flight,CO-1561-PHX-IAH,1.0000,baran
1292,flight,CO-1694-LAX-IAH,1.0000,baran
1295,flight,CO-1694-LAX-IAH,1.0000,baran
1298,flight,CO-1694-LAX-IAH,1.0000,baran
1301,flight,CO-1694-LAX-IAH,1.0000,baran
1302,flight,CO-1561-PHX-IAH,1.0000,baran
1308,flight,CO-1561-PHX-IAH,1.0000,baran
1309,flight,CO-1561-PHX-IAH,1.0000,baran
1310,flight,CO-1561-PHX-IAH,1.0000,baran
1311,flight,CO-1561-PHX-IAH,1.0000,baran
1320,flight,CO-1694-LAX-IAH,1.0000,baran
1323,flight,CO-1694-LAX-IAH,1.0000,baran
1325,flight,AA-431-MIA-SFO,1.0000,baran
1328,flight,CO-1561-PHX-IAH,1.0000,baran
1356,flight,CO-1694-LAX-IAH,1.0000,baran
1358,flight,CO-1694-LAX-IAH,1.0000,baran
1370,flight,CO-1694-LAX-IAH,1.0000,baran
1378,flight,CO-1694-LAX-IAH,1.0000,baran
1385,flight,CO-1694-LAX-IAH,1.0000,baran
1399,flight,CO-1561-PHX-IAH,1.0000,baran
1405,flight,CO-1694-LAX-IAH,1.0000,baran
1407,flight,CO-1694-LAX-IAH,1.0000,baran
1410,flight,CO-1694-LAX-IAH,1.0000,baran
1432,flight,CO-1694-LAX-IAH,1.0000,baran
1435,flight,CO-1694-LAX-IAH,1.0000,baran
1441,flight,CO-1561-PHX-IAH,1.0000,baran
1448,flight,CO-1694-LAX-IAH,1.0000,baran
1451,flight,CO-1561-PHX-IAH,1.0000,baran
1453,flight,CO-1694-LAX-IAH,1.0000,baran
1457,flight,CO-1694-LAX-IAH,1.0000,baran
1459,flight,CO-1694-LAX-IAH,1.0000,baran
1462,flight,CO-1694-LAX-IAH,1.0000,baran
1466,flight,CO-1561-PHX-IAH,1.0000,baran
1470,flight,CO-1561-PHX-IAH,1.0000,baran
1482,flight,CO-1561-PHX-IAH,1.0000,baran
1492,flight,CO-1561-PHX-IAH,1.0000,baran
1498,flight,CO-1694-LAX-IAH,1.0000,baran
1500,flight,CO-1694-LAX-IAH,1.0000,baran
1505,flight,CO-1561-PHX-IAH,1.0000,baran
1511,flight,CO-1694-LAX-IAH,1.0000,baran
1512,flight,CO-1694-LAX-IAH,1.0000,baran
1517,flight,AA-431-MIA-SFO,1.0000,baran
1527,flight,CO-1694-LAX-IAH,1.0000,baran
1534,flight,CO-1561-PHX-IAH,1.0000,baran
1542,flight,CO-1694-LAX-IAH,1.0000,baran
1547,flight,CO-1694-LAX-IAH,1.0000,baran
1565,flight,CO-1694-LAX-IAH,1.0000,baran
1566,flight,CO-1694-LAX-IAH,1.0000,baran
1584,flight,CO-1694-LAX-IAH,1.0000,baran
1590,flight,CO-1694-LAX-IAH,1.0000,baran
1591,flight,CO-1694-LAX-IAH,1.0000,baran
1592,flight,CO-1694-LAX-IAH,1.0000,baran
1595,flight,CO-1694-LAX-IAH,1.0000,baran
1596,flight,CO-1561-PHX-IAH,1.0000,baran
1597,flight,CO-1694-LAX-IAH,1.0000,baran
1599,flight,CO-1694-LAX-IAH,1.0000,baran
1600,flight,CO-1694-LAX-IAH,1.0000,baran
1602,flight,CO-1561-PHX-IAH,1.0000,baran
1604,flight,CO-1694-LAX-IAH,1.0000,baran
1605,flight,CO-1694-LAX-IAH,1.0000,baran
1609,flight,CO-1694-LAX-IAH,1.0000,baran
1613,flight,CO-1694-LAX-IAH,1.0000,baran
1619,flight,CO-1694-LAX-IAH,1.0000,baran
1647,flight,CO-1561-PHX-IAH,1.0000,baran
1653,flight,CO-1694-LAX-IAH,1.0000,baran
1665,flight,AA-431-MIA-SFO,1.0000,baran
1667,flight,CO-1694-LAX-IAH,1.0000,baran
1674,flight,CO-1694-LAX-IAH,1.0000,baran
1678,flight,CO-1561-PHX-IAH,1.0000,baran
1679,flight,CO-1694-LAX-IAH,1.0000,baran
1680,flight,CO-1694-LAX-IAH,1.0000,baran
1682,flight,CO-1694-LAX-IAH,1.0000,baran
1691,flight,CO-1694-LAX-IAH,1.0000,baran
1703,flight,CO-1694-LAX-IAH,1.0000,baran
1714,flight,CO-1694-LAX-IAH,1.0000,baran
1716,flight,CO-1694-LAX-IAH,1.0000,baran
1720,flight,CO-1694-LAX-IAH,1.0000,baran
1726,flight,CO-1694-LAX-IAH,1.0000,baran
1735,flight,CO-1694-LAX-IAH,1.0000,baran
1750,flight,CO-1694-LAX-IAH,1.0000,baran
1764,flight,CO-1694-LAX-IAH,1.0000,baran
1765,flight,CO-1694-LAX-IAH,1.0000,baran
1766,flight,CO-1694-LAX-IAH,1.0000,baran
1771,flight,CO-1694-LAX-IAH,1.0000,baran
1778,flight,CO-1694-LAX-IAH,1.0000,baran
1782,flight,CO-1694-LAX-IAH,1.0000,baran
1788,flight,CO-1694-LAX-IAH,1.0000,baran
1789,flight,CO-1561-PHX-IAH,1.0000,baran
1796,flight,CO-1694-LAX-IAH,1.0000,baran
1805,flight,CO-1561-PHX-IAH,1.0000,baran
1810,flight,CO-1694-LAX-IAH,1.0000,baran
1819,flight,CO-1561-PHX-IAH,1.0000,baran
1829,flight,CO-1694-LAX-IAH,1.0000,baran
1836,flight,CO-1694-LAX-IAH,1.0000,baran
1838,flight,CO-1561-PHX-IAH,1.0000,baran
1841,flight,CO-1561-PHX-IAH,1.0000,baran
1845,flight,CO-1694-LAX-IAH,1.0000,baran
1851,flight,CO-1694-LAX-IAH,1.0000,baran
1855,flight,CO-1561-PHX-IAH,1.0000,baran
1866,flight,CO-1694-LAX-IAH,1.0000,baran
1872,flight,CO-1694-LAX-IAH,1.0000,baran
1874,flight,CO-1694-LAX-IAH,1.0000,baran
1875,flight,CO-1694-LAX-IAH,1.0000,baran
1883,flight,CO-1694-LAX-IAH,1.0000,baran
1885,flight,CO-1561-PHX-IAH,1.0000,baran
1888,flight,CO-1694-LAX-IAH,1.0000,baran
1889,flight,CO-1694-LAX-IAH,1.0000,baran
1895,flight,CO-1694-LAX-IAH,1.0000,baran
1896,flight,CO-1694-LAX-IAH,1.0000,baran
1897,flight,CO-1694-LAX-IAH,1.0000,baran
1898,flight,CO-1694-LAX-IAH,1.0000,baran
1900,flight,CO-1694-LAX-IAH,1.0000,baran
1903,flight,CO-1694-LAX-IAH,1.0000,baran
1904,flight,CO-1694-LAX-IAH,1.0000,baran
1905,flight,CO-1561-PHX-IAH,1.0000,baran
1908,flight,CO-1694-LAX-IAH,1.0000,baran
1916,flight,CO-1694-LAX-IAH,1.0000,baran
1921,flight,CO-1694-LAX-IAH,1.0000,baran
1923,flight,CO-1694-LAX-IAH,1.0000,baran
1930,flight,CO-1694-LAX-IAH,1.0000,baran
1932,flight,CO-1694-LAX-IAH,1.0000,baran
1936,flight,CO-1694-LAX-IAH,1.0000,baran
1941,flight,CO-1694-LAX-IAH,1.0000,baran
1954,flight,CO-1694-LAX-IAH,1.0000,baran
1956,flight,CO-1694-LAX-IAH,1.0000,baran
1966,flight,CO-1694-LAX-IAH,1.0000,baran
1977,flight,CO-1694-LAX-IAH,1.0000,baran
1994,flight,CO-1694-LAX-IAH,1.0000,baran
2002,flight,CO-1561-PHX-IAH,1.0000,baran
2006,flight,CO-1561-PHX-IAH,1.0000,baran
2019,flight,CO-1694-LAX-IAH,1.0000,baran
2023,flight,CO-1561-PHX-IAH,1.0000,baran
2027,flight,CO-1561-PHX-IAH,1.0000,baran
2030,flight,CO-1694-LAX-IAH,1.0000,baran
2034,flight,CO-1694-LAX-IAH,1.0000,baran
2046,flight,CO-1694-LAX-IAH,1.0000,baran
2051,flight,CO-1694-LAX-IAH,1.0000,baran
2066,flight,CO-1694-LAX-IAH,1.0000,baran
2076,flight,CO-1561-PHX-IAH,1.0000,baran
2091,flight,CO-1561-PHX-IAH,1.0000,baran
2092,flight,CO-1694-LAX-IAH,1.0000,baran
2094,flight,CO-1694-LAX-IAH,1.0000,baran
2101,flight,CO-1694-LAX-IAH,1.0000,baran
2111,flight,CO-1561-PHX-IAH,1.0000,baran
2112,flight,CO-1694-LAX-IAH,1.0000,baran
2115,flight,CO-1694-LAX-IAH,1.0000,baran
2125,flight,CO-1694-LAX-IAH,1.0000,baran
2128,flight,CO-1561-PHX-IAH,1.0000,baran
2133,flight,CO-1694-LAX-IAH,1.0000,baran
2135,flight,CO-1561-PHX-IAH,1.0000,baran
2138,flight,CO-1694-LAX-IAH,1.0000,baran
2145,flight,CO-1694-LAX-IAH,1.0000,baran
2150,flight,CO-1694-LAX-IAH,1.0000,baran
2162,flight,CO-1694-LAX-IAH,1.0000,baran
2169,flight,CO-1694-LAX-IAH,1.0000,baran
2177,flight,CO-1561-PHX-IAH,1.0000,baran
2178,flight,CO-1694-LAX-IAH,1.0000,baran
2181,flight,CO-1561-PHX-IAH,1.0000,baran
2182,flight,CO-1561-PHX-IAH,1.0000,baran
2184,flight,CO-1561-PHX-IAH,1.0000,baran
2191,flight,CO-1694-LAX-IAH,1.0000,baran
2198,flight,CO-1694-LAX-IAH,1.0000,baran
2204,flight,CO-1694-LAX-IAH,1.0000,baran
2209,flight,CO-1694-LAX-IAH,1.0000,baran
2211,flight,CO-1694-LAX-IAH,1.0000,baran
2212,flight,CO-1694-LAX-IAH,1.0000,baran
2215,flight,CO-1694-LAX-IAH,1.0000,baran
2220,flight,CO-1561-PHX-IAH,1.0000,baran
2222,flight,CO-1694-LAX-IAH,1.0000,baran
2224,flight,CO-1694-LAX-IAH,1.0000,baran
2226,flight,CO-1561-PHX-IAH,1.0000,baran
2236,flight,CO-1694-LAX-IAH,1.0000,baran
2240,flight,CO-1694-LAX-IAH,1.0000,baran
2258,flight,CO-1694-LAX-IAH,1.0000,baran
2272,flight,CO-1694-LAX-IAH,1.0000,baran
2282,flight,CO-1561-PHX-IAH,1.0000,baran
2286,flight,CO-1694-LAX-IAH,1.0000,baran
2297,flight,CO-1694-LAX-IAH,1.0000,baran
2298,flight,CO-1694-LAX-IAH,1.0000,baran
2303,flight,CO-1694-LAX-IAH,1.0000,baran
2304,flight,CO-1694-LAX-IAH,1.0000,baran
2308,flight,CO-1694-LAX-IAH,1.0000,baran
2316,flight,CO-1561-PHX-IAH,1.0000,baran
2321,flight,CO-1561-PHX-IAH,1.0000,baran
2323,flight,CO-1561-PHX-IAH,1.0000,baran
2345,flight,CO-1694-LAX-IAH,1.0000,baran
2348,flight,CO-1694-LAX-IAH,1.0000,baran
2353,flight,CO-1561-PHX-IAH,1.0000,baran
2356,flight,CO-1694-LAX-IAH,1.0000,baran
2359,flight,CO-1694-LAX-IAH,1.0000,baran
2361,flight,CO-1694-LAX-IAH,1.0000,baran
1490,sched_dep_time,7:15 p.m.,1.0000,baran
1490,act_dep_time,7:15 p.m.,1.0000,baran
42,act_dep_time,7:15 p.m.,1.0000,baran
46,act_dep_time,8:00 a.m.,1.0000,baran
144,act_dep_time,7:15 p.m.,1.0000,baran
288,act_dep_time,7:15 p.m.,1.0000,baran
378,act_dep_time,8:00 a.m.,1.0000,baran
461,act_dep_time,8:00 a.m.,1.0000,baran
483,act_dep_time,8:00 a.m.,1.0000,baran
523,act_dep_time,7:15 p.m.,1.0000,baran
540,act_dep_time,8:00 a.m.,1.0000,baran
745,act_dep_time,8:00 a.m.,1.0000,baran
754,act_dep_time,7:15 p.m.,1.0000,baran
851,act_dep_time,8:00 a.m.,1.0000,baran
875,act_dep_time,8:00 a.m.,1.0000,baran
933,act_dep_time,7:15 p.m.,1.0000,baran
938,act_dep_time,8:00 a.m.,1.0000,baran
954,act_dep_time,7:15 p.m.,1.0000,baran
1003,act_dep_time,7:15 p.m.,1.0000,baran
1070,act_dep_time,8:00 a.m.,1.0000,baran
1101,act_dep_time,7:15 p.m.,1.0000,baran
1126,act_dep_time,8:00 a.m.,1.0000,baran
1146,act_dep_time,8:00 a.m.,1.0000,baran
1151,act_dep_time,7:15 p.m.,1.0000,baran
1235,act_dep_time,7:15 p.m.,1.0000,baran
1240,act_dep_time,8:00 a.m.,1.0000,baran
1350,act_dep_time,7:15 p.m.,1.0000,baran
1355,act_dep_time,8:00 a.m.,1.0000,baran
1410,act_dep_time,7:15 p.m.,1.0000,baran
1449,act_dep_time,8:00 a.m.,1.0000,baran
1451,act_dep_time,7:15 p.m.,1.0000,baran
1563,act_dep_time,7:15 p.m.,1.0000,baran
1574,act_dep_time,7:15 p.m.,1.0000,baran
1613,act_dep_time,7:15 p.m.,1.0000,baran
1673,act_dep_time,8:00 a.m.,1.0000,baran
1677,act_dep_time,8:00 a.m.,1.0000,baran
1687,act_dep_time,7:15 p.m.,1.0000,baran
1732,act_dep_time,7:15 p.m.,1.0000,baran
1829,act_dep_time,7:15 p.m.,1.0000,baran
1842,act_dep_time,8:00 a.m.,1.0000,baran
1854,act_dep_time,8:00 a.m.,1.0000,baran
1990,act_dep_time,8:00 a.m.,1.0000,baran
2184,act_dep_time,8:00 a.m.,1.0000,baran
2204,act_dep_time,7:15 p.m.,1.0000,baran
2254,act_dep_time,8:00 a.m.,1.0000,baran
2305,act_dep_time,7:15 p.m.,1.0000,baran
2315,act_dep_time,8:00 a.m.,1.0000,baran
1490,sched_arr_time,12:21 a.m.,1.0000,baran
56,sched_arr_time,7:15 p.m.,1.0000,baran
68,sched_arr_time,12:21 a.m.,1.0000,baran
300,sched_arr_time,12:21 a.m.,1.0000,baran
564,sched_arr_time,12:21 a.m.,1.0000,baran
573,sched_arr_time,7:15 p.m.,1.0000,baran
723,sched_arr_time,12:21 a.m.,1.0000,baran
874,sched_arr_time,7:15 p.m.,1.0000,baran
915,sched_arr_time,7:15 p.m.,1.0000,baran
1182,sched_arr_time,7:15 p.m.,1.0000,baran
1248,sched_arr_time,7:15 p.m.,1.0000,baran
1272,sched_arr_time,7:15 p.m.,1.0000,baran
1482,sched_arr_time,7:15 p.m.,1.0000,baran
1591,sched_arr_time,12:21 a.m.,1.0000,baran
1653,sched_arr_time,7:15 p.m.,1.0000,baran
1908,sched_arr_time,7:15 p.m.,1.0000,baran
2130,sched_arr_time,12:21 a.m.,1.0000,baran
2199,sched_arr_time,7:15 p.m.,1.0000,baran
2240,sched_arr_time,7:15 p.m.,1.0000,baran
2300,sched_arr_time,12:21 a.m.,1.0000,baran
1490,act_arr_time,12:21 a.m.,1.0000,baran
7,act_arr_time,12:21 a.m.,1.0000,baran
103,act_arr_time,12:21 a.m.,1.0000,baran
218,act_arr_time,11:32 a.m.,1.0000,baran
295,act_arr_time,11:32 a.m.,1.0000,baran
697,act_arr_time,12:21 a.m.,1.0000,baran
847,act_arr_time,11:32 a.m.,1.0000,baran
906,act_arr_time,12:21 a.m.,1.0000,baran
1380,act_arr_time,11:32 a.m.,1.0000,baran
1858,act_arr_time,12:21 a.m.,1.0000,baran
1941,act_arr_time,11:32 a.m.,1.0000,baran
1988,act_arr_time,12:21 a.m.,1.0000,baran
2158,act_arr_time,12:21 a.m.,1.0000,baran
2347,act_arr_time,11:32 a.m.,1.0000,baran
2348,act_arr_time,12:21 a.m.,1.0000,baran
354,src,flightarrival,1.0000,baran
66,src,flightarrival,1.0000,baran
109,src,flightarrival,1.0000,baran
123,src,flightarrival,1.0000,baran
154,src,flightarrival,1.0000,baran
228,src,flightarrival,1.0000,baran
240,src,flightarrival,1.0000,baran
356,src,flightarrival,1.0000,baran
564,src,flightarrival,1.0000,baran
593,src,flightarrival,1.0000,baran
594,src,flightarrival,1.0000,baran
597,src,flightarrival,1.0000,baran
668,src,flightarrival,1.0000,baran
705,src,flightarrival,1.0000,baran
769,src,flightarrival,1.0000,baran
889,src,flightarrival,1.0000,baran
974,src,flightarrival,1.0000,baran
1072,src,flightarrival,1.0000,baran
1096,src,flightarrival,1.0000,baran
1108,src,flightarrival,1.0000,baran
1298,src,flightarrival,1.0000,baran
1318,src,flightarrival,1.0000,baran
1332,src,flightarrival,1.0000,baran
1358,src,flightarrival,1.0000,baran
1424,src,flightarrival,1.0000,baran
1427,src,flightarrival,1.0000,baran
1469,src,flightarrival,1.0000,baran
1492,src,flightarrival,1.0000,baran
1529,src,flightarrival,1.0000,baran
1538,src,flightarrival,1.0000,baran
1540,src,flightarrival,1.0000,baran
1563,src,flightarrival,1.0000,baran
1604,src,flightarrival,1.0000,baran
1634,src,flightarrival,1.0000,baran
1641,src,flightarrival,1.0000,baran
1682,src,flightarrival,1.0000,baran
1699,src,flightarrival,1.0000,baran
1738,src,flightarrival,1.0000,baran
1742,src,flightarrival,1.0000,baran
1752,src,flightarrival,1.0000,baran
1765,src,flightarrival,1.0000,baran
1781,src,flightarrival,1.0000,baran
1811,src,flightarrival,1.0000,baran
1835,src,flightarrival,1.0000,baran
1867,src,flightarrival,1.0000,baran
1945,src,flightarrival,1.0000,baran
2032,src,flightarrival,1.0000,baran
2072,src,flightarrival,1.0000,baran
2074,src,flightarrival,1.0000,baran
2094,src,flightarrival,1.0000,baran
2101,src,flightarrival,1.0000,baran
2107,src,flightarrival,1.0000,baran
2152,src,flightarrival,1.0000,baran
2248,src,flightarrival,1.0000,baran
2259,src,flightarrival,1.0000,baran
2293,src,flightarrival,1.0000,baran
354,sched_dep_time,7:10 a.m.,1.0000,baran
7,sched_dep_time,7:15 p.m.,1.0000,baran
35,sched_dep_time,12:21 a.m.,1.0000,baran
51,sched_dep_time,7:15 p.m.,1.0000,baran
67,sched_dep_time,7:31 a.m.,1.0000,baran
95,sched_dep_time,12:21 a.m.,1.0000,baran
167,sched_dep_time,7:10 a.m.,1.0000,baran
208,sched_dep_time,12:21 a.m.,1.0000,baran
215,sched_dep_time,7:10 a.m.,1.0000,baran
216,sched_dep_time,7:10 a.m.,1.0000,baran
253,sched_dep_time,12:21 a.m.,1.0000,baran
304,sched_dep_time,7:10 a.m.,1.0000,baran
496,sched_dep_time,7:10 a.m.,1.0000,baran
497,sched_dep_time,7:31 a.m.,1.0000,baran
514,sched_dep_time,7:10 a.m.,1.0000,baran
601,sched_dep_time,3:30 p.m.,1.0000,baran
623,sched_dep_time,12:21 a.m.,1.0000,baran
672,sched_dep_time,12:21 a.m.,1.0000,baran
797,sched_dep_time,3:30 p.m.,1.0000,baran
817,sched_dep_time,7:10 a.m.,1.0000,baran
822,sched_dep_time,7:31 a.m.,1.0000,baran
837,sched_dep_time,12:21 a.m.,1.0000,baran
921,sched_dep_time,7:10 a.m.,1.0000,baran
928,sched_dep_time,7:10 a.m.,1.0000,baran
1022,sched_dep_time,7:10 a.m.,1.0000,baran
1043,sched_dep_time,7:10 a.m.,1.0000,baran
1060,sched_dep_time,12:21 a.m.,1.0000,baran
1124,sched_dep_time,7:10 a.m.,1.0000,baran
1152,sched_dep_time,7:15 p.m.,1.0000,baran
1184,sched_dep_time,12:21 a.m.,1.0000,baran
1188,sched_dep_time,7:10 a.m.,1.0000,baran
1223,sched_dep_time,7:10 a.m.,1.0000,baran
1237,sched_dep_time,12:21 a.m.,1.0000,baran
1264,sched_dep_time,3:30 p.m.,1.0000,baran
1358,sched_dep_time,7:10 a.m.,1.0000,baran
1364,sched_dep_time,7:10 a.m.,1.0000,baran
1377,sched_dep_time,7:10 a.m.,1.0000,baran
1503,sched_dep_time,7:31 a.m.,1.0000,baran
1511,sched_dep_time,3:30 p.m.,1.0000,baran
1528,sched_dep_time,7:10 a.m.,1.0000,baran
1576,sched_dep_time,7:10 a.m.,1.0000,baran
1591,sched_dep_time,7:10 a.m.,1.0000,baran
1645,sched_dep_time,7:10 a.m.,1.0000,baran
1762,sched_dep_time,7:10 a.m.,1.0000,baran
1777,sched_dep_time,12:21 a.m.,1.0000,baran
1803,sched_dep_time,7:10 a.m.,1.0000,baran
1858,sched_dep_time,12:21 a.m.,1.0000,baran
1871,sched_dep_time,7:31 a.m.,1.0000,baran
1976,sched_dep_time,7:10 a.m.,1.0000,baran
1978,sched_dep_time,7:10 a.m.,1.0000,baran
1996,sched_dep_time,7:10 a.m.,1.0000,baran
2008,sched_dep_time,7:15 p.m.,1.0000,baran
2110,sched_dep_time,12:21 a.m.,1.0000,baran
2153,sched_dep_time,7:10 a.m.,1.0000,baran
2320,sched_dep_time,12:21 a.m.,1.0000,baran
2321,sched_dep_time,7:31 a.m.,1.0000,baran
2360,sched_dep_time,7:31 a.m.,1.0000,baran
354,act_dep_time,7:31 a.m.,1.0000,baran
44,act_dep_time,7:31 a.m.,1.0000,baran
217,act_dep_time,7:31 a.m.,1.0000,baran
338,act_dep_time,7:31 a.m.,1.0000,baran
1068,act_dep_time,7:31 a.m.,1.0000,baran
1228,act_dep_time,7:31 a.m.,1.0000,baran
1578,act_dep_time,7:31 a.m.,1.0000,baran
1618,act_dep_time,7:31 a.m.,1.0000,baran
1807,act_dep_time,7:31 a.m.,1.0000,baran
1931,act_dep_time,7:31 a.m.,1.0000,baran
354,sched_arr_time,3:30 p.m.,1.0000,baran
74,sched_arr_time,3:30 p.m.,1.0000,baran
192,sched_arr_time,3:30 p.m.,1.0000,baran
256,sched_arr_time,3:30 p.m.,1.0000,baran
299,sched_arr_time,3:30 p.m.,1.0000,baran
365,sched_arr_time,3:30 p.m.,1.0000,baran
467,sched_arr_time,3:30 p.m.,1.0000,baran
900,sched_arr_time,3:30 p.m.,1.0000,baran
911,sched_arr_time,3:30 p.m.,1.0000,baran
943,sched_arr_time,3:30 p.m.,1.0000,baran
1131,sched_arr_time,3:30 p.m.,1.0000,baran
1256,sched_arr_time,3:30 p.m.,1.0000,baran
1287,sched_arr_time,3:30 p.m.,1.0000,baran
1428,sched_arr_time,3:30 p.m.,1.0000,baran
1524,sched_arr_time,3:30 p.m.,1.0000,baran
1661,sched_arr_time,3:30 p.m.,1.0000,baran
1851,sched_arr_time,3:30 p.m.,1.0000,baran
1873,sched_arr_time,3:30 p.m.,1.0000,baran
1884,sched_arr_time,3:30 p.m.,1.0000,baran
1991,sched_arr_time,3:30 p.m.,1.0000,baran
2047,sched_arr_time,3:30 p.m.,1.0000,baran
2057,sched_arr_time,3:30 p.m.,1.0000,baran
2189,sched_arr_time,3:30 p.m.,1.0000,baran
354,act_arr_time,3:14 p.m.,1.0000,baran
115,src,helloflight,1.0000,baran
37,src,helloflight,1.0000,baran
190,src,helloflight,1.0000,baran
245,src,helloflight,1.0000,baran
388,src,helloflight,1.0000,baran
472,src,helloflight,1.0000,baran
527,src,helloflight,1.0000,baran
687,src,helloflight,1.0000,baran
711,src,helloflight,1.0000,baran
874,src,helloflight,1.0000,baran
902,src,helloflight,1.0000,baran
1000,src,helloflight,1.0000,baran
1001,src,helloflight,1.0000,baran
1004,src,helloflight,1.0000,baran
1008,src,helloflight,1.0000,baran
1048,src,helloflight,1.0000,baran
1179,src,helloflight,1.0000,baran
1208,src,helloflight,1.0000,baran
1211,src,helloflight,1.0000,baran
1284,src,helloflight,1.0000,baran
1359,src,helloflight,1.0000,baran
1404,src,helloflight,1.0000,baran
1460,src,helloflight,1.0000,baran
1601,src,helloflight,1.0000,baran
1760,src,helloflight,1.0000,baran
1951,src,helloflight,1.0000,baran
2016,src,helloflight,1.0000,baran
2045,src,helloflight,1.0000,baran
2086,src,helloflight,1.0000,baran
2121,src,helloflight,1.0000,baran
2123,src,helloflight,1.0000,baran
2163,src,helloflight,1.0000,baran
2258,src,helloflight,1.0000,baran
2291,src,helloflight,1.0000,baran
115,sched_dep_time,7:15 a.m.,1.0000,baran
19,sched_dep_time,7:15 a.m.,1.0000,baran
29,sched_dep_time,7:15 a.m.,1.0000,baran
128,sched_dep_time,7:15 a.m.,1.0000,baran
142,sched_dep_time,7:15 a.m.,1.0000,baran
192,sched_dep_time,7:15 a.m.,1.0000,baran
212,sched_dep_time,10:36 a.m.,1.0000,baran
269,sched_dep_time,7:15 a.m.,1.0000,baran
273,sched_dep_time,7:15 a.m.,1.0000,baran
282,sched_dep_time,10:36 a.m.,1.0000,baran
284,sched_dep_time,7:15 a.m.,1.0000,baran
356,sched_dep_time,7:15 a.m.,1.0000,baran
419,sched_dep_time,7:15 a.m.,1.0000,baran
456,sched_dep_time,7:15 a.m.,1.0000,baran
518,sched_dep_time,7:15 a.m.,1.0000,baran
540,sched_dep_time,7:15 a.m.,1.0000,baran
577,sched_dep_time,7:15 a.m.,1.0000,baran
580,sched_dep_time,7:15 a.m.,1.0000,baran
590,sched_dep_time,7:15 a.m.,1.0000,baran
608,sched_dep_time,10:36 a.m.,1.0000,baran
846,sched_dep_time,7:15 a.m.,1.0000,baran
866,sched_dep_time,7:15 a.m.,1.0000,baran
936,sched_dep_time,7:15 a.m.,1.0000,baran
1004,sched_dep_time,7:15 a.m.,1.0000,baran
1029,sched_dep_time,10:36 a.m.,1.0000,baran
1108,sched_dep_time,7:15 a.m.,1.0000,baran
1280,sched_dep_time,7:15 a.m.,1.0000,baran
1304,sched_dep_time,10:36 a.m.,1.0000,baran
1311,sched_dep_time,7:15 a.m.,1.0000,baran
1337,sched_dep_time,7:15 a.m.,1.0000,baran
1386,sched_dep_time,7:15 a.m.,1.0000,baran
1393,sched_dep_time,7:15 a.m.,1.0000,baran
1413,sched_dep_time,7:15 a.m.,1.0000,baran
1451,sched_dep_time,7:15 a.m.,1.0000,baran
1466,sched_dep_time,7:15 a.m.,1.0000,baran
1488,sched_dep_time,7:15 a.m.,1.0000,baran
1533,sched_dep_time,7:15 a.m.,1.0000,baran
1539,sched_dep_time,7:15 a.m.,1.0000,baran
1540,sched_dep_time,10:36 a.m.,1.0000,baran
1627,sched_dep_time,7:15 a.m.,1.0000,baran
1628,sched_dep_time,7:15 a.m.,1.0000,baran
1785,sched_dep_time,7:15 a.m.,1.0000,baran
1796,sched_dep_time,7:15 a.m.,1.0000,baran
1943,sched_dep_time,7:15 a.m.,1.0000,baran
1956,sched_dep_time,7:15 a.m.,1.0000,baran
1958,sched_dep_time,7:15 a.m.,1.0000,baran
2006,sched_dep_time,7:15 a.m.,1.0000,baran
2025,sched_dep_time,7:15 a.m.,1.0000,baran
2046,sched_dep_time,7:15 a.m.,1.0000,baran
2049,sched_dep_time,7:15 a.m.,1.0000,baran
2066,sched_dep_time,7:15 a.m.,1.0000,baran
2108,sched_dep_time,7:15 a.m.,1.0000,baran
2142,sched_dep_time,7:15 a.m.,1.0000,baran
2209,sched_dep_time,10:36 a.m.,1.0000,baran
2248,sched_dep_time,10:36 a.m.,1.0000,baran
2257,sched_dep_time,7:15 a.m.,1.0000,baran
2306,sched_dep_time,7:15 a.m.,1.0000,baran
2310,sched_dep_time,7:15 a.m.,1.0000,baran
2323,sched_dep_time,10:36 a.m.,1.0000,baran
2338,sched_dep_time,7:15 a.m.,1.0000,baran
2354,sched_dep_time,7:15 a.m.,1.0000,baran
2358,sched_dep_time,7:15 a.m.,1.0000,baran
115,act_dep_time,7:21 a.m.,1.0000,baran
45,act_dep_time,7:21 a.m.,1.0000,baran
276,act_dep_time,7:21 a.m.,1.0000,baran
766,act_dep_time,7:21 a.m.,1.0000,baran
819,act_dep_time,7:21 a.m.,1.0000,baran
1754,act_dep_time,7:21 a.m.,1.0000,baran
2065,act_dep_time,7:21 a.m.,1.0000,baran
2084,act_dep_time,7:21 a.m.,1.0000,baran
115,sched_arr_time,10:35 a.m.,1.0000,baran
189,sched_arr_time,10:36 a.m.,1.0000,baran
226,sched_arr_time,10:36 a.m.,1.0000,baran
241,sched_arr_time,10:35 a.m.,1.0000,baran
245,sched_arr_time,10:35 a.m.,1.0000,baran
258,sched_arr_time,10:36 a.m.,1.0000,baran
279,sched_arr_time,10:36 a.m.,1.0000,baran
367,sched_arr_time,10:35 a.m.,1.0000,baran
415,sched_arr_time,10:35 a.m.,1.0000,baran
532,sched_arr_time,10:36 a.m.,1.0000,baran
545,sched_arr_time,10:35 a.m.,1.0000,baran
577,sched_arr_time,10:36 a.m.,1.0000,baran
646,sched_arr_time,10:36 a.m.,1.0000,baran
655,sched_arr_time,10:36 a.m.,1.0000,baran
658,sched_arr_time,10:36 a.m.,1.0000,baran
762,sched_arr_time,10:36 a.m.,1.0000,baran
764,sched_arr_time,10:35 a.m.,1.0000,baran
793,sched_arr_time,10:35 a.m.,1.0000,baran
901,sched_arr_time,10:36 a.m.,1.0000,baran
917,sched_arr_time,10:35 a.m.,1.0000,baran
1060,sched_arr_time,10:36 a.m.,1.0000,baran
1117,sched_arr_time,10:35 a.m.,1.0000,baran
1150,sched_arr_time,10:36 a.m.,1.0000,baran
1188,sched_arr_time,10:35 a.m.,1.0000,baran
1236,sched_arr_time,10:36 a.m.,1.0000,baran
1335,sched_arr_time,10:36 a.m.,1.0000,baran
1351,sched_arr_time,10:36 a.m.,1.0000,baran
1352,sched_arr_time,10:35 a.m.,1.0000,baran
1395,sched_arr_time,10:35 a.m.,1.0000,baran
1465,sched_arr_time,10:36 a.m.,1.0000,baran
1508,sched_arr_time,10:36 a.m.,1.0000,baran
1642,sched_arr_time,10:36 a.m.,1.0000,baran
1676,sched_arr_time,10:35 a.m.,1.0000,baran
1752,sched_arr_time,10:36 a.m.,1.0000,baran
1760,sched_arr_time,10:36 a.m.,1.0000,baran
1829,sched_arr_time,10:36 a.m.,1.0000,baran
1835,sched_arr_time,10:35 a.m.,1.0000,baran
1870,sched_arr_time,10:35 a.m.,1.0000,baran
1881,sched_arr_time,10:35 a.m.,1.0000,baran
1936,sched_arr_time,10:35 a.m.,1.0000,baran
1971,sched_arr_time,10:35 a.m.,1.0000,baran
1975,sched_arr_time,10:36 a.m.,1.0000,baran
2169,sched_arr_time,10:36 a.m.,1.0000,baran
2194,sched_arr_time,10:35 a.m.,1.0000,baran
2308,sched_arr_time,10:35 a.m.,1.0000,baran
115,act_arr_time,10:36 a.m.,1.0000,baran
270,act_arr_time,3:14 p.m.,1.0000,baran
369,act_arr_time,3:14 p.m.,1.0000,baran
396,act_arr_time,10:36 a.m.,1.0000,baran
423,act_arr_time,3:14 p.m.,1.0000,baran
476,act_arr_time,10:36 a.m.,1.0000,baran
528,act_arr_time,3:14 p.m.,1.0000,baran
674,act_arr_time,3:14 p.m.,1.0000,baran
808,act_arr_time,3:14 p.m.,1.0000,baran
996,act_arr_time,3:14 p.m.,1.0000,baran
1047,act_arr_time,3:14 p.m.,1.0000,baran
1067,act_arr_time,3:14 p.m.,1.0000,baran
1329,act_arr_time,3:14 p.m.,1.0000,baran
1416,act_arr_time,10:36 a.m.,1.0000,baran
1470,act_arr_time,3:14 p.m.,1.0000,baran
1486,act_arr_time,3:14 p.m.,1.0000,baran
1517,act_arr_time,3:14 p.m.,1.0000,baran
1543,act_arr_time,3:14 p.m.,1.0000,baran
1554,act_arr_time,3:14 p.m.,1.0000,baran
1558,act_arr_time,10:36 a.m.,1.0000,baran
1748,act_arr_time,10:36 a.m.,1.0000,baran
1877,act_arr_time,3:14 p.m.,1.0000,baran
2008,act_arr_time,3:14 p.m.,1.0000,baran
2022,act_arr_time,3:14 p.m.,1.0000,baran
2160,act_arr_time,3:14 p.m.,1.0000,baran
2200,act_arr_time,3:14 p.m.,1.0000,baran
2278,act_arr_time,10:36 a.m.,1.0000,baran
2319,act_arr_time,3:14 p.m.,1.0000,baran
2322,act_arr_time,3:14 p.m.,1.0000,baran
2339,act_arr_time,3:14 p.m.,1.0000,baran
2368,act_arr_time,3:14 p.m.,1.0000,baran
1979,src,airtravelcenter,1.0000,baran
1979,sched_dep_time,11:55 a.m.,1.0000,baran
31,sched_dep_time,11:55 a.m.,1.0000,baran
47,sched_dep_time,11:55 a.m.,1.0000,baran
201,sched_dep_time,11:55 a.m.,1.0000,baran
255,sched_dep_time,11:55 a.m.,1.0000,baran
313,sched_dep_time,11:55 a.m.,1.0000,baran
348,sched_dep_time,11:55 a.m.,1.0000,baran
350,sched_dep_time,11:55 a.m.,1.0000,baran
368,sched_dep_time,11:55 a.m.,1.0000,baran
427,sched_dep_time,11:55 a.m.,1.0000,baran
483,sched_dep_time,11:55 a.m.,1.0000,baran
670,sched_dep_time,11:55 a.m.,1.0000,baran
681,sched_dep_time,11:55 a.m.,1.0000,baran
711,sched_dep_time,11:55 a.m.,1.0000,baran
827,sched_dep_time,11:55 a.m.,1.0000,baran
896,sched_dep_time,11:55 a.m.,1.0000,baran
934,sched_dep_time,11:55 a.m.,1.0000,baran
994,sched_dep_time,11:55 a.m.,1.0000,baran
1031,sched_dep_time,11:55 a.m.,1.0000,baran
1149,sched_dep_time,11:55 a.m.,1.0000,baran
1164,sched_dep_time,11:55 a.m.,1.0000,baran
1198,sched_dep_time,11:55 a.m.,1.0000,baran
1309,sched_dep_time,11:55 a.m.,1.0000,baran
1361,sched_dep_time,11:55 a.m.,1.0000,baran
1398,sched_dep_time,11:55 a.m.,1.0000,baran
1400,sched_dep_time,11:55 a.m.,1.0000,baran
1512,sched_dep_time,11:55 a.m.,1.0000,baran
1513,sched_dep_time,11:55 a.m.,1.0000,baran
1564,sched_dep_time,11:55 a.m.,1.0000,baran
1585,sched_dep_time,11:55 a.m.,1.0000,baran
1612,sched_dep_time,11:55 a.m.,1.0000,baran
1804,sched_dep_time,11:55 a.m.,1.0000,baran
1820,sched_dep_time,11:55 a.m.,1.0000,baran
2097,sched_dep_time,11:55 a.m.,1.0000,baran
2165,sched_dep_time,11:55 a.m.,1.0000,baran
2250,sched_dep_time,11:55 a.m.,1.0000,baran
2269,sched_dep_time,11:55 a.m.,1.0000,baran
2308,sched_dep_time,11:55 a.m.,1.0000,baran
2322,sched_dep_time,11:55 a.m.,1.0000,baran
1979,act_dep_time,11:55 a.m.,1.0000,baran
150,act_dep_time,11:55 a.m.,1.0000,baran
259,act_dep_time,11:55 a.m.,1.0000,baran
303,act_dep_time,11:55 a.m.,1.0000,baran
304,act_dep_time,11:55 a.m.,1.0000,baran
409,act_dep_time,11:55 a.m.,1.0000,baran
537,act_dep_time,11:55 a.m.,1.0000,baran
623,act_dep_time,11:55 a.m.,1.0000,baran
800,act_dep_time,11:55 a.m.,1.0000,baran
958,act_dep_time,11:55 a.m.,1.0000,baran
1091,act_dep_time,11:55 a.m.,1.0000,baran
1175,act_dep_time,11:55 a.m.,1.0000,baran
1212,act_dep_time,11:55 a.m.,1.0000,baran
1282,act_dep_time,11:55 a.m.,1.0000,baran
1318,act_dep_time,11:55 a.m.,1.0000,baran
1347,act_dep_time,11:55 a.m.,1.0000,baran
1372,act_dep_time,11:55 a.m.,1.0000,baran
1516,act_dep_time,11:55 a.m.,1.0000,baran
1663,act_dep_time,11:55 a.m.,1.0000,baran
1690,act_dep_time,11:55 a.m.,1.0000,baran
1875,act_dep_time,11:55 a.m.,1.0000,baran
1944,act_dep_time,11:55 a.m.,1.0000,baran
2010,act_dep_time,11:55 a.m.,1.0000,baran
2097,act_dep_time,11:55 a.m.,1.0000,baran
2154,act_dep_time,11:55 a.m.,1.0000,baran
2304,act_dep_time,11:55 a.m.,1.0000,baran
2328,act_dep_time,11:55 a.m.,1.0000,baran
2337,act_dep_time,11:55 a.m.,1.0000,baran
1979,sched_arr_time,6:17 p.m.,1.0000,baran
264,sched_arr_time,5:38 p.m.,1.0000,baran
319,sched_arr_time,6:17 p.m.,1.0000,baran
383,sched_arr_time,5:38 p.m.,1.0000,baran
386,sched_arr_time,5:38 p.m.,1.0000,baran
446,sched_arr_time,6:17 p.m.,1.0000,baran
530,sched_arr_time,6:17 p.m.,1.0000,baran
611,sched_arr_time,5:38 p.m.,1.0000,baran
635,sched_arr_time,5:38 p.m.,1.0000,baran
665,sched_arr_time,6:17 p.m.,1.0000,baran
674,sched_arr_time,5:38 p.m.,1.0000,baran
879,sched_arr_time,5:38 p.m.,1.0000,baran
1282,sched_arr_time,5:38 p.m.,1.0000,baran
1496,sched_arr_time,6:17 p.m.,1.0000,baran
1606,sched_arr_time,6:17 p.m.,1.0000,baran
1795,sched_arr_time,5:38 p.m.,1.0000,baran
1885,sched_arr_time,5:38 p.m.,1.0000,baran
2247,sched_arr_time,5:38 p.m.,1.0000,baran
2255,sched_arr_time,5:38 p.m.,1.0000,baran
1979,act_arr_time,5:38 p.m.,1.0000,baran
1494,src,quicktrip,1.0000,baran
1494,sched_dep_time,7:15 p.m.,1.0000,baran
742,sched_dep_time,7:15 p.m.,1.0000,baran
858,sched_dep_time,7:15 p.m.,1.0000,baran
2309,sched_dep_time,7:15 p.m.,1.0000,baran
1494,act_dep_time,7:15 p.m.,1.0000,baran
1384,act_dep_time,7:15 p.m.,1.0000,baran
1494,sched_arr_time,12:21 a.m.,1.0000,baran
210,sched_arr_time,12:21 a.m.,1.0000,baran
243,sched_arr_time,12:21 a.m.,1.0000,baran
394,sched_arr_time,12:21 a.m.,1.0000,baran
441,sched_arr_time,12:21 a.m.,1.0000,baran
639,sched_arr_time,12:21 a.m.,1.0000,baran
691,sched_arr_time,12:21 a.m.,1.0000,baran
752,sched_arr_time,12:21 a.m.,1.0000,baran
766,sched_arr_time,12:21 a.m.,1.0000,baran
1141,sched_arr_time,12:21 a.m.,1.0000,baran
1469,sched_arr_time,12:21 a.m.,1.0000,baran
1586,sched_arr_time,12:21 a.m.,1.0000,baran
1608,sched_arr_time,12:21 a.m.,1.0000,baran
1837,sched_arr_time,12:21 a.m.,1.0000,baran
1985,sched_arr_time,12:21 a.m.,1.0000,baran
2167,sched_arr_time,12:21 a.m.,1.0000,baran
2207,sched_arr_time,12:21 a.m.,1.0000,baran
2260,sched_arr_time,12:21 a.m.,1.0000,baran
2264,sched_arr_time,12:21 a.m.,1.0000,baran
1494,act_arr_time,12:21 a.m.,1.0000,baran
998,src,businesstravellogue,1.0000,baran
998,sched_dep_time,11:45 a.m.,1.0000,baran
272,sched_dep_time,11:45 a.m.,1.0000,baran
383,sched_dep_time,2:10 p.m.,1.0000,baran
597,sched_dep_time,11:45 a.m.,1.0000,baran
751,sched_dep_time,2:10 p.m.,1.0000,baran
897,sched_dep_time,11:45 a.m.,1.0000,baran
997,sched_dep_time,11:45 a.m.,1.0000,baran
1030,sched_dep_time,11:45 a.m.,1.0000,baran
1126,sched_dep_time,11:45 a.m.,1.0000,baran
1233,sched_dep_time,2:10 p.m.,1.0000,baran
1257,sched_dep_time,11:45 a.m.,1.0000,baran
1347,sched_dep_time,2:10 p.m.,1.0000,baran
1375,sched_dep_time,11:45 a.m.,1.0000,baran
1380,sched_dep_time,11:45 a.m.,1.0000,baran
1424,sched_dep_time,2:10 p.m.,1.0000,baran
1457,sched_dep_time,2:10 p.m.,1.0000,baran
1464,sched_dep_time,11:45 a.m.,1.0000,baran
1519,sched_dep_time,2:10 p.m.,1.0000,baran
1568,sched_dep_time,11:45 a.m.,1.0000,baran
1741,sched_dep_time,11:45 a.m.,1.0000,baran
1810,sched_dep_time,2:10 p.m.,1.0000,baran
1919,sched_dep_time,11:45 a.m.,1.0000,baran
2149,sched_dep_time,2:10 p.m.,1.0000,baran
2190,sched_dep_time,2:10 p.m.,1.0000,baran
2332,sched_dep_time,2:10 p.m.,1.0000,baran
998,act_dep_time,12:13 p.m.,1.0000,baran
452,act_dep_time,12:13 p.m.,1.0000,baran
886,act_dep_time,12:13 p.m.,1.0000,baran
1508,act_dep_time,12:13 p.m.,1.0000,baran
1532,act_dep_time,12:13 p.m.,1.0000,baran
2282,act_dep_time,12:13 p.m.,1.0000,baran
998,sched_arr_time,2:00 p.m.,1.0000,baran
998,act_arr_time,2:10 p.m.,1.0000,baran
713,src,airtravelcenter,1.0000,baran
713,sched_dep_time,6:00 a.m.,1.0000,baran
578,sched_dep_time,6:00 a.m.,1.0000,baran
616,sched_dep_time,6:00 a.m.,1.0000,baran
660,sched_dep_time,6:00 a.m.,1.0000,baran
865,sched_dep_time,6:00 a.m.,1.0000,baran
1011,sched_dep_time,6:00 a.m.,1.0000,baran
1453,sched_dep_time,6:00 a.m.,1.0000,baran
1848,sched_dep_time,6:00 a.m.,1.0000,baran
713,act_dep_time,6:56 a.m.,1.0000,baran
713,sched_arr_time,7:30 a.m.,1.0000,baran
102,sched_arr_time,2:00 p.m.,1.0000,baran
574,sched_arr_time,7:30 a.m.,1.0000,baran
1120,sched_arr_time,2:00 p.m.,1.0000,baran
1317,sched_arr_time,2:00 p.m.,1.0000,baran
1678,sched_arr_time,7:30 a.m.,1.0000,baran
1972,sched_arr_time,2:00 p.m.,1.0000,baran
2225,sched_arr_time,7:30 a.m.,1.0000,baran
2323,sched_arr_time,2:00 p.m.,1.0000,baran
713,act_arr_time,7:51 a.m.,1.0000,baran
1009,src,myrateplan,1.0000,baran
1009,sched_dep_time,11:45 a.m.,1.0000,baran
1009,act_dep_time,12:13 p.m.,1.0000,baran
1009,sched_arr_time,2:00 p.m.,1.0000,baran
1009,act_arr_time,2:10 p.m.,1.0000,baran
52,act_arr_time,7:51 a.m.,1.0000,baran
88,act_arr_time,12:21 a.m.,1.0000,baran
139,act_arr_time,2:10 p.m.,1.0000,baran
206,act_arr_time,7:51 a.m.,1.0000,baran
220,act_arr_time,12:21 a.m.,1.0000,baran
269,act_arr_time,2:10 p.m.,1.0000,baran
303,act_arr_time,2:10 p.m.,1.0000,baran
321,act_arr_time,2:10 p.m.,1.0000,baran
330,act_arr_time,2:10 p.m.,1.0000,baran
337,act_arr_time,2:10 p.m.,1.0000,baran
359,act_arr_time,12:13 p.m.,1.0000,baran
408,act_arr_time,12:21 a.m.,1.0000,baran
446,act_arr_time,12:21 a.m.,1.0000,baran
458,act_arr_time,2:00 p.m.,1.0000,baran
461,act_arr_time,2:10 p.m.,1.0000,baran
479,act_arr_time,2:00 p.m.,1.0000,baran
573,act_arr_time,7:51 a.m.,1.0000,baran
618,act_arr_time,12:21 a.m.,1.0000,baran
684,act_arr_time,12:21 a.m.,1.0000,baran
770,act_arr_time,12:21 a.m.,1.0000,baran
857,act_arr_time,7:51 a.m.,1.0000,baran
874,act_arr_time,7:51 a.m.,1.0000,baran
879,act_arr_time,7:51 a.m.,1.0000,baran
886,act_arr_time,12:21 a.m.,1.0000,baran
904,act_arr_time,2:10 p.m.,1.0000,baran
957,act_arr_time,12:21 a.m.,1.0000,baran
963,act_arr_time,2:10 p.m.,1.0000,baran
1077,act_arr_time,2:10 p.m.,1.0000,baran
1134,act_arr_time,7:51 a.m.,1.0000,baran
1277,act_arr_time,2:00 p.m.,1.0000,baran
1406,act_arr_time,12:21 a.m.,1.0000,baran
1476,act_arr_time,7:51 a.m.,1.0000,baran
1581,act_arr_time,2:00 p.m.,1.0000,baran
1593,act_arr_time,7:51 a.m.,1.0000,baran
1625,act_arr_time,12:21 a.m.,1.0000,baran
1750,act_arr_time,2:00 p.m.,1.0000,baran
1761,act_arr_time,12:21 a.m.,1.0000,baran
1785,act_arr_time,2:10 p.m.,1.0000,baran
1787,act_arr_time,2:10 p.m.,1.0000,baran
1861,act_arr_time,2:00 p.m.,1.0000,baran
1905,act_arr_time,2:10 p.m.,1.0000,baran
1914,act_arr_time,2:10 p.m.,1.0000,baran
1982,act_arr_time,7:51 a.m.,1.0000,baran
2001,act_arr_time,2:00 p.m.,1.0000,baran
2016,act_arr_time,2:10 p.m.,1.0000,baran
2068,act_arr_time,2:10 p.m.,1.0000,baran
2161,act_arr_time,2:10 p.m.,1.0000,baran
2277,act_arr_time,2:10 p.m.,1.0000,baran
2293,act_arr_time,12:21 a.m.,1.0000,baran
2350,act_arr_time,2:00 p.m.,1.0000,baran
2360,act_arr_time,12:21 a.m.,1.0000,baran
806,src,gofox,1.0000,baran
806,sched_dep_time,10:40 a.m.,1.0000,baran
806,act_dep_time,11:01 a.m.,1.0000,baran
66,act_dep_time,6:56 a.m.,1.0000,baran
83,act_dep_time,6:56 a.m.,1.0000,baran
116,act_dep_time,7:51 a.m.,1.0000,baran
162,act_dep_time,7:51 a.m.,1.0000,baran
202,act_dep_time,6:56 a.m.,1.0000,baran
213,act_dep_time,11:01 a.m.,1.0000,baran
216,act_dep_time,6:56 a.m.,1.0000,baran
221,act_dep_time,6:56 a.m.,1.0000,baran
236,act_dep_time,6:56 a.m.,1.0000,baran
273,act_dep_time,6:56 a.m.,1.0000,baran
302,act_dep_time,11:01 a.m.,1.0000,baran
327,act_dep_time,11:01 a.m.,1.0000,baran
406,act_dep_time,7:51 a.m.,1.0000,baran
415,act_dep_time,6:56 a.m.,1.0000,baran
427,act_dep_time,12:13 p.m.,1.0000,baran
536,act_dep_time,12:13 p.m.,1.0000,baran
594,act_dep_time,12:13 p.m.,1.0000,baran
642,act_dep_time,6:56 a.m.,1.0000,baran
676,act_dep_time,6:56 a.m.,1.0000,baran
694,act_dep_time,12:13 p.m.,1.0000,baran
722,act_dep_time,11:01 a.m.,1.0000,baran
755,act_dep_time,12:13 p.m.,1.0000,baran
855,act_dep_time,11:01 a.m.,1.0000,baran
953,act_dep_time,11:01 a.m.,1.0000,baran
988,act_dep_time,11:01 a.m.,1.0000,baran
1020,act_dep_time,7:51 a.m.,1.0000,baran
1077,act_dep_time,7:51 a.m.,1.0000,baran
1092,act_dep_time,11:01 a.m.,1.0000,baran
1135,act_dep_time,12:13 p.m.,1.0000,baran
1243,act_dep_time,11:01 a.m.,1.0000,baran
1262,act_dep_time,12:13 p.m.,1.0000,baran
1278,act_dep_time,6:56 a.m.,1.0000,baran
1343,act_dep_time,11:01 a.m.,1.0000,baran
1367,act_dep_time,6:56 a.m.,1.0000,baran
1387,act_dep_time,12:13 p.m.,1.0000,baran
1421,act_dep_time,6:56 a.m.,1.0000,baran
1498,act_dep_time,6:56 a.m.,1.0000,baran
1510,act_dep_time,6:56 a.m.,1.0000,baran
1566,act_dep_time,6:56 a.m.,1.0000,baran
1601,act_dep_time,7:51 a.m.,1.0000,baran
1657,act_dep_time,11:01 a.m.,1.0000,baran
1702,act_dep_time,6:56 a.m.,1.0000,baran
1747,act_dep_time,12:13 p.m.,1.0000,baran
1765,act_dep_time,6:56 a.m.,1.0000,baran
1922,act_dep_time,12:13 p.m.,1.0000,baran
1940,act_dep_time,6:56 a.m.,1.0000,baran
1945,act_dep_time,6:56 a.m.,1.0000,baran
1985,act_dep_time,6:56 a.m.,1.0000,baran
2134,act_dep_time,6:56 a.m.,1.0000,baran
2162,act_dep_time,6:56 a.m.,1.0000,baran
2203,act_dep_time,6:56 a.m.,1.0000,baran
2207,act_dep_time,7:51 a.m.,1.0000,baran
2210,act_dep_time,11:01 a.m.,1.0000,baran
2270,act_dep_time,6:56 a.m.,1.0000,baran
2280,act_dep_time,6:56 a.m.,1.0000,baran
806,sched_arr_time,2:59 p.m.,1.0000,baran
806,act_arr_time,3:04 p.m.,1.0000,baran
285,sched_dep_time,2:55 p.m.,1.0000,baran
285,act_dep_time,3:27 p.m.,1.0000,baran
4,act_dep_time,3:27 p.m.,1.0000,baran
132,act_dep_time,3:27 p.m.,1.0000,baran
156,act_dep_time,3:27 p.m.,1.0000,baran
265,act_dep_time,3:27 p.m.,1.0000,baran
297,act_dep_time,3:27 p.m.,1.0000,baran
344,act_dep_time,3:27 p.m.,1.0000,baran
644,act_dep_time,3:27 p.m.,1.0000,baran
827,act_dep_time,3:27 p.m.,1.0000,baran
1183,act_dep_time,3:27 p.m.,1.0000,baran
1593,act_dep_time,3:27 p.m.,1.0000,baran
2091,act_dep_time,3:27 p.m.,1.0000,baran
285,sched_arr_time,5:55 p.m.,1.0000,baran
285,act_arr_time,5:43 p.m.,1.0000,baran
956,src,flytecomm,1.0000,baran
956,act_dep_time,8:51 a.m.,1.0000,baran
498,act_dep_time,8:51 a.m.,1.0000,baran
1285,act_dep_time,8:51 a.m.,1.0000,baran
1806,act_dep_time,8:51 a.m.,1.0000,baran
2130,act_dep_time,8:51 a.m.,1.0000,baran
2208,act_dep_time,8:51 a.m.,1.0000,baran
2214,act_dep_time,8:51 a.m.,1.0000,baran
956,sched_arr_time,11:50 a.m.,1.0000,baran
956,act_arr_time,11:44 a.m.,1.0000,baran
1929,src,wunderground,1.0000,baran
26,sched_dep_time,2:55 p.m.,1.0000,baran
110,sched_dep_time,2:55 p.m.,1.0000,baran
150,sched_dep_time,2:55 p.m.,1.0000,baran
196,sched_dep_time,8:51 a.m.,1.0000,baran
206,sched_dep_time,8:51 a.m.,1.0000,baran
314,sched_dep_time,11:45 a.m.,1.0000,baran
344,sched_dep_time,6:23 p.m.,1.0000,baran
409,sched_dep_time,2:55 p.m.,1.0000,baran
434,sched_dep_time,8:51 a.m.,1.0000,baran
486,sched_dep_time,2:55 p.m.,1.0000,baran
488,sched_dep_time,8:51 a.m.,1.0000,baran
538,sched_dep_time,8:51 a.m.,1.0000,baran
609,sched_dep_time,8:51 a.m.,1.0000,baran
631,sched_dep_time,2:55 p.m.,1.0000,baran
710,sched_dep_time,11:45 a.m.,1.0000,baran
825,sched_dep_time,2:55 p.m.,1.0000,baran
891,sched_dep_time,2:55 p.m.,1.0000,baran
927,sched_dep_time,6:23 p.m.,1.0000,baran
974,sched_dep_time,10:40 a.m.,1.0000,baran
1005,sched_dep_time,8:51 a.m.,1.0000,baran
1102,sched_dep_time,6:23 p.m.,1.0000,baran
1167,sched_dep_time,2:55 p.m.,1.0000,baran
1215,sched_dep_time,6:23 p.m.,1.0000,baran
1226,sched_dep_time,2:55 p.m.,1.0000,baran
1292,sched_dep_time,2:55 p.m.,1.0000,baran
1303,sched_dep_time,2:55 p.m.,1.0000,baran
1348,sched_dep_time,8:51 a.m.,1.0000,baran
1355,sched_dep_time,2:55 p.m.,1.0000,baran
1432,sched_dep_time,2:55 p.m.,1.0000,baran
1454,sched_dep_time,11:45 a.m.,1.0000,baran
1535,sched_dep_time,2:55 p.m.,1.0000,baran
1597,sched_dep_time,2:55 p.m.,1.0000,baran
1607,sched_dep_time,10:40 a.m.,1.0000,baran
1611,sched_dep_time,2:55 p.m.,1.0000,baran
1634,sched_dep_time,2:55 p.m.,1.0000,baran
1658,sched_dep_time,8:51 a.m.,1.0000,baran
1706,sched_dep_time,2:55 p.m.,1.0000,baran
1707,sched_dep_time,2:55 p.m.,1.0000,baran
1717,sched_dep_time,2:55 p.m.,1.0000,baran
1720,sched_dep_time,2:55 p.m.,1.0000,baran
1734,sched_dep_time,10:40 a.m.,1.0000,baran
1739,sched_dep_time,11:45 a.m.,1.0000,baran
1744,sched_dep_time,2:55 p.m.,1.0000,baran
1761,sched_dep_time,2:55 p.m.,1.0000,baran
1797,sched_dep_time,2:55 p.m.,1.0000,baran
1815,sched_dep_time,8:51 a.m.,1.0000,baran
1828,sched_dep_time,11:45 a.m.,1.0000,baran
1875,sched_dep_time,2:55 p.m.,1.0000,baran
1937,sched_dep_time,8:51 a.m.,1.0000,baran
1948,sched_dep_time,11:45 a.m.,1.0000,baran
2005,sched_dep_time,11:45 a.m.,1.0000,baran
2011,sched_dep_time,11:45 a.m.,1.0000,baran
2034,sched_dep_time,8:51 a.m.,1.0000,baran
2057,sched_dep_time,11:45 a.m.,1.0000,baran
2072,sched_dep_time,6:23 p.m.,1.0000,baran
2092,sched_dep_time,2:55 p.m.,1.0000,baran
2155,sched_dep_time,2:55 p.m.,1.0000,baran
2197,sched_dep_time,2:55 p.m.,1.0000,baran
2199,sched_dep_time,2:55 p.m.,1.0000,baran
2233,sched_dep_time,8:51 a.m.,1.0000,baran
2279,sched_dep_time,2:55 p.m.,1.0000,baran
2286,sched_dep_time,2:55 p.m.,1.0000,baran
1929,act_dep_time,4:28 p.m.,1.0000,baran
1929,sched_arr_time,6:23 p.m.,1.0000,baran
1929,act_arr_time,6:38 p.m.,1.0000,baran
1774,src,allegiantair,1.0000,baran
1774,act_dep_time,7:05 a.m.,1.0000,baran
105,act_dep_time,4:28 p.m.,1.0000,baran
109,act_dep_time,4:28 p.m.,1.0000,baran
136,act_dep_time,4:28 p.m.,1.0000,baran
353,act_dep_time,7:05 a.m.,1.0000,baran
442,act_dep_time,4:28 p.m.,1.0000,baran
524,act_dep_time,7:05 a.m.,1.0000,baran
533,act_dep_time,4:28 p.m.,1.0000,baran
688,act_dep_time,4:28 p.m.,1.0000,baran
812,act_dep_time,4:28 p.m.,1.0000,baran
828,act_dep_time,4:28 p.m.,1.0000,baran
893,act_dep_time,4:28 p.m.,1.0000,baran
969,act_dep_time,7:05 a.m.,1.0000,baran
1083,act_dep_time,4:28 p.m.,1.0000,baran
1109,act_dep_time,7:05 a.m.,1.0000,baran
1176,act_dep_time,7:05 a.m.,1.0000,baran
1205,act_dep_time,7:05 a.m.,1.0000,baran
1293,act_dep_time,7:05 a.m.,1.0000,baran
1365,act_dep_time,4:28 p.m.,1.0000,baran
1369,act_dep_time,4:28 p.m.,1.0000,baran
1506,act_dep_time,4:28 p.m.,1.0000,baran
1660,act_dep_time,4:28 p.m.,1.0000,baran
1905,act_dep_time,7:05 a.m.,1.0000,baran
1913,act_dep_time,7:05 a.m.,1.0000,baran
1976,act_dep_time,7:05 a.m.,1.0000,baran
2037,act_dep_time,4:28 p.m.,1.0000,baran
2131,act_dep_time,7:05 a.m.,1.0000,baran
2159,act_dep_time,4:28 p.m.,1.0000,baran
2178,act_dep_time,7:05 a.m.,1.0000,baran
2308,act_dep_time,4:28 p.m.,1.0000,baran
2348,act_dep_time,4:28 p.m.,1.0000,baran
1774,sched_arr_time,10:31 a.m.,1.0000,baran
1774,act_arr_time,10:47 a.m.,1.0000,baran
960,src,ifly,1.0000,baran
960,act_dep_time,8:51 a.m.,1.0000,baran
960,sched_arr_time,11:50 a.m.,1.0000,baran
13,sched_arr_time,5:43 p.m.,1.0000,baran
18,sched_arr_time,5:55 p.m.,1.0000,baran
19,sched_arr_time,2:55 p.m.,1.0000,baran
36,sched_arr_time,11:50 a.m.,1.0000,baran
43,sched_arr_time,10:31 a.m.,1.0000,baran
49,sched_arr_time,2:00 p.m.,1.0000,baran
77,sched_arr_time,10:40 a.m.,1.0000,baran
159,sched_arr_time,6:23 p.m.,1.0000,baran
166,sched_arr_time,10:40 a.m.,1.0000,baran
167,sched_arr_time,2:00 p.m.,1.0000,baran
168,sched_arr_time,2:59 p.m.,1.0000,baran
186,sched_arr_time,10:40 a.m.,1.0000,baran
198,sched_arr_time,5:43 p.m.,1.0000,baran
203,sched_arr_time,11:50 a.m.,1.0000,baran
212,sched_arr_time,10:40 a.m.,1.0000,baran
220,sched_arr_time,11:50 a.m.,1.0000,baran
225,sched_arr_time,10:40 a.m.,1.0000,baran
246,sched_arr_time,5:43 p.m.,1.0000,baran
251,sched_arr_time,11:50 a.m.,1.0000,baran
252,sched_arr_time,10:40 a.m.,1.0000,baran
282,sched_arr_time,6:23 p.m.,1.0000,baran
298,sched_arr_time,2:55 p.m.,1.0000,baran
333,sched_arr_time,11:50 a.m.,1.0000,baran
427,sched_arr_time,2:55 p.m.,1.0000,baran
435,sched_arr_time,10:31 a.m.,1.0000,baran
476,sched_arr_time,5:55 p.m.,1.0000,baran
498,sched_arr_time,10:40 a.m.,1.0000,baran
500,sched_arr_time,2:55 p.m.,1.0000,baran
597,sched_arr_time,11:50 a.m.,1.0000,baran
619,sched_arr_time,10:40 a.m.,1.0000,baran
626,sched_arr_time,10:40 a.m.,1.0000,baran
631,sched_arr_time,11:50 a.m.,1.0000,baran
638,sched_arr_time,10:40 a.m.,1.0000,baran
652,sched_arr_time,2:55 p.m.,1.0000,baran
659,sched_arr_time,11:50 a.m.,1.0000,baran
712,sched_arr_time,2:55 p.m.,1.0000,baran
724,sched_arr_time,11:50 a.m.,1.0000,baran
822,sched_arr_time,8:51 a.m.,1.0000,baran
825,sched_arr_time,10:40 a.m.,1.0000,baran
830,sched_arr_time,11:50 a.m.,1.0000,baran
831,sched_arr_time,2:55 p.m.,1.0000,baran
833,sched_arr_time,11:50 a.m.,1.0000,baran
838,sched_arr_time,11:50 a.m.,1.0000,baran
849,sched_arr_time,8:51 a.m.,1.0000,baran
899,sched_arr_time,10:31 a.m.,1.0000,baran
907,sched_arr_time,11:50 a.m.,1.0000,baran
924,sched_arr_time,10:40 a.m.,1.0000,baran
962,sched_arr_time,5:43 p.m.,1.0000,baran
968,sched_arr_time,10:31 a.m.,1.0000,baran
970,sched_arr_time,2:59 p.m.,1.0000,baran
981,sched_arr_time,5:55 p.m.,1.0000,baran
995,sched_arr_time,10:40 a.m.,1.0000,baran
1000,sched_arr_time,2:00 p.m.,1.0000,baran
1001,sched_arr_time,2:00 p.m.,1.0000,baran
1002,sched_arr_time,6:23 p.m.,1.0000,baran
1048,sched_arr_time,11:50 a.m.,1.0000,baran
1103,sched_arr_time,11:50 a.m.,1.0000,baran
1119,sched_arr_time,2:00 p.m.,1.0000,baran
1140,sched_arr_time,11:50 a.m.,1.0000,baran
1165,sched_arr_time,11:50 a.m.,1.0000,baran
1175,sched_arr_time,2:00 p.m.,1.0000,baran
1200,sched_arr_time,6:23 p.m.,1.0000,baran
1223,sched_arr_time,11:50 a.m.,1.0000,baran
1226,sched_arr_time,10:40 a.m.,1.0000,baran
1249,sched_arr_time,11:50 a.m.,1.0000,baran
1289,sched_arr_time,2:55 p.m.,1.0000,baran
1318,sched_arr_time,10:40 a.m.,1.0000,baran
1345,sched_arr_time,5:43 p.m.,1.0000,baran
1354,sched_arr_time,5:43 p.m.,1.0000,baran
1361,sched_arr_time,5:55 p.m.,1.0000,baran
1377,sched_arr_time,5:55 p.m.,1.0000,baran
1418,sched_arr_time,10:40 a.m.,1.0000,baran
1479,sched_arr_time,6:23 p.m.,1.0000,baran
1503,sched_arr_time,11:50 a.m.,1.0000,baran
1519,sched_arr_time,10:40 a.m.,1.0000,baran
1554,sched_arr_time,2:55 p.m.,1.0000,baran
1571,sched_arr_time,2:00 p.m.,1.0000,baran
1585,sched_arr_time,5:43 p.m.,1.0000,baran
1630,sched_arr_time,11:50 a.m.,1.0000,baran
1643,sched_arr_time,2:00 p.m.,1.0000,baran
1649,sched_arr_time,11:50 a.m.,1.0000,baran
1650,sched_arr_time,11:50 a.m.,1.0000,baran
1658,sched_arr_time,5:43 p.m.,1.0000,baran
1660,sched_arr_time,6:23 p.m.,1.0000,baran
1664,sched_arr_time,11:50 a.m.,1.0000,baran
1683,sched_arr_time,5:43 p.m.,1.0000,baran
1685,sched_arr_time,8:51 a.m.,1.0000,baran
1757,sched_arr_time,10:40 a.m.,1.0000,baran
1763,sched_arr_time,5:55 p.m.,1.0000,baran
1805,sched_arr_time,10:31 a.m.,1.0000,baran
1828,sched_arr_time,11:50 a.m.,1.0000,baran
1838,sched_arr_time,11:50 a.m.,1.0000,baran
1850,sched_arr_time,6:23 p.m.,1.0000,baran
1883,sched_arr_time,2:55 p.m.,1.0000,baran
1891,sched_arr_time,10:31 a.m.,1.0000,baran
1940,sched_arr_time,2:59 p.m.,1.0000,baran
1941,sched_arr_time,10:40 a.m.,1.0000,baran
2044,sched_arr_time,5:55 p.m.,1.0000,baran
2086,sched_arr_time,5:55 p.m.,1.0000,baran
2101,sched_arr_time,5:43 p.m.,1.0000,baran
2109,sched_arr_time,8:51 a.m.,1.0000,baran
2202,sched_arr_time,5:55 p.m.,1.0000,baran
2220,sched_arr_time,11:50 a.m.,1.0000,baran
2281,sched_arr_time,5:55 p.m.,1.0000,baran
2284,sched_arr_time,10:40 a.m.,1.0000,baran
2304,sched_arr_time,8:51 a.m.,1.0000,baran
2324,sched_arr_time,11:50 a.m.,1.0000,baran
960,act_arr_time,11:44 a.m.,1.0000,baran
277,src,flights,1.0000,baran
277,act_dep_time,3:27 p.m.,1.0000,baran
277,sched_arr_time,5:55 p.m.,1.0000,baran
277,act_arr_time,5:43 p.m.,1.0000,baran
14,act_arr_time,11:44 a.m.,1.0000,baran
43,act_arr_time,11:50 a.m.,1.0000,baran
77,act_arr_time,5:55 p.m.,1.0000,baran
92,act_arr_time,3:04 p.m.,1.0000,baran
95,act_arr_time,5:55 p.m.,1.0000,baran
104,act_arr_time,5:43 p.m.,1.0000,baran
124,act_arr_time,11:44 a.m.,1.0000,baran
207,act_arr_time,7:05 a.m.,1.0000,baran
221,act_arr_time,11:44 a.m.,1.0000,baran
302,act_arr_time,5:43 p.m.,1.0000,baran
328,act_arr_time,11:44 a.m.,1.0000,baran
340,act_arr_time,10:47 a.m.,1.0000,baran
379,act_arr_time,7:05 a.m.,1.0000,baran
381,act_arr_time,5:43 p.m.,1.0000,baran
392,act_arr_time,5:43 p.m.,1.0000,baran
430,act_arr_time,11:44 a.m.,1.0000,baran
435,act_arr_time,11:44 a.m.,1.0000,baran
447,act_arr_time,11:44 a.m.,1.0000,baran
470,act_arr_time,11:44 a.m.,1.0000,baran
530,act_arr_time,11:44 a.m.,1.0000,baran
541,act_arr_time,11:44 a.m.,1.0000,baran
590,act_arr_time,11:50 a.m.,1.0000,baran
606,act_arr_time,11:50 a.m.,1.0000,baran
636,act_arr_time,7:05 a.m.,1.0000,baran
641,act_arr_time,10:47 a.m.,1.0000,baran
679,act_arr_time,7:05 a.m.,1.0000,baran
750,act_arr_time,11:44 a.m.,1.0000,baran
752,act_arr_time,5:43 p.m.,1.0000,baran
777,act_arr_time,5:43 p.m.,1.0000,baran
780,act_arr_time,11:44 a.m.,1.0000,baran
790,act_arr_time,11:44 a.m.,1.0000,baran
792,act_arr_time,7:05 a.m.,1.0000,baran
832,act_arr_time,11:44 a.m.,1.0000,baran
846,act_arr_time,11:44 a.m.,1.0000,baran
914,act_arr_time,7:05 a.m.,1.0000,baran
929,act_arr_time,6:38 p.m.,1.0000,baran
954,act_arr_time,2:59 p.m.,1.0000,baran
961,act_arr_time,5:43 p.m.,1.0000,baran
1001,act_arr_time,5:43 p.m.,1.0000,baran
1010,act_arr_time,5:55 p.m.,1.0000,baran
1024,act_arr_time,11:50 a.m.,1.0000,baran
1029,act_arr_time,5:43 p.m.,1.0000,baran
1045,act_arr_time,10:47 a.m.,1.0000,baran
1052,act_arr_time,6:38 p.m.,1.0000,baran
1075,act_arr_time,10:47 a.m.,1.0000,baran
1085,act_arr_time,7:05 a.m.,1.0000,baran
1100,act_arr_time,5:43 p.m.,1.0000,baran
1137,act_arr_time,10:47 a.m.,1.0000,baran
1145,act_arr_time,11:50 a.m.,1.0000,baran
1156,act_arr_time,5:43 p.m.,1.0000,baran
1158,act_arr_time,11:50 a.m.,1.0000,baran
1188,act_arr_time,3:04 p.m.,1.0000,baran
1237,act_arr_time,5:43 p.m.,1.0000,baran
1257,act_arr_time,11:50 a.m.,1.0000,baran
1276,act_arr_time,5:55 p.m.,1.0000,baran
1314,act_arr_time,10:47 a.m.,1.0000,baran
1331,act_arr_time,5:43 p.m.,1.0000,baran
1344,act_arr_time,11:44 a.m.,1.0000,baran
1347,act_arr_time,7:05 a.m.,1.0000,baran
1350,act_arr_time,10:47 a.m.,1.0000,baran
1356,act_arr_time,10:47 a.m.,1.0000,baran
1447,act_arr_time,5:55 p.m.,1.0000,baran
1472,act_arr_time,5:55 p.m.,1.0000,baran
1549,act_arr_time,5:43 p.m.,1.0000,baran
1567,act_arr_time,6:38 p.m.,1.0000,baran
1586,act_arr_time,5:55 p.m.,1.0000,baran
1590,act_arr_time,3:04 p.m.,1.0000,baran
1604,act_arr_time,5:55 p.m.,1.0000,baran
1634,act_arr_time,3:04 p.m.,1.0000,baran
1648,act_arr_time,7:05 a.m.,1.0000,baran
1690,act_arr_time,11:50 a.m.,1.0000,baran
1692,act_arr_time,11:44 a.m.,1.0000,baran
1739,act_arr_time,5:55 p.m.,1.0000,baran
1801,act_arr_time,6:38 p.m.,1.0000,baran
1808,act_arr_time,11:44 a.m.,1.0000,baran
1814,act_arr_time,11:44 a.m.,1.0000,baran
1815,act_arr_time,5:55 p.m.,1.0000,baran
1856,act_arr_time,11:50 a.m.,1.0000,baran
1857,act_arr_time,5:43 p.m.,1.0000,baran
1882,act_arr_time,11:44 a.m.,1.0000,baran
1886,act_arr_time,10:47 a.m.,1.0000,baran
1890,act_arr_time,5:43 p.m.,1.0000,baran
1976,act_arr_time,7:05 a.m.,1.0000,baran
1987,act_arr_time,7:05 a.m.,1.0000,baran
2004,act_arr_time,11:50 a.m.,1.0000,baran
2013,act_arr_time,11:50 a.m.,1.0000,baran
2028,act_arr_time,7:05 a.m.,1.0000,baran
2035,act_arr_time,11:44 a.m.,1.0000,baran
2069,act_arr_time,11:44 a.m.,1.0000,baran
2076,act_arr_time,3:04 p.m.,1.0000,baran
2079,act_arr_time,11:44 a.m.,1.0000,baran
2103,act_arr_time,3:04 p.m.,1.0000,baran
2115,act_arr_time,10:47 a.m.,1.0000,baran
2146,act_arr_time,5:43 p.m.,1.0000,baran
2151,act_arr_time,5:43 p.m.,1.0000,baran
2198,act_arr_time,5:43 p.m.,1.0000,baran
2226,act_arr_time,6:38 p.m.,1.0000,baran
2260,act_arr_time,3:04 p.m.,1.0000,baran
2262,act_arr_time,11:44 a.m.,1.0000,baran
2310,act_arr_time,11:50 a.m.,1.0000,baran
2327,src,helloflight,1.0000,baran
2327,act_dep_time,7:49 a.m.,1.0000,baran
2327,sched_arr_time,1:39 p.m.,1.0000,baran
32,sched_arr_time,5:55 p.m.,1.0000,baran
185,sched_arr_time,5:55 p.m.,1.0000,baran
379,sched_arr_time,1:39 p.m.,1.0000,baran
537,sched_arr_time,5:55 p.m.,1.0000,baran
942,sched_arr_time,5:55 p.m.,1.0000,baran
982,sched_arr_time,5:55 p.m.,1.0000,baran
1017,sched_arr_time,5:55 p.m.,1.0000,baran
1114,sched_arr_time,5:55 p.m.,1.0000,baran
1144,sched_arr_time,5:55 p.m.,1.0000,baran
1561,sched_arr_time,5:55 p.m.,1.0000,baran
1566,sched_arr_time,5:55 p.m.,1.0000,baran
1570,sched_arr_time,5:55 p.m.,1.0000,baran
1596,sched_arr_time,5:55 p.m.,1.0000,baran
1800,sched_arr_time,5:55 p.m.,1.0000,baran
1919,sched_arr_time,5:55 p.m.,1.0000,baran
2003,sched_arr_time,5:55 p.m.,1.0000,baran
2164,sched_arr_time,1:39 p.m.,1.0000,baran
2254,sched_arr_time,5:55 p.m.,1.0000,baran
2360,sched_arr_time,5:55 p.m.,1.0000,baran
2327,act_arr_time,1:30 p.m.,1.0000,baran
765,src,wunderground,1.0000,baran
765,sched_dep_time,7:10 a.m.,1.0000,baran
765,act_dep_time,7:16 a.m.,1.0000,baran
765,act_arr_time,9:32 a.m.,1.0000,baran
