row_id,column,value,confidence,source
670,ProviderNumber,10033,1.0000,baran
5,ProviderNumber,10018,1.0000,baran
10,ProviderNumber,10036,1.0000,baran
12,ProviderNumber,10019,1.0000,baran
13,ProviderNumber,10019,1.0000,baran
15,ProviderNumber,10019,1.0000,baran
16,ProviderNumber,10019,1.0000,baran
17,ProviderNumber,10016,1.0000,baran
18,ProviderNumber,10039,1.0000,baran
20,ProviderNumber,10001,1.0000,baran
22,ProviderNumber,10033,1.0000,baran
24,ProviderNumber,10001,1.0000,baran
26,ProviderNumber,10001,1.0000,baran
29,ProviderNumber,10001,1.0000,baran
36,ProviderNumber,10001,1.0000,baran
40,ProviderNumber,10001,1.0000,baran
41,ProviderNumber,10001,1.0000,baran
42,ProviderNumber,10044,1.0000,baran
43,ProviderNumber,10033,1.0000,baran
44,ProviderNumber,10001,1.0000,baran
48,ProviderNumber,10005,1.0000,baran
49,ProviderNumber,10005,1.0000,baran
51,ProviderNumber,10005,1.0000,baran
53,ProviderNumber,10005,1.0000,baran
54,ProviderNumber,10005,1.0000,baran
55,ProviderNumber,10005,1.0000,baran
60,ProviderNumber,10005,1.0000,baran
62,ProviderNumber,10005,1.0000,baran
64,ProviderNumber,10032,1.0000,baran
69,ProviderNumber,10005,1.0000,baran
70,ProviderNumber,10006,1.0000,baran
73,ProviderNumber,10027,1.0000,baran
74,ProviderNumber,10006,1.0000,baran
80,ProviderNumber,10006,1.0000,baran
83,ProviderNumber,10006,1.0000,baran
86,ProviderNumber,10006,1.0000,baran
88,ProviderNumber,10006,1.0000,baran
90,ProviderNumber,10006,1.0000,baran
94,ProviderNumber,10006,1.0000,baran
99,ProviderNumber,10007,1.0000,baran
107,ProviderNumber,10045,1.0000,baran
108,ProviderNumber,10056,1.0000,baran
109,ProviderNumber,10007,1.0000,baran
110,ProviderNumber,10009,1.0000,baran
111,ProviderNumber,10007,1.0000,baran
112,ProviderNumber,10036,1.0000,baran
115,ProviderNumber,10005,1.0000,baran
119,ProviderNumber,10018,1.0000,baran
121,ProviderNumber,10008,1.0000,baran
124,ProviderNumber,10164,1.0000,baran
129,ProviderNumber,10008,1.0000,baran
134,ProviderNumber,10009,1.0000,baran
136,ProviderNumber,10008,1.0000,baran
140,ProviderNumber,10019,1.0000,baran
146,ProviderNumber,10009,1.0000,baran
149,ProviderNumber,10009,1.0000,baran
150,ProviderNumber,10009,1.0000,baran
152,ProviderNumber,10009,1.0000,baran
153,ProviderNumber,10035,1.0000,baran
158,ProviderNumber,10019,1.0000,baran
161,ProviderNumber,10009,1.0000,baran
163,ProviderNumber,10009,1.0000,baran
171,ProviderNumber,10010,1.0000,baran
173,ProviderNumber,10006,1.0000,baran
182,ProviderNumber,10010,1.0000,baran
183,ProviderNumber,10010,1.0000,baran
189,ProviderNumber,10010,1.0000,baran
191,ProviderNumber,10010,1.0000,baran
194,ProviderNumber,10010,1.0000,baran
196,ProviderNumber,10011,1.0000,baran
197,ProviderNumber,10011,1.0000,baran
200,ProviderNumber,10011,1.0000,baran
201,ProviderNumber,10011,1.0000,baran
202,ProviderNumber,10011,1.0000,baran
204,ProviderNumber,10011,1.0000,baran
205,ProviderNumber,10046,1.0000,baran
208,ProviderNumber,10011,1.0000,baran
210,ProviderNumber,10011,1.0000,baran
211,ProviderNumber,10011,1.0000,baran
213,ProviderNumber,10016,1.0000,baran
214,ProviderNumber,10006,1.0000,baran
224,ProviderNumber,10012,1.0000,baran
227,ProviderNumber,10007,1.0000,baran
229,ProviderNumber,10012,1.0000,baran
231,ProviderNumber,10055,1.0000,baran
232,ProviderNumber,10012,1.0000,baran
233,ProviderNumber,10012,1.0000,baran
239,ProviderNumber,10012,1.0000,baran
240,ProviderNumber,10029,1.0000,baran
241,ProviderNumber,10012,1.0000,baran
242,ProviderNumber,20017,1.0000,baran
243,ProviderNumber,10021,1.0000,baran
244,ProviderNumber,10012,1.0000,baran
245,ProviderNumber,10036,1.0000,baran
246,ProviderNumber,10001,1.0000,baran
251,ProviderNumber,10015,1.0000,baran
252,ProviderNumber,10015,1.0000,baran
254,ProviderNumber,10015,1.0000,baran
257,ProviderNumber,10015,1.0000,baran
258,ProviderNumber,20017,1.0000,baran
259,ProviderNumber,10015,1.0000,baran
267,ProviderNumber,10015,1.0000,baran
276,ProviderNumber,10007,1.0000,baran
280,ProviderNumber,10016,1.0000,baran
281,ProviderNumber,10055,1.0000,baran
282,ProviderNumber,10016,1.0000,baran
287,ProviderNumber,10016,1.0000,baran
288,ProviderNumber,10016,1.0000,baran
289,ProviderNumber,10016,1.0000,baran
290,ProviderNumber,10016,1.0000,baran
294,ProviderNumber,10016,1.0000,baran
295,ProviderNumber,10018,1.0000,baran
300,ProviderNumber,10018,1.0000,baran
301,ProviderNumber,10018,1.0000,baran
307,ProviderNumber,10008,1.0000,baran
308,ProviderNumber,10018,1.0000,baran
309,ProviderNumber,10018,1.0000,baran
311,ProviderNumber,10018,1.0000,baran
317,ProviderNumber,10038,1.0000,baran
319,ProviderNumber,10038,1.0000,baran
320,ProviderNumber,10016,1.0000,baran
326,ProviderNumber,10035,1.0000,baran
327,ProviderNumber,10038,1.0000,baran
335,ProviderNumber,10055,1.0000,baran
337,ProviderNumber,10164,1.0000,baran
338,ProviderNumber,10036,1.0000,baran
344,ProviderNumber,10055,1.0000,baran
346,ProviderNumber,10055,1.0000,baran
348,ProviderNumber,10055,1.0000,baran
350,ProviderNumber,10087,1.0000,baran
356,ProviderNumber,10158,1.0000,baran
362,ProviderNumber,10086,1.0000,baran
367,ProviderNumber,10086,1.0000,baran
370,ProviderNumber,10086,1.0000,baran
372,ProviderNumber,10086,1.0000,baran
373,ProviderNumber,10086,1.0000,baran
374,ProviderNumber,10043,1.0000,baran
380,ProviderNumber,10087,1.0000,baran
382,ProviderNumber,10087,1.0000,baran
389,ProviderNumber,10087,1.0000,baran
393,ProviderNumber,10108,1.0000,baran
394,ProviderNumber,10108,1.0000,baran
396,ProviderNumber,10108,1.0000,baran
397,ProviderNumber,10010,1.0000,baran
400,ProviderNumber,10108,1.0000,baran
401,ProviderNumber,10055,1.0000,baran
404,ProviderNumber,10108,1.0000,baran
407,ProviderNumber,10108,1.0000,baran
408,ProviderNumber,10108,1.0000,baran
414,ProviderNumber,10158,1.0000,baran
417,ProviderNumber,10164,1.0000,baran
418,ProviderNumber,10164,1.0000,baran
419,ProviderNumber,10021,1.0000,baran
421,ProviderNumber,10164,1.0000,baran
422,ProviderNumber,10164,1.0000,baran
423,ProviderNumber,10050,1.0000,baran
424,ProviderNumber,10027,1.0000,baran
426,ProviderNumber,10043,1.0000,baran
427,ProviderNumber,10164,1.0000,baran
428,ProviderNumber,10164,1.0000,baran
429,ProviderNumber,10164,1.0000,baran
431,ProviderNumber,10164,1.0000,baran
435,ProviderNumber,20017,1.0000,baran
443,ProviderNumber,20017,1.0000,baran
444,ProviderNumber,20017,1.0000,baran
445,ProviderNumber,20017,1.0000,baran
446,ProviderNumber,10018,1.0000,baran
448,ProviderNumber,10022,1.0000,baran
450,ProviderNumber,10086,1.0000,baran
451,ProviderNumber,10033,1.0000,baran
452,ProviderNumber,10019,1.0000,baran
459,ProviderNumber,10045,1.0000,baran
460,ProviderNumber,10019,1.0000,baran
462,ProviderNumber,10019,1.0000,baran
465,ProviderNumber,10108,1.0000,baran
471,ProviderNumber,10021,1.0000,baran
472,ProviderNumber,10027,1.0000,baran
477,ProviderNumber,10021,1.0000,baran
480,ProviderNumber,10021,1.0000,baran
483,ProviderNumber,10021,1.0000,baran
484,ProviderNumber,10021,1.0000,baran
485,ProviderNumber,10021,1.0000,baran
486,ProviderNumber,10021,1.0000,baran
489,ProviderNumber,10035,1.0000,baran
493,ProviderNumber,10047,1.0000,baran
494,ProviderNumber,10010,1.0000,baran
496,ProviderNumber,10022,1.0000,baran
497,ProviderNumber,10022,1.0000,baran
498,ProviderNumber,10039,1.0000,baran
507,ProviderNumber,10024,1.0000,baran
508,ProviderNumber,10022,1.0000,baran
509,ProviderNumber,10022,1.0000,baran
510,ProviderNumber,10022,1.0000,baran
515,ProviderNumber,10022,1.0000,baran
516,ProviderNumber,10046,1.0000,baran
520,ProviderNumber,10047,1.0000,baran
521,ProviderNumber,10023,1.0000,baran
522,ProviderNumber,10024,1.0000,baran
524,ProviderNumber,10023,1.0000,baran
525,ProviderNumber,10047,1.0000,baran
528,ProviderNumber,10034,1.0000,baran
531,ProviderNumber,10023,1.0000,baran
535,ProviderNumber,10023,1.0000,baran
539,ProviderNumber,10038,1.0000,baran
541,ProviderNumber,10023,1.0000,baran
542,ProviderNumber,10024,1.0000,baran
547,ProviderNumber,10024,1.0000,baran
548,ProviderNumber,10024,1.0000,baran
552,ProviderNumber,10024,1.0000,baran
554,ProviderNumber,10027,1.0000,baran
559,ProviderNumber,10024,1.0000,baran
560,ProviderNumber,10009,1.0000,baran
567,ProviderNumber,10009,1.0000,baran
571,ProviderNumber,10023,1.0000,baran
584,ProviderNumber,10025,1.0000,baran
585,ProviderNumber,10108,1.0000,baran
586,ProviderNumber,10025,1.0000,baran
587,ProviderNumber,10025,1.0000,baran
590,ProviderNumber,10025,1.0000,baran
594,ProviderNumber,10027,1.0000,baran
596,ProviderNumber,10027,1.0000,baran
598,ProviderNumber,10027,1.0000,baran
599,ProviderNumber,10027,1.0000,baran
600,ProviderNumber,10027,1.0000,baran
601,ProviderNumber,10027,1.0000,baran
603,ProviderNumber,10027,1.0000,baran
607,ProviderNumber,10027,1.0000,baran
609,ProviderNumber,10024,1.0000,baran
610,ProviderNumber,10027,1.0000,baran
612,ProviderNumber,10027,1.0000,baran
613,ProviderNumber,10027,1.0000,baran
616,ProviderNumber,10019,1.0000,baran
619,ProviderNumber,10044,1.0000,baran
621,ProviderNumber,10029,1.0000,baran
623,ProviderNumber,10029,1.0000,baran
625,ProviderNumber,10029,1.0000,baran
626,ProviderNumber,10045,1.0000,baran
627,ProviderNumber,10010,1.0000,baran
628,ProviderNumber,10029,1.0000,baran
632,ProviderNumber,10006,1.0000,baran
635,ProviderNumber,10108,1.0000,baran
636,ProviderNumber,10029,1.0000,baran
638,ProviderNumber,10029,1.0000,baran
639,ProviderNumber,10029,1.0000,baran
641,ProviderNumber,10018,1.0000,baran
649,ProviderNumber,10001,1.0000,baran
651,ProviderNumber,10036,1.0000,baran
654,ProviderNumber,10021,1.0000,baran
655,ProviderNumber,10016,1.0000,baran
658,ProviderNumber,10010,1.0000,baran
662,ProviderNumber,10038,1.0000,baran
663,ProviderNumber,10032,1.0000,baran
672,ProviderNumber,10033,1.0000,baran
674,ProviderNumber,10033,1.0000,baran
678,ProviderNumber,10033,1.0000,baran
679,ProviderNumber,10033,1.0000,baran
680,ProviderNumber,10033,1.0000,baran
682,ProviderNumber,10033,1.0000,baran
683,ProviderNumber,10033,1.0000,baran
687,ProviderNumber,10033,1.0000,baran
691,ProviderNumber,10039,1.0000,baran
698,ProviderNumber,10034,1.0000,baran
700,ProviderNumber,10019,1.0000,baran
701,ProviderNumber,10034,1.0000,baran
703,ProviderNumber,10047,1.0000,baran
704,ProviderNumber,10034,1.0000,baran
705,ProviderNumber,10044,1.0000,baran
707,ProviderNumber,10036,1.0000,baran
708,ProviderNumber,10034,1.0000,baran
710,ProviderNumber,10018,1.0000,baran
711,ProviderNumber,10034,1.0000,baran
713,ProviderNumber,10045,1.0000,baran
716,ProviderNumber,10021,1.0000,baran
719,ProviderNumber,10009,1.0000,baran
724,ProviderNumber,10018,1.0000,baran
725,ProviderNumber,10035,1.0000,baran
726,ProviderNumber,10035,1.0000,baran
729,ProviderNumber,10035,1.0000,baran
732,ProviderNumber,10035,1.0000,baran
735,ProviderNumber,10035,1.0000,baran
737,ProviderNumber,10044,1.0000,baran
738,ProviderNumber,10035,1.0000,baran
739,ProviderNumber,10035,1.0000,baran
740,ProviderNumber,10035,1.0000,baran
741,ProviderNumber,10035,1.0000,baran
745,ProviderNumber,10036,1.0000,baran
746,ProviderNumber,10036,1.0000,baran
747,ProviderNumber,10036,1.0000,baran
748,ProviderNumber,10027,1.0000,baran
749,ProviderNumber,10036,1.0000,baran
750,ProviderNumber,10036,1.0000,baran
751,ProviderNumber,10047,1.0000,baran
752,ProviderNumber,10036,1.0000,baran
753,ProviderNumber,10036,1.0000,baran
754,ProviderNumber,10036,1.0000,baran
756,ProviderNumber,10036,1.0000,baran
759,ProviderNumber,10036,1.0000,baran
760,ProviderNumber,10036,1.0000,baran
761,ProviderNumber,10036,1.0000,baran
765,ProviderNumber,10036,1.0000,baran
768,ProviderNumber,10050,1.0000,baran
769,ProviderNumber,10038,1.0000,baran
770,ProviderNumber,10038,1.0000,baran
771,ProviderNumber,10038,1.0000,baran
772,ProviderNumber,10038,1.0000,baran
777,ProviderNumber,10039,1.0000,baran
782,ProviderNumber,10039,1.0000,baran
787,ProviderNumber,10039,1.0000,baran
788,ProviderNumber,10039,1.0000,baran
789,ProviderNumber,10008,1.0000,baran
790,ProviderNumber,10001,1.0000,baran
792,ProviderNumber,10056,1.0000,baran
794,ProviderNumber,10039,1.0000,baran
797,ProviderNumber,10032,1.0000,baran
798,ProviderNumber,10049,1.0000,baran
799,ProviderNumber,10039,1.0000,baran
802,ProviderNumber,10039,1.0000,baran
809,ProviderNumber,10040,1.0000,baran
813,ProviderNumber,10040,1.0000,baran
816,ProviderNumber,10025,1.0000,baran
817,ProviderNumber,10040,1.0000,baran
818,ProviderNumber,10040,1.0000,baran
819,ProviderNumber,10040,1.0000,baran
824,ProviderNumber,10006,1.0000,baran
825,ProviderNumber,10040,1.0000,baran
826,ProviderNumber,10040,1.0000,baran
829,ProviderNumber,10022,1.0000,baran
830,ProviderNumber,10043,1.0000,baran
834,ProviderNumber,10029,1.0000,baran
835,ProviderNumber,10043,1.0000,baran
839,ProviderNumber,10043,1.0000,baran
840,ProviderNumber,10009,1.0000,baran
841,ProviderNumber,10007,1.0000,baran
843,ProviderNumber,10043,1.0000,baran
847,ProviderNumber,10043,1.0000,baran
849,ProviderNumber,10001,1.0000,baran
852,ProviderNumber,10035,1.0000,baran
858,ProviderNumber,10039,1.0000,baran
859,ProviderNumber,10044,1.0000,baran
865,ProviderNumber,10044,1.0000,baran
867,ProviderNumber,10044,1.0000,baran
868,ProviderNumber,10044,1.0000,baran
869,ProviderNumber,10044,1.0000,baran
870,ProviderNumber,10044,1.0000,baran
873,ProviderNumber,10044,1.0000,baran
875,ProviderNumber,10044,1.0000,baran
876,ProviderNumber,10044,1.0000,baran
881,ProviderNumber,10045,1.0000,baran
883,ProviderNumber,10001,1.0000,baran
889,ProviderNumber,10045,1.0000,baran
890,ProviderNumber,10045,1.0000,baran
891,ProviderNumber,10006,1.0000,baran
894,ProviderNumber,10023,1.0000,baran
899,ProviderNumber,10049,1.0000,baran
900,ProviderNumber,10045,1.0000,baran
901,ProviderNumber,10045,1.0000,baran
902,ProviderNumber,10036,1.0000,baran
903,ProviderNumber,10046,1.0000,baran
908,ProviderNumber,10046,1.0000,baran
910,ProviderNumber,20017,1.0000,baran
911,ProviderNumber,10046,1.0000,baran
913,ProviderNumber,10046,1.0000,baran
917,ProviderNumber,10046,1.0000,baran
918,ProviderNumber,10046,1.0000,baran
921,ProviderNumber,10033,1.0000,baran
923,ProviderNumber,10046,1.0000,baran
925,ProviderNumber,10046,1.0000,baran
927,ProviderNumber,10046,1.0000,baran
928,ProviderNumber,10046,1.0000,baran
929,ProviderNumber,10049,1.0000,baran
933,ProviderNumber,10039,1.0000,baran
934,ProviderNumber,10005,1.0000,baran
935,ProviderNumber,10047,1.0000,baran
936,ProviderNumber,10047,1.0000,baran
937,ProviderNumber,10047,1.0000,baran
939,ProviderNumber,10047,1.0000,baran
940,ProviderNumber,10047,1.0000,baran
942,ProviderNumber,10047,1.0000,baran
947,ProviderNumber,10047,1.0000,baran
949,ProviderNumber,10047,1.0000,baran
950,ProviderNumber,10047,1.0000,baran
954,ProviderNumber,10047,1.0000,baran
960,ProviderNumber,10036,1.0000,baran
963,ProviderNumber,10049,1.0000,baran
969,ProviderNumber,10049,1.0000,baran
970,ProviderNumber,10007,1.0000,baran
973,ProviderNumber,10049,1.0000,baran
974,ProviderNumber,20017,1.0000,baran
975,ProviderNumber,10049,1.0000,baran
977,ProviderNumber,10032,1.0000,baran
978,ProviderNumber,10049,1.0000,baran
982,ProviderNumber,10043,1.0000,baran
983,ProviderNumber,10050,1.0000,baran
984,ProviderNumber,10050,1.0000,baran
989,ProviderNumber,10007,1.0000,baran
991,ProviderNumber,10108,1.0000,baran
994,ProviderNumber,10032,1.0000,baran
995,ProviderNumber,10050,1.0000,baran
999,ProviderNumber,10086,1.0000,baran
670,HospitalName,university of alabama hospital,1.0000,baran
72,HospitalName,southwest alabama medical center,1.0000,baran
112,HospitalName,mizell memorial hospital,1.0000,baran
163,HospitalName,hartselle medical center,1.0000,baran
195,HospitalName,university of alabama hospital,1.0000,baran
255,HospitalName,elba general hospital,1.0000,baran
265,HospitalName,southwest alabama medical center,1.0000,baran
368,HospitalName,shelby baptist medical center,1.0000,baran
427,HospitalName,coosa valley medical center,1.0000,baran
751,HospitalName,eliza coffee memorial hospital,1.0000,baran
773,HospitalName,stringfellow memorial hospital,1.0000,baran
814,HospitalName,stringfellow memorial hospital,1.0000,baran
882,HospitalName,university of alabama hospital,1.0000,baran
670,Address1,619 south 19th street,1.0000,baran
341,Address1,619 south 19th street,1.0000,baran
458,Address1,619 south 19th street,1.0000,baran
493,Address1,619 south 19th street,1.0000,baran
497,Address1,619 south 19th street,1.0000,baran
536,Address1,619 south 19th street,1.0000,baran
681,Address1,619 south 19th street,1.0000,baran
856,Address1,619 south 19th street,1.0000,baran
670,City,birmingham,1.0000,baran
1,City,birmingham,1.0000,baran
2,City,birmingham,1.0000,baran
5,City,birmingham,1.0000,baran
9,City,clarke,1.0000,baran
10,City,cullman,1.0000,baran
11,City,birmingham,1.0000,baran
13,City,birmingham,1.0000,baran
14,City,birmingham,1.0000,baran
17,City,birmingham,1.0000,baran
21,City,birmingham,1.0000,baran
26,City,birmingham,1.0000,baran
29,City,birmingham,1.0000,baran
30,City,dothan,1.0000,baran
34,City,clarke,1.0000,baran
36,City,birmingham,1.0000,baran
41,City,dothan,1.0000,baran
44,City,fort payne,1.0000,baran
46,City,birmingham,1.0000,baran
58,City,birmingham,1.0000,baran
61,City,birmingham,1.0000,baran
64,City,birmingham,1.0000,baran
66,City,birmingham,1.0000,baran
71,City,birmingham,1.0000,baran
72,City,birmingham,1.0000,baran
75,City,birmingham,1.0000,baran
76,City,birmingham,1.0000,baran
78,City,florence,1.0000,baran
81,City,birmingham,1.0000,baran
85,City,birmingham,1.0000,baran
86,City,birmingham,1.0000,baran
88,City,birmingham,1.0000,baran
91,City,dothan,1.0000,baran
93,City,cullman,1.0000,baran
94,City,florence,1.0000,baran
95,City,birmingham,1.0000,baran
96,City,birmingham,1.0000,baran
98,City,florence,1.0000,baran
99,City,birmingham,1.0000,baran
104,City,birmingham,1.0000,baran
107,City,birmingham,1.0000,baran
109,City,birmingham,1.0000,baran
112,City,birmingham,1.0000,baran
114,City,birmingham,1.0000,baran
116,City,birmingham,1.0000,baran
118,City,birmingham,1.0000,baran
119,City,birmingham,1.0000,baran
120,City,birmingham,1.0000,baran
124,City,birmingham,1.0000,baran
126,City,birmingham,1.0000,baran
127,City,birmingham,1.0000,baran
130,City,birmingham,1.0000,baran
131,City,birmingham,1.0000,baran
134,City,birmingham,1.0000,baran
135,City,birmingham,1.0000,baran
136,City,birmingham,1.0000,baran
137,City,birmingham,1.0000,baran
138,City,birmingham,1.0000,baran
140,City,birmingham,1.0000,baran
142,City,birmingham,1.0000,baran
143,City,fort payne,1.0000,baran
149,City,birmingham,1.0000,baran
151,City,birmingham,1.0000,baran
152,City,fort payne,1.0000,baran
157,City,birmingham,1.0000,baran
159,City,birmingham,1.0000,baran
160,City,birmingham,1.0000,baran
161,City,birmingham,1.0000,baran
163,City,birmingham,1.0000,baran
167,City,birmingham,1.0000,baran
170,City,birmingham,1.0000,baran
172,City,birmingham,1.0000,baran
176,City,dothan,1.0000,baran
182,City,birmingham,1.0000,baran
188,City,birmingham,1.0000,baran
190,City,birmingham,1.0000,baran
191,City,birmingham,1.0000,baran
194,City,birmingham,1.0000,baran
195,City,birmingham,1.0000,baran
196,City,birmingham,1.0000,baran
200,City,birmingham,1.0000,baran
205,City,birmingham,1.0000,baran
206,City,birmingham,1.0000,baran
210,City,birmingham,1.0000,baran
213,City,birmingham,1.0000,baran
214,City,cullman,1.0000,baran
217,City,birmingham,1.0000,baran
219,City,georgiana,1.0000,baran
221,City,birmingham,1.0000,baran
225,City,birmingham,1.0000,baran
226,City,fort payne,1.0000,baran
230,City,birmingham,1.0000,baran
235,City,birmingham,1.0000,baran
236,City,birmingham,1.0000,baran
242,City,birmingham,1.0000,baran
247,City,birmingham,1.0000,baran
248,City,birmingham,1.0000,baran
249,City,birmingham,1.0000,baran
250,City,georgiana,1.0000,baran
253,City,birmingham,1.0000,baran
255,City,birmingham,1.0000,baran
257,City,thomasville,1.0000,baran
258,City,birmingham,1.0000,baran
259,City,birmingham,1.0000,baran
260,City,birmingham,1.0000,baran
262,City,birmingham,1.0000,baran
264,City,birmingham,1.0000,baran
273,City,birmingham,1.0000,baran
276,City,birmingham,1.0000,baran
279,City,birmingham,1.0000,baran
282,City,birmingham,1.0000,baran
283,City,birmingham,1.0000,baran
288,City,birmingham,1.0000,baran
292,City,birmingham,1.0000,baran
293,City,birmingham,1.0000,baran
294,City,birmingham,1.0000,baran
296,City,clarke,1.0000,baran
302,City,birmingham,1.0000,baran
306,City,birmingham,1.0000,baran
314,City,birmingham,1.0000,baran
315,City,georgiana,1.0000,baran
316,City,birmingham,1.0000,baran
320,City,birmingham,1.0000,baran
324,City,birmingham,1.0000,baran
325,City,birmingham,1.0000,baran
327,City,birmingham,1.0000,baran
333,City,birmingham,1.0000,baran
334,City,birmingham,1.0000,baran
335,City,birmingham,1.0000,baran
336,City,birmingham,1.0000,baran
345,City,birmingham,1.0000,baran
351,City,birmingham,1.0000,baran
356,City,birmingham,1.0000,baran
359,City,birmingham,1.0000,baran
362,City,birmingham,1.0000,baran
364,City,birmingham,1.0000,baran
371,City,birmingham,1.0000,baran
374,City,birmingham,1.0000,baran
375,City,birmingham,1.0000,baran
376,City,birmingham,1.0000,baran
379,City,birmingham,1.0000,baran
381,City,birmingham,1.0000,baran
385,City,birmingham,1.0000,baran
386,City,birmingham,1.0000,baran
387,City,birmingham,1.0000,baran
392,City,birmingham,1.0000,baran
401,City,dothan,1.0000,baran
404,City,clarke,1.0000,baran
409,City,birmingham,1.0000,baran
412,City,birmingham,1.0000,baran
413,City,birmingham,1.0000,baran
414,City,fort payne,1.0000,baran
418,City,birmingham,1.0000,baran
419,City,birmingham,1.0000,baran
424,City,cullman,1.0000,baran
425,City,birmingham,1.0000,baran
427,City,birmingham,1.0000,baran
428,City,birmingham,1.0000,baran
430,City,birmingham,1.0000,baran
431,City,birmingham,1.0000,baran
436,City,birmingham,1.0000,baran
437,City,birmingham,1.0000,baran
439,City,birmingham,1.0000,baran
443,City,birmingham,1.0000,baran
447,City,dothan,1.0000,baran
451,City,birmingham,1.0000,baran
452,City,birmingham,1.0000,baran
454,City,birmingham,1.0000,baran
456,City,birmingham,1.0000,baran
457,City,birmingham,1.0000,baran
459,City,birmingham,1.0000,baran
461,City,cullman,1.0000,baran
465,City,birmingham,1.0000,baran
470,City,dothan,1.0000,baran
471,City,birmingham,1.0000,baran
473,City,birmingham,1.0000,baran
474,City,birmingham,1.0000,baran
475,City,georgiana,1.0000,baran
479,City,clarke,1.0000,baran
481,City,birmingham,1.0000,baran
484,City,birmingham,1.0000,baran
485,City,birmingham,1.0000,baran
490,City,birmingham,1.0000,baran
491,City,birmingham,1.0000,baran
494,City,birmingham,1.0000,baran
499,City,georgiana,1.0000,baran
500,City,birmingham,1.0000,baran
501,City,birmingham,1.0000,baran
503,City,birmingham,1.0000,baran
516,City,birmingham,1.0000,baran
518,City,birmingham,1.0000,baran
521,City,birmingham,1.0000,baran
522,City,birmingham,1.0000,baran
523,City,birmingham,1.0000,baran
524,City,cullman,1.0000,baran
525,City,birmingham,1.0000,baran
527,City,birmingham,1.0000,baran
529,City,birmingham,1.0000,baran
532,City,birmingham,1.0000,baran
534,City,birmingham,1.0000,baran
535,City,birmingham,1.0000,baran
536,City,birmingham,1.0000,baran
540,City,birmingham,1.0000,baran
542,City,birmingham,1.0000,baran
547,City,birmingham,1.0000,baran
548,City,birmingham,1.0000,baran
549,City,birmingham,1.0000,baran
553,City,birmingham,1.0000,baran
554,City,birmingham,1.0000,baran
556,City,birmingham,1.0000,baran
557,City,birmingham,1.0000,baran
559,City,birmingham,1.0000,baran
560,City,fort payne,1.0000,baran
561,City,birmingham,1.0000,baran
562,City,fort payne,1.0000,baran
566,City,birmingham,1.0000,baran
567,City,birmingham,1.0000,baran
568,City,fort payne,1.0000,baran
569,City,birmingham,1.0000,baran
573,City,birmingham,1.0000,baran
580,City,birmingham,1.0000,baran
588,City,birmingham,1.0000,baran
590,City,birmingham,1.0000,baran
595,City,birmingham,1.0000,baran
596,City,birmingham,1.0000,baran
597,City,clarke,1.0000,baran
598,City,birmingham,1.0000,baran
600,City,birmingham,1.0000,baran
605,City,birmingham,1.0000,baran
607,City,birmingham,1.0000,baran
608,City,birmingham,1.0000,baran
612,City,birmingham,1.0000,baran
613,City,birmingham,1.0000,baran
616,City,birmingham,1.0000,baran
618,City,birmingham,1.0000,baran
619,City,birmingham,1.0000,baran
625,City,georgiana,1.0000,baran
627,City,birmingham,1.0000,baran
628,City,birmingham,1.0000,baran
631,City,fort payne,1.0000,baran
638,City,cullman,1.0000,baran
639,City,birmingham,1.0000,baran
641,City,birmingham,1.0000,baran
643,City,birmingham,1.0000,baran
646,City,birmingham,1.0000,baran
652,City,birmingham,1.0000,baran
653,City,birmingham,1.0000,baran
654,City,birmingham,1.0000,baran
657,City,birmingham,1.0000,baran
662,City,clarke,1.0000,baran
666,City,birmingham,1.0000,baran
668,City,birmingham,1.0000,baran
674,City,birmingham,1.0000,baran
681,City,birmingham,1.0000,baran
684,City,birmingham,1.0000,baran
685,City,birmingham,1.0000,baran
693,City,birmingham,1.0000,baran
701,City,birmingham,1.0000,baran
702,City,birmingham,1.0000,baran
703,City,cullman,1.0000,baran
709,City,fort payne,1.0000,baran
711,City,clarke,1.0000,baran
712,City,birmingham,1.0000,baran
717,City,fort payne,1.0000,baran
718,City,birmingham,1.0000,baran
719,City,cullman,1.0000,baran
722,City,birmingham,1.0000,baran
725,City,birmingham,1.0000,baran
726,City,georgiana,1.0000,baran
730,City,birmingham,1.0000,baran
732,City,birmingham,1.0000,baran
736,City,birmingham,1.0000,baran
738,City,birmingham,1.0000,baran
739,City,birmingham,1.0000,baran
741,City,cullman,1.0000,baran
744,City,birmingham,1.0000,baran
746,City,birmingham,1.0000,baran
748,City,birmingham,1.0000,baran
750,City,clarke,1.0000,baran
751,City,birmingham,1.0000,baran
752,City,birmingham,1.0000,baran
754,City,birmingham,1.0000,baran
757,City,birmingham,1.0000,baran
758,City,birmingham,1.0000,baran
760,City,birmingham,1.0000,baran
771,City,birmingham,1.0000,baran
775,City,birmingham,1.0000,baran
776,City,clarke,1.0000,baran
777,City,birmingham,1.0000,baran
778,City,birmingham,1.0000,baran
779,City,birmingham,1.0000,baran
783,City,birmingham,1.0000,baran
787,City,birmingham,1.0000,baran
788,City,birmingham,1.0000,baran
789,City,birmingham,1.0000,baran
790,City,birmingham,1.0000,baran
791,City,birmingham,1.0000,baran
793,City,birmingham,1.0000,baran
795,City,birmingham,1.0000,baran
796,City,cullman,1.0000,baran
806,City,clarke,1.0000,baran
808,City,birmingham,1.0000,baran
810,City,birmingham,1.0000,baran
811,City,fort payne,1.0000,baran
812,City,clarke,1.0000,baran
820,City,birmingham,1.0000,baran
822,City,birmingham,1.0000,baran
823,City,birmingham,1.0000,baran
825,City,florence,1.0000,baran
826,City,birmingham,1.0000,baran
828,City,birmingham,1.0000,baran
829,City,clarke,1.0000,baran
832,City,birmingham,1.0000,baran
833,City,birmingham,1.0000,baran
836,City,birmingham,1.0000,baran
845,City,birmingham,1.0000,baran
849,City,birmingham,1.0000,baran
850,City,birmingham,1.0000,baran
851,City,birmingham,1.0000,baran
852,City,fort payne,1.0000,baran
859,City,florence,1.0000,baran
863,City,birmingham,1.0000,baran
864,City,birmingham,1.0000,baran
865,City,birmingham,1.0000,baran
875,City,birmingham,1.0000,baran
878,City,birmingham,1.0000,baran
880,City,birmingham,1.0000,baran
885,City,birmingham,1.0000,baran
886,City,birmingham,1.0000,baran
892,City,birmingham,1.0000,baran
895,City,birmingham,1.0000,baran
896,City,birmingham,1.0000,baran
898,City,birmingham,1.0000,baran
899,City,birmingham,1.0000,baran
902,City,birmingham,1.0000,baran
906,City,birmingham,1.0000,baran
909,City,birmingham,1.0000,baran
911,City,birmingham,1.0000,baran
917,City,cullman,1.0000,baran
918,City,birmingham,1.0000,baran
920,City,birmingham,1.0000,baran
922,City,birmingham,1.0000,baran
924,City,dothan,1.0000,baran
931,City,birmingham,1.0000,baran
934,City,birmingham,1.0000,baran
936,City,birmingham,1.0000,baran
939,City,birmingham,1.0000,baran
942,City,birmingham,1.0000,baran
943,City,georgiana,1.0000,baran
944,City,birmingham,1.0000,baran
952,City,birmingham,1.0000,baran
953,City,birmingham,1.0000,baran
954,City,birmingham,1.0000,baran
955,City,birmingham,1.0000,baran
957,City,birmingham,1.0000,baran
959,City,birmingham,1.0000,baran
965,City,fort payne,1.0000,baran
969,City,enterprise,1.0000,baran
972,City,birmingham,1.0000,baran
973,City,birmingham,1.0000,baran
974,City,birmingham,1.0000,baran
975,City,birmingham,1.0000,baran
976,City,birmingham,1.0000,baran
978,City,cullman,1.0000,baran
980,City,birmingham,1.0000,baran
985,City,birmingham,1.0000,baran
986,City,birmingham,1.0000,baran
995,City,florence,1.0000,baran
997,City,birmingham,1.0000,baran
670,State,al,1.0000,baran
101,State,al,1.0000,baran
158,State,al,1.0000,baran
218,State,al,1.0000,baran
227,State,al,1.0000,baran
240,State,al,1.0000,baran
245,State,al,1.0000,baran
435,State,ak,1.0000,baran
436,State,al,1.0000,baran
437,State,al,1.0000,baran
439,State,ak,1.0000,baran
443,State,ak,1.0000,baran
444,State,ak,1.0000,baran
446,State,al,1.0000,baran
452,State,ak,1.0000,baran
498,State,al,1.0000,baran
529,State,al,1.0000,baran
530,State,al,1.0000,baran
603,State,al,1.0000,baran
729,State,al,1.0000,baran
918,State,al,1.0000,baran
670,HospitalOwner,government - state,1.0000,baran
23,HospitalOwner,government - hospital district or authority,1.0000,baran
41,HospitalOwner,government - hospital district or authority,1.0000,baran
50,HospitalOwner,government - hospital district or authority,1.0000,baran
59,HospitalOwner,government - hospital district or authority,1.0000,baran
75,HospitalOwner,voluntary non-profit - other,1.0000,baran
76,HospitalOwner,voluntary non-profit - other,1.0000,baran
79,HospitalOwner,voluntary non-profit - other,1.0000,baran
125,HospitalOwner,government - federal,1.0000,baran
131,HospitalOwner,government - federal,1.0000,baran
141,HospitalOwner,government - federal,1.0000,baran
163,HospitalOwner,voluntary non-profit - private,1.0000,baran
169,HospitalOwner,proprietary,1.0000,baran
170,HospitalOwner,government - hospital district or authority,1.0000,baran
177,HospitalOwner,government - hospital district or authority,1.0000,baran
179,HospitalOwner,government - hospital district or authority,1.0000,baran
193,HospitalOwner,government - hospital district or authority,1.0000,baran
222,HospitalOwner,voluntary non-profit - church,1.0000,baran
233,HospitalOwner,voluntary non-profit - private,1.0000,baran
250,HospitalOwner,government - federal,1.0000,baran
261,HospitalOwner,government - federal,1.0000,baran
272,HospitalOwner,voluntary non-profit - church,1.0000,baran
273,HospitalOwner,voluntary non-profit - church,1.0000,baran
312,HospitalOwner,proprietary,1.0000,baran
326,HospitalOwner,voluntary non-profit - private,1.0000,baran
336,HospitalOwner,proprietary,1.0000,baran
340,HospitalOwner,proprietary,1.0000,baran
341,HospitalOwner,proprietary,1.0000,baran
356,HospitalOwner,government - state,1.0000,baran
358,HospitalOwner,proprietary,1.0000,baran
379,HospitalOwner,proprietary,1.0000,baran
391,HospitalOwner,government - state,1.0000,baran
417,HospitalOwner,government - local,1.0000,baran
434,HospitalOwner,proprietary,1.0000,baran
439,HospitalOwner,proprietary,1.0000,baran
444,HospitalOwner,government - hospital district or authority,1.0000,baran
445,HospitalOwner,voluntary non-profit - other,1.0000,baran
455,HospitalOwner,government - hospital district or authority,1.0000,baran
465,HospitalOwner,government - state,1.0000,baran
469,HospitalOwner,government - hospital district or authority,1.0000,baran
477,HospitalOwner,proprietary,1.0000,baran
483,HospitalOwner,government - state,1.0000,baran
487,HospitalOwner,government - hospital district or authority,1.0000,baran
488,HospitalOwner,government - hospital district or authority,1.0000,baran
518,HospitalOwner,voluntary non-profit - church,1.0000,baran
521,HospitalOwner,government - hospital district or authority,1.0000,baran
523,HospitalOwner,voluntary non-profit - church,1.0000,baran
578,HospitalOwner,voluntary non-profit - other,1.0000,baran
580,HospitalOwner,voluntary non-profit - other,1.0000,baran
590,HospitalOwner,government - hospital district or authority,1.0000,baran
592,HospitalOwner,voluntary non-profit - other,1.0000,baran
599,HospitalOwner,government - hospital district or authority,1.0000,baran
608,HospitalOwner,voluntary non-profit - other,1.0000,baran
626,HospitalOwner,proprietary,1.0000,baran
630,HospitalOwner,government - hospital district or authority,1.0000,baran
639,HospitalOwner,proprietary,1.0000,baran
646,HospitalOwner,government - local,1.0000,baran
647,HospitalOwner,government - local,1.0000,baran
651,HospitalOwner,voluntary non-profit - church,1.0000,baran
652,HospitalOwner,government - local,1.0000,baran
654,HospitalOwner,voluntary non-profit - private,1.0000,baran
656,HospitalOwner,government - local,1.0000,baran
667,HospitalOwner,government - state,1.0000,baran
672,HospitalOwner,government - hospital district or authority,1.0000,baran
681,HospitalOwner,government - state,1.0000,baran
733,HospitalOwner,government - hospital district or authority,1.0000,baran
737,HospitalOwner,proprietary,1.0000,baran
738,HospitalOwner,government - local,1.0000,baran
739,HospitalOwner,government - hospital district or authority,1.0000,baran
749,HospitalOwner,proprietary,1.0000,baran
764,HospitalOwner,proprietary,1.0000,baran
765,HospitalOwner,government - hospital district or authority,1.0000,baran
769,HospitalOwner,voluntary non-profit - private,1.0000,baran
780,HospitalOwner,government - hospital district or authority,1.0000,baran
782,HospitalOwner,proprietary,1.0000,baran
785,HospitalOwner,government - hospital district or authority,1.0000,baran
805,HospitalOwner,proprietary,1.0000,baran
806,HospitalOwner,proprietary,1.0000,baran
810,HospitalOwner,proprietary,1.0000,baran
889,HospitalOwner,government - local,1.0000,baran
890,HospitalOwner,voluntary non-profit - private,1.0000,baran
892,HospitalOwner,voluntary non-profit - other,1.0000,baran
924,HospitalOwner,proprietary,1.0000,baran
926,HospitalOwner,proprietary,1.0000,baran
927,HospitalOwner,voluntary non-profit - private,1.0000,baran
956,HospitalOwner,proprietary,1.0000,baran
970,HospitalOwner,voluntary non-profit - private,1.0000,baran
974,HospitalOwner,proprietary,1.0000,baran
975,HospitalOwner,voluntary non-profit - private,1.0000,baran
670,EmergencyService,yes,1.0000,baran
12,EmergencyService,yes,1.0000,baran
19,EmergencyService,yes,1.0000,baran
20,EmergencyService,yes,1.0000,baran
25,EmergencyService,yes,1.0000,baran
27,EmergencyService,yes,1.0000,baran
57,EmergencyService,yes,1.0000,baran
61,EmergencyService,yes,1.0000,baran
126,EmergencyService,yes,1.0000,baran
169,EmergencyService,yes,1.0000,baran
172,EmergencyService,yes,1.0000,baran
176,EmergencyService,yes,1.0000,baran
180,EmergencyService,yes,1.0000,baran
200,EmergencyService,yes,1.0000,baran
230,EmergencyService,yes,1.0000,baran
240,EmergencyService,yes,1.0000,baran
259,EmergencyService,yes,1.0000,baran
264,EmergencyService,yes,1.0000,baran
279,EmergencyService,yes,1.0000,baran
303,EmergencyService,yes,1.0000,baran
313,EmergencyService,yes,1.0000,baran
388,EmergencyService,yes,1.0000,baran
435,EmergencyService,yes,1.0000,baran
439,EmergencyService,yes,1.0000,baran
465,EmergencyService,yes,1.0000,baran
504,EmergencyService,yes,1.0000,baran
521,EmergencyService,yes,1.0000,baran
573,EmergencyService,yes,1.0000,baran
584,EmergencyService,yes,1.0000,baran
589,EmergencyService,yes,1.0000,baran
633,EmergencyService,yes,1.0000,baran
673,EmergencyService,yes,1.0000,baran
734,EmergencyService,yes,1.0000,baran
778,EmergencyService,yes,1.0000,baran
821,EmergencyService,yes,1.0000,baran
873,EmergencyService,yes,1.0000,baran
875,EmergencyService,no,1.0000,baran
877,EmergencyService,yes,1.0000,baran
929,EmergencyService,yes,1.0000,baran
956,EmergencyService,yes,1.0000,baran
971,EmergencyService,yes,1.0000,baran
973,EmergencyService,yes,1.0000,baran
985,EmergencyService,yes,1.0000,baran
993,EmergencyService,yes,1.0000,baran
670,Condition,heart attack,1.0000,baran
2,Condition,heart attack,1.0000,baran
5,Condition,heart attack,1.0000,baran
8,Condition,heart attack,1.0000,baran
14,Condition,heart attack,1.0000,baran
44,Condition,heart attack,1.0000,baran
65,Condition,heart attack,1.0000,baran
72,Condition,heart attack,1.0000,baran
74,Condition,heart attack,1.0000,baran
80,Condition,heart attack,1.0000,baran
93,Condition,heart attack,1.0000,baran
101,Condition,heart attack,1.0000,baran
146,Condition,heart attack,1.0000,baran
166,Condition,heart attack,1.0000,baran
178,Condition,heart attack,1.0000,baran
187,Condition,heart attack,1.0000,baran
189,Condition,heart attack,1.0000,baran
194,Condition,heart attack,1.0000,baran
197,Condition,heart attack,1.0000,baran
213,Condition,heart attack,1.0000,baran
215,Condition,heart attack,1.0000,baran
224,Condition,heart attack,1.0000,baran
225,Condition,heart attack,1.0000,baran
227,Condition,heart attack,1.0000,baran
237,Condition,heart attack,1.0000,baran
245,Condition,heart attack,1.0000,baran
253,Condition,heart attack,1.0000,baran
255,Condition,heart attack,1.0000,baran
271,Condition,heart attack,1.0000,baran
277,Condition,heart attack,1.0000,baran
278,Condition,heart attack,1.0000,baran
302,Condition,heart attack,1.0000,baran
304,Condition,heart attack,1.0000,baran
319,Condition,heart attack,1.0000,baran
360,Condition,heart attack,1.0000,baran
377,Condition,heart attack,1.0000,baran
378,Condition,heart attack,1.0000,baran
383,Condition,heart attack,1.0000,baran
385,Condition,heart attack,1.0000,baran
386,Condition,heart attack,1.0000,baran
401,Condition,heart attack,1.0000,baran
417,Condition,heart attack,1.0000,baran
474,Condition,heart attack,1.0000,baran
487,Condition,heart attack,1.0000,baran
543,Condition,heart attack,1.0000,baran
549,Condition,heart attack,1.0000,baran
552,Condition,heart attack,1.0000,baran
564,Condition,heart attack,1.0000,baran
567,Condition,heart attack,1.0000,baran
570,Condition,heart attack,1.0000,baran
575,Condition,heart attack,1.0000,baran
598,Condition,heart attack,1.0000,baran
601,Condition,heart attack,1.0000,baran
634,Condition,heart attack,1.0000,baran
642,Condition,heart attack,1.0000,baran
645,Condition,heart attack,1.0000,baran
696,Condition,heart attack,1.0000,baran
712,Condition,heart attack,1.0000,baran
715,Condition,heart attack,1.0000,baran
722,Condition,heart attack,1.0000,baran
734,Condition,heart attack,1.0000,baran
742,Condition,heart attack,1.0000,baran
745,Condition,heart attack,1.0000,baran
749,Condition,heart attack,1.0000,baran
768,Condition,heart attack,1.0000,baran
771,Condition,heart attack,1.0000,baran
772,Condition,heart attack,1.0000,baran
782,Condition,heart attack,1.0000,baran
787,Condition,heart attack,1.0000,baran
796,Condition,heart attack,1.0000,baran
798,Condition,heart attack,1.0000,baran
803,Condition,heart attack,1.0000,baran
829,Condition,heart attack,1.0000,baran
831,Condition,heart attack,1.0000,baran
835,Condition,heart attack,1.0000,baran
838,Condition,heart attack,1.0000,baran
847,Condition,heart attack,1.0000,baran
859,Condition,heart attack,1.0000,baran
875,Condition,heart attack,1.0000,baran
897,Condition,heart attack,1.0000,baran
904,Condition,heart attack,1.0000,baran
910,Condition,heart attack,1.0000,baran
913,Condition,heart attack,1.0000,baran
914,Condition,heart attack,1.0000,baran
925,Condition,heart attack,1.0000,baran
928,Condition,heart attack,1.0000,baran
670,MeasureCode,ami-4,1.0000,baran
1,MeasureCode,ami-4,1.0000,baran
2,MeasureCode,scip-inf-1,1.0000,baran
3,MeasureCode,scip-inf-2,1.0000,baran
7,MeasureCode,hf-2,1.0000,baran
8,MeasureCode,scip-inf-4,1.0000,baran
10,MeasureCode,ami-2,1.0000,baran
12,MeasureCode,scip-inf-4,1.0000,baran
15,MeasureCode,ami-4,1.0000,baran
22,MeasureCode,ami-4,1.0000,baran
24,MeasureCode,ami-4,1.0000,baran
26,MeasureCode,hf-2,1.0000,baran
32,MeasureCode,ami-4,1.0000,baran
38,MeasureCode,scip-inf-4,1.0000,baran
41,MeasureCode,scip-inf-4,1.0000,baran
43,MeasureCode,ami-4,1.0000,baran
54,MeasureCode,ami-4,1.0000,baran
56,MeasureCode,ami-4,1.0000,baran
57,MeasureCode,hf-2,1.0000,baran
58,MeasureCode,scip-inf-4,1.0000,baran
61,MeasureCode,ami-4,1.0000,baran
65,MeasureCode,scip-inf-3,1.0000,baran
66,MeasureCode,ami-4,1.0000,baran
67,MeasureCode,hf-2,1.0000,baran
69,MeasureCode,hf-2,1.0000,baran
71,MeasureCode,hf-2,1.0000,baran
78,MeasureCode,hf-2,1.0000,baran
95,MeasureCode,ami-4,1.0000,baran
96,MeasureCode,ami-3,1.0000,baran
97,MeasureCode,ami-4,1.0000,baran
98,MeasureCode,ami-4,1.0000,baran
99,MeasureCode,hf-2,1.0000,baran
102,MeasureCode,ami-4,1.0000,baran
104,MeasureCode,ami-4,1.0000,baran
110,MeasureCode,pn-5c,1.0000,baran
120,MeasureCode,ami-4,1.0000,baran
122,MeasureCode,scip-inf-1,1.0000,baran
124,MeasureCode,hf-2,1.0000,baran
126,MeasureCode,hf-2,1.0000,baran
130,MeasureCode,hf-4,1.0000,baran
131,MeasureCode,pn-2,1.0000,baran
133,MeasureCode,ami-1,1.0000,baran
135,MeasureCode,pn-6,1.0000,baran
137,MeasureCode,hf-2,1.0000,baran
138,MeasureCode,scip-inf-4,1.0000,baran
140,MeasureCode,scip-inf-4,1.0000,baran
146,MeasureCode,pn-5c,1.0000,baran
148,MeasureCode,scip-inf-3,1.0000,baran
151,MeasureCode,hf-2,1.0000,baran
152,MeasureCode,ami-4,1.0000,baran
153,MeasureCode,ami-4,1.0000,baran
154,MeasureCode,ami-4,1.0000,baran
157,MeasureCode,pn-3b,1.0000,baran
161,MeasureCode,ami-4,1.0000,baran
164,MeasureCode,ami-4,1.0000,baran
165,MeasureCode,hf-2,1.0000,baran
166,MeasureCode,hf-2,1.0000,baran
170,MeasureCode,ami-1,1.0000,baran
171,MeasureCode,ami-2,1.0000,baran
172,MeasureCode,ami-4,1.0000,baran
176,MeasureCode,ami-4,1.0000,baran
179,MeasureCode,pn-5c,1.0000,baran
183,MeasureCode,scip-inf-2,1.0000,baran
192,MeasureCode,pn-6,1.0000,baran
193,MeasureCode,scip-inf-4,1.0000,baran
199,MeasureCode,ami-5,1.0000,baran
209,MeasureCode,ami-4,1.0000,baran
210,MeasureCode,pn-6,1.0000,baran
217,MeasureCode,ami-4,1.0000,baran
219,MeasureCode,scip-vte-2,1.0000,baran
220,MeasureCode,ami-1,1.0000,baran
222,MeasureCode,ami-3,1.0000,baran
223,MeasureCode,ami-4,1.0000,baran
225,MeasureCode,pn-3b,1.0000,baran
227,MeasureCode,hf-2,1.0000,baran
229,MeasureCode,ami-4,1.0000,baran
231,MeasureCode,hf-2,1.0000,baran
232,MeasureCode,ami-4,1.0000,baran
233,MeasureCode,hf-2,1.0000,baran
235,MeasureCode,ami-4,1.0000,baran
240,MeasureCode,ami-4,1.0000,baran
242,MeasureCode,scip-inf-6,1.0000,baran
244,MeasureCode,ami-8a,1.0000,baran
246,MeasureCode,ami-4,1.0000,baran
249,MeasureCode,hf-2,1.0000,baran
250,MeasureCode,hf-2,1.0000,baran
252,MeasureCode,hf-1,1.0000,baran
253,MeasureCode,ami-4,1.0000,baran
257,MeasureCode,pn-3b,1.0000,baran
258,MeasureCode,ami-4,1.0000,baran
261,MeasureCode,hf-2,1.0000,baran
264,MeasureCode,ami-4,1.0000,baran
273,MeasureCode,scip-inf-4,1.0000,baran
274,MeasureCode,pn-5c,1.0000,baran
280,MeasureCode,hf-4,1.0000,baran
281,MeasureCode,cac-2,1.0000,baran
282,MeasureCode,pn-3b,1.0000,baran
283,MeasureCode,pn-4,1.0000,baran
284,MeasureCode,pn-5c,1.0000,baran
287,MeasureCode,scip-card-2,1.0000,baran
288,MeasureCode,pn-5c,1.0000,baran
291,MeasureCode,scip-inf-4,1.0000,baran
292,MeasureCode,scip-inf-6,1.0000,baran
293,MeasureCode,scip-vte-1,1.0000,baran
295,MeasureCode,ami-4,1.0000,baran
300,MeasureCode,hf-2,1.0000,baran
303,MeasureCode,ami-4,1.0000,baran
308,MeasureCode,pn-4,1.0000,baran
309,MeasureCode,ami-4,1.0000,baran
317,MeasureCode,ami-4,1.0000,baran
319,MeasureCode,hf-2,1.0000,baran
320,MeasureCode,ami-4,1.0000,baran
323,MeasureCode,scip-card-2,1.0000,baran
324,MeasureCode,pn-5c,1.0000,baran
326,MeasureCode,pn-3b,1.0000,baran
332,MeasureCode,hf-2,1.0000,baran
337,MeasureCode,pn-4,1.0000,baran
340,MeasureCode,pn-7,1.0000,baran
341,MeasureCode,hf-2,1.0000,baran
346,MeasureCode,ami-4,1.0000,baran
347,MeasureCode,scip-vte-1,1.0000,baran
351,MeasureCode,ami-3,1.0000,baran
352,MeasureCode,ami-4,1.0000,baran
357,MeasureCode,hf-2,1.0000,baran
359,MeasureCode,ami-5,1.0000,baran
360,MeasureCode,ami-7a,1.0000,baran
361,MeasureCode,ami-8a,1.0000,baran
362,MeasureCode,ami-1,1.0000,baran
367,MeasureCode,ami-4,1.0000,baran
368,MeasureCode,hf-2,1.0000,baran
371,MeasureCode,ami-4,1.0000,baran
372,MeasureCode,ami-4,1.0000,baran
374,MeasureCode,scip-inf-4,1.0000,baran
375,MeasureCode,ami-4,1.0000,baran
376,MeasureCode,hf-2,1.0000,baran
377,MeasureCode,ami-3,1.0000,baran
379,MeasureCode,cac-1,1.0000,baran
381,MeasureCode,pn-5c,1.0000,baran
385,MeasureCode,ami-7a,1.0000,baran
386,MeasureCode,scip-inf-4,1.0000,baran
391,MeasureCode,ami-4,1.0000,baran
393,MeasureCode,ami-2,1.0000,baran
397,MeasureCode,ami-7a,1.0000,baran
398,MeasureCode,scip-card-2,1.0000,baran
402,MeasureCode,pn-7,1.0000,baran
404,MeasureCode,ami-4,1.0000,baran
405,MeasureCode,scip-inf-3,1.0000,baran
406,MeasureCode,scip-inf-4,1.0000,baran
407,MeasureCode,hf-2,1.0000,baran
413,MeasureCode,pn-5c,1.0000,baran
416,MeasureCode,ami-2,1.0000,baran
420,MeasureCode,hf-2,1.0000,baran
422,MeasureCode,ami-4,1.0000,baran
430,MeasureCode,ami-4,1.0000,baran
431,MeasureCode,scip-inf-4,1.0000,baran
432,MeasureCode,ami-4,1.0000,baran
433,MeasureCode,hf-2,1.0000,baran
435,MeasureCode,hf-2,1.0000,baran
436,MeasureCode,hf-4,1.0000,baran
441,MeasureCode,ami-4,1.0000,baran
442,MeasureCode,scip-inf-2,1.0000,baran
443,MeasureCode,scip-card-2,1.0000,baran
448,MeasureCode,scip-inf-6,1.0000,baran
449,MeasureCode,ami-4,1.0000,baran
450,MeasureCode,hf-2,1.0000,baran
452,MeasureCode,ami-4,1.0000,baran
456,MeasureCode,scip-inf-4,1.0000,baran
458,MeasureCode,hf-2,1.0000,baran
459,MeasureCode,scip-card-2,1.0000,baran
464,MeasureCode,scip-inf-4,1.0000,baran
468,MeasureCode,ami-4,1.0000,baran
471,MeasureCode,hf-2,1.0000,baran
475,MeasureCode,ami-4,1.0000,baran
477,MeasureCode,ami-4,1.0000,baran
479,MeasureCode,pn-3b,1.0000,baran
481,MeasureCode,ami-4,1.0000,baran
485,MeasureCode,scip-inf-1,1.0000,baran
486,MeasureCode,scip-inf-2,1.0000,baran
487,MeasureCode,ami-4,1.0000,baran
488,MeasureCode,ami-4,1.0000,baran
492,MeasureCode,ami-1,1.0000,baran
498,MeasureCode,hf-2,1.0000,baran
499,MeasureCode,ami-3,1.0000,baran
503,MeasureCode,ami-4,1.0000,baran
504,MeasureCode,scip-inf-4,1.0000,baran
505,MeasureCode,ami-4,1.0000,baran
508,MeasureCode,pn-6,1.0000,baran
509,MeasureCode,scip-card-2,1.0000,baran
511,MeasureCode,scip-inf-2,1.0000,baran
512,MeasureCode,ami-4,1.0000,baran
513,MeasureCode,ami-4,1.0000,baran
514,MeasureCode,hf-2,1.0000,baran
518,MeasureCode,scip-inf-4,1.0000,baran
519,MeasureCode,hf-2,1.0000,baran
528,MeasureCode,pn-6,1.0000,baran
537,MeasureCode,hf-2,1.0000,baran
541,MeasureCode,scip-vte-2,1.0000,baran
543,MeasureCode,ami-2,1.0000,baran
547,MeasureCode,scip-inf-4,1.0000,baran
548,MeasureCode,ami-4,1.0000,baran
553,MeasureCode,hf-2,1.0000,baran
556,MeasureCode,ami-4,1.0000,baran
560,MeasureCode,scip-inf-1,1.0000,baran
561,MeasureCode,hf-2,1.0000,baran
562,MeasureCode,ami-4,1.0000,baran
565,MeasureCode,hf-2,1.0000,baran
566,MeasureCode,scip-inf-4,1.0000,baran
567,MeasureCode,hf-2,1.0000,baran
568,MeasureCode,pn-7,1.0000,baran
569,MeasureCode,ami-4,1.0000,baran
570,MeasureCode,hf-2,1.0000,baran
572,MeasureCode,ami-7a,1.0000,baran
573,MeasureCode,hf-2,1.0000,baran
574,MeasureCode,ami-4,1.0000,baran
575,MeasureCode,hf-2,1.0000,baran
578,MeasureCode,ami-4,1.0000,baran
580,MeasureCode,pn-4,1.0000,baran
581,MeasureCode,ami-4,1.0000,baran
582,MeasureCode,hf-1,1.0000,baran
585,MeasureCode,scip-inf-1,1.0000,baran
590,MeasureCode,pn-5c,1.0000,baran
591,MeasureCode,scip-vte-2,1.0000,baran
597,MeasureCode,hf-2,1.0000,baran
599,MeasureCode,ami-4,1.0000,baran
601,MeasureCode,hf-2,1.0000,baran
604,MeasureCode,pn-3b,1.0000,baran
605,MeasureCode,hf-2,1.0000,baran
608,MeasureCode,pn-7,1.0000,baran
611,MeasureCode,ami-4,1.0000,baran
615,MeasureCode,ami-4,1.0000,baran
616,MeasureCode,hf-2,1.0000,baran
619,MeasureCode,ami-4,1.0000,baran
626,MeasureCode,ami-4,1.0000,baran
627,MeasureCode,ami-4,1.0000,baran
632,MeasureCode,pn-6,1.0000,baran
635,MeasureCode,scip-inf-4,1.0000,baran
636,MeasureCode,scip-inf-2,1.0000,baran
637,MeasureCode,hf-2,1.0000,baran
640,MeasureCode,scip-inf-4,1.0000,baran
648,MeasureCode,hf-2,1.0000,baran
649,MeasureCode,hf-2,1.0000,baran
654,MeasureCode,ami-4,1.0000,baran
655,MeasureCode,scip-vte-1,1.0000,baran
656,MeasureCode,ami-4,1.0000,baran
659,MeasureCode,ami-4,1.0000,baran
660,MeasureCode,hf-2,1.0000,baran
661,MeasureCode,hf-2,1.0000,baran
665,MeasureCode,hf-2,1.0000,baran
671,MeasureCode,ami-4,1.0000,baran
672,MeasureCode,hf-2,1.0000,baran
675,MeasureCode,ami-4,1.0000,baran
677,MeasureCode,pn-5c,1.0000,baran
678,MeasureCode,ami-4,1.0000,baran
679,MeasureCode,hf-2,1.0000,baran
680,MeasureCode,pn-4,1.0000,baran
681,MeasureCode,cac-2,1.0000,baran
682,MeasureCode,ami-4,1.0000,baran
683,MeasureCode,hf-2,1.0000,baran
684,MeasureCode,scip-card-2,1.0000,baran
686,MeasureCode,ami-4,1.0000,baran
688,MeasureCode,scip-inf-4,1.0000,baran
690,MeasureCode,scip-vte-1,1.0000,baran
691,MeasureCode,ami-4,1.0000,baran
694,MeasureCode,ami-8a,1.0000,baran
698,MeasureCode,hf-2,1.0000,baran
699,MeasureCode,hf-1,1.0000,baran
700,MeasureCode,hf-2,1.0000,baran
701,MeasureCode,ami-4,1.0000,baran
702,MeasureCode,hf-4,1.0000,baran
703,MeasureCode,pn-2,1.0000,baran
704,MeasureCode,pn-5c,1.0000,baran
705,MeasureCode,ami-4,1.0000,baran
707,MeasureCode,ami-4,1.0000,baran
709,MeasureCode,hf-2,1.0000,baran
710,MeasureCode,scip-inf-4,1.0000,baran
711,MeasureCode,hf-2,1.0000,baran
714,MeasureCode,hf-2,1.0000,baran
715,MeasureCode,hf-2,1.0000,baran
716,MeasureCode,hf-2,1.0000,baran
718,MeasureCode,hf-2,1.0000,baran
722,MeasureCode,ami-4,1.0000,baran
724,MeasureCode,ami-4,1.0000,baran
727,MeasureCode,ami-4,1.0000,baran
732,MeasureCode,hf-1,1.0000,baran
737,MeasureCode,ami-4,1.0000,baran
744,MeasureCode,ami-8a,1.0000,baran
747,MeasureCode,ami-7a,1.0000,baran
748,MeasureCode,ami-4,1.0000,baran
749,MeasureCode,hf-1,1.0000,baran
750,MeasureCode,hf-2,1.0000,baran
751,MeasureCode,pn-5c,1.0000,baran
757,MeasureCode,ami-4,1.0000,baran
758,MeasureCode,hf-2,1.0000,baran
759,MeasureCode,hf-2,1.0000,baran
760,MeasureCode,hf-2,1.0000,baran
765,MeasureCode,scip-vte-1,1.0000,baran
773,MeasureCode,pn-3b,1.0000,baran
774,MeasureCode,ami-7a,1.0000,baran
776,MeasureCode,ami-4,1.0000,baran
778,MeasureCode,ami-4,1.0000,baran
779,MeasureCode,scip-inf-4,1.0000,baran
780,MeasureCode,hf-2,1.0000,baran
782,MeasureCode,hf-2,1.0000,baran
790,MeasureCode,scip-inf-4,1.0000,baran
793,MeasureCode,ami-4,1.0000,baran
796,MeasureCode,hf-2,1.0000,baran
801,MeasureCode,scip-vte-1,1.0000,baran
802,MeasureCode,hf-2,1.0000,baran
803,MeasureCode,scip-inf-2,1.0000,baran
805,MeasureCode,scip-inf-4,1.0000,baran
816,MeasureCode,ami-4,1.0000,baran
817,MeasureCode,hf-2,1.0000,baran
820,MeasureCode,scip-card-2,1.0000,baran
821,MeasureCode,ami-4,1.0000,baran
827,MeasureCode,scip-vte-2,1.0000,baran
828,MeasureCode,hf-2,1.0000,baran
830,MeasureCode,ami-4,1.0000,baran
831,MeasureCode,hf-2,1.0000,baran
833,MeasureCode,ami-7a,1.0000,baran
834,MeasureCode,ami-4,1.0000,baran
835,MeasureCode,ami-4,1.0000,baran
837,MeasureCode,scip-inf-2,1.0000,baran
841,MeasureCode,pn-2,1.0000,baran
843,MeasureCode,hf-2,1.0000,baran
844,MeasureCode,hf-2,1.0000,baran
846,MeasureCode,scip-inf-1,1.0000,baran
848,MeasureCode,pn-5c,1.0000,baran
852,MeasureCode,hf-2,1.0000,baran
855,MeasureCode,scip-inf-4,1.0000,baran
859,MeasureCode,pn-5c,1.0000,baran
862,MeasureCode,hf-2,1.0000,baran
864,MeasureCode,ami-2,1.0000,baran
865,MeasureCode,ami-4,1.0000,baran
867,MeasureCode,hf-2,1.0000,baran
869,MeasureCode,pn-2,1.0000,baran
872,MeasureCode,scip-inf-2,1.0000,baran
876,MeasureCode,ami-4,1.0000,baran
883,MeasureCode,ami-4,1.0000,baran
886,MeasureCode,scip-inf-4,1.0000,baran
889,MeasureCode,scip-inf-4,1.0000,baran
891,MeasureCode,ami-5,1.0000,baran
894,MeasureCode,pn-5c,1.0000,baran
896,MeasureCode,hf-2,1.0000,baran
900,MeasureCode,scip-card-2,1.0000,baran
901,MeasureCode,hf-2,1.0000,baran
902,MeasureCode,scip-vte-2,1.0000,baran
907,MeasureCode,ami-4,1.0000,baran
910,MeasureCode,ami-5,1.0000,baran
911,MeasureCode,ami-7a,1.0000,baran
912,MeasureCode,ami-4,1.0000,baran
913,MeasureCode,scip-inf-2,1.0000,baran
917,MeasureCode,ami-4,1.0000,baran
918,MeasureCode,hf-2,1.0000,baran
919,MeasureCode,pn-4,1.0000,baran
921,MeasureCode,pn-6,1.0000,baran
922,MeasureCode,cac-2,1.0000,baran
926,MeasureCode,ami-4,1.0000,baran
927,MeasureCode,ami-4,1.0000,baran
929,MeasureCode,ami-4,1.0000,baran
930,MeasureCode,ami-1,1.0000,baran
932,MeasureCode,scip-vte-1,1.0000,baran
935,MeasureCode,hf-2,1.0000,baran
936,MeasureCode,ami-7a,1.0000,baran
940,MeasureCode,ami-7a,1.0000,baran
942,MeasureCode,ami-5,1.0000,baran
947,MeasureCode,hf-2,1.0000,baran
951,MeasureCode,scip-inf-4,1.0000,baran
953,MeasureCode,scip-inf-6,1.0000,baran
958,MeasureCode,ami-4,1.0000,baran
964,MeasureCode,hf-2,1.0000,baran
965,MeasureCode,hf-3,1.0000,baran
967,MeasureCode,scip-vte-1,1.0000,baran
969,MeasureCode,pn-4,1.0000,baran
972,MeasureCode,scip-inf-3,1.0000,baran
976,MeasureCode,scip-inf-3,1.0000,baran
982,MeasureCode,ami-2,1.0000,baran
983,MeasureCode,hf-2,1.0000,baran
986,MeasureCode,hf-2,1.0000,baran
987,MeasureCode,ami-7a,1.0000,baran
988,MeasureCode,ami-4,1.0000,baran
989,MeasureCode,ami-4,1.0000,baran
990,MeasureCode,hf-2,1.0000,baran
991,MeasureCode,ami-4,1.0000,baran
992,MeasureCode,ami-4,1.0000,baran
993,MeasureCode,pn-3b,1.0000,baran
994,MeasureCode,ami-4,1.0000,baran
995,MeasureCode,ami-4,1.0000,baran
996,MeasureCode,scip-inf-1,1.0000,baran
998,MeasureCode,hf-2,1.0000,baran
1000,MeasureCode,hf-2,1.0000,baran
670,Score,100%,1.0000,baran
27,Score,100%,1.0000,baran
46,Score,100%,1.0000,baran
47,Score,100%,1.0000,baran
65,Score,100%,1.0000,baran
187,Score,100%,1.0000,baran
194,Score,100%,1.0000,baran
199,Score,100%,1.0000,baran
226,Score,40%,1.0000,baran
327,Score,100%,1.0000,baran
328,Score,100%,1.0000,baran
377,Score,100%,1.0000,baran
383,Score,100%,1.0000,baran
422,Score,100%,1.0000,baran
432,Score,100%,1.0000,baran
433,Score,100%,1.0000,baran
438,Score,100%,1.0000,baran
445,Score,100%,1.0000,baran
456,Score,empty,1.0000,baran
462,Score,100%,1.0000,baran
470,Score,100%,1.0000,baran
472,Score,100%,1.0000,baran
480,Score,100%,1.0000,baran
484,Score,100%,1.0000,baran
506,Score,100%,1.0000,baran
508,Score,100%,1.0000,baran
581,Score,100%,1.0000,baran
590,Score,100%,1.0000,baran
600,Score,100%,1.0000,baran
628,Score,100%,1.0000,baran
669,Score,100%,1.0000,baran
671,Score,100%,1.0000,baran
734,Score,100%,1.0000,baran
735,Score,100%,1.0000,baran
739,Score,100%,1.0000,baran
752,Score,100%,1.0000,baran
768,Score,100%,1.0000,baran
772,Score,100%,1.0000,baran
790,Score,100%,1.0000,baran
791,Score,100%,1.0000,baran
809,Score,empty,1.0000,baran
813,Score,100%,1.0000,baran
815,Score,100%,1.0000,baran
825,Score,100%,1.0000,baran
845,Score,100%,1.0000,baran
853,Score,100%,1.0000,baran
904,Score,100%,1.0000,baran
933,Score,100%,1.0000,baran
972,Score,100%,1.0000,baran
998,Score,100%,1.0000,baran
1,HospitalName,marshall medical center south,1.0000,baran
6,HospitalName,baptist medical center south,1.0000,baran
7,HospitalName,eliza coffee memorial hospital,1.0000,baran
12,HospitalName,cullman regional medical center,1.0000,baran
16,HospitalName,university of alabama hospital,1.0000,baran
17,HospitalName,university of alabama hospital,1.0000,baran
18,HospitalName,university of alabama hospital,1.0000,baran
26,HospitalName,southeast alabama medical center,1.0000,baran
28,HospitalName,southeast alabama medical center,1.0000,baran
29,HospitalName,southeast alabama medical center,1.0000,baran
31,HospitalName,southeast alabama medical center,1.0000,baran
32,HospitalName,dekalb regional medical center,1.0000,baran
33,HospitalName,g h lanier memorial hospital,1.0000,baran
34,HospitalName,dekalb regional medical center,1.0000,baran
39,HospitalName,fayette medical center,1.0000,baran
45,HospitalName,elba general hospital,1.0000,baran
47,HospitalName,marshall medical center south,1.0000,baran
51,HospitalName,marshall medical center south,1.0000,baran
52,HospitalName,marshall medical center south,1.0000,baran
54,HospitalName,baptist medical center south,1.0000,baran
55,HospitalName,university of alabama hospital,1.0000,baran
59,HospitalName,georgiana hospital,1.0000,baran
60,HospitalName,marshall medical center south,1.0000,baran
61,HospitalName,g h lanier memorial hospital,1.0000,baran
62,HospitalName,marshall medical center south,1.0000,baran
63,HospitalName,marshall medical center south,1.0000,baran
67,HospitalName,marshall medical center south,1.0000,baran
68,HospitalName,g h lanier memorial hospital,1.0000,baran
69,HospitalName,marshall medical center south,1.0000,baran
70,HospitalName,cullman regional medical center,1.0000,baran
71,HospitalName,eliza coffee memorial hospital,1.0000,baran
74,HospitalName,fayette medical center,1.0000,baran
76,HospitalName,eliza coffee memorial hospital,1.0000,baran
82,HospitalName,eliza coffee memorial hospital,1.0000,baran
85,HospitalName,southeast alabama medical center,1.0000,baran
86,HospitalName,eliza coffee memorial hospital,1.0000,baran
87,HospitalName,eliza coffee memorial hospital,1.0000,baran
89,HospitalName,eliza coffee memorial hospital,1.0000,baran
91,HospitalName,eliza coffee memorial hospital,1.0000,baran
95,HospitalName,mizell memorial hospital,1.0000,baran
101,HospitalName,mizell memorial hospital,1.0000,baran
104,HospitalName,mizell memorial hospital,1.0000,baran
107,HospitalName,mizell memorial hospital,1.0000,baran
118,HospitalName,mizell memorial hospital,1.0000,baran
120,HospitalName,crenshaw community hospital,1.0000,baran
121,HospitalName,crenshaw community hospital,1.0000,baran
135,HospitalName,stringfellow memorial hospital,1.0000,baran
136,HospitalName,huntsville hospital,1.0000,baran
137,HospitalName,crenshaw community hospital,1.0000,baran
138,HospitalName,cherokee medical center,1.0000,baran
140,HospitalName,crenshaw community hospital,1.0000,baran
144,HospitalName,crenshaw community hospital,1.0000,baran
145,HospitalName,southwest alabama medical center,1.0000,baran
146,HospitalName,hartselle medical center,1.0000,baran
152,HospitalName,hartselle medical center,1.0000,baran
153,HospitalName,hartselle medical center,1.0000,baran
156,HospitalName,dale medical center,1.0000,baran
157,HospitalName,hartselle medical center,1.0000,baran
162,HospitalName,hartselle medical center,1.0000,baran
178,HospitalName,southeast alabama medical center,1.0000,baran
180,HospitalName,marshall medical center north,1.0000,baran
181,HospitalName,fayette medical center,1.0000,baran
183,HospitalName,southwest alabama medical center,1.0000,baran
187,HospitalName,marshall medical center north,1.0000,baran
190,HospitalName,marshall medical center north,1.0000,baran
192,HospitalName,marshall medical center north,1.0000,baran
193,HospitalName,gadsden regional medical center,1.0000,baran
194,HospitalName,marshall medical center north,1.0000,baran
199,HospitalName,university of alabama hospital,1.0000,baran
204,HospitalName,marshall medical center south,1.0000,baran
211,HospitalName,university of alabama hospital,1.0000,baran
212,HospitalName,hartselle medical center,1.0000,baran
214,HospitalName,university of alabama hospital,1.0000,baran
215,HospitalName,mizell memorial hospital,1.0000,baran
219,HospitalName,dale medical center,1.0000,baran
220,HospitalName,dekalb regional medical center,1.0000,baran
221,HospitalName,dekalb regional medical center,1.0000,baran
222,HospitalName,dekalb regional medical center,1.0000,baran
227,HospitalName,hartselle medical center,1.0000,baran
228,HospitalName,dekalb regional medical center,1.0000,baran
240,HospitalName,shelby baptist medical center,1.0000,baran
241,HospitalName,dekalb regional medical center,1.0000,baran
247,HospitalName,southwest alabama medical center,1.0000,baran
249,HospitalName,southwest alabama medical center,1.0000,baran
253,HospitalName,hartselle medical center,1.0000,baran
256,HospitalName,southwest alabama medical center,1.0000,baran
257,HospitalName,southwest alabama medical center,1.0000,baran
258,HospitalName,southwest alabama medical center,1.0000,baran
260,HospitalName,northwest medical center,1.0000,baran
264,HospitalName,southwest alabama medical center,1.0000,baran
267,HospitalName,southwest alabama medical center,1.0000,baran
272,HospitalName,shelby baptist medical center,1.0000,baran
277,HospitalName,shelby baptist medical center,1.0000,baran
278,HospitalName,shelby baptist medical center,1.0000,baran
281,HospitalName,shelby baptist medical center,1.0000,baran
282,HospitalName,shelby baptist medical center,1.0000,baran
283,HospitalName,eliza coffee memorial hospital,1.0000,baran
284,HospitalName,shelby baptist medical center,1.0000,baran
285,HospitalName,g h lanier memorial hospital,1.0000,baran
287,HospitalName,shelby baptist medical center,1.0000,baran
291,HospitalName,shelby baptist medical center,1.0000,baran
292,HospitalName,southeast alabama medical center,1.0000,baran
294,HospitalName,shelby baptist medical center,1.0000,baran
295,HospitalName,university of alabama hospital,1.0000,baran
299,HospitalName,university of alabama hospital,1.0000,baran
300,HospitalName,university of alabama hospital,1.0000,baran
302,HospitalName,stringfellow memorial hospital,1.0000,baran
303,HospitalName,fayette medical center,1.0000,baran
304,HospitalName,university of alabama hospital,1.0000,baran
306,HospitalName,university of alabama hospital,1.0000,baran
308,HospitalName,university of alabama hospital,1.0000,baran
309,HospitalName,university of alabama hospital,1.0000,baran
310,HospitalName,university of alabama hospital,1.0000,baran
312,HospitalName,stringfellow memorial hospital,1.0000,baran
315,HospitalName,stringfellow memorial hospital,1.0000,baran
318,HospitalName,mizell memorial hospital,1.0000,baran
321,HospitalName,st vincents blount,1.0000,baran
322,HospitalName,stringfellow memorial hospital,1.0000,baran
324,HospitalName,marshall medical center south,1.0000,baran
325,HospitalName,stringfellow memorial hospital,1.0000,baran
326,HospitalName,stringfellow memorial hospital,1.0000,baran
330,HospitalName,stringfellow memorial hospital,1.0000,baran
342,HospitalName,flowers hospital,1.0000,baran
353,HospitalName,east alabama medical center and snf,1.0000,baran
358,HospitalName,northwest medical center,1.0000,baran
359,HospitalName,northwest medical center,1.0000,baran
361,HospitalName,northwest medical center,1.0000,baran
363,HospitalName,northwest medical center,1.0000,baran
366,HospitalName,dekalb regional medical center,1.0000,baran
369,HospitalName,northwest medical center,1.0000,baran
370,HospitalName,marshall medical center south,1.0000,baran
371,HospitalName,northwest medical center,1.0000,baran
373,HospitalName,riverview regional medical center,1.0000,baran
376,HospitalName,northwest medical center,1.0000,baran
378,HospitalName,northwest medical center,1.0000,baran
381,HospitalName,hartselle medical center,1.0000,baran
382,HospitalName,univ of south alabama medical center,1.0000,baran
385,HospitalName,marshall medical center south,1.0000,baran
387,HospitalName,univ of south alabama medical center,1.0000,baran
389,HospitalName,univ of south alabama medical center,1.0000,baran
390,HospitalName,univ of south alabama medical center,1.0000,baran
391,HospitalName,univ of south alabama medical center,1.0000,baran
392,HospitalName,univ of south alabama medical center,1.0000,baran
394,HospitalName,wedowee hospital,1.0000,baran
395,HospitalName,prattville baptist hospital,1.0000,baran
399,HospitalName,prattville baptist hospital,1.0000,baran
402,HospitalName,prattville baptist hospital,1.0000,baran
405,HospitalName,prattville baptist hospital,1.0000,baran
407,HospitalName,prattville baptist hospital,1.0000,baran
408,HospitalName,gadsden regional medical center,1.0000,baran
409,HospitalName,prattville baptist hospital,1.0000,baran
411,HospitalName,prattville baptist hospital,1.0000,baran
416,HospitalName,university of alabama hospital,1.0000,baran
417,HospitalName,coosa valley medical center,1.0000,baran
420,HospitalName,coosa valley medical center,1.0000,baran
421,HospitalName,coosa valley medical center,1.0000,baran
422,HospitalName,coosa valley medical center,1.0000,baran
424,HospitalName,coosa valley medical center,1.0000,baran
425,HospitalName,northwest medical center,1.0000,baran
428,HospitalName,coosa valley medical center,1.0000,baran
429,HospitalName,coosa valley medical center,1.0000,baran
432,HospitalName,dekalb regional medical center,1.0000,baran
434,HospitalName,alaska regional hospital,1.0000,baran
435,HospitalName,alaska regional hospital,1.0000,baran
438,HospitalName,alaska regional hospital,1.0000,baran
439,HospitalName,alaska regional hospital,1.0000,baran
442,HospitalName,alaska regional hospital,1.0000,baran
446,HospitalName,alaska regional hospital,1.0000,baran
448,HospitalName,alaska regional hospital,1.0000,baran
449,HospitalName,university of alabama hospital,1.0000,baran
455,HospitalName,university of alabama hospital,1.0000,baran
456,HospitalName,cullman regional medical center,1.0000,baran
457,HospitalName,university of alabama hospital,1.0000,baran
459,HospitalName,georgiana hospital,1.0000,baran
462,HospitalName,university of alabama hospital,1.0000,baran
463,HospitalName,university of alabama hospital,1.0000,baran
464,HospitalName,university of alabama hospital,1.0000,baran
465,HospitalName,gadsden regional medical center,1.0000,baran
466,HospitalName,elba general hospital,1.0000,baran
467,HospitalName,dale medical center,1.0000,baran
469,HospitalName,dale medical center,1.0000,baran
470,HospitalName,dale medical center,1.0000,baran
477,HospitalName,dale medical center,1.0000,baran
479,HospitalName,university of alabama hospital,1.0000,baran
480,HospitalName,marshall medical center south,1.0000,baran
481,HospitalName,dale medical center,1.0000,baran
483,HospitalName,dale medical center,1.0000,baran
486,HospitalName,dale medical center,1.0000,baran
489,HospitalName,dale medical center,1.0000,baran
490,HospitalName,dale medical center,1.0000,baran
492,HospitalName,cherokee medical center,1.0000,baran
494,HospitalName,cherokee medical center,1.0000,baran
495,HospitalName,southwest alabama medical center,1.0000,baran
496,HospitalName,cherokee medical center,1.0000,baran
500,HospitalName,cherokee medical center,1.0000,baran
501,HospitalName,elba general hospital,1.0000,baran
511,HospitalName,northwest medical center,1.0000,baran
512,HospitalName,dale medical center,1.0000,baran
520,HospitalName,baptist medical center south,1.0000,baran
524,HospitalName,baptist medical center south,1.0000,baran
525,HospitalName,baptist medical center south,1.0000,baran
527,HospitalName,northwest medical center,1.0000,baran
529,HospitalName,baptist medical center south,1.0000,baran
533,HospitalName,baptist medical center south,1.0000,baran
537,HospitalName,baptist medical center south,1.0000,baran
538,HospitalName,baptist medical center south,1.0000,baran
543,HospitalName,jackson hospital & clinic inc,1.0000,baran
546,HospitalName,jackson hospital & clinic inc,1.0000,baran
551,HospitalName,jackson hospital & clinic inc,1.0000,baran
552,HospitalName,northwest medical center,1.0000,baran
556,HospitalName,g h lanier memorial hospital,1.0000,baran
557,HospitalName,jackson hospital & clinic inc,1.0000,baran
559,HospitalName,baptist medical center south,1.0000,baran
560,HospitalName,jackson hospital & clinic inc,1.0000,baran
561,HospitalName,jackson hospital & clinic inc,1.0000,baran
568,HospitalName,university of alabama hospital,1.0000,baran
571,HospitalName,g h lanier memorial hospital,1.0000,baran
577,HospitalName,northwest medical center,1.0000,baran
578,HospitalName,g h lanier memorial hospital,1.0000,baran
579,HospitalName,g h lanier memorial hospital,1.0000,baran
580,HospitalName,g h lanier memorial hospital,1.0000,baran
581,HospitalName,southeast alabama medical center,1.0000,baran
587,HospitalName,g h lanier memorial hospital,1.0000,baran
592,HospitalName,elba general hospital,1.0000,baran
593,HospitalName,elba general hospital,1.0000,baran
594,HospitalName,crenshaw community hospital,1.0000,baran
601,HospitalName,baptist medical center south,1.0000,baran
603,HospitalName,eliza coffee memorial hospital,1.0000,baran
608,HospitalName,southeast alabama medical center,1.0000,baran
609,HospitalName,elba general hospital,1.0000,baran
611,HospitalName,mizell memorial hospital,1.0000,baran
613,HospitalName,coosa valley medical center,1.0000,baran
614,HospitalName,elba general hospital,1.0000,baran
617,HospitalName,east alabama medical center and snf,1.0000,baran
618,HospitalName,east alabama medical center and snf,1.0000,baran
619,HospitalName,baptist medical center south,1.0000,baran
620,HospitalName,northwest medical center,1.0000,baran
621,HospitalName,g h lanier memorial hospital,1.0000,baran
625,HospitalName,university of alabama hospital,1.0000,baran
628,HospitalName,east alabama medical center and snf,1.0000,baran
629,HospitalName,east alabama medical center and snf,1.0000,baran
631,HospitalName,g h lanier memorial hospital,1.0000,baran
634,HospitalName,east alabama medical center and snf,1.0000,baran
635,HospitalName,shelby baptist medical center,1.0000,baran
636,HospitalName,east alabama medical center and snf,1.0000,baran
640,HospitalName,marshall medical center south,1.0000,baran
648,HospitalName,wedowee hospital,1.0000,baran
655,HospitalName,wedowee hospital,1.0000,baran
656,HospitalName,wedowee hospital,1.0000,baran
658,HospitalName,wedowee hospital,1.0000,baran
662,HospitalName,wedowee hospital,1.0000,baran
663,HospitalName,wedowee hospital,1.0000,baran
664,HospitalName,wedowee hospital,1.0000,baran
665,HospitalName,marshall medical center south,1.0000,baran
666,HospitalName,wedowee hospital,1.0000,baran
667,HospitalName,baptist medical center south,1.0000,baran
671,HospitalName,university of alabama hospital,1.0000,baran
678,HospitalName,university of alabama hospital,1.0000,baran
679,HospitalName,university of alabama hospital,1.0000,baran
682,HospitalName,university of alabama hospital,1.0000,baran
683,HospitalName,cherokee medical center,1.0000,baran
693,HospitalName,community hospital inc,1.0000,baran
697,HospitalName,baptist medical center south,1.0000,baran
706,HospitalName,community hospital inc,1.0000,baran
709,HospitalName,community hospital inc,1.0000,baran
710,HospitalName,cullman regional medical center,1.0000,baran
712,HospitalName,fayette medical center,1.0000,baran
713,HospitalName,community hospital inc,1.0000,baran
714,HospitalName,community hospital inc,1.0000,baran
715,HospitalName,community hospital inc,1.0000,baran
717,HospitalName,cullman regional medical center,1.0000,baran
719,HospitalName,cullman regional medical center,1.0000,baran
720,HospitalName,university of alabama hospital,1.0000,baran
721,HospitalName,cullman regional medical center,1.0000,baran
723,HospitalName,cullman regional medical center,1.0000,baran
730,HospitalName,cullman regional medical center,1.0000,baran
732,HospitalName,east alabama medical center and snf,1.0000,baran
734,HospitalName,cullman regional medical center,1.0000,baran
738,HospitalName,prattville baptist hospital,1.0000,baran
739,HospitalName,cullman regional medical center,1.0000,baran
740,HospitalName,cullman regional medical center,1.0000,baran
742,HospitalName,andalusia regional hospital,1.0000,baran
743,HospitalName,dekalb regional medical center,1.0000,baran
745,HospitalName,dekalb regional medical center,1.0000,baran
746,HospitalName,hartselle medical center,1.0000,baran
747,HospitalName,andalusia regional hospital,1.0000,baran
748,HospitalName,andalusia regional hospital,1.0000,baran
749,HospitalName,chilton medical center,1.0000,baran
750,HospitalName,andalusia regional hospital,1.0000,baran
757,HospitalName,andalusia regional hospital,1.0000,baran
759,HospitalName,fayette medical center,1.0000,baran
760,HospitalName,andalusia regional hospital,1.0000,baran
761,HospitalName,mizell memorial hospital,1.0000,baran
767,HospitalName,stringfellow memorial hospital,1.0000,baran
771,HospitalName,mizell memorial hospital,1.0000,baran
774,HospitalName,stringfellow memorial hospital,1.0000,baran
775,HospitalName,huntsville hospital,1.0000,baran
778,HospitalName,huntsville hospital,1.0000,baran
779,HospitalName,huntsville hospital,1.0000,baran
781,HospitalName,huntsville hospital,1.0000,baran
784,HospitalName,huntsville hospital,1.0000,baran
785,HospitalName,huntsville hospital,1.0000,baran
788,HospitalName,northwest medical center,1.0000,baran
791,HospitalName,mizell memorial hospital,1.0000,baran
795,HospitalName,baptist medical center south,1.0000,baran
799,HospitalName,huntsville hospital,1.0000,baran
801,HospitalName,huntsville hospital,1.0000,baran
803,HospitalName,gadsden regional medical center,1.0000,baran
805,HospitalName,georgiana hospital,1.0000,baran
809,HospitalName,gadsden regional medical center,1.0000,baran
813,HospitalName,marshall medical center south,1.0000,baran
815,HospitalName,gadsden regional medical center,1.0000,baran
817,HospitalName,gadsden regional medical center,1.0000,baran
821,HospitalName,gadsden regional medical center,1.0000,baran
822,HospitalName,gadsden regional medical center,1.0000,baran
823,HospitalName,northwest medical center,1.0000,baran
824,HospitalName,gadsden regional medical center,1.0000,baran
827,HospitalName,g h lanier memorial hospital,1.0000,baran
828,HospitalName,chilton medical center,1.0000,baran
832,HospitalName,east alabama medical center and snf,1.0000,baran
840,HospitalName,chilton medical center,1.0000,baran
841,HospitalName,chilton medical center,1.0000,baran
844,HospitalName,chilton medical center,1.0000,baran
845,HospitalName,chilton medical center,1.0000,baran
851,HospitalName,chilton medical center,1.0000,baran
853,HospitalName,marion regional medical center,1.0000,baran
855,HospitalName,marion regional medical center,1.0000,baran
857,HospitalName,marion regional medical center,1.0000,baran
861,HospitalName,marion regional medical center,1.0000,baran
862,HospitalName,marion regional medical center,1.0000,baran
863,HospitalName,mizell memorial hospital,1.0000,baran
864,HospitalName,eliza coffee memorial hospital,1.0000,baran
874,HospitalName,prattville baptist hospital,1.0000,baran
876,HospitalName,marion regional medical center,1.0000,baran
880,HospitalName,fayette medical center,1.0000,baran
881,HospitalName,fayette medical center,1.0000,baran
883,HospitalName,coosa valley medical center,1.0000,baran
886,HospitalName,fayette medical center,1.0000,baran
889,HospitalName,university of alabama hospital,1.0000,baran
890,HospitalName,eliza coffee memorial hospital,1.0000,baran
891,HospitalName,fayette medical center,1.0000,baran
893,HospitalName,fayette medical center,1.0000,baran
896,HospitalName,fayette medical center,1.0000,baran
898,HospitalName,fayette medical center,1.0000,baran
899,HospitalName,jackson hospital & clinic inc,1.0000,baran
901,HospitalName,elba general hospital,1.0000,baran
902,HospitalName,fayette medical center,1.0000,baran
904,HospitalName,riverview regional medical center,1.0000,baran
907,HospitalName,riverview regional medical center,1.0000,baran
915,HospitalName,riverview regional medical center,1.0000,baran
918,HospitalName,riverview regional medical center,1.0000,baran
920,HospitalName,riverview regional medical center,1.0000,baran
927,HospitalName,coosa valley medical center,1.0000,baran
929,HospitalName,prattville baptist hospital,1.0000,baran
930,HospitalName,prattville baptist hospital,1.0000,baran
931,HospitalName,east alabama medical center and snf,1.0000,baran
935,HospitalName,georgiana hospital,1.0000,baran
937,HospitalName,chilton medical center,1.0000,baran
940,HospitalName,university of alabama hospital,1.0000,baran
944,HospitalName,wedowee hospital,1.0000,baran
946,HospitalName,southeast alabama medical center,1.0000,baran
947,HospitalName,northwest medical center,1.0000,baran
951,HospitalName,stringfellow memorial hospital,1.0000,baran
952,HospitalName,elba general hospital,1.0000,baran
954,HospitalName,georgiana hospital,1.0000,baran
956,HospitalName,medical center enterprise,1.0000,baran
961,HospitalName,medical center enterprise,1.0000,baran
965,HospitalName,medical center enterprise,1.0000,baran
966,HospitalName,marshall medical center south,1.0000,baran
967,HospitalName,medical center enterprise,1.0000,baran
968,HospitalName,medical center enterprise,1.0000,baran
969,HospitalName,medical center enterprise,1.0000,baran
970,HospitalName,medical center enterprise,1.0000,baran
972,HospitalName,medical center enterprise,1.0000,baran
973,HospitalName,medical center enterprise,1.0000,baran
977,HospitalName,dale medical center,1.0000,baran
979,HospitalName,university of alabama hospital,1.0000,baran
980,HospitalName,medical center enterprise,1.0000,baran
983,HospitalName,st vincents blount,1.0000,baran
986,HospitalName,st vincents blount,1.0000,baran
990,HospitalName,st vincents blount,1.0000,baran
992,HospitalName,university of alabama hospital,1.0000,baran
994,HospitalName,st vincents blount,1.0000,baran
997,HospitalName,st vincents blount,1.0000,baran
998,HospitalName,st vincents blount,1.0000,baran
999,HospitalName,mizell memorial hospital,1.0000,baran
943,Address1,515 miranda st,1.0000,baran
25,Address1,515 miranda st,1.0000,baran
46,Address1,515 miranda st,1.0000,baran
78,Address1,205 marengo street,1.0000,baran
91,Address1,515 miranda st,1.0000,baran
231,Address1,515 miranda st,1.0000,baran
412,Address1,515 miranda st,1.0000,baran
427,Address1,515 miranda st,1.0000,baran
506,Address1,515 miranda st,1.0000,baran
511,Address1,515 miranda st,1.0000,baran
600,Address1,515 miranda st,1.0000,baran
619,Address1,515 miranda st,1.0000,baran
761,Address1,515 miranda st,1.0000,baran
790,Address1,515 miranda st,1.0000,baran
943,CountyName,butler,1.0000,baran
3,CountyName,jefferson,1.0000,baran
6,CountyName,clarke,1.0000,baran
15,CountyName,jefferson,1.0000,baran
19,CountyName,cullman,1.0000,baran
32,CountyName,madison,1.0000,baran
40,CountyName,houston,1.0000,baran
43,CountyName,houston,1.0000,baran
45,CountyName,jefferson,1.0000,baran
61,CountyName,etowah,1.0000,baran
68,CountyName,calhoun,1.0000,baran
77,CountyName,houston,1.0000,baran
81,CountyName,jefferson,1.0000,baran
110,CountyName,clarke,1.0000,baran
128,CountyName,crenshaw,1.0000,baran
136,CountyName,de kalb,1.0000,baran
145,CountyName,coffee,1.0000,baran
148,CountyName,morgan,1.0000,baran
154,CountyName,houston,1.0000,baran
168,CountyName,houston,1.0000,baran
178,CountyName,cullman,1.0000,baran
193,CountyName,montgomery,1.0000,baran
227,CountyName,cherokee,1.0000,baran
256,CountyName,clarke,1.0000,baran
261,CountyName,clarke,1.0000,baran
290,CountyName,cullman,1.0000,baran
302,CountyName,jefferson,1.0000,baran
353,CountyName,chambers,1.0000,baran
360,CountyName,clarke,1.0000,baran
449,CountyName,houston,1.0000,baran
450,CountyName,anchorage,1.0000,baran
459,CountyName,chilton,1.0000,baran
465,CountyName,montgomery,1.0000,baran
466,CountyName,cullman,1.0000,baran
487,CountyName,dale,1.0000,baran
491,CountyName,dale,1.0000,baran
544,CountyName,montgomery,1.0000,baran
563,CountyName,butler,1.0000,baran
572,CountyName,chambers,1.0000,baran
583,CountyName,chambers,1.0000,baran
589,CountyName,chambers,1.0000,baran
608,CountyName,cullman,1.0000,baran
620,CountyName,dale,1.0000,baran
624,CountyName,houston,1.0000,baran
626,CountyName,jefferson,1.0000,baran
630,CountyName,lee,1.0000,baran
640,CountyName,jefferson,1.0000,baran
683,CountyName,lauderdale,1.0000,baran
751,CountyName,butler,1.0000,baran
788,CountyName,marion,1.0000,baran
814,CountyName,jefferson,1.0000,baran
863,CountyName,shelby,1.0000,baran
868,CountyName,marion,1.0000,baran
889,CountyName,houston,1.0000,baran
911,CountyName,jefferson,1.0000,baran
927,CountyName,houston,1.0000,baran
930,CountyName,marshall,1.0000,baran
941,CountyName,butler,1.0000,baran
944,CountyName,clarke,1.0000,baran
946,CountyName,cullman,1.0000,baran
947,CountyName,montgomery,1.0000,baran
969,CountyName,coffee,1.0000,baran
992,CountyName,houston,1.0000,baran
999,CountyName,marion,1.0000,baran
1000,CountyName,jefferson,1.0000,baran
943,PhoneNumber,3343762205,1.0000,baran
943,HospitalOwner,voluntary non-profit - private,1.0000,baran
2,HospitalOwner,voluntary non-profit - private,1.0000,baran
10,HospitalOwner,proprietary,1.0000,baran
13,HospitalOwner,voluntary non-profit - private,1.0000,baran
28,HospitalOwner,government - hospital district or authority,1.0000,baran
30,HospitalOwner,government - hospital district or authority,1.0000,baran
36,HospitalOwner,voluntary non-profit - private,1.0000,baran
83,HospitalOwner,government - hospital district or authority,1.0000,baran
88,HospitalOwner,proprietary,1.0000,baran
106,HospitalOwner,voluntary non-profit - private,1.0000,baran
109,HospitalOwner,proprietary,1.0000,baran
138,HospitalOwner,government - federal,1.0000,baran
186,HospitalOwner,government - hospital district or authority,1.0000,baran
224,HospitalOwner,voluntary non-profit - private,1.0000,baran
227,HospitalOwner,proprietary,1.0000,baran
245,HospitalOwner,voluntary non-profit - private,1.0000,baran
247,HospitalOwner,government - federal,1.0000,baran
268,HospitalOwner,government - federal,1.0000,baran
282,HospitalOwner,government - hospital district or authority,1.0000,baran
284,HospitalOwner,voluntary non-profit - church,1.0000,baran
290,HospitalOwner,voluntary non-profit - private,1.0000,baran
296,HospitalOwner,voluntary non-profit - private,1.0000,baran
350,HospitalOwner,voluntary non-profit - church,1.0000,baran
381,HospitalOwner,government - state,1.0000,baran
385,HospitalOwner,government - state,1.0000,baran
415,HospitalOwner,voluntary non-profit - other,1.0000,baran
429,HospitalOwner,proprietary,1.0000,baran
432,HospitalOwner,voluntary non-profit - other,1.0000,baran
461,HospitalOwner,government - hospital district or authority,1.0000,baran
471,HospitalOwner,government - hospital district or authority,1.0000,baran
492,HospitalOwner,voluntary non-profit - private,1.0000,baran
496,HospitalOwner,government - local,1.0000,baran
503,HospitalOwner,voluntary non-profit - private,1.0000,baran
539,HospitalOwner,proprietary,1.0000,baran
544,HospitalOwner,voluntary non-profit - private,1.0000,baran
564,HospitalOwner,voluntary non-profit - private,1.0000,baran
583,HospitalOwner,voluntary non-profit - other,1.0000,baran
587,HospitalOwner,voluntary non-profit - private,1.0000,baran
604,HospitalOwner,voluntary non-profit - other,1.0000,baran
668,HospitalOwner,government - state,1.0000,baran
707,HospitalOwner,government - hospital district or authority,1.0000,baran
734,HospitalOwner,government - hospital district or authority,1.0000,baran
740,HospitalOwner,voluntary non-profit - other,1.0000,baran
789,HospitalOwner,voluntary non-profit - private,1.0000,baran
791,HospitalOwner,government - hospital district or authority,1.0000,baran
794,HospitalOwner,proprietary,1.0000,baran
795,HospitalOwner,government - hospital district or authority,1.0000,baran
798,HospitalOwner,proprietary,1.0000,baran
838,HospitalOwner,voluntary non-profit - private,1.0000,baran
852,HospitalOwner,government - hospital district or authority,1.0000,baran
860,HospitalOwner,voluntary non-profit - private,1.0000,baran
866,HospitalOwner,voluntary non-profit - private,1.0000,baran
872,HospitalOwner,voluntary non-profit - private,1.0000,baran
893,HospitalOwner,voluntary non-profit - other,1.0000,baran
945,HospitalOwner,voluntary non-profit - private,1.0000,baran
948,HospitalOwner,voluntary non-profit - private,1.0000,baran
943,EmergencyService,no,1.0000,baran
99,EmergencyService,no,1.0000,baran
102,EmergencyService,no,1.0000,baran
110,EmergencyService,no,1.0000,baran
111,EmergencyService,no,1.0000,baran
116,EmergencyService,yes,1.0000,baran
118,EmergencyService,yes,1.0000,baran
119,EmergencyService,yes,1.0000,baran
417,EmergencyService,no,1.0000,baran
420,EmergencyService,no,1.0000,baran
425,EmergencyService,yes,1.0000,baran
426,EmergencyService,no,1.0000,baran
429,EmergencyService,no,1.0000,baran
452,EmergencyService,no,1.0000,baran
651,EmergencyService,no,1.0000,baran
653,EmergencyService,yes,1.0000,baran
660,EmergencyService,no,1.0000,baran
662,EmergencyService,yes,1.0000,baran
692,EmergencyService,no,1.0000,baran
693,EmergencyService,yes,1.0000,baran
699,EmergencyService,no,1.0000,baran
701,EmergencyService,yes,1.0000,baran
703,EmergencyService,yes,1.0000,baran
704,EmergencyService,no,1.0000,baran
709,EmergencyService,yes,1.0000,baran
711,EmergencyService,yes,1.0000,baran
713,EmergencyService,no,1.0000,baran
714,EmergencyService,no,1.0000,baran
743,EmergencyService,no,1.0000,baran
750,EmergencyService,yes,1.0000,baran
751,EmergencyService,yes,1.0000,baran
759,EmergencyService,no,1.0000,baran
764,EmergencyService,no,1.0000,baran
947,EmergencyService,no,1.0000,baran
948,EmergencyService,no,1.0000,baran
949,EmergencyService,no,1.0000,baran
952,EmergencyService,yes,1.0000,baran
954,EmergencyService,yes,1.0000,baran
943,Condition,pneumonia,1.0000,baran
10,Condition,pneumonia,1.0000,baran
27,Condition,pneumonia,1.0000,baran
30,Condition,pneumonia,1.0000,baran
54,Condition,pneumonia,1.0000,baran
83,Condition,pneumonia,1.0000,baran
111,Condition,pneumonia,1.0000,baran
124,Condition,pneumonia,1.0000,baran
125,Condition,pneumonia,1.0000,baran
132,Condition,pneumonia,1.0000,baran
136,Condition,pneumonia,1.0000,baran
151,Condition,pneumonia,1.0000,baran
152,Condition,pneumonia,1.0000,baran
153,Condition,pneumonia,1.0000,baran
157,Condition,pneumonia,1.0000,baran
159,Condition,pneumonia,1.0000,baran
161,Condition,pneumonia,1.0000,baran
170,Condition,pneumonia,1.0000,baran
174,Condition,pneumonia,1.0000,baran
184,Condition,pneumonia,1.0000,baran
185,Condition,pneumonia,1.0000,baran
209,Condition,pneumonia,1.0000,baran
248,Condition,pneumonia,1.0000,baran
280,Condition,pneumonia,1.0000,baran
298,Condition,pneumonia,1.0000,baran
313,Condition,pneumonia,1.0000,baran
316,Condition,pneumonia,1.0000,baran
318,Condition,pneumonia,1.0000,baran
326,Condition,pneumonia,1.0000,baran
329,Condition,pneumonia,1.0000,baran
351,Condition,pneumonia,1.0000,baran
369,Condition,pneumonia,1.0000,baran
380,Condition,pneumonia,1.0000,baran
384,Condition,pneumonia,1.0000,baran
394,Condition,pneumonia,1.0000,baran
423,Condition,pneumonia,1.0000,baran
425,Condition,pneumonia,1.0000,baran
436,Condition,pneumonia,1.0000,baran
439,Condition,pneumonia,1.0000,baran
452,Condition,pneumonia,1.0000,baran
469,Condition,pneumonia,1.0000,baran
470,Condition,pneumonia,1.0000,baran
476,Condition,pneumonia,1.0000,baran
504,Condition,pneumonia,1.0000,baran
522,Condition,pneumonia,1.0000,baran
523,Condition,pneumonia,1.0000,baran
531,Condition,pneumonia,1.0000,baran
554,Condition,pneumonia,1.0000,baran
555,Condition,pneumonia,1.0000,baran
556,Condition,pneumonia,1.0000,baran
578,Condition,pneumonia,1.0000,baran
592,Condition,pneumonia,1.0000,baran
597,Condition,pneumonia,1.0000,baran
618,Condition,pneumonia,1.0000,baran
621,Condition,pneumonia,1.0000,baran
622,Condition,pneumonia,1.0000,baran
629,Condition,pneumonia,1.0000,baran
644,Condition,pneumonia,1.0000,baran
683,Condition,pneumonia,1.0000,baran
695,Condition,pneumonia,1.0000,baran
701,Condition,pneumonia,1.0000,baran
702,Condition,pneumonia,1.0000,baran
703,Condition,pneumonia,1.0000,baran
707,Condition,pneumonia,1.0000,baran
721,Condition,pneumonia,1.0000,baran
729,Condition,pneumonia,1.0000,baran
733,Condition,pneumonia,1.0000,baran
752,Condition,pneumonia,1.0000,baran
781,Condition,pneumonia,1.0000,baran
786,Condition,pneumonia,1.0000,baran
811,Condition,pneumonia,1.0000,baran
830,Condition,pneumonia,1.0000,baran
854,Condition,pneumonia,1.0000,baran
882,Condition,pneumonia,1.0000,baran
885,Condition,pneumonia,1.0000,baran
887,Condition,pneumonia,1.0000,baran
903,Condition,pneumonia,1.0000,baran
916,Condition,pneumonia,1.0000,baran
918,Condition,pneumonia,1.0000,baran
919,Condition,pneumonia,1.0000,baran
933,Condition,pneumonia,1.0000,baran
939,Condition,pneumonia,1.0000,baran
944,Condition,pneumonia,1.0000,baran
959,Condition,pneumonia,1.0000,baran
981,Condition,pneumonia,1.0000,baran
982,Condition,pneumonia,1.0000,baran
989,Condition,pneumonia,1.0000,baran
996,Condition,pneumonia,1.0000,baran
943,MeasureName,pneumonia patients whose initial emergency room blood culture was performed prior to the administration of the first hospital dose of antibiotics,1.0000,baran
6,Score,100%,1.0000,baran
10,Score,100%,1.0000,baran
15,Score,empty,1.0000,baran
19,Score,empty,1.0000,baran
26,Score,100%,1.0000,baran
38,Score,100%,1.0000,baran
71,Score,100%,1.0000,baran
83,Score,100%,1.0000,baran
109,Score,100%,1.0000,baran
118,Score,100%,1.0000,baran
121,Score,100%,1.0000,baran
130,Score,100%,1.0000,baran
145,Score,100%,1.0000,baran
150,Score,empty,1.0000,baran
154,Score,100%,1.0000,baran
201,Score,empty,1.0000,baran
217,Score,100%,1.0000,baran
244,Score,empty,1.0000,baran
251,Score,empty,1.0000,baran
259,Score,100%,1.0000,baran
296,Score,100%,1.0000,baran
302,Score,100%,1.0000,baran
307,Score,100%,1.0000,baran
312,Score,98%,1.0000,baran
313,Score,empty,1.0000,baran
317,Score,100%,1.0000,baran
319,Score,empty,1.0000,baran
364,Score,100%,1.0000,baran
365,Score,100%,1.0000,baran
369,Score,empty,1.0000,baran
390,Score,100%,1.0000,baran
397,Score,empty,1.0000,baran
418,Score,100%,1.0000,baran
425,Score,100%,1.0000,baran
436,Score,100%,1.0000,baran
452,Score,100%,1.0000,baran
464,Score,100%,1.0000,baran
468,Score,100%,1.0000,baran
493,Score,100%,1.0000,baran
495,Score,100%,1.0000,baran
520,Score,100%,1.0000,baran
522,Score,empty,1.0000,baran
543,Score,100%,1.0000,baran
548,Score,empty,1.0000,baran
564,Score,100%,1.0000,baran
570,Score,100%,1.0000,baran
572,Score,empty,1.0000,baran
589,Score,100%,1.0000,baran
615,Score,100%,1.0000,baran
618,Score,100%,1.0000,baran
620,Score,100%,1.0000,baran
643,Score,100%,1.0000,baran
664,Score,100%,1.0000,baran
672,Score,empty,1.0000,baran
677,Score,100%,1.0000,baran
681,Score,98%,1.0000,baran
697,Score,empty,1.0000,baran
698,Score,empty,1.0000,baran
723,Score,empty,1.0000,baran
743,Score,100%,1.0000,baran
744,Score,empty,1.0000,baran
763,Score,100%,1.0000,baran
766,Score,empty,1.0000,baran
804,Score,100%,1.0000,baran
856,Score,100%,1.0000,baran
857,Score,empty,1.0000,baran
875,Score,100%,1.0000,baran
884,Score,empty,1.0000,baran
923,Score,100%,1.0000,baran
934,Score,100%,1.0000,baran
936,Score,empty,1.0000,baran
940,Score,empty,1.0000,baran
962,Score,empty,1.0000,baran
978,Score,100%,1.0000,baran
987,Score,empty,1.0000,baran
991,Score,100%,1.0000,baran
943,Sample,2 patients,1.0000,baran
10,Sample,2 patients,1.0000,baran
12,Sample,100%,1.0000,baran
14,Sample,2 patients,1.0000,baran
19,Sample,2 patients,1.0000,baran
22,Sample,2 patients,1.0000,baran
28,Sample,514 patients,1.0000,baran
30,Sample,2 patients,1.0000,baran
33,Sample,2 patients,1.0000,baran
36,Sample,2 patients,1.0000,baran
37,Sample,100%,1.0000,baran
40,Sample,100%,1.0000,baran
42,Sample,2 patients,1.0000,baran
43,Sample,2 patients,1.0000,baran
44,Sample,100%,1.0000,baran
49,Sample,2 patients,1.0000,baran
60,Sample,2 patients,1.0000,baran
62,Sample,2 patients,1.0000,baran
67,Sample,2 patients,1.0000,baran
88,Sample,100%,1.0000,baran
92,Sample,100%,1.0000,baran
94,Sample,242 patients,1.0000,baran
95,Sample,2 patients,1.0000,baran
102,Sample,2 patients,1.0000,baran
107,Sample,2 patients,1.0000,baran
116,Sample,2 patients,1.0000,baran
117,Sample,100%,1.0000,baran
126,Sample,2 patients,1.0000,baran
133,Sample,100%,1.0000,baran
144,Sample,2 patients,1.0000,baran
147,Sample,2 patients,1.0000,baran
148,Sample,2 patients,1.0000,baran
157,Sample,324 patients,1.0000,baran
161,Sample,2 patients,1.0000,baran
175,Sample,2 patients,1.0000,baran
179,Sample,2 patients,1.0000,baran
187,Sample,100%,1.0000,baran
194,Sample,100%,1.0000,baran
195,Sample,100%,1.0000,baran
198,Sample,100%,1.0000,baran
199,Sample,2 patients,1.0000,baran
202,Sample,2 patients,1.0000,baran
210,Sample,2 patients,1.0000,baran
221,Sample,2 patients,1.0000,baran
225,Sample,2 patients,1.0000,baran
234,Sample,2 patients,1.0000,baran
235,Sample,2 patients,1.0000,baran
241,Sample,2 patients,1.0000,baran
242,Sample,2 patients,1.0000,baran
244,Sample,2 patients,1.0000,baran
257,Sample,24 patients,1.0000,baran
278,Sample,2 patients,1.0000,baran
284,Sample,239 patients,1.0000,baran
301,Sample,2 patients,1.0000,baran
346,Sample,100%,1.0000,baran
349,Sample,2 patients,1.0000,baran
352,Sample,100%,1.0000,baran
369,Sample,2 patients,1.0000,baran
371,Sample,2 patients,1.0000,baran
375,Sample,2 patients,1.0000,baran
406,Sample,2 patients,1.0000,baran
410,Sample,2 patients,1.0000,baran
411,Sample,2 patients,1.0000,baran
417,Sample,2 patients,1.0000,baran
431,Sample,2 patients,1.0000,baran
435,Sample,100%,1.0000,baran
440,Sample,324 patients,1.0000,baran
456,Sample,100%,1.0000,baran
459,Sample,2 patients,1.0000,baran
464,Sample,2 patients,1.0000,baran
479,Sample,2 patients,1.0000,baran
491,Sample,2 patients,1.0000,baran
501,Sample,2 patients,1.0000,baran
502,Sample,2 patients,1.0000,baran
503,Sample,2 patients,1.0000,baran
509,Sample,2 patients,1.0000,baran
514,Sample,2 patients,1.0000,baran
537,Sample,100%,1.0000,baran
538,Sample,2 patients,1.0000,baran
539,Sample,2 patients,1.0000,baran
541,Sample,179 patients,1.0000,baran
552,Sample,2 patients,1.0000,baran
561,Sample,2 patients,1.0000,baran
563,Sample,2 patients,1.0000,baran
579,Sample,2 patients,1.0000,baran
603,Sample,100%,1.0000,baran
605,Sample,2 patients,1.0000,baran
610,Sample,2 patients,1.0000,baran
634,Sample,2 patients,1.0000,baran
636,Sample,100%,1.0000,baran
639,Sample,2 patients,1.0000,baran
643,Sample,2 patients,1.0000,baran
650,Sample,2 patients,1.0000,baran
656,Sample,2 patients,1.0000,baran
659,Sample,2 patients,1.0000,baran
668,Sample,2 patients,1.0000,baran
671,Sample,2 patients,1.0000,baran
673,Sample,2 patients,1.0000,baran
676,Sample,100%,1.0000,baran
685,Sample,324 patients,1.0000,baran
701,Sample,100%,1.0000,baran
709,Sample,2 patients,1.0000,baran
712,Sample,2 patients,1.0000,baran
743,Sample,2 patients,1.0000,baran
748,Sample,2 patients,1.0000,baran
751,Sample,2 patients,1.0000,baran
758,Sample,2 patients,1.0000,baran
759,Sample,2 patients,1.0000,baran
766,Sample,2 patients,1.0000,baran
794,Sample,2 patients,1.0000,baran
797,Sample,2 patients,1.0000,baran
804,Sample,2 patients,1.0000,baran
810,Sample,100%,1.0000,baran
835,Sample,2 patients,1.0000,baran
850,Sample,100%,1.0000,baran
862,Sample,2 patients,1.0000,baran
869,Sample,2 patients,1.0000,baran
870,Sample,100%,1.0000,baran
875,Sample,100%,1.0000,baran
888,Sample,2 patients,1.0000,baran
890,Sample,100%,1.0000,baran
895,Sample,2 patients,1.0000,baran
909,Sample,100%,1.0000,baran
911,Sample,2 patients,1.0000,baran
912,Sample,2 patients,1.0000,baran
913,Sample,2 patients,1.0000,baran
919,Sample,2 patients,1.0000,baran
920,Sample,2 patients,1.0000,baran
923,Sample,2 patients,1.0000,baran
937,Sample,2 patients,1.0000,baran
939,Sample,2 patients,1.0000,baran
958,Sample,2 patients,1.0000,baran
962,Sample,2 patients,1.0000,baran
963,Sample,2 patients,1.0000,baran
965,Sample,100%,1.0000,baran
968,Sample,2 patients,1.0000,baran
970,Sample,2 patients,1.0000,baran
977,Sample,2 patients,1.0000,baran
978,Sample,2 patients,1.0000,baran
981,Sample,100%,1.0000,baran
986,Sample,2 patients,1.0000,baran
992,Sample,100%,1.0000,baran
995,Sample,2 patients,1.0000,baran
996,Sample,2 patients,1.0000,baran
943,Stateavg,al_pn-3b,1.0000,baran
226,Address1,200 med center drive,1.0000,baran
64,Address1,200 med center drive,1.0000,baran
130,Address1,200 med center drive,1.0000,baran
310,Address1,200 med center drive,1.0000,baran
345,Address1,200 med center drive,1.0000,baran
392,Address1,200 med center drive,1.0000,baran
426,Address1,200 med center drive,1.0000,baran
440,Address1,200 med center drive,1.0000,baran
468,Address1,200 med center drive,1.0000,baran
530,Address1,200 med center drive,1.0000,baran
608,Address1,200 med center drive,1.0000,baran
682,Address1,200 med center drive,1.0000,baran
745,Address1,200 med center drive,1.0000,baran
833,Address1,200 med center drive,1.0000,baran
869,Address1,200 med center drive,1.0000,baran
226,ZipCode,35968,1.0000,baran
1,CountyName,jefferson,1.0000,baran
5,CountyName,jefferson,1.0000,baran
7,CountyName,butler,1.0000,baran
9,CountyName,jefferson,1.0000,baran
10,CountyName,jefferson,1.0000,baran
11,CountyName,jefferson,1.0000,baran
12,CountyName,houston,1.0000,baran
13,CountyName,jefferson,1.0000,baran
24,CountyName,houston,1.0000,baran
25,CountyName,houston,1.0000,baran
30,CountyName,clarke,1.0000,baran
33,CountyName,montgomery,1.0000,baran
34,CountyName,covington,1.0000,baran
39,CountyName,jefferson,1.0000,baran
41,CountyName,houston,1.0000,baran
42,CountyName,clarke,1.0000,baran
46,CountyName,marshall,1.0000,baran
53,CountyName,marshall,1.0000,baran
54,CountyName,clarke,1.0000,baran
55,CountyName,houston,1.0000,baran
59,CountyName,jefferson,1.0000,baran
66,CountyName,marshall,1.0000,baran
70,CountyName,madison,1.0000,baran
72,CountyName,elmore,1.0000,baran
73,CountyName,jefferson,1.0000,baran
74,CountyName,dale,1.0000,baran
75,CountyName,houston,1.0000,baran
85,CountyName,cullman,1.0000,baran
88,CountyName,lauderdale,1.0000,baran
89,CountyName,lauderdale,1.0000,baran
94,CountyName,lauderdale,1.0000,baran
97,CountyName,covington,1.0000,baran
103,CountyName,covington,1.0000,baran
105,CountyName,covington,1.0000,baran
109,CountyName,covington,1.0000,baran
114,CountyName,covington,1.0000,baran
117,CountyName,covington,1.0000,baran
126,CountyName,jefferson,1.0000,baran
129,CountyName,houston,1.0000,baran
130,CountyName,crenshaw,1.0000,baran
131,CountyName,crenshaw,1.0000,baran
133,CountyName,crenshaw,1.0000,baran
135,CountyName,jefferson,1.0000,baran
138,CountyName,clarke,1.0000,baran
141,CountyName,crenshaw,1.0000,baran
149,CountyName,clarke,1.0000,baran
151,CountyName,morgan,1.0000,baran
155,CountyName,jefferson,1.0000,baran
156,CountyName,etowah,1.0000,baran
158,CountyName,houston,1.0000,baran
159,CountyName,morgan,1.0000,baran
160,CountyName,morgan,1.0000,baran
166,CountyName,morgan,1.0000,baran
167,CountyName,clarke,1.0000,baran
171,CountyName,butler,1.0000,baran
173,CountyName,clarke,1.0000,baran
177,CountyName,montgomery,1.0000,baran
181,CountyName,jefferson,1.0000,baran
182,CountyName,houston,1.0000,baran
183,CountyName,jefferson,1.0000,baran
184,CountyName,marshall,1.0000,baran
198,CountyName,clarke,1.0000,baran
200,CountyName,jefferson,1.0000,baran
203,CountyName,jefferson,1.0000,baran
204,CountyName,jefferson,1.0000,baran
208,CountyName,jefferson,1.0000,baran
212,CountyName,crenshaw,1.0000,baran
215,CountyName,autauga,1.0000,baran
216,CountyName,clarke,1.0000,baran
217,CountyName,jefferson,1.0000,baran
219,CountyName,jefferson,1.0000,baran
224,CountyName,de kalb,1.0000,baran
230,CountyName,de kalb,1.0000,baran
232,CountyName,de kalb,1.0000,baran
233,CountyName,clarke,1.0000,baran
236,CountyName,houston,1.0000,baran
238,CountyName,de kalb,1.0000,baran
239,CountyName,jefferson,1.0000,baran
240,CountyName,covington,1.0000,baran
253,CountyName,covington,1.0000,baran
255,CountyName,elmore,1.0000,baran
259,CountyName,clarke,1.0000,baran
260,CountyName,chambers,1.0000,baran
268,CountyName,clarke,1.0000,baran
270,CountyName,montgomery,1.0000,baran
280,CountyName,houston,1.0000,baran
283,CountyName,butler,1.0000,baran
285,CountyName,jefferson,1.0000,baran
292,CountyName,cullman,1.0000,baran
293,CountyName,houston,1.0000,baran
303,CountyName,blount,1.0000,baran
313,CountyName,calhoun,1.0000,baran
314,CountyName,calhoun,1.0000,baran
317,CountyName,houston,1.0000,baran
318,CountyName,anchorage,1.0000,baran
320,CountyName,calhoun,1.0000,baran
321,CountyName,crenshaw,1.0000,baran
324,CountyName,jefferson,1.0000,baran
335,CountyName,houston,1.0000,baran
340,CountyName,montgomery,1.0000,baran
351,CountyName,clarke,1.0000,baran
352,CountyName,jefferson,1.0000,baran
356,CountyName,clarke,1.0000,baran
362,CountyName,marion,1.0000,baran
365,CountyName,marion,1.0000,baran
366,CountyName,jefferson,1.0000,baran
368,CountyName,elmore,1.0000,baran
370,CountyName,jefferson,1.0000,baran
373,CountyName,montgomery,1.0000,baran
374,CountyName,marion,1.0000,baran
375,CountyName,jefferson,1.0000,baran
381,CountyName,de kalb,1.0000,baran
383,CountyName,mobile,1.0000,baran
385,CountyName,jefferson,1.0000,baran
388,CountyName,mobile,1.0000,baran
394,CountyName,chambers,1.0000,baran
403,CountyName,cullman,1.0000,baran
406,CountyName,clarke,1.0000,baran
408,CountyName,montgomery,1.0000,baran
414,CountyName,cullman,1.0000,baran
416,CountyName,houston,1.0000,baran
418,CountyName,jefferson,1.0000,baran
425,CountyName,shelby,1.0000,baran
426,CountyName,talladega,1.0000,baran
432,CountyName,madison,1.0000,baran
433,CountyName,anchorage,1.0000,baran
436,CountyName,clarke,1.0000,baran
440,CountyName,anchorage,1.0000,baran
441,CountyName,anchorage,1.0000,baran
447,CountyName,anchorage,1.0000,baran
453,CountyName,jefferson,1.0000,baran
456,CountyName,montgomery,1.0000,baran
458,CountyName,jefferson,1.0000,baran
461,CountyName,jefferson,1.0000,baran
476,CountyName,dale,1.0000,baran
478,CountyName,dale,1.0000,baran
479,CountyName,houston,1.0000,baran
480,CountyName,jefferson,1.0000,baran
482,CountyName,dale,1.0000,baran
495,CountyName,marion,1.0000,baran
501,CountyName,dale,1.0000,baran
504,CountyName,cherokee,1.0000,baran
507,CountyName,cherokee,1.0000,baran
509,CountyName,houston,1.0000,baran
511,CountyName,cullman,1.0000,baran
512,CountyName,lee,1.0000,baran
513,CountyName,cherokee,1.0000,baran
517,CountyName,montgomery,1.0000,baran
522,CountyName,montgomery,1.0000,baran
523,CountyName,montgomery,1.0000,baran
527,CountyName,marshall,1.0000,baran
539,CountyName,montgomery,1.0000,baran
540,CountyName,montgomery,1.0000,baran
541,CountyName,montgomery,1.0000,baran
545,CountyName,montgomery,1.0000,baran
549,CountyName,houston,1.0000,baran
552,CountyName,randolph,1.0000,baran
555,CountyName,montgomery,1.0000,baran
556,CountyName,coffee,1.0000,baran
568,CountyName,houston,1.0000,baran
570,CountyName,chambers,1.0000,baran
577,CountyName,randolph,1.0000,baran
581,CountyName,cullman,1.0000,baran
584,CountyName,chambers,1.0000,baran
585,CountyName,chambers,1.0000,baran
594,CountyName,anchorage,1.0000,baran
596,CountyName,butler,1.0000,baran
597,CountyName,coffee,1.0000,baran
601,CountyName,clarke,1.0000,baran
602,CountyName,coffee,1.0000,baran
603,CountyName,butler,1.0000,baran
611,CountyName,autauga,1.0000,baran
612,CountyName,coffee,1.0000,baran
613,CountyName,butler,1.0000,baran
615,CountyName,cullman,1.0000,baran
619,CountyName,clarke,1.0000,baran
621,CountyName,talladega,1.0000,baran
625,CountyName,houston,1.0000,baran
631,CountyName,chilton,1.0000,baran
633,CountyName,houston,1.0000,baran
635,CountyName,jefferson,1.0000,baran
645,CountyName,houston,1.0000,baran
649,CountyName,clarke,1.0000,baran
650,CountyName,jefferson,1.0000,baran
651,CountyName,randolph,1.0000,baran
653,CountyName,randolph,1.0000,baran
657,CountyName,randolph,1.0000,baran
659,CountyName,randolph,1.0000,baran
665,CountyName,jefferson,1.0000,baran
667,CountyName,clarke,1.0000,baran
672,CountyName,jefferson,1.0000,baran
674,CountyName,jefferson,1.0000,baran
677,CountyName,montgomery,1.0000,baran
680,CountyName,jefferson,1.0000,baran
685,CountyName,jefferson,1.0000,baran
689,CountyName,jefferson,1.0000,baran
690,CountyName,jefferson,1.0000,baran
695,CountyName,elmore,1.0000,baran
697,CountyName,clarke,1.0000,baran
699,CountyName,elmore,1.0000,baran
700,CountyName,elmore,1.0000,baran
710,CountyName,marion,1.0000,baran
711,CountyName,elmore,1.0000,baran
712,CountyName,cherokee,1.0000,baran
718,CountyName,cullman,1.0000,baran
720,CountyName,houston,1.0000,baran
722,CountyName,cullman,1.0000,baran
724,CountyName,cullman,1.0000,baran
727,CountyName,cullman,1.0000,baran
729,CountyName,cullman,1.0000,baran
731,CountyName,clarke,1.0000,baran
732,CountyName,jefferson,1.0000,baran
733,CountyName,cullman,1.0000,baran
737,CountyName,cullman,1.0000,baran
738,CountyName,marion,1.0000,baran
741,CountyName,cullman,1.0000,baran
743,CountyName,coffee,1.0000,baran
745,CountyName,randolph,1.0000,baran
746,CountyName,madison,1.0000,baran
749,CountyName,houston,1.0000,baran
759,CountyName,jefferson,1.0000,baran
763,CountyName,clarke,1.0000,baran
766,CountyName,jefferson,1.0000,baran
771,CountyName,lee,1.0000,baran
777,CountyName,madison,1.0000,baran
787,CountyName,madison,1.0000,baran
791,CountyName,montgomery,1.0000,baran
793,CountyName,madison,1.0000,baran
794,CountyName,madison,1.0000,baran
795,CountyName,clarke,1.0000,baran
797,CountyName,madison,1.0000,baran
804,CountyName,houston,1.0000,baran
805,CountyName,cullman,1.0000,baran
813,CountyName,jefferson,1.0000,baran
823,CountyName,coffee,1.0000,baran
825,CountyName,etowah,1.0000,baran
827,CountyName,montgomery,1.0000,baran
829,CountyName,jefferson,1.0000,baran
832,CountyName,jefferson,1.0000,baran
833,CountyName,cullman,1.0000,baran
836,CountyName,chilton,1.0000,baran
837,CountyName,chilton,1.0000,baran
838,CountyName,chilton,1.0000,baran
839,CountyName,chilton,1.0000,baran
846,CountyName,chilton,1.0000,baran
848,CountyName,chilton,1.0000,baran
864,CountyName,butler,1.0000,baran
865,CountyName,marion,1.0000,baran
866,CountyName,marion,1.0000,baran
867,CountyName,marion,1.0000,baran
874,CountyName,autauga,1.0000,baran
878,CountyName,fayette,1.0000,baran
882,CountyName,houston,1.0000,baran
883,CountyName,etowah,1.0000,baran
885,CountyName,fayette,1.0000,baran
887,CountyName,houston,1.0000,baran
890,CountyName,butler,1.0000,baran
892,CountyName,fayette,1.0000,baran
899,CountyName,clarke,1.0000,baran
901,CountyName,etowah,1.0000,baran
908,CountyName,etowah,1.0000,baran
910,CountyName,etowah,1.0000,baran
912,CountyName,butler,1.0000,baran
916,CountyName,butler,1.0000,baran
922,CountyName,etowah,1.0000,baran
925,CountyName,etowah,1.0000,baran
928,CountyName,etowah,1.0000,baran
929,CountyName,mobile,1.0000,baran
931,CountyName,coffee,1.0000,baran
937,CountyName,etowah,1.0000,baran
939,CountyName,butler,1.0000,baran
940,CountyName,houston,1.0000,baran
945,CountyName,cullman,1.0000,baran
948,CountyName,butler,1.0000,baran
950,CountyName,butler,1.0000,baran
951,CountyName,jefferson,1.0000,baran
952,CountyName,etowah,1.0000,baran
953,CountyName,butler,1.0000,baran
957,CountyName,montgomery,1.0000,baran
958,CountyName,jefferson,1.0000,baran
960,CountyName,coffee,1.0000,baran
964,CountyName,butler,1.0000,baran
966,CountyName,jefferson,1.0000,baran
975,CountyName,coffee,1.0000,baran
977,CountyName,fayette,1.0000,baran
978,CountyName,coffee,1.0000,baran
979,CountyName,houston,1.0000,baran
984,CountyName,blount,1.0000,baran
226,PhoneNumber,2568453150,1.0000,baran
226,HospitalOwner,voluntary non-profit - church,1.0000,baran
5,HospitalOwner,voluntary non-profit - other,1.0000,baran
7,HospitalOwner,voluntary non-profit - private,1.0000,baran
25,HospitalOwner,government - hospital district or authority,1.0000,baran
40,HospitalOwner,government - hospital district or authority,1.0000,baran
44,HospitalOwner,government - federal,1.0000,baran
49,HospitalOwner,voluntary non-profit - church,1.0000,baran
57,HospitalOwner,government - hospital district or authority,1.0000,baran
78,HospitalOwner,voluntary non-profit - other,1.0000,baran
84,HospitalOwner,voluntary non-profit - other,1.0000,baran
91,HospitalOwner,voluntary non-profit - other,1.0000,baran
102,HospitalOwner,voluntary non-profit - private,1.0000,baran
113,HospitalOwner,voluntary non-profit - private,1.0000,baran
116,HospitalOwner,voluntary non-profit - private,1.0000,baran
121,HospitalOwner,voluntary non-profit - other,1.0000,baran
124,HospitalOwner,voluntary non-profit - church,1.0000,baran
129,HospitalOwner,voluntary non-profit - other,1.0000,baran
142,HospitalOwner,government - federal,1.0000,baran
145,HospitalOwner,proprietary,1.0000,baran
151,HospitalOwner,proprietary,1.0000,baran
156,HospitalOwner,proprietary,1.0000,baran
168,HospitalOwner,proprietary,1.0000,baran
174,HospitalOwner,government - hospital district or authority,1.0000,baran
175,HospitalOwner,government - hospital district or authority,1.0000,baran
181,HospitalOwner,government - hospital district or authority,1.0000,baran
184,HospitalOwner,government - hospital district or authority,1.0000,baran
185,HospitalOwner,government - hospital district or authority,1.0000,baran
188,HospitalOwner,government - hospital district or authority,1.0000,baran
189,HospitalOwner,voluntary non-profit - private,1.0000,baran
195,HospitalOwner,voluntary non-profit - private,1.0000,baran
201,HospitalOwner,government - federal,1.0000,baran
214,HospitalOwner,government - hospital district or authority,1.0000,baran
215,HospitalOwner,voluntary non-profit - private,1.0000,baran
221,HospitalOwner,voluntary non-profit - church,1.0000,baran
225,HospitalOwner,voluntary non-profit - church,1.0000,baran
232,HospitalOwner,proprietary,1.0000,baran
235,HospitalOwner,voluntary non-profit - church,1.0000,baran
241,HospitalOwner,voluntary non-profit - private,1.0000,baran
242,HospitalOwner,voluntary non-profit - private,1.0000,baran
244,HospitalOwner,voluntary non-profit - other,1.0000,baran
249,HospitalOwner,government - federal,1.0000,baran
256,HospitalOwner,government - federal,1.0000,baran
263,HospitalOwner,government - federal,1.0000,baran
267,HospitalOwner,proprietary,1.0000,baran
275,HospitalOwner,voluntary non-profit - church,1.0000,baran
278,HospitalOwner,voluntary non-profit - church,1.0000,baran
279,HospitalOwner,voluntary non-profit - church,1.0000,baran
280,HospitalOwner,proprietary,1.0000,baran
295,HospitalOwner,government - hospital district or authority,1.0000,baran
310,HospitalOwner,voluntary non-profit - private,1.0000,baran
311,HospitalOwner,voluntary non-profit - other,1.0000,baran
313,HospitalOwner,proprietary,1.0000,baran
324,HospitalOwner,proprietary,1.0000,baran
332,HospitalOwner,proprietary,1.0000,baran
335,HospitalOwner,voluntary non-profit - church,1.0000,baran
337,HospitalOwner,government - local,1.0000,baran
339,HospitalOwner,proprietary,1.0000,baran
345,HospitalOwner,proprietary,1.0000,baran
346,HospitalOwner,proprietary,1.0000,baran
353,HospitalOwner,voluntary non-profit - other,1.0000,baran
355,HospitalOwner,proprietary,1.0000,baran
364,HospitalOwner,proprietary,1.0000,baran
370,HospitalOwner,government - hospital district or authority,1.0000,baran
373,HospitalOwner,proprietary,1.0000,baran
390,HospitalOwner,government - state,1.0000,baran
393,HospitalOwner,voluntary non-profit - other,1.0000,baran
396,HospitalOwner,voluntary non-profit - private,1.0000,baran
403,HospitalOwner,voluntary non-profit - private,1.0000,baran
406,HospitalOwner,voluntary non-profit - private,1.0000,baran
414,HospitalOwner,government - hospital district or authority,1.0000,baran
418,HospitalOwner,government - hospital district or authority,1.0000,baran
421,HospitalOwner,government - hospital district or authority,1.0000,baran
424,HospitalOwner,government - federal,1.0000,baran
436,HospitalOwner,proprietary,1.0000,baran
441,HospitalOwner,proprietary,1.0000,baran
446,HospitalOwner,proprietary,1.0000,baran
450,HospitalOwner,government - federal,1.0000,baran
467,HospitalOwner,government - hospital district or authority,1.0000,baran
468,HospitalOwner,government - hospital district or authority,1.0000,baran
470,HospitalOwner,government - hospital district or authority,1.0000,baran
473,HospitalOwner,government - hospital district or authority,1.0000,baran
481,HospitalOwner,government - hospital district or authority,1.0000,baran
506,HospitalOwner,voluntary non-profit - private,1.0000,baran
512,HospitalOwner,voluntary non-profit - private,1.0000,baran
517,HospitalOwner,voluntary non-profit - church,1.0000,baran
525,HospitalOwner,proprietary,1.0000,baran
530,HospitalOwner,voluntary non-profit - church,1.0000,baran
532,HospitalOwner,voluntary non-profit - church,1.0000,baran
534,HospitalOwner,voluntary non-profit - church,1.0000,baran
536,HospitalOwner,voluntary non-profit - church,1.0000,baran
537,HospitalOwner,voluntary non-profit - church,1.0000,baran
556,HospitalOwner,voluntary non-profit - private,1.0000,baran
557,HospitalOwner,voluntary non-profit - private,1.0000,baran
560,HospitalOwner,government - federal,1.0000,baran
566,HospitalOwner,voluntary non-profit - private,1.0000,baran
577,HospitalOwner,voluntary non-profit - other,1.0000,baran
585,HospitalOwner,proprietary,1.0000,baran
594,HospitalOwner,voluntary non-profit - private,1.0000,baran
597,HospitalOwner,voluntary non-profit - other,1.0000,baran
603,HospitalOwner,voluntary non-profit - other,1.0000,baran
606,HospitalOwner,voluntary non-profit - other,1.0000,baran
607,HospitalOwner,voluntary non-profit - church,1.0000,baran
609,HospitalOwner,voluntary non-profit - private,1.0000,baran
623,HospitalOwner,proprietary,1.0000,baran
633,HospitalOwner,government - hospital district or authority,1.0000,baran
643,HospitalOwner,government - local,1.0000,baran
655,HospitalOwner,voluntary non-profit - church,1.0000,baran
661,HospitalOwner,government - local,1.0000,baran
664,HospitalOwner,government - local,1.0000,baran
669,HospitalOwner,government - state,1.0000,baran
671,HospitalOwner,government - state,1.0000,baran
679,HospitalOwner,government - federal,1.0000,baran
684,HospitalOwner,government - state,1.0000,baran
696,HospitalOwner,voluntary non-profit - private,1.0000,baran
710,HospitalOwner,proprietary,1.0000,baran
711,HospitalOwner,proprietary,1.0000,baran
720,HospitalOwner,government - hospital district or authority,1.0000,baran
721,HospitalOwner,government - hospital district or authority,1.0000,baran
722,HospitalOwner,government - hospital district or authority,1.0000,baran
731,HospitalOwner,government - hospital district or authority,1.0000,baran
743,HospitalOwner,proprietary,1.0000,baran
745,HospitalOwner,proprietary,1.0000,baran
747,HospitalOwner,voluntary non-profit - other,1.0000,baran
748,HospitalOwner,government - local,1.0000,baran
756,HospitalOwner,government - state,1.0000,baran
766,HospitalOwner,proprietary,1.0000,baran
770,HospitalOwner,government - federal,1.0000,baran
779,HospitalOwner,government - hospital district or authority,1.0000,baran
797,HospitalOwner,government - hospital district or authority,1.0000,baran
802,HospitalOwner,voluntary non-profit - private,1.0000,baran
807,HospitalOwner,proprietary,1.0000,baran
817,HospitalOwner,government - state,1.0000,baran
819,HospitalOwner,voluntary non-profit - other,1.0000,baran
823,HospitalOwner,proprietary,1.0000,baran
831,HospitalOwner,voluntary non-profit - private,1.0000,baran
832,HospitalOwner,voluntary non-profit - private,1.0000,baran
833,HospitalOwner,voluntary non-profit - private,1.0000,baran
835,HospitalOwner,proprietary,1.0000,baran
836,HospitalOwner,voluntary non-profit - private,1.0000,baran
839,HospitalOwner,voluntary non-profit - other,1.0000,baran
845,HospitalOwner,voluntary non-profit - private,1.0000,baran
851,HospitalOwner,voluntary non-profit - private,1.0000,baran
854,HospitalOwner,voluntary non-profit - private,1.0000,baran
858,HospitalOwner,voluntary non-profit - private,1.0000,baran
867,HospitalOwner,voluntary non-profit - other,1.0000,baran
870,HospitalOwner,government - hospital district or authority,1.0000,baran
878,HospitalOwner,voluntary non-profit - other,1.0000,baran
886,HospitalOwner,voluntary non-profit - other,1.0000,baran
891,HospitalOwner,government - hospital district or authority,1.0000,baran
899,HospitalOwner,voluntary non-profit - private,1.0000,baran
901,HospitalOwner,voluntary non-profit - other,1.0000,baran
902,HospitalOwner,proprietary,1.0000,baran
905,HospitalOwner,proprietary,1.0000,baran
906,HospitalOwner,proprietary,1.0000,baran
907,HospitalOwner,proprietary,1.0000,baran
908,HospitalOwner,government - hospital district or authority,1.0000,baran
913,HospitalOwner,government - federal,1.0000,baran
918,HospitalOwner,proprietary,1.0000,baran
921,HospitalOwner,proprietary,1.0000,baran
929,HospitalOwner,voluntary non-profit - private,1.0000,baran
930,HospitalOwner,proprietary,1.0000,baran
934,HospitalOwner,government - federal,1.0000,baran
935,HospitalOwner,voluntary non-profit - private,1.0000,baran
941,HospitalOwner,voluntary non-profit - private,1.0000,baran
946,HospitalOwner,voluntary non-profit - private,1.0000,baran
950,HospitalOwner,voluntary non-profit - private,1.0000,baran
952,HospitalOwner,voluntary non-profit - private,1.0000,baran
958,HospitalOwner,proprietary,1.0000,baran
963,HospitalOwner,proprietary,1.0000,baran
964,HospitalOwner,proprietary,1.0000,baran
965,HospitalOwner,proprietary,1.0000,baran
967,HospitalOwner,proprietary,1.0000,baran
968,HospitalOwner,proprietary,1.0000,baran
971,HospitalOwner,proprietary,1.0000,baran
977,HospitalOwner,government - hospital district or authority,1.0000,baran
988,HospitalOwner,voluntary non-profit - private,1.0000,baran
990,HospitalOwner,voluntary non-profit - private,1.0000,baran
993,HospitalOwner,voluntary non-profit - private,1.0000,baran
997,HospitalOwner,voluntary non-profit - private,1.0000,baran
95,EmergencyService,yes,1.0000,baran
658,EmergencyService,no,1.0000,baran
715,EmergencyService,no,1.0000,baran
935,EmergencyService,no,1.0000,baran
226,Condition,heart attack,1.0000,baran
226,MeasureName,heart attack patients given pci within 90 minutes of arrival,1.0000,baran
226,Sample,5 patients,1.0000,baran
3,Sample,5 patients,1.0000,baran
4,Sample,5 patients,1.0000,baran
17,Sample,5 patients,1.0000,baran
20,Sample,5 patients,1.0000,baran
23,Sample,5 patients,1.0000,baran
27,Sample,5 patients,1.0000,baran
45,Sample,5 patients,1.0000,baran
54,Sample,5 patients,1.0000,baran
65,Sample,5 patients,1.0000,baran
70,Sample,5 patients,1.0000,baran
77,Sample,5 patients,1.0000,baran
84,Sample,5 patients,1.0000,baran
98,Sample,5 patients,1.0000,baran
99,Sample,5 patients,1.0000,baran
103,Sample,5 patients,1.0000,baran
108,Sample,5 patients,1.0000,baran
109,Sample,5 patients,1.0000,baran
118,Sample,5 patients,1.0000,baran
122,Sample,5 patients,1.0000,baran
128,Sample,5 patients,1.0000,baran
130,Sample,5 patients,1.0000,baran
132,Sample,5 patients,1.0000,baran
137,Sample,5 patients,1.0000,baran
149,Sample,5 patients,1.0000,baran
151,Sample,5 patients,1.0000,baran
154,Sample,5 patients,1.0000,baran
163,Sample,5 patients,1.0000,baran
164,Sample,5 patients,1.0000,baran
174,Sample,5 patients,1.0000,baran
176,Sample,5 patients,1.0000,baran
178,Sample,5 patients,1.0000,baran
182,Sample,5 patients,1.0000,baran
193,Sample,5 patients,1.0000,baran
203,Sample,5 patients,1.0000,baran
208,Sample,5 patients,1.0000,baran
211,Sample,5 patients,1.0000,baran
213,Sample,5 patients,1.0000,baran
215,Sample,5 patients,1.0000,baran
217,Sample,5 patients,1.0000,baran
222,Sample,5 patients,1.0000,baran
240,Sample,5 patients,1.0000,baran
245,Sample,5 patients,1.0000,baran
247,Sample,5 patients,1.0000,baran
253,Sample,5 patients,1.0000,baran
258,Sample,5 patients,1.0000,baran
268,Sample,5 patients,1.0000,baran
273,Sample,5 patients,1.0000,baran
287,Sample,5 patients,1.0000,baran
292,Sample,5 patients,1.0000,baran
306,Sample,5 patients,1.0000,baran
311,Sample,5 patients,1.0000,baran
314,Sample,5 patients,1.0000,baran
324,Sample,5 patients,1.0000,baran
326,Sample,5 patients,1.0000,baran
333,Sample,5 patients,1.0000,baran
345,Sample,5 patients,1.0000,baran
356,Sample,5 patients,1.0000,baran
361,Sample,5 patients,1.0000,baran
364,Sample,5 patients,1.0000,baran
373,Sample,5 patients,1.0000,baran
377,Sample,5 patients,1.0000,baran
378,Sample,5 patients,1.0000,baran
381,Sample,5 patients,1.0000,baran
392,Sample,5 patients,1.0000,baran
394,Sample,5 patients,1.0000,baran
398,Sample,5 patients,1.0000,baran
403,Sample,5 patients,1.0000,baran
404,Sample,5 patients,1.0000,baran
414,Sample,5 patients,1.0000,baran
422,Sample,5 patients,1.0000,baran
425,Sample,5 patients,1.0000,baran
430,Sample,5 patients,1.0000,baran
447,Sample,5 patients,1.0000,baran
448,Sample,5 patients,1.0000,baran
451,Sample,5 patients,1.0000,baran
453,Sample,150 patients,1.0000,baran
471,Sample,5 patients,1.0000,baran
481,Sample,5 patients,1.0000,baran
482,Sample,5 patients,1.0000,baran
483,Sample,5 patients,1.0000,baran
485,Sample,5 patients,1.0000,baran
496,Sample,5 patients,1.0000,baran
507,Sample,5 patients,1.0000,baran
511,Sample,5 patients,1.0000,baran
515,Sample,5 patients,1.0000,baran
516,Sample,5 patients,1.0000,baran
517,Sample,5 patients,1.0000,baran
519,Sample,5 patients,1.0000,baran
525,Sample,5 patients,1.0000,baran
545,Sample,5 patients,1.0000,baran
546,Sample,5 patients,1.0000,baran
551,Sample,146 patients,1.0000,baran
554,Sample,5 patients,1.0000,baran
555,Sample,5 patients,1.0000,baran
556,Sample,5 patients,1.0000,baran
558,Sample,5 patients,1.0000,baran
570,Sample,5 patients,1.0000,baran
571,Sample,5 patients,1.0000,baran
573,Sample,5 patients,1.0000,baran
575,Sample,5 patients,1.0000,baran
587,Sample,5 patients,1.0000,baran
588,Sample,5 patients,1.0000,baran
590,Sample,5 patients,1.0000,baran
602,Sample,5 patients,1.0000,baran
609,Sample,5 patients,1.0000,baran
616,Sample,5 patients,1.0000,baran
617,Sample,5 patients,1.0000,baran
618,Sample,5 patients,1.0000,baran
631,Sample,5 patients,1.0000,baran
637,Sample,5 patients,1.0000,baran
646,Sample,5 patients,1.0000,baran
669,Sample,5 patients,1.0000,baran
677,Sample,5 patients,1.0000,baran
684,Sample,94 patients,1.0000,baran
689,Sample,5 patients,1.0000,baran
692,Sample,5 patients,1.0000,baran
693,Sample,5 patients,1.0000,baran
696,Sample,5 patients,1.0000,baran
697,Sample,5 patients,1.0000,baran
708,Sample,56 patients,1.0000,baran
713,Sample,5 patients,1.0000,baran
727,Sample,5 patients,1.0000,baran
739,Sample,5 patients,1.0000,baran
776,Sample,5 patients,1.0000,baran
796,Sample,5 patients,1.0000,baran
798,Sample,5 patients,1.0000,baran
809,Sample,5 patients,1.0000,baran
813,Sample,5 patients,1.0000,baran
819,Sample,5 patients,1.0000,baran
821,Sample,5 patients,1.0000,baran
827,Sample,5 patients,1.0000,baran
829,Sample,5 patients,1.0000,baran
846,Sample,5 patients,1.0000,baran
848,Sample,5 patients,1.0000,baran
849,Sample,5 patients,1.0000,baran
857,Sample,5 patients,1.0000,baran
872,Sample,5 patients,1.0000,baran
877,Sample,5 patients,1.0000,baran
892,Sample,5 patients,1.0000,baran
906,Sample,5 patients,1.0000,baran
931,Sample,5 patients,1.0000,baran
933,Sample,5 patients,1.0000,baran
940,Sample,5 patients,1.0000,baran
944,Sample,5 patients,1.0000,baran
946,Sample,5 patients,1.0000,baran
951,Sample,5 patients,1.0000,baran
957,Sample,5 patients,1.0000,baran
972,Sample,5 patients,1.0000,baran
979,Sample,5 patients,1.0000,baran
980,Sample,5 patients,1.0000,baran
987,Sample,5 patients,1.0000,baran
990,Sample,5 patients,1.0000,baran
226,Stateavg,al_ami-8a,1.0000,baran
2,Stateavg,al_pn-4,1.0000,baran
4,Stateavg,al_scip-inf-3,1.0000,baran
15,Stateavg,al_scip-vte-2,1.0000,baran
16,Stateavg,al_hf-1,1.0000,baran
17,Stateavg,al_pn-5c,1.0000,baran
18,Stateavg,al_hf-3,1.0000,baran
19,Stateavg,al_hf-2,1.0000,baran
22,Stateavg,al_scip-inf-4,1.0000,baran
23,Stateavg,al_ami-4,1.0000,baran
26,Stateavg,al_pn-5c,1.0000,baran
30,Stateavg,al_hf-4,1.0000,baran
32,Stateavg,al_scip-vte-2,1.0000,baran
33,Stateavg,al_pn-4,1.0000,baran
34,Stateavg,al_pn-5c,1.0000,baran
37,Stateavg,al_scip-card-2,1.0000,baran
40,Stateavg,al_scip-inf-3,1.0000,baran
43,Stateavg,al_scip-inf-6,1.0000,baran
48,Stateavg,al_ami-4,1.0000,baran
49,Stateavg,al_ami-5,1.0000,baran
53,Stateavg,al_hf-2,1.0000,baran
54,Stateavg,al_scip-vte-2,1.0000,baran
55,Stateavg,al_pn-2,1.0000,baran
57,Stateavg,al_ami-5,1.0000,baran
59,Stateavg,al_pn-5c,1.0000,baran
61,Stateavg,al_scip-inf-4,1.0000,baran
63,Stateavg,al_scip-inf-1,1.0000,baran
64,Stateavg,al_scip-inf-2,1.0000,baran
65,Stateavg,al_pn-7,1.0000,baran
67,Stateavg,al_ami-2,1.0000,baran
70,Stateavg,al_ami-1,1.0000,baran
72,Stateavg,al_ami-3,1.0000,baran
73,Stateavg,al_ami-4,1.0000,baran
74,Stateavg,al_ami-5,1.0000,baran
75,Stateavg,al_ami-7a,1.0000,baran
78,Stateavg,al_hf-2,1.0000,baran
79,Stateavg,al_hf-3,1.0000,baran
82,Stateavg,al_pn-3b,1.0000,baran
86,Stateavg,al_pn-7,1.0000,baran
88,Stateavg,al_scip-inf-1,1.0000,baran
90,Stateavg,al_scip-inf-3,1.0000,baran
94,Stateavg,al_scip-vte-2,1.0000,baran
98,Stateavg,al_scip-card-2,1.0000,baran
99,Stateavg,al_ami-2,1.0000,baran
100,Stateavg,al_ami-8a,1.0000,baran
103,Stateavg,al_scip-inf-3,1.0000,baran
105,Stateavg,al_hf-4,1.0000,baran
111,Stateavg,al_pn-7,1.0000,baran
115,Stateavg,al_scip-inf-3,1.0000,baran
116,Stateavg,al_scip-inf-4,1.0000,baran
121,Stateavg,al_hf-2,1.0000,baran
124,Stateavg,al_ami-4,1.0000,baran
127,Stateavg,al_hf-1,1.0000,baran
129,Stateavg,al_hf-3,1.0000,baran
131,Stateavg,al_pn-7,1.0000,baran
132,Stateavg,al_ami-8a,1.0000,baran
133,Stateavg,al_pn-6,1.0000,baran
134,Stateavg,al_ami-8a,1.0000,baran
135,Stateavg,al_hf-1,1.0000,baran
141,Stateavg,al_scip-inf-4,1.0000,baran
143,Stateavg,al_scip-vte-1,1.0000,baran
144,Stateavg,al_scip-vte-2,1.0000,baran
146,Stateavg,al_ami-8a,1.0000,baran
147,Stateavg,al_ami-3,1.0000,baran
150,Stateavg,al_pn-2,1.0000,baran
151,Stateavg,al_pn-3b,1.0000,baran
153,Stateavg,al_hf-2,1.0000,baran
154,Stateavg,al_scip-inf-6,1.0000,baran
155,Stateavg,al_hf-4,1.0000,baran
156,Stateavg,al_pn-3b,1.0000,baran
160,Stateavg,al_pn-6,1.0000,baran
161,Stateavg,al_pn-5c,1.0000,baran
162,Stateavg,al_scip-card-2,1.0000,baran
163,Stateavg,al_scip-inf-1,1.0000,baran
167,Stateavg,al_scip-inf-6,1.0000,baran
173,Stateavg,al_ami-4,1.0000,baran
174,Stateavg,al_pn-5c,1.0000,baran
181,Stateavg,al_pn-2,1.0000,baran
182,Stateavg,al_pn-3b,1.0000,baran
184,Stateavg,al_hf-2,1.0000,baran
187,Stateavg,al_scip-card-2,1.0000,baran
193,Stateavg,al_pn-3b,1.0000,baran
196,Stateavg,al_scip-inf-3,1.0000,baran
199,Stateavg,al_hf-2,1.0000,baran
200,Stateavg,al_ami-7a,1.0000,baran
202,Stateavg,al_hf-1,1.0000,baran
204,Stateavg,al_pn-5c,1.0000,baran
205,Stateavg,al_hf-4,1.0000,baran
210,Stateavg,al_scip-card-2,1.0000,baran
211,Stateavg,al_pn-7,1.0000,baran
214,Stateavg,al_scip-inf-2,1.0000,baran
217,Stateavg,al_scip-vte-1,1.0000,baran
222,Stateavg,al_pn-6,1.0000,baran
225,Stateavg,al_hf-3,1.0000,baran
231,Stateavg,al_hf-2,1.0000,baran
232,Stateavg,al_scip-inf-3,1.0000,baran
236,Stateavg,al_pn-7,1.0000,baran
238,Stateavg,al_pn-2,1.0000,baran
243,Stateavg,al_scip-vte-1,1.0000,baran
244,Stateavg,al_pn-5c,1.0000,baran
245,Stateavg,al_pn-2,1.0000,baran
249,Stateavg,al_ami-8a,1.0000,baran
251,Stateavg,al_pn-2,1.0000,baran
254,Stateavg,al_hf-3,1.0000,baran
256,Stateavg,al_pn-2,1.0000,baran
257,Stateavg,al_pn-3b,1.0000,baran
262,Stateavg,al_scip-card-2,1.0000,baran
265,Stateavg,al_scip-inf-3,1.0000,baran
268,Stateavg,al_scip-vte-1,1.0000,baran
269,Stateavg,al_scip-vte-2,1.0000,baran
270,Stateavg,al_pn-2,1.0000,baran
271,Stateavg,al_ami-2,1.0000,baran
273,Stateavg,al_pn-3b,1.0000,baran
274,Stateavg,al_ami-8a,1.0000,baran
276,Stateavg,al_ami-8a,1.0000,baran
277,Stateavg,al_hf-1,1.0000,baran
278,Stateavg,al_hf-2,1.0000,baran
280,Stateavg,al_pn-4,1.0000,baran
281,Stateavg,al_scip-card-2,1.0000,baran
284,Stateavg,al_pn-5c,1.0000,baran
286,Stateavg,al_pn-7,1.0000,baran
287,Stateavg,al_pn-2,1.0000,baran
296,Stateavg,al_ami-2,1.0000,baran
297,Stateavg,al_ami-3,1.0000,baran
298,Stateavg,al_ami-4,1.0000,baran
304,Stateavg,al_hf-3,1.0000,baran
306,Stateavg,al_pn-2,1.0000,baran
309,Stateavg,al_scip-vte-2,1.0000,baran
310,Stateavg,al_pn-6,1.0000,baran
311,Stateavg,al_pn-7,1.0000,baran
317,Stateavg,al_hf-1,1.0000,baran
318,Stateavg,al_pn-2,1.0000,baran
319,Stateavg,al_ami-4,1.0000,baran
320,Stateavg,al_pn-2,1.0000,baran
321,Stateavg,al_pn-3b,1.0000,baran
322,Stateavg,al_hf-2,1.0000,baran
326,Stateavg,al_hf-1,1.0000,baran
327,Stateavg,al_pn-4,1.0000,baran
329,Stateavg,al_pn-6,1.0000,baran
339,Stateavg,al_pn-6,1.0000,baran
341,Stateavg,al_ami-5,1.0000,baran
342,Stateavg,al_scip-inf-1,1.0000,baran
343,Stateavg,al_scip-inf-2,1.0000,baran
345,Stateavg,al_scip-inf-4,1.0000,baran
346,Stateavg,al_scip-inf-1,1.0000,baran
354,Stateavg,al_scip-inf-3,1.0000,baran
358,Stateavg,al_ami-4,1.0000,baran
360,Stateavg,al_pn-2,1.0000,baran
361,Stateavg,al_scip-card-2,1.0000,baran
362,Stateavg,al_hf-3,1.0000,baran
363,Stateavg,al_hf-2,1.0000,baran
364,Stateavg,al_hf-3,1.0000,baran
365,Stateavg,al_hf-4,1.0000,baran
369,Stateavg,al_pn-3b,1.0000,baran
370,Stateavg,al_pn-6,1.0000,baran
371,Stateavg,al_scip-inf-3,1.0000,baran
373,Stateavg,al_scip-inf-1,1.0000,baran
376,Stateavg,al_ami-3,1.0000,baran
380,Stateavg,al_ami-1,1.0000,baran
381,Stateavg,al_pn-5c,1.0000,baran
384,Stateavg,al_ami-5,1.0000,baran
390,Stateavg,al_hf-4,1.0000,baran
393,Stateavg,al_pn-2,1.0000,baran
396,Stateavg,al_ami-5,1.0000,baran
397,Stateavg,al_pn-5c,1.0000,baran
401,Stateavg,al_hf-3,1.0000,baran
404,Stateavg,al_scip-inf-2,1.0000,baran
406,Stateavg,al_pn-3b,1.0000,baran
407,Stateavg,al_scip-inf-3,1.0000,baran
409,Stateavg,al_scip-card-2,1.0000,baran
410,Stateavg,al_scip-inf-1,1.0000,baran
412,Stateavg,al_scip-inf-3,1.0000,baran
418,Stateavg,al_hf-2,1.0000,baran
421,Stateavg,al_ami-8a,1.0000,baran
424,Stateavg,al_hf-3,1.0000,baran
430,Stateavg,al_scip-inf-6,1.0000,baran
431,Stateavg,al_pn-2,1.0000,baran
434,Stateavg,al_scip-inf-3,1.0000,baran
436,Stateavg,al_pn-6,1.0000,baran
438,Stateavg,al_pn-2,1.0000,baran
444,Stateavg,al_scip-inf-1,1.0000,baran
447,Stateavg,al_scip-inf-4,1.0000,baran
448,Stateavg,al_pn-7,1.0000,baran
450,Stateavg,al_ami-2,1.0000,baran
454,Stateavg,al_pn-3b,1.0000,baran
455,Stateavg,al_pn-3b,1.0000,baran
457,Stateavg,al_pn-6,1.0000,baran
459,Stateavg,al_pn-2,1.0000,baran
460,Stateavg,al_scip-inf-1,1.0000,baran
464,Stateavg,al_pn-3b,1.0000,baran
465,Stateavg,al_scip-vte-1,1.0000,baran
474,Stateavg,al_hf-1,1.0000,baran
476,Stateavg,al_hf-3,1.0000,baran
478,Stateavg,al_pn-2,1.0000,baran
479,Stateavg,al_pn-7,1.0000,baran
480,Stateavg,al_pn-5c,1.0000,baran
481,Stateavg,al_scip-vte-2,1.0000,baran
485,Stateavg,al_hf-3,1.0000,baran
489,Stateavg,al_scip-inf-6,1.0000,baran
490,Stateavg,al_scip-vte-1,1.0000,baran
492,Stateavg,al_hf-3,1.0000,baran
493,Stateavg,al_ami-2,1.0000,baran
498,Stateavg,al_ami-1,1.0000,baran
500,Stateavg,al_hf-2,1.0000,baran
507,Stateavg,al_pn-6,1.0000,baran
510,Stateavg,al_scip-inf-1,1.0000,baran
512,Stateavg,al_scip-inf-1,1.0000,baran
515,Stateavg,al_scip-vte-1,1.0000,baran
517,Stateavg,al_ami-1,1.0000,baran
520,Stateavg,al_ami-4,1.0000,baran
521,Stateavg,al_ami-5,1.0000,baran
522,Stateavg,al_ami-7a,1.0000,baran
527,Stateavg,al_pn-3b,1.0000,baran
535,Stateavg,al_pn-3b,1.0000,baran
536,Stateavg,al_scip-inf-2,1.0000,baran
542,Stateavg,al_ami-8a,1.0000,baran
544,Stateavg,al_ami-3,1.0000,baran
546,Stateavg,al_ami-5,1.0000,baran
549,Stateavg,al_hf-1,1.0000,baran
555,Stateavg,al_pn-4,1.0000,baran
557,Stateavg,al_pn-6,1.0000,baran
560,Stateavg,al_hf-2,1.0000,baran
565,Stateavg,al_scip-inf-3,1.0000,baran
567,Stateavg,al_pn-2,1.0000,baran
569,Stateavg,al_ami-8a,1.0000,baran
571,Stateavg,al_ami-5,1.0000,baran
572,Stateavg,al_hf-3,1.0000,baran
573,Stateavg,al_cac-3,1.0000,baran
574,Stateavg,al_scip-inf-3,1.0000,baran
575,Stateavg,al_scip-inf-3,1.0000,baran
583,Stateavg,al_hf-2,1.0000,baran
584,Stateavg,al_hf-2,1.0000,baran
588,Stateavg,al_scip-inf-4,1.0000,baran
589,Stateavg,al_scip-inf-6,1.0000,baran
597,Stateavg,al_ami-2,1.0000,baran
600,Stateavg,al_hf-2,1.0000,baran
602,Stateavg,al_scip-inf-3,1.0000,baran
604,Stateavg,al_pn-2,1.0000,baran
605,Stateavg,al_ami-2,1.0000,baran
606,Stateavg,al_pn-5c,1.0000,baran
611,Stateavg,al_pn-5c,1.0000,baran
613,Stateavg,al_scip-inf-4,1.0000,baran
615,Stateavg,al_hf-3,1.0000,baran
616,Stateavg,al_cac-1,1.0000,baran
619,Stateavg,al_scip-inf-3,1.0000,baran
623,Stateavg,al_ami-8a,1.0000,baran
625,Stateavg,al_hf-2,1.0000,baran
631,Stateavg,al_pn-5c,1.0000,baran
632,Stateavg,al_hf-4,1.0000,baran
634,Stateavg,al_scip-card-2,1.0000,baran
637,Stateavg,al_ami-5,1.0000,baran
638,Stateavg,al_pn-3b,1.0000,baran
641,Stateavg,al_scip-vte-2,1.0000,baran
643,Stateavg,al_ami-2,1.0000,baran
644,Stateavg,al_ami-3,1.0000,baran
646,Stateavg,al_scip-inf-3,1.0000,baran
647,Stateavg,al_hf-2,1.0000,baran
649,Stateavg,al_pn-5c,1.0000,baran
650,Stateavg,al_hf-2,1.0000,baran
651,Stateavg,al_hf-3,1.0000,baran
654,Stateavg,al_scip-vte-2,1.0000,baran
660,Stateavg,al_ami-3,1.0000,baran
662,Stateavg,al_scip-inf-3,1.0000,baran
668,Stateavg,al_ami-2,1.0000,baran
674,Stateavg,al_pn-5c,1.0000,baran
675,Stateavg,al_pn-5c,1.0000,baran
677,Stateavg,al_ami-7a,1.0000,baran
678,Stateavg,al_scip-inf-3,1.0000,baran
682,Stateavg,al_scip-inf-2,1.0000,baran
683,Stateavg,al_ami-3,1.0000,baran
688,Stateavg,al_scip-inf-3,1.0000,baran
689,Stateavg,al_scip-inf-6,1.0000,baran
691,Stateavg,al_scip-inf-3,1.0000,baran
692,Stateavg,al_ami-1,1.0000,baran
694,Stateavg,al_pn-7,1.0000,baran
695,Stateavg,al_ami-4,1.0000,baran
696,Stateavg,al_ami-5,1.0000,baran
699,Stateavg,al_hf-4,1.0000,baran
701,Stateavg,al_scip-inf-2,1.0000,baran
705,Stateavg,al_pn-3b,1.0000,baran
707,Stateavg,al_ami-8a,1.0000,baran
711,Stateavg,al_scip-inf-3,1.0000,baran
716,Stateavg,al_hf-2,1.0000,baran
719,Stateavg,al_ami-3,1.0000,baran
726,Stateavg,al_hf-3,1.0000,baran
727,Stateavg,al_scip-inf-1,1.0000,baran
728,Stateavg,al_pn-2,1.0000,baran
729,Stateavg,al_pn-5c,1.0000,baran
731,Stateavg,al_pn-5c,1.0000,baran
734,Stateavg,al_pn-5c,1.0000,baran
735,Stateavg,al_scip-inf-1,1.0000,baran
736,Stateavg,al_scip-inf-2,1.0000,baran
738,Stateavg,al_scip-inf-4,1.0000,baran
739,Stateavg,al_scip-inf-6,1.0000,baran
742,Stateavg,al_ami-1,1.0000,baran
745,Stateavg,al_ami-4,1.0000,baran
746,Stateavg,al_ami-5,1.0000,baran
748,Stateavg,al_scip-inf-2,1.0000,baran
750,Stateavg,al_pn-5c,1.0000,baran
751,Stateavg,al_ami-7a,1.0000,baran
753,Stateavg,al_pn-2,1.0000,baran
756,Stateavg,al_pn-5c,1.0000,baran
757,Stateavg,al_scip-inf-6,1.0000,baran
760,Stateavg,al_ami-2,1.0000,baran
763,Stateavg,al_scip-inf-4,1.0000,baran
767,Stateavg,al_scip-inf-3,1.0000,baran
768,Stateavg,al_scip-inf-1,1.0000,baran
772,Stateavg,al_ami-8a,1.0000,baran
774,Stateavg,al_hf-1,1.0000,baran
778,Stateavg,al_scip-inf-1,1.0000,baran
780,Stateavg,al_ami-5,1.0000,baran
782,Stateavg,al_ami-4,1.0000,baran
784,Stateavg,al_ami-8a,1.0000,baran
786,Stateavg,al_hf-2,1.0000,baran
787,Stateavg,al_hf-3,1.0000,baran
788,Stateavg,al_hf-4,1.0000,baran
790,Stateavg,al_pn-5c,1.0000,baran
791,Stateavg,al_pn-4,1.0000,baran
792,Stateavg,al_pn-5c,1.0000,baran
795,Stateavg,al_hf-2,1.0000,baran
797,Stateavg,al_pn-2,1.0000,baran
798,Stateavg,al_scip-inf-3,1.0000,baran
803,Stateavg,al_pn-6,1.0000,baran
806,Stateavg,al_ami-4,1.0000,baran
810,Stateavg,al_hf-1,1.0000,baran
814,Stateavg,al_pn-2,1.0000,baran
816,Stateavg,al_scip-inf-4,1.0000,baran
820,Stateavg,al_pn-7,1.0000,baran
823,Stateavg,al_scip-inf-3,1.0000,baran
825,Stateavg,al_scip-inf-6,1.0000,baran
827,Stateavg,al_hf-1,1.0000,baran
828,Stateavg,al_hf-2,1.0000,baran
829,Stateavg,al_ami-2,1.0000,baran
831,Stateavg,al_ami-5,1.0000,baran
832,Stateavg,al_ami-5,1.0000,baran
833,Stateavg,al_hf-2,1.0000,baran
835,Stateavg,al_scip-inf-4,1.0000,baran
840,Stateavg,al_pn-3b,1.0000,baran
841,Stateavg,al_scip-card-2,1.0000,baran
843,Stateavg,al_pn-5c,1.0000,baran
846,Stateavg,al_pn-2,1.0000,baran
847,Stateavg,al_scip-inf-2,1.0000,baran
848,Stateavg,al_ami-8a,1.0000,baran
850,Stateavg,al_scip-inf-6,1.0000,baran
853,Stateavg,al_ami-1,1.0000,baran
854,Stateavg,al_pn-3b,1.0000,baran
855,Stateavg,al_pn-3b,1.0000,baran
856,Stateavg,al_ami-4,1.0000,baran
859,Stateavg,al_ami-7a,1.0000,baran
860,Stateavg,al_hf-2,1.0000,baran
862,Stateavg,al_ami-2,1.0000,baran
864,Stateavg,al_pn-3b,1.0000,baran
867,Stateavg,al_cac-2,1.0000,baran
877,Stateavg,al_scip-vte-2,1.0000,baran
879,Stateavg,al_ami-2,1.0000,baran
881,Stateavg,al_ami-4,1.0000,baran
882,Stateavg,al_ami-5,1.0000,baran
883,Stateavg,al_scip-vte-2,1.0000,baran
894,Stateavg,al_ami-8a,1.0000,baran
895,Stateavg,al_scip-card-2,1.0000,baran
897,Stateavg,al_ami-8a,1.0000,baran
899,Stateavg,al_scip-inf-3,1.0000,baran
900,Stateavg,al_scip-card-2,1.0000,baran
901,Stateavg,al_ami-5,1.0000,baran
902,Stateavg,al_pn-6,1.0000,baran
904,Stateavg,al_cac-2,1.0000,baran
905,Stateavg,al_cac-3,1.0000,baran
912,Stateavg,al_scip-inf-1,1.0000,baran
913,Stateavg,al_scip-inf-3,1.0000,baran
915,Stateavg,al_hf-3,1.0000,baran
921,Stateavg,al_hf-1,1.0000,baran
923,Stateavg,al_pn-5c,1.0000,baran
927,Stateavg,al_scip-inf-1,1.0000,baran
928,Stateavg,al_scip-inf-6,1.0000,baran
932,Stateavg,al_pn-6,1.0000,baran
939,Stateavg,al_hf-2,1.0000,baran
941,Stateavg,al_hf-4,1.0000,baran
944,Stateavg,al_pn-4,1.0000,baran
950,Stateavg,al_scip-inf-2,1.0000,baran
954,Stateavg,al_scip-vte-1,1.0000,baran
964,Stateavg,al_hf-1,1.0000,baran
967,Stateavg,al_pn-4,1.0000,baran
968,Stateavg,al_pn-3b,1.0000,baran
971,Stateavg,al_pn-6,1.0000,baran
972,Stateavg,al_pn-5c,1.0000,baran
974,Stateavg,al_scip-inf-1,1.0000,baran
979,Stateavg,al_scip-vte-1,1.0000,baran
985,Stateavg,al_ami-5,1.0000,baran
986,Stateavg,al_ami-3,1.0000,baran
993,Stateavg,al_hf-3,1.0000,baran
265,Address1,33700 highway 43,1.0000,baran
151,Address1,33700 highway 43,1.0000,baran
367,Address1,33700 highway 43,1.0000,baran
489,Address1,33700 highway 43,1.0000,baran
800,Address1,33700 highway 43,1.0000,baran
919,Address1,33700 highway 43,1.0000,baran
265,ZipCode,36784,1.0000,baran
1,ZipCode,36116,1.0000,baran
2,ZipCode,35233,1.0000,baran
3,ZipCode,35555,1.0000,baran
4,ZipCode,36784,1.0000,baran
5,ZipCode,35121,1.0000,baran
8,ZipCode,35233,1.0000,baran
11,ZipCode,36784,1.0000,baran
12,ZipCode,35058,1.0000,baran
15,ZipCode,99508,1.0000,baran
18,ZipCode,35233,1.0000,baran
20,ZipCode,36302,1.0000,baran
22,ZipCode,36302,1.0000,baran
24,ZipCode,36784,1.0000,baran
25,ZipCode,35968,1.0000,baran
29,ZipCode,36784,1.0000,baran
32,ZipCode,36784,1.0000,baran
37,ZipCode,36302,1.0000,baran
38,ZipCode,36302,1.0000,baran
40,ZipCode,35233,1.0000,baran
41,ZipCode,36302,1.0000,baran
45,ZipCode,36330,1.0000,baran
49,ZipCode,35968,1.0000,baran
50,ZipCode,35957,1.0000,baran
51,ZipCode,35957,1.0000,baran
53,ZipCode,36420,1.0000,baran
55,ZipCode,35233,1.0000,baran
56,ZipCode,35957,1.0000,baran
57,ZipCode,35957,1.0000,baran
58,ZipCode,35957,1.0000,baran
59,ZipCode,36033,1.0000,baran
60,ZipCode,35957,1.0000,baran
61,ZipCode,36854,1.0000,baran
62,ZipCode,35957,1.0000,baran
63,ZipCode,35957,1.0000,baran
66,ZipCode,35058,1.0000,baran
71,ZipCode,35631,1.0000,baran
77,ZipCode,35233,1.0000,baran
80,ZipCode,36302,1.0000,baran
84,ZipCode,35631,1.0000,baran
85,ZipCode,36302,1.0000,baran
86,ZipCode,36784,1.0000,baran
88,ZipCode,35960,1.0000,baran
92,ZipCode,35631,1.0000,baran
95,ZipCode,36420,1.0000,baran
101,ZipCode,36420,1.0000,baran
103,ZipCode,36078,1.0000,baran
104,ZipCode,36420,1.0000,baran
105,ZipCode,36784,1.0000,baran
108,ZipCode,36420,1.0000,baran
109,ZipCode,35801,1.0000,baran
112,ZipCode,35968,1.0000,baran
116,ZipCode,36420,1.0000,baran
117,ZipCode,36033,1.0000,baran
119,ZipCode,36420,1.0000,baran
120,ZipCode,35968,1.0000,baran
121,ZipCode,36049,1.0000,baran
122,ZipCode,36049,1.0000,baran
123,ZipCode,36049,1.0000,baran
125,ZipCode,35007,1.0000,baran
127,ZipCode,36049,1.0000,baran
132,ZipCode,36049,1.0000,baran
134,ZipCode,36049,1.0000,baran
135,ZipCode,36201,1.0000,baran
137,ZipCode,36049,1.0000,baran
143,ZipCode,36049,1.0000,baran
145,ZipCode,36784,1.0000,baran
148,ZipCode,36278,1.0000,baran
153,ZipCode,36784,1.0000,baran
157,ZipCode,35640,1.0000,baran
161,ZipCode,35640,1.0000,baran
169,ZipCode,35640,1.0000,baran
171,ZipCode,35631,1.0000,baran
172,ZipCode,35957,1.0000,baran
174,ZipCode,35957,1.0000,baran
175,ZipCode,35957,1.0000,baran
176,ZipCode,35957,1.0000,baran
178,ZipCode,36116,1.0000,baran
179,ZipCode,35957,1.0000,baran
180,ZipCode,35957,1.0000,baran
182,ZipCode,35233,1.0000,baran
183,ZipCode,36784,1.0000,baran
187,ZipCode,36784,1.0000,baran
188,ZipCode,36784,1.0000,baran
189,ZipCode,35957,1.0000,baran
190,ZipCode,35957,1.0000,baran
192,ZipCode,35957,1.0000,baran
195,ZipCode,35233,1.0000,baran
199,ZipCode,35233,1.0000,baran
200,ZipCode,36033,1.0000,baran
202,ZipCode,35007,1.0000,baran
210,ZipCode,35233,1.0000,baran
217,ZipCode,35960,1.0000,baran
218,ZipCode,35233,1.0000,baran
219,ZipCode,36360,1.0000,baran
222,ZipCode,35968,1.0000,baran
224,ZipCode,35007,1.0000,baran
229,ZipCode,35968,1.0000,baran
230,ZipCode,36784,1.0000,baran
234,ZipCode,35968,1.0000,baran
235,ZipCode,35968,1.0000,baran
240,ZipCode,35007,1.0000,baran
242,ZipCode,35968,1.0000,baran
246,ZipCode,36784,1.0000,baran
252,ZipCode,36784,1.0000,baran
253,ZipCode,35640,1.0000,baran
254,ZipCode,36784,1.0000,baran
255,ZipCode,35968,1.0000,baran
257,ZipCode,36784,1.0000,baran
258,ZipCode,36784,1.0000,baran
259,ZipCode,36420,1.0000,baran
262,ZipCode,36784,1.0000,baran
264,ZipCode,36784,1.0000,baran
267,ZipCode,35968,1.0000,baran
268,ZipCode,35045,1.0000,baran
269,ZipCode,36784,1.0000,baran
271,ZipCode,35007,1.0000,baran
277,ZipCode,35007,1.0000,baran
279,ZipCode,35007,1.0000,baran
284,ZipCode,35007,1.0000,baran
287,ZipCode,36784,1.0000,baran
289,ZipCode,35007,1.0000,baran
291,ZipCode,35007,1.0000,baran
295,ZipCode,35233,1.0000,baran
299,ZipCode,35233,1.0000,baran
301,ZipCode,35233,1.0000,baran
309,ZipCode,35233,1.0000,baran
310,ZipCode,35233,1.0000,baran
311,ZipCode,35968,1.0000,baran
313,ZipCode,35801,1.0000,baran
315,ZipCode,36201,1.0000,baran
319,ZipCode,35007,1.0000,baran
320,ZipCode,36801,1.0000,baran
327,ZipCode,36201,1.0000,baran
333,ZipCode,36302,1.0000,baran
336,ZipCode,36302,1.0000,baran
341,ZipCode,36302,1.0000,baran
342,ZipCode,36302,1.0000,baran
343,ZipCode,36302,1.0000,baran
346,ZipCode,36302,1.0000,baran
347,ZipCode,36784,1.0000,baran
348,ZipCode,36302,1.0000,baran
353,ZipCode,36801,1.0000,baran
370,ZipCode,36116,1.0000,baran
375,ZipCode,36116,1.0000,baran
380,ZipCode,36617,1.0000,baran
381,ZipCode,35640,1.0000,baran
382,ZipCode,36617,1.0000,baran
384,ZipCode,36617,1.0000,baran
389,ZipCode,36617,1.0000,baran
390,ZipCode,35968,1.0000,baran
391,ZipCode,36784,1.0000,baran
393,ZipCode,36067,1.0000,baran
398,ZipCode,36067,1.0000,baran
399,ZipCode,36067,1.0000,baran
400,ZipCode,36067,1.0000,baran
405,ZipCode,36067,1.0000,baran
410,ZipCode,36784,1.0000,baran
418,ZipCode,36201,1.0000,baran
421,ZipCode,35150,1.0000,baran
422,ZipCode,35150,1.0000,baran
427,ZipCode,35150,1.0000,baran
430,ZipCode,36116,1.0000,baran
432,ZipCode,35968,1.0000,baran
439,ZipCode,99508,1.0000,baran
443,ZipCode,35968,1.0000,baran
445,ZipCode,35968,1.0000,baran
448,ZipCode,99508,1.0000,baran
449,ZipCode,35233,1.0000,baran
452,ZipCode,99559,1.0000,baran
455,ZipCode,35233,1.0000,baran
456,ZipCode,35058,1.0000,baran
461,ZipCode,35121,1.0000,baran
462,ZipCode,36784,1.0000,baran
468,ZipCode,36360,1.0000,baran
473,ZipCode,36784,1.0000,baran
476,ZipCode,35045,1.0000,baran
478,ZipCode,35121,1.0000,baran
490,ZipCode,36360,1.0000,baran
491,ZipCode,35007,1.0000,baran
494,ZipCode,35960,1.0000,baran
495,ZipCode,36784,1.0000,baran
499,ZipCode,35960,1.0000,baran
500,ZipCode,35960,1.0000,baran
503,ZipCode,35960,1.0000,baran
504,ZipCode,35058,1.0000,baran
505,ZipCode,35960,1.0000,baran
508,ZipCode,35960,1.0000,baran
509,ZipCode,35233,1.0000,baran
510,ZipCode,35960,1.0000,baran
513,ZipCode,99508,1.0000,baran
515,ZipCode,35960,1.0000,baran
516,ZipCode,36784,1.0000,baran
517,ZipCode,36420,1.0000,baran
522,ZipCode,36784,1.0000,baran
523,ZipCode,36420,1.0000,baran
540,ZipCode,35555,1.0000,baran
544,ZipCode,36067,1.0000,baran
545,ZipCode,35801,1.0000,baran
555,ZipCode,36330,1.0000,baran
568,ZipCode,35007,1.0000,baran
576,ZipCode,36854,1.0000,baran
578,ZipCode,36854,1.0000,baran
580,ZipCode,36854,1.0000,baran
581,ZipCode,36302,1.0000,baran
582,ZipCode,36854,1.0000,baran
584,ZipCode,35968,1.0000,baran
586,ZipCode,36854,1.0000,baran
589,ZipCode,36617,1.0000,baran
590,ZipCode,36854,1.0000,baran
592,ZipCode,36330,1.0000,baran
595,ZipCode,36330,1.0000,baran
600,ZipCode,36330,1.0000,baran
603,ZipCode,35631,1.0000,baran
607,ZipCode,36330,1.0000,baran
608,ZipCode,36302,1.0000,baran
609,ZipCode,36330,1.0000,baran
615,ZipCode,36302,1.0000,baran
616,ZipCode,36330,1.0000,baran
621,ZipCode,36784,1.0000,baran
627,ZipCode,36801,1.0000,baran
628,ZipCode,36801,1.0000,baran
631,ZipCode,36854,1.0000,baran
635,ZipCode,35007,1.0000,baran
638,ZipCode,36801,1.0000,baran
639,ZipCode,36801,1.0000,baran
640,ZipCode,35957,1.0000,baran
641,ZipCode,36801,1.0000,baran
644,ZipCode,36116,1.0000,baran
650,ZipCode,35957,1.0000,baran
654,ZipCode,36278,1.0000,baran
655,ZipCode,36278,1.0000,baran
656,ZipCode,36278,1.0000,baran
661,ZipCode,35007,1.0000,baran
663,ZipCode,36278,1.0000,baran
664,ZipCode,36278,1.0000,baran
669,ZipCode,36784,1.0000,baran
680,ZipCode,35058,1.0000,baran
683,ZipCode,35960,1.0000,baran
686,ZipCode,35233,1.0000,baran
687,ZipCode,35233,1.0000,baran
688,ZipCode,35233,1.0000,baran
689,ZipCode,35007,1.0000,baran
702,ZipCode,36078,1.0000,baran
704,ZipCode,36078,1.0000,baran
710,ZipCode,35058,1.0000,baran
711,ZipCode,36784,1.0000,baran
715,ZipCode,36078,1.0000,baran
716,ZipCode,36078,1.0000,baran
721,ZipCode,35058,1.0000,baran
722,ZipCode,35555,1.0000,baran
725,ZipCode,35968,1.0000,baran
726,ZipCode,35058,1.0000,baran
727,ZipCode,35045,1.0000,baran
729,ZipCode,35007,1.0000,baran
730,ZipCode,35058,1.0000,baran
732,ZipCode,36801,1.0000,baran
735,ZipCode,35058,1.0000,baran
736,ZipCode,35058,1.0000,baran
740,ZipCode,35058,1.0000,baran
745,ZipCode,35968,1.0000,baran
750,ZipCode,36784,1.0000,baran
753,ZipCode,36420,1.0000,baran
754,ZipCode,36420,1.0000,baran
758,ZipCode,36420,1.0000,baran
760,ZipCode,36420,1.0000,baran
770,ZipCode,36201,1.0000,baran
774,ZipCode,36201,1.0000,baran
776,ZipCode,35801,1.0000,baran
779,ZipCode,35801,1.0000,baran
780,ZipCode,35968,1.0000,baran
781,ZipCode,35801,1.0000,baran
782,ZipCode,35801,1.0000,baran
785,ZipCode,35801,1.0000,baran
789,ZipCode,35801,1.0000,baran
794,ZipCode,35007,1.0000,baran
796,ZipCode,35801,1.0000,baran
800,ZipCode,35801,1.0000,baran
801,ZipCode,35801,1.0000,baran
802,ZipCode,35801,1.0000,baran
804,ZipCode,35233,1.0000,baran
805,ZipCode,36116,1.0000,baran
827,ZipCode,35007,1.0000,baran
828,ZipCode,35045,1.0000,baran
829,ZipCode,35957,1.0000,baran
830,ZipCode,35045,1.0000,baran
831,ZipCode,35045,1.0000,baran
833,ZipCode,36302,1.0000,baran
834,ZipCode,35045,1.0000,baran
837,ZipCode,35007,1.0000,baran
840,ZipCode,35045,1.0000,baran
841,ZipCode,35045,1.0000,baran
842,ZipCode,35045,1.0000,baran
843,ZipCode,35045,1.0000,baran
846,ZipCode,36420,1.0000,baran
849,ZipCode,35045,1.0000,baran
851,ZipCode,36784,1.0000,baran
852,ZipCode,35045,1.0000,baran
865,ZipCode,36278,1.0000,baran
866,ZipCode,36784,1.0000,baran
881,ZipCode,35555,1.0000,baran
884,ZipCode,35555,1.0000,baran
885,ZipCode,35058,1.0000,baran
888,ZipCode,36116,1.0000,baran
889,ZipCode,35233,1.0000,baran
890,ZipCode,35631,1.0000,baran
892,ZipCode,35968,1.0000,baran
895,ZipCode,35555,1.0000,baran
896,ZipCode,35555,1.0000,baran
912,ZipCode,35631,1.0000,baran
916,ZipCode,35631,1.0000,baran
925,ZipCode,36784,1.0000,baran
929,ZipCode,36067,1.0000,baran
930,ZipCode,36067,1.0000,baran
935,ZipCode,36784,1.0000,baran
937,ZipCode,35045,1.0000,baran
938,ZipCode,36033,1.0000,baran
945,ZipCode,36302,1.0000,baran
950,ZipCode,35555,1.0000,baran
955,ZipCode,36033,1.0000,baran
963,ZipCode,36330,1.0000,baran
967,ZipCode,36330,1.0000,baran
971,ZipCode,36330,1.0000,baran
972,ZipCode,36330,1.0000,baran
977,ZipCode,36360,1.0000,baran
979,ZipCode,35233,1.0000,baran
984,ZipCode,36360,1.0000,baran
985,ZipCode,35121,1.0000,baran
986,ZipCode,35121,1.0000,baran
987,ZipCode,35121,1.0000,baran
989,ZipCode,35121,1.0000,baran
990,ZipCode,35121,1.0000,baran
998,ZipCode,35121,1.0000,baran
1000,ZipCode,35957,1.0000,baran
265,PhoneNumber,3346366221,1.0000,baran
2,PhoneNumber,2053258100,1.0000,baran
6,PhoneNumber,2053258100,1.0000,baran
9,PhoneNumber,2563864556,1.0000,baran
10,PhoneNumber,2564944000,1.0000,baran
14,PhoneNumber,2563864556,1.0000,baran
17,PhoneNumber,2059325966,1.0000,baran
18,PhoneNumber,2562651000,1.0000,baran
21,PhoneNumber,3347938701,1.0000,baran
22,PhoneNumber,3343353374,1.0000,baran
31,PhoneNumber,3347938701,1.0000,baran
32,PhoneNumber,3347938701,1.0000,baran
33,PhoneNumber,3347938701,1.0000,baran
34,PhoneNumber,3347938701,1.0000,baran
35,PhoneNumber,3347938701,1.0000,baran
37,PhoneNumber,3347938701,1.0000,baran
38,PhoneNumber,3347938701,1.0000,baran
42,PhoneNumber,2565938310,1.0000,baran
43,PhoneNumber,2565718000,1.0000,baran
45,PhoneNumber,2565938310,1.0000,baran
47,PhoneNumber,2565938310,1.0000,baran
57,PhoneNumber,2565938310,1.0000,baran
61,PhoneNumber,2565938310,1.0000,baran
63,PhoneNumber,2565938310,1.0000,baran
64,PhoneNumber,3342836541,1.0000,baran
67,PhoneNumber,2565938310,1.0000,baran
73,PhoneNumber,2056208100,1.0000,baran
78,PhoneNumber,2567688400,1.0000,baran
81,PhoneNumber,2567688400,1.0000,baran
87,PhoneNumber,2567688400,1.0000,baran
89,PhoneNumber,2567688400,1.0000,baran
93,PhoneNumber,2567688400,1.0000,baran
95,PhoneNumber,3344933541,1.0000,baran
98,PhoneNumber,3344933541,1.0000,baran
106,PhoneNumber,3344933541,1.0000,baran
107,PhoneNumber,3342938000,1.0000,baran
108,PhoneNumber,3347493411,1.0000,baran
110,PhoneNumber,3342938000,1.0000,baran
112,PhoneNumber,2056208100,1.0000,baran
113,PhoneNumber,3344933541,1.0000,baran
114,PhoneNumber,3344933541,1.0000,baran
115,PhoneNumber,3342228466,1.0000,baran
117,PhoneNumber,3344933541,1.0000,baran
118,PhoneNumber,3344933541,1.0000,baran
119,PhoneNumber,3347742601,1.0000,baran
124,PhoneNumber,2056208100,1.0000,baran
125,PhoneNumber,3343353374,1.0000,baran
126,PhoneNumber,3343353374,1.0000,baran
130,PhoneNumber,3343353374,1.0000,baran
131,PhoneNumber,3343353374,1.0000,baran
133,PhoneNumber,3343353374,1.0000,baran
134,PhoneNumber,2058383122,1.0000,baran
138,PhoneNumber,3343353374,1.0000,baran
140,PhoneNumber,2564944000,1.0000,baran
142,PhoneNumber,3343353374,1.0000,baran
145,PhoneNumber,2567736511,1.0000,baran
147,PhoneNumber,2567736511,1.0000,baran
153,PhoneNumber,2057552500,1.0000,baran
156,PhoneNumber,2567736511,1.0000,baran
158,PhoneNumber,3342938000,1.0000,baran
159,PhoneNumber,2567736511,1.0000,baran
160,PhoneNumber,2567736511,1.0000,baran
162,PhoneNumber,2567736511,1.0000,baran
167,PhoneNumber,2567736511,1.0000,baran
169,PhoneNumber,2567736511,1.0000,baran
170,PhoneNumber,2565718000,1.0000,baran
173,PhoneNumber,3347493411,1.0000,baran
175,PhoneNumber,2565718000,1.0000,baran
179,PhoneNumber,2565718000,1.0000,baran
180,PhoneNumber,2565718000,1.0000,baran
181,PhoneNumber,2565718000,1.0000,baran
184,PhoneNumber,2565718000,1.0000,baran
185,PhoneNumber,2565718000,1.0000,baran
190,PhoneNumber,2565718000,1.0000,baran
192,PhoneNumber,2565718000,1.0000,baran
198,PhoneNumber,2058383122,1.0000,baran
205,PhoneNumber,2565938310,1.0000,baran
206,PhoneNumber,2058383122,1.0000,baran
212,PhoneNumber,2058383122,1.0000,baran
213,PhoneNumber,3347493411,1.0000,baran
214,PhoneNumber,2562651000,1.0000,baran
215,PhoneNumber,2058383122,1.0000,baran
217,PhoneNumber,2058383122,1.0000,baran
219,PhoneNumber,2058383122,1.0000,baran
221,PhoneNumber,2568453150,1.0000,baran
225,PhoneNumber,2568453150,1.0000,baran
227,PhoneNumber,3343470584,1.0000,baran
231,PhoneNumber,3342228466,1.0000,baran
234,PhoneNumber,2568453150,1.0000,baran
236,PhoneNumber,2568453150,1.0000,baran
240,PhoneNumber,3348972257,1.0000,baran
242,PhoneNumber,2059216200,1.0000,baran
243,PhoneNumber,2058383122,1.0000,baran
245,PhoneNumber,2052743000,1.0000,baran
246,PhoneNumber,2059216200,1.0000,baran
250,PhoneNumber,3346366221,1.0000,baran
255,PhoneNumber,3346366221,1.0000,baran
257,PhoneNumber,3346366221,1.0000,baran
258,PhoneNumber,2052743000,1.0000,baran
261,PhoneNumber,3346366221,1.0000,baran
262,PhoneNumber,3346366221,1.0000,baran
266,PhoneNumber,3346366221,1.0000,baran
270,PhoneNumber,2056208100,1.0000,baran
272,PhoneNumber,2056208100,1.0000,baran
276,PhoneNumber,2562358900,1.0000,baran
281,PhoneNumber,2564944000,1.0000,baran
283,PhoneNumber,2056208100,1.0000,baran
285,PhoneNumber,2056208100,1.0000,baran
293,PhoneNumber,2056208100,1.0000,baran
297,PhoneNumber,2053258100,1.0000,baran
298,PhoneNumber,2053258100,1.0000,baran
306,PhoneNumber,2053258100,1.0000,baran
307,PhoneNumber,3342836541,1.0000,baran
314,PhoneNumber,2562358900,1.0000,baran
320,PhoneNumber,3348972257,1.0000,baran
325,PhoneNumber,2562358900,1.0000,baran
326,PhoneNumber,3342938000,1.0000,baran
330,PhoneNumber,2562358900,1.0000,baran
332,PhoneNumber,3347935000,1.0000,baran
334,PhoneNumber,3347935000,1.0000,baran
337,PhoneNumber,2563572111,1.0000,baran
338,PhoneNumber,2058383122,1.0000,baran
339,PhoneNumber,3347935000,1.0000,baran
340,PhoneNumber,3347935000,1.0000,baran
350,PhoneNumber,2056208100,1.0000,baran
352,PhoneNumber,2059397000,1.0000,baran
353,PhoneNumber,2059397000,1.0000,baran
356,PhoneNumber,2514717110,1.0000,baran
357,PhoneNumber,2054877736,1.0000,baran
359,PhoneNumber,2054877736,1.0000,baran
363,PhoneNumber,2054877736,1.0000,baran
364,PhoneNumber,2054877736,1.0000,baran
366,PhoneNumber,2054877736,1.0000,baran
374,PhoneNumber,3347935000,1.0000,baran
375,PhoneNumber,2054877736,1.0000,baran
376,PhoneNumber,2054877736,1.0000,baran
377,PhoneNumber,2054877736,1.0000,baran
384,PhoneNumber,2514717110,1.0000,baran
387,PhoneNumber,2514717110,1.0000,baran
390,PhoneNumber,2514717110,1.0000,baran
391,PhoneNumber,2514717110,1.0000,baran
392,PhoneNumber,2514717110,1.0000,baran
397,PhoneNumber,3343353374,1.0000,baran
398,PhoneNumber,3343614267,1.0000,baran
401,PhoneNumber,2056208100,1.0000,baran
402,PhoneNumber,3343614267,1.0000,baran
410,PhoneNumber,3343614267,1.0000,baran
412,PhoneNumber,3343614267,1.0000,baran
419,PhoneNumber,2568453150,1.0000,baran
423,PhoneNumber,9072761131,1.0000,baran
424,PhoneNumber,3343353374,1.0000,baran
426,PhoneNumber,2052743000,1.0000,baran
432,PhoneNumber,2562495000,1.0000,baran
434,PhoneNumber,9072761131,1.0000,baran
436,PhoneNumber,9072761131,1.0000,baran
437,PhoneNumber,9072761131,1.0000,baran
438,PhoneNumber,9072761131,1.0000,baran
442,PhoneNumber,9072761131,1.0000,baran
446,PhoneNumber,3342228466,1.0000,baran
448,PhoneNumber,2057552500,1.0000,baran
450,PhoneNumber,3343353374,1.0000,baran
453,PhoneNumber,2563864556,1.0000,baran
456,PhoneNumber,2563864556,1.0000,baran
457,PhoneNumber,2563864556,1.0000,baran
458,PhoneNumber,2563864556,1.0000,baran
459,PhoneNumber,2059325966,1.0000,baran
463,PhoneNumber,2563864556,1.0000,baran
465,PhoneNumber,2059344011,1.0000,baran
468,PhoneNumber,3347742601,1.0000,baran
470,PhoneNumber,3347742601,1.0000,baran
472,PhoneNumber,2059325966,1.0000,baran
475,PhoneNumber,3347742601,1.0000,baran
478,PhoneNumber,3347742601,1.0000,baran
481,PhoneNumber,3347742601,1.0000,baran
489,PhoneNumber,2054877736,1.0000,baran
490,PhoneNumber,3347742601,1.0000,baran
492,PhoneNumber,2569275531,1.0000,baran
493,PhoneNumber,2567688400,1.0000,baran
494,PhoneNumber,2563572111,1.0000,baran
495,PhoneNumber,2569275531,1.0000,baran
498,PhoneNumber,2565718000,1.0000,baran
501,PhoneNumber,2569275531,1.0000,baran
502,PhoneNumber,2569275531,1.0000,baran
507,PhoneNumber,3346366221,1.0000,baran
516,PhoneNumber,2563864556,1.0000,baran
517,PhoneNumber,3342882100,1.0000,baran
518,PhoneNumber,3342882100,1.0000,baran
520,PhoneNumber,2567736511,1.0000,baran
522,PhoneNumber,2052743000,1.0000,baran
525,PhoneNumber,2054877736,1.0000,baran
528,PhoneNumber,3346366221,1.0000,baran
532,PhoneNumber,3342882100,1.0000,baran
534,PhoneNumber,3342882100,1.0000,baran
536,PhoneNumber,3342882100,1.0000,baran
539,PhoneNumber,2565435200,1.0000,baran
544,PhoneNumber,3342938000,1.0000,baran
551,PhoneNumber,3342938000,1.0000,baran
554,PhoneNumber,2053258100,1.0000,baran
555,PhoneNumber,3342938000,1.0000,baran
556,PhoneNumber,3342938000,1.0000,baran
557,PhoneNumber,3342938000,1.0000,baran
558,PhoneNumber,3342938000,1.0000,baran
560,PhoneNumber,3343353374,1.0000,baran
562,PhoneNumber,3342938000,1.0000,baran
563,PhoneNumber,3342938000,1.0000,baran
564,PhoneNumber,3342938000,1.0000,baran
566,PhoneNumber,3342938000,1.0000,baran
567,PhoneNumber,3347935000,1.0000,baran
568,PhoneNumber,3347561400,1.0000,baran
569,PhoneNumber,3347561400,1.0000,baran
571,PhoneNumber,2059325966,1.0000,baran
575,PhoneNumber,3347561400,1.0000,baran
577,PhoneNumber,3347561400,1.0000,baran
580,PhoneNumber,3347561400,1.0000,baran
583,PhoneNumber,3347561400,1.0000,baran
585,PhoneNumber,2565435200,1.0000,baran
588,PhoneNumber,3347561400,1.0000,baran
591,PhoneNumber,3347561400,1.0000,baran
592,PhoneNumber,3348972257,1.0000,baran
604,PhoneNumber,3348972257,1.0000,baran
606,PhoneNumber,3348972257,1.0000,baran
609,PhoneNumber,2058383122,1.0000,baran
614,PhoneNumber,3348972257,1.0000,baran
616,PhoneNumber,2058383122,1.0000,baran
619,PhoneNumber,2059344011,1.0000,baran
626,PhoneNumber,2562358900,1.0000,baran
627,PhoneNumber,2565718000,1.0000,baran
631,PhoneNumber,3347493411,1.0000,baran
632,PhoneNumber,2562358900,1.0000,baran
633,PhoneNumber,3347493411,1.0000,baran
634,PhoneNumber,3347493411,1.0000,baran
635,PhoneNumber,2057552500,1.0000,baran
641,PhoneNumber,2056208100,1.0000,baran
644,PhoneNumber,2563572111,1.0000,baran
646,PhoneNumber,2563572111,1.0000,baran
647,PhoneNumber,2563572111,1.0000,baran
649,PhoneNumber,2514717110,1.0000,baran
651,PhoneNumber,2056208100,1.0000,baran
652,PhoneNumber,2563572111,1.0000,baran
654,PhoneNumber,3343614267,1.0000,baran
655,PhoneNumber,2056208100,1.0000,baran
656,PhoneNumber,2563572111,1.0000,baran
658,PhoneNumber,3347935000,1.0000,baran
659,PhoneNumber,2563572111,1.0000,baran
660,PhoneNumber,2563572111,1.0000,baran
661,PhoneNumber,2563572111,1.0000,baran
662,PhoneNumber,3347561400,1.0000,baran
664,PhoneNumber,2563572111,1.0000,baran
666,PhoneNumber,2563572111,1.0000,baran
667,PhoneNumber,2059344011,1.0000,baran
668,PhoneNumber,2059344011,1.0000,baran
669,PhoneNumber,2059344011,1.0000,baran
673,PhoneNumber,2059344011,1.0000,baran
675,PhoneNumber,2059344011,1.0000,baran
681,PhoneNumber,2059344011,1.0000,baran
685,PhoneNumber,2059344011,1.0000,baran
686,PhoneNumber,2059344011,1.0000,baran
689,PhoneNumber,2059344011,1.0000,baran
691,PhoneNumber,3343470584,1.0000,baran
692,PhoneNumber,3342836541,1.0000,baran
693,PhoneNumber,3342836541,1.0000,baran
694,PhoneNumber,3342836541,1.0000,baran
695,PhoneNumber,3342836541,1.0000,baran
696,PhoneNumber,3342836541,1.0000,baran
697,PhoneNumber,3342836541,1.0000,baran
699,PhoneNumber,3342836541,1.0000,baran
700,PhoneNumber,2054877736,1.0000,baran
702,PhoneNumber,3342836541,1.0000,baran
703,PhoneNumber,2059216200,1.0000,baran
705,PhoneNumber,2563321611,1.0000,baran
706,PhoneNumber,3342836541,1.0000,baran
707,PhoneNumber,2565718000,1.0000,baran
710,PhoneNumber,2565435200,1.0000,baran
713,PhoneNumber,3347935000,1.0000,baran
714,PhoneNumber,3342836541,1.0000,baran
715,PhoneNumber,3342836541,1.0000,baran
716,PhoneNumber,2056208100,1.0000,baran
719,PhoneNumber,2563864556,1.0000,baran
722,PhoneNumber,2567372000,1.0000,baran
723,PhoneNumber,2567372000,1.0000,baran
724,PhoneNumber,3342228466,1.0000,baran
730,PhoneNumber,2567372000,1.0000,baran
733,PhoneNumber,2567372000,1.0000,baran
734,PhoneNumber,2567372000,1.0000,baran
737,PhoneNumber,2565435200,1.0000,baran
744,PhoneNumber,3342228466,1.0000,baran
748,PhoneNumber,2563572111,1.0000,baran
751,PhoneNumber,2058383122,1.0000,baran
758,PhoneNumber,3342228466,1.0000,baran
768,PhoneNumber,2565938310,1.0000,baran
773,PhoneNumber,2562358900,1.0000,baran
775,PhoneNumber,2562651000,1.0000,baran
778,PhoneNumber,2562651000,1.0000,baran
789,PhoneNumber,3342836541,1.0000,baran
790,PhoneNumber,2057552500,1.0000,baran
792,PhoneNumber,3343614267,1.0000,baran
793,PhoneNumber,2562651000,1.0000,baran
795,PhoneNumber,2562651000,1.0000,baran
796,PhoneNumber,2562651000,1.0000,baran
797,PhoneNumber,2563864556,1.0000,baran
798,PhoneNumber,2565435200,1.0000,baran
800,PhoneNumber,2562651000,1.0000,baran
801,PhoneNumber,2562651000,1.0000,baran
803,PhoneNumber,2564944000,1.0000,baran
804,PhoneNumber,2564944000,1.0000,baran
806,PhoneNumber,2564944000,1.0000,baran
807,PhoneNumber,2564944000,1.0000,baran
810,PhoneNumber,2564944000,1.0000,baran
811,PhoneNumber,2564944000,1.0000,baran
812,PhoneNumber,2564944000,1.0000,baran
816,PhoneNumber,2562651000,1.0000,baran
822,PhoneNumber,2564944000,1.0000,baran
824,PhoneNumber,2057552500,1.0000,baran
829,PhoneNumber,3347561400,1.0000,baran
831,PhoneNumber,2057552500,1.0000,baran
832,PhoneNumber,2057552500,1.0000,baran
833,PhoneNumber,2057552500,1.0000,baran
834,PhoneNumber,2569275531,1.0000,baran
836,PhoneNumber,2057552500,1.0000,baran
837,PhoneNumber,2057552500,1.0000,baran
838,PhoneNumber,2057552500,1.0000,baran
840,PhoneNumber,3343470584,1.0000,baran
841,PhoneNumber,3344933541,1.0000,baran
845,PhoneNumber,2057552500,1.0000,baran
849,PhoneNumber,2052743000,1.0000,baran
850,PhoneNumber,2057552500,1.0000,baran
851,PhoneNumber,2057552500,1.0000,baran
852,PhoneNumber,2565718000,1.0000,baran
858,PhoneNumber,3343762205,1.0000,baran
861,PhoneNumber,2059216200,1.0000,baran
864,PhoneNumber,2059216200,1.0000,baran
871,PhoneNumber,2059216200,1.0000,baran
874,PhoneNumber,2059216200,1.0000,baran
877,PhoneNumber,2059216200,1.0000,baran
883,PhoneNumber,3347561400,1.0000,baran
884,PhoneNumber,2059325966,1.0000,baran
886,PhoneNumber,2059325966,1.0000,baran
887,PhoneNumber,2059325966,1.0000,baran
891,PhoneNumber,2563864556,1.0000,baran
892,PhoneNumber,2059325966,1.0000,baran
894,PhoneNumber,2565938310,1.0000,baran
896,PhoneNumber,2059325966,1.0000,baran
897,PhoneNumber,2059325966,1.0000,baran
899,PhoneNumber,2053258100,1.0000,baran
902,PhoneNumber,3342228466,1.0000,baran
904,PhoneNumber,2565435200,1.0000,baran
910,PhoneNumber,3343470584,1.0000,baran
919,PhoneNumber,2565435200,1.0000,baran
921,PhoneNumber,3347935000,1.0000,baran
922,PhoneNumber,2565435200,1.0000,baran
924,PhoneNumber,2565435200,1.0000,baran
929,PhoneNumber,2052743000,1.0000,baran
931,PhoneNumber,3343762205,1.0000,baran
933,PhoneNumber,9072761131,1.0000,baran
934,PhoneNumber,3343353374,1.0000,baran
938,PhoneNumber,3343762205,1.0000,baran
944,PhoneNumber,3343762205,1.0000,baran
945,PhoneNumber,3343762205,1.0000,baran
948,PhoneNumber,3343762205,1.0000,baran
957,PhoneNumber,3343470584,1.0000,baran
958,PhoneNumber,3343470584,1.0000,baran
960,PhoneNumber,3342836541,1.0000,baran
961,PhoneNumber,3343470584,1.0000,baran
968,PhoneNumber,3343470584,1.0000,baran
970,PhoneNumber,2057552500,1.0000,baran
974,PhoneNumber,2565435200,1.0000,baran
976,PhoneNumber,3343470584,1.0000,baran
977,PhoneNumber,3347493411,1.0000,baran
981,PhoneNumber,2052743000,1.0000,baran
982,PhoneNumber,9072761131,1.0000,baran
987,PhoneNumber,2052743000,1.0000,baran
988,PhoneNumber,2052743000,1.0000,baran
989,PhoneNumber,2563572111,1.0000,baran
990,PhoneNumber,2052743000,1.0000,baran
991,PhoneNumber,3343470584,1.0000,baran
994,PhoneNumber,2059325966,1.0000,baran
996,PhoneNumber,2052743000,1.0000,baran
999,PhoneNumber,3343470584,1.0000,baran
1000,PhoneNumber,2052743000,1.0000,baran
265,Condition,surgical infection prevention,1.0000,baran
265,MeasureName,surgery patients whose preventive antibiotics were stopped at the right time (within 24 hours after surgery),1.0000,baran
14,MeasureName,surgery patients whose preventive antibiotics were stopped at the right time (within 24 hours after surgery),1.0000,baran
49,MeasureName,surgery patients whose preventive antibiotics were stopped at the right time (within 24 hours after surgery),1.0000,baran
70,MeasureName,surgery patients whose preventive antibiotics were stopped at the right time (within 24 hours after surgery),1.0000,baran
100,MeasureName,pneumonia patients whose initial emergency room blood culture was performed prior to the administration of the first hospital dose of antibiotics,1.0000,baran
122,MeasureName,surgery patients whose preventive antibiotics were stopped at the right time (within 24 hours after surgery),1.0000,baran
126,MeasureName,heart attack patients given pci within 90 minutes of arrival,1.0000,baran
149,MeasureName,pneumonia patients whose initial emergency room blood culture was performed prior to the administration of the first hospital dose of antibiotics,1.0000,baran
172,MeasureName,pneumonia patients whose initial emergency room blood culture was performed prior to the administration of the first hospital dose of antibiotics,1.0000,baran
216,MeasureName,surgery patients whose preventive antibiotics were stopped at the right time (within 24 hours after surgery),1.0000,baran
261,MeasureName,pneumonia patients whose initial emergency room blood culture was performed prior to the administration of the first hospital dose of antibiotics,1.0000,baran
288,MeasureName,heart attack patients given pci within 90 minutes of arrival,1.0000,baran
290,MeasureName,surgery patients whose preventive antibiotics were stopped at the right time (within 24 hours after surgery),1.0000,baran
324,MeasureName,heart attack patients given pci within 90 minutes of arrival,1.0000,baran
421,MeasureName,heart attack patients given pci within 90 minutes of arrival,1.0000,baran
423,MeasureName,surgery patients whose preventive antibiotics were stopped at the right time (within 24 hours after surgery),1.0000,baran
447,MeasureName,pneumonia patients whose initial emergency room blood culture was performed prior to the administration of the first hospital dose of antibiotics,1.0000,baran
514,MeasureName,pneumonia patients whose initial emergency room blood culture was performed prior to the administration of the first hospital dose of antibiotics,1.0000,baran
516,MeasureName,surgery patients whose preventive antibiotics were stopped at the right time (within 24 hours after surgery),1.0000,baran
594,MeasureName,pneumonia patients whose initial emergency room blood culture was performed prior to the administration of the first hospital dose of antibiotics,1.0000,baran
596,MeasureName,pneumonia patients whose initial emergency room blood culture was performed prior to the administration of the first hospital dose of antibiotics,1.0000,baran
603,MeasureName,pneumonia patients whose initial emergency room blood culture was performed prior to the administration of the first hospital dose of antibiotics,1.0000,baran
606,MeasureName,pneumonia patients whose initial emergency room blood culture was performed prior to the administration of the first hospital dose of antibiotics,1.0000,baran
661,MeasureName,pneumonia patients whose initial emergency room blood culture was performed prior to the administration of the first hospital dose of antibiotics,1.0000,baran
716,MeasureName,pneumonia patients whose initial emergency room blood culture was performed prior to the administration of the first hospital dose of antibiotics,1.0000,baran
780,MeasureName,pneumonia patients whose initial emergency room blood culture was performed prior to the administration of the first hospital dose of antibiotics,1.0000,baran
781,MeasureName,pneumonia patients whose initial emergency room blood culture was performed prior to the administration of the first hospital dose of antibiotics,1.0000,baran
885,MeasureName,surgery patients whose preventive antibiotics were stopped at the right time (within 24 hours after surgery),1.0000,baran
899,MeasureName,pneumonia patients whose initial emergency room blood culture was performed prior to the administration of the first hospital dose of antibiotics,1.0000,baran
948,MeasureName,pneumonia patients whose initial emergency room blood culture was performed prior to the administration of the first hospital dose of antibiotics,1.0000,baran
960,MeasureName,heart attack patients given pci within 90 minutes of arrival,1.0000,baran
984,MeasureName,pneumonia patients whose initial emergency room blood culture was performed prior to the administration of the first hospital dose of antibiotics,1.0000,baran
996,MeasureName,surgery patients whose preventive antibiotics were stopped at the right time (within 24 hours after surgery),1.0000,baran
265,Score,86%,1.0000,baran
685,Address1,619 south 19th street,1.0000,baran
135,Address1,619 south 19th street,1.0000,baran
290,Address1,619 south 19th street,1.0000,baran
305,Address1,619 south 19th street,1.0000,baran
326,Address1,619 south 19th street,1.0000,baran
400,Address1,619 south 19th street,1.0000,baran
442,Address1,619 south 19th street,1.0000,baran
472,Address1,619 south 19th street,1.0000,baran
550,Address1,619 south 19th street,1.0000,baran
603,Address1,619 south 19th street,1.0000,baran
836,Address1,619 south 19th street,1.0000,baran
908,Address1,619 south 19th street,1.0000,baran
922,Address1,619 south 19th street,1.0000,baran
952,Address1,619 south 19th street,1.0000,baran
972,Address1,619 south 19th street,1.0000,baran
685,Condition,surgical infection prevention,1.0000,baran
685,MeasureName,surgery patients who were given an antibiotic at the right time (within one hour before surgery) to help prevent infection,1.0000,baran
7,MeasureName,heart attack patients given ace inhibitor or arb for left ventricular systolic dysfunction (lvsd),1.0000,baran
11,MeasureName,heart attack patients given ace inhibitor or arb for left ventricular systolic dysfunction (lvsd),1.0000,baran
19,MeasureName,heart failure patients given smoking cessation advice/counseling,1.0000,baran
24,MeasureName,surgery patients whose preventive antibiotics were stopped at the right time (within 24 hours after surgery),1.0000,baran
26,MeasureName,heart attack patients given aspirin at arrival,1.0000,baran
29,MeasureName,heart failure patients given ace inhibitor or arb for left ventricular systolic dysfunction (lvsd),1.0000,baran
36,MeasureName,pneumonia patients assessed and given influenza vaccination,1.0000,baran
38,MeasureName,pneumonia patients given initial antibiotic(s) within 6 hours after arrival,1.0000,baran
39,MeasureName,surgery patients who were given an antibiotic at the right time (within one hour before surgery) to help prevent infection,1.0000,baran
40,MeasureName,surgery patients whose preventive antibiotics were stopped at the right time (within 24 hours after surgery),1.0000,baran
43,MeasureName,surgery patients needing hair removed from the surgical area before surgery who had hair removed using a safer method (electric clippers or hair removal cream c not a razor),1.0000,baran
46,MeasureName,heart attack patients given aspirin at discharge,1.0000,baran
50,MeasureName,heart attack patients given fibrinolytic medication within 30 minutes of arrival,1.0000,baran
58,MeasureName,pneumonia patients assessed and given influenza vaccination,1.0000,baran
60,MeasureName,pneumonia patients given the most appropriate initial antibiotic(s),1.0000,baran
64,MeasureName,surgery patients who were given the right kind of antibiotic to help prevent infection,1.0000,baran
67,MeasureName,heart attack patients given aspirin at discharge,1.0000,baran
76,MeasureName,heart attack patients given pci within 90 minutes of arrival,1.0000,baran
81,MeasureName,surgery patients who were given an antibiotic at the right time (within one hour before surgery) to help prevent infection,1.0000,baran
82,MeasureName,pneumonia patients whose initial emergency room blood culture was performed prior to the administration of the first hospital dose of antibiotics,1.0000,baran
83,MeasureName,pneumonia patients given smoking cessation advice/counseling,1.0000,baran
85,MeasureName,surgery patients who were given an antibiotic at the right time (within one hour before surgery) to help prevent infection,1.0000,baran
96,MeasureName,pneumonia patients given the most appropriate initial antibiotic(s),1.0000,baran
101,MeasureName,heart attack patients given pci within 90 minutes of arrival,1.0000,baran
103,MeasureName,heart failure patients given an evaluation of left ventricular systolic (lvs) function,1.0000,baran
104,MeasureName,surgery patients needing hair removed from the surgical area before surgery who had hair removed using a safer method (electric clippers or hair removal cream c not a razor),1.0000,baran
109,MeasureName,pneumonia patients given initial antibiotic(s) within 6 hours after arrival,1.0000,baran
111,MeasureName,pneumonia patients assessed and given influenza vaccination,1.0000,baran
113,MeasureName,surgery patients who were given an antibiotic at the right time (within one hour before surgery) to help prevent infection,1.0000,baran
114,MeasureName,surgery patients who were given the right kind of antibiotic to help prevent infection,1.0000,baran
115,MeasureName,surgery patients whose preventive antibiotics were stopped at the right time (within 24 hours after surgery),1.0000,baran
116,MeasureName,all heart surgery patients whose blood sugar (blood glucose) is kept under good control in the days right after surgery,1.0000,baran
117,MeasureName,surgery patients who were given an antibiotic at the right time (within one hour before surgery) to help prevent infection,1.0000,baran
118,MeasureName,surgery patients whose doctors ordered treatments to prevent blood clots after certain types of surgeries,1.0000,baran
119,MeasureName,surgery patients who were given an antibiotic at the right time (within one hour before surgery) to help prevent infection,1.0000,baran
125,MeasureName,heart attack patients given fibrinolytic medication within 30 minutes of arrival,1.0000,baran
133,MeasureName,patients who got treatment at the right time (within 24 hours before or after their surgery) to help prevent blood clots after certain types of surgery,1.0000,baran
134,MeasureName,pneumonia patients assessed and given influenza vaccination,1.0000,baran
136,MeasureName,pneumonia patients assessed and given influenza vaccination,1.0000,baran
139,MeasureName,surgery patients who were given the right kind of antibiotic to help prevent infection,1.0000,baran
140,MeasureName,pneumonia patients whose initial emergency room blood culture was performed prior to the administration of the first hospital dose of antibiotics,1.0000,baran
145,MeasureName,heart attack patients given aspirin at arrival,1.0000,baran
147,MeasureName,heart attack patients given ace inhibitor or arb for left ventricular systolic dysfunction (lvsd),1.0000,baran
148,MeasureName,heart failure patients given discharge instructions,1.0000,baran
151,MeasureName,heart attack patients given smoking cessation advice/counseling,1.0000,baran
153,MeasureName,patients who got treatment at the right time (within 24 hours before or after their surgery) to help prevent blood clots after certain types of surgery,1.0000,baran
154,MeasureName,surgery patients needing hair removed from the surgical area before surgery who had hair removed using a safer method (electric clippers or hair removal cream c not a razor),1.0000,baran
158,MeasureName,pneumonia patients given smoking cessation advice/counseling,1.0000,baran
160,MeasureName,pneumonia patients given the most appropriate initial antibiotic(s),1.0000,baran
161,MeasureName,patients who got treatment at the right time (within 24 hours before or after their surgery) to help prevent blood clots after certain types of surgery,1.0000,baran
163,MeasureName,surgery patients who were given an antibiotic at the right time (within one hour before surgery) to help prevent infection,1.0000,baran
165,MeasureName,heart attack patients given ace inhibitor or arb for left ventricular systolic dysfunction (lvsd),1.0000,baran
169,MeasureName,patients who got treatment at the right time (within 24 hours before or after their surgery) to help prevent blood clots after certain types of surgery,1.0000,baran
175,MeasureName,heart attack patients given fibrinolytic medication within 30 minutes of arrival,1.0000,baran
178,MeasureName,heart failure patients given an evaluation of left ventricular systolic (lvs) function,1.0000,baran
181,MeasureName,pneumonia patients assessed and given pneumococcal vaccination,1.0000,baran
183,MeasureName,pneumonia patients assessed and given pneumococcal vaccination,1.0000,baran
187,MeasureName,surgery patients who were taking heart drugs called beta blockers before coming to the hospital who were kept on the beta blockers during the period just before and after their surgery,1.0000,baran
190,MeasureName,surgery patients whose preventive antibiotics were stopped at the right time (within 24 hours after surgery),1.0000,baran
191,MeasureName,surgery patients who were given an antibiotic at the right time (within one hour before surgery) to help prevent infection,1.0000,baran
192,MeasureName,pneumonia patients assessed and given influenza vaccination,1.0000,baran
197,MeasureName,heart attack patients given ace inhibitor or arb for left ventricular systolic dysfunction (lvsd),1.0000,baran
200,MeasureName,heart attack patients given fibrinolytic medication within 30 minutes of arrival,1.0000,baran
202,MeasureName,heart failure patients given discharge instructions,1.0000,baran
204,MeasureName,heart failure patients given ace inhibitor or arb for left ventricular systolic dysfunction (lvsd),1.0000,baran
205,MeasureName,heart failure patients given smoking cessation advice/counseling,1.0000,baran
208,MeasureName,pneumonia patients given smoking cessation advice/counseling,1.0000,baran
209,MeasureName,surgery patients whose preventive antibiotics were stopped at the right time (within 24 hours after surgery),1.0000,baran
211,MeasureName,pneumonia patients assessed and given influenza vaccination,1.0000,baran
225,MeasureName,heart failure patients given ace inhibitor or arb for left ventricular systolic dysfunction (lvsd),1.0000,baran
228,MeasureName,heart failure patients given an evaluation of left ventricular systolic (lvs) function,1.0000,baran
233,MeasureName,heart attack patients given ace inhibitor or arb for left ventricular systolic dysfunction (lvsd),1.0000,baran
235,MeasureName,surgery patients whose preventive antibiotics were stopped at the right time (within 24 hours after surgery),1.0000,baran
237,MeasureName,surgery patients who were taking heart drugs called beta blockers before coming to the hospital who were kept on the beta blockers during the period just before and after their surgery,1.0000,baran
238,MeasureName,surgery patients who were given an antibiotic at the right time (within one hour before surgery) to help prevent infection,1.0000,baran
239,MeasureName,surgery patients who were given the right kind of antibiotic to help prevent infection,1.0000,baran
244,MeasureName,pneumonia patients assessed and given pneumococcal vaccination,1.0000,baran
245,MeasureName,heart attack patients given aspirin at arrival,1.0000,baran
246,MeasureName,surgery patients who were given the right kind of antibiotic to help prevent infection,1.0000,baran
253,MeasureName,all heart surgery patients whose blood sugar (blood glucose) is kept under good control in the days right after surgery,1.0000,baran
254,MeasureName,heart failure patients given ace inhibitor or arb for left ventricular systolic dysfunction (lvsd),1.0000,baran
255,MeasureName,patients who got treatment at the right time (within 24 hours before or after their surgery) to help prevent blood clots after certain types of surgery,1.0000,baran
259,MeasureName,pneumonia patients given initial antibiotic(s) within 6 hours after arrival,1.0000,baran
260,MeasureName,pneumonia patients given the most appropriate initial antibiotic(s),1.0000,baran
262,MeasureName,surgery patients who were taking heart drugs called beta blockers before coming to the hospital who were kept on the beta blockers during the period just before and after their surgery,1.0000,baran
263,MeasureName,surgery patients who were given an antibiotic at the right time (within one hour before surgery) to help prevent infection,1.0000,baran
264,MeasureName,surgery patients needing hair removed from the surgical area before surgery who had hair removed using a safer method (electric clippers or hair removal cream c not a razor),1.0000,baran
267,MeasureName,surgery patients needing hair removed from the surgical area before surgery who had hair removed using a safer method (electric clippers or hair removal cream c not a razor),1.0000,baran
272,MeasureName,heart attack patients given ace inhibitor or arb for left ventricular systolic dysfunction (lvsd),1.0000,baran
276,MeasureName,surgery patients who were given an antibiotic at the right time (within one hour before surgery) to help prevent infection,1.0000,baran
278,MeasureName,heart failure patients given an evaluation of left ventricular systolic (lvs) function,1.0000,baran
281,MeasureName,surgery patients who were taking heart drugs called beta blockers before coming to the hospital who were kept on the beta blockers during the period just before and after their surgery,1.0000,baran
294,MeasureName,pneumonia patients assessed and given influenza vaccination,1.0000,baran
299,MeasureName,heart attack patients given beta blocker at discharge,1.0000,baran
300,MeasureName,heart attack patients given aspirin at discharge,1.0000,baran
302,MeasureName,heart failure patients given discharge instructions,1.0000,baran
305,MeasureName,heart failure patients given smoking cessation advice/counseling,1.0000,baran
307,MeasureName,pneumonia patients whose initial emergency room blood culture was performed prior to the administration of the first hospital dose of antibiotics,1.0000,baran
313,MeasureName,children and their caregivers who received a home management plan of care document while hospitalized for asthma,1.0000,baran
323,MeasureName,pneumonia patients assessed and given influenza vaccination,1.0000,baran
333,MeasureName,heart failure patients given ace inhibitor or arb for left ventricular systolic dysfunction (lvsd),1.0000,baran
336,MeasureName,pneumonia patients whose initial emergency room blood culture was performed prior to the administration of the first hospital dose of antibiotics,1.0000,baran
339,MeasureName,pneumonia patients given the most appropriate initial antibiotic(s),1.0000,baran
341,MeasureName,pneumonia patients assessed and given influenza vaccination,1.0000,baran
343,MeasureName,surgery patients who were given the right kind of antibiotic to help prevent infection,1.0000,baran
350,MeasureName,heart attack patients given aspirin at discharge,1.0000,baran
352,MeasureName,surgery patients needing hair removed from the surgical area before surgery who had hair removed using a safer method (electric clippers or hair removal cream c not a razor),1.0000,baran
353,MeasureName,heart attack patients given beta blocker at discharge,1.0000,baran
355,MeasureName,heart attack patients given aspirin at arrival,1.0000,baran
358,MeasureName,heart attack patients given smoking cessation advice/counseling,1.0000,baran
362,MeasureName,patients who got treatment at the right time (within 24 hours before or after their surgery) to help prevent blood clots after certain types of surgery,1.0000,baran
363,MeasureName,surgery patients who were given an antibiotic at the right time (within one hour before surgery) to help prevent infection,1.0000,baran
364,MeasureName,heart failure patients given ace inhibitor or arb for left ventricular systolic dysfunction (lvsd),1.0000,baran
369,MeasureName,pneumonia patients given initial antibiotic(s) within 6 hours after arrival,1.0000,baran
377,MeasureName,heart failure patients given an evaluation of left ventricular systolic (lvs) function,1.0000,baran
379,MeasureName,heart failure patients given ace inhibitor or arb for left ventricular systolic dysfunction (lvsd),1.0000,baran
381,MeasureName,heart attack patients given fibrinolytic medication within 30 minutes of arrival,1.0000,baran
383,MeasureName,heart attack patients given smoking cessation advice/counseling,1.0000,baran
387,MeasureName,heart failure patients given discharge instructions,1.0000,baran
391,MeasureName,patients who got treatment at the right time (within 24 hours before or after their surgery) to help prevent blood clots after certain types of surgery,1.0000,baran
394,MeasureName,patients who got treatment at the right time (within 24 hours before or after their surgery) to help prevent blood clots after certain types of surgery,1.0000,baran
395,MeasureName,heart attack patients given smoking cessation advice/counseling,1.0000,baran
396,MeasureName,heart attack patients given beta blocker at discharge,1.0000,baran
398,MeasureName,surgery patients who were taking heart drugs called beta blockers before coming to the hospital who were kept on the beta blockers during the period just before and after their surgery,1.0000,baran
402,MeasureName,heart failure patients given an evaluation of left ventricular systolic (lvs) function,1.0000,baran
405,MeasureName,heart failure patients given ace inhibitor or arb for left ventricular systolic dysfunction (lvsd),1.0000,baran
406,MeasureName,pneumonia patients whose initial emergency room blood culture was performed prior to the administration of the first hospital dose of antibiotics,1.0000,baran
408,MeasureName,pneumonia patients assessed and given influenza vaccination,1.0000,baran
409,MeasureName,surgery patients who were taking heart drugs called beta blockers before coming to the hospital who were kept on the beta blockers during the period just before and after their surgery,1.0000,baran
412,MeasureName,surgery patients whose preventive antibiotics were stopped at the right time (within 24 hours after surgery),1.0000,baran
413,MeasureName,heart attack patients given pci within 90 minutes of arrival,1.0000,baran
425,MeasureName,heart failure patients given smoking cessation advice/counseling,1.0000,baran
426,MeasureName,pneumonia patients assessed and given pneumococcal vaccination,1.0000,baran
430,MeasureName,patients who got treatment at the right time (within 24 hours before or after their surgery) to help prevent blood clots after certain types of surgery,1.0000,baran
431,MeasureName,pneumonia patients whose initial emergency room blood culture was performed prior to the administration of the first hospital dose of antibiotics,1.0000,baran
433,MeasureName,heart attack patients given beta blocker at discharge,1.0000,baran
442,MeasureName,heart failure patients given ace inhibitor or arb for left ventricular systolic dysfunction (lvsd),1.0000,baran
444,MeasureName,pneumonia patients assessed and given influenza vaccination,1.0000,baran
446,MeasureName,patients who got treatment at the right time (within 24 hours before or after their surgery) to help prevent blood clots after certain types of surgery,1.0000,baran
455,MeasureName,pneumonia patients given smoking cessation advice/counseling,1.0000,baran
456,MeasureName,pneumonia patients whose initial emergency room blood culture was performed prior to the administration of the first hospital dose of antibiotics,1.0000,baran
460,MeasureName,surgery patients who were given an antibiotic at the right time (within one hour before surgery) to help prevent infection,1.0000,baran
470,MeasureName,patients who got treatment at the right time (within 24 hours before or after their surgery) to help prevent blood clots after certain types of surgery,1.0000,baran
472,MeasureName,heart attack patients given fibrinolytic medication within 30 minutes of arrival,1.0000,baran
477,MeasureName,surgery patients whose doctors ordered treatments to prevent blood clots after certain types of surgeries,1.0000,baran
478,MeasureName,pneumonia patients assessed and given pneumococcal vaccination,1.0000,baran
482,MeasureName,pneumonia patients given the most appropriate initial antibiotic(s),1.0000,baran
484,MeasureName,surgery patients who were taking heart drugs called beta blockers before coming to the hospital who were kept on the beta blockers during the period just before and after their surgery,1.0000,baran
487,MeasureName,all heart surgery patients whose blood sugar (blood glucose) is kept under good control in the days right after surgery,1.0000,baran
489,MeasureName,surgery patients needing hair removed from the surgical area before surgery who had hair removed using a safer method (electric clippers or hair removal cream c not a razor),1.0000,baran
494,MeasureName,heart attack patients given ace inhibitor or arb for left ventricular systolic dysfunction (lvsd),1.0000,baran
499,MeasureName,pneumonia patients assessed and given pneumococcal vaccination,1.0000,baran
500,MeasureName,heart failure patients given an evaluation of left ventricular systolic (lvs) function,1.0000,baran
502,MeasureName,heart failure patients given smoking cessation advice/counseling,1.0000,baran
504,MeasureName,pneumonia patients given initial antibiotic(s) within 6 hours after arrival,1.0000,baran
505,MeasureName,surgery patients who were given the right kind of antibiotic to help prevent infection,1.0000,baran
508,MeasureName,heart failure patients given discharge instructions,1.0000,baran
513,MeasureName,surgery patients who were given the right kind of antibiotic to help prevent infection,1.0000,baran
515,MeasureName,surgery patients whose doctors ordered treatments to prevent blood clots after certain types of surgeries,1.0000,baran
523,MeasureName,heart attack patients given pci within 90 minutes of arrival,1.0000,baran
525,MeasureName,heart failure patients given an evaluation of left ventricular systolic (lvs) function,1.0000,baran
528,MeasureName,pneumonia patients given smoking cessation advice/counseling,1.0000,baran
529,MeasureName,pneumonia patients whose initial emergency room blood culture was performed prior to the administration of the first hospital dose of antibiotics,1.0000,baran
530,MeasureName,pneumonia patients given smoking cessation advice/counseling,1.0000,baran
533,MeasureName,pneumonia patients assessed and given influenza vaccination,1.0000,baran
535,MeasureName,surgery patients who were given an antibiotic at the right time (within one hour before surgery) to help prevent infection,1.0000,baran
537,MeasureName,heart attack patients given beta blocker at discharge,1.0000,baran
540,MeasureName,surgery patients whose doctors ordered treatments to prevent blood clots after certain types of surgeries,1.0000,baran
541,MeasureName,patients who got treatment at the right time (within 24 hours before or after their surgery) to help prevent blood clots after certain types of surgery,1.0000,baran
544,MeasureName,heart attack patients given ace inhibitor or arb for left ventricular systolic dysfunction (lvsd),1.0000,baran
549,MeasureName,heart failure patients given discharge instructions,1.0000,baran
552,MeasureName,patients who got treatment at the right time (within 24 hours before or after their surgery) to help prevent blood clots after certain types of surgery,1.0000,baran
555,MeasureName,pneumonia patients given smoking cessation advice/counseling,1.0000,baran
557,MeasureName,surgery patients who were given an antibiotic at the right time (within one hour before surgery) to help prevent infection,1.0000,baran
558,MeasureName,pneumonia patients assessed and given influenza vaccination,1.0000,baran
561,MeasureName,surgery patients who were given an antibiotic at the right time (within one hour before surgery) to help prevent infection,1.0000,baran
562,MeasureName,surgery patients whose doctors ordered treatments to prevent blood clots after certain types of surgeries,1.0000,baran
567,MeasureName,children who received reliever medication while hospitalized for asthma,1.0000,baran
568,MeasureName,heart failure patients given smoking cessation advice/counseling,1.0000,baran
576,MeasureName,heart failure patients given ace inhibitor or arb for left ventricular systolic dysfunction (lvsd),1.0000,baran
577,MeasureName,heart failure patients given smoking cessation advice/counseling,1.0000,baran
579,MeasureName,pneumonia patients whose initial emergency room blood culture was performed prior to the administration of the first hospital dose of antibiotics,1.0000,baran
582,MeasureName,surgery patients who were given an antibiotic at the right time (within one hour before surgery) to help prevent infection,1.0000,baran
583,MeasureName,pneumonia patients assessed and given influenza vaccination,1.0000,baran
584,MeasureName,surgery patients who were taking heart drugs called beta blockers before coming to the hospital who were kept on the beta blockers during the period just before and after their surgery,1.0000,baran
593,MeasureName,heart attack patients given aspirin at discharge,1.0000,baran
595,MeasureName,heart attack patients given smoking cessation advice/counseling,1.0000,baran
600,MeasureName,heart failure patients given an evaluation of left ventricular systolic (lvs) function,1.0000,baran
602,MeasureName,heart failure patients given smoking cessation advice/counseling,1.0000,baran
609,MeasureName,surgery patients who were taking heart drugs called beta blockers before coming to the hospital who were kept on the beta blockers during the period just before and after their surgery,1.0000,baran
612,MeasureName,surgery patients whose preventive antibiotics were stopped at the right time (within 24 hours after surgery),1.0000,baran
613,MeasureName,all heart surgery patients whose blood sugar (blood glucose) is kept under good control in the days right after surgery,1.0000,baran
615,MeasureName,heart failure patients given ace inhibitor or arb for left ventricular systolic dysfunction (lvsd),1.0000,baran
617,MeasureName,heart attack patients given aspirin at arrival,1.0000,baran
626,MeasureName,surgery patients who were given the right kind of antibiotic to help prevent infection,1.0000,baran
627,MeasureName,all heart surgery patients whose blood sugar (blood glucose) is kept under good control in the days right after surgery,1.0000,baran
628,MeasureName,pneumonia patients assessed and given pneumococcal vaccination,1.0000,baran
629,MeasureName,pneumonia patients whose initial emergency room blood culture was performed prior to the administration of the first hospital dose of antibiotics,1.0000,baran
631,MeasureName,pneumonia patients given initial antibiotic(s) within 6 hours after arrival,1.0000,baran
637,MeasureName,heart attack patients given beta blocker at discharge,1.0000,baran
641,MeasureName,patients who got treatment at the right time (within 24 hours before or after their surgery) to help prevent blood clots after certain types of surgery,1.0000,baran
646,MeasureName,heart attack patients given beta blocker at discharge,1.0000,baran
652,MeasureName,heart failure patients given smoking cessation advice/counseling,1.0000,baran
655,MeasureName,heart failure patients given discharge instructions,1.0000,baran
658,MeasureName,pneumonia patients assessed and given influenza vaccination,1.0000,baran
663,MeasureName,all heart surgery patients whose blood sugar (blood glucose) is kept under good control in the days right after surgery,1.0000,baran
666,MeasureName,patients who got treatment at the right time (within 24 hours before or after their surgery) to help prevent blood clots after certain types of surgery,1.0000,baran
668,MeasureName,heart attack patients given aspirin at discharge,1.0000,baran
671,MeasureName,surgery patients whose preventive antibiotics were stopped at the right time (within 24 hours after surgery),1.0000,baran
673,MeasureName,heart attack patients given pci within 90 minutes of arrival,1.0000,baran
676,MeasureName,surgery patients who were given an antibiotic at the right time (within one hour before surgery) to help prevent infection,1.0000,baran
681,MeasureName,heart failure patients given smoking cessation advice/counseling,1.0000,baran
683,MeasureName,heart attack patients given ace inhibitor or arb for left ventricular systolic dysfunction (lvsd),1.0000,baran
687,MeasureName,surgery patients whose preventive antibiotics were stopped at the right time (within 24 hours after surgery),1.0000,baran
694,MeasureName,pneumonia patients assessed and given influenza vaccination,1.0000,baran
695,MeasureName,heart attack patients given smoking cessation advice/counseling,1.0000,baran
704,MeasureName,heart attack patients given pci within 90 minutes of arrival,1.0000,baran
707,MeasureName,surgery patients who were given the right kind of antibiotic to help prevent infection,1.0000,baran
708,MeasureName,pneumonia patients assessed and given influenza vaccination,1.0000,baran
710,MeasureName,pneumonia patients whose initial emergency room blood culture was performed prior to the administration of the first hospital dose of antibiotics,1.0000,baran
711,MeasureName,heart attack patients given smoking cessation advice/counseling,1.0000,baran
714,MeasureName,patients who got treatment at the right time (within 24 hours before or after their surgery) to help prevent blood clots after certain types of surgery,1.0000,baran
715,MeasureName,heart attack patients given aspirin at discharge,1.0000,baran
718,MeasureName,heart attack patients given ace inhibitor or arb for left ventricular systolic dysfunction (lvsd),1.0000,baran
724,MeasureName,surgery patients who were given an antibiotic at the right time (within one hour before surgery) to help prevent infection,1.0000,baran
726,MeasureName,heart failure patients given ace inhibitor or arb for left ventricular systolic dysfunction (lvsd),1.0000,baran
727,MeasureName,surgery patients who were given an antibiotic at the right time (within one hour before surgery) to help prevent infection,1.0000,baran
729,MeasureName,pneumonia patients whose initial emergency room blood culture was performed prior to the administration of the first hospital dose of antibiotics,1.0000,baran
732,MeasureName,surgery patients who were given an antibiotic at the right time (within one hour before surgery) to help prevent infection,1.0000,baran
733,MeasureName,pneumonia patients assessed and given influenza vaccination,1.0000,baran
736,MeasureName,surgery patients who were given the right kind of antibiotic to help prevent infection,1.0000,baran
744,MeasureName,pneumonia patients assessed and given influenza vaccination,1.0000,baran
745,MeasureName,heart attack patients given smoking cessation advice/counseling,1.0000,baran
755,MeasureName,pneumonia patients given smoking cessation advice/counseling,1.0000,baran
759,MeasureName,heart attack patients given beta blocker at discharge,1.0000,baran
760,MeasureName,heart attack patients given aspirin at discharge,1.0000,baran
763,MeasureName,all heart surgery patients whose blood sugar (blood glucose) is kept under good control in the days right after surgery,1.0000,baran
766,MeasureName,patients who got treatment at the right time (within 24 hours before or after their surgery) to help prevent blood clots after certain types of surgery,1.0000,baran
768,MeasureName,surgery patients who were given an antibiotic at the right time (within one hour before surgery) to help prevent infection,1.0000,baran
769,MeasureName,pneumonia patients assessed and given influenza vaccination,1.0000,baran
770,MeasureName,surgery patients whose preventive antibiotics were stopped at the right time (within 24 hours after surgery),1.0000,baran
771,MeasureName,all heart surgery patients whose blood sugar (blood glucose) is kept under good control in the days right after surgery,1.0000,baran
772,MeasureName,surgery patients needing hair removed from the surgical area before surgery who had hair removed using a safer method (electric clippers or hair removal cream c not a razor),1.0000,baran
773,MeasureName,pneumonia patients assessed and given pneumococcal vaccination,1.0000,baran
774,MeasureName,heart failure patients given discharge instructions,1.0000,baran
778,MeasureName,surgery patients who were given an antibiotic at the right time (within one hour before surgery) to help prevent infection,1.0000,baran
782,MeasureName,heart attack patients given smoking cessation advice/counseling,1.0000,baran
783,MeasureName,heart attack patients given fibrinolytic medication within 30 minutes of arrival,1.0000,baran
786,MeasureName,heart failure patients given an evaluation of left ventricular systolic (lvs) function,1.0000,baran
787,MeasureName,heart failure patients given ace inhibitor or arb for left ventricular systolic dysfunction (lvsd),1.0000,baran
788,MeasureName,heart failure patients given smoking cessation advice/counseling,1.0000,baran
792,MeasureName,pneumonia patients given initial antibiotic(s) within 6 hours after arrival,1.0000,baran
796,MeasureName,heart attack patients given ace inhibitor or arb for left ventricular systolic dysfunction (lvsd),1.0000,baran
798,MeasureName,surgery patients whose preventive antibiotics were stopped at the right time (within 24 hours after surgery),1.0000,baran
800,MeasureName,surgery patients needing hair removed from the surgical area before surgery who had hair removed using a safer method (electric clippers or hair removal cream c not a razor),1.0000,baran
802,MeasureName,heart attack patients given beta blocker at discharge,1.0000,baran
803,MeasureName,pneumonia patients given the most appropriate initial antibiotic(s),1.0000,baran
810,MeasureName,patients who got treatment at the right time (within 24 hours before or after their surgery) to help prevent blood clots after certain types of surgery,1.0000,baran
818,MeasureName,pneumonia patients given the most appropriate initial antibiotic(s),1.0000,baran
821,MeasureName,surgery patients needing hair removed from the surgical area before surgery who had hair removed using a safer method (electric clippers or hair removal cream c not a razor),1.0000,baran
824,MeasureName,patients who got treatment at the right time (within 24 hours before or after their surgery) to help prevent blood clots after certain types of surgery,1.0000,baran
829,MeasureName,heart attack patients given aspirin at discharge,1.0000,baran
830,MeasureName,surgery patients who were given the right kind of antibiotic to help prevent infection,1.0000,baran
834,MeasureName,surgery patients needing hair removed from the surgical area before surgery who had hair removed using a safer method (electric clippers or hair removal cream c not a razor),1.0000,baran
836,MeasureName,heart failure patients given an evaluation of left ventricular systolic (lvs) function,1.0000,baran
837,MeasureName,surgery patients who were taking heart drugs called beta blockers before coming to the hospital who were kept on the beta blockers during the period just before and after their surgery,1.0000,baran
840,MeasureName,surgery patients who were given an antibiotic at the right time (within one hour before surgery) to help prevent infection,1.0000,baran
841,MeasureName,surgery patients who were taking heart drugs called beta blockers before coming to the hospital who were kept on the beta blockers during the period just before and after their surgery,1.0000,baran
843,MeasureName,heart attack patients given aspirin at discharge,1.0000,baran
850,MeasureName,surgery patients needing hair removed from the surgical area before surgery who had hair removed using a safer method (electric clippers or hair removal cream c not a razor),1.0000,baran
856,MeasureName,heart attack patients given smoking cessation advice/counseling,1.0000,baran
857,MeasureName,heart attack patients given beta blocker at discharge,1.0000,baran
858,MeasureName,surgery patients who were given an antibiotic at the right time (within one hour before surgery) to help prevent infection,1.0000,baran
859,MeasureName,heart attack patients given fibrinolytic medication within 30 minutes of arrival,1.0000,baran
863,MeasureName,heart failure patients given smoking cessation advice/counseling,1.0000,baran
864,MeasureName,heart failure patients given discharge instructions,1.0000,baran
867,MeasureName,children who received systemic corticosteroid medication (oral and iv medication that reduces inflammation and controls symptoms) while hospitalized for asthma,1.0000,baran
868,MeasureName,pneumonia patients given the most appropriate initial antibiotic(s),1.0000,baran
869,MeasureName,surgery patients who were taking heart drugs called beta blockers before coming to the hospital who were kept on the beta blockers during the period just before and after their surgery,1.0000,baran
870,MeasureName,surgery patients who were taking heart drugs called beta blockers before coming to the hospital who were kept on the beta blockers during the period just before and after their surgery,1.0000,baran
876,MeasureName,surgery patients whose preventive antibiotics were stopped at the right time (within 24 hours after surgery),1.0000,baran
879,MeasureName,heart attack patients given aspirin at discharge,1.0000,baran
891,MeasureName,heart failure patients given smoking cessation advice/counseling,1.0000,baran
893,MeasureName,pneumonia patients given the most appropriate initial antibiotic(s),1.0000,baran
896,MeasureName,children who received reliever medication while hospitalized for asthma,1.0000,baran
897,MeasureName,surgery patients who were given the right kind of antibiotic to help prevent infection,1.0000,baran
898,MeasureName,surgery patients whose preventive antibiotics were stopped at the right time (within 24 hours after surgery),1.0000,baran
900,MeasureName,surgery patients who were taking heart drugs called beta blockers before coming to the hospital who were kept on the beta blockers during the period just before and after their surgery,1.0000,baran
904,MeasureName,children who received systemic corticosteroid medication (oral and iv medication that reduces inflammation and controls symptoms) while hospitalized for asthma,1.0000,baran
909,MeasureName,heart attack patients given smoking cessation advice/counseling,1.0000,baran
913,MeasureName,pneumonia patients given the most appropriate initial antibiotic(s),1.0000,baran
914,MeasureName,heart failure patients given an evaluation of left ventricular systolic (lvs) function,1.0000,baran
918,MeasureName,heart attack patients given aspirin at discharge,1.0000,baran
922,MeasureName,pneumonia patients given the most appropriate initial antibiotic(s),1.0000,baran
923,MeasureName,surgery patients who were taking heart drugs called beta blockers before coming to the hospital who were kept on the beta blockers during the period just before and after their surgery,1.0000,baran
930,MeasureName,patients who got treatment at the right time (within 24 hours before or after their surgery) to help prevent blood clots after certain types of surgery,1.0000,baran
932,MeasureName,pneumonia patients given the most appropriate initial antibiotic(s),1.0000,baran
933,MeasureName,heart attack patients given ace inhibitor or arb for left ventricular systolic dysfunction (lvsd),1.0000,baran
937,MeasureName,surgery patients who were given an antibiotic at the right time (within one hour before surgery) to help prevent infection,1.0000,baran
940,MeasureName,heart failure patients given smoking cessation advice/counseling,1.0000,baran
941,MeasureName,heart failure patients given smoking cessation advice/counseling,1.0000,baran
942,MeasureName,heart failure patients given discharge instructions,1.0000,baran
944,MeasureName,pneumonia patients given smoking cessation advice/counseling,1.0000,baran
946,MeasureName,pneumonia patients assessed and given influenza vaccination,1.0000,baran
947,MeasureName,heart attack patients given aspirin at discharge,1.0000,baran
951,MeasureName,pneumonia patients whose initial emergency room blood culture was performed prior to the administration of the first hospital dose of antibiotics,1.0000,baran
952,MeasureName,all heart surgery patients whose blood sugar (blood glucose) is kept under good control in the days right after surgery,1.0000,baran
954,MeasureName,surgery patients whose doctors ordered treatments to prevent blood clots after certain types of surgeries,1.0000,baran
955,MeasureName,patients who got treatment at the right time (within 24 hours before or after their surgery) to help prevent blood clots after certain types of surgery,1.0000,baran
959,MeasureName,heart attack patients given smoking cessation advice/counseling,1.0000,baran
961,MeasureName,heart attack patients given fibrinolytic medication within 30 minutes of arrival,1.0000,baran
966,MeasureName,heart failure patients given smoking cessation advice/counseling,1.0000,baran
967,MeasureName,pneumonia patients given smoking cessation advice/counseling,1.0000,baran
972,MeasureName,heart failure patients given discharge instructions,1.0000,baran
974,MeasureName,surgery patients who were given an antibiotic at the right time (within one hour before surgery) to help prevent infection,1.0000,baran
977,MeasureName,all heart surgery patients whose blood sugar (blood glucose) is kept under good control in the days right after surgery,1.0000,baran
986,MeasureName,heart attack patients given ace inhibitor or arb for left ventricular systolic dysfunction (lvsd),1.0000,baran
987,MeasureName,heart failure patients given smoking cessation advice/counseling,1.0000,baran
989,MeasureName,surgery patients needing hair removed from the surgical area before surgery who had hair removed using a safer method (electric clippers or hair removal cream c not a razor),1.0000,baran
685,Score,88%,1.0000,baran
741,Address1,1912 alabama highway 157,1.0000,baran
12,Address1,1912 alabama highway 157,1.0000,baran
54,Address1,1912 alabama highway 157,1.0000,baran
66,Address1,1912 alabama highway 157,1.0000,baran
209,Address1,1912 alabama highway 157,1.0000,baran
366,Address1,1912 alabama highway 157,1.0000,baran
428,Address1,1912 alabama highway 157,1.0000,baran
503,Address1,1912 alabama highway 157,1.0000,baran
556,Address1,1912 alabama highway 157,1.0000,baran
561,Address1,1912 alabama highway 157,1.0000,baran
564,Address1,1912 alabama highway 157,1.0000,baran
605,Address1,1912 alabama highway 157,1.0000,baran
645,Address1,1912 alabama highway 157,1.0000,baran
649,Address1,1912 alabama highway 157,1.0000,baran
656,Address1,1912 alabama highway 157,1.0000,baran
781,Address1,1912 alabama highway 157,1.0000,baran
826,Address1,1912 alabama highway 157,1.0000,baran
832,Address1,1912 alabama highway 157,1.0000,baran
925,Address1,1912 alabama highway 157,1.0000,baran
983,Address1,1912 alabama highway 157,1.0000,baran
741,Condition,surgical infection prevention,1.0000,baran
741,Score,95%,1.0000,baran
741,Sample,298 patients,1.0000,baran
41,Address1,1108 ross clark circle,1.0000,baran
80,Address1,1108 ross clark circle,1.0000,baran
302,Address1,1108 ross clark circle,1.0000,baran
369,Address1,1108 ross clark circle,1.0000,baran
382,Address1,1108 ross clark circle,1.0000,baran
499,Address1,1108 ross clark circle,1.0000,baran
591,Address1,1108 ross clark circle,1.0000,baran
620,Address1,1108 ross clark circle,1.0000,baran
752,Address1,1108 ross clark circle,1.0000,baran
41,Condition,surgical infection prevention,1.0000,baran
41,Score,96%,1.0000,baran
41,Sample,136 patients,1.0000,baran
284,Address1,1000 first street north,1.0000,baran
26,Address1,1000 first street north,1.0000,baran
71,Address1,1000 first street north,1.0000,baran
245,Address1,1000 first street north,1.0000,baran
334,Address1,1000 first street north,1.0000,baran
381,Address1,1000 first street north,1.0000,baran
430,Address1,1000 first street north,1.0000,baran
558,Address1,1000 first street north,1.0000,baran
632,Address1,1000 first street north,1.0000,baran
835,Address1,1000 first street north,1.0000,baran
886,Address1,1000 first street north,1.0000,baran
949,Address1,1000 first street north,1.0000,baran
697,ZipCode,36784,1.0000,baran
859,ZipCode,35968,1.0000,baran
284,Condition,pneumonia,1.0000,baran
284,Score,96%,1.0000,baran
78,Condition,heart failure,1.0000,baran
78,Score,97%,1.0000,baran
78,Sample,259 patients,1.0000,baran
453,Address1,1300 south montgomery avenue,1.0000,baran
453,Condition,pneumonia,1.0000,baran
453,Score,89%,1.0000,baran
256,Address1,33700 highway 43,1.0000,baran
256,ZipCode,36784,1.0000,baran
256,Condition,pneumonia,1.0000,baran
256,Score,92%,1.0000,baran
541,Address1,2105 east south boulevard,1.0000,baran
541,ZipCode,36116,1.0000,baran
193,ZipCode,36784,1.0000,baran
359,ZipCode,36784,1.0000,baran
519,ZipCode,36116,1.0000,baran
823,ZipCode,36784,1.0000,baran
877,ZipCode,36116,1.0000,baran
541,Condition,surgical infection prevention,1.0000,baran
541,Score,94%,1.0000,baran
28,Address1,1108 ross clark circle,1.0000,baran
28,Condition,heart failure,1.0000,baran
28,Score,99%,1.0000,baran
684,Address1,619 south 19th street,1.0000,baran
684,Condition,surgical infection prevention,1.0000,baran
684,Score,69%,1.0000,baran
551,Address1,1725 pine street,1.0000,baran
551,Condition,heart failure,1.0000,baran
551,Score,85%,1.0000,baran
708,Address1,805 friendship road,1.0000,baran
708,Condition,pneumonia,1.0000,baran
708,Score,93%,1.0000,baran
969,Address1,400 n edwards street,1.0000,baran
969,Condition,pneumonia,1.0000,baran
969,Score,100%,1.0000,baran
89,Address1,205 marengo street,1.0000,baran
89,Score,99%,1.0000,baran
89,Sample,462 patients,1.0000,baran
94,Address1,205 marengo street,1.0000,baran
94,Condition,surgical infection prevention,1.0000,baran
94,Score,92%,1.0000,baran
257,Address1,33700 highway 43,1.0000,baran
559,ZipCode,36784,1.0000,baran
807,ZipCode,36784,1.0000,baran
857,ZipCode,36784,1.0000,baran
858,ZipCode,36784,1.0000,baran
871,ZipCode,36784,1.0000,baran
919,ZipCode,36784,1.0000,baran
957,ZipCode,36784,1.0000,baran
257,Condition,pneumonia,1.0000,baran
257,Score,96%,1.0000,baran
