row_id,column,value,confidence,source
1,provider_number,10018,0.6993,jellyfish
2,provider_number,10018,0.7744,jellyfish
3,provider_number,10018,0.6705,jellyfish
4,provider_number,10018,0.7068,jellyfish
5,provider_number,10018,0.7945,jellyfish
6,provider_number,10018,0.8032,jellyfish
7,provider_number,10018,0.7130,jellyfish
8,provider_number,10018,0.7698,jellyfish
9,provider_number,10019,0.6568,jellyfish
10,provider_number,10019,0.7663,jellyfish
11,provider_number,10019,0.7364,jellyfish
12,provider_number,10019,0.6917,jellyfish
13,provider_number,10019,0.7439,jellyfish
14,provider_number,1191,0.6864,jellyfish
15,provider_number,10019,0.7235,jellyfish
16,provider_number,10019,0.8152,jellyfish
17,provider_number,10019,0.7920,jellyfish
18,provider_number,10019,0.7479,jellyfish
19,provider_number,10019,0.7043,jellyfish
20,provider_number,10001,0.8047,jellyfish
21,provider_number,10001,0.7802,jellyfish
22,provider_number,10001,0.7510,jellyfish
23,provider_number,10001,0.7757,jellyfish
24,provider_number,10001,0.7156,jellyfish
25,provider_number,10001,0.7820,jellyfish
26,provider_number,10001,0.7833,jellyfish
27,provider_number,10001,0.7783,jellyfish
28,provider_number,10001,0.7810,jellyfish
29,provider_number,10001,0.7774,jellyfish
30,provider_number,10001,0.7779,jellyfish
31,provider_number,10001,0.7806,jellyfish
32,provider_number,10001,0.7864,jellyfish
33,provider_number,10001,0.6480,jellyfish
34,provider_number,10001,0.7735,jellyfish
35,provider_number,10001,0.7833,jellyfish
36,provider_number,10001,0.7709,jellyfish
37,provider_number,10001,0.7861,jellyfish
38,provider_number,10001,0.7583,jellyfish
39,provider_number,10001,0.7566,jellyfish
40,provider_number,10001,0.7501,jellyfish
41,provider_number,10001,0.8054,jellyfish
42,provider_number,10001,0.6898,jellyfish
43,provider_number,10001,0.7599,jellyfish
44,provider_number,10001,0.7762,jellyfish
45,provider_number,10005,0.7989,jellyfish
46,provider_number,x0005,0.6753,jellyfish
47,provider_number,10005,0.6858,jellyfish
48,provider_number,10005,0.8208,jellyfish
49,provider_number,10005,0.6605,jellyfish
50,provider_number,10005,0.7725,jellyfish
51,provider_number,10005,0.7814,jellyfish
52,provider_number,10005,0.7002,jellyfish
53,provider_number,10005,0.6748,jellyfish
54,provider_number,10005,0.8032,jellyfish
55,provider_number,10005,0.7536,jellyfish
56,provider_number,10005,0.7214,jellyfish
57,provider_number,10005,0.7921,jellyfish
58,provider_number,10005,0.7520,jellyfish
59,provider_number,10005,0.7077,jellyfish
60,provider_number,10005,0.7997,jellyfish
61,provider_number,10005,0.8191,jellyfish
62,provider_number,10005,0.7996,jellyfish
63,provider_number,10005,0.7731,jellyfish
64,provider_number,10005,0.8092,jellyfish
65,provider_number,10005,0.8014,jellyfish
66,provider_number,10005,0.8201,jellyfish
67,provider_number,10005,0.6462,jellyfish
68,provider_number,10005,0.7878,jellyfish
69,provider_number,10005,0.7568,jellyfish
70,provider_number,10006,0.7048,jellyfish
71,provider_number,10006,0.7700,jellyfish
72,provider_number,10006,0.6768,jellyfish
73,provider_number,10006,0.6760,jellyfish
74,provider_number,10006,0.7023,jellyfish
75,provider_number,10006,0.7581,jellyfish
76,provider_number,10006,0.7358,jellyfish
77,provider_number,10006,0.7990,jellyfish
78,provider_number,10006,0.6607,jellyfish
79,provider_number,10006,0.7781,jellyfish
80,provider_number,10006,0.7753,jellyfish
81,provider_number,10006,0.8066,jellyfish
82,provider_number,1000,0.7063,jellyfish
83,provider_number,10006,0.7752,jellyfish
84,provider_number,10006,0.7773,jellyfish
85,provider_number,10006,0.6136,jellyfish
86,provider_number,10006,0.6690,jellyfish
87,provider_number,10006,0.7749,jellyfish
88,provider_number,10006,0.6162,jellyfish
89,provider_number,10006,0.7614,jellyfish
90,provider_number,10006,0.8038,jellyfish
91,provider_number,10006,0.7720,jellyfish
92,provider_number,10006,0.7611,jellyfish
93,provider_number,10006,0.7706,jellyfish
94,provider_number,10006,0.7691,jellyfish
95,provider_number,10007,0.6393,jellyfish
96,provider_number,10007,0.8069,jellyfish
97,provider_number,10007,0.6818,jellyfish
98,provider_number,10007,0.7751,jellyfish
99,provider_number,10007,0.7700,jellyfish
100,provider_number,10007,0.7737,jellyfish
101,provider_number,10007,0.6760,jellyfish
102,provider_number,10007,0.8068,jellyfish
103,provider_number,10007,0.7507,jellyfish
104,provider_number,10007,0.7994,jellyfish
105,provider_number,10007,0.7811,jellyfish
106,provider_number,10007,0.7676,jellyfish
107,provider_number,10007,0.6950,jellyfish
108,provider_number,10007,0.8024,jellyfish
109,provider_number,10007,0.6955,jellyfish
110,provider_number,10007,0.7833,jellyfish
111,provider_number,10007,0.7974,jellyfish
112,provider_number,10007,0.6855,jellyfish
113,provider_number,10007,0.7618,jellyfish
114,provider_number,10007,0.7628,jellyfish
115,provider_number,10007,0.7782,jellyfish
116,provider_number,10007,0.6922,jellyfish
117,provider_number,10007,0.7507,jellyfish
118,provider_number,10007,0.6849,jellyfish
119,provider_number,10007,0.6918,jellyfish
120,provider_number,10008,0.6871,jellyfish
121,provider_number,10008,0.7718,jellyfish
122,provider_number,10008,0.7725,jellyfish
123,provider_number,10008,0.8123,jellyfish
124,provider_number,10008,0.7742,jellyfish
125,provider_number,10008,0.7745,jellyfish
126,provider_number,10008,0.6934,jellyfish
127,provider_number,10008,0.7941,jellyfish
128,provider_number,10008,0.8112,jellyfish
129,provider_number,10008,0.7037,jellyfish
130,provider_number,10008,0.7720,jellyfish
131,provider_number,10008,0.7786,jellyfish
132,provider_number,10008,0.5389,jellyfish
133,provider_number,10008,0.8001,jellyfish
134,provider_number,10008,0.6751,jellyfish
135,provider_number,10008,0.7430,jellyfish
136,provider_number,10008,0.7762,jellyfish
137,provider_number,10008,0.7718,jellyfish
138,provider_number,10008,0.7545,jellyfish
139,provider_number,10008,0.8046,jellyfish
140,provider_number,10008,0.7531,jellyfish
141,provider_number,10008,0.6549,jellyfish
142,provider_number,10008,0.8149,jellyfish
143,provider_number,10008,0.6363,jellyfish
144,provider_number,10008,0.7797,jellyfish
145,provider_number,10009,0.7915,jellyfish
146,provider_number,10009,0.7230,jellyfish
147,provider_number,10009,0.6295,jellyfish
148,provider_number,10009,0.7765,jellyfish
149,provider_number,10009,0.7056,jellyfish
150,provider_number,10009,0.8140,jellyfish
151,provider_number,10009,0.7778,jellyfish
152,provider_number,10009,0.7724,jellyfish
153,provider_number,10009,0.7007,jellyfish
154,provider_number,10009,0.7827,jellyfish
155,provider_number,10009,0.7249,jellyfish
156,provider_number,10009,0.7814,jellyfish
157,provider_number,10009,0.7664,jellyfish
158,provider_number,10009,0.7694,jellyfish
159,provider_number,10009,0.8107,jellyfish
160,provider_number,10009,0.7411,jellyfish
161,provider_number,10009,0.6309,jellyfish
162,provider_number,10009,0.7503,jellyfish
163,provider_number,10009,0.5864,jellyfish
164,provider_number,10009,0.8193,jellyfish
165,provider_number,10009,0.5845,jellyfish
166,provider_number,10009,0.6832,jellyfish
167,provider_number,10009,0.7806,jellyfish
168,provider_number,10009,0.7673,jellyfish
169,provider_number,10009,0.7068,jellyfish
170,provider_number,10010,0.7886,jellyfish
171,provider_number,10010,0.6812,jellyfish
172,provider_number,10010,0.6777,jellyfish
173,provider_number,10010,0.6692,jellyfish
174,provider_number,10010,0.7493,jellyfish
175,provider_number,10010,0.7837,jellyfish
176,provider_number,10010,0.7544,jellyfish
177,provider_number,10010,0.7860,jellyfish
178,provider_number,10010,0.8023,jellyfish
179,provider_number,10010,0.7512,jellyfish
180,provider_number,10010,0.8125,jellyfish
181,provider_number,10010,0.7641,jellyfish
182,provider_number,10010,0.7997,jellyfish
183,provider_number,10010,0.8159,jellyfish
184,provider_number,10010,0.7232,jellyfish
185,provider_number,10010,0.7797,jellyfish
186,provider_number,10010,0.7559,jellyfish
187,provider_number,10010,0.7820,jellyfish
188,provider_number,10010,0.7941,jellyfish
189,provider_number,10010,0.6635,jellyfish
190,provider_number,10010,0.7218,jellyfish
191,provider_number,10010,0.7660,jellyfish
192,provider_number,10010,0.7584,jellyfish
193,provider_number,10010,0.6677,jellyfish
194,provider_number,10010,0.6722,jellyfish
195,provider_number,10011,0.7802,jellyfish
196,provider_number,10011,0.7568,jellyfish
197,provider_number,10011,0.7311,jellyfish
198,provider_number,10011,0.7890,jellyfish
199,provider_number,10011,0.7837,jellyfish
200,provider_number,10011,0.8006,jellyfish
201,provider_number,10011,0.7950,jellyfish
202,provider_number,10011,0.6992,jellyfish
203,provider_number,10011,0.6641,jellyfish
204,provider_number,10011,0.8044,jellyfish
205,provider_number,10011,0.6825,jellyfish
206,provider_number,10011,0.7256,jellyfish
207,provider_number,10011,0.7088,jellyfish
208,provider_number,10011,0.7445,jellyfish
209,provider_number,10011,0.7400,jellyfish
210,provider_number,10011,0.5879,jellyfish
211,provider_number,10011,0.7725,jellyfish
212,provider_number,10011,0.7712,jellyfish
213,provider_number,10011,0.7979,jellyfish
214,provider_number,00000,0.6915,jellyfish
215,provider_number,10011,0.7531,jellyfish
216,provider_number,10011,0.7709,jellyfish
217,provider_number,10011,0.7804,jellyfish
218,provider_number,10011,0.7640,jellyfish
219,provider_number,10011,0.6698,jellyfish
220,provider_number,10012,0.7902,jellyfish
221,provider_number,10012,0.7724,jellyfish
222,provider_number,10012,0.7564,jellyfish
223,provider_number,10012,0.7628,jellyfish
224,provider_number,10012,0.7122,jellyfish
225,provider_number,10012,0.7973,jellyfish
226,provider_number,10012,0.7423,jellyfish
227,provider_number,10012,0.8001,jellyfish
228,provider_number,10012,0.7368,jellyfish
229,provider_number,10012,0.6275,jellyfish
230,provider_number,10012,0.7806,jellyfish
231,provider_number,10012,0.8018,jellyfish
232,provider_number,10012,0.7540,jellyfish
233,provider_number,10012,0.6743,jellyfish
234,provider_number,10012,0.7498,jellyfish
235,provider_number,10012,0.7323,jellyfish
236,provider_number,10012,0.6050,jellyfish
237,provider_number,10012,0.7803,jellyfish
238,provider_number,10012,0.7320,jellyfish
239,provider_number,10012,0.7867,jellyfish
240,provider_number,10012,0.7675,jellyfish
241,provider_number,10012,0.7622,jellyfish
242,provider_number,10012,0.7464,jellyfish
243,provider_number,10012,0.7931,jellyfish
244,provider_number,10012,0.6755,jellyfish
245,provider_number,x0055,0.7047,jellyfish
246,provider_number,10015,0.8081,jellyfish
247,provider_number,10015,0.8124,jellyfish
248,provider_number,10015,0.7477,jellyfish
249,provider_number,10015,0.7905,jellyfish
250,provider_number,10015,0.7431,jellyfish
251,provider_number,10015,0.7774,jellyfish
252,provider_number,10015,0.7524,jellyfish
253,provider_number,10015,0.6677,jellyfish
254,provider_number,11515,0.6056,jellyfish
255,provider_number,10015,0.7291,jellyfish
256,provider_number,10015,0.6804,jellyfish
257,provider_number,10015,0.6901,jellyfish
258,provider_number,10015,0.6683,jellyfish
259,provider_number,10015,0.6309,jellyfish
260,provider_number,10015,0.7982,jellyfish
261,provider_number,10015,0.6546,jellyfish
262,provider_number,10015,0.7783,jellyfish
263,provider_number,10015,0.8009,jellyfish
264,provider_number,10015,0.7744,jellyfish
265,provider_number,10015,0.6538,jellyfish
266,provider_number,10015,0.8031,jellyfish
267,provider_number,10015,0.5317,jellyfish
268,provider_number,10015,0.6360,jellyfish
269,provider_number,10015,0.7813,jellyfish
270,provider_number,10016,0.8058,jellyfish
271,provider_number,10016,0.7643,jellyfish
272,provider_number,10016,0.7114,jellyfish
273,provider_number,10016,0.6265,jellyfish
274,provider_number,1016,0.5040,jellyfish
275,provider_number,10016,0.7780,jellyfish
276,provider_number,10016,0.7240,jellyfish
277,provider_number,10016,0.6834,jellyfish
278,provider_number,10016,0.7581,jellyfish
279,provider_number,10016,0.8006,jellyfish
280,provider_number,10016,0.6613,jellyfish
281,provider_number,10016,0.7310,jellyfish
282,provider_number,10016,0.7543,jellyfish
283,provider_number,10016,0.7067,jellyfish
284,provider_number,10016,0.6962,jellyfish
285,provider_number,10016,0.7591,jellyfish
286,provider_number,10016,0.8016,jellyfish
287,provider_number,10016,0.7949,jellyfish
288,provider_number,10016,0.7778,jellyfish
289,provider_number,10016,0.6983,jellyfish
290,provider_number,10016,0.7025,jellyfish
291,provider_number,10016,0.7596,jellyfish
292,provider_number,10016,0.6186,jellyfish
293,provider_number,10016,0.7559,jellyfish
294,provider_number,10016,0.7478,jellyfish
295,provider_number,10018,0.7821,jellyfish
296,provider_number,10018,0.7133,jellyfish
297,provider_number,10018,0.6969,jellyfish
298,provider_number,10018,0.7710,jellyfish
299,provider_number,10018,0.7926,jellyfish
300,provider_number,10018,0.7229,jellyfish
301,provider_number,10018,0.8152,jellyfish
302,provider_number,10018,0.8257,jellyfish
303,provider_number,10018,0.8149,jellyfish
304,provider_number,10018,0.7467,jellyfish
305,provider_number,10018,0.8169,jellyfish
306,provider_number,10018,0.8087,jellyfish
307,provider_number,10018,0.7966,jellyfish
308,provider_number,10018,0.7359,jellyfish
309,provider_number,10018,0.7752,jellyfish
310,provider_number,10018,0.7246,jellyfish
311,provider_number,10018,0.8245,jellyfish
312,provider_number,10038,0.6196,jellyfish
313,provider_number,10038,0.7616,jellyfish
314,provider_number,10038,0.7746,jellyfish
315,provider_number,10088,0.6667,jellyfish
316,provider_number,10038,0.8160,jellyfish
317,provider_number,10038,0.6817,jellyfish
318,provider_number,10038,0.7834,jellyfish
319,provider_number,10038,0.7580,jellyfish
320,provider_number,10038,0.7689,jellyfish
321,provider_number,10038,0.6985,jellyfish
322,provider_number,10038,0.8107,jellyfish
323,provider_number,10038,0.7560,jellyfish
324,provider_number,10038,0.7739,jellyfish
325,provider_number,10038,0.8007,jellyfish
326,provider_number,10038,0.7739,jellyfish
327,provider_number,10038,0.7134,jellyfish
328,provider_number,10038,0.8096,jellyfish
329,provider_number,10038,0.7856,jellyfish
330,provider_number,10038,0.5982,jellyfish
331,provider_number,10038,0.7040,jellyfish
332,provider_number,10055,0.6200,jellyfish
333,provider_number,10055,0.7172,jellyfish
334,provider_number,10055,0.6190,jellyfish
335,provider_number,10055,0.7697,jellyfish
336,provider_number,10055,0.7569,jellyfish
337,provider_number,10055,0.7745,jellyfish
338,provider_number,10055,0.7378,jellyfish
339,provider_number,10055,0.6975,jellyfish
340,provider_number,10055,0.7712,jellyfish
341,provider_number,10055,0.7755,jellyfish
342,provider_number,10055,0.7775,jellyfish
343,provider_number,10055,0.7971,jellyfish
344,provider_number,10055,0.7546,jellyfish
345,provider_number,10055,0.8015,jellyfish
346,provider_number,10055,0.7568,jellyfish
347,provider_number,10055,0.7818,jellyfish
348,provider_number,10055,0.7368,jellyfish
349,provider_number,10056,0.7704,jellyfish
350,provider_number,10056,0.7733,jellyfish
351,provider_number,10056,0.7846,jellyfish
352,provider_number,10056,0.6869,jellyfish
353,provider_number,10056,0.7775,jellyfish
354,provider_number,10085,0.7827,jellyfish
355,provider_number,10086,0.8005,jellyfish
356,provider_number,10086,0.7782,jellyfish
357,provider_number,10086,0.8216,jellyfish
358,provider_number,10086,0.7830,jellyfish
359,provider_number,10086,0.7792,jellyfish
360,provider_number,10086,0.7241,jellyfish
361,provider_number,10060,0.7395,jellyfish
362,provider_number,10086,0.7738,jellyfish
363,provider_number,10086,0.6399,jellyfish
364,provider_number,10086,0.8065,jellyfish
365,provider_number,10086,0.7829,jellyfish
366,provider_number,10086,0.8145,jellyfish
367,provider_number,10086,0.6109,jellyfish
368,provider_number,10086,0.7847,jellyfish
369,provider_number,10086,0.7780,jellyfish
370,provider_number,10086,0.8151,jellyfish
371,provider_number,10086,0.6334,jellyfish
372,provider_number,10086,0.7862,jellyfish
373,provider_number,10086,0.7635,jellyfish
374,provider_number,10086,0.7927,jellyfish
375,provider_number,10086,0.7718,jellyfish
376,provider_number,10086,0.8185,jellyfish
377,provider_number,10086,0.7880,jellyfish
378,provider_number,10086,0.8086,jellyfish
379,provider_number,10086,0.8119,jellyfish
380,provider_number,10087,0.8049,jellyfish
381,provider_number,10087,0.7598,jellyfish
382,provider_number,10087,0.7668,jellyfish
383,provider_number,10087,0.5974,jellyfish
384,provider_number,10087,0.7763,jellyfish
385,provider_number,10087,0.8331,jellyfish
386,provider_number,10087,0.6367,jellyfish
387,provider_number,10087,0.8204,jellyfish
388,provider_number,10087,0.6829,jellyfish
389,provider_number,10087,0.6853,jellyfish
390,provider_number,10087,0.6374,jellyfish
391,provider_number,10087,0.6711,jellyfish
392,provider_number,10087,0.6235,jellyfish
393,provider_number,10108,0.7671,jellyfish
394,provider_number,10108,0.8197,jellyfish
395,provider_number,10108,0.7129,jellyfish
396,provider_number,10108,0.7026,jellyfish
397,provider_number,10108,0.7597,jellyfish
398,provider_number,10108,0.7814,jellyfish
399,provider_number,10108,0.7845,jellyfish
400,provider_number,10108,0.7343,jellyfish
401,provider_number,10108,0.7019,jellyfish
402,provider_number,10108,0.7603,jellyfish
403,provider_number,10108,0.7247,jellyfish
404,provider_number,10108,0.7238,jellyfish
405,provider_number,10108,0.7708,jellyfish
406,provider_number,10108,0.8051,jellyfish
407,provider_number,10108,0.7445,jellyfish
408,provider_number,10108,0.7772,jellyfish
409,provider_number,x0123,0.6237,jellyfish
410,provider_number,10108,0.6845,jellyfish
411,provider_number,10108,0.7558,jellyfish
412,provider_number,10108,0.6777,jellyfish
413,provider_number,10158,0.7731,jellyfish
414,provider_number,10158,0.6621,jellyfish
415,provider_number,10164,0.6867,jellyfish
416,provider_number,10164,0.6177,jellyfish
417,provider_number,10164,0.7338,jellyfish
418,provider_number,10164,0.6236,jellyfish
419,provider_number,10164,0.6912,jellyfish
420,provider_number,10164,0.6753,jellyfish
421,provider_number,10164,0.6983,jellyfish
422,provider_number,10164,0.6265,jellyfish
423,provider_number,10164,0.7131,jellyfish
424,provider_number,10164,0.6230,jellyfish
425,provider_number,10164,0.6991,jellyfish
426,provider_number,10164,0.6400,jellyfish
427,provider_number,10164,0.6497,jellyfish
428,provider_number,10164,0.7347,jellyfish
429,provider_number,10164,0.7900,jellyfish
430,provider_number,10164,0.8017,jellyfish
431,provider_number,10164,0.7561,jellyfish
432,provider_number,10164,0.6983,jellyfish
433,provider_number,20017,0.7664,jellyfish
434,provider_number,20017,0.8198,jellyfish
435,provider_number,20017,0.8047,jellyfish
436,provider_number,20017,0.7303,jellyfish
437,provider_number,20017,0.8131,jellyfish
438,provider_number,20017,0.8149,jellyfish
439,provider_number,20017,0.8184,jellyfish
440,provider_number,20017,0.8180,jellyfish
441,provider_number,20017,0.7715,jellyfish
442,provider_number,20017,0.6337,jellyfish
443,provider_number,20017,0.7009,jellyfish
444,provider_number,20017,0.7649,jellyfish
445,provider_number,20017,0.6980,jellyfish
446,provider_number,20017,0.6217,jellyfish
447,provider_number,20017,0.8108,jellyfish
448,provider_number,20017,0.7849,jellyfish
449,provider_number,20017,0.7646,jellyfish
450,provider_number,20017,0.8093,jellyfish
451,provider_number,20018,0.8138,jellyfish
452,provider_number,20018,0.8277,jellyfish
453,provider_number,10019,0.6580,jellyfish
454,provider_number,10019,0.7920,jellyfish
455,provider_number,10019,0.6787,jellyfish
456,provider_number,10019,0.7569,jellyfish
457,provider_number,10019,0.8044,jellyfish
458,provider_number,10019,0.8010,jellyfish
459,provider_number,10019,0.7958,jellyfish
460,provider_number,10019,0.7993,jellyfish
461,provider_number,10019,0.7897,jellyfish
462,provider_number,10019,0.7972,jellyfish
463,provider_number,10019,0.8128,jellyfish
464,provider_number,10019,0.7534,jellyfish
465,provider_number,10019,0.6339,jellyfish
466,provider_number,10019,0.7021,jellyfish
467,provider_number,10021,0.7903,jellyfish
468,provider_number,10021,0.7910,jellyfish
469,provider_number,10021,0.5566,jellyfish
470,provider_number,10021,0.7337,jellyfish
471,provider_number,10021,0.7775,jellyfish
472,provider_number,10021,0.7887,jellyfish
473,provider_number,10021,0.7782,jellyfish
474,provider_number,10021,0.7086,jellyfish
475,provider_number,10021,0.7601,jellyfish
476,provider_number,10021,0.6331,jellyfish
477,provider_number,10021,0.6395,jellyfish
478,provider_number,10021,0.6941,jellyfish
479,provider_number,10021,0.7823,jellyfish
480,provider_number,10021,0.7246,jellyfish
481,provider_number,10021,0.7896,jellyfish
482,provider_number,10021,0.7790,jellyfish
483,provider_number,10021,0.6701,jellyfish
484,provider_number,10021,0.6140,jellyfish
485,provider_number,10021,0.7873,jellyfish
486,provider_number,10021,0.7332,jellyfish
487,provider_number,10021,0.7919,jellyfish
488,provider_number,10021,0.7524,jellyfish
489,provider_number,10021,0.6673,jellyfish
490,provider_number,10021,0.7619,jellyfish
491,provider_number,10021,0.7712,jellyfish
492,provider_number,10022,0.7904,jellyfish
493,provider_number,10022,0.7847,jellyfish
494,provider_number,10022,0.7587,jellyfish
495,provider_number,10022,0.6004,jellyfish
496,provider_number,10022,0.7159,jellyfish
497,provider_number,10022,0.7483,jellyfish
498,provider_number,10022,0.7728,jellyfish
499,provider_number,10022,0.7744,jellyfish
500,provider_number,10022,0.6804,jellyfish
501,provider_number,10022,0.7422,jellyfish
502,provider_number,10022,0.6240,jellyfish
503,provider_number,10022,0.7554,jellyfish
504,provider_number,10022,0.7571,jellyfish
505,provider_number,10022,0.8025,jellyfish
506,provider_number,10022,0.7362,jellyfish
507,provider_number,10022,0.6348,jellyfish
508,provider_number,10022,0.7798,jellyfish
509,provider_number,10022,0.7632,jellyfish
510,provider_number,10022,0.7605,jellyfish
511,provider_number,10022,0.7059,jellyfish
512,provider_number,10022,0.7834,jellyfish
513,provider_number,10022,0.7527,jellyfish
514,provider_number,10022,0.7568,jellyfish
515,provider_number,10022,0.6201,jellyfish
516,provider_number,10022,0.5614,jellyfish
517,provider_number,10023,0.5657,jellyfish
518,provider_number,10023,0.6549,jellyfish
519,provider_number,10023,0.7435,jellyfish
520,provider_number,10023,0.6429,jellyfish
521,provider_number,10023,0.7740,jellyfish
522,provider_number,10023,0.7037,jellyfish
523,provider_number,10023,0.7799,jellyfish
524,provider_number,10023,0.7555,jellyfish
525,provider_number,10023,0.7859,jellyfish
526,provider_number,10023,0.7627,jellyfish
527,provider_number,10023,0.8043,jellyfish
528,provider_number,10023,0.6787,jellyfish
529,provider_number,10023,0.7635,jellyfish
530,provider_number,10023,0.7679,jellyfish
531,provider_number,10023,0.7432,jellyfish
532,provider_number,10023,0.7920,jellyfish
533,provider_number,10023,0.6136,jellyfish
534,provider_number,10023,0.6990,jellyfish
535,provider_number,10023,0.7475,jellyfish
536,provider_number,10023,0.7776,jellyfish
537,provider_number,10023,0.6867,jellyfish
538,provider_number,10023,0.7375,jellyfish
539,provider_number,10023,0.6817,jellyfish
540,provider_number,10023,0.6824,jellyfish
541,provider_number,10023,0.7674,jellyfish
542,provider_number,10024,0.7457,jellyfish
543,provider_number,10024,0.7653,jellyfish
544,provider_number,10024,0.7719,jellyfish
545,provider_number,10024,0.7913,jellyfish
546,provider_number,10024,0.7316,jellyfish
547,provider_number,10024,0.7892,jellyfish
548,provider_number,10024,0.7947,jellyfish
549,provider_number,10024,0.7718,jellyfish
550,provider_number,10024,0.6907,jellyfish
551,provider_number,10024,0.7734,jellyfish
552,provider_number,10024,0.7198,jellyfish
553,provider_number,10024,0.7178,jellyfish
554,provider_number,10024,0.6544,jellyfish
555,provider_number,10024,0.7729,jellyfish
556,provider_number,10024,0.7640,jellyfish
557,provider_number,10024,0.8005,jellyfish
558,provider_number,10024,0.8002,jellyfish
559,provider_number,10024,0.7440,jellyfish
560,provider_number,1xx24 → 12424,0.6717,jellyfish
561,provider_number,10024,0.6078,jellyfish
562,provider_number,10024,0.7833,jellyfish
563,provider_number,10024,0.7535,jellyfish
564,provider_number,10024,0.6052,jellyfish
565,provider_number,10024,0.6830,jellyfish
566,provider_number,10024,0.7415,jellyfish
567,provider_number,10025,0.7950,jellyfish
568,provider_number,10025,0.8024,jellyfish
569,provider_number,10025,0.7623,jellyfish
570,provider_number,10025,0.7384,jellyfish
571,provider_number,10025,0.7456,jellyfish
572,provider_number,10025,0.7596,jellyfish
573,provider_number,10025,0.7360,jellyfish
574,provider_number,10025,0.6006,jellyfish
575,provider_number,10025,0.6885,jellyfish
576,provider_number,10025,0.7406,jellyfish
577,provider_number,10025,0.8009,jellyfish
578,provider_number,10025,0.7915,jellyfish
579,provider_number,10025,0.7654,jellyfish
580,provider_number,10025,0.7737,jellyfish
581,provider_number,10025,0.7545,jellyfish
582,provider_number,10025,0.7425,jellyfish
583,provider_number,10025,0.7777,jellyfish
584,provider_number,10025,0.7702,jellyfish
585,provider_number,10025,0.7877,jellyfish
586,provider_number,10025,0.7996,jellyfish
587,provider_number,10025,0.6780,jellyfish
588,provider_number,10025,0.7468,jellyfish
589,provider_number,10025,0.7999,jellyfish
590,provider_number,10025,0.7673,jellyfish
591,provider_number,10025,0.7878,jellyfish
592,provider_number,10027,0.7223,jellyfish
593,provider_number,10027,0.6998,jellyfish
594,provider_number,10027,0.7643,jellyfish
595,provider_number,10027,0.7296,jellyfish
596,provider_number,10027,0.7222,jellyfish
597,provider_number,10027,0.7968,jellyfish
598,provider_number,10027,0.7921,jellyfish
599,provider_number,10027,0.7465,jellyfish
600,provider_number,10027,0.7679,jellyfish
601,provider_number,10027,0.7612,jellyfish
602,provider_number,10027,0.7426,jellyfish
603,provider_number,10027,0.7686,jellyfish
604,provider_number,10027,0.5681,jellyfish
605,provider_number,10027,0.6312,jellyfish
606,provider_number,10027,0.7293,jellyfish
607,provider_number,10027,0.7296,jellyfish
608,provider_number,10027,0.7800,jellyfish
609,provider_number,x0027,0.7923,jellyfish
610,provider_number,10027,0.8144,jellyfish
611,provider_number,10027,0.7516,jellyfish
612,provider_number,10027,0.8212,jellyfish
613,provider_number,10027,0.7478,jellyfish
614,provider_number,10027,0.7946,jellyfish
615,provider_number,10027,0.7110,jellyfish
616,provider_number,10027,0.7701,jellyfish
617,provider_number,10029,0.6912,jellyfish
618,provider_number,10029,0.7941,jellyfish
619,provider_number,10029,0.6327,jellyfish
620,provider_number,10029,0.8084,jellyfish
621,provider_number,10029,0.6486,jellyfish
622,provider_number,10029,0.8081,jellyfish
623,provider_number,10029,0.8035,jellyfish
624,provider_number,10029,0.7526,jellyfish
625,provider_number,10029,0.7906,jellyfish
626,provider_number,10029,0.6208,jellyfish
627,provider_number,10029,0.7032,jellyfish
628,provider_number,x0029,0.7839,jellyfish
629,provider_number,10029,0.6874,jellyfish
630,provider_number,10029,0.7535,jellyfish
631,provider_number,10029,0.8009,jellyfish
632,provider_number,10029,0.6884,jellyfish
633,provider_number,10029,0.5991,jellyfish
634,provider_number,10029,0.7431,jellyfish
635,provider_number,10029,0.6318,jellyfish
636,provider_number,10029,0.5756,jellyfish
637,provider_number,10029,0.7143,jellyfish
638,provider_number,10029,0.6929,jellyfish
639,provider_number,10029,0.6158,jellyfish
640,provider_number,12929,0.6358,jellyfish
641,provider_number,10029,0.6265,jellyfish
642,provider_number,10032,0.7252,jellyfish
643,provider_number,10032,0.6029,jellyfish
644,provider_number,10032,0.7486,jellyfish
645,provider_number,10032,0.8177,jellyfish
646,provider_number,1x732,0.5919,jellyfish
647,provider_number,10032,0.7617,jellyfish
648,provider_number,10032,0.7691,jellyfish
649,provider_number,10032,0.7587,jellyfish
650,provider_number,10032,0.6331,jellyfish
651,provider_number,10032,0.8072,jellyfish
652,provider_number,10032,0.8041,jellyfish
653,provider_number,10032,0.7126,jellyfish
654,provider_number,10032,0.6744,jellyfish
655,provider_number,10032,0.7067,jellyfish
656,provider_number,1232,0.5469,jellyfish
657,provider_number,10032,0.8079,jellyfish
658,provider_number,10032,0.7670,jellyfish
659,provider_number,10032,0.8015,jellyfish
660,provider_number,10032,0.7759,jellyfish
661,provider_number,10032,0.5957,jellyfish
662,provider_number,10032,0.7851,jellyfish
663,provider_number,10032,0.7139,jellyfish
664,provider_number,10032,0.8020,jellyfish
665,provider_number,10032,0.8237,jellyfish
666,provider_number,10032,0.8219,jellyfish
667,provider_number,10033,0.6980,jellyfish
668,provider_number,10033,0.7385,jellyfish
669,provider_number,10033,0.7822,jellyfish
670,provider_number,10033,0.7797,jellyfish
671,provider_number,10033,0.7785,jellyfish
672,provider_number,10033,0.8178,jellyfish
673,provider_number,10033,0.6638,jellyfish
674,provider_number,10033,0.7644,jellyfish
675,provider_number,10033,0.6571,jellyfish
676,provider_number,10033,0.7025,jellyfish
677,provider_number,10033,0.6609,jellyfish
678,provider_number,10033,0.7491,jellyfish
679,provider_number,10033,0.7369,jellyfish
680,provider_number,10033,0.7607,jellyfish
681,provider_number,10033,0.6963,jellyfish
682,provider_number,10033,0.7116,jellyfish
683,provider_number,10033,0.5875,jellyfish
684,provider_number,10033,0.7798,jellyfish
685,provider_number,10033,0.7111,jellyfish
686,provider_number,10033,0.6235,jellyfish
687,provider_number,10033,0.6789,jellyfish
688,provider_number,10033,0.6950,jellyfish
689,provider_number,10033,0.7601,jellyfish
690,provider_number,10033,0.6594,jellyfish
691,provider_number,10033,0.6325,jellyfish
692,provider_number,10034,0.7846,jellyfish
693,provider_number,10034,0.7693,jellyfish
694,provider_number,10034,0.7558,jellyfish
695,provider_number,10034,0.7940,jellyfish
696,provider_number,10034,0.8089,jellyfish
697,provider_number,10034,0.6528,jellyfish
698,provider_number,10034,0.8059,jellyfish
699,provider_number,10034,0.6954,jellyfish
700,provider_number,10034,0.5407,jellyfish
701,provider_number,10034,0.6273,jellyfish
702,provider_number,10034,0.7111,jellyfish
703,provider_number,10034,0.5979,jellyfish
704,provider_number,10034,0.7595,jellyfish
705,provider_number,10044,0.7455,jellyfish
706,provider_number,10034,0.6827,jellyfish
707,provider_number,10034,0.7757,jellyfish
708,provider_number,10034,0.6929,jellyfish
709,provider_number,10034,0.7744,jellyfish
710,provider_number,10034,0.7744,jellyfish
711,provider_number,10034,0.6805,jellyfish
712,provider_number,10034,0.6191,jellyfish
713,provider_number,10034,0.7250,jellyfish
714,provider_number,10034,0.7611,jellyfish
715,provider_number,10034,0.7174,jellyfish
716,provider_number,10034,0.6933,jellyfish
717,provider_number,10035,0.7333,jellyfish
718,provider_number,10035,0.7650,jellyfish
719,provider_number,10035,0.7966,jellyfish
720,provider_number,10035,0.6177,jellyfish
721,provider_number,10035,0.7036,jellyfish
722,provider_number,10055,0.6645,jellyfish
723,provider_number,10035,0.7759,jellyfish
724,provider_number,10035,0.7719,jellyfish
725,provider_number,1535,0.7905,jellyfish
726,provider_number,10035,0.6860,jellyfish
727,provider_number,10035,0.7611,jellyfish
728,provider_number,10035,0.8166,jellyfish
729,provider_number,10035,0.7060,jellyfish
730,provider_number,10035,0.8073,jellyfish
731,provider_number,10035,0.6061,jellyfish
732,provider_number,10035,0.8110,jellyfish
733,provider_number,10035,0.7063,jellyfish
734,provider_number,10035,0.7767,jellyfish
735,provider_number,10035,0.7848,jellyfish
736,provider_number,10035,0.7989,jellyfish
737,provider_number,10035,0.7990,jellyfish
738,provider_number,10035,0.6660,jellyfish
739,provider_number,10035,0.7497,jellyfish
740,provider_number,10035,0.6769,jellyfish
741,provider_number,10035,0.7655,jellyfish
742,provider_number,10036,0.7107,jellyfish
743,provider_number,10036,0.8084,jellyfish
744,provider_number,10036,0.7132,jellyfish
745,provider_number,10036,0.7124,jellyfish
746,provider_number,10036,0.7947,jellyfish
747,provider_number,10036,0.8221,jellyfish
748,provider_number,10036,0.7935,jellyfish
749,provider_number,10036,0.6982,jellyfish
750,provider_number,10036,0.7266,jellyfish
751,provider_number,10036,0.7227,jellyfish
752,provider_number,10036,0.7494,jellyfish
753,provider_number,10036,0.7726,jellyfish
754,provider_number,10036,0.7142,jellyfish
755,provider_number,10036,0.7887,jellyfish
756,provider_number,1236,0.6317,jellyfish
757,provider_number,10036,0.8035,jellyfish
758,provider_number,10036,0.7604,jellyfish
759,provider_number,10036,0.7606,jellyfish
760,provider_number,10036,0.7824,jellyfish
761,provider_number,10036,0.7514,jellyfish
762,provider_number,10036,0.7889,jellyfish
763,provider_number,10036,0.7483,jellyfish
764,provider_number,10036,0.7587,jellyfish
765,provider_number,10036,0.8156,jellyfish
766,provider_number,10036,0.7752,jellyfish
767,provider_number,10038,0.7742,jellyfish
768,provider_number,10038,0.6386,jellyfish
769,provider_number,10038,0.7672,jellyfish
770,provider_number,10038,0.7435,jellyfish
771,provider_number,10038,0.7982,jellyfish
772,provider_number,10038,0.7794,jellyfish
773,provider_number,10038,0.7666,jellyfish
774,provider_number,10038,0.7751,jellyfish
775,provider_number,10039,0.7544,jellyfish
776,provider_number,10039,0.6810,jellyfish
777,provider_number,10039,0.7703,jellyfish
778,provider_number,10039,0.8100,jellyfish
779,provider_number,10039,0.7496,jellyfish
780,provider_number,10039,0.7801,jellyfish
781,provider_number,1003,0.7531,jellyfish
782,provider_number,10039,0.7866,jellyfish
783,provider_number,10039,0.7645,jellyfish
784,provider_number,10039,0.7334,jellyfish
785,provider_number,10039,0.7769,jellyfish
786,provider_number,10039,0.6978,jellyfish
787,provider_number,10039,0.7191,jellyfish
788,provider_number,10039,0.7672,jellyfish
789,provider_number,10039,0.7713,jellyfish
790,provider_number,1x139,0.5329,jellyfish
791,provider_number,10039,0.7188,jellyfish
792,provider_number,10039,0.7292,jellyfish
793,provider_number,10039,0.6949,jellyfish
794,provider_number,10019,0.7596,jellyfish
795,provider_number,10039,0.7808,jellyfish
796,provider_number,10039,0.6934,jellyfish
797,provider_number,10039,0.7357,jellyfish
798,provider_number,10039,0.7050,jellyfish
799,provider_number,10039,0.6450,jellyfish
800,provider_number,10039,0.7353,jellyfish
801,provider_number,10039,0.8040,jellyfish
802,provider_number,10039,0.7910,jellyfish
803,provider_number,10040,0.7682,jellyfish
804,provider_number,10040,0.7387,jellyfish
805,provider_number,10040,0.8057,jellyfish
806,provider_number,10040,0.8105,jellyfish
807,provider_number,10040,0.7821,jellyfish
808,provider_number,10040,0.6846,jellyfish
809,provider_number,10040,0.7376,jellyfish
810,provider_number,10040,0.7847,jellyfish
811,provider_number,10040,0.7594,jellyfish
812,provider_number,10040,0.6815,jellyfish
813,provider_number,10040,0.7718,jellyfish
814,provider_number,10040,0.7025,jellyfish
815,provider_number,10040,0.6942,jellyfish
816,provider_number,10040,0.7638,jellyfish
817,provider_number,10040,0.7630,jellyfish
818,provider_number,10040,0.7844,jellyfish
819,provider_number,10040,0.8017,jellyfish
820,provider_number,10040,0.7855,jellyfish
821,provider_number,10040,0.7742,jellyfish
822,provider_number,10040,0.6867,jellyfish
823,provider_number,10040,0.7349,jellyfish
824,provider_number,10040,0.6940,jellyfish
825,provider_number,10040,0.7556,jellyfish
826,provider_number,10040,0.7097,jellyfish
827,provider_number,10040,0.7767,jellyfish
828,provider_number,10043,0.6390,jellyfish
829,provider_number,10043,0.6500,jellyfish
830,provider_number,10043,0.7544,jellyfish
831,provider_number,10043,0.7688,jellyfish
832,provider_number,10043,0.7286,jellyfish
833,provider_number,10043,0.6758,jellyfish
834,provider_number,10043,0.7910,jellyfish
835,provider_number,10043,0.6969,jellyfish
836,provider_number,10043,0.6320,jellyfish
837,provider_number,10043,0.7902,jellyfish
838,provider_number,10043,0.7281,jellyfish
839,provider_number,10043,0.6592,jellyfish
840,provider_number,10043,0.7903,jellyfish
841,provider_number,10043,0.6905,jellyfish
842,provider_number,10043,0.6834,jellyfish
843,provider_number,10043,0.6539,jellyfish
844,provider_number,10043,0.6862,jellyfish
845,provider_number,10043,0.6123,jellyfish
846,provider_number,10043,0.7917,jellyfish
847,provider_number,10043,0.6511,jellyfish
848,provider_number,10043,0.6780,jellyfish
849,provider_number,10043,0.7897,jellyfish
850,provider_number,10043,0.6630,jellyfish
851,provider_number,10043,0.7919,jellyfish
852,provider_number,10043,0.6721,jellyfish
853,provider_number,10044,0.7672,jellyfish
854,provider_number,10044,0.6396,jellyfish
855,provider_number,10044,0.6556,jellyfish
856,provider_number,10044,0.8189,jellyfish
857,provider_number,10044,0.6167,jellyfish
858,provider_number,10044,0.7862,jellyfish
859,provider_number,10044,0.7691,jellyfish
860,provider_number,1444,0.6721,jellyfish
861,provider_number,10044,0.7501,jellyfish
862,provider_number,10044,0.6455,jellyfish
863,provider_number,10044,0.8061,jellyfish
864,provider_number,10044,0.7560,jellyfish
865,provider_number,10044,0.7871,jellyfish
866,provider_number,10044,0.8063,jellyfish
867,provider_number,10044,0.7475,jellyfish
868,provider_number,10044,0.6945,jellyfish
869,provider_number,10044,0.5758,jellyfish
870,provider_number,10044,0.7823,jellyfish
871,provider_number,10044,0.7587,jellyfish
872,provider_number,10044,0.6718,jellyfish
873,provider_number,10044,0.7526,jellyfish
874,provider_number,10044,0.8069,jellyfish
875,provider_number,10044,0.7086,jellyfish
876,provider_number,10044,0.6805,jellyfish
877,provider_number,10044,0.7757,jellyfish
878,provider_number,10045,0.7899,jellyfish
879,provider_number,1455,0.6962,jellyfish
880,provider_number,10045,0.6574,jellyfish
881,provider_number,10045,0.8079,jellyfish
882,provider_number,10045,0.7710,jellyfish
883,provider_number,10045,0.7697,jellyfish
884,provider_number,10045,0.7738,jellyfish
885,provider_number,10045,0.7754,jellyfish
886,provider_number,10045,0.7002,jellyfish
887,provider_number,10045,0.5997,jellyfish
888,provider_number,10045,0.6533,jellyfish
889,provider_number,x0045,0.6888,jellyfish
890,provider_number,10045,0.7511,jellyfish
891,provider_number,10045,0.7136,jellyfish
892,provider_number,10045,0.6751,jellyfish
893,provider_number,10045,0.6547,jellyfish
894,provider_number,10045,0.7678,jellyfish
895,provider_number,10045,0.7255,jellyfish
896,provider_number,10045,0.6509,jellyfish
897,provider_number,10045,0.7680,jellyfish
898,provider_number,10045,0.6654,jellyfish
899,provider_number,10045,0.7786,jellyfish
900,provider_number,10045,0.7231,jellyfish
901,provider_number,10045,0.7365,jellyfish
902,provider_number,10045,0.7560,jellyfish
903,provider_number,10046,0.7776,jellyfish
904,provider_number,10046,0.7526,jellyfish
905,provider_number,10046,0.6816,jellyfish
906,provider_number,10046,0.7265,jellyfish
907,provider_number,10046,0.7346,jellyfish
908,provider_number,10046,0.7219,jellyfish
909,provider_number,10046,0.7800,jellyfish
910,provider_number,10046,0.8030,jellyfish
911,provider_number,10046,0.7964,jellyfish
912,provider_number,10046,0.8017,jellyfish
913,provider_number,10046,0.7734,jellyfish
914,provider_number,10046,0.7023,jellyfish
915,provider_number,10046,0.6860,jellyfish
916,provider_number,10046,0.6782,jellyfish
917,provider_number,10046,0.7942,jellyfish
918,provider_number,10046,0.8059,jellyfish
919,provider_number,10046,0.7863,jellyfish
920,provider_number,10046,0.5686,jellyfish
921,provider_number,10046,0.6262,jellyfish
922,provider_number,10046,0.7714,jellyfish
923,provider_number,10046,0.8013,jellyfish
924,provider_number,10046,0.6618,jellyfish
925,provider_number,10046,0.7502,jellyfish
926,provider_number,10046,0.7108,jellyfish
927,provider_number,10046,0.8016,jellyfish
928,provider_number,10046,0.7730,jellyfish
929,provider_number,10046,0.5942,jellyfish
930,provider_number,10046,0.7842,jellyfish
931,provider_number,10047,0.7079,jellyfish
932,provider_number,10047,0.7075,jellyfish
933,provider_number,10047,0.7926,jellyfish
934,provider_number,147,0.5915,jellyfish
935,provider_number,10047,0.6038,jellyfish
936,provider_number,10047,0.5971,jellyfish
937,provider_number,10047,0.7521,jellyfish
938,provider_number,10047,0.7153,jellyfish
939,provider_number,10047,0.6105,jellyfish
940,provider_number,10047,0.7887,jellyfish
941,provider_number,10047,0.6969,jellyfish
942,provider_number,10047,0.6137,jellyfish
943,provider_number,10047,0.6796,jellyfish
944,provider_number,10047,0.7380,jellyfish
945,provider_number,10047,0.7956,jellyfish
946,provider_number,10047,0.7925,jellyfish
947,provider_number,10047,0.6184,jellyfish
948,provider_number,10047,0.7680,jellyfish
949,provider_number,10047,0.7230,jellyfish
950,provider_number,10047,0.6383,jellyfish
951,provider_number,10047,0.8020,jellyfish
952,provider_number,10047,0.6895,jellyfish
953,provider_number,10047,0.8016,jellyfish
954,provider_number,10047,0.7186,jellyfish
955,provider_number,10047,0.6028,jellyfish
956,provider_number,1004,0.7306,jellyfish
957,provider_number,10049,0.7247,jellyfish
958,provider_number,10049,0.7042,jellyfish
959,provider_number,10049,0.6844,jellyfish
960,provider_number,10049,0.6090,jellyfish
961,provider_number,10049,0.7285,jellyfish
962,provider_number,10049,0.6485,jellyfish
963,provider_number,10049,0.7697,jellyfish
964,provider_number,10049,0.7310,jellyfish
965,provider_number,10049,0.6480,jellyfish
966,provider_number,10049,0.6549,jellyfish
967,provider_number,10049,0.6830,jellyfish
968,provider_number,10049,0.6343,jellyfish
969,provider_number,10049,0.7898,jellyfish
970,provider_number,10049,0.7432,jellyfish
971,provider_number,10049,0.6968,jellyfish
972,provider_number,10049,0.6578,jellyfish
973,provider_number,10049,0.6601,jellyfish
974,provider_number,10049,0.7635,jellyfish
975,provider_number,10049,0.7075,jellyfish
976,provider_number,10049,0.7648,jellyfish
977,provider_number,10049,0.8137,jellyfish
978,provider_number,10049,0.5672,jellyfish
979,provider_number,10049,0.6352,jellyfish
980,provider_number,10049,0.6649,jellyfish
981,provider_number,10050,0.6219,jellyfish
982,provider_number,10050,0.7774,jellyfish
983,provider_number,10050,0.6273,jellyfish
984,provider_number,10050,0.7766,jellyfish
985,provider_number,10050,0.7579,jellyfish
986,provider_number,10050,0.7291,jellyfish
987,provider_number,10050,0.7963,jellyfish
988,provider_number,10050,0.6344,jellyfish
989,provider_number,10050,0.7903,jellyfish
990,provider_number,10050,0.7826,jellyfish
991,provider_number,10050,0.6339,jellyfish
992,provider_number,10050,0.7753,jellyfish
993,provider_number,10050,0.6754,jellyfish
994,provider_number,10050,0.6472,jellyfish
995,provider_number,10050,0.6788,jellyfish
996,provider_number,10050,0.7781,jellyfish
997,provider_number,10050,0.7914,jellyfish
998,provider_number,10050,0.6963,jellyfish
999,provider_number,10050,0.6107,jellyfish
1000,provider_number,10050,0.7628,jellyfish
1,name,callahan eye hospital and research center,0.7097,jellyfish
2,name,callahan eye hospital,0.6665,jellyfish
3,name,callahan eye hospital and research center,0.7339,jellyfish
4,name,callahan eye hospital and research center,0.7383,jellyfish
5,name,callahan eye hospital and research center,0.7021,jellyfish
6,name,callahan eye hospital,0.6843,jellyfish
7,name,callahan eye hospital and research center,0.7140,jellyfish
8,name,callahan eye foundation,0.8028,jellyfish
9,name,helen keller hospital,0.7349,jellyfish
10,name,helen keller hospital,0.7541,jellyfish
11,name,helen keller hospital,0.7401,jellyfish
12,name,helen keller hospital,0.7353,jellyfish
13,name,helen keller hospital,0.7535,jellyfish
14,name,helen keller hospital,0.7521,jellyfish
15,name,helen keller hospital,0.7554,jellyfish
16,name,helen keller hospital,0.7475,jellyfish
17,name,helen keller hospital,0.8200,jellyfish
18,name,helen keller hospital,0.7265,jellyfish
19,name,helen keller hospital,0.7283,jellyfish
20,name,southeast alabama medical center,0.7941,jellyfish
21,name,southeast alabama medical center,0.7975,jellyfish
22,name,southeast alabama medical center,0.7947,jellyfish
23,name,southeast alabama medical center,0.7771,jellyfish
24,name,southeast alabama medical center,0.6951,jellyfish
25,name,southeast alabama medical center,0.7117,jellyfish
26,name,southeast alabama medical center,0.7996,jellyfish
27,name,southeast alabama medical center,0.5667,jellyfish
28,name,southeast alabama medical center,0.7567,jellyfish
29,name,southeast alabama medical center,0.7493,jellyfish
30,name,southeast alabama medical center,0.7806,jellyfish
31,name,southeast alabama medical center,0.7597,jellyfish
32,name,southeast alabama medical center,0.8090,jellyfish
33,name,southeast alabama medical center,0.7753,jellyfish
34,name,southeast alabama medical center,0.7555,jellyfish
35,name,southeast alabama medical center,0.8017,jellyfish
36,name,southeast alabama medical center,0.7124,jellyfish
37,name,southeast alabama medical center,0.8187,jellyfish
38,name,southeast alabama medical center,0.7849,jellyfish
39,name,southeast alabama medical center,0.7484,jellyfish
40,name,southeast alabama medical center,0.7318,jellyfish
41,name,southeast alabama medical center,0.7837,jellyfish
42,name,southeast alabama medical center,0.8113,jellyfish
43,name,southeast alabama medical center,0.8027,jellyfish
44,name,southeast alabama medical center,0.8275,jellyfish
45,name,marshall medical center south,0.7906,jellyfish
46,name,marshall medical center south,0.7831,jellyfish
47,name,marshall medical center south,0.7692,jellyfish
48,name,marshall medical center south,0.8109,jellyfish
49,name,marshall medical center south,0.8161,jellyfish
50,name,marshall medical center south,0.7797,jellyfish
51,name,marshall medical center south,0.7699,jellyfish
52,name,marshall medical center south,0.8100,jellyfish
53,name,marshall medical center south,0.7890,jellyfish
54,name,marshall medical center south,0.8244,jellyfish
55,name,marshall medical center south,0.6001,jellyfish
56,name,marshall medical center south,0.8103,jellyfish
57,name,marshall medical center south,0.7960,jellyfish
58,name,marshall medical center south,0.8128,jellyfish
59,name,marshall medical center south,0.8152,jellyfish
60,name,marshall medical center south,0.7969,jellyfish
61,name,marshall medical center south,0.7920,jellyfish
62,name,marshall medical center south,0.8180,jellyfish
63,name,marshall medical center south,0.8210,jellyfish
64,name,marshall medical center south,0.7345,jellyfish
65,name,marshall medical center south,0.6109,jellyfish
66,name,marshall medical center south,0.8078,jellyfish
67,name,marshall medical center south,0.6634,jellyfish
68,name,marshall medical center south,0.8189,jellyfish
69,name,marshall medical center south,0.8217,jellyfish
70,name,eliza coffee memorial hospital,0.8119,jellyfish
71,name,eliza coffee memorial hospital & health center,0.7634,jellyfish
72,name,eliza coffee memorial hospital,0.8020,jellyfish
73,name,eliza coffee memorial hospital,0.7841,jellyfish
74,name,eliza coffee memorial hospital & health system,0.6750,jellyfish
75,name,eliza coffee memorial hospital & health system,0.8278,jellyfish
76,name,eliza coffee memorial hospital,0.7584,jellyfish
77,name,eliza coffee memorial hospital,0.7386,jellyfish
78,name,eliza coffee memorial hospital,0.7198,jellyfish
79,name,eliza coffee memorial hospital,0.7243,jellyfish
80,name,eliza coffee memorial hospital,0.8109,jellyfish
81,name,eliza coffee memorial hospital,0.7698,jellyfish
82,name,eliza coffee memorial hospital,0.6463,jellyfish
83,name,eliza coffee memorial hospital,0.7881,jellyfish
84,name,eliza coffee memorial hospital,0.7379,jellyfish
85,name,eliza coffee memorial hospital,0.8183,jellyfish
86,name,eliza coffee memorial hospital,0.8031,jellyfish
87,name,eliza coffee memorial hospital,0.7980,jellyfish
88,name,eliza coffee memorial hospital,0.8156,jellyfish
89,name,eliza coffee memorial hospital,0.7042,jellyfish
90,name,eliza coffee memorial hospital,0.7704,jellyfish
91,name,eliza coffee memorial hospital,0.8106,jellyfish
92,name,eliza coffee memorial hospital,0.7560,jellyfish
93,name,eliza coffee memorial hospital,0.8124,jellyfish
94,name,eliza coffee memorial hospital,0.7224,jellyfish
95,name,miznell memorial hospital,0.7736,jellyfish
96,name,mizell memorial hospital,0.7809,jellyfish
97,name,mizell memorial hospital,0.7711,jellyfish
98,name,mizell memorial hospital,0.6003,jellyfish
99,name,mizell memorial hospital,0.8105,jellyfish
100,name,mizell memorial hospital,0.7275,jellyfish
101,name,mizell memorial hospital & health services,0.7109,jellyfish
102,name,mizell memorial hospital,0.7982,jellyfish
103,name,mizell memorial hospital,0.7706,jellyfish
104,name,mizell memorial hospital,0.7036,jellyfish
105,name,mizell memorial hospital,0.8045,jellyfish
106,name,mizell memorial hospital,0.7727,jellyfish
107,name,mizell memorial hospital,0.7690,jellyfish
108,name,mizell memorial hospital,0.8077,jellyfish
109,name,mizell memorial hospital,0.8116,jellyfish
110,name,mizell memorial hospital,0.7421,jellyfish
111,name,mizell memorial hospital,0.6983,jellyfish
112,name,mizell memorial hospital,0.7140,jellyfish
113,name,mizell memorial hospital,0.8157,jellyfish
114,name,mizell memorial hospital,0.7028,jellyfish
115,name,mizell memorial hospital,0.7858,jellyfish
116,name,mizell memorial hospital,0.6719,jellyfish
117,name,mizell memorial hospital,0.8142,jellyfish
118,name,mizell memorial hospital,0.8086,jellyfish
119,name,mizell memorial hospital,0.6723,jellyfish
120,name,crenshaw community hospital,0.8289,jellyfish
121,name,crenshaw medical center,0.7534,jellyfish
122,name,crenshaw medical center,0.6971,jellyfish
123,name,crenshaw community hospital,0.6985,jellyfish
124,name,crenshaw community hospital,0.6953,jellyfish
125,name,crenshaw medical center,0.6993,jellyfish
126,name,crenshaw medical center,0.8510,jellyfish
127,name,crenshaw community hospital,0.7163,jellyfish
128,name,crenshaw community hospital,0.7006,jellyfish
129,name,crenshaw community hospital,0.7850,jellyfish
130,name,crenshaw community hospital,0.8084,jellyfish
131,name,crenshaw community hospital,0.7783,jellyfish
132,name,crenshaw community hospital,0.7724,jellyfish
133,name,crenshaw community hospital,0.8030,jellyfish
134,name,crenshaw community hospital,0.7970,jellyfish
135,name,crenshaw medical center,0.7802,jellyfish
136,name,crenshaw community hospital,0.7738,jellyfish
137,name,crenshaw community hospital,0.8146,jellyfish
138,name,crenshaw community hospital,0.7064,jellyfish
139,name,crenshaw medical center,0.7766,jellyfish
140,name,crenshaw community hospital,0.7098,jellyfish
141,name,crenshaw community hospital,0.8133,jellyfish
142,name,crenshaw community hospital,0.7191,jellyfish
143,name,crenshaw medical center,0.8578,jellyfish
144,name,crenshaw medical center,0.8507,jellyfish
145,name,hartselle medical center,0.7634,jellyfish
146,name,hartselle medical center,0.7752,jellyfish
147,name,Hartselle Medical Center,0.7788,jellyfish
148,name,hartselle medical center,0.7656,jellyfish
149,name,hartselle medical center,0.6971,jellyfish
150,name,hartness medical center,0.7894,jellyfish
151,name,hartselle medical center,0.7286,jellyfish
152,name,hartselle medical center,0.7477,jellyfish
153,name,hartselle medical center,0.7551,jellyfish
154,name,hartselle medical center,0.7080,jellyfish
155,name,hartselle medical center,0.7870,jellyfish
156,name,hartselle medical center,0.7586,jellyfish
157,name,hartselle medical center,0.7216,jellyfish
158,name,Hartselle Medical Center,0.7450,jellyfish
159,name,hartselle medical center,0.6073,jellyfish
160,name,hartselle medical center,0.7393,jellyfish
161,name,hartselle medical center,0.7804,jellyfish
162,name,hartselle medical center,0.7605,jellyfish
163,name,hartselle medical center,0.7142,jellyfish
164,name,Hartselle Medical Center,0.7138,jellyfish
165,name,Hartselle Medical Center,0.7538,jellyfish
166,name,hartselle medical center,0.8200,jellyfish
167,name,hartselle medical center,0.6961,jellyfish
168,name,hartselle medical center,0.7117,jellyfish
169,name,hartselle medical center,0.7028,jellyfish
170,name,marshall medical center north,0.8082,jellyfish
171,name,marshall medical center north,0.6550,jellyfish
172,name,marshall medical center north,0.7902,jellyfish
173,name,marshall medical center north,0.7804,jellyfish
174,name,marshall medical center north,0.7432,jellyfish
175,name,marshall medical center north,0.7815,jellyfish
176,name,marshall medical center north,0.7834,jellyfish
177,name,marshall medical center north,0.8068,jellyfish
178,name,marshall medical center north,0.6619,jellyfish
179,name,marshall medical center north,0.8268,jellyfish
180,name,marshall medical center north,0.7123,jellyfish
181,name,marshall medical center north,0.7822,jellyfish
182,name,marshall medical center north,0.8207,jellyfish
183,name,marshall medical center north,0.7610,jellyfish
184,name,marshall medical center north,0.7856,jellyfish
185,name,marshall medical center north,0.8127,jellyfish
186,name,marshall medical center north,0.7830,jellyfish
187,name,marshall medical center north,0.8323,jellyfish
188,name,marshall medical center north,0.7970,jellyfish
189,name,marshall medical center north,0.8058,jellyfish
190,name,marshall medical center north,0.6969,jellyfish
191,name,marshall medical center north,0.7973,jellyfish
192,name,marshall medical center north,0.8235,jellyfish
193,name,marshall medical center north,0.6936,jellyfish
194,name,marshall medical center north,0.7050,jellyfish
195,name,st vincents east hospital,0.7806,jellyfish
196,name,st vincents east hospital,0.8054,jellyfish
197,name,st vincents east,0.7660,jellyfish
198,name,st vincents east,0.7697,jellyfish
199,name,st vincents east hospital,0.7817,jellyfish
200,name,st vincents east hospital,0.7757,jellyfish
201,name,st vincents east hospital,0.7854,jellyfish
202,name,st vincents east hospital,0.7971,jellyfish
203,name,st vincents east hospital,0.7592,jellyfish
204,name,st vincents east hospital,0.7915,jellyfish
205,name,st vincents east,0.6824,jellyfish
206,name,st vincents east hospital,0.7307,jellyfish
207,name,st vincents east hospital,0.6508,jellyfish
208,name,st vincents east,0.7417,jellyfish
209,name,st vincents east hospital,0.7781,jellyfish
210,name,st vincents east hospital,0.7652,jellyfish
211,name,st vincents east hospital,0.7803,jellyfish
212,name,st vincents east hospital,0.7496,jellyfish
213,name,st vincents east,0.7622,jellyfish
214,name,st vincents east hospital,0.7326,jellyfish
215,name,st vincents east,0.7105,jellyfish
216,name,st vincents east hospital,0.7764,jellyfish
217,name,st vincents east,0.7903,jellyfish
218,name,st vincents east,0.7655,jellyfish
219,name,st vincents east hospital,0.7638,jellyfish
220,name,dekalb regional medical center,0.8381,jellyfish
221,name,dekalb regional medical center,0.7030,jellyfish
222,name,dekalb regional medical center,0.8054,jellyfish
223,name,dekalb regional medical center,0.7470,jellyfish
224,name,dekalb regional medical center,0.8285,jellyfish
225,name,dekalb regional medical center,0.7784,jellyfish
226,name,dekalb regional medical center,0.8273,jellyfish
227,name,dekalb regional medical center,0.7886,jellyfish
228,name,dekalb regional medical center,0.8302,jellyfish
229,name,dekalb regional medical center,0.8215,jellyfish
230,name,dekalb regional medical center,0.8325,jellyfish
231,name,dekalb regional medical center,0.8352,jellyfish
232,name,dekalb regional medical center,0.8355,jellyfish
233,name,dekalb regional medical center,0.8303,jellyfish
234,name,dekalb regional medical center,0.8363,jellyfish
235,name,dekalb regional medical center,0.8276,jellyfish
236,name,dekalb regional medical center,0.8382,jellyfish
237,name,dekalb regional medical center,0.8467,jellyfish
238,name,dekalb regional medical center,0.7899,jellyfish
239,name,dekalb regional medical center,0.8215,jellyfish
240,name,dekalb regional medical center,0.8351,jellyfish
241,name,dekalb regional medical center,0.8328,jellyfish
242,name,dekalb regional medical center,0.8336,jellyfish
243,name,dekalb regional medical center,0.8334,jellyfish
244,name,Daxial Regional Medical Center,0.6035,jellyfish
245,name,southwest alabama medical center,0.7812,jellyfish
246,name,southwest alabama medical center,0.7425,jellyfish
247,name,southwest alabama medical center,0.7847,jellyfish
248,name,southwest alabama medical center,0.8254,jellyfish
249,name,southwest alabama medical center,0.8271,jellyfish
250,name,southwest alabama medical center,0.7782,jellyfish
251,name,southwest alabama medical center,0.7922,jellyfish
252,name,southwest alabama medical center,0.8007,jellyfish
253,name,southwest alabama medical center,0.7646,jellyfish
254,name,southwest alabama medical center,0.7826,jellyfish
255,name,southwest alabama medical center,0.7814,jellyfish
256,name,southwest alabama medical center,0.7905,jellyfish
257,name,southwest alabama medical center,0.7776,jellyfish
258,name,southwest alabama medical center,0.7720,jellyfish
259,name,southwest alabama medical center,0.8054,jellyfish
260,name,southwest alabama medical center,0.7872,jellyfish
261,name,southwest alabama medical center,0.7467,jellyfish
262,name,southwest alabama medical center,0.7622,jellyfish
263,name,southwest alabama medical center,0.7178,jellyfish
264,name,southwest alabama medical center,0.7798,jellyfish
265,name,southwest alabama medical center,0.7391,jellyfish
266,name,southwest alabama medical center,0.7902,jellyfish
267,name,southwest alabama medical center,0.7722,jellyfish
268,name,southwest alabama medical center,0.8253,jellyfish
269,name,southwest alabama medical center,0.7806,jellyfish
270,name,Shelby Baptist Medical Center,0.6778,jellyfish
271,name,shelby baptist medical center,0.7773,jellyfish
272,name,shelby baptist medical center,0.8051,jellyfish
273,name,shelby baptist medical center,0.6582,jellyfish
274,name,shelby baptist medical center,0.6820,jellyfish
275,name,shelby baptist medical center,0.7979,jellyfish
276,name,shelby baptist medical center,0.7837,jellyfish
277,name,Shelby Baptist Medical Center,0.8199,jellyfish
278,name,shelby baptist medical center,0.8184,jellyfish
279,name,shelby baptist medical center,0.7690,jellyfish
280,name,Shelby Baptist Medical Center,0.6764,jellyfish
281,name,Shelby Baptist Medical Center,0.8113,jellyfish
282,name,Shelby Baptist Medical Center,0.8102,jellyfish
283,name,Shelby Baptist Medical Center,0.8119,jellyfish
284,name,shelby baptist medical center,0.7117,jellyfish
285,name,shelby baptist medical center,0.7643,jellyfish
286,name,Shelby Baptist Medical Center,0.6054,jellyfish
287,name,shelby baptist medical center,0.8189,jellyfish
288,name,shelby baptist medical center,0.7993,jellyfish
289,name,shelby baptist medical center,0.7756,jellyfish
290,name,shelby baptist medical center,0.7605,jellyfish
291,name,Shelby Baptist Medical Center,0.7960,jellyfish
292,name,Shelby Baptist Medical Center,0.7436,jellyfish
293,name,shelby baptist medical center,0.6986,jellyfish
294,name,Shelby Baptist Medical Center,0.8180,jellyfish
295,name,callahan eye hospital,0.5680,jellyfish
296,name,callahan eye hospital and research center,0.7140,jellyfish
297,name,callahan eye hospital,0.6991,jellyfish
298,name,callahan eye hospital and research center,0.6941,jellyfish
299,name,callahan eye hospital and research center,0.7538,jellyfish
300,name,callahan eye hospital and research center,0.7638,jellyfish
301,name,callahan eye hospital and research center,0.7647,jellyfish
302,name,callahan eye hospital and research center,0.7306,jellyfish
303,name,callahan eye hospital and research center,0.6993,jellyfish
304,name,callahan eye hospital and research center,0.6782,jellyfish
305,name,callahan eye hospital,0.6876,jellyfish
306,name,callahan eye hospital and research center,0.7418,jellyfish
307,name,callahan eye hospital and research center,0.6766,jellyfish
308,name,callahan eye hospital and research center,0.7235,jellyfish
309,name,callahan eye hospital and research center,0.7630,jellyfish
310,name,callahan eye hospital and research center,0.7023,jellyfish
311,name,callahan eye hospital,0.7304,jellyfish
312,name,stringfellow memorial hospital,0.7913,jellyfish
313,name,stringfellow memorial hospital,0.7613,jellyfish
314,name,stringfellow memorial hospital,0.6936,jellyfish
315,name,stringfellow memorial hospital,0.7061,jellyfish
316,name,stringfellow memorial hospital,0.7708,jellyfish
317,name,stringfellow memorial hospital,0.7709,jellyfish
318,name,stringfellow memorial hospital,0.7209,jellyfish
319,name,stringfellow memorial hospital,0.7455,jellyfish
320,name,stringfellow memorial hospital,0.7696,jellyfish
321,name,stringfellow memorial hospital,0.7589,jellyfish
322,name,stringfellow memorial hospital,0.7873,jellyfish
323,name,stringfellow memorial hospital,0.7691,jellyfish
324,name,stringfellow memorial hospital,0.8053,jellyfish
325,name,stringfellow memorial hospital,0.8027,jellyfish
326,name,stringfellow memorial hospital,0.7607,jellyfish
327,name,stringfellow memorial hospital,0.7817,jellyfish
328,name,stringfellow memorial hospital,0.6960,jellyfish
329,name,stringfellow memorial hospital,0.8025,jellyfish
330,name,stringfellow memorial hospital,0.6362,jellyfish
331,name,stringfellow memorial hospital,0.7085,jellyfish
332,name,flowers hospital,0.7850,jellyfish
333,name,flowers hospital,0.7434,jellyfish
334,name,flowers hospital,0.8286,jellyfish
335,name,flowers hospital,0.7439,jellyfish
336,name,flowers hospital,0.6674,jellyfish
337,name,flowers hospital,0.8160,jellyfish
338,name,florence hospital,0.7013,jellyfish
339,name,flowers hospital,0.8250,jellyfish
340,name,flowers hospital,0.7683,jellyfish
341,name,flowers hospital,0.7717,jellyfish
342,name,flowers hospital,0.7198,jellyfish
343,name,flowers hospital,0.8273,jellyfish
344,name,flowers hospital,0.8241,jellyfish
345,name,flowers hospital,0.8118,jellyfish
346,name,flowers hospital,0.8097,jellyfish
347,name,flowers hospital,0.7942,jellyfish
348,name,flowers hospital,0.7811,jellyfish
349,name,st vincents hospital,0.7525,jellyfish
350,name,st vincents hospital,0.7614,jellyfish
351,name,st vincents hospital,0.7863,jellyfish
352,name,st vincents hospital,0.7980,jellyfish
353,name,st vincents hospital,0.7903,jellyfish
354,name,decatur general hospital,0.7555,jellyfish
355,name,northwest medical center,0.7985,jellyfish
356,name,northwest medical center,0.8064,jellyfish
357,name,northwest medical center,0.8365,jellyfish
358,name,northwest medical center,0.6862,jellyfish
359,name,northwest medical center,0.7551,jellyfish
360,name,northwest medical center,0.8052,jellyfish
361,name,northwest medical center,0.8006,jellyfish
362,name,northwest medical center,0.7807,jellyfish
363,name,northwest medical center,0.7894,jellyfish
364,name,northwest medical center,0.8260,jellyfish
365,name,northwest medical center,0.8061,jellyfish
366,name,northwest medical center,0.8273,jellyfish
367,name,northwest medical center,0.7496,jellyfish
368,name,northwest medical center,0.8288,jellyfish
369,name,northwest medical center,0.8190,jellyfish
370,name,northwest medical center,0.7519,jellyfish
371,name,northwest medical center,0.8241,jellyfish
372,name,northwest medical center,0.8304,jellyfish
373,name,northwest medical center,0.8129,jellyfish
374,name,northwest medical center,0.7454,jellyfish
375,name,northwest medical center,0.7160,jellyfish
376,name,northwest medical center,0.7537,jellyfish
377,name,northwest medical center,0.7449,jellyfish
378,name,northwest medical center,0.8102,jellyfish
379,name,northwest medical center,0.8045,jellyfish
380,name,university of south alabama medical center,0.8509,jellyfish
381,name,university of south alabama medical center,0.8110,jellyfish
382,name,university of south alabama medical center,0.8443,jellyfish
383,name,university of south alabama medical center,0.6986,jellyfish
384,name,university of south alabama medical center,0.6958,jellyfish
385,name,university of south alabama medical center,0.8172,jellyfish
386,name,south alabama medical center,0.7200,jellyfish
387,name,university of south alabama medical center,0.7949,jellyfish
388,name,university of south alabama medical center,0.6984,jellyfish
389,name,university of south alabama medical center,0.7414,jellyfish
390,name,university of south alabama medical center,0.8004,jellyfish
391,name,university of south alabama medical center,0.7936,jellyfish
392,name,university of south alabama medical center,0.7755,jellyfish
393,name,prattville baptist medical center,0.7466,jellyfish
394,name,prattville memorial hospital,0.7570,jellyfish
395,name,prattville baptist medical center,0.8099,jellyfish
396,name,prattville baptist medical center,0.7237,jellyfish
397,name,prattville baptist medical center,0.7097,jellyfish
398,name,prattville baptist medical center,0.6449,jellyfish
399,name,prattville baptist medical center,0.7177,jellyfish
400,name,prattville baptist medical center,0.7695,jellyfish
401,name,prattville baptist medical center,0.7313,jellyfish
402,name,prattville baptist health,0.8159,jellyfish
403,name,prattville baptist health**,0.7840,jellyfish
404,name,prattville baptist health,0.7861,jellyfish
405,name,prattville baptist medical center,0.7743,jellyfish
406,name,prattville baptist medical center,0.7909,jellyfish
407,name,prattville baptist health**,0.8177,jellyfish
408,name,prattville baptist medical center,0.7310,jellyfish
409,name,prattville baptist health,0.8023,jellyfish
410,name,prattville baptist medical center,0.7717,jellyfish
411,name,prattville baptist medical center,0.8072,jellyfish
412,name,prattville baptist health,0.8263,jellyfish
413,name,russellville hospital,0.8077,jellyfish
414,name,russellville hospital,0.7861,jellyfish
415,name,coosa valley medical center,0.8371,jellyfish
416,name,coosa valley medical center,0.8082,jellyfish
417,name,coosa valley medical center,0.8100,jellyfish
418,name,coosa valley medical center,0.7879,jellyfish
419,name,coosa valley medical center,0.7915,jellyfish
420,name,coosa valley medical center,0.8153,jellyfish
421,name,coosa valley medical center,0.8368,jellyfish
422,name,coosa valley medical center,0.8201,jellyfish
423,name,coosa valley medical center,0.7845,jellyfish
424,name,coosa valley medical center,0.7458,jellyfish
425,name,coosa valley medical center,0.6229,jellyfish
426,name,coosa valley medical center,0.8301,jellyfish
427,name,coosa valley medical center,0.7840,jellyfish
428,name,coosa valley medical center,0.7976,jellyfish
429,name,coosa valley medical center,0.8348,jellyfish
430,name,coosa valley medical center,0.7430,jellyfish
431,name,coosa valley medical center,0.8295,jellyfish
432,name,coosa valley medical center,0.8360,jellyfish
433,name,alaska regional medical center,0.7295,jellyfish
434,name,alaska regional medical center,0.7938,jellyfish
435,name,Alaska Regional Hospital,0.7698,jellyfish
436,name,alaska regional hospital and trauma center,0.7779,jellyfish
437,name,alaska regional medical center,0.7083,jellyfish
438,name,Alaska Regional Hospital & Medical Center,0.5932,jellyfish
439,name,alaska regional hospital and trauma center,0.7553,jellyfish
440,name,alaska regional medical center,0.7362,jellyfish
441,name,alaska regional medical center,0.6558,jellyfish
442,name,alaska regional medical center,0.7770,jellyfish
443,name,alaska regional hospital and trauma center,0.7329,jellyfish
444,name,alaska regional hospital and trauma center,0.7301,jellyfish
445,name,alaska regional hospital and trauma center,0.7779,jellyfish
446,name,alaska regional hospital & medical center,0.8365,jellyfish
447,name,alaska regional hospital and trauma center,0.7708,jellyfish
448,name,alaska regional hospital & medical center,0.8104,jellyfish
449,name,Southcentral Foundation Medical Center,0.6817,jellyfish
450,name,alaska regional hospital & health system,0.8358,jellyfish
451,name,yukon kuskokwim health corporation,0.7084,jellyfish
452,name,yukon kuskokwim health system regional hospital,0.7547,jellyfish
453,name,helen keller hospital,0.7163,jellyfish
454,name,helen keller hospital,0.8076,jellyfish
455,name,helen keller hospital,0.7525,jellyfish
456,name,helen keller hospital,0.7444,jellyfish
457,name,helen keller hospital,0.7780,jellyfish
458,name,helen keller hospital,0.7290,jellyfish
459,name,helen keller hospital,0.7659,jellyfish
460,name,helen keller hospital,0.7409,jellyfish
461,name,helen keller hospital,0.6699,jellyfish
462,name,helen keller hospital,0.8029,jellyfish
463,name,helen keller hospital,0.7639,jellyfish
464,name,helen keller hospital,0.7224,jellyfish
465,name,helen keller hospital,0.7721,jellyfish
466,name,helen keller hospital,0.7331,jellyfish
467,name,dale medical center,0.6278,jellyfish
468,name,dale medical center,0.7656,jellyfish
469,name,dale medical center,0.7695,jellyfish
470,name,dale medical center,0.7960,jellyfish
471,name,dale medical center,0.7747,jellyfish
472,name,dale medical center,0.6961,jellyfish
473,name,dale medical center,0.7027,jellyfish
474,name,dale medical center,0.7749,jellyfish
475,name,dale medical center,0.8079,jellyfish
476,name,dale medical center,0.8216,jellyfish
477,name,dale medical center,0.8462,jellyfish
478,name,dale medical center,0.7861,jellyfish
479,name,dale medical center,0.8345,jellyfish
480,name,dale medical center,0.8464,jellyfish
481,name,dale medical center,0.8530,jellyfish
482,name,dale medical center,0.8208,jellyfish
483,name,dale medical center,0.7470,jellyfish
484,name,dale medical center,0.7562,jellyfish
485,name,dale medical center,0.8036,jellyfish
486,name,dale medical center,0.8101,jellyfish
487,name,dale medical center,0.7607,jellyfish
488,name,dale medical center,0.7847,jellyfish
489,name,dale medical center,0.7177,jellyfish
490,name,dale medical center,0.8210,jellyfish
491,name,dale medical center,0.8474,jellyfish
492,name,Cherokee Medical Center,0.7498,jellyfish
493,name,Cherokee Medical Center,0.7652,jellyfish
494,name,Cherokee Medical Center,0.7506,jellyfish
495,name,Cherokee Medical Center,0.6735,jellyfish
496,name,Cherokee Medical Center,0.7717,jellyfish
497,name,Cherokee Medical Center,0.7644,jellyfish
498,name,Cherokee Medical Center,0.7622,jellyfish
499,name,Cherokee Medical Center,0.7534,jellyfish
500,name,Cherokee Medical Center,0.6565,jellyfish
501,name,Cherokee Medical Center,0.7770,jellyfish
502,name,Cherokee Medical Center,0.7775,jellyfish
503,name,Cherokee Medical Center,0.7566,jellyfish
504,name,Cherokee Medical Center,0.7090,jellyfish
505,name,Cherokee Medical Center,0.7628,jellyfish
506,name,Cherokee Medical Center,0.7660,jellyfish
507,name,Cherokee Medical Center,0.7368,jellyfish
508,name,Cherokee Medical Center,0.7013,jellyfish
509,name,Cherokee Medical Center,0.7251,jellyfish
510,name,Cherokee Medical Center,0.7650,jellyfish
511,name,Cherokee Medical Center,0.7664,jellyfish
512,name,Cherokee Medical Center,0.7394,jellyfish
513,name,Cherokee Medical Center,0.7285,jellyfish
514,name,Cherokee Medical Center,0.7455,jellyfish
515,name,Cherokee Medical Center,0.6355,jellyfish
516,name,Cherokee Medical Center,0.7761,jellyfish
517,name,baptist medical center south,0.7902,jellyfish
518,name,Baptist Medical Center South,0.7721,jellyfish
519,name,baptist medical center south,0.7667,jellyfish
520,name,baptist medical center south,0.7974,jellyfish
521,name,baptist medical center south,0.7871,jellyfish
522,name,Baptist Medical Center South,0.7722,jellyfish
523,name,Baptist Medical Center South,0.7836,jellyfish
524,name,Baptist Medical Center South,0.6511,jellyfish
525,name,Baptist Medical Center South,0.6953,jellyfish
526,name,baptist medical center south,0.7421,jellyfish
527,name,Baptist Medical Center South,0.7675,jellyfish
528,name,Baptist Medical Center South,0.7791,jellyfish
529,name,Baptist Medical Center South,0.7650,jellyfish
530,name,baptist medical center south,0.7642,jellyfish
531,name,baptist medical center south,0.7842,jellyfish
532,name,baptist medical center south,0.7197,jellyfish
533,name,Baptist Medical Center South,0.8498,jellyfish
534,name,baptist medical center south,0.7758,jellyfish
535,name,Baptist Medical Center South,0.6385,jellyfish
536,name,baptist medical center south,0.7716,jellyfish
537,name,Baptist Medical Center South,0.6523,jellyfish
538,name,Baptist Medical Center South,0.7828,jellyfish
539,name,baptist medical center south,0.7694,jellyfish
540,name,Baptist Medical Center South,0.8626,jellyfish
541,name,Baptist Medical Center South,0.6194,jellyfish
542,name,jackson hospital and clinic inc,0.7615,jellyfish
543,name,jackson hospital & clinic inc,0.7620,jellyfish
544,name,jackson hospital & clinic inc,0.6869,jellyfish
545,name,jackson hospital and clinic inc,0.7428,jellyfish
546,name,jackson hospital and clinic inc,0.6745,jellyfish
547,name,jackson hospital & clinic inc,0.7577,jellyfish
548,name,jackson hospital and clinic inc,0.7054,jellyfish
549,name,jackson hospital and clinic inc,0.6149,jellyfish
550,name,jackson hospital & clinic inc,0.7717,jellyfish
551,name,jackson hospital & clinic inc,0.6785,jellyfish
552,name,jackson hospital and clinic inc,0.7483,jellyfish
553,name,jackson hospital and clinic inc,0.7006,jellyfish
554,name,jackson hospital & clinic inc,0.7388,jellyfish
555,name,jackson hospital and clinic inc,0.7254,jellyfish
556,name,jackson hospital and clinic inc,0.6364,jellyfish
557,name,jackson hospital and clinic inc,0.7422,jellyfish
558,name,jackson hospital and clinic inc,0.7492,jellyfish
559,name,jackson hospital & clinic inc,0.7680,jellyfish
560,name,jackson hospital and clinic inc,0.7289,jellyfish
561,name,"jaxson hospital & clinic, inc. xlinix, alabama",0.5694,jellyfish
562,name,jackson hospital and clinic inc,0.6939,jellyfish
563,name,jackson hospital and clinic inc,0.7008,jellyfish
564,name,jackson hospital and clinic inc,0.8090,jellyfish
565,name,jackson hospital & clinic inc,0.7468,jellyfish
566,name,jackson hospital and clinic inc,0.7428,jellyfish
567,name,lee county hospital,0.6773,jellyfish
568,name,lee county hospital,0.6988,jellyfish
569,name,"lanier memorial hospital of gulf state medical center valley, al 36854",0.5882,jellyfish
570,name,lee county hospital health system,0.6404,jellyfish
571,name,g lenier memorial hospital,0.6728,jellyfish
572,name,"lanier memorial hospital and health care services, inc. valley, al 36854",0.6586,jellyfish
573,name,lanier memorial hospital,0.7617,jellyfish
574,name,g lanier memorial hospital,0.6090,jellyfish
575,name,lanier memorial hospital,0.7414,jellyfish
576,name,lanier memorial hospital and medical center of chase,0.6889,jellyfish
577,name,g lanier medical center,0.7167,jellyfish
578,name,lee county hospital health system,0.6367,jellyfish
579,name,lanier memorial hospital,0.7427,jellyfish
580,name,g lanier medical center of north alabama,0.7005,jellyfish
581,name,"lanier memorial hospital and health care system, inc. of alabama",0.6399,jellyfish
582,name,lee county hospital health system,0.6824,jellyfish
583,name,lee county hospital health system,0.6407,jellyfish
584,name,g lenier memorial hospital,0.6675,jellyfish
585,name,g lanier medical center,0.6508,jellyfish
586,name,lanier memorial hospital,0.7085,jellyfish
587,name,lanier memorial hospital and health care system,0.5926,jellyfish
588,name,lanier memorial hospital & health care system,0.6895,jellyfish
589,name,g lanier memorial hospital,0.6372,jellyfish
590,name,lanier memorial hospital and women's center of north alabama,0.7000,jellyfish
591,name,lee memorial hospital,0.6688,jellyfish
592,name,elba general hospital & medical center,0.7457,jellyfish
593,name,elba general hospital & medical center,0.7205,jellyfish
594,name,elba hospital,0.6306,jellyfish
595,name,elba general hospital,0.7528,jellyfish
596,name,elba general hospital & medical center,0.7327,jellyfish
597,name,elba general hospital & medical center,0.6384,jellyfish
598,name,elba general hospital & medical center,0.7464,jellyfish
599,name,elba general hospital,0.7518,jellyfish
600,name,elba general hospital & medical center,0.6131,jellyfish
601,name,elba hospital,0.6216,jellyfish
602,name,elba general hospital,0.7425,jellyfish
603,name,elba general hospital,0.7304,jellyfish
604,name,elba general hospital,0.6775,jellyfish
605,name,elba general hospital,0.7960,jellyfish
606,name,elba general hospital,0.7855,jellyfish
607,name,elba general hospital,0.6743,jellyfish
608,name,elba general hospital,0.6746,jellyfish
609,name,elmore community hospital,0.7377,jellyfish
610,name,elba general hospital & medical center,0.7023,jellyfish
611,name,elba general hospital,0.7483,jellyfish
612,name,elba general hospital & medical center,0.6236,jellyfish
613,name,elba general hospital & medical center,0.7738,jellyfish
614,name,elba general hospital & medical center,0.7552,jellyfish
615,name,elba general hospital & medical center,0.7381,jellyfish
616,name,elba general hospital,0.7528,jellyfish
617,name,east alabama medical center snf,0.7027,jellyfish
618,name,east alabama medical center and snf,0.7775,jellyfish
619,name,east alabama medical center snf,0.7422,jellyfish
620,name,east alabama medical center and skilled nursing facility,0.6740,jellyfish
621,name,east alabama medical center snf,0.7182,jellyfish
622,name,east alabama medical center and snf,0.7891,jellyfish
623,name,east alabama medical center and skilled nursing facility,0.6829,jellyfish
624,name,east alabama medical center and snf,0.7993,jellyfish
625,name,east alabama medical center and snf,0.7673,jellyfish
626,name,east alabama medical center and skilled nursing facility,0.6792,jellyfish
627,name,east alabama medical center and skilled nursing facility,0.7905,jellyfish
628,name,east alabama medical center,0.7952,jellyfish
629,name,east alabama medical center snf,0.7407,jellyfish
630,name,east alabama medical center and skilled nursing facility,0.7731,jellyfish
631,name,east alabama medical center and snf,0.7742,jellyfish
632,name,east alabama medical center and skilled nursing facility,0.7634,jellyfish
633,name,east alabama medical center snf,0.7749,jellyfish
634,name,east alabama medical center and snf,0.7495,jellyfish
635,name,east alabama medical center and skilled nursing facility,0.6834,jellyfish
636,name,east alabama medical center and skilled nursing facility,0.7896,jellyfish
637,name,east alabama medical center snf,0.6278,jellyfish
638,name,east alabama medical center and snf,0.7954,jellyfish
639,name,east alabama medical center snf,0.7829,jellyfish
640,name,east alabama medical center and skilled nursing facility,0.6638,jellyfish
641,name,east alabama medical center snf,0.7914,jellyfish
642,name,wedowee hospital & medical center,0.6404,jellyfish
643,name,wedowee hospital & medical center,0.6963,jellyfish
644,name,wedowee hospital and health center,0.7717,jellyfish
645,name,wedowee hospital & medical center,0.6580,jellyfish
646,name,WEDOWEE HOSPITAL,0.7326,jellyfish
647,name,wedowee hospital,0.7858,jellyfish
648,name,Wedowee Hospital,0.7298,jellyfish
649,name,wedowee hospital and health center,0.6757,jellyfish
650,name,wedowee hospital and health center,0.6337,jellyfish
651,name,wedowee hospital & medical center,0.7098,jellyfish
652,name,wedowee hospital,0.7907,jellyfish
653,name,wedowee hospital & medical center,0.7097,jellyfish
654,name,wedowee hospital and health center,0.7441,jellyfish
655,name,Weedowee Hospital,0.7563,jellyfish
656,name,WEDOWEE HOSPITAL,0.5418,jellyfish
657,name,wedowee hospital & medical center,0.7032,jellyfish
658,name,wedowee hospital,0.7128,jellyfish
659,name,wedowee hospital & medical center,0.7598,jellyfish
660,name,wedowee hospital,0.7632,jellyfish
661,name,wedowee hospital & medical center,0.6878,jellyfish
662,name,wedowee hospital & medical center,0.7637,jellyfish
663,name,wedowee hospital and health center,0.6609,jellyfish
664,name,wedowee hospital & medical center,0.7228,jellyfish
665,name,wedowee hospital & medical center,0.6581,jellyfish
666,name,wedowee hospital & medical center,0.7278,jellyfish
667,name,university of alabama hospital,0.7860,jellyfish
668,name,university of alabama hospital,0.7303,jellyfish
669,name,university of alabama hospital,0.7992,jellyfish
670,name,university of alabama hospital at birmingham,0.8372,jellyfish
671,name,university of alabama hospital at birmingham,0.8238,jellyfish
672,name,university of alabama hospital at birmingham,0.7535,jellyfish
673,name,university of alabama hospital,0.8166,jellyfish
674,name,university of alabama at birmingham hospital,0.6896,jellyfish
675,name,university of alabama hospital at birmingham,0.8271,jellyfish
676,name,university of alabama hospital at birmingham,0.8258,jellyfish
677,name,university of alabama at birmingham hospital,0.7667,jellyfish
678,name,university of alabama hospital at birmingham,0.8290,jellyfish
679,name,university of alabama hospital,0.6583,jellyfish
680,name,university of alabama hospital,0.8255,jellyfish
681,name,university of alabama hospital at birmingham,0.8281,jellyfish
682,name,university of alabama hospital at birmingham,0.8415,jellyfish
683,name,university of alabama hospital,0.8050,jellyfish
684,name,university of alabama hospital,0.8356,jellyfish
685,name,university of alabama hospital,0.8121,jellyfish
686,name,university of alabama hospital,0.8168,jellyfish
687,name,university of alabama hospital,0.8153,jellyfish
688,name,university of alabama at birmingham hospital,0.8329,jellyfish
689,name,university of alabama hospital,0.6935,jellyfish
690,name,university of alabama hospital,0.8204,jellyfish
691,name,university of alabama hospital,0.8234,jellyfish
692,name,community hospital inc,0.8085,jellyfish
693,name,community hospital inc,0.7663,jellyfish
694,name,community hospital inc,0.7637,jellyfish
695,name,community hospital inc,0.6475,jellyfish
696,name,community hospital inc,0.6211,jellyfish
697,name,community hospital inc,0.6768,jellyfish
698,name,community hospital inc,0.7874,jellyfish
699,name,community hospital inc,0.7819,jellyfish
700,name,community hospital inc,0.7344,jellyfish
701,name,community hospital inc,0.6404,jellyfish
702,name,community hospital inc,0.6824,jellyfish
703,name,community hospital inc,0.6636,jellyfish
704,name,community hospital inc,0.7458,jellyfish
705,name,community hospital inc,0.8060,jellyfish
706,name,community hospital inc,0.7488,jellyfish
707,name,community hospital inc,0.7846,jellyfish
708,name,community hospital inc,0.7929,jellyfish
709,name,community hospital inc,0.7979,jellyfish
710,name,community hospital inc,0.7273,jellyfish
711,name,COMMUNITY HOSPITAL INC,0.7078,jellyfish
712,name,community hospital inc,0.7817,jellyfish
713,name,community hospital inc,0.7987,jellyfish
714,name,community hospital inc,0.6572,jellyfish
715,name,community hospital inc,0.7482,jellyfish
716,name,community hospital inc,0.7493,jellyfish
717,name,cullman regional medical center,0.7456,jellyfish
718,name,culman regional medical center,0.7339,jellyfish
719,name,Cullman Regional Medical Center,0.8033,jellyfish
720,name,culman regional medical center,0.7461,jellyfish
721,name,culman regional medical center,0.7247,jellyfish
722,name,Cullman Regional Medical Center,0.6719,jellyfish
723,name,culman regional medical center,0.7557,jellyfish
724,name,culman regional medical center,0.7494,jellyfish
725,name,Cullman Regional Medical Center,0.6821,jellyfish
726,name,Cullman Regional Medical Center,0.6903,jellyfish
727,name,culman regional medical center,0.7092,jellyfish
728,name,culman regional medical center,0.7336,jellyfish
729,name,culman regional medical center,0.6813,jellyfish
730,name,culman regional medical center,0.7536,jellyfish
731,name,culman regional medical center,0.6773,jellyfish
732,name,culman regional medical center,0.6995,jellyfish
733,name,culman regional medical center,0.7787,jellyfish
734,name,culman regional medical center,0.7299,jellyfish
735,name,cullman regional medical center,0.6671,jellyfish
736,name,cullman regional medical center,0.6409,jellyfish
737,name,culman regional medical center,0.7449,jellyfish
738,name,Cullman Regional Medical Center,0.6934,jellyfish
739,name,culman regional medical center,0.8101,jellyfish
740,name,cullman regional medical center,0.8052,jellyfish
741,name,culman regional medical center,0.8111,jellyfish
742,name,andalusia regional medical center,0.7877,jellyfish
743,name,andalusia regional medical center,0.7599,jellyfish
744,name,andalusia regional medical center,0.8185,jellyfish
745,name,andalusia regional medical center,0.7688,jellyfish
746,name,andalusia regional medical center,0.7768,jellyfish
747,name,andalusia regional medical center,0.7640,jellyfish
748,name,andalusia regional medical center,0.8161,jellyfish
749,name,andalusia regional medical center,0.6976,jellyfish
750,name,andalusia regional medical center,0.7124,jellyfish
751,name,andalusia regional medical center,0.7153,jellyfish
752,name,andalusia regional medical center,0.8272,jellyfish
753,name,andalusia regional medical center,0.7723,jellyfish
754,name,andalusia regional medical center,0.8122,jellyfish
755,name,andalusia regional medical center,0.7820,jellyfish
756,name,andalusia regional medical center,0.8035,jellyfish
757,name,andalusia regional medical center,0.7693,jellyfish
758,name,andalusia regional medical center,0.7077,jellyfish
759,name,regional medical center,0.7497,jellyfish
760,name,andalusia regional hospital,0.7744,jellyfish
761,name,andalusia regional medical center,0.7355,jellyfish
762,name,andalusia regional medical center,0.5992,jellyfish
763,name,andalusia regional medical center,0.8629,jellyfish
764,name,andalusia regional hospital,0.6846,jellyfish
765,name,andalusia regional hospital,0.7682,jellyfish
766,name,andalusia regional hospital,0.7848,jellyfish
767,name,stringfellow memorial hospital,0.7965,jellyfish
768,name,stringfellow memorial hospital,0.7534,jellyfish
769,name,stringfellow memorial hospital,0.7830,jellyfish
770,name,stringfellow memorial hospital,0.7172,jellyfish
771,name,stringfellow memorial hospital,0.7707,jellyfish
772,name,stringfellow memorial hospital,0.7961,jellyfish
773,name,stringfellow memorial hospital,0.6948,jellyfish
774,name,stringfellow memorial hospital,0.7495,jellyfish
775,name,Huntsville Hospital,0.7493,jellyfish
776,name,Huntsville Hospital,0.7565,jellyfish
777,name,Huntsville Hospital,0.7743,jellyfish
778,name,huntsville hospital,0.7615,jellyfish
779,name,huntsville hospital,0.6908,jellyfish
780,name,huntsville hospital,0.7362,jellyfish
781,name,Huntsville Hospital,0.7210,jellyfish
782,name,Huntsville Hospital,0.7409,jellyfish
783,name,huntsville hospital,0.7824,jellyfish
784,name,Huntsville Hospital,0.7672,jellyfish
785,name,huntsville hospital,0.8039,jellyfish
786,name,huntsville hospital,0.7911,jellyfish
787,name,huntsville hospital,0.6133,jellyfish
788,name,huntsville hospital,0.7518,jellyfish
789,name,Huntsville Hospital,0.7318,jellyfish
790,name,huntsville hospital,0.6190,jellyfish
791,name,huntsville hospital,0.8148,jellyfish
792,name,huntsville hospital,0.8007,jellyfish
793,name,Huntsville Hospital,0.7372,jellyfish
794,name,huntsville hospital,0.7526,jellyfish
795,name,huntsville hospital,0.7114,jellyfish
796,name,Huntsville Hospital,0.7696,jellyfish
797,name,Huntsville Hospital,0.7748,jellyfish
798,name,Huntsville Hospital,0.7685,jellyfish
799,name,huntsville hospital,0.5929,jellyfish
800,name,huntsville hospital,0.6980,jellyfish
801,name,Huntsville Hospital,0.7856,jellyfish
802,name,Huntsville Hospital,0.7103,jellyfish
803,name,gadsden regional medical center,0.7087,jellyfish
804,name,gadsden regional medical center,0.8292,jellyfish
805,name,gadsden regional medical center,0.8171,jellyfish
806,name,gadsden regional medical center,0.7271,jellyfish
807,name,gadsden regional medical center,0.8286,jellyfish
808,name,gadsden regional medical center,0.7886,jellyfish
809,name,gadsden regional medical center,0.7626,jellyfish
810,name,gadsden regional medical center,0.6742,jellyfish
811,name,gadsden regional medical center,0.7618,jellyfish
812,name,gadsden regional medical center,0.7699,jellyfish
813,name,gadsden regional medical center,0.8000,jellyfish
814,name,gadsden regional medical center,0.8243,jellyfish
815,name,gadsden regional medical center,0.7867,jellyfish
816,name,gadsden regional medical center,0.7999,jellyfish
817,name,gadsden regional medical center,0.7786,jellyfish
818,name,gadsden regional medical center,0.7978,jellyfish
819,name,gadsden regional medical center,0.8023,jellyfish
820,name,gadsden regional medical center,0.7641,jellyfish
821,name,gadsden regional medical center,0.8290,jellyfish
822,name,gadsden regional medical center,0.8202,jellyfish
823,name,gadsden regional medical center,0.8207,jellyfish
824,name,gadsden regional medical center,0.7768,jellyfish
825,name,gadsden regional medical center,0.7479,jellyfish
826,name,gadsden regional medical center,0.7706,jellyfish
827,name,gadsden regional medical center,0.8231,jellyfish
828,name,Chilton Medical Center,0.6329,jellyfish
829,name,Chilton Medical Center,0.7249,jellyfish
830,name,Chilton Medical Center,0.6757,jellyfish
831,name,Chilton Medical Center,0.7067,jellyfish
832,name,Chilton Medical Center,0.6993,jellyfish
833,name,Chilton Medical Center,0.6917,jellyfish
834,name,Chilton Medical Center,0.7177,jellyfish
835,name,chilton medical center,0.7440,jellyfish
836,name,Chilton Medical Center,0.7221,jellyfish
837,name,Chilton Medical Center,0.6664,jellyfish
838,name,Chilton Medical Center,0.6858,jellyfish
839,name,Chilton Medical Center,0.7017,jellyfish
840,name,Chilton Medical Center,0.6882,jellyfish
841,name,chilton medical center,0.7011,jellyfish
842,name,Chilton Medical Center,0.6872,jellyfish
843,name,chilton medical center,0.7931,jellyfish
844,name,chilton medical center,0.8080,jellyfish
845,name,Chilton Medical Center,0.8234,jellyfish
846,name,Chilton Medical Center,0.5986,jellyfish
847,name,Chilton Medical Center,0.7060,jellyfish
848,name,chilton medical center,0.7233,jellyfish
849,name,Chilton Medical Center,0.7211,jellyfish
850,name,Chilton Medical Center,0.6912,jellyfish
851,name,Chilton Medical Center,0.7597,jellyfish
852,name,Chilton Medical Center,0.8008,jellyfish
853,name,marion regional medical center,0.8350,jellyfish
854,name,marion regional medical center,0.8351,jellyfish
855,name,marion regional medical center,0.7370,jellyfish
856,name,marion regional medical center,0.8223,jellyfish
857,name,marion regional medical center,0.8349,jellyfish
858,name,marion regional medical center,0.8124,jellyfish
859,name,marion regional medical center,0.7699,jellyfish
860,name,marion regional medical center,0.7574,jellyfish
861,name,marion regional medical center,0.7516,jellyfish
862,name,marion regional medical center,0.6977,jellyfish
863,name,marion regional medical center,0.8293,jellyfish
864,name,marion regional medical center,0.7373,jellyfish
865,name,marion regional medical center,0.8155,jellyfish
866,name,marion regional medical center,0.8343,jellyfish
867,name,marion regional medical center,0.8085,jellyfish
868,name,marion regional medical center,0.7597,jellyfish
869,name,marion regional medical center,0.7691,jellyfish
870,name,marion regional medical center,0.7184,jellyfish
871,name,marion regional medical center,0.6539,jellyfish
872,name,marion regional medical center,0.8149,jellyfish
873,name,marion regional medical center,0.6718,jellyfish
874,name,marion regional medical center,0.7987,jellyfish
875,name,marion regional medical center,0.8144,jellyfish
876,name,marion regional medical center,0.7754,jellyfish
877,name,marion regional medical center,0.8126,jellyfish
878,name,fayette medical center,0.5918,jellyfish
879,name,Fayette Medical Center,0.7617,jellyfish
880,name,Fayette Medical Center,0.7558,jellyfish
881,name,fayette medical center,0.7578,jellyfish
882,name,Fayette Medical Center,0.7770,jellyfish
883,name,Fayette Medical Center,0.7354,jellyfish
884,name,Fayette Medical Center,0.6050,jellyfish
885,name,Fayette Medical Center,0.7272,jellyfish
886,name,Fayette Medical Center,0.7426,jellyfish
887,name,Fayette Medical Center,0.7657,jellyfish
888,name,fayette medical center,0.7519,jellyfish
889,name,Fayette Medical Center,0.7582,jellyfish
890,name,Fayette Medical Center,0.7475,jellyfish
891,name,fayette medical center,0.8093,jellyfish
892,name,fayette medical center,0.8001,jellyfish
893,name,Fayette Medical Center,0.7645,jellyfish
894,name,Fayette Medical Center,0.7705,jellyfish
895,name,fayette medical center,0.6807,jellyfish
896,name,Fayette Medical Center,0.7680,jellyfish
897,name,Fayette Medical Center,0.7607,jellyfish
898,name,Fayette Medical Center,0.6611,jellyfish
899,name,Fayette Medical Center,0.7582,jellyfish
900,name,fayette medical center,0.7968,jellyfish
901,name,Fayette Medical Center,0.7242,jellyfish
902,name,fayette medical center,0.7801,jellyfish
903,name,riverview regional medical center,0.7315,jellyfish
904,name,Regional Medical Center,0.8051,jellyfish
905,name,riverview regional medical center,0.8121,jellyfish
906,name,riverview regional medical center,0.7182,jellyfish
907,name,riverview regional medical center,0.8118,jellyfish
908,name,riverview regional medical center,0.7154,jellyfish
909,name,riverview regional medical center,0.8145,jellyfish
910,name,riverview regional medical center,0.7636,jellyfish
911,name,riverview regional medical center,0.8093,jellyfish
912,name,riverview regional medical center,0.7473,jellyfish
913,name,riverview regional medical center,0.7222,jellyfish
914,name,riverview regional medical center,0.7947,jellyfish
915,name,riverview regional medical center,0.8019,jellyfish
916,name,riverview regional medical center,0.7778,jellyfish
917,name,riverview regional medical center,0.7333,jellyfish
918,name,riverview regional medical center,0.7963,jellyfish
919,name,riverview regional medical center,0.7319,jellyfish
920,name,riverview regional medical center,0.7911,jellyfish
921,name,riverview regional medical center,0.7216,jellyfish
922,name,uab medical center,0.6267,jellyfish
923,name,riverview regional medical center,0.7657,jellyfish
924,name,riverview regional medical center,0.7917,jellyfish
925,name,riverview regional medical center,0.8018,jellyfish
926,name,riverview regional medical center,0.7044,jellyfish
927,name,riverview regional medical center,0.7429,jellyfish
928,name,riverview regional medical center,0.8015,jellyfish
929,name,riverview regional medical center,0.7933,jellyfish
930,name,riverview regional medical center,0.7983,jellyfish
931,name,georgiana hospital,0.7451,jellyfish
932,name,georgiana hospital,0.8081,jellyfish
933,name,georgiana hospital,0.7875,jellyfish
934,name,georgiana hospital & medical center,0.8189,jellyfish
935,name,georgiana hospital & medical center,0.6429,jellyfish
936,name,georgiana hospital & medical center,0.6501,jellyfish
937,name,georgiana hospital & medical center,0.8467,jellyfish
938,name,georgiana hospital,0.7903,jellyfish
939,name,GEORGIA XA HOSPITAL & HEALTH SYSTEM,0.5560,jellyfish
940,name,georgiana hospital,0.7706,jellyfish
941,name,georgiana hospital,0.7940,jellyfish
942,name,georgiana hospital,0.7798,jellyfish
943,name,georgiana hospital,0.7304,jellyfish
944,name,georgiana hospital,0.8017,jellyfish
945,name,georgiana hospital,0.7503,jellyfish
946,name,georgiana hospital,0.7266,jellyfish
947,name,georgiana hospital,0.7621,jellyfish
948,name,georgiana hospital,0.7666,jellyfish
949,name,georgiana hospital,0.7588,jellyfish
950,name,georgiana hospital,0.8135,jellyfish
951,name,georgiana hospital & health system,0.8410,jellyfish
952,name,georgiana hospital & health center,0.6515,jellyfish
953,name,georgiana hospital,0.7419,jellyfish
954,name,georgiana hospital,0.7797,jellyfish
955,name,georgiana hospital,0.7179,jellyfish
956,name,medical center enterprise,0.7545,jellyfish
957,name,Medixal Xenter Enterprise,0.7555,jellyfish
958,name,medical center enterprise,0.7462,jellyfish
959,name,medical center enterprise,0.7376,jellyfish
960,name,medical center enterprise,0.7872,jellyfish
961,name,medical center enterprise,0.7747,jellyfish
962,name,medical center enterprise,0.7347,jellyfish
963,name,medxcal center enterprise,0.7626,jellyfish
964,name,medical center enterprise,0.6934,jellyfish
965,name,medical center enterprise,0.7107,jellyfish
966,name,medical center enterprise,0.7855,jellyfish
967,name,medical center enterprise,0.7388,jellyfish
968,name,Medical Center Enterprise,0.4111,jellyfish
969,name,medical center enterprise,0.7706,jellyfish
970,name,medical center enterprise,0.6892,jellyfish
971,name,medical center enterprise,0.7457,jellyfish
972,name,medical center enterprise,0.7627,jellyfish
973,name,medical center enterprise,0.8026,jellyfish
974,name,medical center enterprise,0.7195,jellyfish
975,name,medical center enterprise,0.6201,jellyfish
976,name,medical center enterprise,0.7828,jellyfish
977,name,medical center hospital enterprise,0.6282,jellyfish
978,name,medical center enterprise,0.7734,jellyfish
979,name,medical center enterprise,0.7548,jellyfish
980,name,medical center enterprise,0.7752,jellyfish
981,name,St. Vincent's Blount,0.7163,jellyfish
982,name,st vincents blount,0.7883,jellyfish
983,name,st vincents hospital blountstown,0.7564,jellyfish
984,name,St. Vincent's Blount,0.7805,jellyfish
985,name,St. Vincent's Blount,0.7684,jellyfish
986,name,St. Vincent's Blount,0.7941,jellyfish
987,name,st vincent's blount,0.7332,jellyfish
988,name,St. Vincent's Birmingham,0.8456,jellyfish
989,name,st vincents hospital blountstown,0.6895,jellyfish
990,name,St. Vincent's Blount,0.7838,jellyfish
991,name,St. Vincent's Blount,0.6622,jellyfish
992,name,St. Vincent's Blount,0.7600,jellyfish
993,name,St. Vincent's Blount,0.6086,jellyfish
994,name,St. Vincent's Blount,0.7971,jellyfish
995,name,St. Vincent's Blount,0.7570,jellyfish
996,name,St. Vincent's Blount,0.8161,jellyfish
997,name,St. Vincent's Blount,0.8074,jellyfish
998,name,St. Vincent's Blount,0.7778,jellyfish
999,name,st vincent's blount,0.6854,jellyfish
1000,name,St. Vincent's Blount,0.7722,jellyfish
1,address_1,1720 university blvd,0.7187,jellyfish
2,address_1,1720 university blvd,0.7634,jellyfish
3,address_1,1720 university blvd,0.7678,jellyfish
4,address_1,1720 university blvd,0.7278,jellyfish
5,address_1,1720 university blvd,0.8564,jellyfish
6,address_1,1720 university blvd,0.7472,jellyfish
7,address_1,1720 university blvd,0.7139,jellyfish
8,address_1,1720 university blvd,0.7598,jellyfish
9,address_1,1300 south montgomery avenue,0.8205,jellyfish
10,address_1,1300 south montgomery avenue,0.8118,jellyfish
11,address_1,1300 south montgomery avenue,0.7782,jellyfish
12,address_1,1300 south montgomery avenue,0.7929,jellyfish
13,address_1,1300 south montgomery avenue,0.7953,jellyfish
14,address_1,1300 south montgomery avenue,0.8213,jellyfish
15,address_1,1300 south montgomery avenue,0.7818,jellyfish
16,address_1,1300 south montgomery avenue,0.7142,jellyfish
17,address_1,1300 south montgomery avenue,0.7779,jellyfish
18,address_1,1300 south montgomery avenue,0.7492,jellyfish
19,address_1,1300 south montgomery avenue,0.7941,jellyfish
20,address_1,1108 ross clark circle,0.7442,jellyfish
21,address_1,1108 ross clark circle,0.7939,jellyfish
22,address_1,1108 ross clark circle,0.6645,jellyfish
23,address_1,1108 ross clark circle,0.7613,jellyfish
24,address_1,1108 ross clark circle,0.8045,jellyfish
25,address_1,1108 ross clark circle,0.7424,jellyfish
26,address_1,1108 ross clark circle,0.6994,jellyfish
27,address_1,1108 ross clark circle,0.6827,jellyfish
28,address_1,1108 ross clark circle,0.7690,jellyfish
29,address_1,1108 ross clark circle,0.7209,jellyfish
30,address_1,1108 ross clark circle,0.7570,jellyfish
31,address_1,1108 ross clark circle,0.8788,jellyfish
32,address_1,1108 ross clark circle,0.8004,jellyfish
33,address_1,1108 ross clark circle,0.8138,jellyfish
34,address_1,1108 ross clark circle,0.7629,jellyfish
35,address_1,1108 ross clark circle,0.7959,jellyfish
36,address_1,1108 ross clark circle,0.6949,jellyfish
37,address_1,1108 ross clark circle,0.8623,jellyfish
38,address_1,1108 ross clark circle,0.7164,jellyfish
39,address_1,1108 ross clark circle,0.7223,jellyfish
40,address_1,1108 ross clark circle,0.7513,jellyfish
41,address_1,1108 ross clark circle,0.7759,jellyfish
42,address_1,1108 ross clark circle,0.7325,jellyfish
43,address_1,1108 ross clark circle,0.7080,jellyfish
44,address_1,1108 ross clark circle,0.6871,jellyfish
45,address_1,2505 u.s. highway 431 north,0.8199,jellyfish
46,address_1,2505 u.s. highway 431 north,0.8156,jellyfish
47,address_1,2505 u. s. highway 431 north,0.8339,jellyfish
48,address_1,2505 u. s. highway 431 north,0.7477,jellyfish
49,address_1,2505 u.s. highway 431 north,0.8227,jellyfish
50,address_1,2505 u.s. highway 431 north,0.8115,jellyfish
51,address_1,2505 u.s. highway 431 north,0.8329,jellyfish
52,address_1,2505 u. s. highway 431 north,0.8349,jellyfish
53,address_1,2505 u.s. highway 431 north,0.7404,jellyfish
54,address_1,2505 u.s. highway 431 north,0.8123,jellyfish
55,address_1,2505 u s highway 431 north,0.7871,jellyfish
56,address_1,2505 u s highway 431 north,0.7520,jellyfish
57,address_1,2505 u.s. highway 431 north,0.8309,jellyfish
58,address_1,2505 highway 431 north,0.7752,jellyfish
59,address_1,2505 u. s. highway 431 north,0.7482,jellyfish
60,address_1,2505 u. s. highway 431 north,0.8408,jellyfish
61,address_1,2505 u. s. highway 431 north,0.7600,jellyfish
62,address_1,2505 u s highway 431 north,0.8054,jellyfish
63,address_1,2505 u s highway 431 north,0.8102,jellyfish
64,address_1,2505 u.s. highway 431 north,0.8003,jellyfish
65,address_1,2505 u s highway 431 north,0.7531,jellyfish
66,address_1,2505 u.s. highway 431 north,0.8036,jellyfish
67,address_1,2505 u s highway 431 north,0.7912,jellyfish
68,address_1,2505 u.s. highway 431 north,0.8168,jellyfish
69,address_1,2505 u s highway 431 north,0.7527,jellyfish
70,address_1,205 marengo street,0.6939,jellyfish
71,address_1,205 mareng...,0.5916,jellyfish
72,address_1,205 mareng...,0.8112,jellyfish
73,address_1,205 mareng... show more... 205 marengo street show less,0.7377,jellyfish
74,address_1,205 mareng...,0.7988,jellyfish
75,address_1,205 mareng... show more... 205 marengo street show more... 205 marengo street show more... 205 marengo street show more...,0.8318,jellyfish
76,address_1,205 mareng...,0.7990,jellyfish
77,address_1,205 mareng... more info,0.5718,jellyfish
78,address_1,205 mareng...,0.8043,jellyfish
79,address_1,205 mareng...,0.6427,jellyfish
80,address_1,205 marengos street,0.7717,jellyfish
81,address_1,205 mareng...,0.7714,jellyfish
82,address_1,205 mareng...,0.7867,jellyfish
83,address_1,205 marengo street,0.7800,jellyfish
84,address_1,205 marengo street,0.7797,jellyfish
85,address_1,205 marengo street,0.7157,jellyfish
86,address_1,205 mareng... show more... 205 marengo street show more... 205 marengo street show more... 205 marengo street show more...,0.8180,jellyfish
87,address_1,205 marengo street,0.7547,jellyfish
88,address_1,205 mareng...,0.8127,jellyfish
89,address_1,205 mareng... more,0.6517,jellyfish
90,address_1,205 mareng...,0.7980,jellyfish
91,address_1,205 mareng...,0.8018,jellyfish
92,address_1,205 mareng...,0.8106,jellyfish
93,address_1,205 mareng...,0.7953,jellyfish
94,address_1,205 mareng\\o street,0.6770,jellyfish
95,address_1,main st,0.6570,jellyfish
96,address_1,702 n main st,0.7763,jellyfish
97,address_1,702 n main st,0.7082,jellyfish
98,address_1,702 n main st,0.7825,jellyfish
99,address_1,702 n main st,0.7374,jellyfish
100,address_1,702 n main st,0.8158,jellyfish
101,address_1,702 n main st,0.8054,jellyfish
102,address_1,702 n main st,0.8188,jellyfish
103,address_1,702 n main st,0.7144,jellyfish
104,address_1,702 n main st,0.7749,jellyfish
105,address_1,702 n main st,0.8277,jellyfish
106,address_1,702 n main st,0.7662,jellyfish
107,address_1,702 maix st,0.7174,jellyfish
108,address_1,702 n main st,0.7684,jellyfish
109,address_1,702 n main st,0.8020,jellyfish
110,address_1,702 n main st,0.8192,jellyfish
111,address_1,702 n main st,0.8285,jellyfish
112,address_1,702 n main st,0.7554,jellyfish
113,address_1,702 n main st,0.7505,jellyfish
114,address_1,702 n main st,0.6927,jellyfish
115,address_1,702 n main st,0.7517,jellyfish
116,address_1,702 n main st,0.7886,jellyfish
117,address_1,702 n main st,0.7865,jellyfish
118,address_1,702 n main st,0.7653,jellyfish
119,address_1,702 n main st,0.7958,jellyfish
120,address_1,101 w. hospital circle,0.6071,jellyfish
121,address_1,101 hospital circle,0.6970,jellyfish
122,address_1,101 hospital circle,0.7309,jellyfish
123,address_1,101 hospital circle,0.7857,jellyfish
124,address_1,101 hospital circle,0.7396,jellyfish
125,address_1,101 hospital circle,0.6775,jellyfish
126,address_1,101 hospital circle,0.7953,jellyfish
127,address_1,101 hospital circle,0.7725,jellyfish
128,address_1,101 hospital circle,0.6557,jellyfish
129,address_1,101 hospital circle,0.7649,jellyfish
130,address_1,101 hospital circle,0.7920,jellyfish
131,address_1,101 hospital circle,0.7037,jellyfish
132,address_1,101 hospital circl,0.6428,jellyfish
133,address_1,101 hospital circle,0.7536,jellyfish
134,address_1,101 hospital circle,0.6714,jellyfish
135,address_1,101 hospital circle,0.6106,jellyfish
136,address_1,101 hospital circle,0.7162,jellyfish
137,address_1,101 hospital circle,0.8205,jellyfish
138,address_1,101 hospital circle,0.7514,jellyfish
139,address_1,101 hospital circle,0.7548,jellyfish
140,address_1,101 hospital circle,0.7132,jellyfish
141,address_1,101 hospital circle,0.6952,jellyfish
142,address_1,101 hospital circle,0.7814,jellyfish
143,address_1,101 hospital circle,0.7703,jellyfish
144,address_1,101 hospital circle,0.7923,jellyfish
145,address_1,201 pine street nw,0.7680,jellyfish
146,address_1,201 pine street nw,0.7216,jellyfish
147,address_1,201 pine street nw,0.7209,jellyfish
148,address_1,201 main street northwest,0.7008,jellyfish
149,address_1,201 main street northwest,0.8427,jellyfish
150,address_1,201 main street northwest,0.6996,jellyfish
151,address_1,201 pine street nw,0.7769,jellyfish
152,address_1,201 pine street nw,0.6060,jellyfish
153,address_1,201 pine st nw,0.6771,jellyfish
154,address_1,201 pine st nw,0.6686,jellyfish
155,address_1,201 pine st nw,0.6398,jellyfish
156,address_1,201 main street northwest,0.6898,jellyfish
157,address_1,201 pine street nw,0.6828,jellyfish
158,address_1,201 main street northwest,0.7178,jellyfish
159,address_1,201 pine street nw,0.7777,jellyfish
160,address_1,201 pine st nw,0.7327,jellyfish
161,address_1,201 main street northwest,0.7935,jellyfish
162,address_1,201 n pine st nw,0.6926,jellyfish
163,address_1,201 pine street northwest,0.7315,jellyfish
164,address_1,201 pine street nw,0.6901,jellyfish
165,address_1,201 pine street nw,0.6431,jellyfish
166,address_1,201 pine st nw,0.7454,jellyfish
167,address_1,201 pine street northwest,0.7607,jellyfish
168,address_1,201 pine street nw,0.7908,jellyfish
169,address_1,201 pine street northwest,0.7699,jellyfish
170,address_1,8000 alabama highway 69,0.7194,jellyfish
171,address_1,8000 alabama highway 69,0.8618,jellyfish
172,address_1,8000 highway 69,0.8459,jellyfish
173,address_1,8000 alabama hwy 69,0.8214,jellyfish
174,address_1,8000 alabama hwy 69,0.7732,jellyfish
175,address_1,8000 alabama highway 69,0.8051,jellyfish
176,address_1,8000 n alabama highway 69,0.7487,jellyfish
177,address_1,8000 alabama highway 69,0.8600,jellyfish
178,address_1,8000 alabama highway 69,0.7195,jellyfish
179,address_1,8000 alabama highway 69,0.8205,jellyfish
180,address_1,8000 alabama highway 69,0.7088,jellyfish
181,address_1,8000 alabama hwy 69,0.7972,jellyfish
182,address_1,8000 alabama highway 69,0.7304,jellyfish
183,address_1,8000 alabama highway 69,0.7991,jellyfish
184,address_1,8000 alabama hwy 69,0.8073,jellyfish
185,address_1,8000 alabama highway 69,0.7824,jellyfish
186,address_1,8000 alabama hwy 69,0.8256,jellyfish
187,address_1,8000 alabama highway 69,0.7205,jellyfish
188,address_1,8000 alabama highway 69,0.8796,jellyfish
189,address_1,8000 alabama highway 69,0.8537,jellyfish
190,address_1,8000 alabama highway 69,0.7255,jellyfish
191,address_1,8000 alabama highway 69,0.7571,jellyfish
192,address_1,8000 alabama highway 69,0.7968,jellyfish
193,address_1,8000 alabama highway 69,0.8178,jellyfish
194,address_1,8000 alabama highway 69,0.8620,jellyfish
195,address_1,50 medical park east drive,0.7598,jellyfish
196,address_1,50 medical park east drive,0.8516,jellyfish
197,address_1,50 medical park east drive,0.7627,jellyfish
198,address_1,50 medical park east drive,0.7525,jellyfish
199,address_1,50 medical park east drive,0.8136,jellyfish
200,address_1,50 medical park east drive,0.8024,jellyfish
201,address_1,50 medical park east drive,0.7842,jellyfish
202,address_1,50 medical park east drive,0.7003,jellyfish
203,address_1,50 medical park east drive,0.7817,jellyfish
204,address_1,50 medical park east drive,0.7890,jellyfish
205,address_1,50 medical park east drive,0.8266,jellyfish
206,address_1,50 medical park east drive,0.8281,jellyfish
207,address_1,50 medical park east drive,0.7968,jellyfish
208,address_1,50 medical park east drive,0.8131,jellyfish
209,address_1,50 medical park east drive,0.7802,jellyfish
210,address_1,50 medical park east drive,0.8075,jellyfish
211,address_1,50 medical park east drive,0.8444,jellyfish
212,address_1,50 medical park east drive,0.7898,jellyfish
213,address_1,50 medical park east drive,0.8279,jellyfish
214,address_1,50 medical park east drive,0.7891,jellyfish
215,address_1,50 medical park east drive,0.8344,jellyfish
216,address_1,50 medical park east drive,0.8334,jellyfish
217,address_1,50 medical park east drive,0.7334,jellyfish
218,address_1,50 medical park east drive,0.8118,jellyfish
219,address_1,50 medical park east drive,0.7917,jellyfish
220,address_1,200 med center drive,0.7342,jellyfish
221,address_1,200 med center drive,0.8027,jellyfish
222,address_1,200 med center dr,0.7488,jellyfish
223,address_1,200 med center drive,0.7036,jellyfish
224,address_1,200 med center drive,0.7384,jellyfish
225,address_1,200 med center drive,0.7043,jellyfish
226,address_1,200 med center drive,0.6657,jellyfish
227,address_1,200 med center drive,0.8137,jellyfish
228,address_1,200 med center drive,0.7778,jellyfish
229,address_1,200 med center dr,0.7379,jellyfish
230,address_1,200 med center drive,0.7331,jellyfish
231,address_1,200 med center drive,0.6996,jellyfish
232,address_1,200 med center drive,0.8042,jellyfish
233,address_1,200 med center drive,0.8004,jellyfish
234,address_1,200 med center drive,0.8013,jellyfish
235,address_1,200 med center drive,0.8068,jellyfish
236,address_1,200 med center drive,0.7414,jellyfish
237,address_1,200 med center drive,0.7487,jellyfish
238,address_1,200 med center drive,0.7201,jellyfish
239,address_1,200 med center drive,0.7436,jellyfish
240,address_1,200 med center drive,0.7531,jellyfish
241,address_1,200 med center drive,0.7130,jellyfish
242,address_1,200 med center drive,0.7313,jellyfish
243,address_1,200 med center drive,0.8056,jellyfish
244,address_1,200 med center drive,0.6801,jellyfish
245,address_1,33700 highway 43,0.8422,jellyfish
246,address_1,33700 highway 43,0.8133,jellyfish
247,address_1,33700 highway 43,0.7794,jellyfish
248,address_1,33700 highway 43,0.7759,jellyfish
249,address_1,33700 highway 43,0.7629,jellyfish
250,address_1,33700 highway 43,0.7343,jellyfish
251,address_1,33700 highway 43,0.7935,jellyfish
252,address_1,33700 highway 43,0.7866,jellyfish
253,address_1,33700 highway 43,0.7845,jellyfish
254,address_1,33700 highway 43,0.7500,jellyfish
255,address_1,33700 highway 43,0.7906,jellyfish
256,address_1,33700 highway 43,0.7913,jellyfish
257,address_1,33700 highway 43,0.7548,jellyfish
258,address_1,33700 highway 43,0.7794,jellyfish
259,address_1,33700 highway 43,0.7906,jellyfish
260,address_1,33700 highway 43,0.7528,jellyfish
261,address_1,33700 highway 43,0.8796,jellyfish
262,address_1,33700 highway 43,0.7909,jellyfish
263,address_1,33700 highway 43,0.7676,jellyfish
264,address_1,33700 highway 43,0.7265,jellyfish
265,address_1,33700 highway 3,0.7288,jellyfish
266,address_1,33700 highway 43,0.7815,jellyfish
267,address_1,33700 highway 43,0.7893,jellyfish
268,address_1,33700 highway 43,0.7911,jellyfish
269,address_1,33700 highway 43,0.7566,jellyfish
270,address_1,1000 first street north,0.8110,jellyfish
271,address_1,1000 first street north,0.8056,jellyfish
272,address_1,1000 first street north,0.6963,jellyfish
273,address_1,1000 first street north,0.8585,jellyfish
274,address_1,1000 first street north,0.7197,jellyfish
275,address_1,1000 first street north,0.8083,jellyfish
276,address_1,"1000 wst st, noxville",0.5981,jellyfish
277,address_1,1000 first street north,0.7755,jellyfish
278,address_1,1000 first street north,0.8173,jellyfish
279,address_1,1000 first street north,0.8227,jellyfish
280,address_1,1000 first street north,0.8031,jellyfish
281,address_1,1000 first street north,0.8074,jellyfish
282,address_1,1000 first street north,0.7747,jellyfish
283,address_1,1000 first street north,0.8136,jellyfish
284,address_1,1000 first street north,0.7689,jellyfish
285,address_1,1000 first street north,0.7601,jellyfish
286,address_1,1000 first street north,0.8191,jellyfish
287,address_1,1000 first street north,0.8078,jellyfish
288,address_1,1000 first street north,0.7974,jellyfish
289,address_1,1000 first street north,0.8044,jellyfish
290,address_1,1000 first street north,0.7862,jellyfish
291,address_1,1000 first street north,0.8157,jellyfish
292,address_1,1000 first street north,0.8190,jellyfish
293,address_1,1000 first street north,0.6360,jellyfish
294,address_1,1000 first street north,0.8034,jellyfish
295,address_1,1720 university blvd,0.7565,jellyfish
296,address_1,1720 university blvd,0.7099,jellyfish
297,address_1,1720 university blvd,0.7454,jellyfish
298,address_1,1720 university blvd,0.7429,jellyfish
299,address_1,1720 university blvd,0.7994,jellyfish
300,address_1,1720 university blvd,0.7919,jellyfish
301,address_1,1720 university blvd,0.7884,jellyfish
302,address_1,1720 university blvd,0.7538,jellyfish
303,address_1,1720 university blvd,0.8294,jellyfish
304,address_1,1720 university blvd,0.6312,jellyfish
305,address_1,1720 university blvd,0.6826,jellyfish
306,address_1,1720 university blvd,0.7999,jellyfish
307,address_1,1720 university blvd,0.7807,jellyfish
308,address_1,1720 university blvd,0.7959,jellyfish
309,address_1,1720 university blvd,0.7212,jellyfish
310,address_1,1720 university blvd,0.7581,jellyfish
311,address_1,1720 university blvd,0.8069,jellyfish
312,address_1,301 east 18th st,0.8103,jellyfish
313,address_1,301 east 18th st,0.8042,jellyfish
314,address_1,301 east 18th st,0.8035,jellyfish
315,address_1,301 east 18th st,0.7498,jellyfish
316,address_1,301 east 18th st,0.8152,jellyfish
317,address_1,301 east 18th st,0.7145,jellyfish
318,address_1,301 east 18th st,0.7489,jellyfish
319,address_1,301 east 18th st,0.7968,jellyfish
320,address_1,301 east 18th st,0.7967,jellyfish
321,address_1,301 east 18th st,0.7662,jellyfish
322,address_1,301 east 18th st,0.7865,jellyfish
323,address_1,301 east 18th st,0.8028,jellyfish
324,address_1,301 east 18th st,0.8048,jellyfish
325,address_1,301 east 18th st,0.8022,jellyfish
326,address_1,301 east 18th st,0.8104,jellyfish
327,address_1,301 east 18th st,0.8145,jellyfish
328,address_1,301 east 18th st,0.8119,jellyfish
329,address_1,301 east 18th st,0.8126,jellyfish
330,address_1,301 east 18th st,0.8119,jellyfish
331,address_1,301 east 18th st,0.7945,jellyfish
332,address_1,4370 west main st,0.7604,jellyfish
333,address_1,4370 west main st,0.7274,jellyfish
334,address_1,4370 west main st,0.7182,jellyfish
335,address_1,4370 west main street,0.7743,jellyfish
336,address_1,4370 west main street,0.7401,jellyfish
337,address_1,4370 west main street,0.7259,jellyfish
338,address_1,4370 west main st,0.7240,jellyfish
339,address_1,4370 west main st,0.7938,jellyfish
340,address_1,4370 west main street,0.7402,jellyfish
341,address_1,4370 west main street,0.7947,jellyfish
342,address_1,4370 west main street,0.7906,jellyfish
343,address_1,4370 west main st,0.7293,jellyfish
344,address_1,4370 west main st,0.7873,jellyfish
345,address_1,4370 west main street,0.7762,jellyfish
346,address_1,4370 west main street,0.7781,jellyfish
347,address_1,4370 west main st,0.7392,jellyfish
348,address_1,4370 west main street,0.7562,jellyfish
349,address_1,810 st vincents drive,0.7334,jellyfish
350,address_1,810 st vincents drive,0.7330,jellyfish
351,address_1,"810 s. v. st. dr. xve.  Please note that I corrected the spelling error in ""st vxncents"" to ""s.",0.5435,jellyfish
352,address_1,810 st vincents drive,0.7453,jellyfish
353,address_1,810 st vincents drive,0.7607,jellyfish
354,address_1,1201 7th street se,0.7919,jellyfish
355,address_1,1530 u s highway 43,0.8069,jellyfish
356,address_1,1530 u s highway 43,0.7806,jellyfish
357,address_1,1530 u s highway 43,0.7983,jellyfish
358,address_1,1530 u s highway 43,0.7331,jellyfish
359,address_1,1530 u s highway 43,0.7769,jellyfish
360,address_1,1530 u s highway 43,0.8032,jellyfish
361,address_1,1530 us highway 43,0.7561,jellyfish
362,address_1,1530 u s highway 43,0.7349,jellyfish
363,address_1,1530 u s highway 43,0.7976,jellyfish
364,address_1,1530 north highway 43,0.7307,jellyfish
365,address_1,1530 u s highway 43,0.7891,jellyfish
366,address_1,1530 u s highway 43,0.8010,jellyfish
367,address_1,1530 u s highway 43,0.8011,jellyfish
368,address_1,1530 u s highway 43,0.7333,jellyfish
369,address_1,1530 u s highway 43,0.7382,jellyfish
370,address_1,1530 u s highway 43,0.7974,jellyfish
371,address_1,1530 u s highway 43,0.7793,jellyfish
372,address_1,1530 u s highway 43,0.8311,jellyfish
373,address_1,1530 u s highway 43,0.7960,jellyfish
374,address_1,1530 u s highway 43,0.7754,jellyfish
375,address_1,1530 u s highway 43,0.8036,jellyfish
376,address_1,1530 u s highway 43,0.8759,jellyfish
377,address_1,1530 u s highway 43,0.7549,jellyfish
378,address_1,1530 u s highway 43,0.6988,jellyfish
379,address_1,1530 u s highway 43,0.7575,jellyfish
380,address_1,2451 fillingim street,0.7799,jellyfish
381,address_1,2451 fillingim street,0.6728,jellyfish
382,address_1,2451 fillingim street,0.8201,jellyfish
383,address_1,2451 fillingim street,0.8212,jellyfish
384,address_1,2451 fillingim street,0.8015,jellyfish
385,address_1,2451 fillingim street,0.8095,jellyfish
386,address_1,2451 university boulevard,0.7371,jellyfish
387,address_1,2451 fillingim street,0.7767,jellyfish
388,address_1,2451 fillingim street,0.8015,jellyfish
389,address_1,2451 fillingim street,0.8223,jellyfish
390,address_1,2451 fillingim street,0.8317,jellyfish
391,address_1,2451 fillingim street,0.7908,jellyfish
392,address_1,2451 fillingim street,0.8235,jellyfish
393,address_1,124 s memorial dr,0.8106,jellyfish
394,address_1,124 memorial dr,0.6996,jellyfish
395,address_1,124 s memorial dr,0.7441,jellyfish
396,address_1,124 s memorial dr,0.7540,jellyfish
397,address_1,124 s memorial dr,0.6881,jellyfish
398,address_1,124 s memorial dr,0.6935,jellyfish
399,address_1,124 s memorial dr,0.6944,jellyfish
400,address_1,124 s memorial dr,0.8199,jellyfish
401,address_1,124 s memorial dr,0.7272,jellyfish
402,address_1,124 s memorial dr,0.7404,jellyfish
403,address_1,124 s memorial dr,0.7356,jellyfish
404,address_1,124 s memorial dr,0.7979,jellyfish
405,address_1,124 s memorial dr,0.6511,jellyfish
406,address_1,124 s memorial dr,0.7591,jellyfish
407,address_1,124 s memorial dr,0.7919,jellyfish
408,address_1,124 s memorial dr,0.7165,jellyfish
409,address_1,124 s memorial dr,0.8075,jellyfish
410,address_1,124 s memorial dr,0.7339,jellyfish
411,address_1,124 s memorial dr,0.7678,jellyfish
412,address_1,124 s memorial dr,0.7456,jellyfish
413,address_1,15155 highway 43,0.7031,jellyfish
414,address_1,15155 highway 43,0.7732,jellyfish
415,address_1,315 w hickory st,0.8448,jellyfish
416,address_1,315 w hickory st,0.7827,jellyfish
417,address_1,315 w hickory st,0.6887,jellyfish
418,address_1,315 w hickory st,0.8690,jellyfish
419,address_1,315 w hickory st,0.7832,jellyfish
420,address_1,315 w hickory st,0.8612,jellyfish
421,address_1,315 w hickory st,0.7943,jellyfish
422,address_1,315 w hickory st,0.8499,jellyfish
423,address_1,315 w hickory st,0.8383,jellyfish
424,address_1,315 w hickory st,0.7788,jellyfish
425,address_1,315 w hickory st,0.8486,jellyfish
426,address_1,315 w hickory st,0.8459,jellyfish
427,address_1,315 w hickory st,0.7920,jellyfish
428,address_1,315 w hickory st,0.8548,jellyfish
429,address_1,315 w hickory st,0.8421,jellyfish
430,address_1,315 w hickory st,0.8505,jellyfish
431,address_1,315 w hickory st,0.8482,jellyfish
432,address_1,315 w. hickory st.,0.6037,jellyfish
433,address_1,2801 w debarr road,0.7842,jellyfish
434,address_1,2801 debarr rd,0.7122,jellyfish
435,address_1,2801 w. debarr road,0.7836,jellyfish
436,address_1,2801 w. debarr road,0.7207,jellyfish
437,address_1,2801 w. debarr road,0.8171,jellyfish
438,address_1,2801 w. debarr road,0.6726,jellyfish
439,address_1,2801 w debarr road,0.6766,jellyfish
440,address_1,2801 debarr road,0.7411,jellyfish
441,address_1,2801 w debarr road,0.6495,jellyfish
442,address_1,2801 w debarr road,0.7011,jellyfish
443,address_1,2801 debarr rd,0.7560,jellyfish
444,address_1,2801 debarr road,0.6912,jellyfish
445,address_1,2801 w. debarr road,0.7028,jellyfish
446,address_1,2801 debarr rd,0.6426,jellyfish
447,address_1,2801 w. debarr road,0.8330,jellyfish
448,address_1,2801 w. debarr road,0.7231,jellyfish
449,address_1,2801 debarr rd,0.6476,jellyfish
450,address_1,2801 w debarr road,0.8285,jellyfish
451,address_1,po box 287,0.6995,jellyfish
452,address_1,287,0.6812,jellyfish
453,address_1,1300 south montgomery avenue,0.7952,jellyfish
454,address_1,1300 south montgomery avenue,0.8638,jellyfish
455,address_1,1300 south montgomery avenue,0.8048,jellyfish
456,address_1,1300 south montgomery avenue,0.7958,jellyfish
457,address_1,1300 south montgomery avenue,0.7545,jellyfish
458,address_1,1300 south montgomery avenue,0.8147,jellyfish
459,address_1,1300 south montgomery avenue,0.8711,jellyfish
460,address_1,1300 south montgomery avenue,0.8155,jellyfish
461,address_1,1300 south montgomery avenue,0.8656,jellyfish
462,address_1,1300 south montgomery avenue,0.7763,jellyfish
463,address_1,1300 south montgomery avenue,0.7449,jellyfish
464,address_1,1300 south montgomery avenue,0.7910,jellyfish
465,address_1,1300 south montgomery avenue,0.6564,jellyfish
466,address_1,1300 south montgomery avenue,0.8763,jellyfish
467,address_1,126 hospital ave,0.7407,jellyfish
468,address_1,126 hospital dr,0.6385,jellyfish
469,address_1,126 hospital drive,0.6803,jellyfish
470,address_1,126 hospital ave,0.6318,jellyfish
471,address_1,126 hospital dr. ave.,0.7308,jellyfish
472,address_1,126 hospital drive,0.8085,jellyfish
473,address_1,126 hospital ave,0.6917,jellyfish
474,address_1,126 hospital avenue,0.8032,jellyfish
475,address_1,126 hospital dr,0.6606,jellyfish
476,address_1,126 hospital dr,0.6473,jellyfish
477,address_1,126 hospital ave,0.7285,jellyfish
478,address_1,126 hospital ave,0.7336,jellyfish
479,address_1,126 hospital ave,0.7655,jellyfish
480,address_1,126 hospital avenue,0.7345,jellyfish
481,address_1,126 hospital ave,0.7054,jellyfish
482,address_1,126 hospital avenue,0.7598,jellyfish
483,address_1,126 hospital drive,0.7152,jellyfish
484,address_1,126 hospital ave,0.7517,jellyfish
485,address_1,1st hospital ave,0.8011,jellyfish
486,address_1,126 hospital dr.,0.7506,jellyfish
487,address_1,126 hospital ave,0.7701,jellyfish
488,address_1,126 hospital ave,0.7078,jellyfish
489,address_1,126 hospital ave,0.6567,jellyfish
490,address_1,126 hospital ave,0.6746,jellyfish
491,address_1,126 hospital dr. ave. -> 126 hospital drive,0.5643,jellyfish
492,address_1,400 northwood dr,0.8160,jellyfish
493,address_1,400 northwood dr,0.6733,jellyfish
494,address_1,400 northwood dr,0.7897,jellyfish
495,address_1,400 northwood dr,0.8079,jellyfish
496,address_1,400 northwood dr,0.7410,jellyfish
497,address_1,400 northwood dr,0.7746,jellyfish
498,address_1,400 northwood dr,0.7842,jellyfish
499,address_1,400 northwood dr,0.7721,jellyfish
500,address_1,400 northwood dr,0.7742,jellyfish
501,address_1,400 northwood dr,0.7005,jellyfish
502,address_1,400 northwood dr,0.8065,jellyfish
503,address_1,400 northwood dr,0.6587,jellyfish
504,address_1,400 northwood dr,0.7802,jellyfish
505,address_1,400 northwood dr,0.7665,jellyfish
506,address_1,400 northwood dr,0.7582,jellyfish
507,address_1,400 northwood dr,0.7343,jellyfish
508,address_1,400 northwood dr,0.7729,jellyfish
509,address_1,400 northwood dr,0.7793,jellyfish
510,address_1,400 northwood dr,0.7461,jellyfish
511,address_1,400 northwood dr,0.7845,jellyfish
512,address_1,400 northwood dr,0.7840,jellyfish
513,address_1,400 northwood dr,0.7743,jellyfish
514,address_1,400 northwood dr,0.7962,jellyfish
515,address_1,400 northwood dr,0.7607,jellyfish
516,address_1,400 northwood dr,0.7624,jellyfish
517,address_1,2105 east south blvd,0.7676,jellyfish
518,address_1,2105 east south blvd,0.7854,jellyfish
519,address_1,2105 east south blvd,0.7561,jellyfish
520,address_1,2105 east south blvd,0.7784,jellyfish
521,address_1,2105 east south blvd,0.6971,jellyfish
522,address_1,2105 east south blvd,0.7128,jellyfish
523,address_1,2105 east south blvd,0.6960,jellyfish
524,address_1,2105 east south blvd,0.7525,jellyfish
525,address_1,2105 east south blvd,0.7149,jellyfish
526,address_1,2105 east south blvd,0.7167,jellyfish
527,address_1,2105 east south blvd,0.5516,jellyfish
528,address_1,2105 east south blvd,0.7228,jellyfish
529,address_1,2105 east park boulevard,0.8537,jellyfish
530,address_1,2105 east south blvd,0.7811,jellyfish
531,address_1,2105 east south blvd,0.7767,jellyfish
532,address_1,2105 east south blvd,0.7772,jellyfish
533,address_1,2105 east s. boulevard,0.8047,jellyfish
534,address_1,2105 east south blvd,0.7443,jellyfish
535,address_1,2105 east park boulevard,0.8751,jellyfish
536,address_1,2105 east south blvd,0.6936,jellyfish
537,address_1,2105 east park boulevard,0.8671,jellyfish
538,address_1,2105 east park boulevard,0.8822,jellyfish
539,address_1,2105 east south blvd,0.7240,jellyfish
540,address_1,2105 east park boulevard,0.8752,jellyfish
541,address_1,2105 east park boulevard,0.8849,jellyfish
542,address_1,1725 pine st,0.7061,jellyfish
543,address_1,1725 pine street,0.7464,jellyfish
544,address_1,1725 pine st,0.7683,jellyfish
545,address_1,1725 pine street,0.7561,jellyfish
546,address_1,1725 pine st,0.7806,jellyfish
547,address_1,1725 pine street,0.7206,jellyfish
548,address_1,1725 pine st,0.7677,jellyfish
549,address_1,1725 pine st,0.7364,jellyfish
550,address_1,1725 pine st,0.7687,jellyfish
551,address_1,1725 pine st,0.7848,jellyfish
552,address_1,1725 pine st,0.7337,jellyfish
553,address_1,1725 pine street,0.7711,jellyfish
554,address_1,1725 pine street,0.7989,jellyfish
555,address_1,1725 pine street,0.6018,jellyfish
556,address_1,1725 pine st,0.7685,jellyfish
557,address_1,1725 pine st,0.6447,jellyfish
558,address_1,1725 pine street,0.7431,jellyfish
559,address_1,1725 pine street,0.7623,jellyfish
560,address_1,1725 pine street,0.7412,jellyfish
561,address_1,1725 pine st,0.5953,jellyfish
562,address_1,1725 pine st,0.7314,jellyfish
563,address_1,1725 pine st,0.7865,jellyfish
564,address_1,1725 pine street,0.7671,jellyfish
565,address_1,1725 pine st,0.7305,jellyfish
566,address_1,1725 pine street,0.7649,jellyfish
567,address_1,4800 48th street,0.7133,jellyfish
568,address_1,4800 48th street,0.7643,jellyfish
569,address_1,4800 48th street,0.7485,jellyfish
570,address_1,4800 48th street,0.7713,jellyfish
571,address_1,4800 48th street,0.7738,jellyfish
572,address_1,4800 48th street,0.8072,jellyfish
573,address_1,4800 48th street,0.7578,jellyfish
574,address_1,4800 48th street,0.7649,jellyfish
575,address_1,4800 48th street,0.8123,jellyfish
576,address_1,4800 48th street,0.7690,jellyfish
577,address_1,4800 48th street,0.7703,jellyfish
578,address_1,4800 48th street,0.7409,jellyfish
579,address_1,4800 48th avenue,0.7499,jellyfish
580,address_1,4800 48th street,0.8183,jellyfish
581,address_1,4800 48th street,0.8002,jellyfish
582,address_1,4800 48th street,0.7654,jellyfish
583,address_1,4800 48th street,0.8153,jellyfish
584,address_1,4800 48th street,0.7712,jellyfish
585,address_1,4800 48th street,0.7530,jellyfish
586,address_1,4800 48th street,0.7653,jellyfish
587,address_1,4800 48th street,0.8291,jellyfish
588,address_1,4800 48th street,0.7582,jellyfish
589,address_1,4800 48th street,0.7957,jellyfish
590,address_1,4800 48th street,0.6370,jellyfish
591,address_1,4800 48th street,0.7358,jellyfish
592,address_1,987 drayton st,0.7363,jellyfish
593,address_1,987 drayton street,0.7642,jellyfish
594,address_1,987 drayton st,0.7127,jellyfish
595,address_1,987 drayton street,0.7464,jellyfish
596,address_1,987 drayton street,0.7438,jellyfish
597,address_1,987 drayton street,0.7900,jellyfish
598,address_1,987 drayton street,0.7928,jellyfish
599,address_1,987 drayton st,0.7360,jellyfish
600,address_1,987 drayton st,0.7608,jellyfish
601,address_1,987 drayton st,0.7505,jellyfish
602,address_1,987 drayton street,0.7783,jellyfish
603,address_1,987 drayton street,0.8347,jellyfish
604,address_1,987 drayton street,0.7896,jellyfish
605,address_1,987 drayton st,0.7442,jellyfish
606,address_1,987 drayton st,0.7446,jellyfish
607,address_1,987 drayton st,0.7079,jellyfish
608,address_1,987 drayton street,0.7563,jellyfish
609,address_1,987 drayton street,0.7898,jellyfish
610,address_1,987 drayton street,0.7140,jellyfish
611,address_1,987 drayton st,0.6254,jellyfish
612,address_1,987 drayton street,0.7059,jellyfish
613,address_1,987 drayton street,0.8224,jellyfish
614,address_1,987 drayton street,0.6702,jellyfish
615,address_1,987 drayton street,0.7356,jellyfish
616,address_1,987 drayton street,0.6613,jellyfish
617,address_1,2000 pepperell parkway,0.8172,jellyfish
618,address_1,2000 pepperell parkway,0.8032,jellyfish
619,address_1,2000 pepperell parkway,0.7780,jellyfish
620,address_1,2000 pepperell parkway,0.7972,jellyfish
621,address_1,2000 pepperell parkway,0.7231,jellyfish
622,address_1,2000 pepperell parkway,0.8048,jellyfish
623,address_1,2000 pepperell parkway,0.8075,jellyfish
624,address_1,2000 pepperell parkway,0.7911,jellyfish
625,address_1,2000 pepperell parkway,0.8049,jellyfish
626,address_1,2000 pepperell parkway,0.8269,jellyfish
627,address_1,2000 pepperell parkway,0.8111,jellyfish
628,address_1,2000 pepperell parkway,0.8197,jellyfish
629,address_1,2000 pepperell parkway,0.6925,jellyfish
630,address_1,2000 pepperell parkway,0.8175,jellyfish
631,address_1,2000 pepperell parkway,0.8127,jellyfish
632,address_1,2000 pepperell parkway,0.7773,jellyfish
633,address_1,2000 pepperell parkway,0.7730,jellyfish
634,address_1,2000 pepperell parkway,0.7960,jellyfish
635,address_1,2000 pepperell parkway,0.7996,jellyfish
636,address_1,2000 pepperell parkway,0.8041,jellyfish
637,address_1,2000 pepperell parkway,0.8108,jellyfish
638,address_1,2000 pepperell parkway,0.7987,jellyfish
639,address_1,2000 pepperell parkway,0.6827,jellyfish
640,address_1,2000 pepperell parkway,0.8022,jellyfish
641,address_1,2000 pepperell parkway,0.8789,jellyfish
642,address_1,209 north main street,0.7830,jellyfish
643,address_1,209 north main street,0.8218,jellyfish
644,address_1,209 north main street,0.7066,jellyfish
645,address_1,209 north main street,0.8222,jellyfish
646,address_1,209 north main street,0.8105,jellyfish
647,address_1,209 north main street,0.8117,jellyfish
648,address_1,209 north main street,0.8087,jellyfish
649,address_1,209 north main street,0.7686,jellyfish
650,address_1,209 north main street,0.7655,jellyfish
651,address_1,209 north main street,0.7670,jellyfish
652,address_1,209 north main streeet,0.7069,jellyfish
653,address_1,209 north main street,0.6100,jellyfish
654,address_1,209 north main street,0.8601,jellyfish
655,address_1,209 north main street,0.7415,jellyfish
656,address_1,209 north main street,0.7231,jellyfish
657,address_1,209 north main street,0.7669,jellyfish
658,address_1,209 north main street,0.7036,jellyfish
659,address_1,209 north main street,0.7614,jellyfish
660,address_1,209 north main street,0.7933,jellyfish
661,address_1,209 north main street,0.7819,jellyfish
662,address_1,209 north main street,0.7049,jellyfish
663,address_1,209 north main street,0.7830,jellyfish
664,address_1,209 north main street,0.7610,jellyfish
665,address_1,209 north main street,0.7749,jellyfish
666,address_1,209 north main street,0.7710,jellyfish
667,address_1,619 south 19th street,0.8043,jellyfish
668,address_1,619 south 19th street,0.8125,jellyfish
669,address_1,619 south 19th street,0.7645,jellyfish
670,address_1,619 south 19th street,0.8136,jellyfish
671,address_1,619 south 19th street,0.8071,jellyfish
672,address_1,619 south 19th street,0.8170,jellyfish
673,address_1,619 south 19th street,0.7941,jellyfish
674,address_1,619 south 19th street,0.7997,jellyfish
675,address_1,619 south 19th street,0.7485,jellyfish
676,address_1,619 south 19th street,0.7732,jellyfish
677,address_1,619 south 19th street,0.8126,jellyfish
678,address_1,619 south 19th street,0.8163,jellyfish
679,address_1,619 south 19th street,0.7402,jellyfish
680,address_1,619 south 19th street,0.7788,jellyfish
681,address_1,619 south 19th street,0.8095,jellyfish
682,address_1,619 south 19th street,0.8060,jellyfish
683,address_1,619 south 19th street,0.7843,jellyfish
684,address_1,619 south 19th street,0.7491,jellyfish
685,address_1,619 south 19th street,0.7346,jellyfish
686,address_1,619 south 19th street,0.7667,jellyfish
687,address_1,619 south 19th street,0.7712,jellyfish
688,address_1,619 south 19th street,0.8005,jellyfish
689,address_1,619 south 19th street,0.7872,jellyfish
690,address_1,619 south 19th street,0.7812,jellyfish
691,address_1,619 south 19th street,0.7873,jellyfish
692,address_1,805 friendship road,0.8444,jellyfish
693,address_1,805 friendship road,0.6992,jellyfish
694,address_1,805 friendship rd.,0.6371,jellyfish
695,address_1,805 friendship rd.,0.7023,jellyfish
696,address_1,805 friendship rd.,0.6841,jellyfish
697,address_1,805 friendship road,0.6149,jellyfish
698,address_1,805 friendship rd,0.6898,jellyfish
699,address_1,805 friendship rd.,0.7517,jellyfish
700,address_1,"805 friendship rd. Note that the abbreviation ""rd."" is commonly used to indicate ""road"" in addresses. The original value was ""805 friendship road,"" which",0.6222,jellyfish
701,address_1,805 friendship rd.,0.6599,jellyfish
702,address_1,805 friendship road,0.7717,jellyfish
703,address_1,805 friendship road,0.6942,jellyfish
704,address_1,805 friendship road,0.6889,jellyfish
705,address_1,805 friendship rd.,0.6380,jellyfish
706,address_1,805 friendship road,0.7615,jellyfish
707,address_1,805 friendship rd.,0.6494,jellyfish
708,address_1,805 friendship rd.,0.6347,jellyfish
709,address_1,805 friendship road,0.8090,jellyfish
710,address_1,805 friendship road,0.7427,jellyfish
711,address_1,805 friendship rd,0.6433,jellyfish
712,address_1,805 friendship road,0.7413,jellyfish
713,address_1,805 friendship road,0.8316,jellyfish
714,address_1,805 friendship rd,0.6784,jellyfish
715,address_1,805 friendship road,0.7007,jellyfish
716,address_1,805 friendship road,0.7733,jellyfish
717,address_1,1912 alabama highway 157,0.7908,jellyfish
718,address_1,1912 alabama highway 157,0.7860,jellyfish
719,address_1,1912 alabama highway 157,0.7641,jellyfish
720,address_1,1912 alabama highway 157,0.7953,jellyfish
721,address_1,1912 alabama highway 157,0.7629,jellyfish
722,address_1,1912 alabama highway 157,0.7580,jellyfish
723,address_1,1912 alabama highway 157,0.7662,jellyfish
724,address_1,1912 alabama highway 157,0.7115,jellyfish
725,address_1,1912 alabama highway 157,0.7906,jellyfish
726,address_1,1912 alabama highway 157,0.7597,jellyfish
727,address_1,1912 alabama highway 157,0.8000,jellyfish
728,address_1,1912 alabama highway 157,0.6962,jellyfish
729,address_1,1912 alabama highway 157,0.7573,jellyfish
730,address_1,1912 alabama highway 157,0.8026,jellyfish
731,address_1,1917 alabama highway 157,0.8927,jellyfish
732,address_1,1912 alabama highway 157,0.6756,jellyfish
733,address_1,1912 alabama highway 157,0.7316,jellyfish
734,address_1,1912 alabama highway 157,0.7922,jellyfish
735,address_1,1912 alabama highway 157,0.7968,jellyfish
736,address_1,1912 alabama highway 157,0.7527,jellyfish
737,address_1,1912 north bank highway 157,0.6298,jellyfish
738,address_1,1912 alabama highway 157,0.7844,jellyfish
739,address_1,1912 alabama highway 157,0.8123,jellyfish
740,address_1,1912 alabama highway 157,0.7346,jellyfish
741,address_1,1912 alabama highway 157,0.8775,jellyfish
742,address_1,849 south three notch street,0.7626,jellyfish
743,address_1,849 south three notch street,0.7974,jellyfish
744,address_1,849 south three notch street,0.7214,jellyfish
745,address_1,849 south three notch street,0.7425,jellyfish
746,address_1,849 south three notch street,0.7967,jellyfish
747,address_1,849 south three notch street,0.7691,jellyfish
748,address_1,849 south three notch street,0.8015,jellyfish
749,address_1,849 south three notch street,0.8078,jellyfish
750,address_1,849 south three notch street,0.7790,jellyfish
751,address_1,849 south three notch street,0.7663,jellyfish
752,address_1,849 south three notch street,0.7925,jellyfish
753,address_1,849 south three notch street,0.7466,jellyfish
754,address_1,849 south three notch street,0.7949,jellyfish
755,address_1,849 south three notch street,0.7801,jellyfish
756,address_1,849 south three notch street,0.7493,jellyfish
757,address_1,849 south three notch street,0.7787,jellyfish
758,address_1,849 south three notch street,0.7748,jellyfish
759,address_1,849 south three notch st,0.8229,jellyfish
760,address_1,849 south three notch street,0.7858,jellyfish
761,address_1,849 south three notch street,0.7859,jellyfish
762,address_1,849 south three notch street,0.7881,jellyfish
763,address_1,849 south three notch street,0.7630,jellyfish
764,address_1,849 south three notch street,0.8153,jellyfish
765,address_1,849 south three notch street,0.7840,jellyfish
766,address_1,849 south three notch st,0.7343,jellyfish
767,address_1,301 east 18th st,0.8065,jellyfish
768,address_1,301 east 11th st,0.7870,jellyfish
769,address_1,301 east 18th st,0.8338,jellyfish
770,address_1,301 east 18th st,0.8196,jellyfish
771,address_1,301 east 18th st,0.6061,jellyfish
772,address_1,301 east 18th st,0.7543,jellyfish
773,address_1,301 east 18th st,0.8066,jellyfish
774,address_1,301 east 18th st,0.8172,jellyfish
775,address_1,101 sivley rd,0.7857,jellyfish
776,address_1,101 sivley rd,0.7931,jellyfish
777,address_1,101 sivley rd,0.7666,jellyfish
778,address_1,101 siville rd,0.8096,jellyfish
779,address_1,101 sivley rd,0.7352,jellyfish
780,address_1,101 sivley rd,0.7685,jellyfish
781,address_1,101 sivley rd,0.7839,jellyfish
782,address_1,101 sivley rd,0.7611,jellyfish
783,address_1,101 sivley rd,0.7908,jellyfish
784,address_1,101 sivley rd,0.7760,jellyfish
785,address_1,101 sivley rd,0.7799,jellyfish
786,address_1,101 sivley rd,0.7720,jellyfish
787,address_1,101 sivley rd sw,0.7260,jellyfish
788,address_1,101 sivley rd,0.7826,jellyfish
789,address_1,101 sivley rd,0.7708,jellyfish
790,address_1,101 sivley rd,0.7659,jellyfish
791,address_1,101 sivley rd,0.6758,jellyfish
792,address_1,101 sivley rd,0.7870,jellyfish
793,address_1,101 sivley rd,0.7227,jellyfish
794,address_1,101 sivley rd,0.7454,jellyfish
795,address_1,101 sivley rd,0.7343,jellyfish
796,address_1,101 sivley rd,0.7116,jellyfish
797,address_1,101 sivley rd,0.7798,jellyfish
798,address_1,101 sivley rd,0.7689,jellyfish
799,address_1,101 sivley rd,0.7716,jellyfish
800,address_1,101 sivley rd,0.7573,jellyfish
801,address_1,101 sivley rd,0.7444,jellyfish
802,address_1,101 sivley rd,0.7825,jellyfish
803,address_1,1007 goodyear avenue,0.6982,jellyfish
804,address_1,1007 goodyear avenue,0.8147,jellyfish
805,address_1,1007 goodyear avenue,0.8132,jellyfish
806,address_1,1007 goodyear avenue,0.8197,jellyfish
807,address_1,1007 goodyear avenue,0.8042,jellyfish
808,address_1,1007 goodyear avenue,0.8133,jellyfish
809,address_1,1007 goodyear avenue,0.7957,jellyfish
810,address_1,1007 goodyear avenue,0.8200,jellyfish
811,address_1,1007 goodyear avenue,0.8143,jellyfish
812,address_1,1007 goodyear avenue,0.7969,jellyfish
813,address_1,1007 goodyear avenue,0.8276,jellyfish
814,address_1,1007 goodyear avenue,0.8209,jellyfish
815,address_1,1007 goodyear avenue,0.7982,jellyfish
816,address_1,1007 goodyear avenue,0.8140,jellyfish
817,address_1,1007 goodyear avenue,0.7889,jellyfish
818,address_1,1007 goodyear avenue,0.7968,jellyfish
819,address_1,1007 goodyear avenue,0.8212,jellyfish
820,address_1,1007 goodyear avenue,0.8103,jellyfish
821,address_1,1007 goodyear avenue,0.8192,jellyfish
822,address_1,1007 goodyear avenue,0.7363,jellyfish
823,address_1,1007 goodyear avenue,0.8201,jellyfish
824,address_1,1007 goodyear avenue,0.8153,jellyfish
825,address_1,1007 goodyear avenue,0.8142,jellyfish
826,address_1,1007 goodyear avenue,0.7924,jellyfish
827,address_1,1007 goodyear avenue,0.8186,jellyfish
828,address_1,1010 lay dam rd.,0.7404,jellyfish
829,address_1,1010 lay dam road,0.7735,jellyfish
830,address_1,1010 lay dam road,0.7408,jellyfish
831,address_1,1010 lay dam rd,0.7062,jellyfish
832,address_1,1010 lay dam road,0.7417,jellyfish
833,address_1,1010 lay dam road,0.7551,jellyfish
834,address_1,1010 lay dam road,0.7238,jellyfish
835,address_1,1010 lay dam rd,0.6860,jellyfish
836,address_1,1010 lay dam rd.,0.6930,jellyfish
837,address_1,1010 lay dam rd,0.7615,jellyfish
838,address_1,1010 lay dam road,0.7553,jellyfish
839,address_1,1010 lay dam rd.,0.7353,jellyfish
840,address_1,1010 lay dam road,0.7996,jellyfish
841,address_1,1010 lay dam rd.,0.7302,jellyfish
842,address_1,1010 lay dam road,0.7124,jellyfish
843,address_1,1010 lay dam rd,0.7578,jellyfish
844,address_1,1010 lay dam rd,0.7676,jellyfish
845,address_1,1010 lay dam road,0.7535,jellyfish
846,address_1,1010 lay dam road,0.7350,jellyfish
847,address_1,1010 lay dam road,0.7780,jellyfish
848,address_1,1010 lay dam road,0.7963,jellyfish
849,address_1,1010 lay dam rd.,0.7402,jellyfish
850,address_1,x0x0 lay dam road,0.5631,jellyfish
851,address_1,1010 lay dam road,0.7536,jellyfish
852,address_1,1010 lay dam road,0.7470,jellyfish
853,address_1,1256 military street south,0.8250,jellyfish
854,address_1,1256 military street south,0.8192,jellyfish
855,address_1,1256 military street south,0.7425,jellyfish
856,address_1,1256 military street south,0.7963,jellyfish
857,address_1,1256 military street south,0.8190,jellyfish
858,address_1,1256 military street south,0.7992,jellyfish
859,address_1,1256 military street south,0.8136,jellyfish
860,address_1,1256 military street south,0.8052,jellyfish
861,address_1,1256 military street south,0.8126,jellyfish
862,address_1,1256 military street south,0.8048,jellyfish
863,address_1,1256 military street south,0.8101,jellyfish
864,address_1,1256 military street south,0.7946,jellyfish
865,address_1,1256 military street south,0.8062,jellyfish
866,address_1,1256 military street south,0.6709,jellyfish
867,address_1,1256 military street south,0.8176,jellyfish
868,address_1,1256 military street south,0.7862,jellyfish
869,address_1,1256 military street south,0.8135,jellyfish
870,address_1,1256 military street south,0.8295,jellyfish
871,address_1,1256 military street south,0.8165,jellyfish
872,address_1,1256 military street south,0.7724,jellyfish
873,address_1,1256 military street south,0.8119,jellyfish
874,address_1,1256 military street south,0.7646,jellyfish
875,address_1,1256 military street south,0.6879,jellyfish
876,address_1,1256 military street south,0.6306,jellyfish
877,address_1,1256 military street south,0.8239,jellyfish
878,address_1,1653 temple avenue north,0.7846,jellyfish
879,address_1,1653 temple avenue north,0.8012,jellyfish
880,address_1,1653 temple avenue north,0.8000,jellyfish
881,address_1,1653 temple avenue north,0.7934,jellyfish
882,address_1,1653 temple avenue north,0.7992,jellyfish
883,address_1,1653 temple avenue north,0.7322,jellyfish
884,address_1,1653 temple avenue north,0.7705,jellyfish
885,address_1,1653 temple avenue north,0.8090,jellyfish
886,address_1,1653 temple avenue north,0.7818,jellyfish
887,address_1,1653 temple avenue north,0.8014,jellyfish
888,address_1,1653 temple avenue north,0.8037,jellyfish
889,address_1,1653 temple avenue north,0.8144,jellyfish
890,address_1,1653 temple avenue north,0.8191,jellyfish
891,address_1,1653 temple avenue north,0.8027,jellyfish
892,address_1,1653 temple avenue north,0.7740,jellyfish
893,address_1,1653 temple avenue north,0.7960,jellyfish
894,address_1,1653 temple ave north,0.7672,jellyfish
895,address_1,1653 temple avenue north,0.8188,jellyfish
896,address_1,1653 temple avenue north,0.8268,jellyfish
897,address_1,1653 temple avenue north,0.8102,jellyfish
898,address_1,1653 temple avenue north,0.7900,jellyfish
899,address_1,1653 temple avenue north,0.8398,jellyfish
900,address_1,1653 temple avenue north,0.8165,jellyfish
901,address_1,1653 temple avenue north,0.8194,jellyfish
902,address_1,1653 temple avenue north,0.8010,jellyfish
903,address_1,600 south third street,0.7784,jellyfish
904,address_1,600 south third street,0.7206,jellyfish
905,address_1,600 south third street,0.7955,jellyfish
906,address_1,600 south third street,0.8088,jellyfish
907,address_1,600 south third street,0.8120,jellyfish
908,address_1,600 south third street,0.8032,jellyfish
909,address_1,600 south third street,0.8092,jellyfish
910,address_1,600 south third street,0.8128,jellyfish
911,address_1,600 south third street,0.8030,jellyfish
912,address_1,600 south third street,0.7809,jellyfish
913,address_1,600 south third street,0.8146,jellyfish
914,address_1,600 south third street,0.8014,jellyfish
915,address_1,600 south third street,0.7854,jellyfish
916,address_1,600 south third street,0.7887,jellyfish
917,address_1,600 south third street,0.8081,jellyfish
918,address_1,600 south third street,0.8042,jellyfish
919,address_1,600 south third street,0.8103,jellyfish
920,address_1,600 south third street,0.7869,jellyfish
921,address_1,600 south third street,0.8098,jellyfish
922,address_1,600 south third street,0.7553,jellyfish
923,address_1,600 south third street,0.8019,jellyfish
924,address_1,600 south third street,0.7892,jellyfish
925,address_1,600 south third street,0.7921,jellyfish
926,address_1,600 south third street,0.8023,jellyfish
927,address_1,600 south third street,0.7933,jellyfish
928,address_1,600 south third street,0.8094,jellyfish
929,address_1,600 south third street,0.8024,jellyfish
930,address_1,600 south third street,0.7906,jellyfish
931,address_1,515 miranda st,0.7985,jellyfish
932,address_1,515 miranda st,0.8010,jellyfish
933,address_1,515 miranda st,0.7676,jellyfish
934,address_1,515 miranda st,0.7815,jellyfish
935,address_1,515 miranda street,0.8301,jellyfish
936,address_1,515 miranxa st,0.8110,jellyfish
937,address_1,515 miranda st,0.8014,jellyfish
938,address_1,515 miranda st,0.7731,jellyfish
939,address_1,515 miranda st,0.7855,jellyfish
940,address_1,515 miranda st,0.7492,jellyfish
941,address_1,515 miranda st,0.7816,jellyfish
942,address_1,515 miranda st,0.5977,jellyfish
943,address_1,515 miranda st,0.7660,jellyfish
944,address_1,515 miranda st,0.7678,jellyfish
945,address_1,515 miranda st,0.7380,jellyfish
946,address_1,515 north st,0.7397,jellyfish
947,address_1,515 miranda st,0.6669,jellyfish
948,address_1,515 miranda st,0.7550,jellyfish
949,address_1,515 miranda st,0.7711,jellyfish
950,address_1,515 miranda st,0.7979,jellyfish
951,address_1,515 miranda st,0.8207,jellyfish
952,address_1,515 miranda st,0.8067,jellyfish
953,address_1,515 miranda st,0.6915,jellyfish
954,address_1,515 miranda st,0.7526,jellyfish
955,address_1,515 miranda st,0.8190,jellyfish
956,address_1,400 n edwards st,0.7036,jellyfish
957,address_1,400 north edwards street,0.6059,jellyfish
958,address_1,400 n edwards st,0.7726,jellyfish
959,address_1,400 n edwards st,0.7397,jellyfish
960,address_1,400 n edwards st,0.6986,jellyfish
961,address_1,400 n edwards st,0.7684,jellyfish
962,address_1,400 n edwards st,0.7391,jellyfish
963,address_1,400 n edwards st,0.7252,jellyfish
964,address_1,400 n edwards street,0.7689,jellyfish
965,address_1,400 north edwards street,0.8275,jellyfish
966,address_1,400 n edwards st,0.7367,jellyfish
967,address_1,400 north edwards street,0.8171,jellyfish
968,address_1,400 n edwards street,0.7778,jellyfish
969,address_1,400 north edwards street,0.8158,jellyfish
970,address_1,400 n edwards st,0.7550,jellyfish
971,address_1,400 n edwards st,0.7133,jellyfish
972,address_1,400 n edwards street,0.7786,jellyfish
973,address_1,400 n edwards street,0.7706,jellyfish
974,address_1,400 n edwards st,0.7870,jellyfish
975,address_1,400 n edwards street,0.7689,jellyfish
976,address_1,400 n edwards st,0.7607,jellyfish
977,address_1,400 n edwards st,0.7624,jellyfish
978,address_1,400 n edwards st,0.7548,jellyfish
979,address_1,400 n edwards st,0.7112,jellyfish
980,address_1,400 n edwards street,0.7687,jellyfish
981,address_1,150 gilbreath drive,0.7559,jellyfish
982,address_1,150 gilbreath drive,0.8667,jellyfish
983,address_1,150 gilbreath drive,0.8064,jellyfish
984,address_1,150 gilbreath drive,0.7794,jellyfish
985,address_1,150 gilbreath drive,0.8176,jellyfish
986,address_1,150 gilbreath drive,0.8070,jellyfish
987,address_1,150 gilchrist drive,0.7675,jellyfish
988,address_1,150 gilbreth drive,0.8300,jellyfish
989,address_1,150 gilbreath drive,0.7763,jellyfish
990,address_1,150 gilbreath drive,0.8407,jellyfish
991,address_1,150 gilbreath drive,0.8345,jellyfish
992,address_1,150 gilbreath drive,0.8447,jellyfish
993,address_1,150 gilbreath drive,0.8583,jellyfish
994,address_1,150 gilbreath drive,0.7224,jellyfish
995,address_1,150 gilbreath drive,0.7988,jellyfish
996,address_1,150 gilbreath drive,0.8533,jellyfish
997,address_1,150 gilbreath drive,0.8306,jellyfish
998,address_1,150 gilbreath dr,0.7629,jellyfish
999,address_1,150 gilbreath drive,0.8119,jellyfish
1000,address_1,150 gilbreath drive,0.7003,jellyfish
1,address_2,1400 19th st s,0.6622,jellyfish
2,address_2,1010 university blvd s,0.7286,jellyfish
3,address_2,1234 medical center dr,0.5851,jellyfish
4,address_2,1234 university parkway,0.6526,jellyfish
5,address_2,1010 university parkway,0.7618,jellyfish
6,address_2,1010 university parkway,0.6729,jellyfish
7,address_2,1015 university blvd s,0.7393,jellyfish
8,address_2,university eye center,0.6726,jellyfish
9,address_2,1400 south montgomery avenue,0.6398,jellyfish
10,address_2,suite a,0.6699,jellyfish
11,address_2,suite 2000,0.6983,jellyfish
12,address_2,suite a,0.6484,jellyfish
13,address_2,1400 south montgomery avenue,0.6241,jellyfish
14,address_2,suite 1000,0.6937,jellyfish
15,address_2,suite a,0.6763,jellyfish
16,address_2,suite a,0.6598,jellyfish
17,address_2,building a,0.7234,jellyfish
18,address_2,suite a,0.7160,jellyfish
19,address_2,suite a,0.6255,jellyfish
20,address_2,1400 crossroads center,0.7072,jellyfish
21,address_2,1400 crossroads center,0.7122,jellyfish
22,address_2,street,0.7019,jellyfish
23,address_2,street,0.6308,jellyfish
24,address_2,street,0.7044,jellyfish
25,address_2,street,0.7460,jellyfish
26,address_2,street,0.7490,jellyfish
27,address_2,street,0.7344,jellyfish
28,address_2,street,0.6969,jellyfish
29,address_2,street,0.7669,jellyfish
30,address_2,street,0.6974,jellyfish
31,address_2,1000 university boulevard,0.7087,jellyfish
32,address_2,street,0.7634,jellyfish
33,address_2,street,0.7498,jellyfish
34,address_2,street,0.7603,jellyfish
35,address_2,street,0.7717,jellyfish
36,address_2,street,0.7527,jellyfish
37,address_2,1010 medical park drive,0.6803,jellyfish
38,address_2,street,0.7335,jellyfish
39,address_2,street,0.7044,jellyfish
40,address_2,1000 university parkway,0.6487,jellyfish
41,address_2,street,0.7095,jellyfish
42,address_2,1000 12th street,0.6475,jellyfish
43,address_2,1600 7th St SW,0.5831,jellyfish
44,address_2,1300 college park circle ste 100,0.6174,jellyfish
45,address_2,1400 medical park drive se,0.6252,jellyfish
46,address_2,"1400 hospital drive s. boaz, al 35957",0.6413,jellyfish
47,address_2,2505 u s highway 431 north suite 100,0.7314,jellyfish
48,address_2,1400 hospital dr s,0.5469,jellyfish
49,address_2,1000 northpark blvd,0.5125,jellyfish
50,address_2,suite a,0.6744,jellyfish
51,address_2,100 medical park drive,0.6365,jellyfish
52,address_2,100 medical center drive,0.6476,jellyfish
53,address_2,suite a,0.6936,jellyfish
54,address_2,suite 100,0.6457,jellyfish
55,address_2,1400 hospital drive s e boaz al 35957,0.5551,jellyfish
56,address_2,street,0.7406,jellyfish
57,address_2,123 main st suite 100,0.6532,jellyfish
58,address_2,100 Medical Center Dr.,0.6665,jellyfish
59,address_2,suite b-1,0.6426,jellyfish
60,address_2,building a,0.6855,jellyfish
61,address_2,main street,0.6987,jellyfish
62,address_2,2505 u s highway 431 north suite 100,0.7115,jellyfish
63,address_2,suite 2000,0.6175,jellyfish
64,address_2,suite a,0.6871,jellyfish
65,address_2,street address,0.6869,jellyfish
66,address_2,101 medical center drive,0.6937,jellyfish
67,address_2,"1400 hospital drive s. boaz, al 35957",0.6401,jellyfish
68,address_2,street,0.7369,jellyfish
69,address_2,1400 hospital drive,0.6376,jellyfish
70,address_2,1015 university boulevard,0.6412,jellyfish
71,address_2,suite a,0.7159,jellyfish
72,address_2,suite a,0.7514,jellyfish
73,address_2,suite a,0.7077,jellyfish
74,address_2,street,0.7415,jellyfish
75,address_2,suite a,0.7387,jellyfish
76,address_2,suite a,0.7562,jellyfish
77,address_2,suite a,0.7014,jellyfish
78,address_2,suite a,0.7258,jellyfish
79,address_2,suite a,0.7658,jellyfish
80,address_2,1234 medical center drive,0.6437,jellyfish
81,address_2,suite a,0.7143,jellyfish
82,address_2,suite a,0.7429,jellyfish
83,address_2,suite a,0.7308,jellyfish
84,address_2,suite a,0.7100,jellyfish
85,address_2,suite a,0.7406,jellyfish
86,address_2,street address extension,0.5853,jellyfish
87,address_2,suite a,0.7284,jellyfish
88,address_2,suite a,0.7464,jellyfish
89,address_2,205 west university boulevard,0.6302,jellyfish
90,address_2,suite a,0.7607,jellyfish
91,address_2,suite a,0.7393,jellyfish
92,address_2,suite a,0.7069,jellyfish
93,address_2,suite a,0.7570,jellyfish
94,address_2,suite a,0.7002,jellyfish
95,address_2,1000 university blvd,0.6384,jellyfish
96,address_2,main st ext,0.7723,jellyfish
97,address_2,suite a,0.7592,jellyfish
98,address_2,street,0.6711,jellyfish
99,address_2,street,0.6676,jellyfish
100,address_2,street,0.7415,jellyfish
101,address_2,street,0.7819,jellyfish
102,address_2,street,0.8173,jellyfish
103,address_2,suite a,0.6580,jellyfish
104,address_2,suite a,0.7469,jellyfish
105,address_2,main st ext,0.7357,jellyfish
106,address_2,street,0.7475,jellyfish
107,address_2,street,0.7713,jellyfish
108,address_2,street,0.7985,jellyfish
109,address_2,suite a,0.6738,jellyfish
110,address_2,street,0.7369,jellyfish
111,address_2,street,0.8010,jellyfish
112,address_2,street,0.7440,jellyfish
113,address_2,suite a,0.6957,jellyfish
114,address_2,street,0.7985,jellyfish
115,address_2,suite a,0.6630,jellyfish
116,address_2,suite a,0.7225,jellyfish
117,address_2,street,0.7612,jellyfish
118,address_2,suite a,0.6998,jellyfish
119,address_2,suite a,0.7065,jellyfish
120,address_2,1400 hospital blvd,0.6886,jellyfish
121,address_2,123 hospital drive,0.7034,jellyfish
122,address_2,street,0.7804,jellyfish
123,address_2,1400 5th street,0.6314,jellyfish
124,address_2,101 hospital drive,0.4492,jellyfish
125,address_2,suite a,0.6712,jellyfish
126,address_2,street,0.7905,jellyfish
127,address_2,101 hospital circle north,0.6525,jellyfish
128,address_2,street,0.7927,jellyfish
129,address_2,street,0.7821,jellyfish
130,address_2,suite a,0.6754,jellyfish
131,address_2,1400 hospital parkway,0.6333,jellyfish
132,address_2,street,0.7600,jellyfish
133,address_2,101 hospital circle suite 2000,0.6300,jellyfish
134,address_2,street,0.5839,jellyfish
135,address_2,1400 hospital parkway,0.7113,jellyfish
136,address_2,101 hospital circle n,0.6614,jellyfish
137,address_2,101 hospital circle suite 300,0.6561,jellyfish
138,address_2,street,0.7807,jellyfish
139,address_2,street,0.8056,jellyfish
140,address_2,street,0.7731,jellyfish
141,address_2,street,0.7868,jellyfish
142,address_2,street,0.6844,jellyfish
143,address_2,street,0.8044,jellyfish
144,address_2,1400 hospital parkway,0.6492,jellyfish
145,address_2,suite a,0.6735,jellyfish
146,address_2,suite a,0.7452,jellyfish
147,address_2,suite b,0.7734,jellyfish
148,address_2,1015 medical center drive northwest,0.6031,jellyfish
149,address_2,suite b,0.6706,jellyfish
150,address_2,street,0.8075,jellyfish
151,address_2,suite a,0.7612,jellyfish
152,address_2,suite a,0.7090,jellyfish
153,address_2,suite a,0.7366,jellyfish
154,address_2,suite b,0.7340,jellyfish
155,address_2,suite a,0.6514,jellyfish
156,address_2,1015 medical center drive northwest,0.6008,jellyfish
157,address_2,street,0.7607,jellyfish
158,address_2,street,0.7272,jellyfish
159,address_2,street,0.7785,jellyfish
160,address_2,suite a,0.7180,jellyfish
161,address_2,1015 medical drive northwest,0.5974,jellyfish
162,address_2,1011 medical center dr,0.5571,jellyfish
163,address_2,suite b,0.4343,jellyfish
164,address_2,street,0.7012,jellyfish
165,address_2,suite a,0.7051,jellyfish
166,address_2,street address,0.6706,jellyfish
167,address_2,101 medical center drive northwest,0.7094,jellyfish
168,address_2,suite a,0.7214,jellyfish
169,address_2,suite a,0.7094,jellyfish
170,address_2,1000 north college st,0.5917,jellyfish
171,address_2,suite 1000,0.5600,jellyfish
172,address_2,street,0.7400,jellyfish
173,address_2,100 medical park dr ste 100,0.6150,jellyfish
174,address_2,100 medical park dr ste 100,0.6444,jellyfish
175,address_2,100 medical center drive,0.6484,jellyfish
176,address_2,1600 medical park drive ne,0.6224,jellyfish
177,address_2,1015 N. Main St. N. W. Rm. 1015,0.5134,jellyfish
178,address_2,"1015 N. Main St. [Note: The answer is a street address, not a description or explanation.]",0.4649,jellyfish
179,address_2,1015 university boulevard north,0.5851,jellyfish
180,address_2,1400 hospital drive,0.6927,jellyfish
181,address_2,100 medical park drive,0.6355,jellyfish
182,address_2,1400 medical park drive se,0.6471,jellyfish
183,address_2,1000 medical park drive,0.6442,jellyfish
184,address_2,street,0.7444,jellyfish
185,address_2,2000 college st,0.6040,jellyfish
186,address_2,1234 medical drive,0.6844,jellyfish
187,address_2,1400 hospital drive,0.6554,jellyfish
188,address_2,1400 medical park drive,0.6523,jellyfish
189,address_2,suite 2000,0.6707,jellyfish
190,address_2,street,0.7246,jellyfish
191,address_2,1015 university drive ne,0.5533,jellyfish
192,address_2,100 Medical Park Dr,0.6652,jellyfish
193,address_2,1015 N. Main St.,0.5660,jellyfish
194,address_2,1400 hospital drive,0.6808,jellyfish
195,address_2,1000 medical park east drive,0.6507,jellyfish
196,address_2,1000 medical park east drive,0.6400,jellyfish
197,address_2,1400 19th street south,0.6920,jellyfish
198,address_2,1010 medical park east drive,0.6945,jellyfish
199,address_2,1010 medical park east drive,0.6756,jellyfish
200,address_2,1010 medical park east drive,0.6396,jellyfish
201,address_2,suite a,0.7298,jellyfish
202,address_2,1000 n 18th st,0.5936,jellyfish
203,address_2,suite e-4,0.5716,jellyfish
204,address_2,suite a,0.7347,jellyfish
205,address_2,2400 college hls dr,0.6049,jellyfish
206,address_2,1010 medical park east drive,0.7066,jellyfish
207,address_2,1010 medical park east drive,0.6445,jellyfish
208,address_2,1234 medical park drive east,0.5896,jellyfish
209,address_2,building a,0.6738,jellyfish
210,address_2,suite b,0.6671,jellyfish
211,address_2,1400 11th ave s,0.6733,jellyfish
212,address_2,2000 medical park east drive east tower,0.5852,jellyfish
213,address_2,1000 3rd ave s,0.5758,jellyfish
214,address_2,1400 6th ave south,0.7014,jellyfish
215,address_2,suite b,0.6714,jellyfish
216,address_2,suite a,0.6966,jellyfish
217,address_2,1010 medical park east drive east tower suite 100,0.5897,jellyfish
218,address_2,suite b,0.5726,jellyfish
219,address_2,suite a,0.7048,jellyfish
220,address_2,200 med center drive suite 100,0.7002,jellyfish
221,address_2,200 med center drive suite 100,0.6987,jellyfish
222,address_2,suite 1000,0.7084,jellyfish
223,address_2,1015 medical center drive,0.6361,jellyfish
224,address_2,200 med center drive suite 100,0.6915,jellyfish
225,address_2,suite 3000,0.7057,jellyfish
226,address_2,200 med center drive suite 100,0.7025,jellyfish
227,address_2,sue street,0.6149,jellyfish
228,address_2,suite 3000,0.7078,jellyfish
229,address_2,"200 med center drive, suite 100",0.7168,jellyfish
230,address_2,suite 4000,0.5914,jellyfish
231,address_2,"200 med center drive, suite 100",0.7261,jellyfish
232,address_2,suite 1000,0.6866,jellyfish
233,address_2,1400 Dekalb Dr. SE,0.6437,jellyfish
234,address_2,street level entrance,0.6322,jellyfish
235,address_2,100 medical center drive,0.6516,jellyfish
236,address_2,1015 medical center drive,0.6632,jellyfish
237,address_2,"200 med center drive, suite 100",0.6841,jellyfish
238,address_2,"200 med center drive, suite 100",0.7050,jellyfish
239,address_2,street,0.7806,jellyfish
240,address_2,1400 hospital drive,0.6654,jellyfish
241,address_2,1010 medical drive,0.6281,jellyfish
242,address_2,"200 med center drive, suite 100",0.7005,jellyfish
243,address_2,suite 3000,0.7118,jellyfish
244,address_2,suite 4000,0.6913,jellyfish
245,address_2,main st,0.6892,jellyfish
246,address_2,main st,0.6803,jellyfish
247,address_2,suite 100,0.6191,jellyfish
248,address_2,street,0.7268,jellyfish
249,address_2,123 main st ssw,0.6538,jellyfish
250,address_2,suite 100,0.6413,jellyfish
251,address_2,123 main st ssw,0.6238,jellyfish
252,address_2,1400 college park circle,0.6062,jellyfish
253,address_2,suite 3000,0.6494,jellyfish
254,address_2,Suite 1000,0.5735,jellyfish
255,address_2,100 Medical Dr. S.,0.5800,jellyfish
256,address_2,Dr. Martin Luther King Jr. Ave N,0.7234,jellyfish
257,address_2,street,0.6954,jellyfish
258,address_2,101 hospital drive,0.6434,jellyfish
259,address_2,Dr. Martin Luther King Jr. Avenue North,0.7388,jellyfish
260,address_2,205 hospital drive,0.6770,jellyfish
261,address_2,street,0.7268,jellyfish
262,address_2,205 medical park drive,0.6032,jellyfish
263,address_2,101 medical park drive,0.7063,jellyfish
264,address_2,suite 1000,0.6514,jellyfish
265,address_2,street x3 extension,0.4420,jellyfish
266,address_2,205 medical park drive,0.6808,jellyfish
267,address_2,101 medical park dr,0.6587,jellyfish
268,address_2,street,0.7049,jellyfish
269,address_2,Building 1 South,0.6275,jellyfish
270,address_2,street,0.7169,jellyfish
271,address_2,1234 north street,0.6633,jellyfish
272,address_2,suite a,0.7893,jellyfish
273,address_2,1000 northridge drive,0.6332,jellyfish
274,address_2,101 w. montgomery hwy.,0.6222,jellyfish
275,address_2,1010 medical park drive,0.6464,jellyfish
276,address_2,1015 w steele st,0.5199,jellyfish
277,address_2,1000 northridge drive,0.6538,jellyfish
278,address_2,suite a,0.6824,jellyfish
279,address_2,1010 w main street,0.5950,jellyfish
280,address_2,123 main street north,0.6900,jellyfish
281,address_2,1000 medical park drive,0.6721,jellyfish
282,address_2,1010 university boulevard north,0.6699,jellyfish
283,address_2,street address continuation,0.6378,jellyfish
284,address_2,suite a,0.7235,jellyfish
285,address_2,1010 university boulevard south,0.6510,jellyfish
286,address_2,1400 college street,0.7116,jellyfish
287,address_2,1010 medical park drive,0.6566,jellyfish
288,address_2,1010 university boulevard south,0.6540,jellyfish
289,address_2,suite b,0.6371,jellyfish
290,address_2,suite a,0.7398,jellyfish
291,address_2,1234 medical drive,0.6347,jellyfish
292,address_2,1010 medical center drive,0.7057,jellyfish
293,address_2,1010 medical park drive,0.6411,jellyfish
294,address_2,1010 medical park drive,0.7151,jellyfish
295,address_2,1000 18th st s,0.6564,jellyfish
296,address_2,1400 11th ave s,0.6973,jellyfish
297,address_2,suite a,0.7089,jellyfish
298,address_2,1000 16th st s,0.6552,jellyfish
299,address_2,1400 11th ave s,0.6721,jellyfish
300,address_2,1400 11th ave s,0.6574,jellyfish
301,address_2,1000 18th st s,0.6564,jellyfish
302,address_2,1000 11th ave s,0.5991,jellyfish
303,address_2,suite b,0.6899,jellyfish
304,address_2,1010 university parkway,0.6272,jellyfish
305,address_2,205 18th st s,0.6423,jellyfish
306,address_2,1234 medical center drive,0.6385,jellyfish
307,address_2,1000 18th st s,0.6447,jellyfish
308,address_2,1015th street s n,0.6011,jellyfish
309,address_2,1010 university blvd s,0.6050,jellyfish
310,address_2,1400 11th ave s,0.6968,jellyfish
311,address_2,1800 college pl,0.6143,jellyfish
312,address_2,st. 301,0.5778,jellyfish
313,address_2,"st. ann. clinic bldg. anniston, al. 36201",0.5433,jellyfish
314,address_2,street,0.7554,jellyfish
315,address_2,suite b,0.4290,jellyfish
316,address_2,suite a,0.7049,jellyfish
317,address_2,1400 south 22nd street,0.5885,jellyfish
318,address_2,1234 medical center drive,0.6380,jellyfish
319,address_2,street,0.7753,jellyfish
320,address_2,st. ann. clinic bldg. ann. al. ann. ann. ann. ann. ann. ann. ann. ann. ann. ann,0.6460,jellyfish
321,address_2,"st. ann. clinic bldg. anniston, al. ann. clinic bldg. ann. clinic bldg. ann. clinic b",0.6531,jellyfish
322,address_2,suite a,0.7085,jellyfish
323,address_2,suite a,0.6876,jellyfish
324,address_2,"st. ann. clinic bldg. anniston, al. ann. clinic bldg. ann. clinic bldg. ann. clinic b",0.6370,jellyfish
325,address_2,"st. ann. clinic bldg. anniston, al. ann. clinic bldg. ann. clinic bldg. ann. clinic b",0.6241,jellyfish
326,address_2,suite a,0.7323,jellyfish
327,address_2,"1015th street s. n. anniston, al 36201",0.5479,jellyfish
328,address_2,"st. ann. clinic bldg. anniston, al. 36201",0.6555,jellyfish
329,address_2,st. ann. clinic bldg. ann. al. ann. ann. ann. ann. ann. ann. ann. ann. ann. ann,0.6701,jellyfish
330,address_2,street,0.7635,jellyfish
331,address_2,suite a,0.7216,jellyfish
332,address_2,building a,0.7458,jellyfish
333,address_2,suite a,0.5284,jellyfish
334,address_2,building a,0.7365,jellyfish
335,address_2,street,0.7543,jellyfish
336,address_2,suite 3000,0.6607,jellyfish
337,address_2,suite b,0.6777,jellyfish
338,address_2,suite a,0.6476,jellyfish
339,address_2,suite 4000,0.6732,jellyfish
340,address_2,suite a,0.7234,jellyfish
341,address_2,3456 north street,0.6152,jellyfish
342,address_2,suite 2000,0.6846,jellyfish
343,address_2,suite 3000,0.6902,jellyfish
344,address_2,suite 3000,0.7291,jellyfish
345,address_2,suite 1000,0.6323,jellyfish
346,address_2,suite 2000,0.5656,jellyfish
347,address_2,suite a,0.5320,jellyfish
348,address_2,suite 2000,0.6913,jellyfish
349,address_2,1000 w 16th st n,0.5908,jellyfish
350,address_2,1400 11th ave s,0.6422,jellyfish
351,address_2,street,0.7660,jellyfish
352,address_2,1234 medical center drive,0.6810,jellyfish
353,address_2,1000 w 28th st n,0.5140,jellyfish
354,address_2,1234 medical center drive,0.6262,jellyfish
355,address_2,main street,0.6934,jellyfish
356,address_2,suite a,0.6829,jellyfish
357,address_2,main st,0.6699,jellyfish
358,address_2,123 main st n,0.6868,jellyfish
359,address_2,main street,0.7231,jellyfish
360,address_2,suite 1000,0.6983,jellyfish
361,address_2,123 main st n,0.7916,jellyfish
362,address_2,northwest medical center's address_2 is suite 100.,0.6123,jellyfish
363,address_2,suite a,0.7060,jellyfish
364,address_2,123 main st,0.6708,jellyfish
365,address_2,123 main st n,0.7758,jellyfish
366,address_2,123 main st n,0.7435,jellyfish
367,address_2,street,0.7155,jellyfish
368,address_2,123 main st nwi,0.6598,jellyfish
369,address_2,1015 university boulevard,0.6800,jellyfish
370,address_2,123 main st n,0.7096,jellyfish
371,address_2,suite a,0.6506,jellyfish
372,address_2,123 main st n,0.6583,jellyfish
373,address_2,suite a,0.7103,jellyfish
374,address_2,suite 1000,0.6431,jellyfish
375,address_2,street address extension,0.5919,jellyfish
376,address_2,street,0.7614,jellyfish
377,address_2,123 main st n,0.7335,jellyfish
378,address_2,123 main st n,0.6866,jellyfish
379,address_2,suite a,0.6546,jellyfish
380,address_2,1000 university boulevard,0.7088,jellyfish
381,address_2,250 university boulevard,0.7119,jellyfish
382,address_2,suite 6000,0.6702,jellyfish
383,address_2,1600 university boulevard,0.6040,jellyfish
384,address_2,parking lot,0.6728,jellyfish
385,address_2,suite a,0.7450,jellyfish
386,address_2,street address line 2,0.7256,jellyfish
387,address_2,600 university boulevard,0.7321,jellyfish
388,address_2,suite 600,0.5746,jellyfish
389,address_2,suite a,0.7081,jellyfish
390,address_2,3456 university boulevard,0.7266,jellyfish
391,address_2,2050 university boulevard,0.6601,jellyfish
392,address_2,street address,0.7008,jellyfish
393,address_2,street,0.7536,jellyfish
394,address_2,100 medical center drive,0.7014,jellyfish
395,address_2,suite a,0.7095,jellyfish
396,address_2,123 main st,0.6838,jellyfish
397,address_2,suite a,0.7172,jellyfish
398,address_2,suite a,0.7464,jellyfish
399,address_2,101 prattville dr,0.6176,jellyfish
400,address_2,suite a,0.7145,jellyfish
401,address_2,suite a,0.7480,jellyfish
402,address_2,suite b,0.6315,jellyfish
403,address_2,123 main st,0.7335,jellyfish
404,address_2,street,0.7091,jellyfish
405,address_2,123 main st,0.6988,jellyfish
406,address_2,suite b,0.6799,jellyfish
407,address_2,building a,0.7096,jellyfish
408,address_2,suite 3000,0.6690,jellyfish
409,address_2,123 main st,0.7332,jellyfish
410,address_2,suite 1000,0.5966,jellyfish
411,address_2,suite 4000,0.5942,jellyfish
412,address_2,suite a,0.7314,jellyfish
413,address_2,street,0.7986,jellyfish
414,address_2,street address extension,0.5612,jellyfish
415,address_2,street,0.8004,jellyfish
416,address_2,main st,0.7090,jellyfish
417,address_2,suite a,0.7116,jellyfish
418,address_2,101 Main St Srv Bldg,0.7054,jellyfish
419,address_2,street,0.7750,jellyfish
420,address_2,suite a,0.6874,jellyfish
421,address_2,st. coosa valley medical center - imaging center,0.6618,jellyfish
422,address_2,street,0.7877,jellyfish
423,address_2,suite a,0.6871,jellyfish
424,address_2,suite a,0.7334,jellyfish
425,address_2,suite a,0.6811,jellyfish
426,address_2,street,0.6529,jellyfish
427,address_2,suite a,0.7044,jellyfish
428,address_2,1400 college st,0.6187,jellyfish
429,address_2,suite a,0.7037,jellyfish
430,address_2,suite a,0.6566,jellyfish
431,address_2,street,0.7579,jellyfish
432,address_2,street,0.7591,jellyfish
433,address_2,1010 street,0.6776,jellyfish
434,address_2,suite 3000,0.7352,jellyfish
435,address_2,1010 w. 32nd ave.,0.6160,jellyfish
436,address_2,1010 w. 7th ave.,0.5917,jellyfish
437,address_2,1010 street,0.6934,jellyfish
438,address_2,1000 w. 3rd ave,0.5952,jellyfish
439,address_2,building 3,0.7031,jellyfish
440,address_2,1010 w. 32nd ave.,0.6197,jellyfish
441,address_2,1010 street,0.7018,jellyfish
442,address_2,1234 w 5th ave,0.6782,jellyfish
443,address_2,1010 street,0.7143,jellyfish
444,address_2,"1010 w. 3rd ave. anchorage, ak 99501",0.6198,jellyfish
445,address_2,"1011 w. 7th ave. anchorage, ak 99501",0.6440,jellyfish
446,address_2,street address extension,0.6008,jellyfish
447,address_2,street,0.7692,jellyfish
448,address_2,1010 street,0.6902,jellyfish
449,address_2,street level access only,0.6777,jellyfish
450,address_2,1010 W. 32nd Ave.,0.6285,jellyfish
451,address_2,main st,0.7200,jellyfish
452,address_2,empty,0.5847,jellyfish
453,address_2,1010 south montgomery avenue,0.6151,jellyfish
454,address_2,street address of the hospital's administrative offices,0.5766,jellyfish
455,address_2,1400 south montgomery avenue,0.6612,jellyfish
456,address_2,street,0.7281,jellyfish
457,address_2,street address 1300 south montgomery avenue extension,0.5974,jellyfish
458,address_2,street address line 2,0.6862,jellyfish
459,address_2,suite a,0.6712,jellyfish
460,address_2,street,0.7673,jellyfish
461,address_2,suite a,0.7291,jellyfish
462,address_2,suite b,0.6563,jellyfish
463,address_2,building a,0.7078,jellyfish
464,address_2,suite a,0.6672,jellyfish
465,address_2,suite a,0.7018,jellyfish
466,address_2,100 medical center drive,0.6828,jellyfish
467,address_2,suite a,0.3824,jellyfish
468,address_2,main st,0.6940,jellyfish
469,address_2,st. dale medical center,0.6738,jellyfish
470,address_2,street,0.7337,jellyfish
471,address_2,main st,0.7038,jellyfish
472,address_2,st. dale medical center,0.6680,jellyfish
473,address_2,street,0.7312,jellyfish
474,address_2,main st,0.7550,jellyfish
475,address_2,suite a,0.6369,jellyfish
476,address_2,Dr. Martin Luther King Jr. Ave N,0.6461,jellyfish
477,address_2,suite a,0.6838,jellyfish
478,address_2,123 hospital dr,0.6898,jellyfish
479,address_2,st. dale medical center,0.6532,jellyfish
480,address_2,Dr. Martin Luther King Jr. Ave N,0.6947,jellyfish
481,address_2,suite a,0.6766,jellyfish
482,address_2,street,0.7719,jellyfish
483,address_2,main st,0.6567,jellyfish
484,address_2,st. dale medical center,0.7021,jellyfish
485,address_2,street,0.7499,jellyfish
486,address_2,st. xavier blvd. ext. to hospital ave. &amp; u.s. hwy. 10,0.5873,jellyfish
487,address_2,st. dale medical center,0.6485,jellyfish
488,address_2,suite a,0.7167,jellyfish
489,address_2,street,0.7492,jellyfish
490,address_2,st. w. hospital ave. & 13th st. n. & hospital dr. & hospital ave. & hospital dr. & hospital ave. &,0.5092,jellyfish
491,address_2,st. dale medical center,0.6446,jellyfish
492,address_2,1400 medical center dr,0.6683,jellyfish
493,address_2,main st,0.7168,jellyfish
494,address_2,suite a,0.6598,jellyfish
495,address_2,main st,0.7256,jellyfish
496,address_2,1000 medical park dr,0.7200,jellyfish
497,address_2,suite a,0.7308,jellyfish
498,address_2,suite 1000,0.6222,jellyfish
499,address_2,1400 medical center dr,0.6706,jellyfish
500,address_2,suite a,0.6388,jellyfish
501,address_2,suite a,0.6969,jellyfish
502,address_2,street,0.7538,jellyfish
503,address_2,suite a,0.6839,jellyfish
504,address_2,suite a,0.7135,jellyfish
505,address_2,100 medical park dr,0.6709,jellyfish
506,address_2,suite a,0.7180,jellyfish
507,address_2,street,0.7489,jellyfish
508,address_2,suite 3000,0.6097,jellyfish
509,address_2,suite a,0.7431,jellyfish
510,address_2,suite a,0.7120,jellyfish
511,address_2,suite 2000,0.6782,jellyfish
512,address_2,suite a,0.6935,jellyfish
513,address_2,suite a,0.7224,jellyfish
514,address_2,street,0.7252,jellyfish
515,address_2,suite 1000,0.6955,jellyfish
516,address_2,suite 1000,0.5424,jellyfish
517,address_2,1015 east south boulevard,0.6477,jellyfish
518,address_2,1234 medical center drive,0.7019,jellyfish
519,address_2,suite b,0.3399,jellyfish
520,address_2,1234 south boulevard drive,0.6581,jellyfish
521,address_2,1234 medical center drive,0.7327,jellyfish
522,address_2,suite b,0.6830,jellyfish
523,address_2,suite 100,0.6680,jellyfish
524,address_2,1234 medical plaza drive,0.6292,jellyfish
525,address_2,suite a,0.7515,jellyfish
526,address_2,suite b-1,0.6879,jellyfish
527,address_2,suite a,0.6920,jellyfish
528,address_2,street,0.7331,jellyfish
529,address_2,suite a,0.6339,jellyfish
530,address_2,1234 medical drive,0.6304,jellyfish
531,address_2,suite b,0.4207,jellyfish
532,address_2,suite b,0.7108,jellyfish
533,address_2,suite 100,0.6572,jellyfish
534,address_2,suite 100,0.6171,jellyfish
535,address_2,suite b,0.7019,jellyfish
536,address_2,suite b,0.6743,jellyfish
537,address_2,suite 1000,0.5876,jellyfish
538,address_2,suite 4000,0.5316,jellyfish
539,address_2,1015 east south boulevard,0.6434,jellyfish
540,address_2,suite b,0.6644,jellyfish
541,address_2,1234 medical center drive,0.7420,jellyfish
542,address_2,suite a,0.7069,jellyfish
543,address_2,suite 1000,0.7326,jellyfish
544,address_2,suite 4000,0.7272,jellyfish
545,address_2,1015 university boulevard,0.6801,jellyfish
546,address_2,suite 1000,0.6409,jellyfish
547,address_2,suite 3000,0.6525,jellyfish
548,address_2,suite 1000,0.4458,jellyfish
549,address_2,suite 4000,0.6723,jellyfish
550,address_2,suite a,0.7657,jellyfish
551,address_2,suite 2000,0.6761,jellyfish
552,address_2,suite a,0.7354,jellyfish
553,address_2,suite a,0.7030,jellyfish
554,address_2,suite 1000,0.6721,jellyfish
555,address_2,suite 1000,0.6931,jellyfish
556,address_2,street address,0.6912,jellyfish
557,address_2,suite 1000,0.6871,jellyfish
558,address_2,suite 1000,0.6796,jellyfish
559,address_2,suite 3000,0.6870,jellyfish
560,address_2,suite 3000,0.6994,jellyfish
561,address_2,suite a,0.6925,jellyfish
562,address_2,suite 4000,0.6866,jellyfish
563,address_2,suite 4000,0.6690,jellyfish
564,address_2,suite 4000,0.7180,jellyfish
565,address_2,suite a,0.7321,jellyfish
566,address_2,suite 2000,0.6671,jellyfish
567,address_2,1234 medical center dr,0.6663,jellyfish
568,address_2,1000 n. college st.,0.5489,jellyfish
569,address_2,1010 medical center dr,0.6468,jellyfish
570,address_2,1000 n college st,0.6364,jellyfish
571,address_2,123 main st,0.4573,jellyfish
572,address_2,1600 3rd Ave S,0.5709,jellyfish
573,address_2,1400 lanier drive se,0.6285,jellyfish
574,address_2,1015 n. pine st. ext.,0.4953,jellyfish
575,address_2,Dr. Martin Luther King Jr. Ave N,0.7396,jellyfish
576,address_2,123 main st,0.3956,jellyfish
577,address_2,1000 n college st,0.6525,jellyfish
578,address_2,1400 college st,0.7063,jellyfish
579,address_2,"1015 n. decatur hwy. decatur, al 35601",0.5104,jellyfish
580,address_2,1400 college st,0.7054,jellyfish
581,address_2,Dr. Martin Luther King Jr. Ave N,0.7193,jellyfish
582,address_2,1600 19th st s,0.6207,jellyfish
583,address_2,1400 lane park south,0.6441,jellyfish
584,address_2,1234 medical center dr,0.6893,jellyfish
585,address_2,suite a,0.6139,jellyfish
586,address_2,street,0.6917,jellyfish
587,address_2,1400 college st,0.5887,jellyfish
588,address_2,1010 medical center drive,0.4273,jellyfish
589,address_2,1400 college st,0.6697,jellyfish
590,address_2,1010 medical center dr,0.6645,jellyfish
591,address_2,1234 medical center dr,0.6490,jellyfish
592,address_2,main st,0.7145,jellyfish
593,address_2,main street,0.7020,jellyfish
594,address_2,street,0.7789,jellyfish
595,address_2,main street,0.6655,jellyfish
596,address_2,northside drive,0.6845,jellyfish
597,address_2,street,0.8195,jellyfish
598,address_2,street address,0.6695,jellyfish
599,address_2,street,0.6950,jellyfish
600,address_2,street,0.7830,jellyfish
601,address_2,suite a,0.7512,jellyfish
602,address_2,1015 university boulevard,0.6295,jellyfish
603,address_2,street,0.7697,jellyfish
604,address_2,street,0.8181,jellyfish
605,address_2,main st,0.6995,jellyfish
606,address_2,street,0.8231,jellyfish
607,address_2,main street,0.7400,jellyfish
608,address_2,main street,0.7088,jellyfish
609,address_2,st. elba general hospital parking,0.6891,jellyfish
610,address_2,street,0.7638,jellyfish
611,address_2,street,0.8388,jellyfish
612,address_2,street,0.8279,jellyfish
613,address_2,123 main street,0.7006,jellyfish
614,address_2,street address,0.6532,jellyfish
615,address_2,street,0.8322,jellyfish
616,address_2,street,0.7791,jellyfish
617,address_2,street,0.7612,jellyfish
618,address_2,2000 college parkway,0.6067,jellyfish
619,address_2,suite 3000,0.6849,jellyfish
620,address_2,street,0.7120,jellyfish
621,address_2,1000 medical park drive,0.6734,jellyfish
622,address_2,street,0.7511,jellyfish
623,address_2,street,0.7526,jellyfish
624,address_2,1010 medical center drive,0.6364,jellyfish
625,address_2,suite 3000,0.6676,jellyfish
626,address_2,building a,0.6997,jellyfish
627,address_2,street,0.7692,jellyfish
628,address_2,1000 medical park drive,0.6459,jellyfish
629,address_2,suite 1000,0.6809,jellyfish
630,address_2,street,0.7450,jellyfish
631,address_2,suite 1000,0.6699,jellyfish
632,address_2,street,0.7712,jellyfish
633,address_2,1010 medical center drive,0.7009,jellyfish
634,address_2,1010 medical park drive,0.6513,jellyfish
635,address_2,street,0.6663,jellyfish
636,address_2,suite 1000,0.6107,jellyfish
637,address_2,suite 1000,0.5868,jellyfish
638,address_2,1000 medical parkway drive,0.6105,jellyfish
639,address_2,2000 medical park drive,0.5937,jellyfish
640,address_2,street address line 2,0.6215,jellyfish
641,address_2,1000 medical park drive,0.6446,jellyfish
642,address_2,205 north main street extension,0.7200,jellyfish
643,address_2,1015 north main street extension,0.6737,jellyfish
644,address_2,suite a,0.7280,jellyfish
645,address_2,205 north main street extension,0.6963,jellyfish
646,address_2,1010 north main street extension,0.5610,jellyfish
647,address_2,suite 100,0.6937,jellyfish
648,address_2,street,0.8080,jellyfish
649,address_2,street,0.7670,jellyfish
650,address_2,street,0.7812,jellyfish
651,address_2,suite a,0.7197,jellyfish
652,address_2,205 north main street extension,0.6958,jellyfish
653,address_2,street address,0.7210,jellyfish
654,address_2,street,0.8041,jellyfish
655,address_2,street address extension,0.5950,jellyfish
656,address_2,street address extension,0.5755,jellyfish
657,address_2,street address extension,0.7725,jellyfish
658,address_2,street,0.7803,jellyfish
659,address_2,street,0.7637,jellyfish
660,address_2,street,0.7732,jellyfish
661,address_2,suite a,0.7319,jellyfish
662,address_2,suite a,0.7417,jellyfish
663,address_2,street,0.7802,jellyfish
664,address_2,street,0.7744,jellyfish
665,address_2,street,0.7596,jellyfish
666,address_2,suite a,0.7291,jellyfish
667,address_2,1400 19th street south,0.6629,jellyfish
668,address_2,suite b,0.4124,jellyfish
669,address_2,suite a,0.7389,jellyfish
670,address_2,1234 medical center drive,0.6391,jellyfish
671,address_2,1010 medical center drive,0.6354,jellyfish
672,address_2,suite a,0.7637,jellyfish
673,address_2,street address extension,0.6304,jellyfish
674,address_2,123 university boulevard,0.6690,jellyfish
675,address_2,suite 1000,0.7121,jellyfish
676,address_2,suite a,0.7490,jellyfish
677,address_2,1400 19th street south,0.6559,jellyfish
678,address_2,1015 st. xavier street,0.5814,jellyfish
679,address_2,suite b,0.7306,jellyfish
680,address_2,100 medical center drive,0.6682,jellyfish
681,address_2,suite b,0.7451,jellyfish
682,address_2,123 university boulevard,0.6401,jellyfish
683,address_2,100 medical center circle,0.6960,jellyfish
684,address_2,1000 12th street south,0.6100,jellyfish
685,address_2,suite 4000,0.6869,jellyfish
686,address_2,suite 1000,0.6084,jellyfish
687,address_2,suite 4000,0.7252,jellyfish
688,address_2,suite 3000,0.2820,jellyfish
689,address_2,1234 medical center drive,0.6443,jellyfish
690,address_2,suite 1000,0.6804,jellyfish
691,address_2,street parking only,0.6911,jellyfish
692,address_2,suite 2000,0.6954,jellyfish
693,address_2,suite 2000,0.7429,jellyfish
694,address_2,suite 3000,0.7356,jellyfish
695,address_2,suite 2000,0.5784,jellyfish
696,address_2,suite 1000,0.7452,jellyfish
697,address_2,street level access to the building,0.6626,jellyfish
698,address_2,suite 3000,0.7397,jellyfish
699,address_2,suite 2000,0.6630,jellyfish
700,address_2,suite 3000,0.6067,jellyfish
701,address_2,suite 1000,0.7460,jellyfish
702,address_2,1400 hospital drive,0.6714,jellyfish
703,address_2,suite 1000,0.7229,jellyfish
704,address_2,suite 1000,0.6340,jellyfish
705,address_2,suite 2000,0.6683,jellyfish
706,address_2,suite 3000,0.7193,jellyfish
707,address_2,1010 university boulevard,0.5740,jellyfish
708,address_2,suite 3000,0.7594,jellyfish
709,address_2,suite 3000,0.7512,jellyfish
710,address_2,suite 1000,0.6449,jellyfish
711,address_2,suite 2000,0.6773,jellyfish
712,address_2,suite 2000,0.7110,jellyfish
713,address_2,suite 2000,0.6946,jellyfish
714,address_2,suite 1000,0.6560,jellyfish
715,address_2,suite 2000,0.5874,jellyfish
716,address_2,suite 3000,0.6558,jellyfish
717,address_2,1600 medical center drive sw,0.6481,jellyfish
718,address_2,street,0.7562,jellyfish
719,address_2,suite 2000,0.6581,jellyfish
720,address_2,suite a,0.6906,jellyfish
721,address_2,street,0.7360,jellyfish
722,address_2,suite a,0.6815,jellyfish
723,address_2,1600 hospital drive sw,0.6690,jellyfish
724,address_2,main st,0.6161,jellyfish
725,address_2,suite b,0.7121,jellyfish
726,address_2,suite 2000,0.6949,jellyfish
727,address_2,suite 3000,0.7205,jellyfish
728,address_2,suite 1000,0.6595,jellyfish
729,address_2,street address 1-10,0.5692,jellyfish
730,address_2,1015 medical park dr ne,0.5630,jellyfish
731,address_2,suite a,0.7227,jellyfish
732,address_2,suite 1000,0.5883,jellyfish
733,address_2,suite 2000,0.6343,jellyfish
734,address_2,building a,0.6932,jellyfish
735,address_2,suite 4000,0.6339,jellyfish
736,address_2,street,0.7305,jellyfish
737,address_2,1600 medical center circle,0.6921,jellyfish
738,address_2,101 medical center drive,0.6552,jellyfish
739,address_2,123 medical center drive,0.6661,jellyfish
740,address_2,suite 2000,0.6496,jellyfish
741,address_2,suite 1000,0.6082,jellyfish
742,address_2,main street,0.6651,jellyfish
743,address_2,street address line 2,0.6557,jellyfish
744,address_2,suite b,0.3477,jellyfish
745,address_2,street address line 2,0.6341,jellyfish
746,address_2,street address,0.7376,jellyfish
747,address_2,street address,0.7819,jellyfish
748,address_2,street address line 2,0.6255,jellyfish
749,address_2,street address,0.7887,jellyfish
750,address_2,suite b,0.7202,jellyfish
751,address_2,street address extension,0.5840,jellyfish
752,address_2,main street,0.6695,jellyfish
753,address_2,street address extension,0.6143,jellyfish
754,address_2,street address,0.5886,jellyfish
755,address_2,main street,0.7269,jellyfish
756,address_2,street address,0.6904,jellyfish
757,address_2,main street,0.7330,jellyfish
758,address_2,street address,0.7810,jellyfish
759,address_2,123 main st,0.6757,jellyfish
760,address_2,street address extension,0.6097,jellyfish
761,address_2,street address,0.7914,jellyfish
762,address_2,street address extension,0.5222,jellyfish
763,address_2,street address line 2,0.6535,jellyfish
764,address_2,123 main street north,0.6144,jellyfish
765,address_2,main street,0.7119,jellyfish
766,address_2,street address extension,0.5638,jellyfish
767,address_2,st. ann. clinic bldg. ann. al. anniston. ann. ann. ann. ann. ann. ann. ann. ann.,0.6170,jellyfish
768,address_2,street,0.7859,jellyfish
769,address_2,suite a,0.6634,jellyfish
770,address_2,street,0.7314,jellyfish
771,address_2,st. ann. clinic bldg. ann. al. 36201,0.6101,jellyfish
772,address_2,suite a,0.6760,jellyfish
773,address_2,st. s. building,0.6239,jellyfish
774,address_2,suite a,0.7154,jellyfish
775,address_2,suite a,0.6414,jellyfish
776,address_2,suite b,0.6005,jellyfish
777,address_2,suite a,0.7130,jellyfish
778,address_2,123 main st,0.7033,jellyfish
779,address_2,suite a,0.6883,jellyfish
780,address_2,suite 1000,0.6840,jellyfish
781,address_2,suite a,0.6993,jellyfish
782,address_2,suite a,0.6789,jellyfish
783,address_2,suite 4000,0.7041,jellyfish
784,address_2,suite 1000,0.7189,jellyfish
785,address_2,1400 university Dr NW,0.6626,jellyfish
786,address_2,suite b1,0.6612,jellyfish
787,address_2,suite b,0.6931,jellyfish
788,address_2,100 medical center pky sw,0.6615,jellyfish
789,address_2,suite b,0.6850,jellyfish
790,address_2,suite 1000,0.6892,jellyfish
791,address_2,suite a,0.7169,jellyfish
792,address_2,101 sivley rd suite 200,0.6665,jellyfish
793,address_2,suite b,0.6518,jellyfish
794,address_2,suite 1000,0.6756,jellyfish
795,address_2,suite a,0.6490,jellyfish
796,address_2,suite b,0.7034,jellyfish
797,address_2,suite 1000,0.7076,jellyfish
798,address_2,suite a,0.7173,jellyfish
799,address_2,suite 1000,0.6922,jellyfish
800,address_2,suite 1000,0.5837,jellyfish
801,address_2,suite 4000,0.6971,jellyfish
802,address_2,suite b,0.7088,jellyfish
803,address_2,street,0.7888,jellyfish
804,address_2,street,0.7747,jellyfish
805,address_2,suite a,0.6888,jellyfish
806,address_2,street,0.7677,jellyfish
807,address_2,suite a,0.7115,jellyfish
808,address_2,suite a,0.7467,jellyfish
809,address_2,street,0.7868,jellyfish
810,address_2,street,0.7770,jellyfish
811,address_2,suite a,0.7346,jellyfish
812,address_2,suite b,0.7802,jellyfish
813,address_2,street,0.7712,jellyfish
814,address_2,street,0.7602,jellyfish
815,address_2,street,0.7361,jellyfish
816,address_2,street,0.7085,jellyfish
817,address_2,street,0.8094,jellyfish
818,address_2,street,0.7910,jellyfish
819,address_2,1400 meighs parkway sw,0.6618,jellyfish
820,address_2,street,0.7308,jellyfish
821,address_2,suite a,0.7031,jellyfish
822,address_2,street,0.7787,jellyfish
823,address_2,street,0.7246,jellyfish
824,address_2,street,0.6267,jellyfish
825,address_2,street address extension,0.5666,jellyfish
826,address_2,street,0.7907,jellyfish
827,address_2,1015th street north,0.6010,jellyfish
828,address_2,parking lot,0.6791,jellyfish
829,address_2,suite 1000,0.5576,jellyfish
830,address_2,suite a,0.7338,jellyfish
831,address_2,north tower,0.6376,jellyfish
832,address_2,1010 lay dam rd. suite 100,0.7746,jellyfish
833,address_2,suite a,0.7228,jellyfish
834,address_2,street,0.7773,jellyfish
835,address_2,suite a,0.6297,jellyfish
836,address_2,suite a,0.7426,jellyfish
837,address_2,suite 100,0.6915,jellyfish
838,address_2,1010 lay dam rd. suite 100,0.7256,jellyfish
839,address_2,street,0.7265,jellyfish
840,address_2,street,0.7875,jellyfish
841,address_2,1010 lay dam rd. suite 101,0.6504,jellyfish
842,address_2,suite a,0.7393,jellyfish
843,address_2,suite b,0.7188,jellyfish
844,address_2,street,0.7454,jellyfish
845,address_2,suite a,0.7035,jellyfish
846,address_2,street,0.7647,jellyfish
847,address_2,suite a,0.7038,jellyfish
848,address_2,street,0.7302,jellyfish
849,address_2,street address extension,0.5810,jellyfish
850,address_2,street address 1x0x0 lay dam road extension,0.5159,jellyfish
851,address_2,street,0.7351,jellyfish
852,address_2,street,0.7056,jellyfish
853,address_2,street address extension,0.5651,jellyfish
854,address_2,1234 medical drive,0.6750,jellyfish
855,address_2,street,0.7661,jellyfish
856,address_2,123 medical center drive,0.6480,jellyfish
857,address_2,123 main street north,0.7162,jellyfish
858,address_2,street,0.7940,jellyfish
859,address_2,street address extension,0.5634,jellyfish
860,address_2,main street,0.6715,jellyfish
861,address_2,street,0.8047,jellyfish
862,address_2,street,0.7228,jellyfish
863,address_2,street address extension,0.6271,jellyfish
864,address_2,street,0.7636,jellyfish
865,address_2,street,0.8078,jellyfish
866,address_2,main street,0.7076,jellyfish
867,address_2,street,0.7534,jellyfish
868,address_2,suite b,0.6599,jellyfish
869,address_2,street address extension,0.6175,jellyfish
870,address_2,street,0.7187,jellyfish
871,address_2,suite b,0.6035,jellyfish
872,address_2,street,0.7700,jellyfish
873,address_2,street address extension,0.5495,jellyfish
874,address_2,street address extension,0.6281,jellyfish
875,address_2,street address extension,0.6320,jellyfish
876,address_2,street,0.7978,jellyfish
877,address_2,street,0.7781,jellyfish
878,address_2,street,0.7927,jellyfish
879,address_2,suite a,0.6775,jellyfish
880,address_2,suite a,0.7572,jellyfish
881,address_2,street,0.7488,jellyfish
882,address_2,1400 hospital drive north,0.6609,jellyfish
883,address_2,suite b,0.3680,jellyfish
884,address_2,suite 1000,0.6900,jellyfish
885,address_2,1234 medical drive,0.6556,jellyfish
886,address_2,suite a,0.7462,jellyfish
887,address_2,street,0.7305,jellyfish
888,address_2,street,0.7675,jellyfish
889,address_2,suite 1000,0.6734,jellyfish
890,address_2,suite b,0.6644,jellyfish
891,address_2,1015 university boulevard east,0.6895,jellyfish
892,address_2,suite 1000,0.5991,jellyfish
893,address_2,1400 hospital drive north,0.6506,jellyfish
894,address_2,suite a,0.6977,jellyfish
895,address_2,suite a,0.7034,jellyfish
896,address_2,suite a,0.7361,jellyfish
897,address_2,street,0.8008,jellyfish
898,address_2,suite b,0.6606,jellyfish
899,address_2,suite b,0.7291,jellyfish
900,address_2,street,0.7453,jellyfish
901,address_2,suite 100,0.6368,jellyfish
902,address_2,suite 1000,0.6743,jellyfish
903,address_2,street level entrance,0.6726,jellyfish
904,address_2,600 north third street,0.6613,jellyfish
905,address_2,600 medical center drive,0.6815,jellyfish
906,address_2,street,0.6827,jellyfish
907,address_2,1000 north 11th street,0.6055,jellyfish
908,address_2,suite a,0.6890,jellyfish
909,address_2,600 medical center drive,0.6878,jellyfish
910,address_2,600 south third street suite 100,0.7017,jellyfish
911,address_2,suite 3000,0.7035,jellyfish
912,address_2,1010 medical center drive,0.6193,jellyfish
913,address_2,600 south third street suite 100,0.6765,jellyfish
914,address_2,suite 3000,0.6241,jellyfish
915,address_2,suite a,0.6833,jellyfish
916,address_2,600 south third street,0.7008,jellyfish
917,address_2,600 south third street suite 100,0.6755,jellyfish
918,address_2,street,0.7412,jellyfish
919,address_2,600 south third street suite 100,0.6701,jellyfish
920,address_2,street,0.7785,jellyfish
921,address_2,1000 north 3rd street,0.5975,jellyfish
922,address_2,600 north third street,0.6802,jellyfish
923,address_2,600 north 3rd street,0.7065,jellyfish
924,address_2,street,0.7583,jellyfish
925,address_2,suite a,0.6665,jellyfish
926,address_2,street,0.7786,jellyfish
927,address_2,suite 1000,0.6567,jellyfish
928,address_2,1000 medical park drive,0.6222,jellyfish
929,address_2,street,0.7481,jellyfish
930,address_2,suite 3000,0.6945,jellyfish
931,address_2,1015 university ave,0.6453,jellyfish
932,address_2,suite a,0.7014,jellyfish
933,address_2,suite a,0.7537,jellyfish
934,address_2,suite a,0.7044,jellyfish
935,address_2,street,0.7842,jellyfish
936,address_2,suite a,0.6870,jellyfish
937,address_2,suite a,0.7023,jellyfish
938,address_2,suite b,0.6737,jellyfish
939,address_2,suite a,0.6825,jellyfish
940,address_2,suite a,0.6963,jellyfish
941,address_2,suite a,0.7187,jellyfish
942,address_2,suite a,0.7012,jellyfish
943,address_2,suite b,0.7157,jellyfish
944,address_2,suite a,0.6796,jellyfish
945,address_2,suite a,0.7426,jellyfish
946,address_2,suite b,0.6829,jellyfish
947,address_2,suite a,0.7021,jellyfish
948,address_2,suite a,0.7253,jellyfish
949,address_2,suite a,0.7192,jellyfish
950,address_2,suite 2000,0.6419,jellyfish
951,address_2,suite b,0.7613,jellyfish
952,address_2,suite a,0.7254,jellyfish
953,address_2,suite a,0.6869,jellyfish
954,address_2,suite b,0.3356,jellyfish
955,address_2,suite a,0.7466,jellyfish
956,address_2,main st,0.6872,jellyfish
957,address_2,400 north edwards street,0.7255,jellyfish
958,address_2,suite a,0.6958,jellyfish
959,address_2,main st,0.7105,jellyfish
960,address_2,main street,0.7454,jellyfish
961,address_2,suite 4000,0.6879,jellyfish
962,address_2,400 n edwards street suite 100,0.7328,jellyfish
963,address_2,400 n edwards street suite 200,0.7261,jellyfish
964,address_2,street address extension,0.6092,jellyfish
965,address_2,suite a,0.7243,jellyfish
966,address_2,street address,0.6622,jellyfish
967,address_2,200 university boulevard,0.5181,jellyfish
968,address_2,street,0.7863,jellyfish
969,address_2,400 medical center drive,0.6907,jellyfish
970,address_2,street address extension,0.6176,jellyfish
971,address_2,suite a,0.7042,jellyfish
972,address_2,street,0.7657,jellyfish
973,address_2,suite b,0.6794,jellyfish
974,address_2,street address extension,0.6172,jellyfish
975,address_2,suite a,0.7188,jellyfish
976,address_2,street address,0.5914,jellyfish
977,address_2,street address extension,0.6752,jellyfish
978,address_2,"1400 hospital dr. s. enterprise, al 36330",0.6141,jellyfish
979,address_2,suite 4000,0.7136,jellyfish
980,address_2,street address extension,0.5926,jellyfish
981,address_2,suite 1000,0.6552,jellyfish
982,address_2,suite 2000,0.6369,jellyfish
983,address_2,suite a,0.7267,jellyfish
984,address_2,street,0.6988,jellyfish
985,address_2,street,0.7111,jellyfish
986,address_2,1010 medical center drive,0.6753,jellyfish
987,address_2,street,0.7494,jellyfish
988,address_2,parking lot,0.7233,jellyfish
989,address_2,suite a,0.7297,jellyfish
990,address_2,suite 1000,0.5974,jellyfish
991,address_2,street level entrance,0.7183,jellyfish
992,address_2,suite 4000,0.6420,jellyfish
993,address_2,suite a,0.6431,jellyfish
994,address_2,street,0.7511,jellyfish
995,address_2,suite 1000,0.6828,jellyfish
996,address_2,suite a,0.7056,jellyfish
997,address_2,street,0.6760,jellyfish
998,address_2,street level entrance,0.7171,jellyfish
999,address_2,suite b,0.7214,jellyfish
1000,address_2,suite 4000,0.6918,jellyfish
1,address_3,1000 18th St S,0.6338,jellyfish
2,address_3,empty,0.6518,jellyfish
3,address_3,1010 university blvd s bldg,0.7008,jellyfish
4,address_3,empty,0.6810,jellyfish
5,address_3,empty,0.7186,jellyfish
6,address_3,"205 university blvd s. birmingham, al 35233, suite 1000",0.5083,jellyfish
7,address_3,empty,0.7901,jellyfish
8,address_3,empty,0.7197,jellyfish
9,address_3,empty,0.7150,jellyfish
10,address_3,empty,0.7747,jellyfish
11,address_3,street address service,0.6676,jellyfish
12,address_3,empty,0.7130,jellyfish
13,address_3,empty,0.6461,jellyfish
14,address_3,empty,0.6984,jellyfish
15,address_3,empty,0.7827,jellyfish
16,address_3,empty,0.6532,jellyfish
17,address_3,street view,0.6544,jellyfish
18,address_3,main street,0.7150,jellyfish
19,address_3,empty,0.7208,jellyfish
20,address_3,empty,0.6313,jellyfish
21,address_3,empty,0.7385,jellyfish
22,address_3,street,0.7084,jellyfish
23,address_3,1600 crossroads center,0.5993,jellyfish
24,address_3,empty,0.7157,jellyfish
25,address_3,empty,0.7253,jellyfish
26,address_3,main street,0.7584,jellyfish
27,address_3,empty,0.6933,jellyfish
28,address_3,empty,0.6752,jellyfish
29,address_3,empty,0.6902,jellyfish
30,address_3,P.O. Box 1005,0.6294,jellyfish
31,address_3,empty,0.6377,jellyfish
32,address_3,1000 university boulevard,0.6409,jellyfish
33,address_3,empty,0.7870,jellyfish
34,address_3,empty,0.6979,jellyfish
35,address_3,main street,0.6554,jellyfish
36,address_3,empty,0.6737,jellyfish
37,address_3,street,0.7004,jellyfish
38,address_3,empty,0.6325,jellyfish
39,address_3,empty,0.6573,jellyfish
40,address_3,main st,0.6838,jellyfish
41,address_3,main st,0.6853,jellyfish
42,address_3,1600 5th St S,0.6141,jellyfish
43,address_3,empty,0.6744,jellyfish
44,address_3,1010 university boulevard,0.6590,jellyfish
45,address_3,empty,0.7405,jellyfish
46,address_3,empty,0.6342,jellyfish
47,address_3,empty,0.7826,jellyfish
48,address_3,empty,0.7287,jellyfish
49,address_3,empty,0.6621,jellyfish
50,address_3,empty,0.7385,jellyfish
51,address_3,empty,0.7451,jellyfish
52,address_3,empty,0.7997,jellyfish
53,address_3,empty,0.7506,jellyfish
54,address_3,empty,0.6929,jellyfish
55,address_3,empty,0.6125,jellyfish
56,address_3,empty,0.8084,jellyfish
57,address_3,empty,0.6328,jellyfish
58,address_3,100 Medical Center Dr.,0.5841,jellyfish
59,address_3,empty,0.7461,jellyfish
60,address_3,empty,0.8097,jellyfish
61,address_3,empty,0.7881,jellyfish
62,address_3,empty,0.6324,jellyfish
63,address_3,empty,0.7069,jellyfish
64,address_3,empty,0.6753,jellyfish
65,address_3,Main St.,0.7259,jellyfish
66,address_3,empty,0.7601,jellyfish
67,address_3,empty,0.6191,jellyfish
68,address_3,empty,0.7235,jellyfish
69,address_3,empty,0.6885,jellyfish
70,address_3,empty,0.7771,jellyfish
71,address_3,empty,0.6483,jellyfish
72,address_3,205 marengo st suite 100,0.6233,jellyfish
73,address_3,205 Marengo St. Suite 100,0.6491,jellyfish
74,address_3,street level entrance,0.6123,jellyfish
75,address_3,205 marengo street s suite 100,0.6205,jellyfish
76,address_3,"205 Marengo St, Suite 100",0.6712,jellyfish
77,address_3,main street,0.6786,jellyfish
78,address_3,"205 Marengo St, Suite 1000",0.7030,jellyfish
79,address_3,"205 Marengo St, Suite 300",0.6693,jellyfish
80,address_3,1015 University Blvd E,0.6483,jellyfish
81,address_3,205 marengo street s suite 100,0.6753,jellyfish
82,address_3,"205 Marengo St, Suite 1000",0.7190,jellyfish
83,address_3,empty,0.7787,jellyfish
84,address_3,"205 Marengo St, Suite 1000",0.6492,jellyfish
85,address_3,empty,0.5470,jellyfish
86,address_3,main street,0.7306,jellyfish
87,address_3,"205 Marengo St, Suite 100",0.6881,jellyfish
88,address_3,"205 Marengo St, Suite 1000",0.6851,jellyfish
89,address_3,empty,0.6417,jellyfish
90,address_3,1015 university boulevard east,0.7239,jellyfish
91,address_3,"205 Marengo St, Suite 300",0.6983,jellyfish
92,address_3,"205 Marengo St, Suite 100",0.7015,jellyfish
93,address_3,205 marengo st suite 100,0.6751,jellyfish
94,address_3,"205 Marengo St, Suite 1000",0.6841,jellyfish
95,address_3,main st,0.7376,jellyfish
96,address_3,empty,0.6867,jellyfish
97,address_3,empty,0.6323,jellyfish
98,address_3,main st ext,0.6877,jellyfish
99,address_3,empty,0.7020,jellyfish
100,address_3,empty,0.7794,jellyfish
101,address_3,main st ext,0.7011,jellyfish
102,address_3,empty,0.7272,jellyfish
103,address_3,empty,0.6540,jellyfish
104,address_3,main campus,0.6638,jellyfish
105,address_3,empty,0.7104,jellyfish
106,address_3,empty,0.6090,jellyfish
107,address_3,main st,0.7274,jellyfish
108,address_3,empty,0.7437,jellyfish
109,address_3,empty,0.6349,jellyfish
110,address_3,empty,0.7535,jellyfish
111,address_3,empty,0.8351,jellyfish
112,address_3,main st ext,0.7067,jellyfish
113,address_3,empty,0.6987,jellyfish
114,address_3,empty,0.7090,jellyfish
115,address_3,main campus,0.6405,jellyfish
116,address_3,empty,0.6914,jellyfish
117,address_3,main entrance,0.6045,jellyfish
118,address_3,empty,0.6473,jellyfish
119,address_3,main st ste 100,0.6218,jellyfish
120,address_3,empty,0.5190,jellyfish
121,address_3,"101 hospital circle, suite 3000",0.6570,jellyfish
122,address_3,101 hospital circle suite 2000,0.6510,jellyfish
123,address_3,empty,0.6826,jellyfish
124,address_3,empty,0.7222,jellyfish
125,address_3,empty,0.6687,jellyfish
126,address_3,101 hospital circle suite 2000,0.6161,jellyfish
127,address_3,101 hospital circle suite 2000,0.6932,jellyfish
128,address_3,"101 hospital circle, suite 3000",0.6585,jellyfish
129,address_3,101 hospital circle suite 300,0.6800,jellyfish
130,address_3,101 hospital circle suite 2000,0.6680,jellyfish
131,address_3,empty,0.6231,jellyfish
132,address_3,street view,0.7052,jellyfish
133,address_3,101 hospital circle suite 2000,0.6198,jellyfish
134,address_3,101 hospital circle suite 2000,0.6728,jellyfish
135,address_3,empty,0.6919,jellyfish
136,address_3,101 hospital circle suite 2000,0.6723,jellyfish
137,address_3,empty,0.6192,jellyfish
138,address_3,empty,0.7066,jellyfish
139,address_3,empty,0.6799,jellyfish
140,address_3,101 hospital circle suite 4000,0.6178,jellyfish
141,address_3,empty,0.6972,jellyfish
142,address_3,"101 hospital circle, suite 3000",0.6084,jellyfish
143,address_3,empty,0.6926,jellyfish
144,address_3,"101 hospital circle, suite 300",0.6700,jellyfish
145,address_3,empty,0.6780,jellyfish
146,address_3,empty,0.6846,jellyfish
147,address_3,empty,0.6482,jellyfish
148,address_3,empty,0.6751,jellyfish
149,address_3,empty,0.6760,jellyfish
150,address_3,empty,0.7397,jellyfish
151,address_3,empty,0.7910,jellyfish
152,address_3,empty,0.6291,jellyfish
153,address_3,empty,0.6653,jellyfish
154,address_3,empty,0.7148,jellyfish
155,address_3,empty,0.7358,jellyfish
156,address_3,empty,0.7341,jellyfish
157,address_3,empty,0.7168,jellyfish
158,address_3,empty,0.6569,jellyfish
159,address_3,empty,0.7360,jellyfish
160,address_3,empty,0.7335,jellyfish
161,address_3,empty,0.7267,jellyfish
162,address_3,empty,0.6582,jellyfish
163,address_3,empty,0.6924,jellyfish
164,address_3,empty,0.7896,jellyfish
165,address_3,Main St. Northwest,0.5464,jellyfish
166,address_3,empty,0.8099,jellyfish
167,address_3,empty,0.6468,jellyfish
168,address_3,empty,0.6874,jellyfish
169,address_3,empty,0.7070,jellyfish
170,address_3,empty,0.7439,jellyfish
171,address_3,empty,0.5720,jellyfish
172,address_3,suite 3000,0.6676,jellyfish
173,address_3,empty,0.7672,jellyfish
174,address_3,empty,0.6399,jellyfish
175,address_3,empty,0.7483,jellyfish
176,address_3,empty,0.6904,jellyfish
177,address_3,empty,0.7467,jellyfish
178,address_3,empty,0.6421,jellyfish
179,address_3,empty,0.7287,jellyfish
180,address_3,empty,0.7135,jellyfish
181,address_3,empty,0.7342,jellyfish
182,address_3,empty,0.6482,jellyfish
183,address_3,empty,0.7580,jellyfish
184,address_3,empty,0.7994,jellyfish
185,address_3,empty,0.6853,jellyfish
186,address_3,empty,0.7324,jellyfish
187,address_3,empty,0.7956,jellyfish
188,address_3,empty,0.6965,jellyfish
189,address_3,empty,0.7172,jellyfish
190,address_3,empty,0.6451,jellyfish
191,address_3,empty,0.7256,jellyfish
192,address_3,empty,0.7115,jellyfish
193,address_3,empty,0.7810,jellyfish
194,address_3,empty,0.7076,jellyfish
195,address_3,empty,0.7969,jellyfish
196,address_3,empty,0.7833,jellyfish
197,address_3,205 1st ave s,0.6653,jellyfish
198,address_3,205 18th st s,0.6065,jellyfish
199,address_3,empty,0.6355,jellyfish
200,address_3,205 19th street south,0.6687,jellyfish
201,address_3,205 18th st south,0.6680,jellyfish
202,address_3,empty,0.6225,jellyfish
203,address_3,205 18th st south,0.6742,jellyfish
204,address_3,205 18th street south,0.6968,jellyfish
205,address_3,205 18th st s,0.6458,jellyfish
206,address_3,main street,0.7231,jellyfish
207,address_3,205 11th st s,0.5953,jellyfish
208,address_3,205 18th street south,0.6653,jellyfish
209,address_3,parking,0.7388,jellyfish
210,address_3,205 18th street south,0.6865,jellyfish
211,address_3,280,0.7224,jellyfish
212,address_3,205 18th street south,0.6835,jellyfish
213,address_3,1000 17th St S,0.6347,jellyfish
214,address_3,101 medical park east drive east parking,0.6214,jellyfish
215,address_3,205 11th street south,0.6206,jellyfish
216,address_3,205 1st ave s,0.6503,jellyfish
217,address_3,1000 3rd ave s,0.5803,jellyfish
218,address_3,P.O. Box 10011,0.6584,jellyfish
219,address_3,205 1st ave n,0.5864,jellyfish
220,address_3,empty,0.7064,jellyfish
221,address_3,empty,0.7473,jellyfish
222,address_3,200 med center drive suite 100,0.6582,jellyfish
223,address_3,main street,0.7378,jellyfish
224,address_3,surgical services building,0.7246,jellyfish
225,address_3,empty,0.7183,jellyfish
226,address_3,main street,0.6953,jellyfish
227,address_3,empty,0.6306,jellyfish
228,address_3,main street,0.6280,jellyfish
229,address_3,empty,0.6457,jellyfish
230,address_3,main st,0.6846,jellyfish
231,address_3,empty,0.6927,jellyfish
232,address_3,"200 med center drive, suite 100",0.7026,jellyfish
233,address_3,1000 medical center drive,0.6712,jellyfish
234,address_3,empty,0.7796,jellyfish
235,address_3,2500 hospital drive s e,0.6890,jellyfish
236,address_3,empty,0.5153,jellyfish
237,address_3,"200 med center drive, suite 400",0.6807,jellyfish
238,address_3,"200 med center drive, suite 400",0.6929,jellyfish
239,address_3,1010 med center drive,0.6763,jellyfish
240,address_3,"200 med center drive, suite 300",0.6948,jellyfish
241,address_3,empty,0.6745,jellyfish
242,address_3,205 medical office building drive,0.6692,jellyfish
243,address_3,empty,0.5310,jellyfish
244,address_3,1015 university blvd. e. ste. 100,0.5761,jellyfish
245,address_3,empty,0.6326,jellyfish
246,address_3,empty,0.7879,jellyfish
247,address_3,empty,0.6481,jellyfish
248,address_3,empty,0.7789,jellyfish
249,address_3,empty,0.6848,jellyfish
250,address_3,empty,0.5838,jellyfish
251,address_3,empty,0.5967,jellyfish
252,address_3,empty,0.7559,jellyfish
253,address_3,empty,0.6536,jellyfish
254,address_3,main st,0.6861,jellyfish
255,address_3,empty,0.6949,jellyfish
256,address_3,empty,0.7078,jellyfish
257,address_3,Main St.,0.6095,jellyfish
258,address_3,empty,0.6246,jellyfish
259,address_3,empty,0.7319,jellyfish
260,address_3,empty,0.7373,jellyfish
261,address_3,empty,0.7417,jellyfish
262,address_3,empty,0.7401,jellyfish
263,address_3,empty,0.6796,jellyfish
264,address_3,empty,0.7363,jellyfish
265,address_3,empty,0.6486,jellyfish
266,address_3,empty,0.6804,jellyfish
267,address_3,205 medical office building,0.7230,jellyfish
268,address_3,empty,0.7021,jellyfish
269,address_3,empty,0.7289,jellyfish
270,address_3,empty,0.7266,jellyfish
271,address_3,empty,0.6993,jellyfish
272,address_3,1010 medical drive north,0.5904,jellyfish
273,address_3,main street,0.7172,jellyfish
274,address_3,empty,0.5888,jellyfish
275,address_3,empty,0.6267,jellyfish
276,address_3,"1015th avenue s. noxville, tn 37203",0.5007,jellyfish
277,address_3,empty,0.5866,jellyfish
278,address_3,empty,0.7157,jellyfish
279,address_3,2000 university boulevard south,0.6680,jellyfish
280,address_3,"205 w. maple st. alabaster, al 35007",0.5686,jellyfish
281,address_3,1000 northriver pky,0.6508,jellyfish
282,address_3,1010 north street,0.6314,jellyfish
283,address_3,empty,0.7447,jellyfish
284,address_3,"1000 w. st. n. alabaster, al 35007",0.6370,jellyfish
285,address_3,empty,0.7955,jellyfish
286,address_3,empty,0.7286,jellyfish
287,address_3,1010 medical center drive,0.6108,jellyfish
288,address_3,empty,0.5801,jellyfish
289,address_3,empty,0.7257,jellyfish
290,address_3,1000 northridge parkway,0.6824,jellyfish
291,address_3,1015 W. Park Place,0.5865,jellyfish
292,address_3,1000 northridge parkway,0.6062,jellyfish
293,address_3,empty,0.7762,jellyfish
294,address_3,1000 w. st. n. suite 100,0.6171,jellyfish
295,address_3,205 18th st s,0.6854,jellyfish
296,address_3,205 18th st s,0.6290,jellyfish
297,address_3,1600 7th ave s,0.6571,jellyfish
298,address_3,2050 university blvd s. parking garage birmingham al 35233,0.4537,jellyfish
299,address_3,205 18th street s,0.6468,jellyfish
300,address_3,1000 university blvd s birmingham al 35233 suite 2000,0.5813,jellyfish
301,address_3,empty,0.6531,jellyfish
302,address_3,205 18th st s,0.6365,jellyfish
303,address_3,1000 18th st s,0.6503,jellyfish
304,address_3,1010 university blvd s bldg,0.6547,jellyfish
305,address_3,205 18th st s,0.6903,jellyfish
306,address_3,empty,0.5569,jellyfish
307,address_3,205 18th st s,0.6597,jellyfish
308,address_3,205 18th st s,0.6904,jellyfish
309,address_3,2050 university blvd s,0.4919,jellyfish
310,address_3,1800 university parkway,0.6850,jellyfish
311,address_3,1800 college st,0.6847,jellyfish
312,address_3,empty,0.6689,jellyfish
313,address_3,empty,0.6169,jellyfish
314,address_3,empty,0.8133,jellyfish
315,address_3,empty,0.6167,jellyfish
316,address_3,empty,0.6998,jellyfish
317,address_3,empty,0.6700,jellyfish
318,address_3,empty,0.5907,jellyfish
319,address_3,empty,0.7382,jellyfish
320,address_3,empty,0.7150,jellyfish
321,address_3,empty,0.7203,jellyfish
322,address_3,empty,0.6514,jellyfish
323,address_3,empty,0.7235,jellyfish
324,address_3,empty,0.6421,jellyfish
325,address_3,empty,0.7330,jellyfish
326,address_3,empty,0.7293,jellyfish
327,address_3,empty,0.7267,jellyfish
328,address_3,empty,0.7839,jellyfish
329,address_3,empty,0.6396,jellyfish
330,address_3,empty,0.6871,jellyfish
331,address_3,empty,0.6572,jellyfish
332,address_3,suite 3000,0.7644,jellyfish
333,address_3,building 3,0.6797,jellyfish
334,address_3,suite 3000,0.5784,jellyfish
335,address_3,1234 medical plaza,0.6438,jellyfish
336,address_3,1234 west main st. extension,0.5948,jellyfish
337,address_3,1234 medical center drive,0.6366,jellyfish
338,address_3,building 1,0.6944,jellyfish
339,address_3,1400 west main street,0.6875,jellyfish
340,address_3,1000 north college street,0.5954,jellyfish
341,address_3,empty,0.6777,jellyfish
342,address_3,1234 medical center drive,0.6394,jellyfish
343,address_3,street view,0.7568,jellyfish
344,address_3,building 3,0.6906,jellyfish
345,address_3,suite 2000,0.6673,jellyfish
346,address_3,1015 university boulevard,0.7166,jellyfish
347,address_3,1234 medical drive,0.6612,jellyfish
348,address_3,empty,0.6026,jellyfish
349,address_3,main street,0.7319,jellyfish
350,address_3,empty,0.7372,jellyfish
351,address_3,1015th St N,0.6361,jellyfish
352,address_3,parking lot,0.7175,jellyfish
353,address_3,main street,0.7284,jellyfish
354,address_3,"Decatur General Hospital does not have an address_3 field in its record. Therefore, the correct value for this attribute is empty.",0.6490,jellyfish
355,address_3,empty,0.7287,jellyfish
356,address_3,empty,0.6608,jellyfish
357,address_3,empty,0.6551,jellyfish
358,address_3,empty,0.7221,jellyfish
359,address_3,empty,0.6963,jellyfish
360,address_3,empty,0.6787,jellyfish
361,address_3,empty,0.6937,jellyfish
362,address_3,empty,0.7341,jellyfish
363,address_3,empty,0.6240,jellyfish
364,address_3,P.O. Box 1234,0.6892,jellyfish
365,address_3,empty,0.7157,jellyfish
366,address_3,empty,0.6502,jellyfish
367,address_3,empty,0.6694,jellyfish
368,address_3,empty,0.6503,jellyfish
369,address_3,empty,0.7218,jellyfish
370,address_3,empty,0.6977,jellyfish
371,address_3,empty,0.7998,jellyfish
372,address_3,empty,0.6648,jellyfish
373,address_3,empty,0.8008,jellyfish
374,address_3,empty,0.6878,jellyfish
375,address_3,main st,0.6954,jellyfish
376,address_3,empty,0.7760,jellyfish
377,address_3,main street,0.7540,jellyfish
378,address_3,empty,0.5550,jellyfish
379,address_3,empty,0.6331,jellyfish
380,address_3,mobile infirmary,0.7385,jellyfish
381,address_3,mobile infirmary,0.7323,jellyfish
382,address_3,"street address of the hospital's administrative or business office, if different from the main hospital address. If no such address exists, leave it empty. In this case",0.4889,jellyfish
383,address_3,mobile infirmary,0.6933,jellyfish
384,address_3,mobile infirmary,0.7373,jellyfish
385,address_3,empty,0.5652,jellyfish
386,address_3,main street,0.7134,jellyfish
387,address_3,"The address_3 field is empty, so it should be completed with the correct information. However, since the provided record does not contain enough details to accurately fill",0.6930,jellyfish
388,address_3,street address service,0.7038,jellyfish
389,address_3,mobile infirmary,0.6974,jellyfish
390,address_3,mobile infirmary,0.7069,jellyfish
391,address_3,mobile infirmary,0.7438,jellyfish
392,address_3,1600 university boulevard,0.6366,jellyfish
393,address_3,empty,0.6669,jellyfish
394,address_3,341st St N,0.6671,jellyfish
395,address_3,empty,0.6736,jellyfish
396,address_3,empty,0.6507,jellyfish
397,address_3,empty,0.6585,jellyfish
398,address_3,empty,0.6431,jellyfish
399,address_3,empty,0.6863,jellyfish
400,address_3,empty,0.6889,jellyfish
401,address_3,empty,0.6204,jellyfish
402,address_3,empty,0.6624,jellyfish
403,address_3,empty,0.6491,jellyfish
404,address_3,Main St,0.6839,jellyfish
405,address_3,empty,0.7310,jellyfish
406,address_3,empty,0.6933,jellyfish
407,address_3,empty,0.6645,jellyfish
408,address_3,empty,0.7307,jellyfish
409,address_3,main st,0.7558,jellyfish
410,address_3,empty,0.6825,jellyfish
411,address_3,empty,0.7307,jellyfish
412,address_3,main st,0.6333,jellyfish
413,address_3,empty,0.8028,jellyfish
414,address_3,"101 W. Main St. Russellville, AL 35653",0.6618,jellyfish
415,address_3,Ridgeview Dr,0.6993,jellyfish
416,address_3,empty,0.6737,jellyfish
417,address_3,empty,0.7436,jellyfish
418,address_3,empty,0.6662,jellyfish
419,address_3,empty,0.7277,jellyfish
420,address_3,empty,0.6609,jellyfish
421,address_3,empty,0.6693,jellyfish
422,address_3,empty,0.8088,jellyfish
423,address_3,empty,0.7640,jellyfish
424,address_3,empty,0.7371,jellyfish
425,address_3,empty,0.7224,jellyfish
426,address_3,empty,0.6643,jellyfish
427,address_3,main st,0.7128,jellyfish
428,address_3,empty,0.7328,jellyfish
429,address_3,empty,0.6989,jellyfish
430,address_3,Ridgeview Dr,0.7536,jellyfish
431,address_3,empty,0.6373,jellyfish
432,address_3,123 main st. s. ### Explanation:,0.6411,jellyfish
433,address_3,empty,0.7031,jellyfish
434,address_3,empty,0.7068,jellyfish
435,address_3,empty,0.6048,jellyfish
436,address_3,empty,0.6940,jellyfish
437,address_3,empty,0.6668,jellyfish
438,address_3,empty,0.7167,jellyfish
439,address_3,empty,0.6972,jellyfish
440,address_3,empty,0.7333,jellyfish
441,address_3,empty,0.6167,jellyfish
442,address_3,empty,0.6494,jellyfish
443,address_3,empty,0.7472,jellyfish
444,address_3,empty,0.7318,jellyfish
445,address_3,empty,0.7601,jellyfish
446,address_3,empty,0.7247,jellyfish
447,address_3,empty,0.7144,jellyfish
448,address_3,empty,0.7431,jellyfish
449,address_3,2801 debarr rd. ext.,0.7080,jellyfish
450,address_3,empty,0.6194,jellyfish
451,address_3,empty,0.7460,jellyfish
452,address_3,empty,0.7469,jellyfish
453,address_3,empty,0.7051,jellyfish
454,address_3,1015 university boulevard east,0.5996,jellyfish
455,address_3,empty,0.7148,jellyfish
456,address_3,main street,0.7484,jellyfish
457,address_3,main street,0.7225,jellyfish
458,address_3,empty,0.7467,jellyfish
459,address_3,main street,0.7298,jellyfish
460,address_3,empty,0.6083,jellyfish
461,address_3,empty,0.6664,jellyfish
462,address_3,suite,0.7094,jellyfish
463,address_3,main street,0.7652,jellyfish
464,address_3,1010 south university boulevard,0.6843,jellyfish
465,address_3,street address service,0.7437,jellyfish
466,address_3,1400 south montgomery avenue,0.6359,jellyfish
467,address_3,empty,0.7230,jellyfish
468,address_3,empty,0.6673,jellyfish
469,address_3,empty,0.6430,jellyfish
470,address_3,main st,0.7384,jellyfish
471,address_3,main st,0.7520,jellyfish
472,address_3,empty,0.7931,jellyfish
473,address_3,street,0.7739,jellyfish
474,address_3,main st,0.7450,jellyfish
475,address_3,empty,0.6609,jellyfish
476,address_3,main st,0.6931,jellyfish
477,address_3,main st,0.7306,jellyfish
478,address_3,empty,0.6482,jellyfish
479,address_3,empty,0.6585,jellyfish
480,address_3,empty,0.7002,jellyfish
481,address_3,empty,0.6460,jellyfish
482,address_3,empty,0.6016,jellyfish
483,address_3,empty,0.6600,jellyfish
484,address_3,empty,0.6382,jellyfish
485,address_3,Main St.,0.7686,jellyfish
486,address_3,empty,0.7942,jellyfish
487,address_3,empty,0.6578,jellyfish
488,address_3,empty,0.7825,jellyfish
489,address_3,main st,0.7168,jellyfish
490,address_3,empty,0.7136,jellyfish
491,address_3,empty,0.6773,jellyfish
492,address_3,empty,0.6805,jellyfish
493,address_3,main street,0.7040,jellyfish
494,address_3,main street,0.7805,jellyfish
495,address_3,empty,0.6531,jellyfish
496,address_3,main st,0.6933,jellyfish
497,address_3,main st,0.6934,jellyfish
498,address_3,main st,0.7022,jellyfish
499,address_3,main st,0.7293,jellyfish
500,address_3,main st,0.7123,jellyfish
501,address_3,main st,0.7225,jellyfish
502,address_3,empty,0.6696,jellyfish
503,address_3,empty,0.7862,jellyfish
504,address_3,main street,0.6940,jellyfish
505,address_3,empty,0.6781,jellyfish
506,address_3,main st,0.6896,jellyfish
507,address_3,1000 medical park dr,0.5876,jellyfish
508,address_3,parking lot,0.7294,jellyfish
509,address_3,empty,0.7979,jellyfish
510,address_3,empty,0.7198,jellyfish
511,address_3,empty,0.7354,jellyfish
512,address_3,empty,0.6393,jellyfish
513,address_3,empty,0.7263,jellyfish
514,address_3,400 northwood dr suite 100,0.7247,jellyfish
515,address_3,main st,0.6907,jellyfish
516,address_3,Main St,0.7700,jellyfish
517,address_3,empty,0.6340,jellyfish
518,address_3,empty,0.7842,jellyfish
519,address_3,1234 south boulevard drive,0.6290,jellyfish
520,address_3,empty,0.7572,jellyfish
521,address_3,empty,0.6010,jellyfish
522,address_3,empty,0.6592,jellyfish
523,address_3,empty,0.6862,jellyfish
524,address_3,empty,0.6620,jellyfish
525,address_3,empty,0.7350,jellyfish
526,address_3,empty,0.6397,jellyfish
527,address_3,"W. Medical Center Blvd. Montgomery, AL 36116",0.5706,jellyfish
528,address_3,empty,0.6238,jellyfish
529,address_3,"2105 east south boulevard, suite 100",0.7439,jellyfish
530,address_3,empty,0.7734,jellyfish
531,address_3,empty,0.6843,jellyfish
532,address_3,empty,0.7013,jellyfish
533,address_3,2105 east south boulevard suite 100,0.7469,jellyfish
534,address_3,W. Mobile Infirmary Medical Center,0.6190,jellyfish
535,address_3,empty,0.7277,jellyfish
536,address_3,empty,0.8020,jellyfish
537,address_3,2050 east south boulevard,0.5899,jellyfish
538,address_3,W. Medical Tower,0.5923,jellyfish
539,address_3,"2105 east south boulevard, suite 100",0.7171,jellyfish
540,address_3,empty,0.6783,jellyfish
541,address_3,1234 east south boulevard suite 100,0.5882,jellyfish
542,address_3,main street,0.7410,jellyfish
543,address_3,empty,0.7208,jellyfish
544,address_3,1015 w. montgomery highway,0.6352,jellyfish
545,address_3,1600 8th Ave NW,0.6344,jellyfish
546,address_3,main street,0.7513,jellyfish
547,address_3,main street,0.7138,jellyfish
548,address_3,main street,0.7404,jellyfish
549,address_3,1600 18th St NW,0.5956,jellyfish
550,address_3,empty,0.6971,jellyfish
551,address_3,main street,0.7496,jellyfish
552,address_3,1234 medical center drive,0.6629,jellyfish
553,address_3,empty,0.6290,jellyfish
554,address_3,1234 medical center drive,0.7043,jellyfish
555,address_3,main st,0.7102,jellyfish
556,address_3,1600 19th street south,0.5878,jellyfish
557,address_3,empty,0.7193,jellyfish
558,address_3,empty,0.7074,jellyfish
559,address_3,empty,0.6619,jellyfish
560,address_3,1234 W. Main St.,0.5809,jellyfish
561,address_3,1015 w. main st. montgomery al 36106,0.5922,jellyfish
562,address_3,suite 1000,0.7010,jellyfish
563,address_3,suite 4000,0.6674,jellyfish
564,address_3,1015 w. montgomery hwy.,0.5861,jellyfish
565,address_3,main street,0.7432,jellyfish
566,address_3,1015 w. pine st. montgomery al 36106,0.5652,jellyfish
567,address_3,empty,0.7391,jellyfish
568,address_3,empty,0.7574,jellyfish
569,address_3,empty,0.6685,jellyfish
570,address_3,empty,0.6423,jellyfish
571,address_3,empty,0.5578,jellyfish
572,address_3,empty,0.6712,jellyfish
573,address_3,empty,0.6668,jellyfish
574,address_3,empty,0.6141,jellyfish
575,address_3,empty,0.7959,jellyfish
576,address_3,empty,0.6653,jellyfish
577,address_3,empty,0.7396,jellyfish
578,address_3,empty,0.6943,jellyfish
579,address_3,empty,0.7043,jellyfish
580,address_3,empty,0.7227,jellyfish
581,address_3,empty,0.6591,jellyfish
582,address_3,empty,0.7132,jellyfish
583,address_3,empty,0.6402,jellyfish
584,address_3,empty,0.6529,jellyfish
585,address_3,empty,0.6908,jellyfish
586,address_3,empty,0.6760,jellyfish
587,address_3,empty,0.6629,jellyfish
588,address_3,empty,0.7549,jellyfish
589,address_3,north tower,0.6719,jellyfish
590,address_3,empty,0.6955,jellyfish
591,address_3,1600 19th St S,0.5814,jellyfish
592,address_3,main street,0.7428,jellyfish
593,address_3,main street,0.7025,jellyfish
594,address_3,empty,0.6976,jellyfish
595,address_3,main street,0.7546,jellyfish
596,address_3,main street,0.7409,jellyfish
597,address_3,empty,0.6992,jellyfish
598,address_3,empty,0.6298,jellyfish
599,address_3,main street,0.7191,jellyfish
600,address_3,main street,0.7497,jellyfish
601,address_3,main street,0.7231,jellyfish
602,address_3,main street,0.7399,jellyfish
603,address_3,empty,0.5671,jellyfish
604,address_3,main street,0.7128,jellyfish
605,address_3,main street,0.7753,jellyfish
606,address_3,street address service,0.6807,jellyfish
607,address_3,main street,0.7438,jellyfish
608,address_3,main street,0.6601,jellyfish
609,address_3,main st,0.6809,jellyfish
610,address_3,empty,0.6346,jellyfish
611,address_3,main street,0.7018,jellyfish
612,address_3,empty,0.6147,jellyfish
613,address_3,main st. 1,0.6240,jellyfish
614,address_3,main street,0.7012,jellyfish
615,address_3,empty,0.6357,jellyfish
616,address_3,empty,0.7142,jellyfish
617,address_3,empty,0.6770,jellyfish
618,address_3,empty,0.7211,jellyfish
619,address_3,empty,0.6689,jellyfish
620,address_3,empty,0.7451,jellyfish
621,address_3,empty,0.7248,jellyfish
622,address_3,empty,0.7129,jellyfish
623,address_3,empty,0.6453,jellyfish
624,address_3,empty,0.7233,jellyfish
625,address_3,empty,0.6486,jellyfish
626,address_3,empty,0.6267,jellyfish
627,address_3,empty,0.6419,jellyfish
628,address_3,empty,0.6497,jellyfish
629,address_3,1010 medical office building drive,0.5981,jellyfish
630,address_3,empty,0.6549,jellyfish
631,address_3,empty,0.6691,jellyfish
632,address_3,empty,0.6714,jellyfish
633,address_3,empty,0.7392,jellyfish
634,address_3,empty,0.6492,jellyfish
635,address_3,empty,0.7463,jellyfish
636,address_3,main st,0.6793,jellyfish
637,address_3,1010 Medical Dr. S.,0.5702,jellyfish
638,address_3,empty,0.6925,jellyfish
639,address_3,2050 medical office building,0.7226,jellyfish
640,address_3,empty,0.6879,jellyfish
641,address_3,empty,0.7094,jellyfish
642,address_3,empty,0.7393,jellyfish
643,address_3,empty,0.6738,jellyfish
644,address_3,empty,0.7132,jellyfish
645,address_3,empty,0.7296,jellyfish
646,address_3,empty,0.5165,jellyfish
647,address_3,empty,0.6700,jellyfish
648,address_3,empty,0.6748,jellyfish
649,address_3,empty,0.6524,jellyfish
650,address_3,empty,0.6865,jellyfish
651,address_3,main street,0.7237,jellyfish
652,address_3,205 north main street extension,0.7149,jellyfish
653,address_3,empty,0.5558,jellyfish
654,address_3,205 north main street extension,0.7217,jellyfish
655,address_3,empty,0.6576,jellyfish
656,address_3,empty,0.7148,jellyfish
657,address_3,main street suite 100,0.6864,jellyfish
658,address_3,main st. ext.,0.6538,jellyfish
659,address_3,empty,0.6339,jellyfish
660,address_3,empty,0.6690,jellyfish
661,address_3,empty,0.7123,jellyfish
662,address_3,empty,0.7367,jellyfish
663,address_3,empty,0.7371,jellyfish
664,address_3,empty,0.6074,jellyfish
665,address_3,empty,0.7650,jellyfish
666,address_3,empty,0.8162,jellyfish
667,address_3,main street,0.7177,jellyfish
668,address_3,1015th street south,0.6618,jellyfish
669,address_3,1000 17th street south,0.6080,jellyfish
670,address_3,1000 university boulevard,0.6797,jellyfish
671,address_3,main street,0.7157,jellyfish
672,address_3,1000 19th street south,0.6280,jellyfish
673,address_3,1000 19th street south,0.6564,jellyfish
674,address_3,main street,0.6833,jellyfish
675,address_3,1000 14th street north,0.6043,jellyfish
676,address_3,1015th street south,0.6274,jellyfish
677,address_3,1000 19th street south,0.6219,jellyfish
678,address_3,empty,0.7119,jellyfish
679,address_3,1010 university boulevard,0.6892,jellyfish
680,address_3,3200 highland avenue s,0.6625,jellyfish
681,address_3,1400 19th street south,0.6993,jellyfish
682,address_3,1000 17th street south,0.6318,jellyfish
683,address_3,1000 10th street south,0.6070,jellyfish
684,address_3,1010 university boulevard,0.6903,jellyfish
685,address_3,1015 south 19th street,0.6328,jellyfish
686,address_3,1015th street south,0.6583,jellyfish
687,address_3,1234 south 20th street,0.6441,jellyfish
688,address_3,1010 medical center drive,0.6592,jellyfish
689,address_3,1400 19th street south,0.6736,jellyfish
690,address_3,205 19th street south,0.6498,jellyfish
691,address_3,1000 12th street south,0.6535,jellyfish
692,address_3,main street,0.6734,jellyfish
693,address_3,main street,0.7251,jellyfish
694,address_3,main st,0.6848,jellyfish
695,address_3,empty,0.6752,jellyfish
696,address_3,main st,0.7094,jellyfish
697,address_3,empty,0.6420,jellyfish
698,address_3,empty,0.7408,jellyfish
699,address_3,main street,0.7488,jellyfish
700,address_3,street level entrance,0.6849,jellyfish
701,address_3,suite 3000,0.6314,jellyfish
702,address_3,main st,0.7193,jellyfish
703,address_3,main street,0.7330,jellyfish
704,address_3,main street,0.7634,jellyfish
705,address_3,main st,0.7091,jellyfish
706,address_3,1010 Medical Center Drive,0.4237,jellyfish
707,address_3,main st,0.7122,jellyfish
708,address_3,suite 3000,0.7179,jellyfish
709,address_3,empty,0.7844,jellyfish
710,address_3,empty,0.6874,jellyfish
711,address_3,1015 university boulevard,0.7047,jellyfish
712,address_3,suite 3000,0.6805,jellyfish
713,address_3,empty,0.7302,jellyfish
714,address_3,1015 university blvd,0.6683,jellyfish
715,address_3,empty,0.7154,jellyfish
716,address_3,suite 3000,0.7392,jellyfish
717,address_3,empty,0.6330,jellyfish
718,address_3,empty,0.7369,jellyfish
719,address_3,1010 medical center drive,0.6872,jellyfish
720,address_3,empty,0.7195,jellyfish
721,address_3,empty,0.7921,jellyfish
722,address_3,empty,0.6476,jellyfish
723,address_3,empty,0.7076,jellyfish
724,address_3,empty,0.6559,jellyfish
725,address_3,empty,0.6382,jellyfish
726,address_3,empty,0.6332,jellyfish
727,address_3,empty,0.6582,jellyfish
728,address_3,empty,0.7042,jellyfish
729,address_3,empty,0.6433,jellyfish
730,address_3,empty,0.8057,jellyfish
731,address_3,empty,0.5944,jellyfish
732,address_3,empty,0.6652,jellyfish
733,address_3,empty,0.7744,jellyfish
734,address_3,main street,0.7274,jellyfish
735,address_3,empty,0.6233,jellyfish
736,address_3,empty,0.6911,jellyfish
737,address_3,1600 Medical Park Dr NE,0.7076,jellyfish
738,address_3,empty,0.7362,jellyfish
739,address_3,empty,0.6300,jellyfish
740,address_3,empty,0.6973,jellyfish
741,address_3,empty,0.7049,jellyfish
742,address_3,empty,0.6886,jellyfish
743,address_3,main street,0.7667,jellyfish
744,address_3,empty,0.6791,jellyfish
745,address_3,empty,0.8032,jellyfish
746,address_3,empty,0.7174,jellyfish
747,address_3,empty,0.5883,jellyfish
748,address_3,empty,0.5696,jellyfish
749,address_3,empty,0.6290,jellyfish
750,address_3,empty,0.6289,jellyfish
751,address_3,main street,0.7013,jellyfish
752,address_3,empty,0.6491,jellyfish
753,address_3,empty,0.6282,jellyfish
754,address_3,main street,0.6948,jellyfish
755,address_3,main street,0.7230,jellyfish
756,address_3,main st,0.7082,jellyfish
757,address_3,empty,0.7363,jellyfish
758,address_3,empty,0.6442,jellyfish
759,address_3,empty,0.5483,jellyfish
760,address_3,empty,0.6343,jellyfish
761,address_3,empty,0.6861,jellyfish
762,address_3,main street,0.7044,jellyfish
763,address_3,empty,0.7288,jellyfish
764,address_3,main street,0.7039,jellyfish
765,address_3,empty,0.6776,jellyfish
766,address_3,empty,0.6688,jellyfish
767,address_3,empty,0.6905,jellyfish
768,address_3,street view,0.7021,jellyfish
769,address_3,empty,0.7354,jellyfish
770,address_3,St. Vincent's Hospital,0.6812,jellyfish
771,address_3,empty,0.6266,jellyfish
772,address_3,empty,0.7072,jellyfish
773,address_3,empty,0.7178,jellyfish
774,address_3,empty,0.6954,jellyfish
775,address_3,empty,0.6975,jellyfish
776,address_3,empty,0.7453,jellyfish
777,address_3,101 sivley rd s suite 100,0.6687,jellyfish
778,address_3,empty,0.7836,jellyfish
779,address_3,empty,0.8024,jellyfish
780,address_3,suite 1000,0.6429,jellyfish
781,address_3,205 medical office building,0.6629,jellyfish
782,address_3,empty,0.7025,jellyfish
783,address_3,empty,0.7722,jellyfish
784,address_3,205 medical office building,0.7045,jellyfish
785,address_3,205 medical office building,0.6915,jellyfish
786,address_3,empty,0.7108,jellyfish
787,address_3,empty,0.5589,jellyfish
788,address_3,empty,0.6294,jellyfish
789,address_3,empty,0.6328,jellyfish
790,address_3,101 sivley rd s suite 2000,0.6977,jellyfish
791,address_3,empty,0.5913,jellyfish
792,address_3,empty,0.7230,jellyfish
793,address_3,empty,0.6357,jellyfish
794,address_3,parking lot,0.6880,jellyfish
795,address_3,2050 university st nw,0.6072,jellyfish
796,address_3,empty,0.7459,jellyfish
797,address_3,empty,0.8018,jellyfish
798,address_3,101 sivley rd s suite 1000,0.6868,jellyfish
799,address_3,empty,0.6165,jellyfish
800,address_3,101 sivley rd s suite 300,0.6783,jellyfish
801,address_3,empty,0.6385,jellyfish
802,address_3,empty,0.6983,jellyfish
803,address_3,empty,0.7123,jellyfish
804,address_3,empty,0.7978,jellyfish
805,address_3,empty,0.7399,jellyfish
806,address_3,empty,0.8124,jellyfish
807,address_3,empty,0.6607,jellyfish
808,address_3,empty,0.7998,jellyfish
809,address_3,empty,0.5826,jellyfish
810,address_3,empty,0.7478,jellyfish
811,address_3,empty,0.6831,jellyfish
812,address_3,empty,0.6782,jellyfish
813,address_3,empty,0.7275,jellyfish
814,address_3,empty,0.6641,jellyfish
815,address_3,empty,0.7167,jellyfish
816,address_3,empty,0.7384,jellyfish
817,address_3,empty,0.6798,jellyfish
818,address_3,empty,0.7260,jellyfish
819,address_3,empty,0.7508,jellyfish
820,address_3,empty,0.6659,jellyfish
821,address_3,empty,0.7423,jellyfish
822,address_3,empty,0.6516,jellyfish
823,address_3,empty,0.6718,jellyfish
824,address_3,empty,0.6301,jellyfish
825,address_3,empty,0.5810,jellyfish
826,address_3,empty,0.7251,jellyfish
827,address_3,empty,0.7120,jellyfish
828,address_3,empty,0.6501,jellyfish
829,address_3,empty,0.7721,jellyfish
830,address_3,empty,0.7095,jellyfish
831,address_3,empty,0.6507,jellyfish
832,address_3,empty,0.6612,jellyfish
833,address_3,empty,0.6380,jellyfish
834,address_3,2050 medical center drive,0.5470,jellyfish
835,address_3,main street,0.7470,jellyfish
836,address_3,main street,0.7207,jellyfish
837,address_3,1010 lay dam rd. suite 100,0.6893,jellyfish
838,address_3,main street,0.7688,jellyfish
839,address_3,empty,0.6009,jellyfish
840,address_3,1010 lay dam rd. suite 100,0.6808,jellyfish
841,address_3,empty,0.6413,jellyfish
842,address_3,1010 lay dam rd. s. suite 100,0.7662,jellyfish
843,address_3,empty,0.6043,jellyfish
844,address_3,main street,0.7161,jellyfish
845,address_3,empty,0.6626,jellyfish
846,address_3,empty,0.6908,jellyfish
847,address_3,street address suite or other postal identifier,0.5675,jellyfish
848,address_3,1010 lay dam rd. s. suite 101,0.6441,jellyfish
849,address_3,empty,0.6594,jellyfish
850,address_3,main street,0.7113,jellyfish
851,address_3,empty,0.7237,jellyfish
852,address_3,1010 lay dam rd. suite 100,0.6206,jellyfish
853,address_3,empty,0.6743,jellyfish
854,address_3,empty,0.7353,jellyfish
855,address_3,empty,0.6996,jellyfish
856,address_3,empty,0.7300,jellyfish
857,address_3,empty,0.8010,jellyfish
858,address_3,empty,0.6722,jellyfish
859,address_3,empty,0.6456,jellyfish
860,address_3,empty,0.6678,jellyfish
861,address_3,empty,0.6495,jellyfish
862,address_3,main street,0.7779,jellyfish
863,address_3,empty,0.7773,jellyfish
864,address_3,empty,0.7232,jellyfish
865,address_3,empty,0.6552,jellyfish
866,address_3,empty,0.6993,jellyfish
867,address_3,empty,0.6921,jellyfish
868,address_3,empty,0.6249,jellyfish
869,address_3,empty,0.6850,jellyfish
870,address_3,empty,0.5870,jellyfish
871,address_3,main street,0.7304,jellyfish
872,address_3,empty,0.6648,jellyfish
873,address_3,1234 medical drive,0.6237,jellyfish
874,address_3,empty,0.5511,jellyfish
875,address_3,Main St. North,0.6336,jellyfish
876,address_3,empty,0.7198,jellyfish
877,address_3,empty,0.6298,jellyfish
878,address_3,empty,0.6657,jellyfish
879,address_3,empty,0.6424,jellyfish
880,address_3,Main St. Fayette,0.6486,jellyfish
881,address_3,empty,0.6454,jellyfish
882,address_3,main street,0.7261,jellyfish
883,address_3,empty,0.6815,jellyfish
884,address_3,empty,0.7480,jellyfish
885,address_3,empty,0.7650,jellyfish
886,address_3,empty,0.7061,jellyfish
887,address_3,street,0.6982,jellyfish
888,address_3,empty,0.6317,jellyfish
889,address_3,main street,0.6778,jellyfish
890,address_3,empty,0.6370,jellyfish
891,address_3,empty,0.6780,jellyfish
892,address_3,empty,0.6445,jellyfish
893,address_3,empty,0.7679,jellyfish
894,address_3,empty,0.6225,jellyfish
895,address_3,empty,0.6978,jellyfish
896,address_3,empty,0.6269,jellyfish
897,address_3,empty,0.7415,jellyfish
898,address_3,empty,0.5915,jellyfish
899,address_3,empty,0.7217,jellyfish
900,address_3,1600 college street,0.6380,jellyfish
901,address_3,empty,0.8000,jellyfish
902,address_3,empty,0.7323,jellyfish
903,address_3,600 south third street suite 100,0.6782,jellyfish
904,address_3,600 medical plaza drive,0.6822,jellyfish
905,address_3,600 south third street suite 100,0.7338,jellyfish
906,address_3,main street,0.7595,jellyfish
907,address_3,main street,0.7034,jellyfish
908,address_3,600 south third street suite 100,0.7323,jellyfish
909,address_3,empty,0.7148,jellyfish
910,address_3,main street,0.7528,jellyfish
911,address_3,"600 south third street, suite 100",0.7141,jellyfish
912,address_3,main street,0.7097,jellyfish
913,address_3,main street,0.7391,jellyfish
914,address_3,600 medical center drive,0.7735,jellyfish
915,address_3,600 medical center drive,0.7406,jellyfish
916,address_3,600 south 3rd street,0.6603,jellyfish
917,address_3,main st,0.7134,jellyfish
918,address_3,600 south third street suite 100,0.7408,jellyfish
919,address_3,main street,0.7490,jellyfish
920,address_3,600 south third street suite 100,0.7233,jellyfish
921,address_3,main street,0.7214,jellyfish
922,address_3,600 north third street,0.7125,jellyfish
923,address_3,empty,0.8094,jellyfish
924,address_3,"600 south third street, suite 400",0.7185,jellyfish
925,address_3,600 south third street suite 100,0.7307,jellyfish
926,address_3,600 medical center drive,0.7610,jellyfish
927,address_3,600 south third street suite 200,0.6648,jellyfish
928,address_3,600 medical center drive,0.7367,jellyfish
929,address_3,empty,0.6792,jellyfish
930,address_3,600 medical center drive,0.7243,jellyfish
931,address_3,empty,0.7314,jellyfish
932,address_3,main st,0.7617,jellyfish
933,address_3,empty,0.6654,jellyfish
934,address_3,main st,0.7358,jellyfish
935,address_3,main st,0.6874,jellyfish
936,address_3,Main St,0.6849,jellyfish
937,address_3,main st,0.7736,jellyfish
938,address_3,main st,0.7316,jellyfish
939,address_3,empty,0.6712,jellyfish
940,address_3,main st,0.7328,jellyfish
941,address_3,main st,0.7271,jellyfish
942,address_3,main st,0.7002,jellyfish
943,address_3,1015 university ave,0.6341,jellyfish
944,address_3,main st,0.7667,jellyfish
945,address_3,empty,0.7831,jellyfish
946,address_3,main st,0.7635,jellyfish
947,address_3,main st,0.7304,jellyfish
948,address_3,empty,0.7924,jellyfish
949,address_3,empty,0.7668,jellyfish
950,address_3,empty,0.8086,jellyfish
951,address_3,empty,0.6868,jellyfish
952,address_3,empty,0.6543,jellyfish
953,address_3,empty,0.7254,jellyfish
954,address_3,empty,0.7083,jellyfish
955,address_3,empty,0.6000,jellyfish
956,address_3,main street,0.7638,jellyfish
957,address_3,main street,0.7034,jellyfish
958,address_3,1000 medical park drive,0.6498,jellyfish
959,address_3,main street,0.7514,jellyfish
960,address_3,main st,0.6727,jellyfish
961,address_3,empty,0.6302,jellyfish
962,address_3,main street,0.7176,jellyfish
963,address_3,main street,0.7528,jellyfish
964,address_3,main st,0.6932,jellyfish
965,address_3,main street,0.7300,jellyfish
966,address_3,main st,0.7260,jellyfish
967,address_3,main st,0.7425,jellyfish
968,address_3,400 n edwards street suite 100,0.7161,jellyfish
969,address_3,main street,0.6849,jellyfish
970,address_3,main st,0.7060,jellyfish
971,address_3,main st,0.7357,jellyfish
972,address_3,empty,0.6609,jellyfish
973,address_3,main street,0.7177,jellyfish
974,address_3,400 n edwards street suite 100,0.6933,jellyfish
975,address_3,main st,0.7306,jellyfish
976,address_3,400 n edwards street suite 100,0.7174,jellyfish
977,address_3,empty,0.6055,jellyfish
978,address_3,main st,0.7204,jellyfish
979,address_3,empty,0.6257,jellyfish
980,address_3,main street,0.7452,jellyfish
981,address_3,empty,0.6372,jellyfish
982,address_3,empty,0.6277,jellyfish
983,address_3,1015 university boulevard,0.6150,jellyfish
984,address_3,empty,0.7983,jellyfish
985,address_3,empty,0.7314,jellyfish
986,address_3,empty,0.6337,jellyfish
987,address_3,street,0.6748,jellyfish
988,address_3,empty,0.6748,jellyfish
989,address_3,empty,0.6502,jellyfish
990,address_3,street level entrance,0.7075,jellyfish
991,address_3,empty,0.5997,jellyfish
992,address_3,empty,0.7931,jellyfish
993,address_3,1015 university boulevard,0.6881,jellyfish
994,address_3,empty,0.6806,jellyfish
995,address_3,empty,0.6982,jellyfish
996,address_3,empty,0.5843,jellyfish
997,address_3,main street,0.7631,jellyfish
998,address_3,main st,0.6539,jellyfish
999,address_3,street address service,0.7560,jellyfish
1000,address_3,empty,0.6501,jellyfish
1,city,birmingham,0.8021,jellyfish
2,city,birmingham,0.7698,jellyfish
3,city,birmingham,0.7464,jellyfish
4,city,birmingham,0.8364,jellyfish
5,city,birmingham,0.7827,jellyfish
6,city,birmingham,0.7928,jellyfish
7,city,birmingham,0.7826,jellyfish
8,city,birmingham,0.8368,jellyfish
9,city,sheffield,0.5718,jellyfish
10,city,montgomery,0.8160,jellyfish
11,city,seattle,0.6954,jellyfish
12,city,montgomery,0.7910,jellyfish
13,city,montgomery,0.7836,jellyfish
14,city,sheffield,0.6849,jellyfish
15,city,sheffield,0.7214,jellyfish
16,city,montgomery,0.8203,jellyfish
17,city,sheffield,0.6841,jellyfish
18,city,sheffield,0.7676,jellyfish
19,city,montgomery,0.8082,jellyfish
20,city,dothan,0.7008,jellyfish
21,city,dothan,0.5719,jellyfish
22,city,dothan,0.5263,jellyfish
23,city,dothan,0.6065,jellyfish
24,city,dothan,0.5875,jellyfish
25,city,dothan,0.7806,jellyfish
26,city,dothan,0.7646,jellyfish
27,city,dothan,0.6811,jellyfish
28,city,dothan,0.6196,jellyfish
29,city,dothan,0.6146,jellyfish
30,city,dothan,0.6486,jellyfish
31,city,dothan,0.6493,jellyfish
32,city,dothan,0.6860,jellyfish
33,city,dothan,0.7230,jellyfish
34,city,dothan,0.7451,jellyfish
35,city,dothan,0.6723,jellyfish
36,city,dothan,0.7233,jellyfish
37,city,dothan,0.7112,jellyfish
38,city,dothan,0.6663,jellyfish
39,city,dothan,0.7140,jellyfish
40,city,dothan,0.6683,jellyfish
41,city,dothan,0.7752,jellyfish
42,city,dothan,0.7397,jellyfish
43,city,dothan,0.7038,jellyfish
44,city,dothan,0.8048,jellyfish
45,city,boaz,0.8161,jellyfish
46,city,boaz,0.7722,jellyfish
47,city,boaz,0.7955,jellyfish
48,city,boaz,0.7349,jellyfish
49,city,boaz,0.4972,jellyfish
50,city,boaz,0.7409,jellyfish
51,city,boaz,0.7456,jellyfish
52,city,boaz,0.6384,jellyfish
53,city,boaz,0.7461,jellyfish
54,city,boaz,0.7686,jellyfish
55,city,boaz,0.7214,jellyfish
56,city,boaz,0.7899,jellyfish
57,city,montgomery,0.7492,jellyfish
58,city,boaz,0.6574,jellyfish
59,city,boaz,0.7452,jellyfish
60,city,boaz,0.5764,jellyfish
61,city,boaz,0.7740,jellyfish
62,city,boaz,0.7841,jellyfish
63,city,boaz,0.6216,jellyfish
64,city,boaz,0.7982,jellyfish
65,city,boaz,0.6891,jellyfish
66,city,boaz,0.7131,jellyfish
67,city,boaz,0.7715,jellyfish
68,city,boaz,0.7346,jellyfish
69,city,boaz,0.8073,jellyfish
70,city,florence,0.7238,jellyfish
71,city,florence,0.7622,jellyfish
72,city,florence,0.7878,jellyfish
73,city,florence,0.7191,jellyfish
74,city,florence,0.6720,jellyfish
75,city,florence,0.7293,jellyfish
76,city,florence,0.7515,jellyfish
77,city,florence,0.7385,jellyfish
78,city,florence,0.7605,jellyfish
79,city,florence,0.7537,jellyfish
80,city,florence,0.6540,jellyfish
81,city,florence,0.7668,jellyfish
82,city,florence,0.7735,jellyfish
83,city,florence,0.7517,jellyfish
84,city,florence,0.6273,jellyfish
85,city,florence,0.7454,jellyfish
86,city,florence,0.7455,jellyfish
87,city,florence,0.7890,jellyfish
88,city,florence,0.7431,jellyfish
89,city,flora View Answer,0.7148,jellyfish
90,city,florence,0.6053,jellyfish
91,city,florence,0.6623,jellyfish
92,city,florence,0.7951,jellyfish
93,city,florence,0.5826,jellyfish
94,city,florence,0.8127,jellyfish
95,city,montgomery,0.7562,jellyfish
96,city,opp,0.7878,jellyfish
97,city,opp,0.7347,jellyfish
98,city,opp,0.7437,jellyfish
99,city,opp,0.8003,jellyfish
100,city,opp,0.7125,jellyfish
101,city,opp,0.6815,jellyfish
102,city,opp,0.7302,jellyfish
103,city,opp,0.7424,jellyfish
104,city,opp,0.7204,jellyfish
105,city,opp,0.6622,jellyfish
106,city,opp,0.7472,jellyfish
107,city,opp,0.8199,jellyfish
108,city,opp,0.7327,jellyfish
109,city,opp,0.8176,jellyfish
110,city,opp,0.8227,jellyfish
111,city,opp,0.7175,jellyfish
112,city,opp,0.7038,jellyfish
113,city,opp,0.8166,jellyfish
114,city,opp,0.8162,jellyfish
115,city,opp,0.7315,jellyfish
116,city,opp,0.7321,jellyfish
117,city,opp,0.7972,jellyfish
118,city,opp,0.6684,jellyfish
119,city,opp,0.7977,jellyfish
120,city,montgomery,0.8326,jellyfish
121,city,montgomery,0.8012,jellyfish
122,city,montgomery,0.7689,jellyfish
123,city,montgomery,0.8305,jellyfish
124,city,montgomery,0.3686,jellyfish
125,city,montgomery,0.8224,jellyfish
126,city,montgomery,0.8134,jellyfish
127,city,montgomery,0.3021,jellyfish
128,city,montgomery,0.7912,jellyfish
129,city,montgomery,0.8284,jellyfish
130,city,montgomery,0.8335,jellyfish
131,city,montgomery,0.5705,jellyfish
132,city,montgomery,0.7870,jellyfish
133,city,montgomery,0.7915,jellyfish
134,city,montgomery,0.7939,jellyfish
135,city,montgomery,0.8241,jellyfish
136,city,montgomery,0.3688,jellyfish
137,city,montgomery,0.7243,jellyfish
138,city,montgomery,0.8062,jellyfish
139,city,montgomery,0.7945,jellyfish
140,city,montgomery,0.8174,jellyfish
141,city,montgomery,0.7492,jellyfish
142,city,montgomery,0.8221,jellyfish
143,city,montgomery,0.7643,jellyfish
144,city,montgomery,0.7177,jellyfish
145,city,hartselle,0.6959,jellyfish
146,city,hartselle,0.7035,jellyfish
147,city,hartselle,0.7720,jellyfish
148,city,hartselle,0.7391,jellyfish
149,city,hartselle,0.6631,jellyfish
150,city,hartselle,0.6742,jellyfish
151,city,hartselle,0.7934,jellyfish
152,city,hartselle,0.7352,jellyfish
153,city,hartselle,0.6922,jellyfish
154,city,hartselle,0.6472,jellyfish
155,city,hartselle,0.6482,jellyfish
156,city,hartselle,0.7310,jellyfish
157,city,hartselle,0.7895,jellyfish
158,city,hartselle,0.7654,jellyfish
159,city,hartselle,0.7957,jellyfish
160,city,hartselle,0.5802,jellyfish
161,city,hartselle,0.7412,jellyfish
162,city,hartselle,0.7706,jellyfish
163,city,hartselle,0.7260,jellyfish
164,city,hartselle,0.7541,jellyfish
165,city,hartselle,0.8229,jellyfish
166,city,hartselle,0.7638,jellyfish
167,city,hartselle,0.6649,jellyfish
168,city,hartselle,0.7819,jellyfish
169,city,hartselle,0.8326,jellyfish
170,city,guntersville,0.8022,jellyfish
171,city,guntersville,0.5183,jellyfish
172,city,dadeville,0.7604,jellyfish
173,city,guntersville,0.7648,jellyfish
174,city,guntersville,0.7037,jellyfish
175,city,guntersville,0.7286,jellyfish
176,city,huntsville,0.7204,jellyfish
177,city,guntersville,0.8008,jellyfish
178,city,guntersville,0.7102,jellyfish
179,city,guntersville,0.7631,jellyfish
180,city,guntersville,0.7606,jellyfish
181,city,guntersville,0.8329,jellyfish
182,city,guntersville,0.8056,jellyfish
183,city,guntersville,0.7648,jellyfish
184,city,guntersville,0.7348,jellyfish
185,city,guntersville,0.6822,jellyfish
186,city,guntersville,0.8058,jellyfish
187,city,guntersville,0.7804,jellyfish
188,city,guntersville,0.7537,jellyfish
189,city,guntersville,0.7619,jellyfish
190,city,guntersville,0.6510,jellyfish
191,city,guntersville,0.7688,jellyfish
192,city,guntersville,0.7097,jellyfish
193,city,guntersville,0.6323,jellyfish
194,city,guntersville,0.6586,jellyfish
195,city,birmingham,0.7323,jellyfish
196,city,birmingham,0.7848,jellyfish
197,city,birmingham,0.8055,jellyfish
198,city,birmingham,0.6344,jellyfish
199,city,birmingham,0.7926,jellyfish
200,city,birmingham,0.7653,jellyfish
201,city,birmingham,0.5494,jellyfish
202,city,birmingham,0.7949,jellyfish
203,city,birmingham,0.7822,jellyfish
204,city,birmingham,0.7659,jellyfish
205,city,birmingham,0.7884,jellyfish
206,city,birmingham,0.6901,jellyfish
207,city,birmingham,0.8146,jellyfish
208,city,montgomery,0.7872,jellyfish
209,city,birmingham,0.7495,jellyfish
210,city,birmingham,0.7332,jellyfish
211,city,birmingham,0.7894,jellyfish
212,city,birmingham,0.7705,jellyfish
213,city,birmingham,0.8182,jellyfish
214,city,birmingham,0.7870,jellyfish
215,city,birmingham,0.6711,jellyfish
216,city,birmingham,0.6592,jellyfish
217,city,birmingham,0.7467,jellyfish
218,city,birmingham,0.7486,jellyfish
219,city,birmingham,0.7134,jellyfish
220,city,fort payne,0.6202,jellyfish
221,city,fort payne,0.8301,jellyfish
222,city,fort payne,0.7523,jellyfish
223,city,fort payne,0.6535,jellyfish
224,city,fort payne,0.8423,jellyfish
225,city,fort payne,0.6751,jellyfish
226,city,fort payne,0.6402,jellyfish
227,city,fort payne,0.6632,jellyfish
228,city,fort payne,0.5821,jellyfish
229,city,atlanta,0.8135,jellyfish
230,city,fort payne,0.7277,jellyfish
231,city,fort payne,0.7901,jellyfish
232,city,fort payne,0.8415,jellyfish
233,city,fort payne,0.6743,jellyfish
234,city,fort payne,0.6501,jellyfish
235,city,fort payne,0.6227,jellyfish
236,city,fort payne,0.7050,jellyfish
237,city,fort payne,0.7206,jellyfish
238,city,fort payne,0.8567,jellyfish
239,city,fort payne,0.7993,jellyfish
240,city,fort payne,0.6584,jellyfish
241,city,fort payne,0.8498,jellyfish
242,city,fort payne,0.6930,jellyfish
243,city,fort payne,0.6677,jellyfish
244,city,fort payne,0.6337,jellyfish
245,city,meridian,0.7378,jellyfish
246,city,meridian,0.6956,jellyfish
247,city,thomasville,0.7767,jellyfish
248,city,meridian,0.7850,jellyfish
249,city,meridian,0.7938,jellyfish
250,city,meridian,0.7302,jellyfish
251,city,meridian,0.6279,jellyfish
252,city,montgomery,0.7428,jellyfish
253,city,thomasville,0.7703,jellyfish
254,city,thomasville,0.7013,jellyfish
255,city,montgomery,0.7573,jellyfish
256,city,montgomery,0.7029,jellyfish
257,city,thomasville,0.7755,jellyfish
258,city,thomasville,0.6421,jellyfish
259,city,thomasville,0.7567,jellyfish
260,city,montgomery,0.7951,jellyfish
261,city,meridian,0.8219,jellyfish
262,city,thomasville,0.6307,jellyfish
263,city,thomasville,0.7942,jellyfish
264,city,thomasville,0.6596,jellyfish
265,city,montgomery,0.7036,jellyfish
266,city,montgomery,0.7571,jellyfish
267,city,thomasville,0.7354,jellyfish
268,city,thomasville,0.7527,jellyfish
269,city,thomasville,0.8176,jellyfish
270,city,alabaster,0.5606,jellyfish
271,city,alabaster,0.5666,jellyfish
272,city,alabaster,0.8079,jellyfish
273,city,alabaster,0.6318,jellyfish
274,city,alabaster,0.7899,jellyfish
275,city,alabaster,0.8011,jellyfish
276,city,alabaster,0.7925,jellyfish
277,city,alabaster,0.6325,jellyfish
278,city,alabaster,0.4425,jellyfish
279,city,alabaster,0.7659,jellyfish
280,city,alabaster,0.5201,jellyfish
281,city,alabaster,0.6224,jellyfish
282,city,alabaster,0.7457,jellyfish
283,city,alabaster,0.7700,jellyfish
284,city,alabaster,0.7765,jellyfish
285,city,alabaster,0.7746,jellyfish
286,city,alabaster,0.6355,jellyfish
287,city,alabaster,0.7066,jellyfish
288,city,alabaster,0.5447,jellyfish
289,city,alabaster,0.7527,jellyfish
290,city,alabaster,0.8026,jellyfish
291,city,alabaster,0.6449,jellyfish
292,city,alabaster,0.7756,jellyfish
293,city,alabaster,0.6689,jellyfish
294,city,alabaster,0.7830,jellyfish
295,city,montgomery,0.7490,jellyfish
296,city,montgomery,0.6693,jellyfish
297,city,birmingham,0.8099,jellyfish
298,city,birmingham,0.7604,jellyfish
299,city,montgomery,0.7199,jellyfish
300,city,birmingham,0.7367,jellyfish
301,city,birmingham,0.7487,jellyfish
302,city,birmingham,0.7529,jellyfish
303,city,birmingham,0.7974,jellyfish
304,city,birmingham,0.8031,jellyfish
305,city,birmingham,0.7860,jellyfish
306,city,birmingham,0.7397,jellyfish
307,city,birmingham,0.5699,jellyfish
308,city,montgomery,0.6815,jellyfish
309,city,birmingham,0.7628,jellyfish
310,city,montgomery,0.7749,jellyfish
311,city,montgomery,0.6831,jellyfish
312,city,montgomery,0.7985,jellyfish
313,city,anniston,0.3805,jellyfish
314,city,anniston,0.7580,jellyfish
315,city,anniston,0.7721,jellyfish
316,city,anniston,0.5382,jellyfish
317,city,anniston,0.7346,jellyfish
318,city,anniston,0.7614,jellyfish
319,city,anniston,0.7559,jellyfish
320,city,anniston,0.7608,jellyfish
321,city,anniston,0.7569,jellyfish
322,city,anniston,0.7609,jellyfish
323,city,anniston,0.7614,jellyfish
324,city,anniston,0.6887,jellyfish
325,city,anniston,0.6273,jellyfish
326,city,anniston,0.7018,jellyfish
327,city,anniston,0.7755,jellyfish
328,city,anniston,0.6227,jellyfish
329,city,anniston,0.6802,jellyfish
330,city,anniston,0.7275,jellyfish
331,city,anniston,0.7765,jellyfish
332,city,dothan,0.7567,jellyfish
333,city,dothan,0.6515,jellyfish
334,city,dothan,0.6465,jellyfish
335,city,montgomery,0.6416,jellyfish
336,city,dothan,0.6647,jellyfish
337,city,montgomery,0.8107,jellyfish
338,city,dothan,0.6901,jellyfish
339,city,dothan,0.5733,jellyfish
340,city,montgomery,0.7200,jellyfish
341,city,dothan,0.6973,jellyfish
342,city,dothan,0.7501,jellyfish
343,city,dothan,0.6005,jellyfish
344,city,dothan,0.6656,jellyfish
345,city,dothan,0.6817,jellyfish
346,city,dothan,0.6682,jellyfish
347,city,dothan,0.6129,jellyfish
348,city,dothan,0.7900,jellyfish
349,city,birmingham,0.7510,jellyfish
350,city,birmingham,0.7296,jellyfish
351,city,montgomery,0.7531,jellyfish
352,city,birmingham,0.7712,jellyfish
353,city,birmingham,0.6823,jellyfish
354,city,decatur,0.7824,jellyfish
355,city,winfield,0.6399,jellyfish
356,city,winfield,0.6671,jellyfish
357,city,winfield,0.6999,jellyfish
358,city,winfield,0.6926,jellyfish
359,city,winfield,0.7716,jellyfish
360,city,winfield,0.7687,jellyfish
361,city,winfield,0.7745,jellyfish
362,city,winfield,0.7084,jellyfish
363,city,winfield,0.6472,jellyfish
364,city,dadeville,0.7910,jellyfish
365,city,winfield,0.7434,jellyfish
366,city,winfield,0.7760,jellyfish
367,city,winfield,0.4835,jellyfish
368,city,winnfield,0.7939,jellyfish
369,city,winfield,0.7865,jellyfish
370,city,winfield,0.3702,jellyfish
371,city,winfield,0.6812,jellyfish
372,city,winfield,0.7501,jellyfish
373,city,winfield,0.7829,jellyfish
374,city,winfield,0.7900,jellyfish
375,city,winfield,0.6547,jellyfish
376,city,winfield,0.7665,jellyfish
377,city,winfield,0.7613,jellyfish
378,city,winfield,0.7123,jellyfish
379,city,winfield,0.7893,jellyfish
380,city,mobile,0.7012,jellyfish
381,city,mobile,0.8091,jellyfish
382,city,mobile,0.7486,jellyfish
383,city,mobile,0.7451,jellyfish
384,city,mobile,0.7232,jellyfish
385,city,mobile,0.7416,jellyfish
386,city,mobile,0.7301,jellyfish
387,city,mobile,0.7582,jellyfish
388,city,mobile,0.7663,jellyfish
389,city,mobile,0.8044,jellyfish
390,city,mobile,0.7747,jellyfish
391,city,mobile,0.7349,jellyfish
392,city,mobile,0.7105,jellyfish
393,city,prattville,0.7455,jellyfish
394,city,prattville,0.7727,jellyfish
395,city,prattville,0.7957,jellyfish
396,city,prattville,0.7519,jellyfish
397,city,prattville,0.7302,jellyfish
398,city,prattville,0.7476,jellyfish
399,city,prattville,0.6886,jellyfish
400,city,prattville,0.7430,jellyfish
401,city,prattville,0.7363,jellyfish
402,city,prattville,0.7835,jellyfish
403,city,prattville,0.7379,jellyfish
404,city,prattville,0.7145,jellyfish
405,city,prattville,0.6898,jellyfish
406,city,prattville,0.7523,jellyfish
407,city,prattville,0.7870,jellyfish
408,city,prattville,0.5849,jellyfish
409,city,prattville,0.7248,jellyfish
410,city,prattville,0.5660,jellyfish
411,city,prattville,0.7107,jellyfish
412,city,prattville,0.7217,jellyfish
413,city,russellville,0.7653,jellyfish
414,city,russellville,0.7961,jellyfish
415,city,sydney,0.6377,jellyfish
416,city,sy,0.6037,jellyfish
417,city,sydney,0.6798,jellyfish
418,city,sydney,0.7005,jellyfish
419,city,sydacauga,0.6703,jellyfish
420,city,sydney,0.6512,jellyfish
421,city,sy,0.5887,jellyfish
422,city,sy,0.7565,jellyfish
423,city,sydney,0.6479,jellyfish
424,city,sydacauga,0.6668,jellyfish
425,city,sy,0.6643,jellyfish
426,city,sy,0.2998,jellyfish
427,city,syllabus,0.7181,jellyfish
428,city,sydney,0.5537,jellyfish
429,city,sydney,0.6278,jellyfish
430,city,sydney,0.6529,jellyfish
431,city,sydney,0.6623,jellyfish
432,city,sydney,0.6877,jellyfish
433,city,anchorage,0.6311,jellyfish
434,city,anchorage,0.6604,jellyfish
435,city,anchorage,0.7146,jellyfish
436,city,anchorage,0.7845,jellyfish
437,city,anchorage,0.7868,jellyfish
438,city,anchorage,0.8368,jellyfish
439,city,anchorage,0.7742,jellyfish
440,city,anchorage,0.8446,jellyfish
441,city,anchorage,0.7723,jellyfish
442,city,anchorage,0.7735,jellyfish
443,city,anchorage,0.7245,jellyfish
444,city,anchorage,0.7353,jellyfish
445,city,anchorage,0.7400,jellyfish
446,city,anchorage,0.7915,jellyfish
447,city,anchorage,0.7172,jellyfish
448,city,anchorage,0.7438,jellyfish
449,city,anchorage,0.5881,jellyfish
450,city,anchorage,0.7751,jellyfish
451,city,bethel,0.7237,jellyfish
452,city,bethel,0.5981,jellyfish
453,city,montgomery,0.7852,jellyfish
454,city,sheffield,0.7703,jellyfish
455,city,sheffield,0.7295,jellyfish
456,city,sheffield,0.7026,jellyfish
457,city,sheffield,0.6560,jellyfish
458,city,oxford,0.7752,jellyfish
459,city,sheffield,0.7195,jellyfish
460,city,sheffield,0.7111,jellyfish
461,city,sheffield,0.5707,jellyfish
462,city,sheffield,0.6890,jellyfish
463,city,montgomery,0.8495,jellyfish
464,city,sheffield,0.6989,jellyfish
465,city,sheffield,0.7891,jellyfish
466,city,sheffield,0.6862,jellyfish
467,city,ozark,0.7160,jellyfish
468,city,montgomery,0.8178,jellyfish
469,city,montgomery,0.7572,jellyfish
470,city,ozark,0.7699,jellyfish
471,city,ozark,0.7899,jellyfish
472,city,montgomery,0.7080,jellyfish
473,city,montgomery,0.8164,jellyfish
474,city,montgomery,0.8013,jellyfish
475,city,montgomery,0.8001,jellyfish
476,city,ozark,0.7791,jellyfish
477,city,ozark,0.7759,jellyfish
478,city,montgomery,0.8255,jellyfish
479,city,montgomery,0.7769,jellyfish
480,city,ozark,0.8046,jellyfish
481,city,ozark,0.7710,jellyfish
482,city,montgomery,0.7360,jellyfish
483,city,montgomery,0.8063,jellyfish
484,city,ozark,0.7763,jellyfish
485,city,ozark,0.7585,jellyfish
486,city,birmingham,0.8024,jellyfish
487,city,ozark,0.6834,jellyfish
488,city,montgomery,0.3410,jellyfish
489,city,ozark,0.6600,jellyfish
490,city,ozark,0.6036,jellyfish
491,city,montgomery,0.8418,jellyfish
492,city,centre,0.5822,jellyfish
493,city,centre,0.7656,jellyfish
494,city,centerville,0.7650,jellyfish
495,city,centre,0.7351,jellyfish
496,city,centre,0.6407,jellyfish
497,city,centerville,0.7253,jellyfish
498,city,centre,0.6309,jellyfish
499,city,centre,0.6697,jellyfish
500,city,centre,0.7200,jellyfish
501,city,centre,0.5301,jellyfish
502,city,centre,0.7087,jellyfish
503,city,centerville,0.6919,jellyfish
504,city,centre,0.6725,jellyfish
505,city,centre,0.6918,jellyfish
506,city,centre,0.5829,jellyfish
507,city,centre,0.7130,jellyfish
508,city,centre,0.7981,jellyfish
509,city,centreville,0.7487,jellyfish
510,city,centre,0.7987,jellyfish
511,city,centre,0.6944,jellyfish
512,city,centre,0.5471,jellyfish
513,city,centre,0.6531,jellyfish
514,city,centre,0.6220,jellyfish
515,city,centre,0.7585,jellyfish
516,city,centre,0.7664,jellyfish
517,city,montgomery,0.8087,jellyfish
518,city,montgomery,0.8471,jellyfish
519,city,montgomery,0.7444,jellyfish
520,city,montgomery,0.6994,jellyfish
521,city,montgomery,0.7986,jellyfish
522,city,montgomery,0.7867,jellyfish
523,city,montgomery,0.7808,jellyfish
524,city,montgomery,0.8125,jellyfish
525,city,montgomery,0.7635,jellyfish
526,city,montgomery,0.8179,jellyfish
527,city,montgomery,0.7889,jellyfish
528,city,montgomery,0.6378,jellyfish
529,city,montgomery,0.7243,jellyfish
530,city,montgomery,0.7608,jellyfish
531,city,montgomery,0.7706,jellyfish
532,city,montgomery,0.7732,jellyfish
533,city,montgomery,0.7108,jellyfish
534,city,montgomery,0.6261,jellyfish
535,city,montgomery,0.6896,jellyfish
536,city,montgomery,0.8165,jellyfish
537,city,montgomery,0.7500,jellyfish
538,city,montgomery,0.8105,jellyfish
539,city,montgomery,0.7121,jellyfish
540,city,montgomery,0.7932,jellyfish
541,city,montgomery,0.7890,jellyfish
542,city,montgomery,0.7668,jellyfish
543,city,montgomery,0.7521,jellyfish
544,city,montgomery,0.8120,jellyfish
545,city,montgomery,0.5585,jellyfish
546,city,montgomery,0.7971,jellyfish
547,city,montgomery,0.6331,jellyfish
548,city,montgomery,0.6556,jellyfish
549,city,montgomery,0.6675,jellyfish
550,city,montgomery,0.7924,jellyfish
551,city,montgomery,0.7792,jellyfish
552,city,montgomery,0.7900,jellyfish
553,city,montgomery,0.6778,jellyfish
554,city,montgomery,0.8247,jellyfish
555,city,montgomery,0.8091,jellyfish
556,city,montgomery,0.7685,jellyfish
557,city,montgomery,0.8010,jellyfish
558,city,montgomery,0.8003,jellyfish
559,city,montgomery,0.7584,jellyfish
560,city,montgomery,0.6744,jellyfish
561,city,montgomery,0.6304,jellyfish
562,city,montgomery,0.7972,jellyfish
563,city,montgomery,0.7411,jellyfish
564,city,montgomery,0.7914,jellyfish
565,city,montgomery,0.7685,jellyfish
566,city,montgomery,0.7901,jellyfish
567,city,valley,0.7979,jellyfish
568,city,valley,0.8420,jellyfish
569,city,valley,0.7920,jellyfish
570,city,valley,0.7896,jellyfish
571,city,valley,0.7674,jellyfish
572,city,valley,0.6997,jellyfish
573,city,valley,0.7780,jellyfish
574,city,valley,0.7830,jellyfish
575,city,valley,0.7589,jellyfish
576,city,valley,0.7576,jellyfish
577,city,valley,0.7323,jellyfish
578,city,valley,0.7821,jellyfish
579,city,valley View,0.7230,jellyfish
580,city,valley,0.8173,jellyfish
581,city,lanett,0.8053,jellyfish
582,city,valley,0.7852,jellyfish
583,city,valley,0.7761,jellyfish
584,city,valley,0.7367,jellyfish
585,city,valley,0.8111,jellyfish
586,city,valley,0.8105,jellyfish
587,city,valley,0.7993,jellyfish
588,city,valley,0.7803,jellyfish
589,city,valley,0.8282,jellyfish
590,city,valley,0.7770,jellyfish
591,city,valley,0.8045,jellyfish
592,city,elba,0.7446,jellyfish
593,city,elba,0.7497,jellyfish
594,city,elba,0.7792,jellyfish
595,city,elba,0.7431,jellyfish
596,city,elba,0.7774,jellyfish
597,city,elba,0.7187,jellyfish
598,city,elba,0.7156,jellyfish
599,city,elba,0.8115,jellyfish
600,city,elba,0.7730,jellyfish
601,city,elba,0.7603,jellyfish
602,city,montgomery,0.7284,jellyfish
603,city,elba,0.7950,jellyfish
604,city,elba,0.7093,jellyfish
605,city,elba,0.6692,jellyfish
606,city,elba,0.7911,jellyfish
607,city,elba,0.7894,jellyfish
608,city,elba,0.7075,jellyfish
609,city,elba,0.7901,jellyfish
610,city,elba,0.7921,jellyfish
611,city,elba,0.8023,jellyfish
612,city,elba,0.7409,jellyfish
613,city,elba,0.7546,jellyfish
614,city,elba,0.8118,jellyfish
615,city,elba,0.7825,jellyfish
616,city,elba,0.7868,jellyfish
617,city,opelika,0.7039,jellyfish
618,city,opelika,0.6696,jellyfish
619,city,opelika,0.6230,jellyfish
620,city,opelika,0.7768,jellyfish
621,city,opelika,0.7062,jellyfish
622,city,opelika,0.7587,jellyfish
623,city,opelika,0.7476,jellyfish
624,city,opelika,0.7303,jellyfish
625,city,Opelika,0.6164,jellyfish
626,city,opelika,0.7235,jellyfish
627,city,opelika,0.6805,jellyfish
628,city,opelika,0.6380,jellyfish
629,city,Opelika,0.6727,jellyfish
630,city,opelika,0.7001,jellyfish
631,city,opelika,0.6974,jellyfish
632,city,opelika,0.6592,jellyfish
633,city,opelika,0.7359,jellyfish
634,city,opelika,0.5903,jellyfish
635,city,opelika,0.7541,jellyfish
636,city,opelika,0.7243,jellyfish
637,city,opelika,0.7454,jellyfish
638,city,opelika,0.5685,jellyfish
639,city,Opelika,0.7695,jellyfish
640,city,Opelika,0.7782,jellyfish
641,city,Opelika,0.6449,jellyfish
642,city,wedowee,0.8087,jellyfish
643,city,wedowee,0.6421,jellyfish
644,city,wedowee,0.6849,jellyfish
645,city,wedowee,0.7806,jellyfish
646,city,wedowee,0.6411,jellyfish
647,city,wedowee,0.8048,jellyfish
648,city,wedowee,0.7769,jellyfish
649,city,wedowee,0.7063,jellyfish
650,city,wedowee,0.6700,jellyfish
651,city,wedowee,0.7677,jellyfish
652,city,wedowee,0.7959,jellyfish
653,city,lee county,0.6748,jellyfish
654,city,wedowee,0.7175,jellyfish
655,city,weddowee,0.7554,jellyfish
656,city,montgomery,0.6084,jellyfish
657,city,wedowee,0.7232,jellyfish
658,city,wedowee,0.7661,jellyfish
659,city,wedowee,0.6155,jellyfish
660,city,wedowee,0.6310,jellyfish
661,city,wedowee,0.7736,jellyfish
662,city,wedowee,0.6853,jellyfish
663,city,wedowee,0.8169,jellyfish
664,city,wedowee,0.7873,jellyfish
665,city,wedowee,0.7427,jellyfish
666,city,wedowee,0.8298,jellyfish
667,city,birmingham,0.7757,jellyfish
668,city,montgomery,0.6739,jellyfish
669,city,birmingham,0.7521,jellyfish
670,city,birmingham,0.6235,jellyfish
671,city,montgomery,0.7696,jellyfish
672,city,montgomery,0.7733,jellyfish
673,city,birmingham,0.6697,jellyfish
674,city,birmingham,0.7339,jellyfish
675,city,birmingham,0.6717,jellyfish
676,city,birmingham,0.7651,jellyfish
677,city,montgomery,0.6747,jellyfish
678,city,montgomery,0.7754,jellyfish
679,city,birmingham,0.7511,jellyfish
680,city,birmingham,0.6940,jellyfish
681,city,birmingham,0.6337,jellyfish
682,city,montgomery,0.7251,jellyfish
683,city,montgomery,0.8097,jellyfish
684,city,birmingham,0.7807,jellyfish
685,city,birmingham,0.7683,jellyfish
686,city,birmingham,0.7543,jellyfish
687,city,birmingham,0.7049,jellyfish
688,city,birmingham,0.6166,jellyfish
689,city,birmingham,0.7451,jellyfish
690,city,birmingham,0.7945,jellyfish
691,city,birmingham,0.8613,jellyfish
692,city,tallassee,0.7966,jellyfish
693,city,tallassee,0.6881,jellyfish
694,city,tallassee,0.7531,jellyfish
695,city,tallassee,0.7758,jellyfish
696,city,tallassee,0.6363,jellyfish
697,city,birmingham,0.8599,jellyfish
698,city,tallasee,0.8127,jellyfish
699,city,tallasee,0.8007,jellyfish
700,city,tallassee,0.7657,jellyfish
701,city,tallassee,0.7971,jellyfish
702,city,tallassee,0.7132,jellyfish
703,city,tallassee,0.7052,jellyfish
704,city,tallassee,0.6147,jellyfish
705,city,talasee,0.7214,jellyfish
706,city,tallassee,0.6345,jellyfish
707,city,tallassee,0.7889,jellyfish
708,city,tallassee,0.7847,jellyfish
709,city,tallassee,0.6660,jellyfish
710,city,tallassee,0.6735,jellyfish
711,city,tallassee,0.7811,jellyfish
712,city,tallassee,0.7534,jellyfish
713,city,tallassee,0.7204,jellyfish
714,city,tallassee,0.8036,jellyfish
715,city,tallassee,0.7534,jellyfish
716,city,tallassee,0.7875,jellyfish
717,city,cullman,0.6789,jellyfish
718,city,cullman,0.7912,jellyfish
719,city,cullman,0.7238,jellyfish
720,city,cullman,0.6371,jellyfish
721,city,cullman,0.5827,jellyfish
722,city,cullman,0.6665,jellyfish
723,city,cullman,0.7879,jellyfish
724,city,cullman,0.7942,jellyfish
725,city,cullman,0.7578,jellyfish
726,city,cullman,0.7837,jellyfish
727,city,cullman,0.7275,jellyfish
728,city,cullman,0.6756,jellyfish
729,city,cullman,0.7141,jellyfish
730,city,cullman,0.7606,jellyfish
731,city,culman,0.7616,jellyfish
732,city,cullman,0.6480,jellyfish
733,city,cullman,0.6808,jellyfish
734,city,cullman,0.6548,jellyfish
735,city,cullman,0.6379,jellyfish
736,city,cullman,0.6945,jellyfish
737,city,culman,0.8401,jellyfish
738,city,cullman,0.7880,jellyfish
739,city,cullman,0.7231,jellyfish
740,city,cullman,0.6765,jellyfish
741,city,cullman,0.6557,jellyfish
742,city,andalusia,0.8181,jellyfish
743,city,andalusia,0.7633,jellyfish
744,city,andalusia,0.7757,jellyfish
745,city,andalusia,0.8120,jellyfish
746,city,andalusia,0.7238,jellyfish
747,city,andalusia,0.7984,jellyfish
748,city,andalusia,0.6466,jellyfish
749,city,andalusia,0.7934,jellyfish
750,city,andalusia,0.7656,jellyfish
751,city,andalusia,0.8045,jellyfish
752,city,andalusia,0.6709,jellyfish
753,city,andalusia,0.7739,jellyfish
754,city,andalusia,0.7023,jellyfish
755,city,andalusia,0.8151,jellyfish
756,city,andalusia,0.4348,jellyfish
757,city,andalusia,0.8582,jellyfish
758,city,andalusia,0.8033,jellyfish
759,city,daphne,0.7286,jellyfish
760,city,andalusia,0.7266,jellyfish
761,city,andalusia,0.7722,jellyfish
762,city,andalusia,0.8075,jellyfish
763,city,andalusia,0.7893,jellyfish
764,city,andalusia,0.7948,jellyfish
765,city,andalusia,0.7760,jellyfish
766,city,andalusia,0.7852,jellyfish
767,city,anniston,0.7883,jellyfish
768,city,anniston,0.7988,jellyfish
769,city,anniston,0.7475,jellyfish
770,city,anniston,0.7641,jellyfish
771,city,anniston,0.5088,jellyfish
772,city,anniston,0.7413,jellyfish
773,city,sterns park,0.7820,jellyfish
774,city,anniston,0.7353,jellyfish
775,city,huntsville,0.7974,jellyfish
776,city,huntsville,0.6746,jellyfish
777,city,huntsville,0.5763,jellyfish
778,city,huntsville,0.7772,jellyfish
779,city,huntsville,0.8207,jellyfish
780,city,huntsville,0.7390,jellyfish
781,city,huntsville,0.8033,jellyfish
782,city,huntsville,0.7379,jellyfish
783,city,huntsville,0.7757,jellyfish
784,city,huntsville,0.8099,jellyfish
785,city,huntsville,0.8138,jellyfish
786,city,huntsville,0.7350,jellyfish
787,city,huntsville,0.7269,jellyfish
788,city,huntsville,0.7714,jellyfish
789,city,huntsville,0.7752,jellyfish
790,city,huntsville,0.6979,jellyfish
791,city,huntsville,0.8214,jellyfish
792,city,huntsville,0.7537,jellyfish
793,city,huntsville,0.7695,jellyfish
794,city,huntsville,0.8210,jellyfish
795,city,huntsville,0.4933,jellyfish
796,city,huntsville,0.6905,jellyfish
797,city,huntsville,0.6523,jellyfish
798,city,huntsville,0.8054,jellyfish
799,city,huntsville,0.7200,jellyfish
800,city,huntsville,0.7946,jellyfish
801,city,huntsville,0.8023,jellyfish
802,city,huntsville,0.7260,jellyfish
803,city,gadsden,0.7409,jellyfish
804,city,gadsden,0.7265,jellyfish
805,city,gadsden,0.7706,jellyfish
806,city,gadsden,0.7548,jellyfish
807,city,gadsden,0.7486,jellyfish
808,city,gadsden,0.7796,jellyfish
809,city,gadsden,0.7811,jellyfish
810,city,gadsden,0.7079,jellyfish
811,city,gadsden,0.7471,jellyfish
812,city,gadsden,0.7976,jellyfish
813,city,gadsden,0.7381,jellyfish
814,city,gadsden,0.7796,jellyfish
815,city,gadsden,0.7530,jellyfish
816,city,gadsden,0.7919,jellyfish
817,city,gadsden,0.7238,jellyfish
818,city,gadsden,0.7878,jellyfish
819,city,gadsden,0.7075,jellyfish
820,city,gadsden,0.7785,jellyfish
821,city,gadsden,0.7827,jellyfish
822,city,gadsden,0.6893,jellyfish
823,city,gadsden,0.7830,jellyfish
824,city,gadsden,0.7680,jellyfish
825,city,gadsden,0.7393,jellyfish
826,city,gadsden,0.7375,jellyfish
827,city,gadsden,0.7363,jellyfish
828,city,clanton,0.7689,jellyfish
829,city,clanton,0.7277,jellyfish
830,city,clanton,0.7608,jellyfish
831,city,clanton,0.6708,jellyfish
832,city,clanton,0.6985,jellyfish
833,city,clanton,0.5738,jellyfish
834,city,clanton,0.6985,jellyfish
835,city,clanton,0.7077,jellyfish
836,city,clanton,0.6964,jellyfish
837,city,clanton,0.7052,jellyfish
838,city,clanton,0.7083,jellyfish
839,city,clanton,0.8050,jellyfish
840,city,clanton,0.7339,jellyfish
841,city,clanton,0.7019,jellyfish
842,city,clanton,0.6743,jellyfish
843,city,clanton,0.5965,jellyfish
844,city,clanton,0.6565,jellyfish
845,city,clanton,0.6374,jellyfish
846,city,clanton,0.6197,jellyfish
847,city,clanton,0.6348,jellyfish
848,city,clanton,0.7045,jellyfish
849,city,clanton,0.7540,jellyfish
850,city,clanton,0.8055,jellyfish
851,city,clanton,0.8341,jellyfish
852,city,clanton,0.7062,jellyfish
853,city,hamilton,0.7919,jellyfish
854,city,hamilton,0.7553,jellyfish
855,city,hamilton,0.8649,jellyfish
856,city,winston square,0.7450,jellyfish
857,city,hampton,0.7260,jellyfish
858,city,hampton,0.7900,jellyfish
859,city,montgomery,0.7533,jellyfish
860,city,hamilton,0.8290,jellyfish
861,city,hamilton,0.6740,jellyfish
862,city,hamilton,0.7932,jellyfish
863,city,hamilton,0.7423,jellyfish
864,city,hamilton,0.7086,jellyfish
865,city,hamilton,0.7553,jellyfish
866,city,hamilton,0.8410,jellyfish
867,city,hamilton,0.7270,jellyfish
868,city,hamilton,0.8524,jellyfish
869,city,hamilton,0.7070,jellyfish
870,city,hampton,0.7710,jellyfish
871,city,hamilton,0.7095,jellyfish
872,city,hamilton,0.5942,jellyfish
873,city,montgomery,0.7432,jellyfish
874,city,meridian,0.7894,jellyfish
875,city,hamilton,0.7650,jellyfish
876,city,hamilton,0.8571,jellyfish
877,city,hamilton,0.8491,jellyfish
878,city,fayette,0.7401,jellyfish
879,city,fayette,0.7916,jellyfish
880,city,fayette,0.8154,jellyfish
881,city,fayette,0.7420,jellyfish
882,city,fayette,0.6357,jellyfish
883,city,fayette,0.7607,jellyfish
884,city,fayette,0.5948,jellyfish
885,city,fayette,0.7574,jellyfish
886,city,fayette,0.7715,jellyfish
887,city,fayette,0.7479,jellyfish
888,city,fayette,0.7705,jellyfish
889,city,fayette,0.7330,jellyfish
890,city,fayette,0.6131,jellyfish
891,city,fayette,0.5919,jellyfish
892,city,fayette,0.7970,jellyfish
893,city,fayette,0.7868,jellyfish
894,city,fayette,0.7277,jellyfish
895,city,fayette,0.8014,jellyfish
896,city,fayette,0.8321,jellyfish
897,city,fayette,0.7420,jellyfish
898,city,fayette,0.7059,jellyfish
899,city,fayette,0.6722,jellyfish
900,city,fayette,0.7730,jellyfish
901,city,fayette,0.7490,jellyfish
902,city,fayette,0.8038,jellyfish
903,city,gadsden,0.6970,jellyfish
904,city,gadsden,0.7532,jellyfish
905,city,gadsden,0.6768,jellyfish
906,city,gadsden,0.7343,jellyfish
907,city,gadsden,0.7913,jellyfish
908,city,gadsden,0.6571,jellyfish
909,city,gadsden,0.6993,jellyfish
910,city,gadsden,0.7267,jellyfish
911,city,gadsden,0.6825,jellyfish
912,city,gadsden,0.6556,jellyfish
913,city,gadsden,0.6294,jellyfish
914,city,gadsden,0.6740,jellyfish
915,city,gadsden,0.7612,jellyfish
916,city,gadsden,0.7416,jellyfish
917,city,gadsden,0.7918,jellyfish
918,city,gadsden,0.7256,jellyfish
919,city,gadsden,0.7056,jellyfish
920,city,gadsden,0.7524,jellyfish
921,city,gadsden,0.7903,jellyfish
922,city,duluth,0.7155,jellyfish
923,city,gadsden,0.5785,jellyfish
924,city,gadsden,0.7027,jellyfish
925,city,gadsden,0.7957,jellyfish
926,city,gadsden,0.7297,jellyfish
927,city,gadsden,0.7112,jellyfish
928,city,gadsden,0.7162,jellyfish
929,city,gadsden,0.6470,jellyfish
930,city,gadsden,0.7812,jellyfish
931,city,georgiana,0.7948,jellyfish
932,city,georgiana,0.8096,jellyfish
933,city,georgiana,0.7408,jellyfish
934,city,georgiana,0.6313,jellyfish
935,city,georgiana,0.7077,jellyfish
936,city,georgiana,0.6728,jellyfish
937,city,georgiana,0.6324,jellyfish
938,city,georgiana,0.8075,jellyfish
939,city,georgiana,0.6411,jellyfish
940,city,georgiana,0.7605,jellyfish
941,city,georgiana,0.7352,jellyfish
942,city,georgiana,0.7159,jellyfish
943,city,georgiana,0.5424,jellyfish
944,city,georgiana,0.5717,jellyfish
945,city,georgiana,0.6739,jellyfish
946,city,georgiana,0.7121,jellyfish
947,city,georgiana,0.7225,jellyfish
948,city,georgiana,0.5989,jellyfish
949,city,georgiana,0.6939,jellyfish
950,city,georgia,0.8418,jellyfish
951,city,georgiana,0.8062,jellyfish
952,city,georgiana,0.7847,jellyfish
953,city,georgiana,0.7929,jellyfish
954,city,georgiana,0.7077,jellyfish
955,city,georgiana,0.7590,jellyfish
956,city,montgomery,0.7583,jellyfish
957,city,montgomery,0.7649,jellyfish
958,city,enterprise,0.7156,jellyfish
959,city,enterprise,0.7847,jellyfish
960,city,enterprise,0.7680,jellyfish
961,city,Enterprise,0.8340,jellyfish
962,city,enterprise,0.7672,jellyfish
963,city,enterprise,0.6654,jellyfish
964,city,enterprise,0.7867,jellyfish
965,city,enterprise,0.7042,jellyfish
966,city,enterprise,0.6600,jellyfish
967,city,enterprise,0.7993,jellyfish
968,city,enterprise,0.7799,jellyfish
969,city,montgomery,0.8466,jellyfish
970,city,enterprise,0.7093,jellyfish
971,city,enterprise,0.7862,jellyfish
972,city,enterprise,0.7840,jellyfish
973,city,enterprise,0.7314,jellyfish
974,city,enterprise,0.6132,jellyfish
975,city,enterprise,0.7953,jellyfish
976,city,enterprise,0.7357,jellyfish
977,city,enterprise,0.7865,jellyfish
978,city,enterprise,0.7027,jellyfish
979,city,enterprise,0.6747,jellyfish
980,city,enterprise,0.6518,jellyfish
981,city,oneonta,0.7633,jellyfish
982,city,oneonta,0.5542,jellyfish
983,city,oneonta,0.7704,jellyfish
984,city,oneonta,0.7232,jellyfish
985,city,oneonta,0.7842,jellyfish
986,city,oxford,0.8325,jellyfish
987,city,oneonta,0.7837,jellyfish
988,city,oneonta,0.7441,jellyfish
989,city,oneonta,0.7362,jellyfish
990,city,oneonta,0.6714,jellyfish
991,city,oneonta,0.5592,jellyfish
992,city,oneonta,0.7621,jellyfish
993,city,oneonta,0.7374,jellyfish
994,city,oneonta,0.7305,jellyfish
995,city,oneonta,0.7294,jellyfish
996,city,oneonta,0.6919,jellyfish
997,city,oneonta,0.7697,jellyfish
998,city,oneonta,0.6806,jellyfish
999,city,oneonta,0.7814,jellyfish
1000,city,oneonta,0.7521,jellyfish
1,state,al,0.6630,jellyfish
2,state,al,0.8002,jellyfish
3,state,al,0.7891,jellyfish
4,state,al,0.7930,jellyfish
5,state,al,0.6316,jellyfish
6,state,al,0.6749,jellyfish
7,state,al,0.7240,jellyfish
8,state,al,0.8255,jellyfish
9,state,al,0.7376,jellyfish
10,state,al,0.7435,jellyfish
11,state,al,0.5391,jellyfish
12,state,al,0.7985,jellyfish
13,state,al,0.7474,jellyfish
14,state,al,0.7828,jellyfish
15,state,al,0.7319,jellyfish
16,state,al,0.6641,jellyfish
17,state,al,0.6060,jellyfish
18,state,al,0.5895,jellyfish
19,state,al,0.7976,jellyfish
20,state,al,0.7801,jellyfish
21,state,al,0.7924,jellyfish
22,state,al,0.7958,jellyfish
23,state,al,0.7399,jellyfish
24,state,al,0.6603,jellyfish
25,state,al,0.7916,jellyfish
26,state,al,0.7953,jellyfish
27,state,al,0.7937,jellyfish
28,state,al,0.7868,jellyfish
29,state,al,0.7765,jellyfish
30,state,al,0.5173,jellyfish
31,state,al,0.7274,jellyfish
32,state,al,0.8095,jellyfish
33,state,al,0.6374,jellyfish
34,state,al,0.4750,jellyfish
35,state,al,0.6805,jellyfish
36,state,al,0.6720,jellyfish
37,state,al,0.7720,jellyfish
38,state,al,0.7850,jellyfish
39,state,al,0.7925,jellyfish
40,state,al,0.7520,jellyfish
41,state,al,0.6872,jellyfish
42,state,al,0.6519,jellyfish
43,state,al,0.7086,jellyfish
44,state,al,0.4491,jellyfish
45,state,al,0.7122,jellyfish
46,state,al,0.7896,jellyfish
47,state,al,0.5394,jellyfish
48,state,al,0.8066,jellyfish
49,state,al,0.6875,jellyfish
50,state,al,0.4662,jellyfish
51,state,al,0.7902,jellyfish
52,state,al,0.8129,jellyfish
53,state,al,0.7399,jellyfish
54,state,al,0.7059,jellyfish
55,state,al,0.3724,jellyfish
56,state,al,0.4631,jellyfish
57,state,al,0.7857,jellyfish
58,state,al,0.7907,jellyfish
59,state,al,0.7860,jellyfish
60,state,al,0.6245,jellyfish
61,state,al,0.6816,jellyfish
62,state,al,0.6149,jellyfish
63,state,al,0.5072,jellyfish
64,state,al,0.6412,jellyfish
65,state,al,0.6450,jellyfish
66,state,al,0.5608,jellyfish
67,state,al,0.7697,jellyfish
68,state,al,0.5760,jellyfish
69,state,al,0.6821,jellyfish
70,state,al,0.4506,jellyfish
71,state,al,0.7266,jellyfish
72,state,al,0.6547,jellyfish
73,state,al,0.6552,jellyfish
74,state,al,0.7400,jellyfish
75,state,al,0.8146,jellyfish
76,state,al,0.7540,jellyfish
77,state,al,0.6830,jellyfish
78,state,al,0.3769,jellyfish
79,state,al,0.7820,jellyfish
80,state,al,0.7342,jellyfish
81,state,al,0.7723,jellyfish
82,state,al,0.5608,jellyfish
83,state,al,0.7241,jellyfish
84,state,al,0.6659,jellyfish
85,state,al,0.7687,jellyfish
86,state,al,0.6672,jellyfish
87,state,al,0.6781,jellyfish
88,state,al,0.6797,jellyfish
89,state,al,0.6221,jellyfish
90,state,al,0.7550,jellyfish
91,state,al,0.6749,jellyfish
92,state,al,0.4289,jellyfish
93,state,al,0.4110,jellyfish
94,state,al,0.7472,jellyfish
95,state,al,0.7514,jellyfish
96,state,al,0.5211,jellyfish
97,state,al,0.3622,jellyfish
98,state,al,0.4437,jellyfish
99,state,al,0.7842,jellyfish
100,state,al,0.5886,jellyfish
101,state,al,0.5194,jellyfish
102,state,al,0.7417,jellyfish
103,state,al,0.7004,jellyfish
104,state,al,0.8113,jellyfish
105,state,al,0.6072,jellyfish
106,state,al,0.5243,jellyfish
107,state,al,0.7480,jellyfish
108,state,al,0.7066,jellyfish
109,state,al,0.5322,jellyfish
110,state,al,0.7388,jellyfish
111,state,al,0.7903,jellyfish
112,state,al,0.7946,jellyfish
113,state,al,0.6262,jellyfish
114,state,al,0.5507,jellyfish
115,state,al,0.7673,jellyfish
116,state,al,0.7402,jellyfish
117,state,al,0.7749,jellyfish
118,state,al,0.7817,jellyfish
119,state,al,0.6621,jellyfish
120,state,al,0.4834,jellyfish
121,state,al,0.3369,jellyfish
122,state,al,0.7397,jellyfish
123,state,al,0.7924,jellyfish
124,state,al,0.5754,jellyfish
125,state,al,0.7753,jellyfish
126,state,al,0.4465,jellyfish
127,state,al,0.7440,jellyfish
128,state,al,0.7308,jellyfish
129,state,al,0.7395,jellyfish
130,state,al,0.5997,jellyfish
131,state,al,0.4992,jellyfish
132,state,al,0.7448,jellyfish
133,state,al,0.7947,jellyfish
134,state,al,0.7861,jellyfish
135,state,al,0.6541,jellyfish
136,state,al,0.4619,jellyfish
137,state,al,0.6732,jellyfish
138,state,al,0.5701,jellyfish
139,state,al,0.7924,jellyfish
140,state,al,0.3127,jellyfish
141,state,al,0.6912,jellyfish
142,state,al,0.5791,jellyfish
143,state,al,0.5339,jellyfish
144,state,al,0.4323,jellyfish
145,state,al,0.7055,jellyfish
146,state,al,0.3595,jellyfish
147,state,al,0.7790,jellyfish
148,state,al,0.3935,jellyfish
149,state,al,0.7086,jellyfish
150,state,al,0.5520,jellyfish
151,state,al,0.4998,jellyfish
152,state,al,0.8126,jellyfish
153,state,al,0.7971,jellyfish
154,state,al,0.5753,jellyfish
155,state,al,0.7460,jellyfish
156,state,al,0.3750,jellyfish
157,state,al,0.6648,jellyfish
158,state,al,0.7462,jellyfish
159,state,al,0.5699,jellyfish
160,state,al,0.7415,jellyfish
161,state,al,0.6635,jellyfish
162,state,al,0.8033,jellyfish
163,state,al,0.4993,jellyfish
164,state,al,0.7712,jellyfish
165,state,al,0.7114,jellyfish
166,state,al,0.8134,jellyfish
167,state,al,0.3116,jellyfish
168,state,al,0.5216,jellyfish
169,state,al,0.7610,jellyfish
170,state,al,0.7373,jellyfish
171,state,al,0.4659,jellyfish
172,state,al,0.8470,jellyfish
173,state,al,0.7928,jellyfish
174,state,al,0.7907,jellyfish
175,state,al,0.3386,jellyfish
176,state,al,0.6681,jellyfish
177,state,al,0.7533,jellyfish
178,state,al,0.6098,jellyfish
179,state,al,0.6535,jellyfish
180,state,al,0.6190,jellyfish
181,state,al,0.7785,jellyfish
182,state,al,0.6942,jellyfish
183,state,al,0.8464,jellyfish
184,state,al,0.5716,jellyfish
185,state,al,0.7425,jellyfish
186,state,al,0.7077,jellyfish
187,state,al,0.5991,jellyfish
188,state,al,0.6455,jellyfish
189,state,al,0.5061,jellyfish
190,state,al,0.7387,jellyfish
191,state,al,0.7809,jellyfish
192,state,al,0.7530,jellyfish
193,state,al,0.7011,jellyfish
194,state,al,0.7707,jellyfish
195,state,al,0.4560,jellyfish
196,state,al,0.7515,jellyfish
197,state,al,0.3540,jellyfish
198,state,al,0.5222,jellyfish
199,state,al,0.7534,jellyfish
200,state,al,0.6346,jellyfish
201,state,al,0.5240,jellyfish
202,state,al,0.7540,jellyfish
203,state,al,0.6531,jellyfish
204,state,al,0.7052,jellyfish
205,state,al,0.6664,jellyfish
206,state,al,0.4625,jellyfish
207,state,al,0.6737,jellyfish
208,state,al,0.4636,jellyfish
209,state,al,0.5687,jellyfish
210,state,al,0.6956,jellyfish
211,state,al,0.7722,jellyfish
212,state,al,0.6920,jellyfish
213,state,al,0.6956,jellyfish
214,state,al,0.6792,jellyfish
215,state,al,0.7294,jellyfish
216,state,al,0.7157,jellyfish
217,state,al,0.7763,jellyfish
218,state,al,0.5714,jellyfish
219,state,al,0.7833,jellyfish
220,state,al,0.6996,jellyfish
221,state,al,0.5278,jellyfish
222,state,al,0.6192,jellyfish
223,state,al,0.7284,jellyfish
224,state,al,0.7378,jellyfish
225,state,al,0.7962,jellyfish
226,state,al,0.7832,jellyfish
227,state,al,0.5305,jellyfish
228,state,al,0.7984,jellyfish
229,state,al,0.5517,jellyfish
230,state,al,0.5116,jellyfish
231,state,al,0.7887,jellyfish
232,state,al,0.7911,jellyfish
233,state,al,0.5270,jellyfish
234,state,al,0.8122,jellyfish
235,state,al,0.7885,jellyfish
236,state,al,0.7807,jellyfish
237,state,al,0.7890,jellyfish
238,state,al,0.6645,jellyfish
239,state,al,0.7488,jellyfish
240,state,al,0.6563,jellyfish
241,state,al,0.2479,jellyfish
242,state,al,0.7743,jellyfish
243,state,al,0.7459,jellyfish
244,state,al,0.7648,jellyfish
245,state,al,0.3839,jellyfish
246,state,al,0.4276,jellyfish
247,state,al,0.6948,jellyfish
248,state,al,0.7417,jellyfish
249,state,al,0.5171,jellyfish
250,state,al,0.6555,jellyfish
251,state,al,0.7560,jellyfish
252,state,al,0.6906,jellyfish
253,state,al,0.7380,jellyfish
254,state,al,0.7620,jellyfish
255,state,al,0.7702,jellyfish
256,state,al,0.6941,jellyfish
257,state,al,0.7644,jellyfish
258,state,al,0.6989,jellyfish
259,state,al,0.7488,jellyfish
260,state,al,0.7094,jellyfish
261,state,al,0.7268,jellyfish
262,state,al,0.7024,jellyfish
263,state,al,0.5841,jellyfish
264,state,al,0.7346,jellyfish
265,state,al,0.7210,jellyfish
266,state,al,0.6754,jellyfish
267,state,al,0.7635,jellyfish
268,state,al,0.7882,jellyfish
269,state,al,0.7294,jellyfish
270,state,al,0.7536,jellyfish
271,state,al,0.7897,jellyfish
272,state,al,0.8193,jellyfish
273,state,al,0.3814,jellyfish
274,state,al,0.7852,jellyfish
275,state,al,0.8253,jellyfish
276,state,al,0.8282,jellyfish
277,state,al,0.7201,jellyfish
278,state,al,0.4756,jellyfish
279,state,al,0.7284,jellyfish
280,state,al,0.7456,jellyfish
281,state,al,0.7829,jellyfish
282,state,al,0.7787,jellyfish
283,state,al,0.6464,jellyfish
284,state,al,0.3555,jellyfish
285,state,al,0.7873,jellyfish
286,state,al,0.6880,jellyfish
287,state,al,0.7613,jellyfish
288,state,al,0.5492,jellyfish
289,state,al,0.4541,jellyfish
290,state,al,0.7452,jellyfish
291,state,al,0.4862,jellyfish
292,state,al,0.6758,jellyfish
293,state,al,0.6537,jellyfish
294,state,al,0.7918,jellyfish
295,state,al,0.6842,jellyfish
296,state,al,0.6239,jellyfish
297,state,al,0.7827,jellyfish
298,state,al,0.3067,jellyfish
299,state,al,0.7410,jellyfish
300,state,al,0.8100,jellyfish
301,state,al,0.6930,jellyfish
302,state,al,0.6270,jellyfish
303,state,al,0.8115,jellyfish
304,state,al,0.5321,jellyfish
305,state,al,0.4575,jellyfish
306,state,al,0.6673,jellyfish
307,state,al,0.4635,jellyfish
308,state,al,0.5577,jellyfish
309,state,al,0.5203,jellyfish
310,state,al,0.3795,jellyfish
311,state,al,0.3690,jellyfish
312,state,al,0.6938,jellyfish
313,state,al,0.6578,jellyfish
314,state,al,0.6639,jellyfish
315,state,al,0.6762,jellyfish
316,state,al,0.7807,jellyfish
317,state,al,0.3597,jellyfish
318,state,al,0.4838,jellyfish
319,state,al,0.5392,jellyfish
320,state,al,0.5854,jellyfish
321,state,al,0.7664,jellyfish
322,state,al,0.7393,jellyfish
323,state,al,0.6947,jellyfish
324,state,al,0.6268,jellyfish
325,state,al,0.6233,jellyfish
326,state,al,0.7435,jellyfish
327,state,al,0.6144,jellyfish
328,state,al,0.3319,jellyfish
329,state,al,0.6871,jellyfish
330,state,al,0.4943,jellyfish
331,state,al,0.4890,jellyfish
332,state,al,0.7796,jellyfish
333,state,al,0.6321,jellyfish
334,state,al,0.7651,jellyfish
335,state,al,0.8094,jellyfish
336,state,al,0.5295,jellyfish
337,state,al,0.7883,jellyfish
338,state,al,0.7486,jellyfish
339,state,al,0.7163,jellyfish
340,state,al,0.6129,jellyfish
341,state,al,0.7347,jellyfish
342,state,al,0.7788,jellyfish
343,state,al,0.6549,jellyfish
344,state,al,0.6474,jellyfish
345,state,al,0.7178,jellyfish
346,state,al,0.6673,jellyfish
347,state,al,0.7465,jellyfish
348,state,al,0.3563,jellyfish
349,state,al,0.7711,jellyfish
350,state,al,0.4838,jellyfish
351,state,al,0.6901,jellyfish
352,state,al,0.4663,jellyfish
353,state,al,0.7606,jellyfish
354,state,al,0.5612,jellyfish
355,state,al,0.6202,jellyfish
356,state,al,0.8125,jellyfish
357,state,al,0.6899,jellyfish
358,state,al,0.5673,jellyfish
359,state,al,0.5880,jellyfish
360,state,al,0.7210,jellyfish
361,state,al,0.7884,jellyfish
362,state,al,0.6170,jellyfish
363,state,al,0.6376,jellyfish
364,state,al,0.5348,jellyfish
365,state,al,0.6743,jellyfish
366,state,al,0.7255,jellyfish
367,state,al,0.7583,jellyfish
368,state,al,0.6470,jellyfish
369,state,al,0.6879,jellyfish
370,state,al,0.6489,jellyfish
371,state,al,0.7240,jellyfish
372,state,al,0.7404,jellyfish
373,state,al,0.7304,jellyfish
374,state,al,0.8122,jellyfish
375,state,al,0.5468,jellyfish
376,state,al,0.7042,jellyfish
377,state,al,0.7758,jellyfish
378,state,al,0.4170,jellyfish
379,state,al,0.6010,jellyfish
380,state,al,0.7507,jellyfish
381,state,al,0.7026,jellyfish
382,state,al,0.7877,jellyfish
383,state,al,0.4592,jellyfish
384,state,al,0.7891,jellyfish
385,state,al,0.8152,jellyfish
386,state,al,0.7909,jellyfish
387,state,al,0.8306,jellyfish
388,state,al,0.7828,jellyfish
389,state,al,0.8067,jellyfish
390,state,al,0.6553,jellyfish
391,state,al,0.4342,jellyfish
392,state,al,0.5168,jellyfish
393,state,al,0.6625,jellyfish
394,state,al,0.7953,jellyfish
395,state,al,0.4529,jellyfish
396,state,al,0.5181,jellyfish
397,state,al,0.7414,jellyfish
398,state,al,0.6852,jellyfish
399,state,al,0.6405,jellyfish
400,state,al,0.3492,jellyfish
401,state,al,0.7115,jellyfish
402,state,al,0.7555,jellyfish
403,state,al,0.8369,jellyfish
404,state,al,0.4904,jellyfish
405,state,al,0.3443,jellyfish
406,state,al,0.8142,jellyfish
407,state,al,0.6326,jellyfish
408,state,al,0.4875,jellyfish
409,state,al,0.5758,jellyfish
410,state,al,0.6048,jellyfish
411,state,al,0.7468,jellyfish
412,state,al,0.6462,jellyfish
413,state,al,0.6334,jellyfish
414,state,al,0.8175,jellyfish
415,state,al,0.6789,jellyfish
416,state,al,0.7874,jellyfish
417,state,al,0.4725,jellyfish
418,state,al,0.7085,jellyfish
419,state,al,0.7483,jellyfish
420,state,al,0.6470,jellyfish
421,state,al,0.7499,jellyfish
422,state,al,0.7166,jellyfish
423,state,al,0.8011,jellyfish
424,state,al,0.4564,jellyfish
425,state,al,0.6583,jellyfish
426,state,al,0.7550,jellyfish
427,state,al,0.7413,jellyfish
428,state,al,0.7549,jellyfish
429,state,al,0.4337,jellyfish
430,state,al,0.6807,jellyfish
431,state,al,0.7717,jellyfish
432,state,al,0.5999,jellyfish
433,state,ak,0.7983,jellyfish
434,state,ak,0.6330,jellyfish
435,state,ak,0.8442,jellyfish
436,state,ak,0.7857,jellyfish
437,state,ak,0.7950,jellyfish
438,state,ak,0.7691,jellyfish
439,state,ak,0.7810,jellyfish
440,state,ak,0.7823,jellyfish
441,state,ak,0.8396,jellyfish
442,state,ak,0.7640,jellyfish
443,state,ak,0.5259,jellyfish
444,state,ak,0.7890,jellyfish
445,state,ak,0.7900,jellyfish
446,state,ak,0.7655,jellyfish
447,state,ak,0.7779,jellyfish
448,state,ak,0.8064,jellyfish
449,state,ak,0.7896,jellyfish
450,state,ak,0.7746,jellyfish
451,state,ak,0.8246,jellyfish
452,state,ak,0.7913,jellyfish
453,state,al,0.7803,jellyfish
454,state,al,0.7346,jellyfish
455,state,al,0.6946,jellyfish
456,state,al,0.6418,jellyfish
457,state,al,0.5331,jellyfish
458,state,al,0.3327,jellyfish
459,state,al,0.5987,jellyfish
460,state,al,0.7676,jellyfish
461,state,al,0.6548,jellyfish
462,state,al,0.4341,jellyfish
463,state,al,0.4562,jellyfish
464,state,al,0.5973,jellyfish
465,state,al,0.6712,jellyfish
466,state,al,0.7825,jellyfish
467,state,al,0.7061,jellyfish
468,state,al,0.7699,jellyfish
469,state,al,0.6766,jellyfish
470,state,al,0.7153,jellyfish
471,state,al,0.4659,jellyfish
472,state,al,0.6982,jellyfish
473,state,al,0.4805,jellyfish
474,state,al,0.5381,jellyfish
475,state,al,0.7736,jellyfish
476,state,al,0.8066,jellyfish
477,state,al,0.8045,jellyfish
478,state,al,0.4520,jellyfish
479,state,al,0.7538,jellyfish
480,state,al,0.7090,jellyfish
481,state,al,0.7115,jellyfish
482,state,al,0.6364,jellyfish
483,state,al,0.7548,jellyfish
484,state,al,0.8022,jellyfish
485,state,al,0.4612,jellyfish
486,state,al,0.7809,jellyfish
487,state,al,0.3492,jellyfish
488,state,al,0.6500,jellyfish
489,state,al,0.7942,jellyfish
490,state,al,0.5781,jellyfish
491,state,al,0.8307,jellyfish
492,state,al,0.4489,jellyfish
493,state,al,0.7129,jellyfish
494,state,al,0.6646,jellyfish
495,state,al,0.7595,jellyfish
496,state,al,0.6359,jellyfish
497,state,al,0.4349,jellyfish
498,state,al,0.4857,jellyfish
499,state,al,0.7168,jellyfish
500,state,al,0.5574,jellyfish
501,state,al,0.6698,jellyfish
502,state,al,0.5314,jellyfish
503,state,al,0.6987,jellyfish
504,state,al,0.7137,jellyfish
505,state,al,0.8184,jellyfish
506,state,al,0.7968,jellyfish
507,state,al,0.7096,jellyfish
508,state,al,0.6832,jellyfish
509,state,al,0.6729,jellyfish
510,state,al,0.7386,jellyfish
511,state,al,0.7598,jellyfish
512,state,al,0.3467,jellyfish
513,state,al,0.5084,jellyfish
514,state,al,0.4712,jellyfish
515,state,al,0.6932,jellyfish
516,state,al,0.7692,jellyfish
517,state,al,0.6918,jellyfish
518,state,al,0.6655,jellyfish
519,state,al,0.6148,jellyfish
520,state,al,0.4047,jellyfish
521,state,al,0.6479,jellyfish
522,state,al,0.8069,jellyfish
523,state,al,0.6557,jellyfish
524,state,al,0.7423,jellyfish
525,state,al,0.7780,jellyfish
526,state,al,0.6251,jellyfish
527,state,al,0.6352,jellyfish
528,state,al,0.7211,jellyfish
529,state,al,0.7854,jellyfish
530,state,al,0.6493,jellyfish
531,state,al,0.4990,jellyfish
532,state,al,0.7618,jellyfish
533,state,al,0.7786,jellyfish
534,state,al,0.6495,jellyfish
535,state,al,0.6174,jellyfish
536,state,al,0.5873,jellyfish
537,state,al,0.6181,jellyfish
538,state,al,0.7286,jellyfish
539,state,al,0.6642,jellyfish
540,state,al,0.4459,jellyfish
541,state,al,0.7533,jellyfish
542,state,al,0.5687,jellyfish
543,state,al,0.6240,jellyfish
544,state,al,0.7472,jellyfish
545,state,al,0.7094,jellyfish
546,state,al,0.6805,jellyfish
547,state,al,0.7626,jellyfish
548,state,al,0.3340,jellyfish
549,state,al,0.5087,jellyfish
550,state,al,0.6334,jellyfish
551,state,al,0.6832,jellyfish
552,state,al,0.7093,jellyfish
553,state,al,0.7218,jellyfish
554,state,al,0.4892,jellyfish
555,state,al,0.7540,jellyfish
556,state,al,0.5228,jellyfish
557,state,al,0.5434,jellyfish
558,state,al,0.6741,jellyfish
559,state,al,0.5361,jellyfish
560,state,al,0.7510,jellyfish
561,state,al,0.5061,jellyfish
562,state,al,0.6609,jellyfish
563,state,al,0.6984,jellyfish
564,state,al,0.4377,jellyfish
565,state,al,0.4130,jellyfish
566,state,al,0.7227,jellyfish
567,state,al,0.4713,jellyfish
568,state,al,0.5797,jellyfish
569,state,al,0.7031,jellyfish
570,state,al,0.7647,jellyfish
571,state,al,0.7222,jellyfish
572,state,al,0.7825,jellyfish
573,state,al,0.8323,jellyfish
574,state,al,0.6848,jellyfish
575,state,al,0.3876,jellyfish
576,state,al,0.7596,jellyfish
577,state,al,0.5107,jellyfish
578,state,al,0.6247,jellyfish
579,state,al,0.7983,jellyfish
580,state,al,0.7137,jellyfish
581,state,al,0.6793,jellyfish
582,state,al,0.3825,jellyfish
583,state,al,0.7334,jellyfish
584,state,al,0.7585,jellyfish
585,state,al,0.7407,jellyfish
586,state,al,0.7753,jellyfish
587,state,al,0.5848,jellyfish
588,state,al,0.6839,jellyfish
589,state,al,0.5958,jellyfish
590,state,al,0.6475,jellyfish
591,state,al,0.4968,jellyfish
592,state,al,0.6319,jellyfish
593,state,al,0.7256,jellyfish
594,state,al,0.5766,jellyfish
595,state,al,0.5520,jellyfish
596,state,al,0.6879,jellyfish
597,state,al,0.6925,jellyfish
598,state,al,0.3667,jellyfish
599,state,al,0.6379,jellyfish
600,state,al,0.7741,jellyfish
601,state,al,0.7992,jellyfish
602,state,al,0.5305,jellyfish
603,state,al,0.4802,jellyfish
604,state,al,0.7388,jellyfish
605,state,al,0.6394,jellyfish
606,state,al,0.6703,jellyfish
607,state,al,0.3924,jellyfish
608,state,al,0.6851,jellyfish
609,state,al,0.7780,jellyfish
610,state,al,0.6444,jellyfish
611,state,al,0.7847,jellyfish
612,state,al,0.8027,jellyfish
613,state,al,0.4724,jellyfish
614,state,al,0.7944,jellyfish
615,state,al,0.7330,jellyfish
616,state,al,0.6971,jellyfish
617,state,al,0.7129,jellyfish
618,state,al,0.7195,jellyfish
619,state,al,0.7924,jellyfish
620,state,al,0.6139,jellyfish
621,state,al,0.5869,jellyfish
622,state,al,0.7388,jellyfish
623,state,al,0.7149,jellyfish
624,state,al,0.7681,jellyfish
625,state,al,0.5673,jellyfish
626,state,al,0.7953,jellyfish
627,state,al,0.8155,jellyfish
628,state,al,0.7359,jellyfish
629,state,al,0.3604,jellyfish
630,state,al,0.7954,jellyfish
631,state,al,0.5613,jellyfish
632,state,al,0.7596,jellyfish
633,state,al,0.6944,jellyfish
634,state,al,0.7481,jellyfish
635,state,al,0.7809,jellyfish
636,state,al,0.7133,jellyfish
637,state,al,0.6741,jellyfish
638,state,al,0.5987,jellyfish
639,state,al,0.6334,jellyfish
640,state,al,0.4944,jellyfish
641,state,al,0.7801,jellyfish
642,state,al,0.4671,jellyfish
643,state,al,0.6528,jellyfish
644,state,al,0.7600,jellyfish
645,state,al,0.5378,jellyfish
646,state,al,0.7947,jellyfish
647,state,al,0.4648,jellyfish
648,state,al,0.7580,jellyfish
649,state,al,0.3955,jellyfish
650,state,al,0.6599,jellyfish
651,state,al,0.5527,jellyfish
652,state,al,0.7093,jellyfish
653,state,al,0.5679,jellyfish
654,state,al,0.7458,jellyfish
655,state,al,0.4828,jellyfish
656,state,al,0.6334,jellyfish
657,state,al,0.6937,jellyfish
658,state,al,0.3721,jellyfish
659,state,al,0.8075,jellyfish
660,state,al,0.7022,jellyfish
661,state,al,0.7492,jellyfish
662,state,al,0.8239,jellyfish
663,state,al,0.7844,jellyfish
664,state,al,0.7789,jellyfish
665,state,al,0.7926,jellyfish
666,state,al,0.7026,jellyfish
667,state,al,0.4697,jellyfish
668,state,al,0.5150,jellyfish
669,state,al,0.4402,jellyfish
670,state,al,0.7723,jellyfish
671,state,al,0.6648,jellyfish
672,state,al,0.4331,jellyfish
673,state,al,0.4818,jellyfish
674,state,al,0.4896,jellyfish
675,state,al,0.7598,jellyfish
676,state,al,0.5045,jellyfish
677,state,al,0.7969,jellyfish
678,state,al,0.7478,jellyfish
679,state,al,0.5526,jellyfish
680,state,al,0.5112,jellyfish
681,state,al,0.7285,jellyfish
682,state,al,0.3567,jellyfish
683,state,al,0.7195,jellyfish
684,state,al,0.5640,jellyfish
685,state,al,0.6917,jellyfish
686,state,al,0.8385,jellyfish
687,state,al,0.6718,jellyfish
688,state,al,0.7448,jellyfish
689,state,al,0.7480,jellyfish
690,state,al,0.7874,jellyfish
691,state,al,0.8053,jellyfish
692,state,al,0.7441,jellyfish
693,state,al,0.7370,jellyfish
694,state,al,0.6907,jellyfish
695,state,al,0.5509,jellyfish
696,state,al,0.6467,jellyfish
697,state,al,0.7924,jellyfish
698,state,al,0.7918,jellyfish
699,state,al,0.6924,jellyfish
700,state,al,0.5149,jellyfish
701,state,al,0.4943,jellyfish
702,state,al,0.7551,jellyfish
703,state,al,0.6933,jellyfish
704,state,al,0.7791,jellyfish
705,state,al,0.7594,jellyfish
706,state,al,0.7726,jellyfish
707,state,al,0.6640,jellyfish
708,state,al,0.6822,jellyfish
709,state,al,0.4627,jellyfish
710,state,al,0.7081,jellyfish
711,state,al,0.6387,jellyfish
712,state,al,0.5436,jellyfish
713,state,al,0.7361,jellyfish
714,state,al,0.7188,jellyfish
715,state,al,0.7750,jellyfish
716,state,al,0.5987,jellyfish
717,state,al,0.5392,jellyfish
718,state,al,0.7262,jellyfish
719,state,al,0.6505,jellyfish
720,state,al,0.6843,jellyfish
721,state,al,0.4305,jellyfish
722,state,al,0.6743,jellyfish
723,state,al,0.5503,jellyfish
724,state,al,0.7184,jellyfish
725,state,al,0.6476,jellyfish
726,state,al,0.5556,jellyfish
727,state,al,0.7474,jellyfish
728,state,al,0.7026,jellyfish
729,state,al,0.7347,jellyfish
730,state,al,0.7992,jellyfish
731,state,al,0.6276,jellyfish
732,state,al,0.7457,jellyfish
733,state,al,0.4357,jellyfish
734,state,al,0.8269,jellyfish
735,state,al,0.7487,jellyfish
736,state,al,0.7894,jellyfish
737,state,al,0.7530,jellyfish
738,state,al,0.6627,jellyfish
739,state,al,0.7717,jellyfish
740,state,al,0.7733,jellyfish
741,state,al,0.7845,jellyfish
742,state,al,0.7401,jellyfish
743,state,al,0.7402,jellyfish
744,state,al,0.7583,jellyfish
745,state,al,0.7918,jellyfish
746,state,al,0.7767,jellyfish
747,state,al,0.7971,jellyfish
748,state,al,0.6082,jellyfish
749,state,al,0.7845,jellyfish
750,state,al,0.4479,jellyfish
751,state,al,0.7839,jellyfish
752,state,al,0.5061,jellyfish
753,state,al,0.7238,jellyfish
754,state,al,0.6810,jellyfish
755,state,al,0.7429,jellyfish
756,state,al,0.6149,jellyfish
757,state,al,0.7927,jellyfish
758,state,al,0.7007,jellyfish
759,state,al,0.5578,jellyfish
760,state,al,0.7952,jellyfish
761,state,al,0.8126,jellyfish
762,state,al,0.7656,jellyfish
763,state,al,0.7563,jellyfish
764,state,al,0.7785,jellyfish
765,state,al,0.7638,jellyfish
766,state,al,0.7228,jellyfish
767,state,al,0.7731,jellyfish
768,state,al,0.3674,jellyfish
769,state,al,0.7725,jellyfish
770,state,al,0.4502,jellyfish
771,state,al,0.7844,jellyfish
772,state,al,0.6119,jellyfish
773,state,al,0.6116,jellyfish
774,state,al,0.7439,jellyfish
775,state,al,0.6918,jellyfish
776,state,al,0.5401,jellyfish
777,state,al,0.7827,jellyfish
778,state,al,0.5063,jellyfish
779,state,al,0.6983,jellyfish
780,state,al,0.7079,jellyfish
781,state,al,0.5282,jellyfish
782,state,al,0.7494,jellyfish
783,state,al,0.6439,jellyfish
784,state,al,0.7508,jellyfish
785,state,al,0.7455,jellyfish
786,state,al,0.4846,jellyfish
787,state,al,0.4599,jellyfish
788,state,al,0.7983,jellyfish
789,state,al,0.5063,jellyfish
790,state,al,0.3491,jellyfish
791,state,al,0.7087,jellyfish
792,state,al,0.7699,jellyfish
793,state,al,0.7523,jellyfish
794,state,al,0.3836,jellyfish
795,state,al,0.8034,jellyfish
796,state,al,0.7811,jellyfish
797,state,al,0.7825,jellyfish
798,state,al,0.6874,jellyfish
799,state,al,0.7800,jellyfish
800,state,al,0.4471,jellyfish
801,state,al,0.7113,jellyfish
802,state,al,0.7971,jellyfish
803,state,al,0.7615,jellyfish
804,state,al,0.7727,jellyfish
805,state,al,0.7400,jellyfish
806,state,al,0.4579,jellyfish
807,state,al,0.4778,jellyfish
808,state,al,0.4817,jellyfish
809,state,al,0.6098,jellyfish
810,state,al,0.7849,jellyfish
811,state,al,0.3644,jellyfish
812,state,al,0.3749,jellyfish
813,state,al,0.7775,jellyfish
814,state,al,0.5236,jellyfish
815,state,al,0.7848,jellyfish
816,state,al,0.7744,jellyfish
817,state,al,0.7830,jellyfish
818,state,al,0.6088,jellyfish
819,state,al,0.3783,jellyfish
820,state,al,0.7912,jellyfish
821,state,al,0.7931,jellyfish
822,state,al,0.7294,jellyfish
823,state,al,0.6939,jellyfish
824,state,al,0.7877,jellyfish
825,state,al,0.6185,jellyfish
826,state,al,0.7408,jellyfish
827,state,al,0.7672,jellyfish
828,state,al,0.7005,jellyfish
829,state,al,0.6630,jellyfish
830,state,al,0.7852,jellyfish
831,state,al,0.4541,jellyfish
832,state,al,0.3984,jellyfish
833,state,al,0.6337,jellyfish
834,state,al,0.7848,jellyfish
835,state,al,0.7403,jellyfish
836,state,al,0.7400,jellyfish
837,state,al,0.5351,jellyfish
838,state,al,0.6742,jellyfish
839,state,al,0.7480,jellyfish
840,state,al,0.6977,jellyfish
841,state,al,0.5370,jellyfish
842,state,al,0.6157,jellyfish
843,state,al,0.4692,jellyfish
844,state,al,0.6461,jellyfish
845,state,al,0.6759,jellyfish
846,state,al,0.6964,jellyfish
847,state,al,0.7809,jellyfish
848,state,al,0.6388,jellyfish
849,state,al,0.8124,jellyfish
850,state,al,0.7306,jellyfish
851,state,al,0.7238,jellyfish
852,state,al,0.7361,jellyfish
853,state,al,0.7076,jellyfish
854,state,al,0.6330,jellyfish
855,state,al,0.5169,jellyfish
856,state,al,0.8323,jellyfish
857,state,al,0.6859,jellyfish
858,state,al,0.8289,jellyfish
859,state,al,0.6809,jellyfish
860,state,al,0.7481,jellyfish
861,state,al,0.8084,jellyfish
862,state,al,0.6202,jellyfish
863,state,al,0.8271,jellyfish
864,state,al,0.7121,jellyfish
865,state,al,0.6725,jellyfish
866,state,al,0.4635,jellyfish
867,state,al,0.7709,jellyfish
868,state,al,0.7574,jellyfish
869,state,al,0.7403,jellyfish
870,state,al,0.7931,jellyfish
871,state,al,0.6811,jellyfish
872,state,al,0.7336,jellyfish
873,state,al,0.8267,jellyfish
874,state,al,0.6050,jellyfish
875,state,al,0.6382,jellyfish
876,state,al,0.7721,jellyfish
877,state,al,0.7936,jellyfish
878,state,al,0.4609,jellyfish
879,state,al,0.4572,jellyfish
880,state,al,0.7613,jellyfish
881,state,al,0.6089,jellyfish
882,state,al,0.6936,jellyfish
883,state,al,0.6351,jellyfish
884,state,al,0.4635,jellyfish
885,state,al,0.7007,jellyfish
886,state,al,0.7667,jellyfish
887,state,al,0.8049,jellyfish
888,state,al,0.6667,jellyfish
889,state,al,0.6492,jellyfish
890,state,al,0.7748,jellyfish
891,state,al,0.7392,jellyfish
892,state,al,0.7817,jellyfish
893,state,al,0.7506,jellyfish
894,state,al,0.7967,jellyfish
895,state,al,0.8076,jellyfish
896,state,al,0.8060,jellyfish
897,state,al,0.8081,jellyfish
898,state,al,0.7096,jellyfish
899,state,al,0.7360,jellyfish
900,state,al,0.8042,jellyfish
901,state,al,0.6442,jellyfish
902,state,al,0.6157,jellyfish
903,state,al,0.5552,jellyfish
904,state,al,0.7399,jellyfish
905,state,al,0.7157,jellyfish
906,state,al,0.4652,jellyfish
907,state,al,0.7389,jellyfish
908,state,al,0.8093,jellyfish
909,state,al,0.7188,jellyfish
910,state,al,0.5278,jellyfish
911,state,al,0.6785,jellyfish
912,state,al,0.7513,jellyfish
913,state,al,0.5599,jellyfish
914,state,al,0.6793,jellyfish
915,state,al,0.6720,jellyfish
916,state,al,0.4698,jellyfish
917,state,al,0.7587,jellyfish
918,state,al,0.7868,jellyfish
919,state,al,0.6618,jellyfish
920,state,al,0.3248,jellyfish
921,state,al,0.3234,jellyfish
922,state,al,0.3620,jellyfish
923,state,al,0.6974,jellyfish
924,state,al,0.7121,jellyfish
925,state,al,0.3098,jellyfish
926,state,al,0.7423,jellyfish
927,state,al,0.6966,jellyfish
928,state,al,0.7839,jellyfish
929,state,al,0.4143,jellyfish
930,state,al,0.6812,jellyfish
931,state,al,0.6881,jellyfish
932,state,al,0.6451,jellyfish
933,state,al,0.7744,jellyfish
934,state,al,0.8422,jellyfish
935,state,al,0.6382,jellyfish
936,state,al,0.6002,jellyfish
937,state,al,0.7226,jellyfish
938,state,al,0.6918,jellyfish
939,state,al,0.4606,jellyfish
940,state,al,0.7744,jellyfish
941,state,al,0.7754,jellyfish
942,state,al,0.8031,jellyfish
943,state,al,0.7003,jellyfish
944,state,al,0.4187,jellyfish
945,state,al,0.4473,jellyfish
946,state,al,0.5924,jellyfish
947,state,al,0.4699,jellyfish
948,state,al,0.6297,jellyfish
949,state,al,0.5561,jellyfish
950,state,al,0.4561,jellyfish
951,state,al,0.5470,jellyfish
952,state,al,0.6487,jellyfish
953,state,al,0.6942,jellyfish
954,state,al,0.6455,jellyfish
955,state,al,0.7152,jellyfish
956,state,al,0.6185,jellyfish
957,state,al,0.6093,jellyfish
958,state,al,0.7824,jellyfish
959,state,al,0.8137,jellyfish
960,state,al,0.6847,jellyfish
961,state,al,0.7007,jellyfish
962,state,al,0.6443,jellyfish
963,state,al,0.7428,jellyfish
964,state,al,0.7427,jellyfish
965,state,al,0.4533,jellyfish
966,state,al,0.4317,jellyfish
967,state,al,0.4396,jellyfish
968,state,al,0.7242,jellyfish
969,state,al,0.7918,jellyfish
970,state,al,0.4870,jellyfish
971,state,al,0.5010,jellyfish
972,state,al,0.7900,jellyfish
973,state,al,0.6060,jellyfish
974,state,al,0.7638,jellyfish
975,state,al,0.7857,jellyfish
976,state,al,0.6322,jellyfish
977,state,al,0.5140,jellyfish
978,state,al,0.3899,jellyfish
979,state,al,0.6574,jellyfish
980,state,al,0.7229,jellyfish
981,state,al,0.5463,jellyfish
982,state,al,0.4639,jellyfish
983,state,al,0.5248,jellyfish
984,state,al,0.5562,jellyfish
985,state,al,0.6199,jellyfish
986,state,al,0.5960,jellyfish
987,state,al,0.6945,jellyfish
988,state,al,0.3590,jellyfish
989,state,al,0.4977,jellyfish
990,state,al,0.7450,jellyfish
991,state,al,0.7530,jellyfish
992,state,al,0.6852,jellyfish
993,state,al,0.7112,jellyfish
994,state,al,0.7288,jellyfish
995,state,al,0.7750,jellyfish
996,state,al,0.3494,jellyfish
997,state,al,0.6203,jellyfish
998,state,al,0.4393,jellyfish
999,state,al,0.7423,jellyfish
1000,state,al,0.5559,jellyfish
1,zip,35233,0.7775,jellyfish
2,zip,35233,0.7930,jellyfish
3,zip,35233,0.7936,jellyfish
4,zip,35233,0.8452,jellyfish
5,zip,35233,0.8358,jellyfish
6,zip,35233,0.6382,jellyfish
7,zip,35233,0.6418,jellyfish
8,zip,35233,0.7772,jellyfish
9,zip,35660,0.7875,jellyfish
10,zip,35660,0.7897,jellyfish
11,zip,35670,0.7606,jellyfish
12,zip,35660,0.7804,jellyfish
13,zip,35660,0.7787,jellyfish
14,zip,35660,0.6282,jellyfish
15,zip,35660,0.7339,jellyfish
16,zip,35660,0.7617,jellyfish
17,zip,35660,0.7473,jellyfish
18,zip,35660,0.6812,jellyfish
19,zip,35660,0.6599,jellyfish
20,zip,36302,0.8149,jellyfish
21,zip,36302,0.7208,jellyfish
22,zip,36302,0.7602,jellyfish
23,zip,36302,0.6443,jellyfish
24,zip,36302,0.8169,jellyfish
25,zip,36305,0.7855,jellyfish
26,zip,36302,0.7734,jellyfish
27,zip,36302,0.8031,jellyfish
28,zip,36302,0.7028,jellyfish
29,zip,36302,0.7601,jellyfish
30,zip,36302,0.6705,jellyfish
31,zip,36302,0.7028,jellyfish
32,zip,36302,0.7884,jellyfish
33,zip,36302,0.7469,jellyfish
34,zip,36302,0.7558,jellyfish
35,zip,36302,0.8060,jellyfish
36,zip,36302,0.6967,jellyfish
37,zip,36302,0.7895,jellyfish
38,zip,36302,0.6844,jellyfish
39,zip,36302,0.7624,jellyfish
40,zip,36302,0.6375,jellyfish
41,zip,36302,0.6375,jellyfish
42,zip,36302,0.7178,jellyfish
43,zip,36305,0.7233,jellyfish
44,zip,36302,0.6505,jellyfish
45,zip,5957,0.7661,jellyfish
46,zip,35957,0.7793,jellyfish
47,zip,35957,0.6636,jellyfish
48,zip,35957,0.7817,jellyfish
49,zip,35957,0.7335,jellyfish
50,zip,35957,0.7589,jellyfish
51,zip,35957,0.6418,jellyfish
52,zip,35957,0.7304,jellyfish
53,zip,35957,0.7830,jellyfish
54,zip,35957,0.7468,jellyfish
55,zip,35957,0.8085,jellyfish
56,zip,35957,0.7809,jellyfish
57,zip,35957,0.7874,jellyfish
58,zip,35957,0.6354,jellyfish
59,zip,35957,0.6460,jellyfish
60,zip,35957,0.6202,jellyfish
61,zip,35957,0.7778,jellyfish
62,zip,35957,0.7850,jellyfish
63,zip,35957,0.7681,jellyfish
64,zip,35962,0.8291,jellyfish
65,zip,35957,0.7717,jellyfish
66,zip,35957,0.7486,jellyfish
67,zip,35957,0.7461,jellyfish
68,zip,35957,0.7887,jellyfish
69,zip,35957,0.7949,jellyfish
70,zip,35631,0.7790,jellyfish
71,zip,35630,0.8341,jellyfish
72,zip,35631,0.7765,jellyfish
73,zip,35631,0.7700,jellyfish
74,zip,35631,0.7809,jellyfish
75,zip,35631,0.7773,jellyfish
76,zip,35631,0.7217,jellyfish
77,zip,35631,0.7086,jellyfish
78,zip,35631,0.7168,jellyfish
79,zip,35631,0.7731,jellyfish
80,zip,35631,0.7227,jellyfish
81,zip,35631,0.8009,jellyfish
82,zip,35630,0.7798,jellyfish
83,zip,35631,0.8092,jellyfish
84,zip,35631,0.6630,jellyfish
85,zip,35631,0.8056,jellyfish
86,zip,35631,0.8094,jellyfish
87,zip,35631,0.7761,jellyfish
88,zip,35631,0.7239,jellyfish
89,zip,35631,0.5815,jellyfish
90,zip,35631,0.7865,jellyfish
91,zip,35631,0.7630,jellyfish
92,zip,35631,0.7358,jellyfish
93,zip,35631,0.6686,jellyfish
94,zip,350,0.7345,jellyfish
95,zip,36467,0.7078,jellyfish
96,zip,36467,0.8053,jellyfish
97,zip,36467,0.8266,jellyfish
98,zip,36467,0.7891,jellyfish
99,zip,36467,0.8093,jellyfish
100,zip,36467,0.6672,jellyfish
101,zip,36467,0.7596,jellyfish
102,zip,36467,0.7102,jellyfish
103,zip,36467,0.6868,jellyfish
104,zip,36467,0.6996,jellyfish
105,zip,36467,0.6491,jellyfish
106,zip,36467,0.7733,jellyfish
107,zip,36467,0.7955,jellyfish
108,zip,36467,0.8066,jellyfish
109,zip,36467,0.7722,jellyfish
110,zip,36467,0.8152,jellyfish
111,zip,36467,0.7930,jellyfish
112,zip,36467,0.8060,jellyfish
113,zip,36467,0.6766,jellyfish
114,zip,36467,0.8079,jellyfish
115,zip,36467,0.6672,jellyfish
116,zip,36467,0.8170,jellyfish
117,zip,36467,0.6679,jellyfish
118,zip,36467,0.8169,jellyfish
119,zip,36467,0.8230,jellyfish
120,zip,36049,0.8067,jellyfish
121,zip,36049,0.7007,jellyfish
122,zip,36049,0.8248,jellyfish
123,zip,36049,0.7417,jellyfish
124,zip,36049,0.7065,jellyfish
125,zip,36049,0.6494,jellyfish
126,zip,36049,0.8018,jellyfish
127,zip,36049,0.7892,jellyfish
128,zip,36049,0.8263,jellyfish
129,zip,36049,0.8021,jellyfish
130,zip,36049,0.6419,jellyfish
131,zip,36049,0.7099,jellyfish
132,zip,36049,0.6686,jellyfish
133,zip,36049,0.6456,jellyfish
134,zip,36049,0.8139,jellyfish
135,zip,36049,0.8095,jellyfish
136,zip,36049,0.7018,jellyfish
137,zip,36049,0.8091,jellyfish
138,zip,36247,0.7924,jellyfish
139,zip,36049,0.8182,jellyfish
140,zip,36047,0.8509,jellyfish
141,zip,36049,0.6639,jellyfish
142,zip,36049,0.6274,jellyfish
143,zip,36049,0.8274,jellyfish
144,zip,36049,0.6520,jellyfish
145,zip,35640,0.8162,jellyfish
146,zip,35640,0.8070,jellyfish
147,zip,35640,0.6870,jellyfish
148,zip,35640,0.7876,jellyfish
149,zip,35640,0.8156,jellyfish
150,zip,36460,0.8077,jellyfish
151,zip,35640,0.8134,jellyfish
152,zip,35640,0.7670,jellyfish
153,zip,35640,0.7967,jellyfish
154,zip,35640,0.8092,jellyfish
155,zip,35640,0.8227,jellyfish
156,zip,35640,0.8154,jellyfish
157,zip,35640,0.7015,jellyfish
158,zip,36460,0.8441,jellyfish
159,zip,35640,0.7874,jellyfish
160,zip,35640,0.8183,jellyfish
161,zip,35640,0.7959,jellyfish
162,zip,35640,0.6543,jellyfish
163,zip,35640,0.7399,jellyfish
164,zip,35640,0.8222,jellyfish
165,zip,35640,0.7865,jellyfish
166,zip,35640,0.6654,jellyfish
167,zip,35640,0.6931,jellyfish
168,zip,35640,0.8024,jellyfish
169,zip,35640,0.7557,jellyfish
170,zip,35976,0.7249,jellyfish
171,zip,35976,0.8067,jellyfish
172,zip,35976,0.6321,jellyfish
173,zip,35976,0.7996,jellyfish
174,zip,35976,0.7794,jellyfish
175,zip,35976,0.8074,jellyfish
176,zip,35976,0.6559,jellyfish
177,zip,35976,0.7146,jellyfish
178,zip,35976,0.8063,jellyfish
179,zip,35976,0.7324,jellyfish
180,zip,35976,0.6935,jellyfish
181,zip,35976,0.7691,jellyfish
182,zip,35976,0.6509,jellyfish
183,zip,35976,0.6819,jellyfish
184,zip,35976,0.7234,jellyfish
185,zip,35976,0.8000,jellyfish
186,zip,35976,0.8023,jellyfish
187,zip,35976,0.7375,jellyfish
188,zip,35976,0.7276,jellyfish
189,zip,35976,0.6720,jellyfish
190,zip,35976,0.7393,jellyfish
191,zip,35976,0.7962,jellyfish
192,zip,35976,0.7473,jellyfish
193,zip,35976,0.7912,jellyfish
194,zip,35976,0.7846,jellyfish
195,zip,35235,0.8008,jellyfish
196,zip,35235,0.8003,jellyfish
197,zip,35235,0.7754,jellyfish
198,zip,35235,0.7611,jellyfish
199,zip,35235,0.6303,jellyfish
200,zip,35235,0.8109,jellyfish
201,zip,35235,0.6479,jellyfish
202,zip,35235,0.7963,jellyfish
203,zip,35235,0.7271,jellyfish
204,zip,35235,0.8001,jellyfish
205,zip,35235,0.7146,jellyfish
206,zip,35235,0.7123,jellyfish
207,zip,35235,0.7220,jellyfish
208,zip,35235,0.8127,jellyfish
209,zip,35235,0.5810,jellyfish
210,zip,35235,0.7198,jellyfish
211,zip,35235,0.7001,jellyfish
212,zip,35235,0.6925,jellyfish
213,zip,35235,0.8209,jellyfish
214,zip,35235,0.8210,jellyfish
215,zip,35235,0.7287,jellyfish
216,zip,35235,0.7912,jellyfish
217,zip,35235,0.8041,jellyfish
218,zip,35235,0.6601,jellyfish
219,zip,35235,0.7463,jellyfish
220,zip,35968,0.7559,jellyfish
221,zip,35968,0.7935,jellyfish
222,zip,35968,0.7252,jellyfish
223,zip,35968,0.7967,jellyfish
224,zip,35968,0.7937,jellyfish
225,zip,35968,0.8197,jellyfish
226,zip,35968,0.7955,jellyfish
227,zip,35968,0.8036,jellyfish
228,zip,35968,0.7863,jellyfish
229,zip,30356,0.7767,jellyfish
230,zip,35968,0.7856,jellyfish
231,zip,35968,0.8070,jellyfish
232,zip,35968,0.6040,jellyfish
233,zip,35968,0.7182,jellyfish
234,zip,35968,0.7541,jellyfish
235,zip,35968,0.7595,jellyfish
236,zip,35968,0.7769,jellyfish
237,zip,35968,0.7960,jellyfish
238,zip,35968,0.6877,jellyfish
239,zip,35968,0.8062,jellyfish
240,zip,35968,0.7686,jellyfish
241,zip,35968,0.6453,jellyfish
242,zip,35968,0.7965,jellyfish
243,zip,35968,0.8194,jellyfish
244,zip,35968,0.7356,jellyfish
245,zip,36784,0.6502,jellyfish
246,zip,36784,0.7880,jellyfish
247,zip,36784,0.5918,jellyfish
248,zip,36784,0.6601,jellyfish
249,zip,36784,0.7374,jellyfish
250,zip,36784,0.7837,jellyfish
251,zip,36784,0.7858,jellyfish
252,zip,36784,0.7741,jellyfish
253,zip,36784,0.7663,jellyfish
254,zip,36784,0.6427,jellyfish
255,zip,36784,0.7856,jellyfish
256,zip,36784,0.6627,jellyfish
257,zip,36784,0.7634,jellyfish
258,zip,36784,0.6723,jellyfish
259,zip,36784,0.7477,jellyfish
260,zip,36784,0.7632,jellyfish
261,zip,36784,0.6269,jellyfish
262,zip,36784,0.6931,jellyfish
263,zip,36784,0.6693,jellyfish
264,zip,36784,0.7833,jellyfish
265,zip,36784,0.6341,jellyfish
266,zip,36784,0.6626,jellyfish
267,zip,36784,0.7112,jellyfish
268,zip,x6784 → 36701,0.7269,jellyfish
269,zip,36784,0.7559,jellyfish
270,zip,35007,0.7603,jellyfish
271,zip,35007,0.7626,jellyfish
272,zip,35007,0.8127,jellyfish
273,zip,35007,0.7001,jellyfish
274,zip,35007,0.7497,jellyfish
275,zip,35007,0.7571,jellyfish
276,zip,35010,0.6711,jellyfish
277,zip,35007,0.8204,jellyfish
278,zip,35007,0.7732,jellyfish
279,zip,35010,0.8253,jellyfish
280,zip,35007,0.6942,jellyfish
281,zip,35007,0.8102,jellyfish
282,zip,35007,0.5924,jellyfish
283,zip,35007,0.7894,jellyfish
284,zip,32000,0.7547,jellyfish
285,zip,35007,0.8046,jellyfish
286,zip,35007,0.8012,jellyfish
287,zip,35007,0.7504,jellyfish
288,zip,35007,0.8106,jellyfish
289,zip,35007,0.7809,jellyfish
290,zip,35007,0.6674,jellyfish
291,zip,34135,0.7469,jellyfish
292,zip,35007,0.7298,jellyfish
293,zip,35007,0.6710,jellyfish
294,zip,35007,0.7579,jellyfish
295,zip,35233,0.7896,jellyfish
296,zip,35233,0.7991,jellyfish
297,zip,35233,0.8361,jellyfish
298,zip,35233,0.6698,jellyfish
299,zip,35233,0.6283,jellyfish
300,zip,35233,0.7941,jellyfish
301,zip,35233,0.7206,jellyfish
302,zip,35233,0.8092,jellyfish
303,zip,35233,0.6650,jellyfish
304,zip,35233,0.8238,jellyfish
305,zip,35233,0.8228,jellyfish
306,zip,35233,0.6720,jellyfish
307,zip,35233,0.7874,jellyfish
308,zip,35233,0.6320,jellyfish
309,zip,35233,0.8207,jellyfish
310,zip,35233,0.6885,jellyfish
311,zip,35233,0.8240,jellyfish
312,zip,36201,0.6276,jellyfish
313,zip,36201,0.8301,jellyfish
314,zip,36201,0.7789,jellyfish
315,zip,36201,0.6454,jellyfish
316,zip,36201,0.8193,jellyfish
317,zip,36201,0.6927,jellyfish
318,zip,36201,0.8204,jellyfish
319,zip,36201,0.7822,jellyfish
320,zip,36201,0.6499,jellyfish
321,zip,36201,0.6722,jellyfish
322,zip,36201,0.8263,jellyfish
323,zip,36201,0.7901,jellyfish
324,zip,36201,0.6601,jellyfish
325,zip,36201,0.7822,jellyfish
326,zip,3601,0.8167,jellyfish
327,zip,36201,0.7064,jellyfish
328,zip,36201,0.8247,jellyfish
329,zip,36201,0.6823,jellyfish
330,zip,36201,0.7587,jellyfish
331,zip,36201,0.8180,jellyfish
332,zip,36305,0.7513,jellyfish
333,zip,36235,0.7273,jellyfish
334,zip,36305,0.7869,jellyfish
335,zip,36305,0.6095,jellyfish
336,zip,36305,0.6598,jellyfish
337,zip,36305,0.6413,jellyfish
338,zip,36305,0.7336,jellyfish
339,zip,36305,0.6640,jellyfish
340,zip,36305,0.8223,jellyfish
341,zip,x6x05 -> 36305,0.7201,jellyfish
342,zip,36305,0.8120,jellyfish
343,zip,36305,0.7701,jellyfish
344,zip,36305,0.7515,jellyfish
345,zip,36305,0.7944,jellyfish
346,zip,36305,0.7773,jellyfish
347,zip,36305,0.7951,jellyfish
348,zip,36305,0.8156,jellyfish
349,zip,35205,0.6563,jellyfish
350,zip,35205,0.7069,jellyfish
351,zip,35205,0.7745,jellyfish
352,zip,35205,0.8041,jellyfish
353,zip,35205,0.7925,jellyfish
354,zip,35609,0.6474,jellyfish
355,zip,35594,0.8161,jellyfish
356,zip,35594,0.7281,jellyfish
357,zip,35594,0.7676,jellyfish
358,zip,35594,0.7236,jellyfish
359,zip,35594,0.7847,jellyfish
360,zip,35594,0.7573,jellyfish
361,zip,35595,0.7396,jellyfish
362,zip,35594,0.7915,jellyfish
363,zip,35594,0.8067,jellyfish
364,zip,35594,0.6177,jellyfish
365,zip,35594,0.8080,jellyfish
366,zip,35594,0.5388,jellyfish
367,zip,36901,0.7449,jellyfish
368,zip,35594,0.7177,jellyfish
369,zip,35594,0.7782,jellyfish
370,zip,35594,0.7159,jellyfish
371,zip,35594,0.7746,jellyfish
372,zip,35594,0.7406,jellyfish
373,zip,35594,0.6214,jellyfish
374,zip,35594,0.7259,jellyfish
375,zip,35594,0.7917,jellyfish
376,zip,38486,0.6786,jellyfish
377,zip,35594,0.7493,jellyfish
378,zip,35594,0.7118,jellyfish
379,zip,35594,0.7895,jellyfish
380,zip,36617,0.6642,jellyfish
381,zip,36617,0.7029,jellyfish
382,zip,36617,0.5511,jellyfish
383,zip,36617,0.6707,jellyfish
384,zip,36617,0.6500,jellyfish
385,zip,36607,0.7724,jellyfish
386,zip,36617,0.6690,jellyfish
387,zip,36607,0.7691,jellyfish
388,zip,36617,0.8067,jellyfish
389,zip,36617,0.8201,jellyfish
390,zip,36617,0.7979,jellyfish
391,zip,36617,0.7750,jellyfish
392,zip,36617,0.7661,jellyfish
393,zip,36067,0.7425,jellyfish
394,zip,36067,0.7120,jellyfish
395,zip,36067,0.8276,jellyfish
396,zip,36067,0.7348,jellyfish
397,zip,36067,0.8014,jellyfish
398,zip,36067,0.6339,jellyfish
399,zip,36067,0.8265,jellyfish
400,zip,36067,0.8318,jellyfish
401,zip,36067,0.8221,jellyfish
402,zip,36067,0.8060,jellyfish
403,zip,36067,0.8174,jellyfish
404,zip,36067,0.8177,jellyfish
405,zip,36067,0.8217,jellyfish
406,zip,36067,0.8331,jellyfish
407,zip,36607,0.7615,jellyfish
408,zip,36067,0.7974,jellyfish
409,zip,36067,0.8279,jellyfish
410,zip,36067,0.6410,jellyfish
411,zip,36067,0.8138,jellyfish
412,zip,36067,0.7887,jellyfish
413,zip,35653,0.7338,jellyfish
414,zip,35653,0.7322,jellyfish
415,zip,35150,0.5669,jellyfish
416,zip,35150,0.7790,jellyfish
417,zip,35150,0.7915,jellyfish
418,zip,35150,0.8059,jellyfish
419,zip,35150,0.8026,jellyfish
420,zip,35150,0.7596,jellyfish
421,zip,35260,0.7147,jellyfish
422,zip,35150,0.7696,jellyfish
423,zip,35150,0.6324,jellyfish
424,zip,35150,0.7175,jellyfish
425,zip,35150,0.8192,jellyfish
426,zip,35150,0.7642,jellyfish
427,zip,35150,0.6159,jellyfish
428,zip,35150,0.7392,jellyfish
429,zip,36261,0.8217,jellyfish
430,zip,35150,0.6523,jellyfish
431,zip,35150,0.7401,jellyfish
432,zip,35150,0.6798,jellyfish
433,zip,99502,0.7121,jellyfish
434,zip,99502,0.7451,jellyfish
435,zip,99502,0.7591,jellyfish
436,zip,99501,0.7283,jellyfish
437,zip,99501,0.7415,jellyfish
438,zip,99501,0.7497,jellyfish
439,zip,99501,0.7223,jellyfish
440,zip,99501,0.7493,jellyfish
441,zip,99501,0.7252,jellyfish
442,zip,99520,0.6804,jellyfish
443,zip,99520,0.5716,jellyfish
444,zip,99519,0.6913,jellyfish
445,zip,99502,0.7397,jellyfish
446,zip,99501,0.7333,jellyfish
447,zip,99502,0.7213,jellyfish
448,zip,99508,0.6296,jellyfish
449,zip,99501,0.6970,jellyfish
450,zip,99501,0.7667,jellyfish
451,zip,99559,0.7592,jellyfish
452,zip,99512,0.7229,jellyfish
453,zip,35660,0.7572,jellyfish
454,zip,35660,0.7389,jellyfish
455,zip,35660,0.7882,jellyfish
456,zip,35660,0.7058,jellyfish
457,zip,35660,0.7338,jellyfish
458,zip,35660,0.7738,jellyfish
459,zip,35660,0.7654,jellyfish
460,zip,35660,0.7731,jellyfish
461,zip,35660,0.7919,jellyfish
462,zip,35660,0.7697,jellyfish
463,zip,35660,0.6435,jellyfish
464,zip,35660,0.6805,jellyfish
465,zip,35660,0.6020,jellyfish
466,zip,35660,0.8152,jellyfish
467,zip,36360,0.8164,jellyfish
468,zip,36360,0.7758,jellyfish
469,zip,36360,0.8268,jellyfish
470,zip,36360,0.7816,jellyfish
471,zip,36360,0.7923,jellyfish
472,zip,36360,0.7713,jellyfish
473,zip,36360,0.7679,jellyfish
474,zip,36360,0.6555,jellyfish
475,zip,36360,0.7691,jellyfish
476,zip,36360,0.7483,jellyfish
477,zip,36360,0.7833,jellyfish
478,zip,36360,0.7907,jellyfish
479,zip,36360,0.7679,jellyfish
480,zip,36360,0.8090,jellyfish
481,zip,36360,0.7958,jellyfish
482,zip,36360,0.6539,jellyfish
483,zip,36360,0.6710,jellyfish
484,zip,36360,0.8055,jellyfish
485,zip,36360,0.7594,jellyfish
486,zip,36360,0.7195,jellyfish
487,zip,36360,0.7991,jellyfish
488,zip,36360,0.8316,jellyfish
489,zip,36360,0.8021,jellyfish
490,zip,36360,0.7591,jellyfish
491,zip,x6x60 → 36360,0.7501,jellyfish
492,zip,35960,0.7278,jellyfish
493,zip,35960,0.7931,jellyfish
494,zip,35960,0.7931,jellyfish
495,zip,35960,0.6521,jellyfish
496,zip,35960,0.7243,jellyfish
497,zip,35960,0.7689,jellyfish
498,zip,35960,0.7416,jellyfish
499,zip,35960,0.7557,jellyfish
500,zip,35650,0.7640,jellyfish
501,zip,35960,0.7323,jellyfish
502,zip,35960,0.7320,jellyfish
503,zip,35960,0.7864,jellyfish
504,zip,35960,0.7891,jellyfish
505,zip,35960,0.7779,jellyfish
506,zip,35960,0.7831,jellyfish
507,zip,35960,0.7098,jellyfish
508,zip,35960,0.8021,jellyfish
509,zip,35960,0.7804,jellyfish
510,zip,35960,0.8256,jellyfish
511,zip,35960,0.7411,jellyfish
512,zip,35960,0.6890,jellyfish
513,zip,35960,0.7872,jellyfish
514,zip,35960,0.7768,jellyfish
515,zip,35960,0.7990,jellyfish
516,zip,35960,0.7416,jellyfish
517,zip,36116,0.7810,jellyfish
518,zip,36116,0.6575,jellyfish
519,zip,36116,0.7045,jellyfish
520,zip,36116,0.7239,jellyfish
521,zip,36116,0.7768,jellyfish
522,zip,36116,0.7315,jellyfish
523,zip,36116,0.7409,jellyfish
524,zip,36116,0.7832,jellyfish
525,zip,36116,0.8211,jellyfish
526,zip,36116,0.7846,jellyfish
527,zip,36116,0.7073,jellyfish
528,zip,36116,0.7089,jellyfish
529,zip,36116,0.6955,jellyfish
530,zip,36116,0.7367,jellyfish
531,zip,36116,0.6514,jellyfish
532,zip,36116,0.7671,jellyfish
533,zip,36107,0.7946,jellyfish
534,zip,36116,0.8047,jellyfish
535,zip,36116,0.8100,jellyfish
536,zip,36116,0.6193,jellyfish
537,zip,36116,0.7886,jellyfish
538,zip,36116,0.6800,jellyfish
539,zip,36116,0.8109,jellyfish
540,zip,36116,0.6651,jellyfish
541,zip,36116,0.6108,jellyfish
542,zip,36107,0.7055,jellyfish
543,zip,36106,0.7130,jellyfish
544,zip,36106,0.7653,jellyfish
545,zip,36207,0.8030,jellyfish
546,zip,36107,0.6646,jellyfish
547,zip,36107,0.6723,jellyfish
548,zip,36107,0.7040,jellyfish
549,zip,36107,0.7267,jellyfish
550,zip,36106,0.7802,jellyfish
551,zip,36107,0.7193,jellyfish
552,zip,36106,0.7790,jellyfish
553,zip,36106,0.7482,jellyfish
554,zip,36107,0.7437,jellyfish
555,zip,36106,0.7428,jellyfish
556,zip,36107,0.6925,jellyfish
557,zip,36106,0.6024,jellyfish
558,zip,36107,0.7940,jellyfish
559,zip,36106,0.6938,jellyfish
560,zip,36212,0.7718,jellyfish
561,zip,36117,0.7399,jellyfish
562,zip,36106,0.7527,jellyfish
563,zip,36107,0.7090,jellyfish
564,zip,36106,0.7739,jellyfish
565,zip,36106,0.6481,jellyfish
566,zip,36106,0.7668,jellyfish
567,zip,36854,0.6549,jellyfish
568,zip,36854,0.6447,jellyfish
569,zip,36854,0.7429,jellyfish
570,zip,36854,0.8034,jellyfish
571,zip,36854,0.7841,jellyfish
572,zip,36854,0.8242,jellyfish
573,zip,36854,0.7854,jellyfish
574,zip,36854,0.6961,jellyfish
575,zip,36854,0.6664,jellyfish
576,zip,36854,0.7364,jellyfish
577,zip,36854,0.6685,jellyfish
578,zip,36854,0.7935,jellyfish
579,zip,36854,0.7966,jellyfish
580,zip,36854,0.7983,jellyfish
581,zip,36854,0.7893,jellyfish
582,zip,36854,0.7889,jellyfish
583,zip,36854,0.7808,jellyfish
584,zip,36854,0.6971,jellyfish
585,zip,36854,0.7198,jellyfish
586,zip,36854,0.7814,jellyfish
587,zip,36854,0.8223,jellyfish
588,zip,36854,0.6596,jellyfish
589,zip,36854,0.6910,jellyfish
590,zip,36854,0.7477,jellyfish
591,zip,36854,0.7783,jellyfish
592,zip,36323,0.7948,jellyfish
593,zip,36323,0.6731,jellyfish
594,zip,36323,0.6387,jellyfish
595,zip,36323,0.8097,jellyfish
596,zip,36323,0.6413,jellyfish
597,zip,36323,0.8065,jellyfish
598,zip,36323,0.7405,jellyfish
599,zip,36323,0.6173,jellyfish
600,zip,36323,0.6875,jellyfish
601,zip,36323,0.8292,jellyfish
602,zip,36323,0.7418,jellyfish
603,zip,36323,0.7730,jellyfish
604,zip,36323,0.7164,jellyfish
605,zip,36323,0.6840,jellyfish
606,zip,36323,0.7025,jellyfish
607,zip,36323,0.8027,jellyfish
608,zip,36323,0.6733,jellyfish
609,zip,36323,0.7835,jellyfish
610,zip,36323,0.6812,jellyfish
611,zip,36323,0.7893,jellyfish
612,zip,36323,0.7459,jellyfish
613,zip,36323,0.7860,jellyfish
614,zip,36323,0.8005,jellyfish
615,zip,36323,0.8341,jellyfish
616,zip,36323,0.6099,jellyfish
617,zip,36801,0.7876,jellyfish
618,zip,36801,0.7973,jellyfish
619,zip,36864,0.7873,jellyfish
620,zip,36801,0.8066,jellyfish
621,zip,36801,0.7322,jellyfish
622,zip,36801,0.6432,jellyfish
623,zip,36801,0.7913,jellyfish
624,zip,36864,0.7174,jellyfish
625,zip,36801,0.7171,jellyfish
626,zip,36864,0.7430,jellyfish
627,zip,36801,0.7290,jellyfish
628,zip,36801,0.6367,jellyfish
629,zip,36864,0.7324,jellyfish
630,zip,36801,0.6090,jellyfish
631,zip,36801,0.8042,jellyfish
632,zip,36801,0.7788,jellyfish
633,zip,36801,0.7817,jellyfish
634,zip,36801,0.6833,jellyfish
635,zip,36801,0.7895,jellyfish
636,zip,36864,0.7866,jellyfish
637,zip,36801,0.6480,jellyfish
638,zip,36801,0.7174,jellyfish
639,zip,36801,0.7708,jellyfish
640,zip,36864,0.7914,jellyfish
641,zip,36864,0.7361,jellyfish
642,zip,36278,0.6262,jellyfish
643,zip,36278,0.8325,jellyfish
644,zip,36278,0.7826,jellyfish
645,zip,36278,0.8252,jellyfish
646,zip,36278,0.8055,jellyfish
647,zip,36278,0.8153,jellyfish
648,zip,36278,0.7589,jellyfish
649,zip,36278,0.7752,jellyfish
650,zip,36278,0.8127,jellyfish
651,zip,36278,0.7869,jellyfish
652,zip,36278,0.8320,jellyfish
653,zip,36278,0.7099,jellyfish
654,zip,36278,0.8001,jellyfish
655,zip,36278,0.6974,jellyfish
656,zip,36278,0.7903,jellyfish
657,zip,36278,0.6922,jellyfish
658,zip,36278,0.7114,jellyfish
659,zip,36278,0.6122,jellyfish
660,zip,36278,0.6749,jellyfish
661,zip,36278,0.6568,jellyfish
662,zip,36278,0.7284,jellyfish
663,zip,36278,0.7846,jellyfish
664,zip,36278,0.7514,jellyfish
665,zip,36278,0.6946,jellyfish
666,zip,36278,0.8484,jellyfish
667,zip,35233,0.6907,jellyfish
668,zip,35233,0.6976,jellyfish
669,zip,35233,0.8204,jellyfish
670,zip,35233,0.8078,jellyfish
671,zip,35233,0.8006,jellyfish
672,zip,35233,0.8073,jellyfish
673,zip,35233,0.6680,jellyfish
674,zip,35233,0.7207,jellyfish
675,zip,35233,0.8026,jellyfish
676,zip,35233,0.7968,jellyfish
677,zip,35233,0.7429,jellyfish
678,zip,35233,0.6404,jellyfish
679,zip,35233,0.7800,jellyfish
680,zip,35233,0.7622,jellyfish
681,zip,35233,0.6644,jellyfish
682,zip,35233,0.7010,jellyfish
683,zip,35233,0.8146,jellyfish
684,zip,35233,0.7883,jellyfish
685,zip,35233,0.6179,jellyfish
686,zip,35233,0.7671,jellyfish
687,zip,35233,0.8217,jellyfish
688,zip,35233,0.6612,jellyfish
689,zip,35233,0.6781,jellyfish
690,zip,35233,0.7151,jellyfish
691,zip,35233,0.7903,jellyfish
692,zip,36078,0.7680,jellyfish
693,zip,36078,0.6799,jellyfish
694,zip,36078,0.8320,jellyfish
695,zip,36078,0.7162,jellyfish
696,zip,36078,0.7983,jellyfish
697,zip,36078,0.6857,jellyfish
698,zip,36078,0.6781,jellyfish
699,zip,36078,0.6434,jellyfish
700,zip,36078,0.6942,jellyfish
701,zip,36078,0.7297,jellyfish
702,zip,36078,0.7223,jellyfish
703,zip,36078,0.7564,jellyfish
704,zip,36078,0.8039,jellyfish
705,zip,36079,0.6990,jellyfish
706,zip,36078,0.8050,jellyfish
707,zip,36078,0.8190,jellyfish
708,zip,36078,0.7240,jellyfish
709,zip,36078,0.7987,jellyfish
710,zip,36078,0.8321,jellyfish
711,zip,36387,0.6295,jellyfish
712,zip,36078,0.7588,jellyfish
713,zip,36078,0.7998,jellyfish
714,zip,36078,0.7942,jellyfish
715,zip,36078,0.6516,jellyfish
716,zip,36078,0.8268,jellyfish
717,zip,35058,0.6464,jellyfish
718,zip,35058,0.6596,jellyfish
719,zip,35055,0.8090,jellyfish
720,zip,35058,0.6569,jellyfish
721,zip,35058,0.7973,jellyfish
722,zip,35055,0.7398,jellyfish
723,zip,35055,0.8109,jellyfish
724,zip,35058,0.7652,jellyfish
725,zip,35058,0.7228,jellyfish
726,zip,35055,0.7072,jellyfish
727,zip,35058,0.7295,jellyfish
728,zip,35058,0.7892,jellyfish
729,zip,35055,0.7822,jellyfish
730,zip,35058,0.7426,jellyfish
731,zip,35058,0.7438,jellyfish
732,zip,35058,0.7389,jellyfish
733,zip,35058,0.7824,jellyfish
734,zip,35058,0.7700,jellyfish
735,zip,35058,0.7895,jellyfish
736,zip,35055,0.7809,jellyfish
737,zip,35055,0.7672,jellyfish
738,zip,35055,0.7055,jellyfish
739,zip,35058,0.7672,jellyfish
740,zip,35055,0.7757,jellyfish
741,zip,35058,0.8134,jellyfish
742,zip,36420,0.6816,jellyfish
743,zip,36420,0.8218,jellyfish
744,zip,36420,0.8126,jellyfish
745,zip,36420,0.7384,jellyfish
746,zip,36420,0.8214,jellyfish
747,zip,36420,0.7604,jellyfish
748,zip,36420,0.6681,jellyfish
749,zip,36420,0.7505,jellyfish
750,zip,36420,0.7500,jellyfish
751,zip,36420,0.8793,jellyfish
752,zip,36420,0.7033,jellyfish
753,zip,36420,0.8197,jellyfish
754,zip,36420,0.7602,jellyfish
755,zip,36420,0.8207,jellyfish
756,zip,36420,0.8015,jellyfish
757,zip,36420,0.8119,jellyfish
758,zip,36420,0.7770,jellyfish
759,zip,36420,0.7469,jellyfish
760,zip,36420,0.7931,jellyfish
761,zip,36420,0.6828,jellyfish
762,zip,36420,0.6601,jellyfish
763,zip,36420,0.8091,jellyfish
764,zip,36420,0.7353,jellyfish
765,zip,36420,0.8340,jellyfish
766,zip,36420,0.6567,jellyfish
767,zip,36201,0.7891,jellyfish
768,zip,36201,0.7872,jellyfish
769,zip,36201,0.8031,jellyfish
770,zip,36201,0.7136,jellyfish
771,zip,36201,0.8355,jellyfish
772,zip,36201,0.7954,jellyfish
773,zip,36201,0.6399,jellyfish
774,zip,36201,0.8032,jellyfish
775,zip,35801,0.8156,jellyfish
776,zip,35801,0.7953,jellyfish
777,zip,35801,0.6927,jellyfish
778,zip,35801,0.7839,jellyfish
779,zip,35801,0.8075,jellyfish
780,zip,35801,0.7855,jellyfish
781,zip,35801,0.8272,jellyfish
782,zip,35801,0.8124,jellyfish
783,zip,35801,0.8322,jellyfish
784,zip,35801,0.7091,jellyfish
785,zip,35801,0.7969,jellyfish
786,zip,35801,0.8214,jellyfish
787,zip,35801,0.8317,jellyfish
788,zip,35801,0.7513,jellyfish
789,zip,35801,0.7200,jellyfish
790,zip,35801,0.7706,jellyfish
791,zip,35801,0.7013,jellyfish
792,zip,35801,0.8013,jellyfish
793,zip,35801,0.7979,jellyfish
794,zip,35801,0.7796,jellyfish
795,zip,35801,0.6859,jellyfish
796,zip,35801,0.7033,jellyfish
797,zip,35801,0.6724,jellyfish
798,zip,35801,0.7207,jellyfish
799,zip,35801,0.7847,jellyfish
800,zip,35801,0.7207,jellyfish
801,zip,35801,0.8044,jellyfish
802,zip,35801,0.7980,jellyfish
803,zip,35903,0.7841,jellyfish
804,zip,35903,0.7695,jellyfish
805,zip,35903,0.7545,jellyfish
806,zip,35903,0.8074,jellyfish
807,zip,35903,0.8087,jellyfish
808,zip,35903,0.7437,jellyfish
809,zip,35903,0.6528,jellyfish
810,zip,35903,0.6394,jellyfish
811,zip,35903,0.7857,jellyfish
812,zip,35903,0.7925,jellyfish
813,zip,35903,0.7292,jellyfish
814,zip,35903,0.7312,jellyfish
815,zip,35903,0.7821,jellyfish
816,zip,59031,0.7408,jellyfish
817,zip,35903,0.7416,jellyfish
818,zip,35903,0.7668,jellyfish
819,zip,35903,0.8041,jellyfish
820,zip,35903,0.7560,jellyfish
821,zip,35903,0.6831,jellyfish
822,zip,35901,0.8162,jellyfish
823,zip,35903,0.7968,jellyfish
824,zip,35903,0.8077,jellyfish
825,zip,35903,0.7311,jellyfish
826,zip,35903,0.7502,jellyfish
827,zip,35903,0.7258,jellyfish
828,zip,35045,0.8293,jellyfish
829,zip,35045,0.8285,jellyfish
830,zip,35045,0.8148,jellyfish
831,zip,35045,0.7459,jellyfish
832,zip,35045,0.7873,jellyfish
833,zip,35045,0.6559,jellyfish
834,zip,35045,0.8173,jellyfish
835,zip,35045,0.7043,jellyfish
836,zip,35045,0.8256,jellyfish
837,zip,35045,0.7691,jellyfish
838,zip,35045,0.6585,jellyfish
839,zip,35045,0.6903,jellyfish
840,zip,35045,0.5706,jellyfish
841,zip,35045,0.8162,jellyfish
842,zip,35045,0.6585,jellyfish
843,zip,35045,0.8076,jellyfish
844,zip,35045,0.8079,jellyfish
845,zip,35045,0.7296,jellyfish
846,zip,35045,0.7402,jellyfish
847,zip,35045,0.7974,jellyfish
848,zip,35045,0.8135,jellyfish
849,zip,35045,0.7791,jellyfish
850,zip,35045,0.6641,jellyfish
851,zip,35045,0.7488,jellyfish
852,zip,35045,0.6769,jellyfish
853,zip,35570,0.7983,jellyfish
854,zip,35570,0.8020,jellyfish
855,zip,35570,0.7893,jellyfish
856,zip,35570,0.7466,jellyfish
857,zip,35570,0.7923,jellyfish
858,zip,35570,0.8184,jellyfish
859,zip,35570,0.7826,jellyfish
860,zip,35570,0.7931,jellyfish
861,zip,35570,0.8007,jellyfish
862,zip,35570,0.8048,jellyfish
863,zip,35570,0.7860,jellyfish
864,zip,35570,0.7863,jellyfish
865,zip,35570,0.7655,jellyfish
866,zip,35570,0.7950,jellyfish
867,zip,35570,0.7240,jellyfish
868,zip,35570,0.7856,jellyfish
869,zip,35570,0.7293,jellyfish
870,zip,35570,0.7184,jellyfish
871,zip,35570,0.7162,jellyfish
872,zip,35570,0.6462,jellyfish
873,zip,35570,0.6034,jellyfish
874,zip,35570,0.6673,jellyfish
875,zip,35570,0.7810,jellyfish
876,zip,35570,0.7199,jellyfish
877,zip,35570,0.7930,jellyfish
878,zip,35555,0.7918,jellyfish
879,zip,35555,0.7782,jellyfish
880,zip,35555,0.7647,jellyfish
881,zip,35555,0.7210,jellyfish
882,zip,35555,0.6904,jellyfish
883,zip,35555,0.6610,jellyfish
884,zip,35555,0.8014,jellyfish
885,zip,35555,0.7015,jellyfish
886,zip,35555,0.6832,jellyfish
887,zip,35555,0.7923,jellyfish
888,zip,35555,0.7491,jellyfish
889,zip,35555,0.6995,jellyfish
890,zip,35555,0.5829,jellyfish
891,zip,35555,0.6788,jellyfish
892,zip,35555,0.7995,jellyfish
893,zip,35555,0.7232,jellyfish
894,zip,35555,0.6844,jellyfish
895,zip,35555,0.8175,jellyfish
896,zip,35555,0.7621,jellyfish
897,zip,35555,0.8183,jellyfish
898,zip,35555,0.7720,jellyfish
899,zip,35555,0.7782,jellyfish
900,zip,35555,0.7839,jellyfish
901,zip,35555,0.7855,jellyfish
902,zip,35555,0.6695,jellyfish
903,zip,35901,0.7847,jellyfish
904,zip,35902,0.6913,jellyfish
905,zip,35901,0.8080,jellyfish
906,zip,35901,0.8013,jellyfish
907,zip,35901,0.7425,jellyfish
908,zip,35901,0.8105,jellyfish
909,zip,35901,0.8051,jellyfish
910,zip,35901,0.8009,jellyfish
911,zip,35901,0.8081,jellyfish
912,zip,35901,0.7188,jellyfish
913,zip,35901,0.7869,jellyfish
914,zip,35901,0.7033,jellyfish
915,zip,35901,0.7429,jellyfish
916,zip,35901,0.7790,jellyfish
917,zip,35901,0.7640,jellyfish
918,zip,35901,0.7210,jellyfish
919,zip,35901,0.8042,jellyfish
920,zip,35901,0.6971,jellyfish
921,zip,35901,0.7924,jellyfish
922,zip,35901,0.7417,jellyfish
923,zip,35901,0.7892,jellyfish
924,zip,35901,0.8384,jellyfish
925,zip,35901,0.7322,jellyfish
926,zip,35901,0.7757,jellyfish
927,zip,35901,0.7782,jellyfish
928,zip,35901,0.7860,jellyfish
929,zip,35901,0.6405,jellyfish
930,zip,35901,0.7452,jellyfish
931,zip,36033,0.6618,jellyfish
932,zip,36033,0.7955,jellyfish
933,zip,36033,0.8163,jellyfish
934,zip,36033,0.6954,jellyfish
935,zip,36033,0.6925,jellyfish
936,zip,36033,0.8297,jellyfish
937,zip,36033,0.8024,jellyfish
938,zip,36033,0.7579,jellyfish
939,zip,36033,0.6521,jellyfish
940,zip,36033,0.7664,jellyfish
941,zip,36033,0.6369,jellyfish
942,zip,36033,0.6264,jellyfish
943,zip,36033,0.8309,jellyfish
944,zip,36033,0.7608,jellyfish
945,zip,36033,0.8213,jellyfish
946,zip,36033,0.7791,jellyfish
947,zip,36033,0.6960,jellyfish
948,zip,36033,0.8364,jellyfish
949,zip,36033,0.8429,jellyfish
950,zip,36033,0.7643,jellyfish
951,zip,36033,0.8068,jellyfish
952,zip,36033,0.8046,jellyfish
953,zip,36033,0.7953,jellyfish
954,zip,36033,0.8137,jellyfish
955,zip,36033,0.6819,jellyfish
956,zip,36330,0.7734,jellyfish
957,zip,36330,0.7978,jellyfish
958,zip,36330,0.7691,jellyfish
959,zip,36330,0.6640,jellyfish
960,zip,36330,0.7495,jellyfish
961,zip,36330,0.6919,jellyfish
962,zip,36330,0.7942,jellyfish
963,zip,36330,0.7542,jellyfish
964,zip,36330,0.7472,jellyfish
965,zip,36330,0.6389,jellyfish
966,zip,36330,0.7809,jellyfish
967,zip,36330,0.7722,jellyfish
968,zip,36330,0.6650,jellyfish
969,zip,36330,0.6689,jellyfish
970,zip,36330,0.8134,jellyfish
971,zip,36330,0.6607,jellyfish
972,zip,36330,0.7954,jellyfish
973,zip,36330,0.7900,jellyfish
974,zip,36330,0.7842,jellyfish
975,zip,36330,0.5867,jellyfish
976,zip,36330,0.7592,jellyfish
977,zip,36330,0.7903,jellyfish
978,zip,36330,0.6347,jellyfish
979,zip,36330,0.8016,jellyfish
980,zip,36330,0.5992,jellyfish
981,zip,35121,0.7831,jellyfish
982,zip,35121,0.7881,jellyfish
983,zip,35121,0.7921,jellyfish
984,zip,35121,0.6282,jellyfish
985,zip,35121,0.6811,jellyfish
986,zip,35126,0.6823,jellyfish
987,zip,35121,0.6760,jellyfish
988,zip,35121,0.6571,jellyfish
989,zip,35121,0.7772,jellyfish
990,zip,35121,0.7961,jellyfish
991,zip,35121,0.6174,jellyfish
992,zip,35121,0.7485,jellyfish
993,zip,35121,0.7759,jellyfish
994,zip,35121,0.7641,jellyfish
995,zip,35121,0.7342,jellyfish
996,zip,35121,0.7733,jellyfish
997,zip,35121,0.7596,jellyfish
998,zip,35121,0.7784,jellyfish
999,zip,35121,0.7641,jellyfish
1000,zip,35121,0.7150,jellyfish
1,county,jefferson,0.7485,jellyfish
2,county,dallas,0.6748,jellyfish
3,county,st. francis,0.6932,jellyfish
4,county,jefferson,0.8110,jellyfish
5,county,st. francis,0.7719,jellyfish
6,county,jefferson,0.7981,jellyfish
7,county,jefferson,0.5910,jellyfish
8,county,jefferson,0.7551,jellyfish
9,county,limestone,0.7652,jellyfish
10,county,limestone,0.6984,jellyfish
11,county,walker,0.7441,jellyfish
12,county,walker,0.7247,jellyfish
13,county,walker,0.7453,jellyfish
14,county,limestone,0.7776,jellyfish
15,county,limestone,0.6960,jellyfish
16,county,limestone,0.7807,jellyfish
17,county,limestone,0.7813,jellyfish
18,county,limestone,0.7968,jellyfish
19,county,limestone,0.7691,jellyfish
20,county,covington,0.7323,jellyfish
21,county,covington,0.7695,jellyfish
22,county,covington county,0.7486,jellyfish
23,county,covington,0.7109,jellyfish
24,county,lee,0.7954,jellyfish
25,county,covington,0.7986,jellyfish
26,county,covington,0.7939,jellyfish
27,county,covington,0.7920,jellyfish
28,county,covington county,0.7486,jellyfish
29,county,dale,0.7624,jellyfish
30,county,covington,0.7757,jellyfish
31,county,covington,0.7359,jellyfish
32,county,covington,0.7532,jellyfish
33,county,covington,0.8048,jellyfish
34,county,covington,0.7730,jellyfish
35,county,covington,0.7771,jellyfish
36,county,cotton,0.6787,jellyfish
37,county,covington,0.7436,jellyfish
38,county,covington,0.8150,jellyfish
39,county,covington,0.8028,jellyfish
40,county,dale,0.7570,jellyfish
41,county,covington,0.7772,jellyfish
42,county,covington,0.7364,jellyfish
43,county,dale,0.7320,jellyfish
44,county,covington,0.8068,jellyfish
45,county,marshall,0.4614,jellyfish
46,county,marion,0.7373,jellyfish
47,county,marion,0.7968,jellyfish
48,county,marshall,0.5339,jellyfish
49,county,marshall,0.5112,jellyfish
50,county,marshall,0.7767,jellyfish
51,county,marion,0.7929,jellyfish
52,county,marion,0.7907,jellyfish
53,county,marshall county,0.7578,jellyfish
54,county,marion,0.7109,jellyfish
55,county,marion,0.6975,jellyfish
56,county,marion,0.6775,jellyfish
57,county,marion,0.7403,jellyfish
58,county,marietta,0.6922,jellyfish
59,county,marion,0.7647,jellyfish
60,county,marion,0.7539,jellyfish
61,county,marshall county,0.7153,jellyfish
62,county,marshall,0.4535,jellyfish
63,county,marion,0.7943,jellyfish
64,county,marshall county,0.7642,jellyfish
65,county,marion,0.7157,jellyfish
66,county,marion,0.7435,jellyfish
67,county,marion,0.7454,jellyfish
68,county,marion,0.7374,jellyfish
69,county,marion,0.8065,jellyfish
70,county,colbert,0.7726,jellyfish
71,county,colbert,0.7494,jellyfish
72,county,colbert,0.7628,jellyfish
73,county,walker |,0.6488,jellyfish
74,county,marshall,0.7849,jellyfish
75,county,colbert,0.7340,jellyfish
76,county,colbert,0.7771,jellyfish
77,county,colbert,0.7712,jellyfish
78,county,lamar,0.6995,jellyfish
79,county,colbert,0.7669,jellyfish
80,county,marshall,0.6568,jellyfish
81,county,colbert,0.7481,jellyfish
82,county,colbert,0.7683,jellyfish
83,county,marshall,0.7758,jellyfish
84,county,marshall,0.7485,jellyfish
85,county,marshall,0.7380,jellyfish
86,county,marshall,0.7175,jellyfish
87,county,colbert,0.7673,jellyfish
88,county,walker,0.6823,jellyfish
89,county,marshall,0.7717,jellyfish
90,county,colbert,0.7633,jellyfish
91,county,colbert,0.7738,jellyfish
92,county,marshall,0.7285,jellyfish
93,county,colbert,0.7946,jellyfish
94,county,jackson,0.7227,jellyfish
95,county,conecuh,0.6755,jellyfish
96,county,cullman,0.7085,jellyfish
97,county,perry,0.7777,jellyfish
98,county,crenshaw,0.7276,jellyfish
99,county,concordia,0.6658,jellyfish
100,county,perry,0.7783,jellyfish
101,county,perry,0.6962,jellyfish
102,county,crenshaw,0.6878,jellyfish
103,county,pickett,0.7425,jellyfish
104,county,crenshaw,0.7279,jellyfish
105,county,perry,0.7370,jellyfish
106,county,cullman,0.6835,jellyfish
107,county,crenshaw,0.7043,jellyfish
108,county,crenshaw,0.6822,jellyfish
109,county,crenshaw,0.7355,jellyfish
110,county,perry,0.6320,jellyfish
111,county,crenshaw,0.7307,jellyfish
112,county,covington,0.7730,jellyfish
113,county,perry,0.7757,jellyfish
114,county,cotton,0.6661,jellyfish
115,county,perry,0.7191,jellyfish
116,county,perry,0.7445,jellyfish
117,county,crenshaw,0.6363,jellyfish
118,county,crenshaw,0.7276,jellyfish
119,county,perry,0.7017,jellyfish
120,county,Crenshaw,0.7835,jellyfish
121,county,cullman,0.7325,jellyfish
122,county,Crenshaw,0.7739,jellyfish
123,county,cullman,0.7944,jellyfish
124,county,cullman,0.7264,jellyfish
125,county,cullman,0.7559,jellyfish
126,county,cullman,0.7065,jellyfish
127,county,cullman,0.7177,jellyfish
128,county,cullman,0.7812,jellyfish
129,county,Crenshaw,0.6349,jellyfish
130,county,cullman,0.6548,jellyfish
131,county,cullman,0.7508,jellyfish
132,county,cullman,0.7552,jellyfish
133,county,cullman,0.8045,jellyfish
134,county,cullman,0.8072,jellyfish
135,county,cullman,0.7337,jellyfish
136,county,cullman,0.7963,jellyfish
137,county,crenshaw,0.8434,jellyfish
138,county,Crenshaw,0.5580,jellyfish
139,county,Crenshaw,0.6344,jellyfish
140,county,Crenshaw,0.3888,jellyfish
141,county,Crenshaw County,0.7461,jellyfish
142,county,Crenshaw,0.6027,jellyfish
143,county,Crenshaw,0.5902,jellyfish
144,county,Crenshaw,0.6668,jellyfish
145,county,limestone,0.7745,jellyfish
146,county,limestone,0.8008,jellyfish
147,county,limestone,0.7582,jellyfish
148,county,limestone,0.8054,jellyfish
149,county,limestone,0.8123,jellyfish
150,county,limestone,0.7830,jellyfish
151,county,limestone,0.7483,jellyfish
152,county,limestone,0.7809,jellyfish
153,county,limestone,0.7362,jellyfish
154,county,lamar,0.6829,jellyfish
155,county,limestone,0.7407,jellyfish
156,county,limestone,0.8080,jellyfish
157,county,limestone,0.7483,jellyfish
158,county,limestone,0.7310,jellyfish
159,county,limestone,0.7736,jellyfish
160,county,limestone,0.7937,jellyfish
161,county,limestone,0.7798,jellyfish
162,county,limestone,0.8063,jellyfish
163,county,limestone,0.7067,jellyfish
164,county,limestone,0.7671,jellyfish
165,county,limestone,0.7733,jellyfish
166,county,limestone,0.7263,jellyfish
167,county,limestone,0.7630,jellyfish
168,county,limestone,0.6960,jellyfish
169,county,limestone,0.6903,jellyfish
170,county,marshall,0.6489,jellyfish
171,county,marshall,0.6426,jellyfish
172,county,marshall,0.7238,jellyfish
173,county,marshall,0.7752,jellyfish
174,county,marshall,0.6609,jellyfish
175,county,marshall,0.7513,jellyfish
176,county,marshall county,0.5267,jellyfish
177,county,marshall,0.6633,jellyfish
178,county,marshall,0.8183,jellyfish
179,county,marshall,0.7136,jellyfish
180,county,marshall,0.6794,jellyfish
181,county,marshall county,0.6451,jellyfish
182,county,marshall,0.7595,jellyfish
183,county,marshall,0.5990,jellyfish
184,county,marshall,0.5376,jellyfish
185,county,marshall,0.7616,jellyfish
186,county,marshall,0.4752,jellyfish
187,county,marshall,0.6804,jellyfish
188,county,marshall,0.5810,jellyfish
189,county,marshall county,0.6109,jellyfish
190,county,marshall,0.6101,jellyfish
191,county,marshall,0.5214,jellyfish
192,county,marshall,0.6291,jellyfish
193,county,marshall,0.7264,jellyfish
194,county,marshall,0.8182,jellyfish
195,county,jefferson,0.6908,jellyfish
196,county,jefferson,0.6696,jellyfish
197,county,jefferson,0.4903,jellyfish
198,county,jefferson,0.7789,jellyfish
199,county,jefferson,0.6544,jellyfish
200,county,jefferson,0.7866,jellyfish
201,county,dallas,0.7686,jellyfish
202,county,jefferson,0.6586,jellyfish
203,county,jefferson,0.7444,jellyfish
204,county,jefferson,0.5467,jellyfish
205,county,jefferson,0.6695,jellyfish
206,county,dallas,0.7693,jellyfish
207,county,jefferson,0.8055,jellyfish
208,county,jefferson,0.7321,jellyfish
209,county,dallas,0.6863,jellyfish
210,county,dallas,0.7640,jellyfish
211,county,dallas,0.7626,jellyfish
212,county,jefferson,0.6881,jellyfish
213,county,jefferson,0.6484,jellyfish
214,county,jefferson,0.8017,jellyfish
215,county,dallas,0.7077,jellyfish
216,county,jefferson,0.7054,jellyfish
217,county,jefferson,0.8216,jellyfish
218,county,jefferson,0.7106,jellyfish
219,county,jefferson,0.6911,jellyfish
220,county,dekalb county,0.7803,jellyfish
221,county,dekalb county,0.8043,jellyfish
222,county,dekalb,0.8227,jellyfish
223,county,dekalb county,0.7803,jellyfish
224,county,cherokee,0.7132,jellyfish
225,county,dekalb county,0.7465,jellyfish
226,county,dekalb county,0.8182,jellyfish
227,county,dekalb county,0.8107,jellyfish
228,county,dekalb,0.7331,jellyfish
229,county,dekalb county,0.8301,jellyfish
230,county,dekalb county,0.8194,jellyfish
231,county,dekalb county,0.7885,jellyfish
232,county,dekalb county,0.7956,jellyfish
233,county,dekalb county,0.6858,jellyfish
234,county,dekalb county,0.8269,jellyfish
235,county,dekalb county,0.7531,jellyfish
236,county,dekalb county,0.7597,jellyfish
237,county,dekalb county,0.8272,jellyfish
238,county,dekalb county,0.7497,jellyfish
239,county,dekalb,0.7353,jellyfish
240,county,dekalb county,0.7624,jellyfish
241,county,dekalb county,0.7765,jellyfish
242,county,dekalb county,0.7220,jellyfish
243,county,dekalb county,0.7366,jellyfish
244,county,lamar,0.7758,jellyfish
245,county,clarke,0.6589,jellyfish
246,county,clarke,0.7672,jellyfish
247,county,clarke,0.6740,jellyfish
248,county,clarke,0.6252,jellyfish
249,county,clarke,0.6800,jellyfish
250,county,clarke,0.7577,jellyfish
251,county,clarke,0.7790,jellyfish
252,county,clarke,0.7021,jellyfish
253,county,clarke,0.7839,jellyfish
254,county,clarke,0.6992,jellyfish
255,county,clarke,0.7172,jellyfish
256,county,clarke,0.6167,jellyfish
257,county,clarke,0.7400,jellyfish
258,county,clarke,0.7667,jellyfish
259,county,clarke,0.7586,jellyfish
260,county,clarke,0.7529,jellyfish
261,county,clarke,0.6834,jellyfish
262,county,clarke,0.7855,jellyfish
263,county,clarke,0.7331,jellyfish
264,county,clarke,0.7077,jellyfish
265,county,clarke,0.7106,jellyfish
266,county,clarke,0.6359,jellyfish
267,county,clarke,0.7871,jellyfish
268,county,clarke,0.7840,jellyfish
269,county,clarke,0.7785,jellyfish
270,county,st. clair,0.7602,jellyfish
271,county,st. Clair,0.7208,jellyfish
272,county,st. clair,0.7379,jellyfish
273,county,st. Clair,0.7411,jellyfish
274,county,st. Clair,0.7300,jellyfish
275,county,st. Clair,0.7707,jellyfish
276,county,st. francis,0.7609,jellyfish
277,county,st. Clair,0.7956,jellyfish
278,county,st. clair,0.7174,jellyfish
279,county,st. Clair,0.7856,jellyfish
280,county,st. Clair,0.6313,jellyfish
281,county,st. Clair,0.7760,jellyfish
282,county,shelby,0.7550,jellyfish
283,county,st. Clair,0.7766,jellyfish
284,county,st. Clair,0.7512,jellyfish
285,county,st. clair,0.7781,jellyfish
286,county,st. Clair,0.7406,jellyfish
287,county,st. Clair,0.7683,jellyfish
288,county,st. Clair,0.7709,jellyfish
289,county,st. Clair,0.6807,jellyfish
290,county,st. Clair,0.6760,jellyfish
291,county,st. clair,0.7558,jellyfish
292,county,st. Clair,0.7225,jellyfish
293,county,st. Clair,0.7379,jellyfish
294,county,st. clair,0.6866,jellyfish
295,county,jefferson,0.6439,jellyfish
296,county,dallas,0.7505,jellyfish
297,county,dallas,0.7243,jellyfish
298,county,jefferson,0.6738,jellyfish
299,county,jefferson,0.7440,jellyfish
300,county,dale,0.7563,jellyfish
301,county,st. clair,0.6930,jellyfish
302,county,st. Clair,0.7639,jellyfish
303,county,shelby,0.7961,jellyfish
304,county,jefferson,0.6927,jellyfish
305,county,st. francis,0.7877,jellyfish
306,county,jefferson,0.5889,jellyfish
307,county,jefferson,0.7570,jellyfish
308,county,jefferson,0.6579,jellyfish
309,county,st. clair,0.6871,jellyfish
310,county,st. Clair,0.7257,jellyfish
311,county,jefferson,0.6372,jellyfish
312,county,pickett,0.6349,jellyfish
313,county,calhoun,0.5722,jellyfish
314,county,calhoun,0.7053,jellyfish
315,county,coosa,0.7583,jellyfish
316,county,calhoun,0.6451,jellyfish
317,county,calhoun,0.7374,jellyfish
318,county,calhoun,0.6034,jellyfish
319,county,coosa,0.7689,jellyfish
320,county,calhoun,0.6557,jellyfish
321,county,coosa,0.7314,jellyfish
322,county,calhoun,0.6103,jellyfish
323,county,cullman,0.7289,jellyfish
324,county,calhoun,0.5864,jellyfish
325,county,calhoun,0.7929,jellyfish
326,county,calhoun,0.6484,jellyfish
327,county,calhoun,0.5919,jellyfish
328,county,calhoun,0.6195,jellyfish
329,county,cullman,0.7008,jellyfish
330,county,calhoun,0.7067,jellyfish
331,county,calhoun,0.7462,jellyfish
332,county,covington,0.7800,jellyfish
333,county,covington,0.4038,jellyfish
334,county,covington county,0.7720,jellyfish
335,county,covington,0.7472,jellyfish
336,county,covington,0.7894,jellyfish
337,county,covington,0.7842,jellyfish
338,county,covington,0.7507,jellyfish
339,county,covington,0.7801,jellyfish
340,county,covington county,0.7860,jellyfish
341,county,covington,0.6549,jellyfish
342,county,covington,0.7973,jellyfish
343,county,covington,0.7796,jellyfish
344,county,covington,0.7497,jellyfish
345,county,covington,0.7193,jellyfish
346,county,covington,0.7208,jellyfish
347,county,holmes,0.7593,jellyfish
348,county,covington,0.7634,jellyfish
349,county,jefferson,0.6025,jellyfish
350,county,jefferson,0.7297,jellyfish
351,county,jefferson,0.7607,jellyfish
352,county,jefferson,0.7109,jellyfish
353,county,jefferson,0.6881,jellyfish
354,county,limestone,0.7432,jellyfish
355,county,marion,0.7486,jellyfish
356,county,marion,0.7171,jellyfish
357,county,marion,0.6378,jellyfish
358,county,marion,0.7038,jellyfish
359,county,morrow,0.7110,jellyfish
360,county,morgan,0.7670,jellyfish
361,county,paulding,0.7207,jellyfish
362,county,morgan,0.7718,jellyfish
363,county,perry,0.6860,jellyfish
364,county,perry,0.7157,jellyfish
365,county,marion,0.7030,jellyfish
366,county,morgan,0.7405,jellyfish
367,county,marion,0.7502,jellyfish
368,county,jackson,0.7743,jellyfish
369,county,morgan,0.7511,jellyfish
370,county,pickett,0.6861,jellyfish
371,county,marion,0.7010,jellyfish
372,county,marion,0.7848,jellyfish
373,county,marion,0.6583,jellyfish
374,county,perry,0.7359,jellyfish
375,county,marion,0.7142,jellyfish
376,county,perry,0.5763,jellyfish
377,county,marion,0.7680,jellyfish
378,county,marion,0.7576,jellyfish
379,county,marion,0.7308,jellyfish
380,county,mobile,0.5952,jellyfish
381,county,mobile,0.7774,jellyfish
382,county,mobile,0.8235,jellyfish
383,county,mobile,0.7657,jellyfish
384,county,mobile,0.6743,jellyfish
385,county,mobile,0.7101,jellyfish
386,county,mobile,0.6895,jellyfish
387,county,mobile,0.7922,jellyfish
388,county,mobile,0.6629,jellyfish
389,county,mobile,0.7650,jellyfish
390,county,mobile,0.6816,jellyfish
391,county,mobile,0.6921,jellyfish
392,county,mobile,0.7686,jellyfish
393,county,autauga,0.6465,jellyfish
394,county,milton,0.7124,jellyfish
395,county,autauga,0.5672,jellyfish
396,county,autauga,0.7218,jellyfish
397,county,autauga,0.6326,jellyfish
398,county,milton,0.6725,jellyfish
399,county,autauga,0.6941,jellyfish
400,county,autauga,0.6678,jellyfish
401,county,autauga,0.6126,jellyfish
402,county,autauga,0.7427,jellyfish
403,county,macon,0.7538,jellyfish
404,county,autauga,0.7550,jellyfish
405,county,macon,0.7704,jellyfish
406,county,autauga,0.7120,jellyfish
407,county,autauga,0.7295,jellyfish
408,county,macon,0.7355,jellyfish
409,county,autauga,0.7773,jellyfish
410,county,autauga,0.7837,jellyfish
411,county,autauga,0.8059,jellyfish
412,county,autauga,0.6658,jellyfish
413,county,franklin,0.7585,jellyfish
414,county,franklin,0.8176,jellyfish
415,county,chilton,0.7440,jellyfish
416,county,coosa,0.7719,jellyfish
417,county,chilton,0.7926,jellyfish
418,county,chilton,0.8310,jellyfish
419,county,chilton,0.8360,jellyfish
420,county,chilton,0.7036,jellyfish
421,county,chilton,0.8136,jellyfish
422,county,chilton,0.8304,jellyfish
423,county,chilton,0.8068,jellyfish
424,county,chilton,0.7525,jellyfish
425,county,chilton,0.7648,jellyfish
426,county,chilton,0.6672,jellyfish
427,county,chilton,0.7972,jellyfish
428,county,chilton,0.8376,jellyfish
429,county,chilton,0.7395,jellyfish
430,county,chilton,0.8057,jellyfish
431,county,chilton,0.7214,jellyfish
432,county,chilton,0.7451,jellyfish
433,county,anchorage county,0.8094,jellyfish
434,county,anchorage county,0.5742,jellyfish
435,county,anchorage mun. system,0.7987,jellyfish
436,county,anchorage county,0.6592,jellyfish
437,county,municipality of anchorage,0.8518,jellyfish
438,county,municipality of anchorage,0.8406,jellyfish
439,county,municipality of anchorage,0.7779,jellyfish
440,county,anchorage county system,0.6677,jellyfish
441,county,municipality of anchorage,0.8499,jellyfish
442,county,municipality of anchorage,0.8398,jellyfish
443,county,anchorage county,0.7977,jellyfish
444,county,anchorage county,0.7892,jellyfish
445,county,anchorage county,0.7968,jellyfish
446,county,anchorage,0.7206,jellyfish
447,county,anchorage county,0.7982,jellyfish
448,county,anchorage mun. system,0.6831,jellyfish
449,county,municipal area of anchorage,0.7891,jellyfish
450,county,anchorage county,0.7920,jellyfish
451,county,bethel censored area,0.6190,jellyfish
452,county,kennicott,0.6804,jellyfish
453,county,walker,0.7166,jellyfish
454,county,lamar,0.7816,jellyfish
455,county,walker,0.6974,jellyfish
456,county,lamar,0.7532,jellyfish
457,county,cole |,0.6599,jellyfish
458,county,jefferson,0.8541,jellyfish
459,county,limestone,0.7756,jellyfish
460,county,lamar,0.7408,jellyfish
461,county,limestone,0.7972,jellyfish
462,county,limestone,0.7718,jellyfish
463,county,lamar,0.7779,jellyfish
464,county,limestone,0.6910,jellyfish
465,county,limestone,0.7396,jellyfish
466,county,limestone,0.7683,jellyfish
467,county,dale,0.6941,jellyfish
468,county,dale,0.7986,jellyfish
469,county,dale,0.7939,jellyfish
470,county,dale,0.6141,jellyfish
471,county,dale,0.7347,jellyfish
472,county,dale,0.7910,jellyfish
473,county,dale,0.5630,jellyfish
474,county,dale,0.6889,jellyfish
475,county,dale,0.7741,jellyfish
476,county,dale,0.7209,jellyfish
477,county,dale,0.7369,jellyfish
478,county,dale,0.7036,jellyfish
479,county,dale,0.7675,jellyfish
480,county,dale,0.5876,jellyfish
481,county,dale,0.7971,jellyfish
482,county,dale,0.7917,jellyfish
483,county,dale,0.5843,jellyfish
484,county,dale,0.7945,jellyfish
485,county,dale,0.6826,jellyfish
486,county,dale,0.6480,jellyfish
487,county,dale,0.6306,jellyfish
488,county,dale,0.6677,jellyfish
489,county,dale,0.7280,jellyfish
490,county,dale,0.7165,jellyfish
491,county,dale,0.6335,jellyfish
492,county,cleveland,0.6450,jellyfish
493,county,cullman,0.7153,jellyfish
494,county,lee,0.7597,jellyfish
495,county,cullman,0.6604,jellyfish
496,county,chilton,0.7743,jellyfish
497,county,cleveland,0.6880,jellyfish
498,county,cleburne,0.7818,jellyfish
499,county,cullman,0.6557,jellyfish
500,county,seattle,0.6385,jellyfish
501,county,cleveland,0.6569,jellyfish
502,county,cullman,0.6749,jellyfish
503,county,cleburne,0.7223,jellyfish
504,county,cleveland,0.6899,jellyfish
505,county,cleveland,0.6816,jellyfish
506,county,cleburne,0.8114,jellyfish
507,county,cleburne,0.7369,jellyfish
508,county,cleburne,0.7554,jellyfish
509,county,cleveland,0.6809,jellyfish
510,county,chilton,0.7719,jellyfish
511,county,cleburne,0.7235,jellyfish
512,county,cullman,0.6899,jellyfish
513,county,cleburne,0.6964,jellyfish
514,county,cleburne,0.7734,jellyfish
515,county,chilton,0.7876,jellyfish
516,county,chilton,0.7855,jellyfish
517,county,montgomery county,0.5607,jellyfish
518,county,montgomery county,0.7582,jellyfish
519,county,montgomery,0.7916,jellyfish
520,county,montgomery county,0.7560,jellyfish
521,county,montgomery county,0.7480,jellyfish
522,county,montgomery county,0.6174,jellyfish
523,county,montgomery county,0.7422,jellyfish
524,county,montgomery county,0.6754,jellyfish
525,county,montgomery county,0.7970,jellyfish
526,county,montgomery county,0.8043,jellyfish
527,county,montgomery,0.7741,jellyfish
528,county,montgomery,0.8179,jellyfish
529,county,montgomery,0.7731,jellyfish
530,county,montgomery county,0.8102,jellyfish
531,county,montgomery county,0.7877,jellyfish
532,county,montgomery county,0.6429,jellyfish
533,county,montgomery county,0.8046,jellyfish
534,county,montgomery county,0.7217,jellyfish
535,county,montgomery county,0.7267,jellyfish
536,county,montgomery county,0.5792,jellyfish
537,county,montgomery county,0.8019,jellyfish
538,county,montgomery county,0.8277,jellyfish
539,county,montgomery,0.6441,jellyfish
540,county,montgomery county,0.5331,jellyfish
541,county,montgomery,0.8079,jellyfish
542,county,montgomery county,0.7894,jellyfish
543,county,montgomery county,0.7568,jellyfish
544,county,montgomery county,0.7188,jellyfish
545,county,montgomery county,0.8043,jellyfish
546,county,montgomery county,0.6563,jellyfish
547,county,montgomery county,0.7436,jellyfish
548,county,montgomery county,0.8062,jellyfish
549,county,montgomery county,0.7252,jellyfish
550,county,montgomery county,0.7083,jellyfish
551,county,montgomery county,0.4762,jellyfish
552,county,montgomery,0.8158,jellyfish
553,county,montgomery county,0.6339,jellyfish
554,county,montgomery county,0.7141,jellyfish
555,county,montgomery county,0.7949,jellyfish
556,county,montgomery county,0.6524,jellyfish
557,county,montgomery county,0.8219,jellyfish
558,county,montgomery county,0.7345,jellyfish
559,county,montgomery county,0.7909,jellyfish
560,county,montgomery county,0.6384,jellyfish
561,county,montgomery county,0.7332,jellyfish
562,county,montgomery county,0.8165,jellyfish
563,county,montgomery county,0.7672,jellyfish
564,county,montgomery county,0.8061,jellyfish
565,county,montgomery county,0.8148,jellyfish
566,county,montgomery county,0.7332,jellyfish
567,county,chambers,0.6008,jellyfish
568,county,chambers,0.6740,jellyfish
569,county,chambers,0.4558,jellyfish
570,county,chambers,0.6430,jellyfish
571,county,chambers,0.7829,jellyfish
572,county,chambers,0.5202,jellyfish
573,county,chambers,0.5664,jellyfish
574,county,chambers,0.6414,jellyfish
575,county,chambers,0.6448,jellyfish
576,county,chambers,0.5758,jellyfish
577,county,chambers,0.6295,jellyfish
578,county,chambers,0.6575,jellyfish
579,county,lee,0.7856,jellyfish
580,county,chambers,0.7840,jellyfish
581,county,lee,0.7478,jellyfish
582,county,lee,0.7830,jellyfish
583,county,lee,0.7668,jellyfish
584,county,chambers,0.7505,jellyfish
585,county,chambers,0.7803,jellyfish
586,county,chambers,0.4732,jellyfish
587,county,chambers,0.7152,jellyfish
588,county,chambers,0.6993,jellyfish
589,county,chambers,0.6552,jellyfish
590,county,chambers,0.7981,jellyfish
591,county,lee,0.7596,jellyfish
592,county,washington,0.6725,jellyfish
593,county,coffee county,0.4150,jellyfish
594,county,washington county,0.6842,jellyfish
595,county,washington,0.6726,jellyfish
596,county,washington,0.7000,jellyfish
597,county,washington,0.6964,jellyfish
598,county,coffee,0.6558,jellyfish
599,county,washington,0.6657,jellyfish
600,county,washington,0.6645,jellyfish
601,county,coffee,0.7607,jellyfish
602,county,dale,0.6558,jellyfish
603,county,coffee,0.6955,jellyfish
604,county,coffee,0.7918,jellyfish
605,county,coffee,0.7285,jellyfish
606,county,coffee,0.7832,jellyfish
607,county,coffee county,0.7644,jellyfish
608,county,washington county,0.7069,jellyfish
609,county,washington,0.7371,jellyfish
610,county,coffee,0.7905,jellyfish
611,county,coffee,0.7421,jellyfish
612,county,coffee,0.6716,jellyfish
613,county,washington county,0.6546,jellyfish
614,county,coffee,0.7252,jellyfish
615,county,coffee,0.7701,jellyfish
616,county,coffee,0.7229,jellyfish
617,county,lee,0.6121,jellyfish
618,county,lee,0.7389,jellyfish
619,county,lee,0.7388,jellyfish
620,county,lee,0.6927,jellyfish
621,county,lee,0.5431,jellyfish
622,county,lee,0.7399,jellyfish
623,county,lee,0.6838,jellyfish
624,county,lee,0.5678,jellyfish
625,county,lee,0.7029,jellyfish
626,county,lee,0.7547,jellyfish
627,county,lee,0.6366,jellyfish
628,county,lee,0.7385,jellyfish
629,county,lee,0.7595,jellyfish
630,county,lee,0.7623,jellyfish
631,county,lee,0.6422,jellyfish
632,county,lee,0.7848,jellyfish
633,county,lee,0.7130,jellyfish
634,county,lee,0.8237,jellyfish
635,county,lee,0.5454,jellyfish
636,county,lee,0.7489,jellyfish
637,county,lee,0.7815,jellyfish
638,county,lee,0.5298,jellyfish
639,county,lee,0.6744,jellyfish
640,county,lee,0.7352,jellyfish
641,county,lee,0.7599,jellyfish
642,county,chilton,0.7128,jellyfish
643,county,chilton,0.7504,jellyfish
644,county,cleburne,0.7305,jellyfish
645,county,chilton,0.7707,jellyfish
646,county,cullman,0.6880,jellyfish
647,county,chilton,0.7799,jellyfish
648,county,chilton,0.8025,jellyfish
649,county,chilton,0.6517,jellyfish
650,county,chilton,0.7636,jellyfish
651,county,chilton,0.6847,jellyfish
652,county,chilton,0.7969,jellyfish
653,county,cullman,0.7450,jellyfish
654,county,cullman,0.7075,jellyfish
655,county,calhoun,0.7179,jellyfish
656,county,cullman,0.6864,jellyfish
657,county,chilton,0.7732,jellyfish
658,county,chilton,0.6879,jellyfish
659,county,cullman,0.7006,jellyfish
660,county,randolph,0.7713,jellyfish
661,county,dale,0.7513,jellyfish
662,county,dale,0.7447,jellyfish
663,county,dale,0.7339,jellyfish
664,county,chilton,0.6873,jellyfish
665,county,randolph,0.5504,jellyfish
666,county,dale,0.7755,jellyfish
667,county,st. clair,0.7052,jellyfish
668,county,st. clair,0.7553,jellyfish
669,county,jefferson,0.6203,jellyfish
670,county,walker,0.5897,jellyfish
671,county,walker,0.5926,jellyfish
672,county,dallas,0.6375,jellyfish
673,county,jefferson,0.8006,jellyfish
674,county,st. clair,0.7801,jellyfish
675,county,walker,0.6470,jellyfish
676,county,jefferson,0.7170,jellyfish
677,county,walker,0.6268,jellyfish
678,county,st. clair,0.7709,jellyfish
679,county,jefferson,0.7806,jellyfish
680,county,jefferson,0.7417,jellyfish
681,county,st. clair,0.7549,jellyfish
682,county,dallas,0.6313,jellyfish
683,county,st. clair,0.7362,jellyfish
684,county,jefferson,0.7233,jellyfish
685,county,dallas,0.6610,jellyfish
686,county,dallas,0.7299,jellyfish
687,county,dallas,0.7495,jellyfish
688,county,walker,0.6671,jellyfish
689,county,jefferson,0.7919,jellyfish
690,county,jefferson,0.7797,jellyfish
691,county,jefferson,0.6360,jellyfish
692,county,elmore county,0.6014,jellyfish
693,county,elmore,0.8024,jellyfish
694,county,coosa,0.7459,jellyfish
695,county,elmore,0.7727,jellyfish
696,county,coosa,0.7363,jellyfish
697,county,elmore county,0.7565,jellyfish
698,county,coosa,0.7578,jellyfish
699,county,tallapoosa,0.7229,jellyfish
700,county,tallapoosa,0.7850,jellyfish
701,county,coosa,0.7419,jellyfish
702,county,coosa,0.7722,jellyfish
703,county,coosa,0.7722,jellyfish
704,county,washington county,0.7255,jellyfish
705,county,dale,0.7056,jellyfish
706,county,coosa,0.7974,jellyfish
707,county,dale,0.7740,jellyfish
708,county,dale,0.7311,jellyfish
709,county,elmore,0.5797,jellyfish
710,county,coosa,0.7594,jellyfish
711,county,coosa,0.7924,jellyfish
712,county,coosa,0.7041,jellyfish
713,county,elmore,0.6603,jellyfish
714,county,elmore,0.6324,jellyfish
715,county,dale,0.7727,jellyfish
716,county,dale,0.7606,jellyfish
717,county,cullman,0.6490,jellyfish
718,county,cullman,0.5531,jellyfish
719,county,cullman,0.7403,jellyfish
720,county,cullman,0.7175,jellyfish
721,county,cullman,0.7853,jellyfish
722,county,cullman,0.5986,jellyfish
723,county,cullman,0.6685,jellyfish
724,county,cullman,0.6277,jellyfish
725,county,cullman,0.7303,jellyfish
726,county,cullman,0.6672,jellyfish
727,county,cullman,0.7427,jellyfish
728,county,cullman,0.6776,jellyfish
729,county,cullman,0.8046,jellyfish
730,county,cullman,0.7086,jellyfish
731,county,cullman,0.7968,jellyfish
732,county,cullman,0.7004,jellyfish
733,county,cullman,0.6938,jellyfish
734,county,cullman,0.6113,jellyfish
735,county,cullman,0.7050,jellyfish
736,county,cullman,0.6618,jellyfish
737,county,cullman county,0.7360,jellyfish
738,county,cullman,0.7188,jellyfish
739,county,cullman,0.7840,jellyfish
740,county,cullman,0.7028,jellyfish
741,county,cullman,0.7505,jellyfish
742,county,cullman,0.7297,jellyfish
743,county,cullman,0.7028,jellyfish
744,county,pickett,0.7386,jellyfish
745,county,cullman,0.7564,jellyfish
746,county,cullman,0.7274,jellyfish
747,county,cullman,0.6960,jellyfish
748,county,cullman,0.6512,jellyfish
749,county,crenshaw,0.7132,jellyfish
750,county,crenshaw,0.7161,jellyfish
751,county,pickett,0.6798,jellyfish
752,county,cullman,0.7227,jellyfish
753,county,cullman,0.7336,jellyfish
754,county,pickett,0.7296,jellyfish
755,county,cullman,0.7402,jellyfish
756,county,cullman,0.7434,jellyfish
757,county,cullman,0.7815,jellyfish
758,county,crenshaw,0.7231,jellyfish
759,county,covington,0.5742,jellyfish
760,county,baldwin,0.6888,jellyfish
761,county,perry,0.7999,jellyfish
762,county,perry,0.7889,jellyfish
763,county,baldwin,0.7690,jellyfish
764,county,covington,0.5884,jellyfish
765,county,cullman,0.7744,jellyfish
766,county,cullman,0.7758,jellyfish
767,county,calhoun,0.7027,jellyfish
768,county,cleveland,0.6588,jellyfish
769,county,calhoun,0.6381,jellyfish
770,county,calhoun,0.6351,jellyfish
771,county,cotton,0.7253,jellyfish
772,county,calhoun,0.6027,jellyfish
773,county,calhoun county,0.6914,jellyfish
774,county,calhoun,0.7213,jellyfish
775,county,madison,0.7554,jellyfish
776,county,madison,0.7791,jellyfish
777,county,madison,0.7562,jellyfish
778,county,st. clair,0.7230,jellyfish
779,county,madison,0.5404,jellyfish
780,county,madison,0.7491,jellyfish
781,county,limestone,0.7394,jellyfish
782,county,madison,0.7621,jellyfish
783,county,limestone,0.7606,jellyfish
784,county,limestone,0.7401,jellyfish
785,county,madison,0.7371,jellyfish
786,county,madison,0.7938,jellyfish
787,county,madison,0.7003,jellyfish
788,county,madison,0.7539,jellyfish
789,county,madison,0.6982,jellyfish
790,county,limestone,0.7361,jellyfish
791,county,madison,0.6974,jellyfish
792,county,madison,0.7037,jellyfish
793,county,morgan,0.6876,jellyfish
794,county,morgan,0.7578,jellyfish
795,county,madison,0.7569,jellyfish
796,county,mckenzie,0.7359,jellyfish
797,county,morgan,0.7482,jellyfish
798,county,limestone,0.6964,jellyfish
799,county,madison,0.8232,jellyfish
800,county,morgan,0.7281,jellyfish
801,county,madison,0.7063,jellyfish
802,county,morgan,0.7073,jellyfish
803,county,etowah,0.7321,jellyfish
804,county,etowah,0.7390,jellyfish
805,county,etowah,0.5878,jellyfish
806,county,etowah,0.8028,jellyfish
807,county,etowah county,0.6650,jellyfish
808,county,etowah,0.6412,jellyfish
809,county,etowah,0.6645,jellyfish
810,county,etchingham,0.7378,jellyfish
811,county,etowah,0.5855,jellyfish
812,county,etowah,0.6956,jellyfish
813,county,etowah,0.7990,jellyfish
814,county,etowah,0.6960,jellyfish
815,county,etowah,0.7530,jellyfish
816,county,etowah,0.7623,jellyfish
817,county,etowah,0.7889,jellyfish
818,county,etowah,0.7316,jellyfish
819,county,ettowah,0.7703,jellyfish
820,county,etowah,0.6606,jellyfish
821,county,etowah,0.5925,jellyfish
822,county,etowah county,0.6712,jellyfish
823,county,etowah,0.7955,jellyfish
824,county,etowah county,0.6037,jellyfish
825,county,etowah,0.6700,jellyfish
826,county,etowah,0.7064,jellyfish
827,county,etowah county,0.5857,jellyfish
828,county,chilton,0.5459,jellyfish
829,county,chilton,0.5539,jellyfish
830,county,chilton,0.6962,jellyfish
831,county,chilton,0.7141,jellyfish
832,county,chilton,0.7100,jellyfish
833,county,chilton,0.6852,jellyfish
834,county,chilton,0.6948,jellyfish
835,county,chilton,0.6405,jellyfish
836,county,chilton,0.7931,jellyfish
837,county,chilton,0.8311,jellyfish
838,county,chilton,0.7630,jellyfish
839,county,chilton,0.5404,jellyfish
840,county,chilton,0.5412,jellyfish
841,county,chilton,0.7596,jellyfish
842,county,chilton,0.6769,jellyfish
843,county,chilton,0.8306,jellyfish
844,county,chilton,0.5188,jellyfish
845,county,chilton,0.7048,jellyfish
846,county,chilton,0.5146,jellyfish
847,county,chilton,0.8108,jellyfish
848,county,chilton,0.5333,jellyfish
849,county,chilton,0.7857,jellyfish
850,county,chilton,0.7852,jellyfish
851,county,chilton,0.7167,jellyfish
852,county,chilton,0.5497,jellyfish
853,county,marion,0.7457,jellyfish
854,county,marion,0.7178,jellyfish
855,county,marion,0.7415,jellyfish
856,county,marion,0.7596,jellyfish
857,county,marion,0.6925,jellyfish
858,county,marion,0.7634,jellyfish
859,county,marion,0.6318,jellyfish
860,county,marion,0.7037,jellyfish
861,county,marion,0.6233,jellyfish
862,county,marion,0.6018,jellyfish
863,county,marion,0.6138,jellyfish
864,county,marion,0.6030,jellyfish
865,county,marion,0.6252,jellyfish
866,county,marion,0.7077,jellyfish
867,county,marion,0.5966,jellyfish
868,county,marion,0.7107,jellyfish
869,county,marion,0.6776,jellyfish
870,county,marion,0.7888,jellyfish
871,county,marion,0.5817,jellyfish
872,county,marion,0.7077,jellyfish
873,county,marion,0.7104,jellyfish
874,county,marion,0.5973,jellyfish
875,county,marion,0.7901,jellyfish
876,county,marion,0.5947,jellyfish
877,county,marion,0.7572,jellyfish
878,county,fayette,0.7706,jellyfish
879,county,washington,0.7170,jellyfish
880,county,fayette,0.8140,jellyfish
881,county,washington,0.7539,jellyfish
882,county,washington county,0.6939,jellyfish
883,county,tuscaloosa,0.7313,jellyfish
884,county,fayette,0.7975,jellyfish
885,county,tuscaloosa,0.7782,jellyfish
886,county,fayette,0.8077,jellyfish
887,county,tuscaloosa,0.8049,jellyfish
888,county,tuscaloosa,0.7258,jellyfish
889,county,fayette,0.7569,jellyfish
890,county,fayette,0.7882,jellyfish
891,county,winston county,0.6506,jellyfish
892,county,fayette,0.6171,jellyfish
893,county,tuscaloosa,0.7447,jellyfish
894,county,washington,0.6407,jellyfish
895,county,fayette,0.6661,jellyfish
896,county,walker,0.5832,jellyfish
897,county,fayette,0.7185,jellyfish
898,county,fayette,0.7213,jellyfish
899,county,fayette,0.7376,jellyfish
900,county,fayette,0.7373,jellyfish
901,county,fayette,0.5677,jellyfish
902,county,fayette,0.6879,jellyfish
903,county,etowah county,0.6700,jellyfish
904,county,etchells,0.6937,jellyfish
905,county,etowah,0.6972,jellyfish
906,county,etowah,0.6360,jellyfish
907,county,etowah,0.7459,jellyfish
908,county,etching,0.6018,jellyfish
909,county,etching,0.6676,jellyfish
910,county,etowah county,0.6158,jellyfish
911,county,etchingham,0.7350,jellyfish
912,county,etowah,0.5083,jellyfish
913,county,etching,0.7303,jellyfish
914,county,etchingham,0.7603,jellyfish
915,county,etowah county,0.6486,jellyfish
916,county,etchton,0.6780,jellyfish
917,county,etching,0.7511,jellyfish
918,county,ettowah,0.7417,jellyfish
919,county,etowah,0.7463,jellyfish
920,county,etchingham,0.7727,jellyfish
921,county,etchola,0.7260,jellyfish
922,county,etchola,0.7481,jellyfish
923,county,etowah county,0.6898,jellyfish
924,county,etowah,0.6878,jellyfish
925,county,etowah,0.7088,jellyfish
926,county,etowah county,0.6192,jellyfish
927,county,etowah,0.6211,jellyfish
928,county,etowah,0.6502,jellyfish
929,county,etowah,0.6283,jellyfish
930,county,etowah,0.6253,jellyfish
931,county,butler,0.7559,jellyfish
932,county,butler,0.6750,jellyfish
933,county,butler,0.7453,jellyfish
934,county,chilton,0.7372,jellyfish
935,county,baldwin,0.7348,jellyfish
936,county,crenshaw,0.7606,jellyfish
937,county,barbour,0.7742,jellyfish
938,county,chilton,0.7573,jellyfish
939,county,coosa,0.7692,jellyfish
940,county,barbour,0.7386,jellyfish
941,county,crenshaw,0.7133,jellyfish
942,county,chilton,0.7429,jellyfish
943,county,crenshaw,0.7097,jellyfish
944,county,baldwin,0.7986,jellyfish
945,county,crenshaw,0.7403,jellyfish
946,county,crenshaw,0.6913,jellyfish
947,county,chilton,0.7966,jellyfish
948,county,chilton,0.7516,jellyfish
949,county,butler,0.6815,jellyfish
950,county,butler,0.7055,jellyfish
951,county,barbour,0.7823,jellyfish
952,county,tallapoosa,0.7261,jellyfish
953,county,butler,0.7412,jellyfish
954,county,butler,0.7346,jellyfish
955,county,coosa,0.6923,jellyfish
956,county,dale,0.7440,jellyfish
957,county,dale,0.7019,jellyfish
958,county,dale,0.7142,jellyfish
959,county,coffee,0.7299,jellyfish
960,county,coffee,0.6478,jellyfish
961,county,dale,0.6685,jellyfish
962,county,coffee,0.7821,jellyfish
963,county,coffee county,0.7814,jellyfish
964,county,dale,0.7541,jellyfish
965,county,dale,0.7350,jellyfish
966,county,coffee,0.7120,jellyfish
967,county,dale,0.7596,jellyfish
968,county,dale,0.5242,jellyfish
969,county,coosada,0.6465,jellyfish
970,county,coffee,0.6910,jellyfish
971,county,dale,0.6684,jellyfish
972,county,dale,0.7815,jellyfish
973,county,coffee,0.8085,jellyfish
974,county,coffee,0.6737,jellyfish
975,county,coffee,0.8092,jellyfish
976,county,coffee,0.5076,jellyfish
977,county,dale,0.6837,jellyfish
978,county,coffee,0.8054,jellyfish
979,county,coffee,0.8029,jellyfish
980,county,coffee,0.6860,jellyfish
981,county,blount,0.7328,jellyfish
982,county,blount,0.6728,jellyfish
983,county,blount,0.7328,jellyfish
984,county,blount,0.4031,jellyfish
985,county,blount,0.7880,jellyfish
986,county,blount,0.6887,jellyfish
987,county,blount,0.7428,jellyfish
988,county,coosa,0.7492,jellyfish
989,county,blount,0.6696,jellyfish
990,county,blount,0.8069,jellyfish
991,county,blount,0.7645,jellyfish
992,county,blount,0.6841,jellyfish
993,county,blount,0.7192,jellyfish
994,county,blount,0.4516,jellyfish
995,county,blount,0.7689,jellyfish
996,county,blount,0.5540,jellyfish
997,county,blount,0.7348,jellyfish
998,county,blount,0.7905,jellyfish
999,county,blount,0.6250,jellyfish
1000,county,blount,0.8004,jellyfish
1,phone,205-325-8100,0.8339,jellyfish
2,phone,205-325-8100,0.7831,jellyfish
3,phone,205-325-8100,0.7881,jellyfish
4,phone,205-325-8100,0.8403,jellyfish
5,phone,205-325-8100,0.8271,jellyfish
6,phone,205-325-8100,0.8259,jellyfish
7,phone,205-325-8100,0.7828,jellyfish
8,phone,205-325-8100,0.7746,jellyfish
9,phone,256-386-4556,0.7758,jellyfish
10,phone,256-386-4556,0.8353,jellyfish
11,phone,256-386-4556,0.7973,jellyfish
12,phone,256-386-4556,0.8476,jellyfish
13,phone,256-386-4556,0.7757,jellyfish
14,phone,256-386-4556,0.7836,jellyfish
15,phone,256-386-4556,0.8262,jellyfish
16,phone,256-386-4556,0.7763,jellyfish
17,phone,256-386-4556,0.8445,jellyfish
18,phone,256-386-4556,0.8432,jellyfish
19,phone,256-386-4556,0.8467,jellyfish
20,phone,334-793-8701,0.7952,jellyfish
21,phone,334-793-8701,0.7786,jellyfish
22,phone,334-793-8701,0.8005,jellyfish
23,phone,334-793-8701,0.8424,jellyfish
24,phone,334-793-8701,0.8085,jellyfish
25,phone,334-793-8700,0.8063,jellyfish
26,phone,334-793-8701,0.8041,jellyfish
27,phone,334-793-8701,0.8359,jellyfish
28,phone,334-793-8701,0.7990,jellyfish
29,phone,334-793-8701,0.7495,jellyfish
30,phone,334-793-8701,0.8353,jellyfish
31,phone,334-793-8701,0.7813,jellyfish
32,phone,334-793-8701,0.7914,jellyfish
33,phone,334-793-8701,0.8374,jellyfish
34,phone,334-793-8701,0.8386,jellyfish
35,phone,334-793-8701,0.8385,jellyfish
36,phone,334-793-8701,0.8019,jellyfish
37,phone,(479) 870-1010,0.6458,jellyfish
38,phone,334-793-8701,0.7992,jellyfish
39,phone,334-793-8701,0.7905,jellyfish
40,phone,334-793-8701,0.8257,jellyfish
41,phone,334-793-8701,0.8193,jellyfish
42,phone,334-793-8701,0.8263,jellyfish
43,phone,334-793-8701,0.8428,jellyfish
44,phone,334-793-8701,0.8162,jellyfish
45,phone,256-593-8310,0.7566,jellyfish
46,phone,256-593-8310,0.7970,jellyfish
47,phone,256-593-8310,0.7328,jellyfish
48,phone,256-593-8310,0.7910,jellyfish
49,phone,256-593-8310,0.8308,jellyfish
50,phone,256-593-8310,0.8301,jellyfish
51,phone,256-593-8310,0.7857,jellyfish
52,phone,256-593-8310,0.8144,jellyfish
53,phone,256-593-8310,0.8309,jellyfish
54,phone,256-593-8310,0.8339,jellyfish
55,phone,256-593-8310,0.7812,jellyfish
56,phone,256-593-8310,0.7529,jellyfish
57,phone,256-593-8310,0.8267,jellyfish
58,phone,938-310,0.7374,jellyfish
59,phone,256-593-8310,0.8262,jellyfish
60,phone,256-593-8310,0.8336,jellyfish
61,phone,(938) 310-1234,0.6396,jellyfish
62,phone,256-593-8310,0.7949,jellyfish
63,phone,256-593-8310,0.7914,jellyfish
64,phone,256-593-8310,0.8234,jellyfish
65,phone,256-593-8310,0.7814,jellyfish
66,phone,256-383-1010,0.6697,jellyfish
67,phone,256-593-8310,0.8213,jellyfish
68,phone,256-593-8310,0.8282,jellyfish
69,phone,256-593-8310,0.7584,jellyfish
70,phone,256-768-8400,0.7579,jellyfish
71,phone,256-768-8400,0.7661,jellyfish
72,phone,256-768-8400,0.8098,jellyfish
73,phone,256-768-8400,0.7825,jellyfish
74,phone,256-768-8400,0.6773,jellyfish
75,phone,256-768-8400,0.7958,jellyfish
76,phone,256-768-8400,0.7769,jellyfish
77,phone,256-768-8400,0.6440,jellyfish
78,phone,256-768-8400,0.8190,jellyfish
79,phone,256-768-8400,0.7880,jellyfish
80,phone,256-768-8400,0.7198,jellyfish
81,phone,256-768-8400,0.7471,jellyfish
82,phone,256-768-8400,0.7693,jellyfish
83,phone,256-768-8400,0.7694,jellyfish
84,phone,256-768-8400,0.7952,jellyfish
85,phone,256-768-8400,0.7116,jellyfish
86,phone,256-768-8400,0.7620,jellyfish
87,phone,256-768-8400,0.7836,jellyfish
88,phone,256-768-8400,0.7995,jellyfish
89,phone,256-768-8400,0.7832,jellyfish
90,phone,256-768-8400,0.8021,jellyfish
91,phone,256-768-8400,0.7582,jellyfish
92,phone,256-768-8400,0.8163,jellyfish
93,phone,256-768-8400,0.8121,jellyfish
94,phone,256-768-8400,0.8277,jellyfish
95,phone,334-493-3541,0.7635,jellyfish
96,phone,334-493-3541,0.7786,jellyfish
97,phone,334-493-3541,0.8179,jellyfish
98,phone,334-493-3541,0.7768,jellyfish
99,phone,334-493-3541,0.7903,jellyfish
100,phone,334-493-3541,0.8007,jellyfish
101,phone,334-493-3541,0.7910,jellyfish
102,phone,334-435-41,0.6943,jellyfish
103,phone,334-493-3541,0.8246,jellyfish
104,phone,334-493-3541,0.7958,jellyfish
105,phone,334-493-3541,0.8317,jellyfish
106,phone,334-493-3541,0.8050,jellyfish
107,phone,334-493-3541,0.7842,jellyfish
108,phone,334-493-3541,0.8180,jellyfish
109,phone,334-493-3541,0.8216,jellyfish
110,phone,334-493-3541,0.7709,jellyfish
111,phone,334-493-3541,0.8166,jellyfish
112,phone,334-493-3541,0.7988,jellyfish
113,phone,334-493-3541,0.8128,jellyfish
114,phone,334-493-3541,0.7788,jellyfish
115,phone,334-493-3541,0.7757,jellyfish
116,phone,3344933541,0.6955,jellyfish
117,phone,3344933541,0.7559,jellyfish
118,phone,334-493-3541,0.7789,jellyfish
119,phone,3344933541,0.7637,jellyfish
120,phone,334-335-3374,0.7506,jellyfish
121,phone,334-335-3374,0.8350,jellyfish
122,phone,334-335-3374,0.8108,jellyfish
123,phone,334-335-3374,0.8367,jellyfish
124,phone,334-335-3374,0.7832,jellyfish
125,phone,334-335-3374,0.8379,jellyfish
126,phone,334-335-3374,0.8097,jellyfish
127,phone,334-335-3374,0.7979,jellyfish
128,phone,334-335-3374,0.8315,jellyfish
129,phone,334-335-3374,0.8181,jellyfish
130,phone,334-335-3374,0.8347,jellyfish
131,phone,334-335-3374,0.8323,jellyfish
132,phone,334-335-3374,0.7914,jellyfish
133,phone,334-335-3374,0.8077,jellyfish
134,phone,334-335-3374,0.7759,jellyfish
135,phone,334-335-3374,0.8336,jellyfish
136,phone,334-335-3374,0.8016,jellyfish
137,phone,334-335-3374,0.8015,jellyfish
138,phone,334-335-3374,0.8302,jellyfish
139,phone,334-335-3374,0.8108,jellyfish
140,phone,334-335-3374,0.8159,jellyfish
141,phone,334-335-3374,0.8307,jellyfish
142,phone,334-335-3374,0.8139,jellyfish
143,phone,334-335-3374,0.7864,jellyfish
144,phone,334-335-3374,0.8241,jellyfish
145,phone,256-773-6511,0.8297,jellyfish
146,phone,256-773-6511,0.8252,jellyfish
147,phone,256-773-6511,0.8322,jellyfish
148,phone,256-773-6511,0.8364,jellyfish
149,phone,256-773-6511,0.7575,jellyfish
150,phone,256-773-6511,0.7347,jellyfish
151,phone,256-773-6511,0.7880,jellyfish
152,phone,256-773-6511,0.8158,jellyfish
153,phone,256-773-6511,0.8210,jellyfish
154,phone,256-773-6511,0.8357,jellyfish
155,phone,256-773-6511,0.8215,jellyfish
156,phone,256-773-6511,0.7755,jellyfish
157,phone,256-773-6511,0.8215,jellyfish
158,phone,256-773-6511,0.7475,jellyfish
159,phone,256-773-6511,0.7564,jellyfish
160,phone,256-773-6511,0.7746,jellyfish
161,phone,256-773-6511,0.7410,jellyfish
162,phone,256-773-6511,0.7849,jellyfish
163,phone,256-773-6511,0.7779,jellyfish
164,phone,256-773-6511,0.7779,jellyfish
165,phone,256-773-6511,0.8317,jellyfish
166,phone,256-773-6511,0.7634,jellyfish
167,phone,256-773-6511,0.7442,jellyfish
168,phone,256-773-6511,0.8162,jellyfish
169,phone,256-773-6511,0.7884,jellyfish
170,phone,256-571-8000,0.8030,jellyfish
171,phone,256-571-8000,0.8318,jellyfish
172,phone,256-571-8000,0.7632,jellyfish
173,phone,256-571-8000,0.8402,jellyfish
174,phone,256-571-8000,0.7711,jellyfish
175,phone,256-571-8000,0.7726,jellyfish
176,phone,256-571-8000,0.7761,jellyfish
177,phone,256-571-8000,0.7343,jellyfish
178,phone,256-571-8000,0.7853,jellyfish
179,phone,256-571-8000,0.8384,jellyfish
180,phone,256-571-8000,0.8053,jellyfish
181,phone,256-571-8000,0.7833,jellyfish
182,phone,256-571-8000,0.8291,jellyfish
183,phone,256-571-8000,0.7630,jellyfish
184,phone,256-571-8000,0.7987,jellyfish
185,phone,256-571-8000,0.7958,jellyfish
186,phone,256-571-8000,0.7743,jellyfish
187,phone,256-571-8000,0.7982,jellyfish
188,phone,256-571-8000,0.7494,jellyfish
189,phone,256-571-8000,0.7981,jellyfish
190,phone,256-571-8000,0.7826,jellyfish
191,phone,256-571-8000,0.7733,jellyfish
192,phone,256-571-8000,0.7954,jellyfish
193,phone,256-571-8000,0.7886,jellyfish
194,phone,256-571-8000,0.7959,jellyfish
195,phone,205-838-3122,0.7961,jellyfish
196,phone,205-838-3122,0.7724,jellyfish
197,phone,205-838-3122,0.8432,jellyfish
198,phone,205-838-3122,0.7312,jellyfish
199,phone,205-838-3122,0.8404,jellyfish
200,phone,205-838-3122,0.8256,jellyfish
201,phone,205-838-3122,0.8174,jellyfish
202,phone,205-838-3122,0.8342,jellyfish
203,phone,205-838-3122,0.8464,jellyfish
204,phone,205-838-3122,0.8375,jellyfish
205,phone,205-838-3122,0.7712,jellyfish
206,phone,205-838-3122,0.8391,jellyfish
207,phone,205-838-3122,0.7388,jellyfish
208,phone,205-838-3122,0.8527,jellyfish
209,phone,205-838-3122,0.7963,jellyfish
210,phone,205-838-3122,0.8005,jellyfish
211,phone,205-838-3122,0.8524,jellyfish
212,phone,205-838-3122,0.7970,jellyfish
213,phone,205-838-3122,0.8392,jellyfish
214,phone,205-838-3122,0.7855,jellyfish
215,phone,205-838-3122,0.7788,jellyfish
216,phone,205-838-3122,0.8164,jellyfish
217,phone,205-838-3122,0.7714,jellyfish
218,phone,205-822-1222,0.7778,jellyfish
219,phone,205-838-3122,0.8407,jellyfish
220,phone,256-845-3150,0.7828,jellyfish
221,phone,256-845-3150,0.8368,jellyfish
222,phone,256-845-3150,0.8378,jellyfish
223,phone,256-845-3150,0.7659,jellyfish
224,phone,256-845-3150,0.7808,jellyfish
225,phone,256-845-3150,0.8423,jellyfish
226,phone,256-845-3150,0.7622,jellyfish
227,phone,256-845-3150,0.7617,jellyfish
228,phone,256-845-3150,0.7690,jellyfish
229,phone,256-845-350,0.7351,jellyfish
230,phone,256-845-3150,0.7573,jellyfish
231,phone,256-845-3150,0.7679,jellyfish
232,phone,256-845-3150,0.8285,jellyfish
233,phone,256-845-3150,0.8383,jellyfish
234,phone,256-845-3150,0.8320,jellyfish
235,phone,256-845-3150,0.8335,jellyfish
236,phone,256-845-3150,0.8392,jellyfish
237,phone,256-845-3150,0.8280,jellyfish
238,phone,256-845-3150,0.8231,jellyfish
239,phone,256-845-3150,0.8352,jellyfish
240,phone,256-845-3150,0.8215,jellyfish
241,phone,256-845-3150,0.7643,jellyfish
242,phone,256-845-3150,0.7438,jellyfish
243,phone,256-845-3150,0.7506,jellyfish
244,phone,256-845-3150,0.7772,jellyfish
245,phone,334-636-6221,0.7950,jellyfish
246,phone,334-636-6221,0.8363,jellyfish
247,phone,334-636-6221,0.7982,jellyfish
248,phone,(662) 466-6221,0.6484,jellyfish
249,phone,334-636-6221,0.8333,jellyfish
250,phone,334-636-6221,0.8016,jellyfish
251,phone,334-636-6221,0.8232,jellyfish
252,phone,334-636-6221,0.8238,jellyfish
253,phone,334-636-6221,0.8093,jellyfish
254,phone,334-636-6221,0.8155,jellyfish
255,phone,334-636-6221,0.7191,jellyfish
256,phone,334-636-6221,0.7360,jellyfish
257,phone,334-636-6221,0.8207,jellyfish
258,phone,334-636-6221,0.7834,jellyfish
259,phone,334-636-6221,0.7997,jellyfish
260,phone,334-636-6221,0.8336,jellyfish
261,phone,334-636-6221,0.7788,jellyfish
262,phone,334-323-221,0.7090,jellyfish
263,phone,334-636-6221,0.8175,jellyfish
264,phone,334-636-6221,0.7815,jellyfish
265,phone,334-636-6221,0.8299,jellyfish
266,phone,334-636-6221,0.7883,jellyfish
267,phone,334-636-6221,0.8285,jellyfish
268,phone,334-636-6221,0.8023,jellyfish
269,phone,334-636-6221,0.8281,jellyfish
270,phone,205-620-8100,0.7877,jellyfish
271,phone,205-620-8100,0.8331,jellyfish
272,phone,205-620-8100,0.7857,jellyfish
273,phone,205-620-8100,0.7976,jellyfish
274,phone,205-620-8100,0.8201,jellyfish
275,phone,205-620-8100,0.8117,jellyfish
276,phone,205-620-8100,0.8215,jellyfish
277,phone,205-620-8100,0.7459,jellyfish
278,phone,205-620-8100,0.7945,jellyfish
279,phone,205-620-8100,0.8216,jellyfish
280,phone,205-620-8100,0.8342,jellyfish
281,phone,205-620-8100,0.8245,jellyfish
282,phone,205-620-8100,0.8262,jellyfish
283,phone,205-620-8100,0.7617,jellyfish
284,phone,205-620-8100,0.8466,jellyfish
285,phone,205-620-8100,0.7907,jellyfish
286,phone,205-620-8100,0.8359,jellyfish
287,phone,205-620-8100,0.8126,jellyfish
288,phone,205-620-8100,0.7791,jellyfish
289,phone,205-620-8100,0.7325,jellyfish
290,phone,205-620-8100,0.7643,jellyfish
291,phone,205-620-8100,0.7690,jellyfish
292,phone,205-620-8100,0.8201,jellyfish
293,phone,205-620-8100,0.8333,jellyfish
294,phone,205-620-8100,0.8279,jellyfish
295,phone,205-325-8100,0.8282,jellyfish
296,phone,205-325-8100,0.8385,jellyfish
297,phone,205-325-8100,0.8480,jellyfish
298,phone,205-325-8100,0.8375,jellyfish
299,phone,205-325-8100,0.8373,jellyfish
300,phone,205-325-8100,0.8474,jellyfish
301,phone,205-325-8100,0.8450,jellyfish
302,phone,205-325-8100,0.7765,jellyfish
303,phone,205-325-8100,0.8449,jellyfish
304,phone,205-325-8100,0.8450,jellyfish
305,phone,205-325-8100,0.7747,jellyfish
306,phone,205-325-8100,0.8298,jellyfish
307,phone,205-325-8100,0.8269,jellyfish
308,phone,205-325-8100,0.8187,jellyfish
309,phone,205-325-8100,0.8395,jellyfish
310,phone,205-325-8100,0.7880,jellyfish
311,phone,205-325-8100,0.7595,jellyfish
312,phone,256-235-8900,0.7739,jellyfish
313,phone,256-235-8900,0.7144,jellyfish
314,phone,256-235-8900,0.7857,jellyfish
315,phone,256-235-8900,0.8334,jellyfish
316,phone,256-235-8900,0.7804,jellyfish
317,phone,256-235-8900,0.8308,jellyfish
318,phone,256-235-8900,0.7948,jellyfish
319,phone,256-235-8900,0.8033,jellyfish
320,phone,256-235-8900,0.7975,jellyfish
321,phone,256-235-8900,0.8244,jellyfish
322,phone,256-235-9000,0.8129,jellyfish
323,phone,256-235-8900,0.7819,jellyfish
324,phone,256-235-8900,0.7785,jellyfish
325,phone,256-235-8900,0.7788,jellyfish
326,phone,256-235-8900,0.7555,jellyfish
327,phone,256-235-8900,0.8229,jellyfish
328,phone,256-235-8900,0.7806,jellyfish
329,phone,256-235-8900,0.8259,jellyfish
330,phone,256-235-8900,0.7695,jellyfish
331,phone,256-235-8900,0.7893,jellyfish
332,phone,334-793-5000,0.8381,jellyfish
333,phone,334-793-5000,0.8446,jellyfish
334,phone,334-793-5000,0.7769,jellyfish
335,phone,334-793-5000,0.8386,jellyfish
336,phone,334-793-5000,0.7582,jellyfish
337,phone,334-793-5000,0.7931,jellyfish
338,phone,334-793-5000,0.7216,jellyfish
339,phone,334-793-5000,0.8415,jellyfish
340,phone,334-793-5000,0.8012,jellyfish
341,phone,334-793-5000,0.8079,jellyfish
342,phone,334-793-5000,0.7936,jellyfish
343,phone,(479) 500-0000,0.7327,jellyfish
344,phone,334-793-5000,0.8162,jellyfish
345,phone,334-793-5000,0.8186,jellyfish
346,phone,334-793-5000,0.7514,jellyfish
347,phone,334-793-5000,0.7228,jellyfish
348,phone,334-793-5000,0.7857,jellyfish
349,phone,205-939-7000,0.8019,jellyfish
350,phone,205-939-7000,0.8064,jellyfish
351,phone,205-939-7000,0.8478,jellyfish
352,phone,205-939-7000,0.8186,jellyfish
353,phone,205-939-7000,0.8421,jellyfish
354,phone,256-341-2000,0.7600,jellyfish
355,phone,205-487-7736,0.6911,jellyfish
356,phone,205-487-7736,0.8350,jellyfish
357,phone,205-487-7736,0.8478,jellyfish
358,phone,205-487-7736,0.7862,jellyfish
359,phone,205-487-7736,0.7867,jellyfish
360,phone,205-487-7736,0.8462,jellyfish
361,phone,205-487-7736,0.8378,jellyfish
362,phone,205-487-7736,0.8356,jellyfish
363,phone,205-487-7736,0.8103,jellyfish
364,phone,205-487-7736,0.7596,jellyfish
365,phone,205-487-7736,0.8444,jellyfish
366,phone,205-487-7736,0.8103,jellyfish
367,phone,205-487-7736,0.8351,jellyfish
368,phone,205-487-7736,0.8204,jellyfish
369,phone,205-487-7736,0.7753,jellyfish
370,phone,205-487-7736,0.8378,jellyfish
371,phone,205-487-7736,0.8187,jellyfish
372,phone,205-487-7736,0.7851,jellyfish
373,phone,205-487-7736,0.8019,jellyfish
374,phone,205-487-7736,0.8390,jellyfish
375,phone,205-487-7736,0.8274,jellyfish
376,phone,205-487-7736,0.8188,jellyfish
377,phone,205-487-7736,0.8229,jellyfish
378,phone,205-487-7736,0.8202,jellyfish
379,phone,205-487-7736,0.8304,jellyfish
380,phone,251-471-7110,0.7674,jellyfish
381,phone,251-471-7110,0.7690,jellyfish
382,phone,(555) 247-7700,0.7016,jellyfish
383,phone,251-471-7110,0.8039,jellyfish
384,phone,251-471-7110,0.7820,jellyfish
385,phone,(555) 474-7700,0.6859,jellyfish
386,phone,251-471-7110,0.7607,jellyfish
387,phone,(555) 474-7700,0.7049,jellyfish
388,phone,251-471-7110,0.7668,jellyfish
389,phone,251-471-7110,0.7819,jellyfish
390,phone,251-471-7110,0.7969,jellyfish
391,phone,251-471-7110,0.7963,jellyfish
392,phone,251-471-7110,0.8150,jellyfish
393,phone,334-361-4267,0.8440,jellyfish
394,phone,(334) 361-2670,0.6612,jellyfish
395,phone,334-361-4267,0.8614,jellyfish
396,phone,334-361-4267,0.8324,jellyfish
397,phone,334-361-4267,0.8583,jellyfish
398,phone,334-361-4267,0.8634,jellyfish
399,phone,334-361-4267,0.8153,jellyfish
400,phone,334-361-4267,0.8507,jellyfish
401,phone,334-361-4267,0.8458,jellyfish
402,phone,334-361-4267,0.8531,jellyfish
403,phone,334-361-4267,0.8522,jellyfish
404,phone,334-361-4267,0.8343,jellyfish
405,phone,334-361-4267,0.8587,jellyfish
406,phone,334-361-4267,0.8511,jellyfish
407,phone,334-361-4267,0.8510,jellyfish
408,phone,334-361-4267,0.8245,jellyfish
409,phone,334-361-4267,0.8226,jellyfish
410,phone,334-361-4267,0.7912,jellyfish
411,phone,334-361-4267,0.7870,jellyfish
412,phone,334-361-4267,0.7999,jellyfish
413,phone,256-332-1611,0.7849,jellyfish
414,phone,256-332-1611,0.8296,jellyfish
415,phone,256-249-5000,0.7923,jellyfish
416,phone,256-249-5000,0.8344,jellyfish
417,phone,256-249-5000,0.7246,jellyfish
418,phone,256-249-5000,0.7883,jellyfish
419,phone,256-249-5000,0.7233,jellyfish
420,phone,256-249-5000,0.8304,jellyfish
421,phone,256-249-5000,0.7673,jellyfish
422,phone,256-249-5000,0.7823,jellyfish
423,phone,256-249-5000,0.7966,jellyfish
424,phone,256-249-5000,0.7823,jellyfish
425,phone,256-249-5000,0.7668,jellyfish
426,phone,256-249-5000,0.7882,jellyfish
427,phone,256-249-5000,0.7786,jellyfish
428,phone,256-249-5000,0.8176,jellyfish
429,phone,256-249-5000,0.7929,jellyfish
430,phone,256-249-5000,0.7960,jellyfish
431,phone,256-249-5000,0.7926,jellyfish
432,phone,256-249-5000,0.7878,jellyfish
433,phone,907-276-1131,0.8280,jellyfish
434,phone,907-276-1131,0.8256,jellyfish
435,phone,907-276-1131,0.7952,jellyfish
436,phone,907-276-1131,0.8282,jellyfish
437,phone,907-276-1131,0.7915,jellyfish
438,phone,907-276-1131,0.8276,jellyfish
439,phone,907-276-1131,0.8276,jellyfish
440,phone,907-276-1131,0.7342,jellyfish
441,phone,907-276-1131,0.8089,jellyfish
442,phone,907-276-1131,0.8280,jellyfish
443,phone,907-276-1131,0.7726,jellyfish
444,phone,9072761131,0.7528,jellyfish
445,phone,9072761131,0.7695,jellyfish
446,phone,9072761131,0.7344,jellyfish
447,phone,907-276-1131,0.7294,jellyfish
448,phone,907-276-1131,0.8324,jellyfish
449,phone,907-276-1131,0.8370,jellyfish
450,phone,907-276-1131,0.8089,jellyfish
451,phone,9075436300,0.7568,jellyfish
452,phone,907-543-6300,0.7639,jellyfish
453,phone,256-386-4556,0.7681,jellyfish
454,phone,256-386-4556,0.7403,jellyfish
455,phone,256-386-4556,0.8461,jellyfish
456,phone,256-386-4556,0.7949,jellyfish
457,phone,256-386-4556,0.7819,jellyfish
458,phone,256-386-4556,0.8310,jellyfish
459,phone,256-386-4556,0.7640,jellyfish
460,phone,256-386-4556,0.7881,jellyfish
461,phone,256-386-4556,0.8308,jellyfish
462,phone,256-386-4556,0.8348,jellyfish
463,phone,256-386-4556,0.7393,jellyfish
464,phone,256-386-4556,0.8187,jellyfish
465,phone,256-386-4556,0.8370,jellyfish
466,phone,256-386-4556,0.8279,jellyfish
467,phone,334-774-2601,0.8166,jellyfish
468,phone,334-774-2601,0.8019,jellyfish
469,phone,3347742601,0.7370,jellyfish
470,phone,334-774-2601,0.7829,jellyfish
471,phone,334-774-2601,0.8004,jellyfish
472,phone,334 774 6011,0.7052,jellyfish
473,phone,334-774-2601,0.8355,jellyfish
474,phone,334-774-2601,0.7898,jellyfish
475,phone,334-774-2601,0.7944,jellyfish
476,phone,334-774-2601,0.8136,jellyfish
477,phone,3347742601,0.7627,jellyfish
478,phone,334-774-2601,0.8417,jellyfish
479,phone,3347742601,0.8164,jellyfish
480,phone,3347742601,0.7554,jellyfish
481,phone,334-774-2601,0.8198,jellyfish
482,phone,334-774-2601,0.8217,jellyfish
483,phone,334-774-2601,0.8024,jellyfish
484,phone,334-774-2601,0.7909,jellyfish
485,phone,334-774-2601,0.8078,jellyfish
486,phone,334-774-2601,0.8012,jellyfish
487,phone,3347742601,0.7081,jellyfish
488,phone,334-774-2601,0.7732,jellyfish
489,phone,3347742601,0.7332,jellyfish
490,phone,3347742601,0.7855,jellyfish
491,phone,334-774-2601,0.8429,jellyfish
492,phone,256-927-5531,0.7692,jellyfish
493,phone,256-927-5531,0.7892,jellyfish
494,phone,256-927-5531,0.7518,jellyfish
495,phone,256-927-5531,0.7362,jellyfish
496,phone,256-927-5531,0.8115,jellyfish
497,phone,256-927-5531,0.8172,jellyfish
498,phone,256-927-5531,0.8389,jellyfish
499,phone,256-927-5531,0.8292,jellyfish
500,phone,256-927-5531,0.8398,jellyfish
501,phone,256-927-5531,0.7961,jellyfish
502,phone,256-927-5531,0.8319,jellyfish
503,phone,256-927-5531,0.7833,jellyfish
504,phone,256-927-5531,0.8260,jellyfish
505,phone,256-927-5531,0.8430,jellyfish
506,phone,256-927-5531,0.8340,jellyfish
507,phone,256-927-5531,0.8423,jellyfish
508,phone,256-927-5531,0.8350,jellyfish
509,phone,256-927-5531,0.7621,jellyfish
510,phone,256-927-5531,0.7206,jellyfish
511,phone,256-927-5531,0.7840,jellyfish
512,phone,256-927-5531,0.8318,jellyfish
513,phone,256-927-5531,0.8232,jellyfish
514,phone,256-927-5531,0.7657,jellyfish
515,phone,256-927-5531,0.8263,jellyfish
516,phone,256-927-5531,0.7762,jellyfish
517,phone,334-210-0000,0.7485,jellyfish
518,phone,334-288-2100,0.8361,jellyfish
519,phone,334-288-2100,0.7787,jellyfish
520,phone,334-288-2100,0.8109,jellyfish
521,phone,334-288-2100,0.8359,jellyfish
522,phone,334-288-2100,0.8373,jellyfish
523,phone,334-288-2100,0.8477,jellyfish
524,phone,334-288-2100,0.7529,jellyfish
525,phone,334-288-2100,0.8145,jellyfish
526,phone,334-288-2100,0.8127,jellyfish
527,phone,334-288-2100,0.8430,jellyfish
528,phone,334-288-2100,0.8227,jellyfish
529,phone,334-288-2100,0.8339,jellyfish
530,phone,334-288-2100,0.7977,jellyfish
531,phone,334-288-2100,0.7856,jellyfish
532,phone,334-288-2100,0.8391,jellyfish
533,phone,334-288-2100,0.7668,jellyfish
534,phone,334-288-2100,0.7894,jellyfish
535,phone,334-288-2100,0.8242,jellyfish
536,phone,334-288-2100,0.8251,jellyfish
537,phone,334-288-2100,0.8276,jellyfish
538,phone,334-288-2100,0.8212,jellyfish
539,phone,334-288-2100,0.7958,jellyfish
540,phone,334-288-2100,0.7913,jellyfish
541,phone,334-288-2100,0.8257,jellyfish
542,phone,334-293-8000,0.8377,jellyfish
543,phone,334-293-8000,0.7317,jellyfish
544,phone,334-293-8000,0.8352,jellyfish
545,phone,334-293-8000,0.8447,jellyfish
546,phone,334-293-8000,0.8012,jellyfish
547,phone,334-293-8000,0.8232,jellyfish
548,phone,334-293-8000,0.8407,jellyfish
549,phone,334-293-8000,0.7932,jellyfish
550,phone,334-293-8000,0.8315,jellyfish
551,phone,334-293-8000,0.7800,jellyfish
552,phone,334-293-8000,0.8429,jellyfish
553,phone,334-293-8000,0.7869,jellyfish
554,phone,334-293-8000,0.7809,jellyfish
555,phone,334-293-8000,0.8354,jellyfish
556,phone,334-293-8000,0.8412,jellyfish
557,phone,334-293-8000,0.7837,jellyfish
558,phone,334-293-8000,0.7892,jellyfish
559,phone,334-293-8000,0.7889,jellyfish
560,phone,334-293-8000,0.8119,jellyfish
561,phone,334-293-8000,0.8215,jellyfish
562,phone,(2938)8000,0.8222,jellyfish
563,phone,334-293-8000,0.7580,jellyfish
564,phone,334-293-8000,0.8156,jellyfish
565,phone,334-293-8000,0.7758,jellyfish
566,phone,334-293-8000,0.7712,jellyfish
567,phone,334-756-1400,0.7955,jellyfish
568,phone,334-756-1400,0.7928,jellyfish
569,phone,334-756-1400,0.8334,jellyfish
570,phone,334-756-1400,0.7921,jellyfish
571,phone,334-756-1400,0.8382,jellyfish
572,phone,334-756-1400,0.8465,jellyfish
573,phone,334-561-4000,0.8168,jellyfish
574,phone,334-756-1400,0.8229,jellyfish
575,phone,334-756-1400,0.8431,jellyfish
576,phone,334-756-1400,0.8362,jellyfish
577,phone,334-756-1400,0.8354,jellyfish
578,phone,334-756-1400,0.8360,jellyfish
579,phone,334-756-1400,0.7484,jellyfish
580,phone,334-756-1400,0.8419,jellyfish
581,phone,334-756-1400,0.8463,jellyfish
582,phone,334-756-1400,0.8079,jellyfish
583,phone,334-756-1400,0.8221,jellyfish
584,phone,334-756-1400,0.8181,jellyfish
585,phone,334-756-1400,0.8164,jellyfish
586,phone,334-756-1400,0.8101,jellyfish
587,phone,334-756-1400,0.7869,jellyfish
588,phone,334-756-1400,0.8258,jellyfish
589,phone,334-756-1400,0.8039,jellyfish
590,phone,334-756-1400,0.7846,jellyfish
591,phone,334-756-1400,0.8169,jellyfish
592,phone,334-897-2257,0.8387,jellyfish
593,phone,334-897-2257,0.8218,jellyfish
594,phone,(334) 897-2257,0.7348,jellyfish
595,phone,334-897-2257,0.8198,jellyfish
596,phone,334-897-2257,0.8289,jellyfish
597,phone,334-897-2257,0.8211,jellyfish
598,phone,334-897-2257,0.8271,jellyfish
599,phone,334-897-2257,0.8393,jellyfish
600,phone,334-897-2257,0.8305,jellyfish
601,phone,334-897-2257,0.8311,jellyfish
602,phone,334-897-2257,0.7850,jellyfish
603,phone,334-897-2257,0.8310,jellyfish
604,phone,334-897-2257,0.8197,jellyfish
605,phone,334-897-2257,0.8233,jellyfish
606,phone,334-897-2257,0.7725,jellyfish
607,phone,334-897-2257,0.8197,jellyfish
608,phone,334-897-2257,0.8214,jellyfish
609,phone,334-897-2257,0.7443,jellyfish
610,phone,334-897-2257,0.7873,jellyfish
611,phone,334-897-2257,0.8191,jellyfish
612,phone,334-897-2257,0.8165,jellyfish
613,phone,334-897-2257,0.7811,jellyfish
614,phone,334-897-2257,0.8027,jellyfish
615,phone,334-897-2257,0.8256,jellyfish
616,phone,334-897-2257,0.8186,jellyfish
617,phone,334-749-3411,0.7761,jellyfish
618,phone,334-749-3411,0.8352,jellyfish
619,phone,334-749-3411,0.8195,jellyfish
620,phone,334-749-3411,0.8355,jellyfish
621,phone,334-749-3411,0.8267,jellyfish
622,phone,334-749-3411,0.8382,jellyfish
623,phone,334-749-3411,0.8341,jellyfish
624,phone,334-749-3411,0.8189,jellyfish
625,phone,334-749-3411,0.8261,jellyfish
626,phone,334-749-3411,0.8125,jellyfish
627,phone,334-749-3411,0.8271,jellyfish
628,phone,334-749-3411,0.8337,jellyfish
629,phone,334-749-3411,0.8065,jellyfish
630,phone,334-749-3411,0.8285,jellyfish
631,phone,334-749-3411,0.8012,jellyfish
632,phone,334-749-3411,0.7972,jellyfish
633,phone,334-749-3411,0.8268,jellyfish
634,phone,334-749-3411,0.8106,jellyfish
635,phone,334-749-3411,0.7977,jellyfish
636,phone,334-749-3411,0.8147,jellyfish
637,phone,334-749-3411,0.7809,jellyfish
638,phone,334-749-3411,0.8257,jellyfish
639,phone,334-749-3411,0.8156,jellyfish
640,phone,334-749-3411,0.8260,jellyfish
641,phone,334-749-3411,0.8085,jellyfish
642,phone,256-357-2111,0.7794,jellyfish
643,phone,256-357-2111,0.7629,jellyfish
644,phone,256-357-2111,0.8276,jellyfish
645,phone,256-357-2111,0.7599,jellyfish
646,phone,256-357-2111,0.8469,jellyfish
647,phone,256-357-2111,0.8386,jellyfish
648,phone,256-357-2111,0.8479,jellyfish
649,phone,256-357-2111,0.7604,jellyfish
650,phone,256-357-2111,0.8355,jellyfish
651,phone,256-357-2111,0.8330,jellyfish
652,phone,256-357-2111,0.7798,jellyfish
653,phone,256-357-2111,0.7799,jellyfish
654,phone,256-357-2111,0.8203,jellyfish
655,phone,256-357-2111,0.7554,jellyfish
656,phone,256-357-2111,0.7460,jellyfish
657,phone,256-357-2111,0.7663,jellyfish
658,phone,256-357-2111,0.8247,jellyfish
659,phone,256-357-2111,0.8359,jellyfish
660,phone,256-357-2111,0.8339,jellyfish
661,phone,256-357-2111,0.7232,jellyfish
662,phone,256-357-2111,0.7782,jellyfish
663,phone,256-357-2111,0.7688,jellyfish
664,phone,256-357-2111,0.7557,jellyfish
665,phone,256-357-2111,0.7408,jellyfish
666,phone,256-357-2111,0.8257,jellyfish
667,phone,205-933-0111,0.6936,jellyfish
668,phone,205-934-4011,0.8370,jellyfish
669,phone,205-934-4011,0.8369,jellyfish
670,phone,205-934-4011,0.7772,jellyfish
671,phone,205-934-4011,0.8080,jellyfish
672,phone,205-934-4011,0.8444,jellyfish
673,phone,205-934-4011,0.8525,jellyfish
674,phone,205-934-4011,0.8069,jellyfish
675,phone,205-934-4011,0.7973,jellyfish
676,phone,205-934-4011,0.8332,jellyfish
677,phone,205-934-4011,0.8377,jellyfish
678,phone,205-934-4011,0.8129,jellyfish
679,phone,2059344011,0.6870,jellyfish
680,phone,205-934-4011,0.8552,jellyfish
681,phone,205-934-4011,0.8439,jellyfish
682,phone,205-934-4011,0.8383,jellyfish
683,phone,205-934-4011,0.8158,jellyfish
684,phone,205-934-4011,0.8246,jellyfish
685,phone,205-934-4011,0.8057,jellyfish
686,phone,205-934-4011,0.8070,jellyfish
687,phone,2059344011,0.6566,jellyfish
688,phone,205-934-4011,0.8271,jellyfish
689,phone,205-934-4011,0.8115,jellyfish
690,phone,205-934-4011,0.7897,jellyfish
691,phone,205-934-4011,0.8354,jellyfish
692,phone,334-283-6541,0.8377,jellyfish
693,phone,334-283-6541,0.8365,jellyfish
694,phone,334-283-6541,0.8265,jellyfish
695,phone,334-283-6541,0.8332,jellyfish
696,phone,334-283-6541,0.8402,jellyfish
697,phone,334-283-6541,0.8435,jellyfish
698,phone,334-283-6541,0.8094,jellyfish
699,phone,334-283-6541,0.8478,jellyfish
700,phone,334-836-541,0.7419,jellyfish
701,phone,334-283-6541,0.8409,jellyfish
702,phone,334-283-6541,0.8443,jellyfish
703,phone,334-283-6541,0.8420,jellyfish
704,phone,334-283-6541,0.7984,jellyfish
705,phone,334-283-6541,0.7944,jellyfish
706,phone,334-283-6541,0.7947,jellyfish
707,phone,334-283-6541,0.8336,jellyfish
708,phone,334-283-6541,0.8226,jellyfish
709,phone,334-283-6541,0.8270,jellyfish
710,phone,334-283-6541,0.7532,jellyfish
711,phone,334-283-6541,0.8341,jellyfish
712,phone,334-283-6541,0.7972,jellyfish
713,phone,334-283-6541,0.7940,jellyfish
714,phone,(800) 283-6561,0.6217,jellyfish
715,phone,334-283-6541,0.7993,jellyfish
716,phone,334-283-6541,0.7982,jellyfish
717,phone,256-737-2000,0.8053,jellyfish
718,phone,256-737-2000,0.7538,jellyfish
719,phone,256-737-2000,0.7891,jellyfish
720,phone,256-737-2000,0.7599,jellyfish
721,phone,256-737-2000,0.7682,jellyfish
722,phone,256-737-2000,0.8317,jellyfish
723,phone,256-737-2000,0.7651,jellyfish
724,phone,256-737-2000,0.7068,jellyfish
725,phone,256-737-2000,0.7744,jellyfish
726,phone,256-737-2000,0.7840,jellyfish
727,phone,256-737-2000,0.7809,jellyfish
728,phone,256-737-2000,0.7713,jellyfish
729,phone,256-737-2000,0.7782,jellyfish
730,phone,256-737-2000,0.7884,jellyfish
731,phone,256-737-2000,0.7502,jellyfish
732,phone,256-737-2000,0.7684,jellyfish
733,phone,256-737-2000,0.7448,jellyfish
734,phone,256-737-2000,0.7907,jellyfish
735,phone,256-737-2000,0.7830,jellyfish
736,phone,256-737-2000,0.7774,jellyfish
737,phone,256-737-2000,0.8191,jellyfish
738,phone,256-737-2000,0.7828,jellyfish
739,phone,256-737-2000,0.7860,jellyfish
740,phone,256-737-2000,0.7508,jellyfish
741,phone,256-737-2000,0.7226,jellyfish
742,phone,334-222-8466,0.8275,jellyfish
743,phone,334-222-8466,0.8172,jellyfish
744,phone,334-222-8466,0.7611,jellyfish
745,phone,334-222-8466,0.7540,jellyfish
746,phone,334-222-8466,0.8315,jellyfish
747,phone,334-222-8466,0.7918,jellyfish
748,phone,334-222-8466,0.7905,jellyfish
749,phone,334-222-8466,0.8332,jellyfish
750,phone,334-222-8466,0.8451,jellyfish
751,phone,334-222-8466,0.8235,jellyfish
752,phone,334-846-6000,0.6507,jellyfish
753,phone,334-222-8466,0.8270,jellyfish
754,phone,334-222-8466,0.8105,jellyfish
755,phone,334-222-8466,0.8312,jellyfish
756,phone,334-222-8466,0.8368,jellyfish
757,phone,334-222-8466,0.7849,jellyfish
758,phone,334-222-8466,0.8318,jellyfish
759,phone,334-222-8466,0.8186,jellyfish
760,phone,334-222-8466,0.8258,jellyfish
761,phone,334-222-8466,0.8359,jellyfish
762,phone,334-222-8466,0.7492,jellyfish
763,phone,334-222-8466,0.8178,jellyfish
764,phone,334-222-8484,0.7645,jellyfish
765,phone,334-222-8466,0.8423,jellyfish
766,phone,334-222-8466,0.7549,jellyfish
767,phone,256-235-8900,0.7703,jellyfish
768,phone,256-235-8900,0.8349,jellyfish
769,phone,256-235-8900,0.7626,jellyfish
770,phone,256-235-8900,0.7695,jellyfish
771,phone,256-235-8900,0.7642,jellyfish
772,phone,256-235-8900,0.7496,jellyfish
773,phone,256-235-8900,0.8212,jellyfish
774,phone,256-235-8900,0.8036,jellyfish
775,phone,256-265-1000,0.8289,jellyfish
776,phone,256-265-1000,0.7687,jellyfish
777,phone,256-265-1000,0.8185,jellyfish
778,phone,256-265-1000,0.7795,jellyfish
779,phone,256-265-1000,0.7872,jellyfish
780,phone,256-265-1000,0.7712,jellyfish
781,phone,256-265-1000,0.8474,jellyfish
782,phone,256-265-1000,0.7786,jellyfish
783,phone,256-265-1000,0.7305,jellyfish
784,phone,256-265-1000,0.7948,jellyfish
785,phone,256-265-1000,0.8295,jellyfish
786,phone,256-265-1000,0.8149,jellyfish
787,phone,256-265-1000,0.7773,jellyfish
788,phone,256-265-1000,0.7879,jellyfish
789,phone,256-265-1000,0.7549,jellyfish
790,phone,256-265-1000,0.7693,jellyfish
791,phone,256-265-1000,0.7520,jellyfish
792,phone,256-265-1000,0.7954,jellyfish
793,phone,256-265-1000,0.7750,jellyfish
794,phone,256-265-1000,0.8332,jellyfish
795,phone,256-265-1000,0.7710,jellyfish
796,phone,256-265-1000,0.7690,jellyfish
797,phone,256-265-1000,0.8172,jellyfish
798,phone,256-265-1000,0.8139,jellyfish
799,phone,256-265-1000,0.7671,jellyfish
800,phone,256-265-1000,0.7334,jellyfish
801,phone,256-265-1000,0.7206,jellyfish
802,phone,256-265-1000,0.7631,jellyfish
803,phone,256-494-4000,0.8460,jellyfish
804,phone,256-494-4000,0.7852,jellyfish
805,phone,256-494-4000,0.7658,jellyfish
806,phone,256-494-4000,0.7816,jellyfish
807,phone,256-494-4000,0.7707,jellyfish
808,phone,256-494-4000,0.8420,jellyfish
809,phone,256-494-4000,0.8397,jellyfish
810,phone,256-494-4000,0.8252,jellyfish
811,phone,256-494-4000,0.7234,jellyfish
812,phone,256-494-4000,0.7743,jellyfish
813,phone,256-494-4000,0.8264,jellyfish
814,phone,256-494-4000,0.7787,jellyfish
815,phone,256-494-4000,0.7787,jellyfish
816,phone,256-494-4000,0.7190,jellyfish
817,phone,256-494-4000,0.8288,jellyfish
818,phone,256-494-4000,0.7891,jellyfish
819,phone,256-494-4000,0.7704,jellyfish
820,phone,256-494-4000,0.8166,jellyfish
821,phone,256-494-4000,0.8242,jellyfish
822,phone,256-494-4000,0.7849,jellyfish
823,phone,256-494-4000,0.7588,jellyfish
824,phone,256-494-4000,0.8178,jellyfish
825,phone,256-494-4000,0.7744,jellyfish
826,phone,256-494-4000,0.8280,jellyfish
827,phone,256-494-4000,0.7156,jellyfish
828,phone,205-755-2500,0.8469,jellyfish
829,phone,205-755-2500,0.7724,jellyfish
830,phone,205-755-2500,0.8433,jellyfish
831,phone,205-755-2500,0.7610,jellyfish
832,phone,205-755-2500,0.7517,jellyfish
833,phone,205-755-2500,0.7848,jellyfish
834,phone,205-755-2500,0.7646,jellyfish
835,phone,205-755-2500,0.8431,jellyfish
836,phone,205-755-2500,0.8490,jellyfish
837,phone,205-755-2500,0.8508,jellyfish
838,phone,205-755-2500,0.8461,jellyfish
839,phone,205-755-2500,0.8485,jellyfish
840,phone,205-755-2500,0.7810,jellyfish
841,phone,205-755-2500,0.8463,jellyfish
842,phone,205-755-2500,0.8443,jellyfish
843,phone,205-755-2500,0.8452,jellyfish
844,phone,205-755-2500,0.7990,jellyfish
845,phone,205-755-2500,0.7975,jellyfish
846,phone,205-755-2500,0.7880,jellyfish
847,phone,205-755-2500,0.8404,jellyfish
848,phone,205-755-2500,0.8284,jellyfish
849,phone,205-755-2500,0.7836,jellyfish
850,phone,205-755-2500,0.8403,jellyfish
851,phone,205-755-2500,0.7868,jellyfish
852,phone,205-755-2500,0.8446,jellyfish
853,phone,205-921-6200,0.8449,jellyfish
854,phone,205-921-6200,0.7506,jellyfish
855,phone,205-921-6200,0.7926,jellyfish
856,phone,(800) 592-1600,0.7214,jellyfish
857,phone,205-921-6200,0.8464,jellyfish
858,phone,205-921-6200,0.8463,jellyfish
859,phone,205-921-6200,0.7913,jellyfish
860,phone,205-921-6200,0.8406,jellyfish
861,phone,205-921-6200,0.8091,jellyfish
862,phone,205-921-6200,0.8425,jellyfish
863,phone,205-921-6200,0.8471,jellyfish
864,phone,205-921-6200,0.8097,jellyfish
865,phone,205-921-6200,0.7898,jellyfish
866,phone,(901) 921-1620,0.7108,jellyfish
867,phone,205-921-6200,0.8481,jellyfish
868,phone,205-921-6200,0.7252,jellyfish
869,phone,205-921-6200,0.8490,jellyfish
870,phone,205-921-6200,0.7823,jellyfish
871,phone,205-921-6200,0.7990,jellyfish
872,phone,205-921-6200,0.7723,jellyfish
873,phone,205-921-6200,0.8405,jellyfish
874,phone,205-921-6200,0.8183,jellyfish
875,phone,205-921-6200,0.7412,jellyfish
876,phone,205-921-6200,0.6643,jellyfish
877,phone,205-921-6200,0.8058,jellyfish
878,phone,205-932-5966,0.8471,jellyfish
879,phone,205-932-5966,0.8329,jellyfish
880,phone,205-932-5966,0.8394,jellyfish
881,phone,205-932-5966,0.8161,jellyfish
882,phone,(0593) 596-6006,0.6845,jellyfish
883,phone,205-932-5966,0.8434,jellyfish
884,phone,(0593) 596-6466,0.6566,jellyfish
885,phone,205-932-5966,0.8459,jellyfish
886,phone,205-932-5966,0.8404,jellyfish
887,phone,205-932-5966,0.8454,jellyfish
888,phone,205-932-5966,0.8360,jellyfish
889,phone,205-932-5966,0.8170,jellyfish
890,phone,205-932-5966,0.8307,jellyfish
891,phone,205-932-5966,0.8497,jellyfish
892,phone,205-932-5966,0.8368,jellyfish
893,phone,205-932-5966,0.8424,jellyfish
894,phone,205-932-5966,0.8392,jellyfish
895,phone,205-932-5966,0.7890,jellyfish
896,phone,205-932-5966,0.8013,jellyfish
897,phone,205-932-5966,0.8081,jellyfish
898,phone,205-932-5966,0.7684,jellyfish
899,phone,205-932-5966,0.8425,jellyfish
900,phone,205-932-5966,0.8317,jellyfish
901,phone,205-932-5966,0.7481,jellyfish
902,phone,205-932-5966,0.8383,jellyfish
903,phone,256-543-5200,0.8333,jellyfish
904,phone,256-543-5200,0.7890,jellyfish
905,phone,256-543-5200,0.7763,jellyfish
906,phone,256-543-5200,0.8352,jellyfish
907,phone,256-543-5200,0.7726,jellyfish
908,phone,256-543-5200,0.8385,jellyfish
909,phone,256-543-5200,0.8296,jellyfish
910,phone,256-543-5200,0.7805,jellyfish
911,phone,256-543-5200,0.8398,jellyfish
912,phone,256-543-5200,0.8349,jellyfish
913,phone,256-543-5200,0.8199,jellyfish
914,phone,256-543-5200,0.8346,jellyfish
915,phone,256-543-5200,0.7881,jellyfish
916,phone,256-543-5200,0.8337,jellyfish
917,phone,(565) 435-3000,0.7427,jellyfish
918,phone,256-543-5200,0.7683,jellyfish
919,phone,256-543-5200,0.7532,jellyfish
920,phone,256-543-5200,0.8343,jellyfish
921,phone,256-543-5200,0.7788,jellyfish
922,phone,256-543-5200,0.7933,jellyfish
923,phone,256-543-5200,0.7905,jellyfish
924,phone,256-543-5200,0.7833,jellyfish
925,phone,256-543-5200,0.8304,jellyfish
926,phone,256-543-5200,0.7906,jellyfish
927,phone,256-543-5200,0.8190,jellyfish
928,phone,256-543-5200,0.7853,jellyfish
929,phone,256-543-5200,0.7895,jellyfish
930,phone,256-543-5200,0.8200,jellyfish
931,phone,334-376-2205,0.8348,jellyfish
932,phone,334-376-2205,0.8350,jellyfish
933,phone,334-376-2205,0.8019,jellyfish
934,phone,334-376-2205,0.8390,jellyfish
935,phone,334-376-2205,0.8359,jellyfish
936,phone,334-376-2205,0.8370,jellyfish
937,phone,334-376-2205,0.8215,jellyfish
938,phone,334-376-2205,0.8336,jellyfish
939,phone,334-376-2205,0.8395,jellyfish
940,phone,334-376-2205,0.7985,jellyfish
941,phone,334-376-2205,0.8413,jellyfish
942,phone,334-376-2205,0.8393,jellyfish
943,phone,334-376-2205,0.8249,jellyfish
944,phone,334-376-2205,0.8496,jellyfish
945,phone,334-376-2205,0.7965,jellyfish
946,phone,334-376-2205,0.7905,jellyfish
947,phone,334-376-2205,0.8220,jellyfish
948,phone,334-376-2205,0.7760,jellyfish
949,phone,334-376-2205,0.7499,jellyfish
950,phone,334-376-2205,0.8318,jellyfish
951,phone,334-376-2205,0.8215,jellyfish
952,phone,334-376-2205,0.7866,jellyfish
953,phone,334-376-2205,0.7897,jellyfish
954,phone,334-376-2205,0.8212,jellyfish
955,phone,334-376-2205,0.8202,jellyfish
956,phone,334-347-0584,0.8028,jellyfish
957,phone,334-347-0584,0.8240,jellyfish
958,phone,334-347-0584,0.8360,jellyfish
959,phone,334-347-0584,0.8179,jellyfish
960,phone,334-347-0584,0.8008,jellyfish
961,phone,334-347-0584,0.8029,jellyfish
962,phone,334-347-0584,0.8328,jellyfish
963,phone,334-347-0584,0.8290,jellyfish
964,phone,334-347-0584,0.8041,jellyfish
965,phone,334-347-0584,0.8341,jellyfish
966,phone,334-347-0584,0.8306,jellyfish
967,phone,334-347-0584,0.7881,jellyfish
968,phone,334-347-0584,0.8108,jellyfish
969,phone,334-347-0584,0.8239,jellyfish
970,phone,334-347-0584,0.8371,jellyfish
971,phone,334-347-0584,0.8310,jellyfish
972,phone,334-347-0584,0.8207,jellyfish
973,phone,334-347-0584,0.7925,jellyfish
974,phone,334-347-0584,0.8238,jellyfish
975,phone,334-347-0584,0.7381,jellyfish
976,phone,334-347-0584,0.8182,jellyfish
977,phone,334-347-0584,0.8015,jellyfish
978,phone,334-347-0584,0.8082,jellyfish
979,phone,334-347-0584,0.8275,jellyfish
980,phone,334-347-0584,0.8325,jellyfish
981,phone,2052743000,0.7300,jellyfish
982,phone,205-274-3000,0.7742,jellyfish
983,phone,205-274-3000,0.7364,jellyfish
984,phone,205-274-3000,0.8250,jellyfish
985,phone,2052743000,0.7652,jellyfish
986,phone,205-274-3000,0.8306,jellyfish
987,phone,205-274-3000,0.7962,jellyfish
988,phone,205-274-3000,0.7721,jellyfish
989,phone,205-274-3000,0.8306,jellyfish
990,phone,205-274-3000,0.7533,jellyfish
991,phone,2052743000,0.7136,jellyfish
992,phone,205-274-3000,0.7944,jellyfish
993,phone,2052743000,0.7907,jellyfish
994,phone,2052743000,0.7385,jellyfish
995,phone,205-274-3000,0.8405,jellyfish
996,phone,2052743000,0.7861,jellyfish
997,phone,2052743000,0.7930,jellyfish
998,phone,205-274-3000,0.7695,jellyfish
999,phone,205-274-3000,0.8147,jellyfish
1000,phone,2052743000,0.6460,jellyfish
1,type,acute care hospitals,0.6662,jellyfish
2,type,acute care hospitals,0.7592,jellyfish
3,type,acute care hospitals,0.7775,jellyfish
4,type,acute care hospitals,0.6660,jellyfish
5,type,acute care hospitals,0.7725,jellyfish
6,type,acute care hospitals,0.5784,jellyfish
7,type,acute care hospitals,0.7809,jellyfish
8,type,acute care hospitals,0.7614,jellyfish
9,type,acute care hospitals,0.8383,jellyfish
10,type,acute care hospitals,0.8381,jellyfish
11,type,acute care hospitals,0.8103,jellyfish
12,type,acute care hospitals,0.8196,jellyfish
13,type,acute care hospitals,0.7683,jellyfish
14,type,acute care hospitals,0.8133,jellyfish
15,type,acute care hospitals,0.7855,jellyfish
16,type,acute care hospitals,0.7792,jellyfish
17,type,acute care hospitals,0.8340,jellyfish
18,type,acute care hospitals,0.8179,jellyfish
19,type,acute care hospitals,0.8165,jellyfish
20,type,acute care hospitals,0.7768,jellyfish
21,type,acute care hospitals,0.8294,jellyfish
22,type,acute care hospitals,0.7788,jellyfish
23,type,acute care hospitals,0.7975,jellyfish
24,type,acute care hospitals,0.7868,jellyfish
25,type,acute care hospitals,0.7702,jellyfish
26,type,acute care hospitals,0.8155,jellyfish
27,type,acute care hospitals,0.7836,jellyfish
28,type,acute care hospitals,0.7975,jellyfish
29,type,acute care hospitals,0.7765,jellyfish
30,type,acute care hospitals,0.7838,jellyfish
31,type,acute care hospitals,0.8110,jellyfish
32,type,acute care hospitals,0.7853,jellyfish
33,type,acute care hospitals,0.8221,jellyfish
34,type,acute care hospitals,0.7631,jellyfish
35,type,acute care hospitals,0.8304,jellyfish
36,type,acute care hospitals,0.8049,jellyfish
37,type,acute care hospitals,0.7840,jellyfish
38,type,acute care hospitals,0.7844,jellyfish
39,type,acute care hospitals,0.7342,jellyfish
40,type,acute care hospitals,0.7933,jellyfish
41,type,acute care hospitals,0.7876,jellyfish
42,type,acute care hospitals,0.8149,jellyfish
43,type,acute care hospitals,0.7892,jellyfish
44,type,acute care hospitals,0.7779,jellyfish
45,type,acute care hospitals,0.8160,jellyfish
46,type,acute care hospitals,0.7952,jellyfish
47,type,acute care hospitals,0.8331,jellyfish
48,type,acute care hospitals,0.7983,jellyfish
49,type,acute care hospitals,0.8156,jellyfish
50,type,acute care hospitals,0.7803,jellyfish
51,type,acute care hospitals,0.7537,jellyfish
52,type,acute care hospitals,0.6106,jellyfish
53,type,acute care hospitals,0.8253,jellyfish
54,type,acute care hospitals,0.7782,jellyfish
55,type,acute care hospitals,0.7995,jellyfish
56,type,acute care hospitals,0.7581,jellyfish
57,type,acute care hospitals,0.7616,jellyfish
58,type,acute care hospitals,0.7233,jellyfish
59,type,acute care hospitals,0.7721,jellyfish
60,type,acute care hospitals,0.7844,jellyfish
61,type,acute care hospitals,0.7698,jellyfish
62,type,acute care hospitals,0.7652,jellyfish
63,type,acute care hospitals,0.7605,jellyfish
64,type,acute care hospitals,0.6769,jellyfish
65,type,acute care hospitals,0.7840,jellyfish
66,type,acute care hospitals,0.7554,jellyfish
67,type,acute care hospitals,0.8124,jellyfish
68,type,acute care hospitals,0.7758,jellyfish
69,type,acute care hospitals,0.7503,jellyfish
70,type,acute care hospitals,0.8185,jellyfish
71,type,acute care hospitals,0.8212,jellyfish
72,type,acute care hospitals,0.7520,jellyfish
73,type,acute care hospitals,0.7871,jellyfish
74,type,acute care hospitals,0.7906,jellyfish
75,type,acute care hospitals,0.8117,jellyfish
76,type,acute care hospitals,0.8082,jellyfish
77,type,acute care hospitals,0.7887,jellyfish
78,type,acute care hospitals,0.7770,jellyfish
79,type,acute care hospitals,0.8240,jellyfish
80,type,acute care hospitals,0.7955,jellyfish
81,type,acute care hospitals,0.8152,jellyfish
82,type,acute care hospitals,0.7989,jellyfish
83,type,acute care hospitals,0.8051,jellyfish
84,type,acute care hospitals,0.8075,jellyfish
85,type,acute care hospitals,0.7829,jellyfish
86,type,acute care hospitals,0.7507,jellyfish
87,type,acute care hospitals,0.7641,jellyfish
88,type,acute care hospitals,0.7482,jellyfish
89,type,acute care hospitals,0.7816,jellyfish
90,type,acute care hospitals,0.7848,jellyfish
91,type,acute care hospitals,0.7853,jellyfish
92,type,acute care hospitals,0.8269,jellyfish
93,type,acute care hospitals,0.7843,jellyfish
94,type,acute care hospitals,0.8315,jellyfish
95,type,acute care hospitals,0.7442,jellyfish
96,type,acute care hospitals,0.8398,jellyfish
97,type,acute care hospitals,0.8183,jellyfish
98,type,acute care hospitals,0.8351,jellyfish
99,type,acute care hospitals,0.8320,jellyfish
100,type,acute care hospitals,0.8333,jellyfish
101,type,acute care hospitals,0.8424,jellyfish
102,type,acute care hospitals,0.8309,jellyfish
103,type,acute care hospitals,0.7622,jellyfish
104,type,acute care hospitals,0.8238,jellyfish
105,type,acute care hospitals,0.8347,jellyfish
106,type,acute care hospitals,0.8400,jellyfish
107,type,acute care hospitals,0.7838,jellyfish
108,type,acute care hospitals,0.6841,jellyfish
109,type,acute care hospitals,0.7695,jellyfish
110,type,acute care hospitals,0.8420,jellyfish
111,type,acute care hospitals,0.8286,jellyfish
112,type,acute care hospitals,0.8212,jellyfish
113,type,acute care hospitals,0.8181,jellyfish
114,type,acute care hospitals,0.6600,jellyfish
115,type,acute care hospitals,0.7948,jellyfish
116,type,acute care hospitals,0.7844,jellyfish
117,type,acute care hospitals,0.7701,jellyfish
118,type,acute care hospitals,0.7776,jellyfish
119,type,acute care hospitals,0.7621,jellyfish
120,type,acute care hospitals,0.7776,jellyfish
121,type,acute care hospitals,0.8302,jellyfish
122,type,acute care hospitals,0.8137,jellyfish
123,type,acute care hospitals,0.6948,jellyfish
124,type,acute care hospitals,0.8364,jellyfish
125,type,acute care hospitals,0.8253,jellyfish
126,type,acute care hospitals,0.7622,jellyfish
127,type,acute care hospitals,0.8099,jellyfish
128,type,acute care hospitals,0.7559,jellyfish
129,type,acute care hospitals,0.7680,jellyfish
130,type,acute care hospitals,0.7738,jellyfish
131,type,acute care hospitals,0.8319,jellyfish
132,type,acute care hospitals,0.8171,jellyfish
133,type,acute care hospitals,0.8336,jellyfish
134,type,acute care hospitals,0.8106,jellyfish
135,type,acute care hospitals,0.7608,jellyfish
136,type,acute care hospitals,0.8271,jellyfish
137,type,acute care hospitals,0.7833,jellyfish
138,type,acute care hospitals,0.7867,jellyfish
139,type,acute care hospitals,0.6856,jellyfish
140,type,acute care hospitals,0.8206,jellyfish
141,type,acute care hospitals,0.7895,jellyfish
142,type,acute care hospitals,0.7648,jellyfish
143,type,acute care hospitals,0.7920,jellyfish
144,type,acute care hospitals,0.7846,jellyfish
145,type,acute care hospitals,0.7760,jellyfish
146,type,acute care hospitals,0.7844,jellyfish
147,type,acute care hospitals,0.8224,jellyfish
148,type,acute care hospitals,0.8197,jellyfish
149,type,acute care hospitals,0.7772,jellyfish
150,type,acute care hospitals,0.8305,jellyfish
151,type,acute care hospitals,0.7707,jellyfish
152,type,acute care hospitals,0.7793,jellyfish
153,type,acute care hospitals,0.8089,jellyfish
154,type,acute care hospitals,0.6247,jellyfish
155,type,acute care hospitals,0.8222,jellyfish
156,type,acute care hospitals,0.6611,jellyfish
157,type,acute care hospitals,0.7782,jellyfish
158,type,acute care hospitals,0.7885,jellyfish
159,type,acute care hospitals,0.6041,jellyfish
160,type,acute care hospitals,0.7956,jellyfish
161,type,acute care hospitals,0.8222,jellyfish
162,type,acute care hospitals,0.7853,jellyfish
163,type,acute care hospitals,0.7901,jellyfish
164,type,acute care hospitals,0.5529,jellyfish
165,type,acute care hospitals,0.7884,jellyfish
166,type,acute care hospitals,0.8121,jellyfish
167,type,acute care hospitals,0.7774,jellyfish
168,type,acute care hospitals,0.8139,jellyfish
169,type,acute care hospitals,0.7818,jellyfish
170,type,acute care hospitals,0.7827,jellyfish
171,type,acute care hospitals,0.8067,jellyfish
172,type,acute care hospitals,0.7781,jellyfish
173,type,acute care hospitals,0.7806,jellyfish
174,type,acute care hospitals,0.7793,jellyfish
175,type,acute care hospitals,0.7646,jellyfish
176,type,acute care hospitals,0.8090,jellyfish
177,type,acute care hospitals,0.7833,jellyfish
178,type,acute care hospitals,0.8046,jellyfish
179,type,acute care hospitals,0.7788,jellyfish
180,type,acute care hospitals,0.7861,jellyfish
181,type,acute care hospitals,0.7737,jellyfish
182,type,acute care hospitals,0.7992,jellyfish
183,type,acute care hospitals,0.8189,jellyfish
184,type,acute care hospitals,0.7874,jellyfish
185,type,acute care hospitals,0.7731,jellyfish
186,type,acute care hospitals,0.7358,jellyfish
187,type,acute care hospitals,0.6146,jellyfish
188,type,acute care hospitals,0.7103,jellyfish
189,type,acute care hospitals,0.7329,jellyfish
190,type,acute care hospitals,0.7893,jellyfish
191,type,acute care hospitals,0.7816,jellyfish
192,type,acute care hospitals,0.7830,jellyfish
193,type,acute care hospitals,0.7762,jellyfish
194,type,acute care hospitals,0.7632,jellyfish
195,type,acute care hospitals,0.7997,jellyfish
196,type,acute care hospitals,0.6456,jellyfish
197,type,acute care hospitals,0.7620,jellyfish
198,type,acute care hospitals,0.7892,jellyfish
199,type,acute care hospitals,0.7022,jellyfish
200,type,acute care hospitals,0.8245,jellyfish
201,type,acute care hospitals,0.7950,jellyfish
202,type,acute care hospitals,0.6607,jellyfish
203,type,acute care hospitals,0.7776,jellyfish
204,type,acute care hospitals,0.7845,jellyfish
205,type,acute care hospitals,0.7889,jellyfish
206,type,acute care hospitals,0.8106,jellyfish
207,type,acute care hospitals,0.7689,jellyfish
208,type,acute care hospitals,0.7814,jellyfish
209,type,acute care hospitals,0.6208,jellyfish
210,type,acute care hospitals,0.6859,jellyfish
211,type,acute care hospitals,0.7715,jellyfish
212,type,acute care hospitals,0.7632,jellyfish
213,type,acute care hospitals,0.8163,jellyfish
214,type,acute care hospitals,0.4990,jellyfish
215,type,acute care hospitals,0.7806,jellyfish
216,type,acute care hospitals,0.7827,jellyfish
217,type,acute care hospitals,0.8092,jellyfish
218,type,acute care hospitals,0.5694,jellyfish
219,type,acute care hospitals,0.8219,jellyfish
220,type,acute care hospitals,0.7741,jellyfish
221,type,acute care hospitals,0.8037,jellyfish
222,type,acute care hospitals,0.8048,jellyfish
223,type,acute care hospitals,0.8162,jellyfish
224,type,acute care hospitals,0.8268,jellyfish
225,type,acute care hospitals,0.7892,jellyfish
226,type,acute care hospitals,0.7824,jellyfish
227,type,acute care hospitals,0.7801,jellyfish
228,type,acute care hospitals,0.7840,jellyfish
229,type,acute care hospitals,0.7719,jellyfish
230,type,acute care hospitals,0.8234,jellyfish
231,type,acute care hospitals,0.7831,jellyfish
232,type,acute care hospitals,0.7579,jellyfish
233,type,acute care hospitals,0.8277,jellyfish
234,type,acute care hospitals,0.8113,jellyfish
235,type,acute care hospitals,0.8350,jellyfish
236,type,acute care hospitals,0.8146,jellyfish
237,type,acute care hospitals,0.8257,jellyfish
238,type,acute care hospitals,0.6127,jellyfish
239,type,acute care hospitals,0.7945,jellyfish
240,type,acute care hospitals,0.7884,jellyfish
241,type,acute care hospitals,0.7071,jellyfish
242,type,acute care hospitals,0.6169,jellyfish
243,type,acute care hospitals,0.7939,jellyfish
244,type,acute care hospitals,0.7499,jellyfish
245,type,acute care hospitals,0.8047,jellyfish
246,type,acute care hospitals,0.6903,jellyfish
247,type,acute care hospitals,0.7778,jellyfish
248,type,acute care hospitals,0.7855,jellyfish
249,type,acute care hospitals,0.7864,jellyfish
250,type,acute care hospitals,0.7629,jellyfish
251,type,acute care hospitals,0.7835,jellyfish
252,type,acute care hospitals,0.7838,jellyfish
253,type,acute care hospitals,0.6982,jellyfish
254,type,acute care hospitals,0.7847,jellyfish
255,type,acute care hospitals,0.8042,jellyfish
256,type,acute care hospitals,0.8179,jellyfish
257,type,acute care hospitals,0.7607,jellyfish
258,type,acute care hospitals,0.8114,jellyfish
259,type,acute care hospitals,0.7985,jellyfish
260,type,acute care hospitals,0.7918,jellyfish
261,type,acute care hospitals,0.7184,jellyfish
262,type,acute care hospitals,0.7718,jellyfish
263,type,acute care hospitals,0.8094,jellyfish
264,type,acute care hospitals,0.6857,jellyfish
265,type,acute care hospitals,0.7875,jellyfish
266,type,acute care hospitals,0.7850,jellyfish
267,type,acute care hospitals,0.4458,jellyfish
268,type,acute care hospitals,0.7866,jellyfish
269,type,acute care hospitals,0.7707,jellyfish
270,type,acute care hospitals,0.8271,jellyfish
271,type,acute care hospitals,0.8299,jellyfish
272,type,acute care hospitals,0.6355,jellyfish
273,type,acute care hospitals,0.8336,jellyfish
274,type,acute care hospitals,0.8314,jellyfish
275,type,acute care hospitals,0.7832,jellyfish
276,type,acute care hospitals,0.7863,jellyfish
277,type,acute care hospitals,0.7874,jellyfish
278,type,acute care hospitals,0.8263,jellyfish
279,type,acute care hospitals,0.6858,jellyfish
280,type,acute care hospitals,0.7834,jellyfish
281,type,acute care hospitals,0.5982,jellyfish
282,type,acute care hospitals,0.7632,jellyfish
283,type,acute care hospitals,0.5009,jellyfish
284,type,acute care hospitals,0.7872,jellyfish
285,type,acute care hospitals,0.7894,jellyfish
286,type,acute care hospitals,0.7664,jellyfish
287,type,acute care hospitals,0.7851,jellyfish
288,type,acute care hospitals,0.7514,jellyfish
289,type,acute care hospitals,0.7919,jellyfish
290,type,acute care hospitals,0.7931,jellyfish
291,type,acute care hospitals,0.6878,jellyfish
292,type,acute care hospitals,0.6924,jellyfish
293,type,acute care hospitals,0.7874,jellyfish
294,type,acute care hospitals,0.7248,jellyfish
295,type,acute care hospitals,0.7752,jellyfish
296,type,acute care hospitals,0.6471,jellyfish
297,type,acute care hospitals,0.7739,jellyfish
298,type,acute care hospitals,0.7769,jellyfish
299,type,acute care hospitals,0.8084,jellyfish
300,type,acute care hospitals,0.6156,jellyfish
301,type,acute care hospitals,0.7813,jellyfish
302,type,acute care hospitals,0.7709,jellyfish
303,type,acute care hospitals,0.7605,jellyfish
304,type,acute care hospitals,0.8037,jellyfish
305,type,acute care hospitals,0.6593,jellyfish
306,type,acute care hospitals,0.6867,jellyfish
307,type,acute care hospitals,0.7735,jellyfish
308,type,acute care hospitals,0.8052,jellyfish
309,type,acute care hospitals,0.7404,jellyfish
310,type,acute care hospitals,0.8098,jellyfish
311,type,acute care hospitals,0.7744,jellyfish
312,type,acute care hospitals,0.7579,jellyfish
313,type,acute care hospitals,0.7834,jellyfish
314,type,acute care hospitals,0.6067,jellyfish
315,type,acute care hospitals,0.8233,jellyfish
316,type,acute care hospitals,0.7699,jellyfish
317,type,acute care hospitals,0.8383,jellyfish
318,type,acute care hospitals,0.7887,jellyfish
319,type,acute care hospitals,0.7828,jellyfish
320,type,acute care hospitals,0.8479,jellyfish
321,type,acute care hospitals,0.7548,jellyfish
322,type,acute care hospitals,0.8160,jellyfish
323,type,acute care hospitals,0.7628,jellyfish
324,type,acute care hospitals,0.7727,jellyfish
325,type,acute care hospitals,0.6390,jellyfish
326,type,acute care hospitals,0.6119,jellyfish
327,type,acute care hospitals,0.5951,jellyfish
328,type,acute care hospitals,0.8283,jellyfish
329,type,acute care hospitals,0.8348,jellyfish
330,type,acute care hospitals,0.8253,jellyfish
331,type,acute care hospitals,0.7834,jellyfish
332,type,acute care hospitals,0.7969,jellyfish
333,type,acute care hospitals,0.7829,jellyfish
334,type,acute care hospitals,0.7311,jellyfish
335,type,acute care hospitals,0.8055,jellyfish
336,type,acute care hospitals,0.8225,jellyfish
337,type,acute care hospitals,0.6508,jellyfish
338,type,acute care hospitals,0.8252,jellyfish
339,type,acute care hospitals,0.7394,jellyfish
340,type,acute care hospitals,0.7628,jellyfish
341,type,acute care hospitals,0.7927,jellyfish
342,type,acute care hospitals,0.8060,jellyfish
343,type,acute care hospitals,0.7976,jellyfish
344,type,acute care hospitals,0.8089,jellyfish
345,type,acute care hospitals,0.8060,jellyfish
346,type,acute care hospitals,0.7919,jellyfish
347,type,acute care hospitals,0.8107,jellyfish
348,type,acute care hospitals,0.8006,jellyfish
349,type,acute care hospitals,0.6468,jellyfish
350,type,acute care hospitals,0.7870,jellyfish
351,type,acute care hospitals,0.7798,jellyfish
352,type,acute care hospitals,0.8174,jellyfish
353,type,acute care hospitals,0.7790,jellyfish
354,type,acute care hospitals,0.7206,jellyfish
355,type,acute care hospitals,0.7262,jellyfish
356,type,acute care hospitals,0.7890,jellyfish
357,type,acute care hospitals,0.8328,jellyfish
358,type,acute care hospitals,0.7870,jellyfish
359,type,acute care hospitals,0.7915,jellyfish
360,type,acute care hospitals,0.7804,jellyfish
361,type,acute care hospitals,0.8001,jellyfish
362,type,acute care hospitals,0.7959,jellyfish
363,type,acute care hospitals,0.6942,jellyfish
364,type,acute care hospitals,0.7639,jellyfish
365,type,acute care hospitals,0.7477,jellyfish
366,type,acute care hospitals,0.8130,jellyfish
367,type,acute care hospitals,0.7845,jellyfish
368,type,acute care hospitals,0.7319,jellyfish
369,type,acute care hospitals,0.6551,jellyfish
370,type,acute care hospitals,0.8187,jellyfish
371,type,acute care hospitals,0.7783,jellyfish
372,type,acute care hospitals,0.7973,jellyfish
373,type,acute care hospitals,0.8027,jellyfish
374,type,acute care hospitals,0.8029,jellyfish
375,type,acute care hospitals,0.8061,jellyfish
376,type,acute care hospitals,0.7784,jellyfish
377,type,acute care hospitals,0.7925,jellyfish
378,type,acute care hospitals,0.7932,jellyfish
379,type,acute care hospitals,0.7772,jellyfish
380,type,acute care hospitals,0.8217,jellyfish
381,type,acute care hospitals,0.8121,jellyfish
382,type,acute care hospitals,0.8241,jellyfish
383,type,acute care hospitals,0.6617,jellyfish
384,type,acute care hospitals,0.5563,jellyfish
385,type,acute care hospitals,0.7785,jellyfish
386,type,acute care hospitals,0.8119,jellyfish
387,type,acute care hospitals,0.7916,jellyfish
388,type,acute care hospitals,0.7860,jellyfish
389,type,acute care hospitals,0.7846,jellyfish
390,type,acute care hospitals,0.7797,jellyfish
391,type,acute care hospitals,0.8249,jellyfish
392,type,acute care hospitals,0.6802,jellyfish
393,type,acute care hospitals,0.6109,jellyfish
394,type,acute care hospitals,0.8197,jellyfish
395,type,acute care hospitals,0.7776,jellyfish
396,type,acute care hospitals,0.7756,jellyfish
397,type,acute care hospitals,0.6701,jellyfish
398,type,acute care hospitals,0.8262,jellyfish
399,type,acute care hospitals,0.8241,jellyfish
400,type,acute care hospitals,0.7698,jellyfish
401,type,acute care hospitals,0.8179,jellyfish
402,type,acute care hospitals,0.7783,jellyfish
403,type,acute care hospitals,0.8212,jellyfish
404,type,acute care hospitals,0.7703,jellyfish
405,type,acute care hospitals,0.7808,jellyfish
406,type,acute care hospitals,0.7610,jellyfish
407,type,acute care hospitals,0.7852,jellyfish
408,type,acute care hospitals,0.6196,jellyfish
409,type,acute care hospitals,0.6608,jellyfish
410,type,acute care hospitals,0.7885,jellyfish
411,type,acute care hospitals,0.7791,jellyfish
412,type,acute care hospitals,0.4339,jellyfish
413,type,acute care hospitals,0.7892,jellyfish
414,type,acute care hospitals,0.8481,jellyfish
415,type,acute care hospitals,0.8333,jellyfish
416,type,acute care hospitals,0.8212,jellyfish
417,type,acute care hospitals,0.7981,jellyfish
418,type,acute care hospitals,0.7776,jellyfish
419,type,acute care hospitals,0.8197,jellyfish
420,type,acute care hospitals,0.7434,jellyfish
421,type,acute care hospitals,0.8003,jellyfish
422,type,acute care hospitals,0.7863,jellyfish
423,type,acute care hospitals,0.6801,jellyfish
424,type,acute care hospitals,0.7753,jellyfish
425,type,acute care hospitals,0.7846,jellyfish
426,type,acute care hospitals,0.8333,jellyfish
427,type,acute care hospitals,0.7309,jellyfish
428,type,acute care hospitals,0.7806,jellyfish
429,type,acute care hospitals,0.6838,jellyfish
430,type,acute care hospitals,0.8361,jellyfish
431,type,acute care hospitals,0.6896,jellyfish
432,type,acute care hospitals,0.7915,jellyfish
433,type,acute care hospitals,0.7759,jellyfish
434,type,acute care hospitals,0.8277,jellyfish
435,type,acute care hospitals,0.7721,jellyfish
436,type,acute care hospitals,0.8186,jellyfish
437,type,acute care hospitals,0.8064,jellyfish
438,type,acute care hospitals,0.8081,jellyfish
439,type,acute care hospitals,0.8173,jellyfish
440,type,acute care hospitals,0.6682,jellyfish
441,type,acute care hospitals,0.8190,jellyfish
442,type,acute care hospitals,0.8251,jellyfish
443,type,acute care hospitals,0.7865,jellyfish
444,type,acute care hospitals,0.7903,jellyfish
445,type,acute care hospitals,0.7982,jellyfish
446,type,acute care hospitals,0.7851,jellyfish
447,type,acute care hospitals,0.7997,jellyfish
448,type,acute care hospitals,0.8047,jellyfish
449,type,acute care hospitals,0.7955,jellyfish
450,type,acute care hospitals,0.7812,jellyfish
451,type,acute care hospitals,0.8137,jellyfish
452,type,acute care hospitals,0.7082,jellyfish
453,type,acute care hospitals,0.7806,jellyfish
454,type,acute care hospitals,0.8158,jellyfish
455,type,acute care hospitals,0.8304,jellyfish
456,type,acute care hospitals,0.8128,jellyfish
457,type,acute care hospitals,0.7907,jellyfish
458,type,acute care hospitals,0.8308,jellyfish
459,type,acute care hospitals,0.7737,jellyfish
460,type,acute care hospitals,0.7922,jellyfish
461,type,acute care hospitals,0.8172,jellyfish
462,type,acute care hospitals,0.7706,jellyfish
463,type,acute care hospitals,0.6982,jellyfish
464,type,acute care hospitals,0.7888,jellyfish
465,type,acute care hospitals,0.8021,jellyfish
466,type,acute care hospitals,0.7853,jellyfish
467,type,acute care hospitals,0.7813,jellyfish
468,type,acute care hospitals,0.7796,jellyfish
469,type,acute care hospitals,0.7683,jellyfish
470,type,acute care hospitals,0.7747,jellyfish
471,type,acute care hospitals,0.7485,jellyfish
472,type,acute care hospitals,0.8036,jellyfish
473,type,acute care hospitals,0.6571,jellyfish
474,type,acute care hospitals,0.7927,jellyfish
475,type,acute care hospitals,0.8027,jellyfish
476,type,acute care hospitals,0.6793,jellyfish
477,type,acute care hospitals,0.7759,jellyfish
478,type,acute care hospitals,0.7507,jellyfish
479,type,acute care hospitals,0.7793,jellyfish
480,type,acute care hospitals,0.7165,jellyfish
481,type,acute care hospitals,0.8022,jellyfish
482,type,acute care hospitals,0.6143,jellyfish
483,type,acute care hospitals,0.8090,jellyfish
484,type,acute care hospitals,0.7383,jellyfish
485,type,acute care hospitals,0.8049,jellyfish
486,type,acute care hospitals,0.7657,jellyfish
487,type,acute care hospitals,0.7988,jellyfish
488,type,acute care hospitals,0.7964,jellyfish
489,type,acute care hospitals,0.8024,jellyfish
490,type,acute care hospitals,0.7921,jellyfish
491,type,acute care hospitals,0.8057,jellyfish
492,type,acute care hospitals,0.7627,jellyfish
493,type,acute care hospitals,0.7879,jellyfish
494,type,acute care hospitals,0.7078,jellyfish
495,type,acute care hospitals,0.7929,jellyfish
496,type,acute care hospitals,0.8046,jellyfish
497,type,acute care hospitals,0.8209,jellyfish
498,type,acute care hospitals,0.6719,jellyfish
499,type,acute care hospitals,0.7691,jellyfish
500,type,acute care hospitals,0.8204,jellyfish
501,type,acute care hospitals,0.8067,jellyfish
502,type,acute care hospitals,0.7542,jellyfish
503,type,acute care hospitals,0.8280,jellyfish
504,type,acute care hospitals,0.8047,jellyfish
505,type,acute care hospitals,0.7856,jellyfish
506,type,acute care hospitals,0.8149,jellyfish
507,type,acute care hospitals,0.8229,jellyfish
508,type,acute care hospitals,0.6816,jellyfish
509,type,acute care hospitals,0.7467,jellyfish
510,type,acute care hospitals,0.6877,jellyfish
511,type,acute care hospitals,0.7717,jellyfish
512,type,acute care hospitals,0.7659,jellyfish
513,type,acute care hospitals,0.7989,jellyfish
514,type,acute care hospitals,0.7303,jellyfish
515,type,acute care hospitals,0.7719,jellyfish
516,type,acute care hospitals,0.7925,jellyfish
517,type,acute care hospitals,0.7955,jellyfish
518,type,acute care hospitals,0.7802,jellyfish
519,type,acute care hospitals,0.7886,jellyfish
520,type,acute care hospitals,0.7918,jellyfish
521,type,acute care hospitals,0.7667,jellyfish
522,type,acute care hospitals,0.7026,jellyfish
523,type,acute care hospitals,0.8275,jellyfish
524,type,acute care hospitals,0.7945,jellyfish
525,type,acute care hospitals,0.8266,jellyfish
526,type,acute care hospitals,0.7891,jellyfish
527,type,acute care hospitals,0.7880,jellyfish
528,type,acute care hospitals,0.7809,jellyfish
529,type,acute care hospitals,0.7242,jellyfish
530,type,acute care hospitals,0.8176,jellyfish
531,type,acute care hospitals,0.7764,jellyfish
532,type,acute care hospitals,0.7972,jellyfish
533,type,acute care hospitals,0.7196,jellyfish
534,type,acute care hospitals,0.7859,jellyfish
535,type,acute care hospitals,0.7838,jellyfish
536,type,acute care hospitals,0.8223,jellyfish
537,type,acute care hospitals,0.7889,jellyfish
538,type,acute care hospitals,0.7834,jellyfish
539,type,acute care hospitals,0.7225,jellyfish
540,type,acute care hospitals,0.7681,jellyfish
541,type,acute care hospitals,0.7874,jellyfish
542,type,acute care hospitals,0.7858,jellyfish
543,type,acute care hospitals,0.7515,jellyfish
544,type,acute care hospitals,0.7596,jellyfish
545,type,acute care hospitals,0.6005,jellyfish
546,type,acute care hospitals,0.7682,jellyfish
547,type,acute care hospitals,0.6091,jellyfish
548,type,acute care hospitals,0.8144,jellyfish
549,type,acute care hospitals,0.6257,jellyfish
550,type,acute care hospitals,0.7774,jellyfish
551,type,acute care hospitals,0.8236,jellyfish
552,type,acute care hospitals,0.7841,jellyfish
553,type,acute care hospitals,0.6674,jellyfish
554,type,acute care hospitals,0.6724,jellyfish
555,type,acute care hospitals,0.7742,jellyfish
556,type,acute care hospitals,0.7670,jellyfish
557,type,acute care hospitals,0.8057,jellyfish
558,type,acute care hospitals,0.8254,jellyfish
559,type,acute care hospitals,0.7875,jellyfish
560,type,acute care hospitals,0.7632,jellyfish
561,type,acute care hospitals,0.7646,jellyfish
562,type,acute care hospitals,0.8164,jellyfish
563,type,acute care hospitals,0.8159,jellyfish
564,type,acute care hospitals,0.7327,jellyfish
565,type,acute care hospitals,0.7510,jellyfish
566,type,acute care hospitals,0.7757,jellyfish
567,type,acute care hospitals,0.8175,jellyfish
568,type,acute care hospitals,0.5077,jellyfish
569,type,acute care hospitals,0.7245,jellyfish
570,type,acute care hospitals,0.7455,jellyfish
571,type,acute care hospitals,0.6641,jellyfish
572,type,acute care hospitals,0.8150,jellyfish
573,type,acute care hospitals,0.7737,jellyfish
574,type,acute care hospitals,0.8137,jellyfish
575,type,acute care hospitals,0.7705,jellyfish
576,type,acute care hospitals,0.8054,jellyfish
577,type,acute care hospitals,0.7808,jellyfish
578,type,acute care hospitals,0.7602,jellyfish
579,type,acute care hospitals,0.7687,jellyfish
580,type,acute care hospitals,0.5801,jellyfish
581,type,acute care hospitals,0.7711,jellyfish
582,type,acute care hospitals,0.6970,jellyfish
583,type,acute care hospitals,0.8223,jellyfish
584,type,acute care hospitals,0.7809,jellyfish
585,type,acute care hospitals,0.7895,jellyfish
586,type,acute care hospitals,0.7957,jellyfish
587,type,acute care hospitals,0.7991,jellyfish
588,type,acute care hospitals,0.7799,jellyfish
589,type,acute care hospitals,0.8611,jellyfish
590,type,acute care hospitals,0.7909,jellyfish
591,type,acute care hospitals,0.7574,jellyfish
592,type,acute care hospitals,0.7857,jellyfish
593,type,acute care hospitals,0.8070,jellyfish
594,type,acute care hospitals,0.7665,jellyfish
595,type,acute care hospitals,0.8211,jellyfish
596,type,acute care hospitals,0.8179,jellyfish
597,type,acute care hospitals,0.8277,jellyfish
598,type,acute care hospitals,0.8211,jellyfish
599,type,acute care hospitals,0.6824,jellyfish
600,type,acute care hospitals,0.8082,jellyfish
601,type,acute care hospitals,0.7718,jellyfish
602,type,acute care hospitals,0.8106,jellyfish
603,type,acute care hospitals,0.8211,jellyfish
604,type,acute care hospitals,0.7823,jellyfish
605,type,acute care hospitals,0.8250,jellyfish
606,type,acute care hospitals,0.8357,jellyfish
607,type,acute care hospitals,0.8325,jellyfish
608,type,acute care hospitals,0.6362,jellyfish
609,type,acute care hospitals,0.7753,jellyfish
610,type,acute care hospitals,0.7928,jellyfish
611,type,acute care hospitals,0.7700,jellyfish
612,type,acute care hospitals,0.7801,jellyfish
613,type,acute care hospitals,0.7845,jellyfish
614,type,acute care hospitals,0.7754,jellyfish
615,type,acute care hospitals,0.6524,jellyfish
616,type,acute care hospitals,0.7653,jellyfish
617,type,acute care hospitals,0.8134,jellyfish
618,type,acute care hospitals,0.8157,jellyfish
619,type,acute care hospitals,0.7778,jellyfish
620,type,acute care hospitals,0.7878,jellyfish
621,type,acute care hospitals,0.5375,jellyfish
622,type,acute care hospitals,0.7822,jellyfish
623,type,acute care hospitals,0.7882,jellyfish
624,type,acute care hospitals,0.8160,jellyfish
625,type,acute care hospitals,0.7822,jellyfish
626,type,acute care hospitals,0.7758,jellyfish
627,type,acute care hospitals,0.7951,jellyfish
628,type,acute care hospitals,0.7532,jellyfish
629,type,acute care hospitals,0.7907,jellyfish
630,type,acute care hospitals,0.7907,jellyfish
631,type,acute care hospitals,0.7482,jellyfish
632,type,acute care hospitals,0.7987,jellyfish
633,type,acute care hospitals,0.7993,jellyfish
634,type,acute care hospitals,0.5666,jellyfish
635,type,acute care hospitals,0.8365,jellyfish
636,type,acute care hospitals,0.7488,jellyfish
637,type,acute care hospitals,0.7854,jellyfish
638,type,acute care hospitals,0.7794,jellyfish
639,type,acute care hospitals,0.7684,jellyfish
640,type,acute care hospitals,0.7869,jellyfish
641,type,acute care hospitals,0.7285,jellyfish
642,type,acute care hospitals,0.6262,jellyfish
643,type,acute care hospitals,0.6196,jellyfish
644,type,acute care hospitals,0.8009,jellyfish
645,type,acute care hospitals,0.7770,jellyfish
646,type,acute care hospitals,0.8295,jellyfish
647,type,acute care hospitals,0.5590,jellyfish
648,type,acute care hospitals,0.8289,jellyfish
649,type,acute care hospitals,0.7592,jellyfish
650,type,acute care hospitals,0.8260,jellyfish
651,type,acute care hospitals,0.8064,jellyfish
652,type,acute care hospitals,0.7700,jellyfish
653,type,ACUTE CARE HOSPITALS,0.7122,jellyfish
654,type,acute care hospitals,0.8087,jellyfish
655,type,acute care hospitals,0.8151,jellyfish
656,type,acute care hospitals,0.8337,jellyfish
657,type,acute care hospitals,0.8274,jellyfish
658,type,acute care hospitals,0.8276,jellyfish
659,type,acute care hospitals,0.6757,jellyfish
660,type,acute care hospitals,0.7903,jellyfish
661,type,acute care hospitals,0.8012,jellyfish
662,type,acute care hospitals,0.7730,jellyfish
663,type,acute care hospitals,0.7755,jellyfish
664,type,acute care hospitals,0.7400,jellyfish
665,type,acute care hospitals,0.6618,jellyfish
666,type,acute care hospitals,0.7839,jellyfish
667,type,acute care hospitals,0.8199,jellyfish
668,type,acute care hospitals,0.7562,jellyfish
669,type,acute care hospitals,0.7225,jellyfish
670,type,acute care hospitals,0.7905,jellyfish
671,type,acute care hospitals,0.8241,jellyfish
672,type,acute care hospitals,0.8199,jellyfish
673,type,acute care hospitals,0.6602,jellyfish
674,type,acute care hospitals,0.8282,jellyfish
675,type,acute care hospitals,0.8240,jellyfish
676,type,acute care hospitals,0.7889,jellyfish
677,type,acute care hospitals,0.8228,jellyfish
678,type,acute care hospitals,0.8354,jellyfish
679,type,acute care hospitals,0.7790,jellyfish
680,type,acute care hospitals,0.7941,jellyfish
681,type,acute care hospitals,0.8299,jellyfish
682,type,acute care hospitals,0.6910,jellyfish
683,type,acute care hospitals,0.8174,jellyfish
684,type,acute care hospitals,0.6855,jellyfish
685,type,acute care hospitals,0.7514,jellyfish
686,type,acute care hospitals,0.7936,jellyfish
687,type,acute care hospitals,0.7942,jellyfish
688,type,acute care hospitals,0.7754,jellyfish
689,type,acute care hospitals,0.7303,jellyfish
690,type,acute care hospitals,0.7758,jellyfish
691,type,acute care hospitals,0.7477,jellyfish
692,type,acute care hospitals,0.8278,jellyfish
693,type,acute care hospitals,0.8283,jellyfish
694,type,acute care hospitals,0.7693,jellyfish
695,type,acute care hospitals,0.6678,jellyfish
696,type,acute care hospital,0.7347,jellyfish
697,type,acute care hospitals,0.7663,jellyfish
698,type,acute care hospitals,0.8189,jellyfish
699,type,acute care hospitals,0.5714,jellyfish
700,type,acute care hospitals,0.8149,jellyfish
701,type,acute care hospitals,0.6673,jellyfish
702,type,acute care hospitals,0.8201,jellyfish
703,type,acute care hospitals,0.8241,jellyfish
704,type,acute care hospitals,0.7871,jellyfish
705,type,acute care hospitals,0.7928,jellyfish
706,type,acute care hospitals,0.5239,jellyfish
707,type,acute care hospitals,0.7997,jellyfish
708,type,acute care hospitals,0.7666,jellyfish
709,type,acute care hospitals,0.7832,jellyfish
710,type,acute care hospitals,0.7988,jellyfish
711,type,acute care hospitals,0.8187,jellyfish
712,type,acute care hospitals,0.7469,jellyfish
713,type,acute care hospitals,0.7901,jellyfish
714,type,acute care hospitals,0.6837,jellyfish
715,type,acute care hospitals,0.7962,jellyfish
716,type,acute care hospitals,0.7907,jellyfish
717,type,acute care hospitals,0.7951,jellyfish
718,type,acute care hospitals,0.7804,jellyfish
719,type,acute care hospitals,0.7915,jellyfish
720,type,acute care hospitals,0.7963,jellyfish
721,type,acute care hospitals,0.8206,jellyfish
722,type,acute care hospitals,0.7863,jellyfish
723,type,acute care hospitals,0.7657,jellyfish
724,type,acute care hospitals,0.6619,jellyfish
725,type,acute care hospitals,0.7924,jellyfish
726,type,acute care hospitals,0.8105,jellyfish
727,type,acute care hospitals,0.7863,jellyfish
728,type,acute care hospitals,0.8173,jellyfish
729,type,acute care hospitals,0.7954,jellyfish
730,type,acute care hospitals,0.8067,jellyfish
731,type,acute care hospitals,0.7727,jellyfish
732,type,acute care hospitals,0.7823,jellyfish
733,type,acute care hospitals,0.7905,jellyfish
734,type,acute care hospitals,0.7916,jellyfish
735,type,acute care hospitals,0.7786,jellyfish
736,type,acute care hospitals,0.7811,jellyfish
737,type,acute care hospitals,0.7872,jellyfish
738,type,acute care hospitals,0.7991,jellyfish
739,type,acute care hospitals,0.8190,jellyfish
740,type,acute care hospitals,0.7930,jellyfish
741,type,acute care hospitals,0.7756,jellyfish
742,type,acute care hospitals,0.7702,jellyfish
743,type,acute care hospitals,0.8210,jellyfish
744,type,acute care hospitals,0.7691,jellyfish
745,type,acute care hospitals,0.7583,jellyfish
746,type,acute care hospitals,0.6536,jellyfish
747,type,acute care hospitals,0.8379,jellyfish
748,type,acute care hospitals,0.8374,jellyfish
749,type,acute care hospitals,0.7793,jellyfish
750,type,acute care hospitals,0.8154,jellyfish
751,type,acute care hospitals,0.8270,jellyfish
752,type,acute care hospitals,0.8218,jellyfish
753,type,acute care hospitals,0.6313,jellyfish
754,type,acute care hospitals,0.7730,jellyfish
755,type,acute care hospitals,0.8288,jellyfish
756,type,acute care hospitals,0.7570,jellyfish
757,type,acute care hospitals,0.8404,jellyfish
758,type,acute care hospitals,0.8033,jellyfish
759,type,acute care hospitals,0.7919,jellyfish
760,type,acute care hospitals,0.7940,jellyfish
761,type,acute care hospitals,0.7974,jellyfish
762,type,acute care hospitals,0.7867,jellyfish
763,type,acute care hospitals,0.7943,jellyfish
764,type,acute care hospitals,0.7828,jellyfish
765,type,acute care hospitals,0.7845,jellyfish
766,type,acute care hospitals,0.7799,jellyfish
767,type,acute care hospitals,0.7903,jellyfish
768,type,acute care hospitals,0.7792,jellyfish
769,type,acute care hospitals,0.7957,jellyfish
770,type,acute care hospitals,0.8137,jellyfish
771,type,acute care hospitals,0.7976,jellyfish
772,type,acute care hospitals,0.7803,jellyfish
773,type,acute care hospitals,0.7795,jellyfish
774,type,acute care hospitals,0.8164,jellyfish
775,type,acute care hospitals,0.8191,jellyfish
776,type,acute care hospitals,0.7841,jellyfish
777,type,acute care hospitals,0.7908,jellyfish
778,type,acute care hospitals,0.7896,jellyfish
779,type,acute care hospitals,0.7788,jellyfish
780,type,acute care hospitals,0.6527,jellyfish
781,type,acute care hospitals,0.7877,jellyfish
782,type,acute care hospitals,0.6195,jellyfish
783,type,acute care hospitals,0.7750,jellyfish
784,type,acute care hospitals,0.8252,jellyfish
785,type,acute care hospitals,0.7984,jellyfish
786,type,acute care hospitals,0.7865,jellyfish
787,type,acute care hospitals,0.7832,jellyfish
788,type,acute care hospitals,0.6139,jellyfish
789,type,acute care hospitals,0.7829,jellyfish
790,type,acute care hospitals,0.7239,jellyfish
791,type,acute care hospitals,0.6403,jellyfish
792,type,acute care hospitals,0.7792,jellyfish
793,type,acute care hospitals,0.7839,jellyfish
794,type,acute care hospitals,0.7916,jellyfish
795,type,acute care hospitals,0.7898,jellyfish
796,type,acute care hospitals,0.7928,jellyfish
797,type,acute care hospitals,0.7798,jellyfish
798,type,acute care hospitals,0.6293,jellyfish
799,type,acute care hospitals,0.7902,jellyfish
800,type,acute care hospitals,0.7575,jellyfish
801,type,acute care hospitals,0.7008,jellyfish
802,type,acute care hospitals,0.8053,jellyfish
803,type,acute care hospitals,0.8263,jellyfish
804,type,acute care hospitals,0.6602,jellyfish
805,type,acute care hospitals,0.7781,jellyfish
806,type,acute care hospitals,0.8159,jellyfish
807,type,acute care hospitals,0.7846,jellyfish
808,type,acute care hospitals,0.8133,jellyfish
809,type,acute care hospitals,0.8283,jellyfish
810,type,acute care hospitals,0.7836,jellyfish
811,type,acute care hospitals,0.7925,jellyfish
812,type,acute care hospitals,0.6788,jellyfish
813,type,acute care hospitals,0.6387,jellyfish
814,type,acute care hospitals,0.7681,jellyfish
815,type,acute care hospitals,0.8290,jellyfish
816,type,acute care hospitals,0.8106,jellyfish
817,type,acute care hospitals,0.7904,jellyfish
818,type,acute care hospitals,0.5787,jellyfish
819,type,acute care hospitals,0.8266,jellyfish
820,type,acute care hospitals,0.7838,jellyfish
821,type,acute care hospitals,0.7915,jellyfish
822,type,acute care hospitals,0.7860,jellyfish
823,type,acute care hospitals,0.8132,jellyfish
824,type,acute care hospitals,0.6089,jellyfish
825,type,acute care hospitals,0.7892,jellyfish
826,type,acute care hospitals,0.7888,jellyfish
827,type,acute care hospitals,0.7869,jellyfish
828,type,acute care hospitals,0.8013,jellyfish
829,type,acute care hospitals,0.7973,jellyfish
830,type,acute care hospitals,0.8238,jellyfish
831,type,acute care hospitals,0.8208,jellyfish
832,type,acute care hospitals,0.7965,jellyfish
833,type,acute care hospitals,0.8214,jellyfish
834,type,acute care hospitals,0.8306,jellyfish
835,type,acute care hospitals,0.6450,jellyfish
836,type,acute care hospitals,0.7966,jellyfish
837,type,acute care hospitals,0.7807,jellyfish
838,type,acute care hospitals,0.7824,jellyfish
839,type,acute care hospitals,0.7804,jellyfish
840,type,acute care hospitals,0.7905,jellyfish
841,type,acute care hospitals,0.8216,jellyfish
842,type,acute care hospitals,0.6173,jellyfish
843,type,acute care hospitals,0.7942,jellyfish
844,type,acute care hospitals,0.8241,jellyfish
845,type,acute care hospitals,0.8080,jellyfish
846,type,acute care hospitals,0.8009,jellyfish
847,type,acute care hospitals,0.7813,jellyfish
848,type,acute care hospitals,0.8085,jellyfish
849,type,acute care hospitals,0.6617,jellyfish
850,type,acute care hospitals,0.7156,jellyfish
851,type,acute care hospitals,0.6670,jellyfish
852,type,acute care hospitals,0.7477,jellyfish
853,type,acute care hospitals,0.8145,jellyfish
854,type,acute care hospitals,0.7581,jellyfish
855,type,acute care hospitals,0.6692,jellyfish
856,type,acute care hospitals,0.8230,jellyfish
857,type,acute care hospitals,0.8290,jellyfish
858,type,acute care hospitals,0.7756,jellyfish
859,type,acute care hospitals,0.8356,jellyfish
860,type,acute care hospitals,0.7610,jellyfish
861,type,acute care hospitals,0.7973,jellyfish
862,type,acute care hospitals,0.7848,jellyfish
863,type,acute care hospitals,0.8198,jellyfish
864,type,acute care hospitals,0.8237,jellyfish
865,type,acute care hospitals,0.7469,jellyfish
866,type,acute care hospitals,0.8138,jellyfish
867,type,acute care hospitals,0.7697,jellyfish
868,type,acute care hospitals,0.6621,jellyfish
869,type,acute care hospitals,0.8144,jellyfish
870,type,acute care hospitals,0.8245,jellyfish
871,type,acute care hospitals,0.7850,jellyfish
872,type,acute care hospitals,0.7975,jellyfish
873,type,acute care hospitals,0.8045,jellyfish
874,type,acute care hospitals,0.7786,jellyfish
875,type,acute care hospitals,0.8319,jellyfish
876,type,acute care hospitals,0.7814,jellyfish
877,type,acute care hospitals,0.7951,jellyfish
878,type,acute care hospital,0.8343,jellyfish
879,type,acute care hospitals,0.8237,jellyfish
880,type,acute care hospitals,0.7803,jellyfish
881,type,acute care hospitals,0.8352,jellyfish
882,type,acute care hospitals,0.8248,jellyfish
883,type,acute care hospitals,0.7711,jellyfish
884,type,acute care hospitals,0.8411,jellyfish
885,type,acute care hospitals,0.6649,jellyfish
886,type,acute care hospitals,0.7661,jellyfish
887,type,acute care hospitals,0.7845,jellyfish
888,type,acute care hospitals,0.8337,jellyfish
889,type,acute care hospitals,0.6822,jellyfish
890,type,acute care hospitals,0.6735,jellyfish
891,type,acute care hospitals,0.5779,jellyfish
892,type,acute care hospitals,0.8371,jellyfish
893,type,acute care hospitals,0.8408,jellyfish
894,type,acute care hospitals,0.8356,jellyfish
895,type,acute care hospitals,0.7868,jellyfish
896,type,acute care hospitals,0.7847,jellyfish
897,type,acute care hospitals,0.7940,jellyfish
898,type,acute care hospitals,0.7978,jellyfish
899,type,acute care hospitals,0.6803,jellyfish
900,type,acute care hospitals,0.7828,jellyfish
901,type,acute care hospitals,0.7992,jellyfish
902,type,acute care hospitals,0.7940,jellyfish
903,type,acute care hospitals,0.7204,jellyfish
904,type,general medical and surgical hospitals,0.7354,jellyfish
905,type,acute care hospitals,0.6813,jellyfish
906,type,acute care hospitals,0.7825,jellyfish
907,type,acute care hospitals,0.8213,jellyfish
908,type,acute care hospitals,0.7759,jellyfish
909,type,acute care hospitals,0.6146,jellyfish
910,type,acute care hospitals,0.8206,jellyfish
911,type,acute care hospitals,0.8277,jellyfish
912,type,acute care hospitals,0.7864,jellyfish
913,type,acute care hospitals,0.6732,jellyfish
914,type,acute care hospitals,0.8039,jellyfish
915,type,acute care hospitals,0.8065,jellyfish
916,type,acute care hospitals,0.7719,jellyfish
917,type,acute care hospitals,0.8284,jellyfish
918,type,acute care hospitals,0.7860,jellyfish
919,type,acute care hospitals,0.8192,jellyfish
920,type,acute care hospitals,0.7805,jellyfish
921,type,acute care hospitals,0.8223,jellyfish
922,type,general medical and surgical hospitals,0.7609,jellyfish
923,type,acute care hospitals,0.7375,jellyfish
924,type,acute care hospitals,0.7825,jellyfish
925,type,acute care hospitals,0.7984,jellyfish
926,type,acute care hospitals,0.7723,jellyfish
927,type,acute care hospitals,0.8325,jellyfish
928,type,acute care hospitals,0.7856,jellyfish
929,type,acute care hospitals,0.7699,jellyfish
930,type,acute care hospitals,0.7860,jellyfish
931,type,acute care hospitals,0.8387,jellyfish
932,type,acute care hospitals,0.8313,jellyfish
933,type,acute care hospitals,0.8174,jellyfish
934,type,acute care hospitals,0.8250,jellyfish
935,type,acute care hospitals,0.8095,jellyfish
936,type,acute care hospitals,0.7846,jellyfish
937,type,acute care hospitals,0.8123,jellyfish
938,type,acute care hospitals,0.8281,jellyfish
939,type,acute care hospitals,0.6586,jellyfish
940,type,acute care hospitals,0.8136,jellyfish
941,type,acute care hospitals,0.8249,jellyfish
942,type,acute care hospitals,0.8110,jellyfish
943,type,acute care hospitals,0.7408,jellyfish
944,type,acute care hospitals,0.7624,jellyfish
945,type,acute care hospitals,0.8243,jellyfish
946,type,acute care hospitals,0.8264,jellyfish
947,type,acute care hospitals,0.8237,jellyfish
948,type,acute care hospitals,0.7218,jellyfish
949,type,acute care hospitals,0.7901,jellyfish
950,type,acute care hospitals,0.7790,jellyfish
951,type,acute care hospitals,0.7583,jellyfish
952,type,acute care hospitals,0.7798,jellyfish
953,type,acute care hospitals,0.7789,jellyfish
954,type,acute care hospitals,0.7849,jellyfish
955,type,acute care hospitals,0.7806,jellyfish
956,type,acute care hospitals,0.7913,jellyfish
957,type,acute care hospitals,0.6665,jellyfish
958,type,acute care hospitals,0.7948,jellyfish
959,type,acute care hospitals,0.7814,jellyfish
960,type,acute care hospitals,0.7956,jellyfish
961,type,acute care hospitals,0.7845,jellyfish
962,type,acute care hospitals,0.7916,jellyfish
963,type,acute care hospitals,0.7854,jellyfish
964,type,acute care hospitals,0.7868,jellyfish
965,type,acute care hospitals,0.6907,jellyfish
966,type,acute care hospitals,0.6386,jellyfish
967,type,acute care hospitals,0.6911,jellyfish
968,type,acute care hospitals,0.7941,jellyfish
969,type,acute care hospitals,0.7810,jellyfish
970,type,acute care hospitals,0.7865,jellyfish
971,type,acute care hospitals,0.7912,jellyfish
972,type,acute care hospitals,0.8089,jellyfish
973,type,acute care hospitals,0.7977,jellyfish
974,type,acute care hospitals,0.8056,jellyfish
975,type,acute care hospitals,0.7043,jellyfish
976,type,acute care hospitals,0.6933,jellyfish
977,type,acute care hospitals,0.6807,jellyfish
978,type,acute care hospitals,0.6451,jellyfish
979,type,acute care hospitals,0.7936,jellyfish
980,type,acute care hospitals,0.8023,jellyfish
981,type,acute care hospitals,0.8071,jellyfish
982,type,acute care hospitals,0.7945,jellyfish
983,type,acute care hospitals,0.7973,jellyfish
984,type,acute care hospitals,0.8083,jellyfish
985,type,acute care hospitals,0.7973,jellyfish
986,type,acute care hospitals,0.7818,jellyfish
987,type,acute care hospitals,0.7849,jellyfish
988,type,acute care hospitals,0.8192,jellyfish
989,type,acute care hospitals,0.7873,jellyfish
990,type,acute care hospitals,0.7954,jellyfish
991,type,acute care hospitals,0.8002,jellyfish
992,type,acute care hospitals,0.5912,jellyfish
993,type,acute care hospitals,0.7900,jellyfish
994,type,acute care hospitals,0.8012,jellyfish
995,type,acute care hospitals,0.7825,jellyfish
996,type,acute care hospitals,0.8021,jellyfish
997,type,acute care hospitals,0.8147,jellyfish
998,type,acute care hospitals,0.7947,jellyfish
999,type,acute care hospitals,0.7867,jellyfish
1000,type,acute care hospitals,0.8136,jellyfish
1,owner,voluntary non-profit - private,0.7732,jellyfish
2,owner,voluntary non-profit - private,0.7401,jellyfish
3,owner,voluntary non-profit - private,0.6368,jellyfish
4,owner,voluntary non-profit - private,0.8335,jellyfish
5,owner,voluntary non-profit - private,0.7630,jellyfish
6,owner,voluntary non-profit - private,0.7495,jellyfish
7,owner,voluntary non-profit - private,0.6758,jellyfish
8,owner,voluntary non-profit - private,0.7134,jellyfish
9,owner,government - hospital district or authority,0.6896,jellyfish
10,owner,government - hospital district or authority,0.8452,jellyfish
11,owner,government - hospital district or authority,0.8451,jellyfish
12,owner,government - hospital district or authority,0.8534,jellyfish
13,owner,government - hospital district or authority,0.6725,jellyfish
14,owner,government - hospital district or authority,0.6645,jellyfish
15,owner,government - hospital district or authority,0.8499,jellyfish
16,owner,government - hospital district or authority,0.8501,jellyfish
17,owner,government hospital district or authority,0.6188,jellyfish
18,owner,government - hospital district or authority,0.8584,jellyfish
19,owner,government - hospital district or authority,0.8559,jellyfish
20,owner,government - hospital district or authority,0.8466,jellyfish
21,owner,government - hospital district or authority,0.7641,jellyfish
22,owner,government hospital district or authority,0.7541,jellyfish
23,owner,government hospital district or authority,0.7502,jellyfish
24,owner,government - hospital district or authority,0.8475,jellyfish
25,owner,government - hospital district or authority,0.7245,jellyfish
26,owner,government - hospital district or authority,0.6784,jellyfish
27,owner,government - hospital district or authority,0.8293,jellyfish
28,owner,government hospital district or authority,0.5689,jellyfish
29,owner,government - hospital district or authority,0.8494,jellyfish
30,owner,government - hospital district or authority,0.6661,jellyfish
31,owner,government - hospital district or authority,0.8492,jellyfish
32,owner,government - hospital district or authority,0.7348,jellyfish
33,owner,government - hospital district or authority,0.8518,jellyfish
34,owner,government - hospital district or authority,0.6669,jellyfish
35,owner,government - hospital district or authority,0.6622,jellyfish
36,owner,government - hospital district or authority,0.8513,jellyfish
37,owner,government - hospital district or authority,0.8285,jellyfish
38,owner,government - hospital district or authority,0.8349,jellyfish
39,owner,government - hospital district or authority,0.8417,jellyfish
40,owner,government - hospital district or authority,0.8065,jellyfish
41,owner,government - hospital district or authority,0.8343,jellyfish
42,owner,government - hospital district or authority,0.6429,jellyfish
43,owner,government - hospital district authority system,0.7279,jellyfish
44,owner,government - hospital district or authority,0.8260,jellyfish
45,owner,government - hospital district or authority,0.8415,jellyfish
46,owner,government - hospital district or authority,0.8406,jellyfish
47,owner,government - hospital district or authority,0.7645,jellyfish
48,owner,government - hospital district or authority,0.8330,jellyfish
49,owner,government - hospital district or authority,0.8444,jellyfish
50,owner,government - hospital district or authority,0.8431,jellyfish
51,owner,government - hospital district or authority,0.8410,jellyfish
52,owner,government - hospital district or authority,0.6752,jellyfish
53,owner,government - hospital district or authority,0.8496,jellyfish
54,owner,government - hospital district or authority,0.8492,jellyfish
55,owner,government - hospital district or authority,0.8428,jellyfish
56,owner,government - hospital district or authority,0.7957,jellyfish
57,owner,government - hospital district or authority,0.8501,jellyfish
58,owner,government - hospital district or authority,0.8377,jellyfish
59,owner,government - hospital district or authority,0.8486,jellyfish
60,owner,government - hospital district or authority,0.8280,jellyfish
61,owner,government - hospital district or authority,0.8365,jellyfish
62,owner,government - hospital district or authority,0.7927,jellyfish
63,owner,government - hospital district or authority,0.8318,jellyfish
64,owner,government - hospital district or authority,0.8397,jellyfish
65,owner,government - hospital district or authority,0.8279,jellyfish
66,owner,government - hospital district or authority,0.7702,jellyfish
67,owner,government - hospital district or authority,0.8230,jellyfish
68,owner,government - hospital district or authority,0.8234,jellyfish
69,owner,government - hospital district or authority,0.8343,jellyfish
70,owner,voluntary non-profit,0.7670,jellyfish
71,owner,voluntary non-profit,0.8427,jellyfish
72,owner,voluntary non-profit,0.6728,jellyfish
73,owner,voluntary non-profit,0.7950,jellyfish
74,owner,voluntary non-profit,0.7165,jellyfish
75,owner,voluntary non-profit - church,0.7616,jellyfish
76,owner,voluntary non-profit,0.7008,jellyfish
77,owner,voluntary non-profit,0.6863,jellyfish
78,owner,voluntary non-profit,0.8532,jellyfish
79,owner,voluntary non-profit,0.8180,jellyfish
80,owner,voluntary non-profit,0.7508,jellyfish
81,owner,voluntary non-profit,0.7242,jellyfish
82,owner,voluntary non-profit - church,0.7905,jellyfish
83,owner,voluntary non-profit,0.7606,jellyfish
84,owner,voluntary non-profit,0.8579,jellyfish
85,owner,voluntary non-profit,0.8588,jellyfish
86,owner,voluntary non-profit - church,0.8379,jellyfish
87,owner,voluntary non-profit,0.7411,jellyfish
88,owner,voluntary non-profit - church,0.8095,jellyfish
89,owner,voluntary non-profit - church affiliated,0.7923,jellyfish
90,owner,voluntary non-profit - church,0.7205,jellyfish
91,owner,voluntary non-profit - church affiliation,0.7153,jellyfish
92,owner,voluntary non-profit - church affiliated,0.7766,jellyfish
93,owner,voluntary non-profit,0.7309,jellyfish
94,owner,voluntary non-profit - church,0.8429,jellyfish
95,owner,voluntary non-profit - private,0.6174,jellyfish
96,owner,voluntary non-profit - private,0.6650,jellyfish
97,owner,voluntary non-profit - private system,0.7951,jellyfish
98,owner,voluntary non-profit - private,0.7645,jellyfish
99,owner,voluntary non-profit - private hospital system,0.7101,jellyfish
100,owner,voluntary non-profit - private,0.6860,jellyfish
101,owner,voluntary non-profit - private,0.6801,jellyfish
102,owner,voluntary non-profit - private,0.6421,jellyfish
103,owner,voluntary non-profit - private,0.5914,jellyfish
104,owner,voluntary non-profit - private,0.6467,jellyfish
105,owner,voluntary non-profit - private,0.7951,jellyfish
106,owner,voluntary non-profit - private,0.7770,jellyfish
107,owner,voluntary non-profit - private,0.7688,jellyfish
108,owner,voluntary non-profit - private,0.7406,jellyfish
109,owner,voluntary non-profit - private,0.7444,jellyfish
110,owner,voluntary non-profit - private,0.7627,jellyfish
111,owner,voluntary non-profit - private,0.7807,jellyfish
112,owner,voluntary non-profit - nonfederal,0.7621,jellyfish
113,owner,voluntary non-profit - private,0.7672,jellyfish
114,owner,voluntary non-profit - private,0.7857,jellyfish
115,owner,voluntary non-profit - private,0.7780,jellyfish
116,owner,voluntary non-profit - private,0.7551,jellyfish
117,owner,voluntary non-profit - private,0.7635,jellyfish
118,owner,voluntary non-profit - private,0.7631,jellyfish
119,owner,voluntary non-profit - private,0.7090,jellyfish
120,owner,government - federal,0.7389,jellyfish
121,owner,government - federal,0.6190,jellyfish
122,owner,government - federal,0.7994,jellyfish
123,owner,government - federal,0.8040,jellyfish
124,owner,government - federal,0.8052,jellyfish
125,owner,government - federal,0.8105,jellyfish
126,owner,government - federal,0.7511,jellyfish
127,owner,government - federal,0.7758,jellyfish
128,owner,government - federal,0.8164,jellyfish
129,owner,government - federal,0.4230,jellyfish
130,owner,government - federal,0.7663,jellyfish
131,owner,government - federal,0.7927,jellyfish
132,owner,government - federal,0.7205,jellyfish
133,owner,government - federal,0.6682,jellyfish
134,owner,government - federal,0.7816,jellyfish
135,owner,government - federal,0.7413,jellyfish
136,owner,government - federal,0.6429,jellyfish
137,owner,government - federal,0.7447,jellyfish
138,owner,government - federal,0.7965,jellyfish
139,owner,government - federal,0.8040,jellyfish
140,owner,government - federal,0.8052,jellyfish
141,owner,government - federal,0.8049,jellyfish
142,owner,government - federal,0.8080,jellyfish
143,owner,government - federal,0.8058,jellyfish
144,owner,government - federal,0.7420,jellyfish
145,owner,proprietary,0.7951,jellyfish
146,owner,proprietary,0.7833,jellyfish
147,owner,Proprietary,0.6735,jellyfish
148,owner,proprietary,0.7977,jellyfish
149,owner,proprietary,0.7435,jellyfish
150,owner,proprietary,0.7844,jellyfish
151,owner,Proprietary,0.6740,jellyfish
152,owner,proprietary,0.7480,jellyfish
153,owner,proprietary,0.8010,jellyfish
154,owner,Proprietary,0.6870,jellyfish
155,owner,proprietary,0.7058,jellyfish
156,owner,proprietary,0.7630,jellyfish
157,owner,proprietary,0.8103,jellyfish
158,owner,"HCA Healthcare, Inc.",0.7121,jellyfish
159,owner,Proprietary,0.6579,jellyfish
160,owner,private,0.8076,jellyfish
161,owner,private,0.5293,jellyfish
162,owner,Proprietary,0.7589,jellyfish
163,owner,Proprietary,0.6224,jellyfish
164,owner,proprietary,0.7941,jellyfish
165,owner,Hartselle Healthcare System,0.7216,jellyfish
166,owner,proprietary,0.7935,jellyfish
167,owner,Proprietary,0.5680,jellyfish
168,owner,proprietary,0.8014,jellyfish
169,owner,Proprietary,0.7174,jellyfish
170,owner,government - hospital district or authority,0.8393,jellyfish
171,owner,government - hospital district or authority,0.8410,jellyfish
172,owner,government - hospital district or authority,0.7771,jellyfish
173,owner,government - hospital district or authority,0.8392,jellyfish
174,owner,government - hospital district or authority,0.8367,jellyfish
175,owner,government - hospital district or authority,0.8397,jellyfish
176,owner,government - hospital district or authority,0.7731,jellyfish
177,owner,government - hospital district or authority,0.7160,jellyfish
178,owner,government - hospital district or authority,0.6647,jellyfish
179,owner,government - hospital district or authority,0.8493,jellyfish
180,owner,government - hospital district or authority,0.8310,jellyfish
181,owner,government - hospital district or authority,0.6652,jellyfish
182,owner,government - hospital district or authority,0.8326,jellyfish
183,owner,government - hospital district or authority,0.8464,jellyfish
184,owner,government - hospital district or authority,0.7345,jellyfish
185,owner,government - hospital district or authority,0.6673,jellyfish
186,owner,government - hospital district or authority,0.8419,jellyfish
187,owner,government - hospital district or authority,0.7694,jellyfish
188,owner,government - hospital district or authority,0.8355,jellyfish
189,owner,government - hospital district or authority,0.8326,jellyfish
190,owner,government - hospital district or authority,0.7880,jellyfish
191,owner,government - hospital district or authority,0.8006,jellyfish
192,owner,government - hospital district or authority,0.8229,jellyfish
193,owner,government - hospital district or authority,0.8301,jellyfish
194,owner,government - hospital district or authority,0.8340,jellyfish
195,owner,voluntary non-profit - private,0.7336,jellyfish
196,owner,voluntary non-profit - private,0.7722,jellyfish
197,owner,voluntary non-profit - private,0.6933,jellyfish
198,owner,voluntary non-profit - private,0.6484,jellyfish
199,owner,voluntary non-profit - private,0.7521,jellyfish
200,owner,voluntary non-profit - private,0.7006,jellyfish
201,owner,voluntary non-profit - private,0.6774,jellyfish
202,owner,voluntary non-profit - private,0.7807,jellyfish
203,owner,voluntary non-profit - private,0.7726,jellyfish
204,owner,voluntary non-profit - private,0.8327,jellyfish
205,owner,voluntary non-profit - private,0.7674,jellyfish
206,owner,voluntary non-profit - church,0.7945,jellyfish
207,owner,voluntary non-profit - private,0.7390,jellyfish
208,owner,voluntary non-profit - private,0.7071,jellyfish
209,owner,voluntary non-profit - private,0.8270,jellyfish
210,owner,voluntary non-profit - private,0.6070,jellyfish
211,owner,voluntary non-profit - private,0.7630,jellyfish
212,owner,voluntary non-profit - private,0.6943,jellyfish
213,owner,voluntary non-profit - private hospital,0.6767,jellyfish
214,owner,voluntary non-profit - private hospital,0.7363,jellyfish
215,owner,voluntary non-profit - private,0.7647,jellyfish
216,owner,voluntary non-profit - private,0.6930,jellyfish
217,owner,voluntary non-profit - private,0.8196,jellyfish
218,owner,voluntary non-profit - private,0.7587,jellyfish
219,owner,voluntary nonprofit,0.8861,jellyfish
220,owner,voluntary non-profit,0.7181,jellyfish
221,owner,voluntary non-profit,0.8470,jellyfish
222,owner,non-profit,0.7679,jellyfish
223,owner,voluntary non-profit,0.8641,jellyfish
224,owner,voluntary non-profit - other than church,0.7514,jellyfish
225,owner,voluntary non-profit - other than church,0.8008,jellyfish
226,owner,voluntary non-profit - other than church,0.7753,jellyfish
227,owner,voluntary non-profit,0.8440,jellyfish
228,owner,voluntary non-profit,0.8177,jellyfish
229,owner,voluntary non-profit,0.7476,jellyfish
230,owner,voluntary non-profit,0.7400,jellyfish
231,owner,voluntary non-profit,0.8535,jellyfish
232,owner,voluntary non-profit,0.8290,jellyfish
233,owner,voluntary non-profit,0.8501,jellyfish
234,owner,voluntary non-profit - other than church,0.7899,jellyfish
235,owner,voluntary non-profit,0.8366,jellyfish
236,owner,voluntary non-profit - other than church,0.7678,jellyfish
237,owner,voluntary non-profit,0.8489,jellyfish
238,owner,voluntary non-profit,0.8412,jellyfish
239,owner,voluntary non-profit - church,0.7598,jellyfish
240,owner,voluntary non-profit - other than church,0.7493,jellyfish
241,owner,voluntary non-profit - other than church,0.7869,jellyfish
242,owner,voluntary non-profit - other than church,0.7731,jellyfish
243,owner,voluntary non-profit - other than church,0.7423,jellyfish
244,owner,voluntary non-profit,0.8149,jellyfish
245,owner,government - federal,0.5098,jellyfish
246,owner,government - federal,0.7350,jellyfish
247,owner,government - federal,0.7969,jellyfish
248,owner,government  Answer: government  ### Explanation:,0.6940,jellyfish
249,owner,government - federal,0.6605,jellyfish
250,owner,government - federal,0.7759,jellyfish
251,owner,government - federal,0.8134,jellyfish
252,owner,government - federal,0.8038,jellyfish
253,owner,government - federal,0.8236,jellyfish
254,owner,government - federal,0.6386,jellyfish
255,owner,government - federal,0.7862,jellyfish
256,owner,government - federal,0.6238,jellyfish
257,owner,government - federal,0.7747,jellyfish
258,owner,government - federal,0.8090,jellyfish
259,owner,government - federal,0.7986,jellyfish
260,owner,government - federal,0.8197,jellyfish
261,owner,government - federal,0.7948,jellyfish
262,owner,government - federal,0.7842,jellyfish
263,owner,government - federal,0.7940,jellyfish
264,owner,government - federal,0.7911,jellyfish
265,owner,government - federal,0.6502,jellyfish
266,owner,government - federal,0.7933,jellyfish
267,owner,government - federal,0.7913,jellyfish
268,owner,government - federal,0.6532,jellyfish
269,owner,government - federal,0.8084,jellyfish
270,owner,voluntary non-profit,0.7936,jellyfish
271,owner,voluntary non-profit - other than church,0.7522,jellyfish
272,owner,voluntary non-profit - other than church,0.7942,jellyfish
273,owner,voluntary non-profit,0.4957,jellyfish
274,owner,voluntary non-profit - other than church,0.7319,jellyfish
275,owner,voluntary non-profit - other than church,0.7775,jellyfish
276,owner,voluntary non-profit,0.7626,jellyfish
277,owner,voluntary non-profit,0.6738,jellyfish
278,owner,voluntary non-profit,0.8067,jellyfish
279,owner,voluntary non-profit - other than church,0.7582,jellyfish
280,owner,voluntary non-profit,0.6658,jellyfish
281,owner,voluntary non-profit,0.7140,jellyfish
282,owner,voluntary non-profit,0.8634,jellyfish
283,owner,voluntary non-profit,0.7325,jellyfish
284,owner,voluntary non-profit - other than church,0.7929,jellyfish
285,owner,voluntary non-profit,0.7981,jellyfish
286,owner,voluntary non-profit - other than church,0.7806,jellyfish
287,owner,voluntary non-profit,0.8065,jellyfish
288,owner,voluntary non-profit - other than church,0.5540,jellyfish
289,owner,voluntary non-profit - other than church,0.7508,jellyfish
290,owner,voluntary non-profit - other than church,0.7978,jellyfish
291,owner,voluntary non-profit - non-sectarian,0.7275,jellyfish
292,owner,voluntary non-profit,0.8339,jellyfish
293,owner,voluntary non-profit,0.7965,jellyfish
294,owner,voluntary non-profit,0.8326,jellyfish
295,owner,voluntary non-profit - private,0.7631,jellyfish
296,owner,voluntary non-profit - private,0.7644,jellyfish
297,owner,voluntary non-profit - private,0.7457,jellyfish
298,owner,voluntary non-profit - private,0.7074,jellyfish
299,owner,voluntary non-profit - private,0.7831,jellyfish
300,owner,voluntary non-profit - private,0.6914,jellyfish
301,owner,voluntary non-profit - private,0.6929,jellyfish
302,owner,voluntary non-profit - private,0.5913,jellyfish
303,owner,voluntary non-profit - private,0.7259,jellyfish
304,owner,voluntary non-profit - private,0.7316,jellyfish
305,owner,voluntary non-profit - private,0.7057,jellyfish
306,owner,voluntary non-profit - private,0.7653,jellyfish
307,owner,voluntary non-profit - private,0.8465,jellyfish
308,owner,voluntary non-profit - private,0.7049,jellyfish
309,owner,voluntary non-profit - private,0.7315,jellyfish
310,owner,voluntary non-profit - private,0.6820,jellyfish
311,owner,voluntary non-profit - private,0.7472,jellyfish
312,owner,Proprietary,0.7792,jellyfish
313,owner,Proprietary,0.7420,jellyfish
314,owner,private,0.7305,jellyfish
315,owner,Proprietary,0.5826,jellyfish
316,owner,Proprietary,0.5716,jellyfish
317,owner,Proprietary,0.6109,jellyfish
318,owner,proprietary,0.6966,jellyfish
319,owner,proprietary,0.7860,jellyfish
320,owner,proprietary,0.7654,jellyfish
321,owner,Proprietary,0.6332,jellyfish
322,owner,proprietary,0.8056,jellyfish
323,owner,Proprietary,0.6353,jellyfish
324,owner,proprietary,0.7936,jellyfish
325,owner,PROPRIETARY,0.6446,jellyfish
326,owner,proprietary,0.7932,jellyfish
327,owner,Proprietary,0.7430,jellyfish
328,owner,proprietary,0.5592,jellyfish
329,owner,private,0.7527,jellyfish
330,owner,Proprietary,0.4995,jellyfish
331,owner,proprietary,0.7642,jellyfish
332,owner,Proprietary,0.4838,jellyfish
333,owner,private,0.8014,jellyfish
334,owner,Proprietary,0.5065,jellyfish
335,owner,private,0.7483,jellyfish
336,owner,proprietary,0.7497,jellyfish
337,owner,Proprietary,0.7725,jellyfish
338,owner,private,0.6318,jellyfish
339,owner,private,0.6404,jellyfish
340,owner,private,0.5980,jellyfish
341,owner,proprietary,0.7763,jellyfish
342,owner,proprietary,0.7812,jellyfish
343,owner,private,0.7667,jellyfish
344,owner,proprietary,0.7920,jellyfish
345,owner,proprietary,0.7718,jellyfish
346,owner,proprietary,0.7898,jellyfish
347,owner,proprietary,0.7517,jellyfish
348,owner,Proprietary,0.5182,jellyfish
349,owner,voluntary non-profit,0.7845,jellyfish
350,owner,voluntary non-profit,0.7232,jellyfish
351,owner,voluntary non-profit - church,0.8426,jellyfish
352,owner,voluntary non-profit,0.7289,jellyfish
353,owner,voluntary non-profit,0.7878,jellyfish
354,owner,government - hospital district or authority,0.8081,jellyfish
355,owner,proprietary,0.7885,jellyfish
356,owner,proprietary,0.6567,jellyfish
357,owner,private,0.7345,jellyfish
358,owner,proprietary,0.8082,jellyfish
359,owner,proprietary,0.7894,jellyfish
360,owner,proprietary,0.7263,jellyfish
361,owner,private,0.6631,jellyfish
362,owner,private,0.7196,jellyfish
363,owner,Proprietary,0.7127,jellyfish
364,owner,private,0.5509,jellyfish
365,owner,proprietary,0.8066,jellyfish
366,owner,PROPRIETARY,0.7229,jellyfish
367,owner,proprietary,0.7628,jellyfish
368,owner,proprietary,0.7927,jellyfish
369,owner,Proprietary,0.6930,jellyfish
370,owner,proprietary,0.8062,jellyfish
371,owner,proprietary,0.7492,jellyfish
372,owner,proprietary,0.7939,jellyfish
373,owner,proprietary,0.7947,jellyfish
374,owner,proprietary,0.6152,jellyfish
375,owner,proprietary,0.7954,jellyfish
376,owner,proprietary,0.7982,jellyfish
377,owner,proprietary,0.7677,jellyfish
378,owner,proprietary,0.7662,jellyfish
379,owner,Proprietary,0.7133,jellyfish
380,owner,government - state,0.8084,jellyfish
381,owner,government - state,0.7927,jellyfish
382,owner,government - state,0.7849,jellyfish
383,owner,government - state,0.7180,jellyfish
384,owner,government - state,0.8028,jellyfish
385,owner,government - state,0.7919,jellyfish
386,owner,government - state,0.7607,jellyfish
387,owner,government - state,0.7359,jellyfish
388,owner,government - state,0.8328,jellyfish
389,owner,government - state,0.7858,jellyfish
390,owner,government - state,0.7201,jellyfish
391,owner,government - state,0.8035,jellyfish
392,owner,government - state,0.7315,jellyfish
393,owner,voluntary non-profit - private,0.7145,jellyfish
394,owner,non-profit - private,0.7795,jellyfish
395,owner,voluntary non-profit - private,0.7670,jellyfish
396,owner,voluntary non-profit - private,0.6224,jellyfish
397,owner,voluntary non-profit - private,0.7684,jellyfish
398,owner,voluntary non-profit - private,0.6436,jellyfish
399,owner,voluntary non-profit - private,0.7670,jellyfish
400,owner,voluntary non-profit - private,0.6481,jellyfish
401,owner,voluntary non-profit - church related,0.7527,jellyfish
402,owner,voluntary non-profit - private,0.7418,jellyfish
403,owner,voluntary non-profit - private,0.7558,jellyfish
404,owner,voluntary non-profit - private,0.7488,jellyfish
405,owner,voluntary non-profit - private,0.7310,jellyfish
406,owner,voluntary non-profit - private,0.6595,jellyfish
407,owner,voluntary non-profit - private,0.7076,jellyfish
408,owner,voluntary non-profit - private,0.7461,jellyfish
409,owner,voluntary non-profit - private,0.7312,jellyfish
410,owner,voluntary non-profit - nonfederal,0.8254,jellyfish
411,owner,voluntary non-profit - private,0.7161,jellyfish
412,owner,voluntary non-profit - private hospital system,0.6303,jellyfish
413,owner,proprietary,0.8140,jellyfish
414,owner,Proprietary,0.7031,jellyfish
415,owner,voluntary non-profit,0.7482,jellyfish
416,owner,voluntary non-profit,0.7729,jellyfish
417,owner,voluntary non-profit,0.7268,jellyfish
418,owner,voluntary non-profit,0.7813,jellyfish
419,owner,voluntary non-profit,0.8586,jellyfish
420,owner,voluntary non-profit - church,0.8366,jellyfish
421,owner,voluntary non-profit,0.7850,jellyfish
422,owner,voluntary non-profit,0.8463,jellyfish
423,owner,voluntary non-profit,0.7573,jellyfish
424,owner,voluntary non-profit - church,0.8368,jellyfish
425,owner,voluntary non-profit,0.8623,jellyfish
426,owner,voluntary non-profit,0.7947,jellyfish
427,owner,voluntary non-profit,0.7066,jellyfish
428,owner,voluntary non-profit,0.8510,jellyfish
429,owner,voluntary non-profit - church,0.8472,jellyfish
430,owner,voluntary non-profit,0.8639,jellyfish
431,owner,voluntary non-profit,0.8415,jellyfish
432,owner,voluntary non-profit,0.7802,jellyfish
433,owner,proprietary,0.8049,jellyfish
434,owner,proprietary,0.7931,jellyfish
435,owner,proprietary,0.7656,jellyfish
436,owner,proprietary,0.7720,jellyfish
437,owner,proprietary,0.7065,jellyfish
438,owner,proprietary,0.7756,jellyfish
439,owner,proprietary,0.8033,jellyfish
440,owner,proprietary,0.7965,jellyfish
441,owner,private,0.7223,jellyfish
442,owner,non-profit,0.7661,jellyfish
443,owner,Proprietary,0.7423,jellyfish
444,owner,proprietary,0.7515,jellyfish
445,owner,proprietary,0.8173,jellyfish
446,owner,proprietary,0.7498,jellyfish
447,owner,proprietary,0.7791,jellyfish
448,owner,proprietary,0.8100,jellyfish
449,owner,proprietary,0.7635,jellyfish
450,owner,PROPRIETARY,0.6204,jellyfish
451,owner,government - federal,0.7235,jellyfish
452,owner,government - federal,0.7179,jellyfish
453,owner,government - hospital district or authority,0.8502,jellyfish
454,owner,government hospital district or authority,0.7644,jellyfish
455,owner,government - hospital district or authority,0.8525,jellyfish
456,owner,government - hospital district or authority,0.8524,jellyfish
457,owner,government - hospital district authority,0.7787,jellyfish
458,owner,government - hospital district or authority,0.8478,jellyfish
459,owner,government - hospital district or authority,0.8264,jellyfish
460,owner,government - hospital district or authority,0.8224,jellyfish
461,owner,government - hospital district or authority,0.8488,jellyfish
462,owner,government - hospital district or authority,0.8476,jellyfish
463,owner,government - hospital district or authority,0.8281,jellyfish
464,owner,government - hospital district or authority,0.6576,jellyfish
465,owner,government - hospital district or authority,0.8516,jellyfish
466,owner,government hospital district or authority,0.7354,jellyfish
467,owner,government - hospital district or authority,0.8515,jellyfish
468,owner,government - hospital district or authority,0.8332,jellyfish
469,owner,government - hospital district or authority,0.8539,jellyfish
470,owner,government - hospital district or authority,0.6793,jellyfish
471,owner,government - hospital district or authority,0.8574,jellyfish
472,owner,government - hospital district or authority,0.8532,jellyfish
473,owner,government - hospital district or authority,0.8092,jellyfish
474,owner,government - hospital district or authority,0.6745,jellyfish
475,owner,government - hospital district or authority,0.6575,jellyfish
476,owner,government - hospital district or authority,0.8505,jellyfish
477,owner,government - hospital district or authority,0.6358,jellyfish
478,owner,government - hospital district or authority,0.8540,jellyfish
479,owner,government - hospital district or authority,0.8423,jellyfish
480,owner,government - hospital district or authority,0.8595,jellyfish
481,owner,government - hospital district or authority,0.7732,jellyfish
482,owner,government - hospital district or authority,0.8602,jellyfish
483,owner,government - hospital district or authority,0.8539,jellyfish
484,owner,government - hospital district or authority,0.8224,jellyfish
485,owner,government - hospital district or authority,0.6555,jellyfish
486,owner,government - hospital district or authority,0.8344,jellyfish
487,owner,government - hospital district or authority,0.8441,jellyfish
488,owner,government - hospital district or authority,0.8308,jellyfish
489,owner,government - hospital district or authority,0.7888,jellyfish
490,owner,government - hospital district or authority,0.8504,jellyfish
491,owner,government hospital district or authority,0.7125,jellyfish
492,owner,voluntary non-profit - private,0.6570,jellyfish
493,owner,voluntary non-profit - private,0.7734,jellyfish
494,owner,non-profit,0.7810,jellyfish
495,owner,voluntary non-profit - private,0.7459,jellyfish
496,owner,voluntary non-profit - private,0.7637,jellyfish
497,owner,voluntary non-profit - private,0.7504,jellyfish
498,owner,voluntary non-profit - private,0.7194,jellyfish
499,owner,voluntary non-profit - private,0.7673,jellyfish
500,owner,voluntary non-profit - private,0.7651,jellyfish
501,owner,voluntary non-profit - private,0.7722,jellyfish
502,owner,voluntary non-profit - private,0.8014,jellyfish
503,owner,voluntary non-profit - private,0.7459,jellyfish
504,owner,voluntary non-profit - private,0.7832,jellyfish
505,owner,voluntary non-profit - private,0.7590,jellyfish
506,owner,voluntary non-profit - private,0.7763,jellyfish
507,owner,non-profit,0.7794,jellyfish
508,owner,voluntary non-profit - private,0.7109,jellyfish
509,owner,voluntary non-profit - private,0.7638,jellyfish
510,owner,voluntary non-profit - private,0.6693,jellyfish
511,owner,voluntary non-profit - private,0.7432,jellyfish
512,owner,voluntary non-profit - private,0.6389,jellyfish
513,owner,voluntary non-profit - private,0.7538,jellyfish
514,owner,voluntary non-profit - private,0.6644,jellyfish
515,owner,voluntary non-profit - private,0.7403,jellyfish
516,owner,voluntary non-profit - private,0.7630,jellyfish
517,owner,voluntary non-profit,0.8260,jellyfish
518,owner,voluntary non-profit,0.6851,jellyfish
519,owner,voluntary non-profit - other than church,0.7968,jellyfish
520,owner,voluntary non-profit - other than church,0.7715,jellyfish
521,owner,voluntary non-profit,0.6403,jellyfish
522,owner,voluntary non-profit - other than church,0.7908,jellyfish
523,owner,voluntary non-profit,0.8311,jellyfish
524,owner,voluntary non-profit,0.7341,jellyfish
525,owner,voluntary non-profit,0.7861,jellyfish
526,owner,voluntary non-profit - other than church,0.8014,jellyfish
527,owner,voluntary non-profit - church,0.7450,jellyfish
528,owner,voluntary non-profit,0.6704,jellyfish
529,owner,voluntary non-profit - other than church,0.7996,jellyfish
530,owner,voluntary non-profit,0.7357,jellyfish
531,owner,voluntary non-profit,0.7842,jellyfish
532,owner,voluntary non-profit,0.8082,jellyfish
533,owner,voluntary non-profit,0.8613,jellyfish
534,owner,voluntary non-profit,0.7484,jellyfish
535,owner,voluntary non-profit - non-sectarian,0.7340,jellyfish
536,owner,voluntary non-profit - other than church,0.7768,jellyfish
537,owner,voluntary non-profit - other than church,0.7700,jellyfish
538,owner,voluntary non-profit - non-sectarian,0.8586,jellyfish
539,owner,voluntary non-profit - non-sectarian,0.6463,jellyfish
540,owner,voluntary non-profit - other than church,0.7652,jellyfish
541,owner,voluntary non-profit - non-sectarian,0.7194,jellyfish
542,owner,voluntary non-profit - private,0.6853,jellyfish
543,owner,voluntary non-profit - private,0.6745,jellyfish
544,owner,voluntary non-profit - private,0.7727,jellyfish
545,owner,voluntary non-profit - private,0.6395,jellyfish
546,owner,voluntary non-profit - other than private,0.7389,jellyfish
547,owner,voluntary non-profit - private,0.7768,jellyfish
548,owner,voluntary non-profit - private,0.6807,jellyfish
549,owner,voluntary non-profit - private,0.7722,jellyfish
550,owner,voluntary non-profit - private,0.6094,jellyfish
551,owner,voluntary non-profit - private,0.7610,jellyfish
552,owner,voluntary non-profit - private,0.7565,jellyfish
553,owner,voluntary non-profit - private,0.6381,jellyfish
554,owner,voluntary non-profit - private,0.6015,jellyfish
555,owner,voluntary non-profit - private,0.7501,jellyfish
556,owner,voluntary non-profit - private,0.7499,jellyfish
557,owner,voluntary non-profit - private,0.7622,jellyfish
558,owner,voluntary non-profit - private,0.7701,jellyfish
559,owner,voluntary non-profit - private,0.7524,jellyfish
560,owner,voluntary non-profit - private,0.6492,jellyfish
561,owner,voluntary non-profit,0.7949,jellyfish
562,owner,voluntary non-profit - private,0.7064,jellyfish
563,owner,voluntary non-profit - private hospital system,0.6683,jellyfish
564,owner,voluntary non-profit - private,0.7346,jellyfish
565,owner,voluntary non-profit - private,0.6823,jellyfish
566,owner,voluntary non-profit - private,0.6620,jellyfish
567,owner,voluntary non-profit - church,0.7622,jellyfish
568,owner,voluntary non-profit,0.7601,jellyfish
569,owner,voluntary non-profit - church,0.8365,jellyfish
570,owner,voluntary non-profit,0.7682,jellyfish
571,owner,voluntary non-profit - church,0.8548,jellyfish
572,owner,voluntary non-profit - church,0.8448,jellyfish
573,owner,voluntary non-profit - other,0.8195,jellyfish
574,owner,voluntary non-profit - church,0.8309,jellyfish
575,owner,voluntary non-profit,0.8506,jellyfish
576,owner,voluntary non-profit - church,0.8423,jellyfish
577,owner,voluntary non-profit,0.8474,jellyfish
578,owner,voluntary non-profit,0.7466,jellyfish
579,owner,voluntary non-profit - church,0.8495,jellyfish
580,owner,voluntary non-profit,0.7842,jellyfish
581,owner,voluntary non-profit,0.8481,jellyfish
582,owner,voluntary non-profit - church,0.8410,jellyfish
583,owner,voluntary non-profit - church,0.8183,jellyfish
584,owner,voluntary non-profit,0.8296,jellyfish
585,owner,voluntary non-profit - church affiliated,0.7992,jellyfish
586,owner,voluntary non-profit - church,0.8492,jellyfish
587,owner,voluntary non-profit,0.8012,jellyfish
588,owner,voluntary non-profit - church affiliated,0.7599,jellyfish
589,owner,voluntary non-profit hospital system,0.6186,jellyfish
590,owner,voluntary non-profit - church affiliated,0.8158,jellyfish
591,owner,voluntary non-profit,0.8551,jellyfish
592,owner,voluntary non-profit - church,0.8262,jellyfish
593,owner,voluntary non-profit,0.7693,jellyfish
594,owner,voluntary non-profit - church,0.7782,jellyfish
595,owner,voluntary non-profit - church,0.7975,jellyfish
596,owner,voluntary non-profit - church,0.7296,jellyfish
597,owner,voluntary non-profit,0.7774,jellyfish
598,owner,voluntary non-profit,0.8018,jellyfish
599,owner,voluntary non-profit,0.7590,jellyfish
600,owner,voluntary non-profit - church,0.7949,jellyfish
601,owner,voluntary non-profit - church related,0.7227,jellyfish
602,owner,voluntary non-profit - church,0.8197,jellyfish
603,owner,voluntary non-profit,0.7195,jellyfish
604,owner,voluntary non-profit - church,0.8161,jellyfish
605,owner,voluntary non-profit - church,0.8476,jellyfish
606,owner,voluntary non-profit - church,0.8147,jellyfish
607,owner,voluntary non-profit - church,0.8392,jellyfish
608,owner,voluntary non-profit,0.8311,jellyfish
609,owner,voluntary non-profit,0.7903,jellyfish
610,owner,voluntary non-profit - church,0.7299,jellyfish
611,owner,voluntary non-profit,0.7402,jellyfish
612,owner,voluntary non-profit - church,0.8227,jellyfish
613,owner,voluntary non-profit - church,0.7783,jellyfish
614,owner,voluntary non-profit - church,0.7687,jellyfish
615,owner,voluntary non-profit,0.7058,jellyfish
616,owner,voluntary non-profit,0.7622,jellyfish
617,owner,government - hospital district or authority,0.8489,jellyfish
618,owner,government - hospital district or authority,0.8478,jellyfish
619,owner,government - hospital district or authority,0.6579,jellyfish
620,owner,government - hospital district or authority,0.8494,jellyfish
621,owner,government - hospital district or authority,0.8504,jellyfish
622,owner,government - hospital district or authority,0.8463,jellyfish
623,owner,government - hospital district or authority,0.6725,jellyfish
624,owner,government - hospital district or authority,0.6739,jellyfish
625,owner,government - hospital district or authority,0.7718,jellyfish
626,owner,government - hospital district or authority,0.8588,jellyfish
627,owner,government - hospital district or authority,0.6707,jellyfish
628,owner,government - hospital district or authority,0.6654,jellyfish
629,owner,government - hospital district or authority,0.8298,jellyfish
630,owner,government - hospital district or authority,0.6685,jellyfish
631,owner,government - hospital district or authority,0.7755,jellyfish
632,owner,government - hospital district or authority,0.8502,jellyfish
633,owner,government - hospital district or authority,0.8466,jellyfish
634,owner,government - hospital district or authority,0.8315,jellyfish
635,owner,government hospital district or authority,0.6954,jellyfish
636,owner,government - hospital district or authority,0.8338,jellyfish
637,owner,government - hospital district or authority,0.6782,jellyfish
638,owner,government - hospital district or authority,0.8374,jellyfish
639,owner,government - hospital district or authority,0.8263,jellyfish
640,owner,government - hospital district or authority,0.6682,jellyfish
641,owner,government - hospital district or authority,0.8360,jellyfish
642,owner,government - local,0.7813,jellyfish
643,owner,government - local,0.7890,jellyfish
644,owner,government - local,0.8291,jellyfish
645,owner,government - local,0.7897,jellyfish
646,owner,government - local,0.5908,jellyfish
647,owner,government - local,0.7912,jellyfish
648,owner,government - local,0.6442,jellyfish
649,owner,government - local,0.7415,jellyfish
650,owner,government - local,0.7221,jellyfish
651,owner,government - local,0.7695,jellyfish
652,owner,government - local,0.7738,jellyfish
653,owner,government-owned,0.8117,jellyfish
654,owner,government - local,0.7722,jellyfish
655,owner,government - local,0.7882,jellyfish
656,owner,government - local,0.7776,jellyfish
657,owner,government - local,0.7309,jellyfish
658,owner,government - local,0.8179,jellyfish
659,owner,government - local,0.8054,jellyfish
660,owner,government - local,0.8164,jellyfish
661,owner,government - local,0.8151,jellyfish
662,owner,government - local,0.6948,jellyfish
663,owner,government - local,0.7809,jellyfish
664,owner,government - local,0.6426,jellyfish
665,owner,government - local,0.8121,jellyfish
666,owner,government - local,0.7850,jellyfish
667,owner,government - state,0.8188,jellyfish
668,owner,government - state,0.8031,jellyfish
669,owner,government - state,0.8131,jellyfish
670,owner,government - state,0.8192,jellyfish
671,owner,government - state,0.7592,jellyfish
672,owner,government - state,0.8062,jellyfish
673,owner,government - state,0.7967,jellyfish
674,owner,government - state,0.8014,jellyfish
675,owner,government - state,0.8083,jellyfish
676,owner,government - state,0.8201,jellyfish
677,owner,government - state,0.8079,jellyfish
678,owner,government - state,0.8084,jellyfish
679,owner,government - state,0.8129,jellyfish
680,owner,government - state,0.8281,jellyfish
681,owner,government - state,0.8107,jellyfish
682,owner,government - state,0.8064,jellyfish
683,owner,government - state,0.8104,jellyfish
684,owner,government - state,0.8268,jellyfish
685,owner,government - state,0.7628,jellyfish
686,owner,government - state,0.8135,jellyfish
687,owner,government - state,0.7448,jellyfish
688,owner,government - state,0.8123,jellyfish
689,owner,government - state,0.8216,jellyfish
690,owner,government - state,0.7986,jellyfish
691,owner,government - state,0.8078,jellyfish
692,owner,voluntary non-profit - private,0.8073,jellyfish
693,owner,voluntary non-profit - private,0.7235,jellyfish
694,owner,voluntary non-profit - private,0.7613,jellyfish
695,owner,voluntary non-profit - private,0.8066,jellyfish
696,owner,voluntary non-profit - private,0.7453,jellyfish
697,owner,voluntary non-profit - private,0.7111,jellyfish
698,owner,voluntary non-profit - private,0.6298,jellyfish
699,owner,voluntary non-profit - private,0.7121,jellyfish
700,owner,voluntary non-profit - private,0.6904,jellyfish
701,owner,voluntary non-profit - private,0.7915,jellyfish
702,owner,voluntary non-profit - private,0.7692,jellyfish
703,owner,voluntary non-profit - private,0.8130,jellyfish
704,owner,voluntary non-profit - private,0.7323,jellyfish
705,owner,voluntary non-profit - private,0.6413,jellyfish
706,owner,voluntary non-profit - private hospital system,0.7132,jellyfish
707,owner,voluntary non-profit - private,0.7652,jellyfish
708,owner,voluntary non-profit - private,0.8018,jellyfish
709,owner,voluntary non-profit - private,0.7705,jellyfish
710,owner,voluntary non-profit - private,0.7861,jellyfish
711,owner,voluntary non-profit - private,0.6482,jellyfish
712,owner,voluntary non-profit - private,0.6484,jellyfish
713,owner,voluntary non-profit - private,0.7223,jellyfish
714,owner,voluntary non-profit - private,0.6647,jellyfish
715,owner,voluntary non-profit - private,0.6208,jellyfish
716,owner,voluntary non-profit - private,0.7419,jellyfish
717,owner,government - hospital district or authority,0.8428,jellyfish
718,owner,government - hospital district or authority,0.8505,jellyfish
719,owner,government - hospital district or authority,0.8460,jellyfish
720,owner,government - hospital district or authority,0.7797,jellyfish
721,owner,government - hospital district or authority,0.8506,jellyfish
722,owner,government - hospital district or authority,0.6412,jellyfish
723,owner,government - hospital district or authority,0.6416,jellyfish
724,owner,government - hospital district or authority,0.8491,jellyfish
725,owner,government - hospital district or authority,0.8503,jellyfish
726,owner,government - hospital district or authority,0.8566,jellyfish
727,owner,government - hospital district or authority,0.8358,jellyfish
728,owner,government - hospital district or authority,0.8565,jellyfish
729,owner,government - hospital district or authority,0.8361,jellyfish
730,owner,government hospital district or authority,0.7334,jellyfish
731,owner,government - hospital district or authority,0.8403,jellyfish
732,owner,government - hospital district or authority,0.8562,jellyfish
733,owner,government - hospital district or authority,0.8508,jellyfish
734,owner,government - hospital district or authority,0.8239,jellyfish
735,owner,government - hospital district or authority,0.8000,jellyfish
736,owner,government - hospital district or authority,0.8320,jellyfish
737,owner,government - hospital district or authority,0.6258,jellyfish
738,owner,government - hospital district or authority,0.8291,jellyfish
739,owner,government - hospital district or authority,0.8140,jellyfish
740,owner,government - hospital district or authority,0.8425,jellyfish
741,owner,government - hospital district or authority,0.8219,jellyfish
742,owner,private,0.7212,jellyfish
743,owner,proprietory,0.6488,jellyfish
744,owner,Proprietary,0.5907,jellyfish
745,owner,private,0.7950,jellyfish
746,owner,PROVIDER-OWNED,0.6431,jellyfish
747,owner,Proprietary,0.7904,jellyfish
748,owner,Proprietary,0.6110,jellyfish
749,owner,Proprietary,0.7710,jellyfish
750,owner,Proprietary,0.6333,jellyfish
751,owner,Proprietary,0.7699,jellyfish
752,owner,proprietary,0.7688,jellyfish
753,owner,proprietary,0.8018,jellyfish
754,owner,proprietary,0.8042,jellyfish
755,owner,private,0.6175,jellyfish
756,owner,proprietory,0.7870,jellyfish
757,owner,Proprietary,0.6614,jellyfish
758,owner,Proprietary,0.7470,jellyfish
759,owner,Proprietary,0.7519,jellyfish
760,owner,proprietary,0.7465,jellyfish
761,owner,proprietary,0.8217,jellyfish
762,owner,proprietary,0.7837,jellyfish
763,owner,Proprietary,0.4951,jellyfish
764,owner,proprietary,0.8015,jellyfish
765,owner,Proprietary,0.7665,jellyfish
766,owner,Proprietary,0.7686,jellyfish
767,owner,Proprietary,0.6872,jellyfish
768,owner,proprietary,0.7370,jellyfish
769,owner,proprietary,0.8209,jellyfish
770,owner,proprietary,0.7888,jellyfish
771,owner,proprietary,0.7795,jellyfish
772,owner,Proprietary,0.7499,jellyfish
773,owner,proprietary,0.8051,jellyfish
774,owner,proprietary,0.7780,jellyfish
775,owner,government - hospital district or authority,0.6833,jellyfish
776,owner,government - hospital district or authority,0.8517,jellyfish
777,owner,government - hospital district or authority,0.7704,jellyfish
778,owner,government - hospital district or authority,0.8336,jellyfish
779,owner,government - hospital district or authority,0.8562,jellyfish
780,owner,government hospital district or authority,0.7478,jellyfish
781,owner,government hospital district or authority,0.7684,jellyfish
782,owner,government - hospital district or authority,0.8616,jellyfish
783,owner,government hospital district or authority,0.5596,jellyfish
784,owner,government - hospital district or authority,0.6585,jellyfish
785,owner,hospital district or authority,0.8543,jellyfish
786,owner,government - hospital district or authority,0.7682,jellyfish
787,owner,government - hospital district or authority,0.8554,jellyfish
788,owner,government - hospital district or authority,0.6727,jellyfish
789,owner,government - hospital district or authority,0.8608,jellyfish
790,owner,government - hospital district or authority,0.8544,jellyfish
791,owner,government - hospital district or authority,0.8621,jellyfish
792,owner,government - hospital district or authority,0.6859,jellyfish
793,owner,government - hospital district or authority,0.8614,jellyfish
794,owner,government - hospital district or authority,0.6683,jellyfish
795,owner,government - hospital district or authority,0.8011,jellyfish
796,owner,government - hospital district or authority,0.8547,jellyfish
797,owner,government - hospital district or authority,0.8275,jellyfish
798,owner,government - hospital district or authority,0.8421,jellyfish
799,owner,government - hospital district or authority,0.8079,jellyfish
800,owner,government - hospital district or authority,0.8051,jellyfish
801,owner,government - hospital district or authority,0.7179,jellyfish
802,owner,government - hospital district or authority,0.8320,jellyfish
803,owner,proprietary,0.6655,jellyfish
804,owner,proprietary,0.7599,jellyfish
805,owner,proprietary,0.8084,jellyfish
806,owner,Proprietary,0.5895,jellyfish
807,owner,Proprietary,0.7495,jellyfish
808,owner,proprietary,0.8026,jellyfish
809,owner,proprietary,0.7939,jellyfish
810,owner,proprietary,0.7970,jellyfish
811,owner,proprietary,0.8124,jellyfish
812,owner,Proprietary,0.7721,jellyfish
813,owner,proprietary,0.8016,jellyfish
814,owner,Proprietary,0.7976,jellyfish
815,owner,Proprietary,0.7533,jellyfish
816,owner,proprietary,0.7868,jellyfish
817,owner,proprietary,0.7801,jellyfish
818,owner,PROPRIETARY,0.7660,jellyfish
819,owner,proprietary,0.7864,jellyfish
820,owner,proprietary,0.7868,jellyfish
821,owner,proprietary,0.6514,jellyfish
822,owner,proprietary,0.7787,jellyfish
823,owner,proprietary,0.7497,jellyfish
824,owner,Proprietary,0.6364,jellyfish
825,owner,proprietary,0.7692,jellyfish
826,owner,Proprietary,0.7808,jellyfish
827,owner,Proprietary,0.6437,jellyfish
828,owner,voluntary non-profit - private,0.7834,jellyfish
829,owner,voluntary non-profit - private,0.6554,jellyfish
830,owner,voluntary non-profit - private,0.7314,jellyfish
831,owner,voluntary non-profit - private,0.6859,jellyfish
832,owner,voluntary non-profit - private,0.7995,jellyfish
833,owner,voluntary non-profit - private,0.7619,jellyfish
834,owner,voluntary non-profit - private,0.6751,jellyfish
835,owner,voluntary non-profit - private,0.8032,jellyfish
836,owner,voluntary non-profit - private,0.7786,jellyfish
837,owner,voluntary non-profit - private,0.7738,jellyfish
838,owner,voluntary non-profit - private,0.7985,jellyfish
839,owner,voluntary non-profit - private,0.7024,jellyfish
840,owner,voluntary non-profit - private,0.6900,jellyfish
841,owner,voluntary non-profit - private,0.7860,jellyfish
842,owner,voluntary non-profit - private,0.7667,jellyfish
843,owner,voluntary non-profit - private,0.6149,jellyfish
844,owner,voluntary non-profit - private,0.6917,jellyfish
845,owner,voluntary non-profit - private,0.7677,jellyfish
846,owner,voluntary non-profit - private,0.7943,jellyfish
847,owner,"volunteer health services, inc. - private not-for-profit system",0.6490,jellyfish
848,owner,voluntary non-profit - private,0.7620,jellyfish
849,owner,voluntary non-profit - private,0.7354,jellyfish
850,owner,voluntary non-profit - private,0.7242,jellyfish
851,owner,voluntary non-profit - private,0.7550,jellyfish
852,owner,voluntary non-profit - private,0.7367,jellyfish
853,owner,voluntary non-profit - private,0.6726,jellyfish
854,owner,voluntary non-profit - private,0.6750,jellyfish
855,owner,voluntary non-profit - private,0.7755,jellyfish
856,owner,voluntary non-profit - private,0.6627,jellyfish
857,owner,voluntary non-profit - private,0.7953,jellyfish
858,owner,voluntary non-profit - private,0.6896,jellyfish
859,owner,voluntary non-profit - private,0.7768,jellyfish
860,owner,voluntary non-profit - private,0.7838,jellyfish
861,owner,voluntary non-profit - private,0.6348,jellyfish
862,owner,voluntary non-profit - private,0.7885,jellyfish
863,owner,voluntary non-profit - private,0.6242,jellyfish
864,owner,voluntary non-profit - private,0.7826,jellyfish
865,owner,voluntary non-profit - private,0.7793,jellyfish
866,owner,voluntary non-profit - private,0.7693,jellyfish
867,owner,voluntary non-profit - private,0.6530,jellyfish
868,owner,voluntary non-profit - private,0.7682,jellyfish
869,owner,non-profit,0.7679,jellyfish
870,owner,voluntary non-profit - private,0.7608,jellyfish
871,owner,voluntary non-profit - private,0.7601,jellyfish
872,owner,voluntary non-profit - private,0.7730,jellyfish
873,owner,voluntary non-profit - private,0.7007,jellyfish
874,owner,voluntary non-profit - private,0.7706,jellyfish
875,owner,voluntary non-profit - private,0.7617,jellyfish
876,owner,voluntary non-profit - private,0.7817,jellyfish
877,owner,voluntary non-profit - private,0.7623,jellyfish
878,owner,voluntary non-profit,0.7720,jellyfish
879,owner,voluntary non-profit,0.7796,jellyfish
880,owner,voluntary non-profit,0.8353,jellyfish
881,owner,voluntary non-profit,0.6994,jellyfish
882,owner,voluntary non-profit - church,0.8358,jellyfish
883,owner,voluntary non-profit - church,0.8239,jellyfish
884,owner,voluntary non-profit,0.7260,jellyfish
885,owner,voluntary non-profit,0.7905,jellyfish
886,owner,voluntary non-profit,0.7767,jellyfish
887,owner,voluntary non-profit,0.6727,jellyfish
888,owner,voluntary non-profit,0.7911,jellyfish
889,owner,voluntary non-profit,0.8440,jellyfish
890,owner,voluntary non-profit - church,0.8019,jellyfish
891,owner,voluntary non-profit,0.7508,jellyfish
892,owner,voluntary non-profit - church,0.8323,jellyfish
893,owner,voluntary non-profit,0.8477,jellyfish
894,owner,voluntary non-profit,0.8460,jellyfish
895,owner,voluntary non-profit,0.8369,jellyfish
896,owner,voluntary non-profit - church affiliated,0.7334,jellyfish
897,owner,voluntary non-profit,0.7867,jellyfish
898,owner,voluntary non-profit - church affiliated,0.7825,jellyfish
899,owner,voluntary non-profit - church,0.7967,jellyfish
900,owner,voluntary non-profit - church,0.8368,jellyfish
901,owner,voluntary non-profit,0.7144,jellyfish
902,owner,voluntary non-profit - church affiliated,0.7519,jellyfish
903,owner,proprietary,0.8209,jellyfish
904,owner,private,0.7360,jellyfish
905,owner,proprietary,0.8042,jellyfish
906,owner,Proprietary,0.5263,jellyfish
907,owner,Proprietary,0.7160,jellyfish
908,owner,proprietary,0.7746,jellyfish
909,owner,proprietary,0.7591,jellyfish
910,owner,Proprietary,0.6632,jellyfish
911,owner,proprietary,0.8003,jellyfish
912,owner,proprietary,0.7206,jellyfish
913,owner,proprietary,0.7904,jellyfish
914,owner,proprietary,0.7754,jellyfish
915,owner,proprietary,0.7927,jellyfish
916,owner,proprietary,0.7970,jellyfish
917,owner,proprietary,0.8018,jellyfish
918,owner,proprietary,0.7518,jellyfish
919,owner,proprietary,0.7676,jellyfish
920,owner,proprietary,0.7180,jellyfish
921,owner,Proprietary,0.4863,jellyfish
922,owner,private,0.7254,jellyfish
923,owner,proprietary,0.8109,jellyfish
924,owner,proprietary,0.8069,jellyfish
925,owner,proprietary,0.8037,jellyfish
926,owner,Proprietary,0.7619,jellyfish
927,owner,proprietary,0.7672,jellyfish
928,owner,proprietary,0.8050,jellyfish
929,owner,proprietary,0.7434,jellyfish
930,owner,Proprietary,0.3885,jellyfish
931,owner,voluntary non-profit - private,0.7823,jellyfish
932,owner,voluntary non-profit - private,0.7323,jellyfish
933,owner,voluntary non-profit - private,0.7018,jellyfish
934,owner,voluntary non-profit - private,0.7378,jellyfish
935,owner,voluntary non-profit - private,0.7580,jellyfish
936,owner,voluntary non-profit - private,0.7243,jellyfish
937,owner,voluntary non-profit - private,0.6459,jellyfish
938,owner,voluntary non-profit - private,0.6727,jellyfish
939,owner,voluntary non-profit - private,0.6419,jellyfish
940,owner,voluntary non-profit - private,0.7488,jellyfish
941,owner,voluntary non-profit - private,0.7030,jellyfish
942,owner,voluntary non-profit - private,0.5976,jellyfish
943,owner,voluntary non-profit - private,0.7517,jellyfish
944,owner,voluntary non-profit - private,0.6976,jellyfish
945,owner,voluntary non-profit - private,0.7505,jellyfish
946,owner,voluntary non-profit - other than parent,0.5587,jellyfish
947,owner,voluntary non-profit - private,0.7784,jellyfish
948,owner,voluntary non-profit - private,0.7511,jellyfish
949,owner,voluntary non-profit - private,0.7340,jellyfish
950,owner,voluntary non-profit - private,0.7366,jellyfish
951,owner,voluntary non-profit - private,0.7482,jellyfish
952,owner,voluntary non-profit - private,0.6674,jellyfish
953,owner,voluntary non-profit - private,0.7188,jellyfish
954,owner,voluntary non-profit - private,0.6892,jellyfish
955,owner,voluntary non-profit - private,0.7320,jellyfish
956,owner,private,0.7352,jellyfish
957,owner,private,0.7766,jellyfish
958,owner,Proprietary,0.6705,jellyfish
959,owner,proprietary,0.7397,jellyfish
960,owner,Proprietary,0.7410,jellyfish
961,owner,proprietary,0.7626,jellyfish
962,owner,private,0.7906,jellyfish
963,owner,private,0.6024,jellyfish
964,owner,proprietary,0.8040,jellyfish
965,owner,proprietary,0.8037,jellyfish
966,owner,proprietary,0.7360,jellyfish
967,owner,Proprietary,0.6032,jellyfish
968,owner,proprietary,0.7121,jellyfish
969,owner,private,0.7400,jellyfish
970,owner,proprietary,0.7859,jellyfish
971,owner,proprietary,0.7849,jellyfish
972,owner,private,0.5742,jellyfish
973,owner,Proprietary,0.7179,jellyfish
974,owner,proprietary,0.7845,jellyfish
975,owner,Proprietary,0.6648,jellyfish
976,owner,proprietary,0.6913,jellyfish
977,owner,proprietary,0.8007,jellyfish
978,owner,proprietary,0.7586,jellyfish
979,owner,proprietary,0.6668,jellyfish
980,owner,proprietary,0.7832,jellyfish
981,owner,voluntary non-profit - private,0.7193,jellyfish
982,owner,voluntary non-profit - private,0.7563,jellyfish
983,owner,voluntary non-profit - private,0.6843,jellyfish
984,owner,voluntary non-profit - private,0.6972,jellyfish
985,owner,voluntary non-profit - private,0.7447,jellyfish
986,owner,voluntary non-profit - private,0.7230,jellyfish
987,owner,voluntary non-profit - private,0.7314,jellyfish
988,owner,voluntary non-profit - church,0.7599,jellyfish
989,owner,voluntary non-profit - nonfederal,0.7835,jellyfish
990,owner,voluntary non-profit - private,0.7569,jellyfish
991,owner,voluntary non-profit - private,0.7232,jellyfish
992,owner,voluntary non-profit - church,0.8061,jellyfish
993,owner,voluntary non-profit - private,0.7395,jellyfish
994,owner,voluntary non-profit - private system,0.7711,jellyfish
995,owner,voluntary non-profit - private,0.7475,jellyfish
996,owner,voluntary non-profit - church,0.8124,jellyfish
997,owner,voluntary non-profit - church related,0.7648,jellyfish
998,owner,voluntary non-profit - nonfederal,0.7659,jellyfish
999,owner,voluntary non-profit - private,0.7234,jellyfish
1000,owner,voluntary non-profit - private,0.6397,jellyfish
1,emergency_service,yes,0.7553,jellyfish
2,emergency_service,yes,0.7604,jellyfish
3,emergency_service,yes,0.7475,jellyfish
4,emergency_service,yes,0.8261,jellyfish
5,emergency_service,yes,0.8259,jellyfish
6,emergency_service,yes,0.8084,jellyfish
7,emergency_service,yes,0.7677,jellyfish
8,emergency_service,yes,0.7594,jellyfish
9,emergency_service,yes,0.7640,jellyfish
10,emergency_service,yes,0.6372,jellyfish
11,emergency_service,yes,0.7477,jellyfish
12,emergency_service,yes,0.7796,jellyfish
13,emergency_service,yes,0.7420,jellyfish
14,emergency_service,yes,0.7790,jellyfish
15,emergency_service,yes,0.7541,jellyfish
16,emergency_service,yes,0.7774,jellyfish
17,emergency_service,yes,0.7671,jellyfish
18,emergency_service,yes,0.8263,jellyfish
19,emergency_service,yes,0.7657,jellyfish
20,emergency_service,yes,0.7084,jellyfish
21,emergency_service,yes,0.7379,jellyfish
22,emergency_service,yes,0.7425,jellyfish
23,emergency_service,yes,0.7734,jellyfish
24,emergency_service,yes,0.5884,jellyfish
25,emergency_service,yes,0.7843,jellyfish
26,emergency_service,yes,0.7591,jellyfish
27,emergency_service,yes,0.7391,jellyfish
28,emergency_service,yes,0.8241,jellyfish
29,emergency_service,yes,0.8288,jellyfish
30,emergency_service,yes,0.7826,jellyfish
31,emergency_service,yes,0.7817,jellyfish
32,emergency_service,yes,0.7288,jellyfish
33,emergency_service,yes,0.7682,jellyfish
34,emergency_service,yes,0.7770,jellyfish
35,emergency_service,yes,0.7976,jellyfish
36,emergency_service,yes,0.6841,jellyfish
37,emergency_service,yes,0.7721,jellyfish
38,emergency_service,yes,0.7767,jellyfish
39,emergency_service,yes,0.6642,jellyfish
40,emergency_service,yes,0.7819,jellyfish
41,emergency_service,yes,0.7555,jellyfish
42,emergency_service,yes,0.7996,jellyfish
43,emergency_service,yes,0.7903,jellyfish
44,emergency_service,yes,0.7847,jellyfish
45,emergency_service,yes,0.7438,jellyfish
46,emergency_service,yes,0.7781,jellyfish
47,emergency_service,yes,0.8228,jellyfish
48,emergency_service,yes,0.7545,jellyfish
49,emergency_service,yes,0.7648,jellyfish
50,emergency_service,yes,0.7456,jellyfish
51,emergency_service,yes,0.6445,jellyfish
52,emergency_service,yes Answer: yes,0.6438,jellyfish
53,emergency_service,yes,0.8210,jellyfish
54,emergency_service,yes,0.7827,jellyfish
55,emergency_service,yes,0.6357,jellyfish
56,emergency_service,yes,0.7429,jellyfish
57,emergency_service,yes,0.7627,jellyfish
58,emergency_service,yes,0.7304,jellyfish
59,emergency_service,yes,0.7826,jellyfish
60,emergency_service,yes,0.7134,jellyfish
61,emergency_service,yes,0.7510,jellyfish
62,emergency_service,yes,0.7684,jellyfish
63,emergency_service,yes,0.8336,jellyfish
64,emergency_service,yes,0.7881,jellyfish
65,emergency_service,yes,0.7854,jellyfish
66,emergency_service,yes,0.8375,jellyfish
67,emergency_service,yes,0.7655,jellyfish
68,emergency_service,yes,0.7841,jellyfish
69,emergency_service,yes,0.8316,jellyfish
70,emergency_service,yes,0.7594,jellyfish
71,emergency_service,yes,0.6927,jellyfish
72,emergency_service,yes,0.6824,jellyfish
73,emergency_service,yes,0.5888,jellyfish
74,emergency_service,yes,0.8278,jellyfish
75,emergency_service,yes,0.7647,jellyfish
76,emergency_service,yes,0.7280,jellyfish
77,emergency_service,yes,0.7517,jellyfish
78,emergency_service,yes,0.7257,jellyfish
79,emergency_service,yes,0.7274,jellyfish
80,emergency_service,yes,0.6817,jellyfish
81,emergency_service,yes,0.6926,jellyfish
82,emergency_service,yes,0.8314,jellyfish
83,emergency_service,yes,0.6771,jellyfish
84,emergency_service,yes,0.7076,jellyfish
85,emergency_service,yes,0.7228,jellyfish
86,emergency_service,yes,0.7622,jellyfish
87,emergency_service,yes,0.7807,jellyfish
88,emergency_service,yes,0.7768,jellyfish
89,emergency_service,yes,0.7759,jellyfish
90,emergency_service,yes,0.7910,jellyfish
91,emergency_service,yes,0.7549,jellyfish
92,emergency_service,yes,0.7593,jellyfish
93,emergency_service,yes,0.7816,jellyfish
94,emergency_service,yes,0.7754,jellyfish
95,emergency_service,yes,0.6711,jellyfish
96,emergency_service,yes,0.3970,jellyfish
97,emergency_service,yes,0.7882,jellyfish
98,emergency_service,yes,0.7578,jellyfish
99,emergency_service,yes,0.7266,jellyfish
100,emergency_service,yes,0.6545,jellyfish
101,emergency_service,yes,0.7156,jellyfish
102,emergency_service,yes,0.6850,jellyfish
103,emergency_service,yes,0.6593,jellyfish
104,emergency_service,yes,0.6733,jellyfish
105,emergency_service,yes,0.5448,jellyfish
106,emergency_service,yes,0.3299,jellyfish
107,emergency_service,yes,0.4064,jellyfish
108,emergency_service,yes,0.6843,jellyfish
109,emergency_service,yes,0.7482,jellyfish
110,emergency_service,yes,0.4501,jellyfish
111,emergency_service,yes,0.3717,jellyfish
112,emergency_service,yes,0.7188,jellyfish
113,emergency_service,yes,0.7317,jellyfish
114,emergency_service,yes,0.3649,jellyfish
115,emergency_service,yes,0.7286,jellyfish
116,emergency_service,yes,0.7466,jellyfish
117,emergency_service,yes,0.6551,jellyfish
118,emergency_service,yes,0.7676,jellyfish
119,emergency_service,yes,0.7547,jellyfish
120,emergency_service,yes,0.7610,jellyfish
121,emergency_service,yes,0.7268,jellyfish
122,emergency_service,yes,0.7362,jellyfish
123,emergency_service,yes,0.3536,jellyfish
124,emergency_service,yes,0.7262,jellyfish
125,emergency_service,yes,0.8211,jellyfish
126,emergency_service,yes,0.6778,jellyfish
127,emergency_service,yes,0.7620,jellyfish
128,emergency_service,yes,0.7606,jellyfish
129,emergency_service,yes,0.7731,jellyfish
130,emergency_service,yes,0.7335,jellyfish
131,emergency_service,yes,0.5165,jellyfish
132,emergency_service,yes,0.7789,jellyfish
133,emergency_service,yes,0.4181,jellyfish
134,emergency_service,yes,0.7533,jellyfish
135,emergency_service,yes,0.6838,jellyfish
136,emergency_service,yes,0.7540,jellyfish
137,emergency_service,yes,0.7617,jellyfish
138,emergency_service,yes,0.8198,jellyfish
139,emergency_service,yes,0.8232,jellyfish
140,emergency_service,yes,0.7673,jellyfish
141,emergency_service,yes,0.6775,jellyfish
142,emergency_service,yes,0.7849,jellyfish
143,emergency_service,yes,0.7686,jellyfish
144,emergency_service,yes,0.7965,jellyfish
145,emergency_service,yes,0.8238,jellyfish
146,emergency_service,yes,0.7726,jellyfish
147,emergency_service,yes,0.7903,jellyfish
148,emergency_service,yes,0.3206,jellyfish
149,emergency_service,yes,0.7327,jellyfish
150,emergency_service,yes,0.6998,jellyfish
151,emergency_service,yes,0.7742,jellyfish
152,emergency_service,yes,0.7744,jellyfish
153,emergency_service,yes,0.7102,jellyfish
154,emergency_service,yes,0.7716,jellyfish
155,emergency_service,yes,0.3586,jellyfish
156,emergency_service,yes,0.7037,jellyfish
157,emergency_service,yes,0.8295,jellyfish
158,emergency_service,yes,0.6175,jellyfish
159,emergency_service,yes,0.7347,jellyfish
160,emergency_service,yes,0.4777,jellyfish
161,emergency_service,yes,0.8050,jellyfish
162,emergency_service,yes,0.7930,jellyfish
163,emergency_service,yes,0.8205,jellyfish
164,emergency_service,yes,0.8313,jellyfish
165,emergency_service,yes,0.7158,jellyfish
166,emergency_service,yes,0.8363,jellyfish
167,emergency_service,yes,0.8129,jellyfish
168,emergency_service,yes,0.7784,jellyfish
169,emergency_service,yes,0.8079,jellyfish
170,emergency_service,yes,0.7045,jellyfish
171,emergency_service,yes,0.7406,jellyfish
172,emergency_service,yes,0.7615,jellyfish
173,emergency_service,yes,0.7237,jellyfish
174,emergency_service,yes,0.7352,jellyfish
175,emergency_service,yes,0.8269,jellyfish
176,emergency_service,yes,0.7572,jellyfish
177,emergency_service,yes,0.7499,jellyfish
178,emergency_service,yes,0.6984,jellyfish
179,emergency_service,yes,0.8259,jellyfish
180,emergency_service,yes,0.7411,jellyfish
181,emergency_service,yes,0.6918,jellyfish
182,emergency_service,yes,0.7654,jellyfish
183,emergency_service,yes,0.6125,jellyfish
184,emergency_service,yes,0.7589,jellyfish
185,emergency_service,yes,0.7444,jellyfish
186,emergency_service,yes,0.7727,jellyfish
187,emergency_service,yes,0.7562,jellyfish
188,emergency_service,yes,0.7742,jellyfish
189,emergency_service,yes,0.8240,jellyfish
190,emergency_service,yes,0.6755,jellyfish
191,emergency_service,yes,0.7824,jellyfish
192,emergency_service,yes,0.7724,jellyfish
193,emergency_service,yes,0.8297,jellyfish
194,emergency_service,yes,0.7831,jellyfish
195,emergency_service,yes,0.7803,jellyfish
196,emergency_service,yes,0.7786,jellyfish
197,emergency_service,yes,0.7755,jellyfish
198,emergency_service,yes,0.7657,jellyfish
199,emergency_service,yes,0.6906,jellyfish
200,emergency_service,yes,0.8324,jellyfish
201,emergency_service,yes,0.7576,jellyfish
202,emergency_service,yes,0.7764,jellyfish
203,emergency_service,yes,0.7825,jellyfish
204,emergency_service,yes,0.7899,jellyfish
205,emergency_service,yes,0.7508,jellyfish
206,emergency_service,yes,0.7360,jellyfish
207,emergency_service,yes,0.7693,jellyfish
208,emergency_service,yes,0.6993,jellyfish
209,emergency_service,yes,0.6882,jellyfish
210,emergency_service,yes,0.7317,jellyfish
211,emergency_service,yes,0.7648,jellyfish
212,emergency_service,yes,0.7361,jellyfish
213,emergency_service,yes,0.8283,jellyfish
214,emergency_service,yes,0.8305,jellyfish
215,emergency_service,yes,0.7744,jellyfish
216,emergency_service,yes,0.7706,jellyfish
217,emergency_service,yes,0.7557,jellyfish
218,emergency_service,yes,0.7721,jellyfish
219,emergency_service,yes,0.7955,jellyfish
220,emergency_service,yes,0.7267,jellyfish
221,emergency_service,yes,0.7601,jellyfish
222,emergency_service,yes,0.7877,jellyfish
223,emergency_service,yes,0.2894,jellyfish
224,emergency_service,yes,0.7758,jellyfish
225,emergency_service,yes,0.7729,jellyfish
226,emergency_service,yes,0.7788,jellyfish
227,emergency_service,yes,0.6282,jellyfish
228,emergency_service,yes,0.7896,jellyfish
229,emergency_service,yes,0.7004,jellyfish
230,emergency_service,yes,0.8188,jellyfish
231,emergency_service,yes,0.7255,jellyfish
232,emergency_service,yes,0.7730,jellyfish
233,emergency_service,yes,0.7694,jellyfish
234,emergency_service,yes,0.7390,jellyfish
235,emergency_service,yes,0.7468,jellyfish
236,emergency_service,yes,0.7846,jellyfish
237,emergency_service,yes,0.7888,jellyfish
238,emergency_service,yes,0.7754,jellyfish
239,emergency_service,yes,0.7852,jellyfish
240,emergency_service,yes,0.8378,jellyfish
241,emergency_service,yes,0.8356,jellyfish
242,emergency_service,yes,0.8318,jellyfish
243,emergency_service,yes,0.7510,jellyfish
244,emergency_service,yes,0.8296,jellyfish
245,emergency_service,yes,0.7362,jellyfish
246,emergency_service,yes,0.7615,jellyfish
247,emergency_service,yes,0.7667,jellyfish
248,emergency_service,yes,0.7897,jellyfish
249,emergency_service,yes,0.7840,jellyfish
250,emergency_service,yes,0.7742,jellyfish
251,emergency_service,yes,0.7613,jellyfish
252,emergency_service,yes,0.7628,jellyfish
253,emergency_service,yes,0.7632,jellyfish
254,emergency_service,yes,0.7790,jellyfish
255,emergency_service,yes,0.7440,jellyfish
256,emergency_service,yes,0.6918,jellyfish
257,emergency_service,yes,0.8423,jellyfish
258,emergency_service,yes,0.7619,jellyfish
259,emergency_service,yes,0.8180,jellyfish
260,emergency_service,yes,0.7459,jellyfish
261,emergency_service,yes,0.6447,jellyfish
262,emergency_service,yes,0.8028,jellyfish
263,emergency_service,yes,0.7377,jellyfish
264,emergency_service,yes,0.7581,jellyfish
265,emergency_service,yes,0.6586,jellyfish
266,emergency_service,yes,0.7576,jellyfish
267,emergency_service,yes,0.7630,jellyfish
268,emergency_service,yes,0.8113,jellyfish
269,emergency_service,yes,0.8268,jellyfish
270,emergency_service,yes,0.7853,jellyfish
271,emergency_service,yes,0.7818,jellyfish
272,emergency_service,yes,0.8245,jellyfish
273,emergency_service,yes,0.7750,jellyfish
274,emergency_service,yes,0.7365,jellyfish
275,emergency_service,yes,0.8085,jellyfish
276,emergency_service,yes,0.8271,jellyfish
277,emergency_service,yes,0.6771,jellyfish
278,emergency_service,yes,0.7743,jellyfish
279,emergency_service,yes,0.7371,jellyfish
280,emergency_service,yes,0.7191,jellyfish
281,emergency_service,yes,0.7216,jellyfish
282,emergency_service,yes,0.7849,jellyfish
283,emergency_service,yes,0.7349,jellyfish
284,emergency_service,yes,0.8270,jellyfish
285,emergency_service,yes,0.7714,jellyfish
286,emergency_service,yes,0.5900,jellyfish
287,emergency_service,yes,0.7597,jellyfish
288,emergency_service,yes,0.7265,jellyfish
289,emergency_service,yes,0.7032,jellyfish
290,emergency_service,yes,0.7299,jellyfish
291,emergency_service,yes,0.8522,jellyfish
292,emergency_service,yes,0.7742,jellyfish
293,emergency_service,yes,0.8203,jellyfish
294,emergency_service,yes,0.8060,jellyfish
295,emergency_service,yes,0.7705,jellyfish
296,emergency_service,yes,0.8089,jellyfish
297,emergency_service,yes,0.8326,jellyfish
298,emergency_service,yes,0.6876,jellyfish
299,emergency_service,yes,0.7489,jellyfish
300,emergency_service,yes,0.7409,jellyfish
301,emergency_service,yes,0.7181,jellyfish
302,emergency_service,yes,0.7773,jellyfish
303,emergency_service,yes,0.7949,jellyfish
304,emergency_service,yes,0.8281,jellyfish
305,emergency_service,yes,0.4208,jellyfish
306,emergency_service,yes,0.7541,jellyfish
307,emergency_service,yes,0.7625,jellyfish
308,emergency_service,yes,0.7524,jellyfish
309,emergency_service,yes,0.7915,jellyfish
310,emergency_service,yes,0.7280,jellyfish
311,emergency_service,yes,0.7394,jellyfish
312,emergency_service,yes,0.7624,jellyfish
313,emergency_service,yes,0.7660,jellyfish
314,emergency_service,yes,0.7461,jellyfish
315,emergency_service,yes,0.5611,jellyfish
316,emergency_service,yes,0.5918,jellyfish
317,emergency_service,yes,0.7425,jellyfish
318,emergency_service,yes,0.7670,jellyfish
319,emergency_service,yes,0.6602,jellyfish
320,emergency_service,yes,0.7507,jellyfish
321,emergency_service,yes,0.7392,jellyfish
322,emergency_service,yes,0.7689,jellyfish
323,emergency_service,yes,0.7767,jellyfish
324,emergency_service,yes,0.6121,jellyfish
325,emergency_service,yes,0.7440,jellyfish
326,emergency_service,yes,0.8342,jellyfish
327,emergency_service,yes,0.7873,jellyfish
328,emergency_service,yes,0.5557,jellyfish
329,emergency_service,yes,0.7920,jellyfish
330,emergency_service,yes,0.7467,jellyfish
331,emergency_service,yes,0.8411,jellyfish
332,emergency_service,yes,0.7611,jellyfish
333,emergency_service,yes,0.7301,jellyfish
334,emergency_service,yes,0.8108,jellyfish
335,emergency_service,yes,0.7706,jellyfish
336,emergency_service,yes,0.8015,jellyfish
337,emergency_service,yes,0.7531,jellyfish
338,emergency_service,yes,0.8239,jellyfish
339,emergency_service,yes,0.7601,jellyfish
340,emergency_service,yes,0.7671,jellyfish
341,emergency_service,yes,0.8406,jellyfish
342,emergency_service,yes,0.7787,jellyfish
343,emergency_service,yes,0.7175,jellyfish
344,emergency_service,yes,0.7366,jellyfish
345,emergency_service,yes,0.7364,jellyfish
346,emergency_service,yes,0.8316,jellyfish
347,emergency_service,yes,0.7890,jellyfish
348,emergency_service,yes,0.8065,jellyfish
349,emergency_service,yes,0.7809,jellyfish
350,emergency_service,yes,0.7553,jellyfish
351,emergency_service,yes Answer: yes,0.6496,jellyfish
352,emergency_service,yes,0.7040,jellyfish
353,emergency_service,yes,0.6678,jellyfish
354,emergency_service,yes,0.8195,jellyfish
355,emergency_service,yes,0.7573,jellyfish
356,emergency_service,yes,0.6489,jellyfish
357,emergency_service,yes,0.7951,jellyfish
358,emergency_service,yes,0.7393,jellyfish
359,emergency_service,yes,0.7300,jellyfish
360,emergency_service,yes,0.6010,jellyfish
361,emergency_service,yes,0.6110,jellyfish
362,emergency_service,yes,0.7652,jellyfish
363,emergency_service,yes,0.7862,jellyfish
364,emergency_service,yes,0.8208,jellyfish
365,emergency_service,yes,0.7657,jellyfish
366,emergency_service,yes,0.6464,jellyfish
367,emergency_service,yes,0.7949,jellyfish
368,emergency_service,yes,0.6139,jellyfish
369,emergency_service,yes,0.7739,jellyfish
370,emergency_service,yes,0.7732,jellyfish
371,emergency_service,yes,0.7414,jellyfish
372,emergency_service,yes,0.8027,jellyfish
373,emergency_service,yes,0.7782,jellyfish
374,emergency_service,yes,0.7818,jellyfish
375,emergency_service,yes,0.7457,jellyfish
376,emergency_service,yes,0.7756,jellyfish
377,emergency_service,yes,0.8326,jellyfish
378,emergency_service,yes,0.7681,jellyfish
379,emergency_service,yes,0.8374,jellyfish
380,emergency_service,yes,0.7032,jellyfish
381,emergency_service,yes,0.8268,jellyfish
382,emergency_service,yes,0.7797,jellyfish
383,emergency_service,yes,0.7492,jellyfish
384,emergency_service,yes,0.7838,jellyfish
385,emergency_service,yes,0.7585,jellyfish
386,emergency_service,yes,0.8255,jellyfish
387,emergency_service,yes,0.7169,jellyfish
388,emergency_service,yes,0.7852,jellyfish
389,emergency_service,yes,0.7605,jellyfish
390,emergency_service,yes Answer: yes,0.6455,jellyfish
391,emergency_service,yes,0.8178,jellyfish
392,emergency_service,yes,0.7685,jellyfish
393,emergency_service,yes,0.7537,jellyfish
394,emergency_service,yes,0.7588,jellyfish
395,emergency_service,yes,0.7535,jellyfish
396,emergency_service,yes,0.8098,jellyfish
397,emergency_service,yes,0.6513,jellyfish
398,emergency_service,yes,0.7739,jellyfish
399,emergency_service,yes,0.7881,jellyfish
400,emergency_service,yes,0.7653,jellyfish
401,emergency_service,yes,0.8309,jellyfish
402,emergency_service,yes,0.7816,jellyfish
403,emergency_service,yes,0.6789,jellyfish
404,emergency_service,yes,0.7696,jellyfish
405,emergency_service,yes,0.7698,jellyfish
406,emergency_service,yes,0.7697,jellyfish
407,emergency_service,yes,0.7356,jellyfish
408,emergency_service,yes,0.5088,jellyfish
409,emergency_service,yes,0.7601,jellyfish
410,emergency_service,yes,0.8372,jellyfish
411,emergency_service,yes Answer: yes,0.6351,jellyfish
412,emergency_service,yes,0.8365,jellyfish
413,emergency_service,yes,0.7838,jellyfish
414,emergency_service,yes,0.8492,jellyfish
415,emergency_service,yes,0.7483,jellyfish
416,emergency_service,yes,0.6704,jellyfish
417,emergency_service,yes,0.5189,jellyfish
418,emergency_service,yes,0.7307,jellyfish
419,emergency_service,YXo,0.5078,jellyfish
420,emergency_service,yes,0.7453,jellyfish
421,emergency_service,yes,0.6563,jellyfish
422,emergency_service,yes,0.7227,jellyfish
423,emergency_service,yes,0.6865,jellyfish
424,emergency_service,yes,0.6366,jellyfish
425,emergency_service,yes,0.7434,jellyfish
426,emergency_service,yes,0.7583,jellyfish
427,emergency_service,yes,0.6330,jellyfish
428,emergency_service,yes,0.7667,jellyfish
429,emergency_service,yes,0.6765,jellyfish
430,emergency_service,yes,0.5703,jellyfish
431,emergency_service,yes,0.7061,jellyfish
432,emergency_service,yes,0.6741,jellyfish
433,emergency_service,yes,0.7785,jellyfish
434,emergency_service,yes,0.7786,jellyfish
435,emergency_service,yes,0.8005,jellyfish
436,emergency_service,yes,0.6836,jellyfish
437,emergency_service,yes,0.8331,jellyfish
438,emergency_service,yes,0.7597,jellyfish
439,emergency_service,yes,0.7647,jellyfish
440,emergency_service,yes,0.7508,jellyfish
441,emergency_service,yes,0.7524,jellyfish
442,emergency_service,yes,0.7632,jellyfish
443,emergency_service,yes,0.7822,jellyfish
444,emergency_service,yes,0.8007,jellyfish
445,emergency_service,yes,0.7698,jellyfish
446,emergency_service,yes,0.7859,jellyfish
447,emergency_service,yes,0.8124,jellyfish
448,emergency_service,yes,0.7855,jellyfish
449,emergency_service,yes,0.8286,jellyfish
450,emergency_service,yes,0.7785,jellyfish
451,emergency_service,yes,0.7395,jellyfish
452,emergency_service,yes,0.6607,jellyfish
453,emergency_service,yes,0.7029,jellyfish
454,emergency_service,yes,0.8376,jellyfish
455,emergency_service,yes,0.7230,jellyfish
456,emergency_service,yes,0.7608,jellyfish
457,emergency_service,yes,0.7862,jellyfish
458,emergency_service,yes,0.6522,jellyfish
459,emergency_service,yes,0.5747,jellyfish
460,emergency_service,yes,0.7614,jellyfish
461,emergency_service,yes,0.8183,jellyfish
462,emergency_service,yes,0.7619,jellyfish
463,emergency_service,yes,0.7596,jellyfish
464,emergency_service,yes,0.7702,jellyfish
465,emergency_service,yes,0.7869,jellyfish
466,emergency_service,yes,0.7372,jellyfish
467,emergency_service,yes,0.7762,jellyfish
468,emergency_service,yes,0.7061,jellyfish
469,emergency_service,yes,0.7747,jellyfish
470,emergency_service,yes,0.5820,jellyfish
471,emergency_service,yes,0.5244,jellyfish
472,emergency_service,yes,0.8215,jellyfish
473,emergency_service,yes,0.7170,jellyfish
474,emergency_service,yes,0.7497,jellyfish
475,emergency_service,yes,0.7803,jellyfish
476,emergency_service,yes,0.8211,jellyfish
477,emergency_service,yes,0.7693,jellyfish
478,emergency_service,yes,0.5754,jellyfish
479,emergency_service,yes,0.8200,jellyfish
480,emergency_service,yes,0.7941,jellyfish
481,emergency_service,yes,0.6978,jellyfish
482,emergency_service,yes,0.7661,jellyfish
483,emergency_service,yes,0.7918,jellyfish
484,emergency_service,yes,0.7376,jellyfish
485,emergency_service,yes,0.6844,jellyfish
486,emergency_service,yes,0.7810,jellyfish
487,emergency_service,yes,0.7749,jellyfish
488,emergency_service,yes,0.8171,jellyfish
489,emergency_service,yes,0.8298,jellyfish
490,emergency_service,yes,0.7920,jellyfish
491,emergency_service,yes,0.7519,jellyfish
492,emergency_service,yes,0.8208,jellyfish
493,emergency_service,yes Answer: yes,0.7494,jellyfish
494,emergency_service,yes,0.7808,jellyfish
495,emergency_service,yes,0.7819,jellyfish
496,emergency_service,yes,0.7222,jellyfish
497,emergency_service,yes,0.7974,jellyfish
498,emergency_service,yes,0.6119,jellyfish
499,emergency_service,yes,0.7748,jellyfish
500,emergency_service,yes,0.7290,jellyfish
501,emergency_service,yes,0.7812,jellyfish
502,emergency_service,yes,0.7539,jellyfish
503,emergency_service,yes,0.7662,jellyfish
504,emergency_service,yes,0.7741,jellyfish
505,emergency_service,yes,0.7715,jellyfish
506,emergency_service,yes,0.7476,jellyfish
507,emergency_service,yes,0.8177,jellyfish
508,emergency_service,yes,0.7405,jellyfish
509,emergency_service,yes,0.7798,jellyfish
510,emergency_service,yes,0.7654,jellyfish
511,emergency_service,yes,0.7883,jellyfish
512,emergency_service,yes,0.7187,jellyfish
513,emergency_service,yes,0.8292,jellyfish
514,emergency_service,yes,0.8377,jellyfish
515,emergency_service,yes,0.8253,jellyfish
516,emergency_service,yes,0.7724,jellyfish
517,emergency_service,yes,0.7044,jellyfish
518,emergency_service,yes,0.7474,jellyfish
519,emergency_service,yes,0.7749,jellyfish
520,emergency_service,yes,0.5958,jellyfish
521,emergency_service,yes,0.6954,jellyfish
522,emergency_service,yes Answer: yes,0.6294,jellyfish
523,emergency_service,yes,0.7048,jellyfish
524,emergency_service,yes,0.7007,jellyfish
525,emergency_service,yes,0.7663,jellyfish
526,emergency_service,yes,0.7883,jellyfish
527,emergency_service,yes,0.7514,jellyfish
528,emergency_service,yes,0.8059,jellyfish
529,emergency_service,yes,0.7639,jellyfish
530,emergency_service,yes,0.7395,jellyfish
531,emergency_service,yes,0.7861,jellyfish
532,emergency_service,yes,0.7371,jellyfish
533,emergency_service,yes,0.8528,jellyfish
534,emergency_service,yes,0.8266,jellyfish
535,emergency_service,yes,0.8038,jellyfish
536,emergency_service,yes,0.7871,jellyfish
537,emergency_service,yes Answer: yes,0.5989,jellyfish
538,emergency_service,yes,0.8302,jellyfish
539,emergency_service,yes,0.7734,jellyfish
540,emergency_service,yes,0.7730,jellyfish
541,emergency_service,yes,0.7769,jellyfish
542,emergency_service,yes,0.7828,jellyfish
543,emergency_service,yes,0.7577,jellyfish
544,emergency_service,yes,0.8340,jellyfish
545,emergency_service,yes,0.7773,jellyfish
546,emergency_service,yes,0.8262,jellyfish
547,emergency_service,yes,0.7300,jellyfish
548,emergency_service,yes,0.7211,jellyfish
549,emergency_service,yes,0.7617,jellyfish
550,emergency_service,yes,0.7396,jellyfish
551,emergency_service,yes,0.7734,jellyfish
552,emergency_service,yes,0.7698,jellyfish
553,emergency_service,yes,0.7477,jellyfish
554,emergency_service,yes,0.8286,jellyfish
555,emergency_service,yes,0.7661,jellyfish
556,emergency_service,yes,0.7636,jellyfish
557,emergency_service,yes,0.7271,jellyfish
558,emergency_service,yes,0.7797,jellyfish
559,emergency_service,yes,0.7743,jellyfish
560,emergency_service,yes,0.7632,jellyfish
561,emergency_service,yes,0.7602,jellyfish
562,emergency_service,yes,0.7753,jellyfish
563,emergency_service,yes,0.6866,jellyfish
564,emergency_service,yes,0.8353,jellyfish
565,emergency_service,yes,0.4658,jellyfish
566,emergency_service,yes,0.8369,jellyfish
567,emergency_service,yes,0.5996,jellyfish
568,emergency_service,yes,0.7635,jellyfish
569,emergency_service,yes,0.7389,jellyfish
570,emergency_service,yes,0.7588,jellyfish
571,emergency_service,yes,0.7847,jellyfish
572,emergency_service,yes,0.7422,jellyfish
573,emergency_service,yes,0.8175,jellyfish
574,emergency_service,yes,0.5430,jellyfish
575,emergency_service,yes,0.7722,jellyfish
576,emergency_service,yes,0.7828,jellyfish
577,emergency_service,yes,0.7659,jellyfish
578,emergency_service,yes,0.6305,jellyfish
579,emergency_service,yes,0.7217,jellyfish
580,emergency_service,yes,0.7256,jellyfish
581,emergency_service,yes,0.8264,jellyfish
582,emergency_service,yes,0.7633,jellyfish
583,emergency_service,yes,0.7779,jellyfish
584,emergency_service,yes,0.8328,jellyfish
585,emergency_service,yes,0.8222,jellyfish
586,emergency_service,yes,0.8161,jellyfish
587,emergency_service,yes,0.6931,jellyfish
588,emergency_service,yes,0.6411,jellyfish
589,emergency_service,yes,0.7771,jellyfish
590,emergency_service,yes,0.7307,jellyfish
591,emergency_service,yes,0.7833,jellyfish
592,emergency_service,yes,0.8217,jellyfish
593,emergency_service,yes,0.7812,jellyfish
594,emergency_service,yes,0.7564,jellyfish
595,emergency_service,yes,0.6865,jellyfish
596,emergency_service,yes,0.6006,jellyfish
597,emergency_service,yes,0.7655,jellyfish
598,emergency_service,yes,0.7623,jellyfish
599,emergency_service,yes,0.7510,jellyfish
600,emergency_service,yes,0.7541,jellyfish
601,emergency_service,yes,0.6624,jellyfish
602,emergency_service,yes,0.6626,jellyfish
603,emergency_service,yes,0.7816,jellyfish
604,emergency_service,yes,0.8255,jellyfish
605,emergency_service,yes,0.7838,jellyfish
606,emergency_service,yes,0.7485,jellyfish
607,emergency_service,yes,0.7024,jellyfish
608,emergency_service,yes,0.3621,jellyfish
609,emergency_service,yes,0.6753,jellyfish
610,emergency_service,yes,0.8273,jellyfish
611,emergency_service,yes,0.7765,jellyfish
612,emergency_service,yes,0.7713,jellyfish
613,emergency_service,yes,0.8110,jellyfish
614,emergency_service,yes,0.7113,jellyfish
615,emergency_service,yes,0.7395,jellyfish
616,emergency_service,yes,0.8038,jellyfish
617,emergency_service,yes,0.7793,jellyfish
618,emergency_service,yes,0.6482,jellyfish
619,emergency_service,yes,0.8362,jellyfish
620,emergency_service,yes,0.7678,jellyfish
621,emergency_service,yes,0.7037,jellyfish
622,emergency_service,yes,0.7780,jellyfish
623,emergency_service,yes,0.7703,jellyfish
624,emergency_service,yes,0.7738,jellyfish
625,emergency_service,yes,0.7871,jellyfish
626,emergency_service,yes,0.7660,jellyfish
627,emergency_service,yes,0.7333,jellyfish
628,emergency_service,yes,0.7330,jellyfish
629,emergency_service,yes,0.6948,jellyfish
630,emergency_service,yes,0.7302,jellyfish
631,emergency_service,yes,0.7730,jellyfish
632,emergency_service,yes,0.8100,jellyfish
633,emergency_service,yes,0.7602,jellyfish
634,emergency_service,yes,0.7635,jellyfish
635,emergency_service,yes,0.8015,jellyfish
636,emergency_service,yes,0.8178,jellyfish
637,emergency_service,yes,0.8273,jellyfish
638,emergency_service,yes,0.8224,jellyfish
639,emergency_service,yes,0.8266,jellyfish
640,emergency_service,yes,0.7772,jellyfish
641,emergency_service,yes,0.8310,jellyfish
642,emergency_service,yes,0.4887,jellyfish
643,emergency_service,yes,0.6915,jellyfish
644,emergency_service,yes,0.7872,jellyfish
645,emergency_service,yes,0.7689,jellyfish
646,emergency_service,yes,0.7309,jellyfish
647,emergency_service,yes,0.5487,jellyfish
648,emergency_service,yes,0.7270,jellyfish
649,emergency_service,yes,0.7333,jellyfish
650,emergency_service,yes,0.7092,jellyfish
651,emergency_service,yes,0.6906,jellyfish
652,emergency_service,yes,0.7101,jellyfish
653,emergency_service,yes,0.6585,jellyfish
654,emergency_service,basic life support,0.6908,jellyfish
655,emergency_service,yes,0.7507,jellyfish
656,emergency_service,yes,0.6846,jellyfish
657,emergency_service,yes,0.6126,jellyfish
658,emergency_service,yes,0.6628,jellyfish
659,emergency_service,yes,0.7534,jellyfish
660,emergency_service,yes,0.7759,jellyfish
661,emergency_service,yes,0.7643,jellyfish
662,emergency_service,yes,0.7569,jellyfish
663,emergency_service,yes,0.6275,jellyfish
664,emergency_service,yes,0.7413,jellyfish
665,emergency_service,yes,0.7737,jellyfish
666,emergency_service,yes,0.6505,jellyfish
667,emergency_service,yes,0.6991,jellyfish
668,emergency_service,yes,0.7530,jellyfish
669,emergency_service,yes,0.7840,jellyfish
670,emergency_service,yes,0.7595,jellyfish
671,emergency_service,yes,0.7638,jellyfish
672,emergency_service,yes,0.7776,jellyfish
673,emergency_service,yes,0.8049,jellyfish
674,emergency_service,yes,0.6162,jellyfish
675,emergency_service,yes,0.7692,jellyfish
676,emergency_service,yes,0.7235,jellyfish
677,emergency_service,yes,0.7641,jellyfish
678,emergency_service,yes,0.7507,jellyfish
679,emergency_service,yes,0.8259,jellyfish
680,emergency_service,yes,0.7576,jellyfish
681,emergency_service,yes,0.7527,jellyfish
682,emergency_service,yes,0.7479,jellyfish
683,emergency_service,yes,0.7327,jellyfish
684,emergency_service,yes,0.8376,jellyfish
685,emergency_service,yes,0.7171,jellyfish
686,emergency_service,yes,0.8288,jellyfish
687,emergency_service,yes,0.7655,jellyfish
688,emergency_service,yes,0.6888,jellyfish
689,emergency_service,yes,0.8337,jellyfish
690,emergency_service,yes,0.7570,jellyfish
691,emergency_service,yes,0.7580,jellyfish
692,emergency_service,yes,0.6318,jellyfish
693,emergency_service,yes,0.6963,jellyfish
694,emergency_service,yes,0.7727,jellyfish
695,emergency_service,yes,0.5066,jellyfish
696,emergency_service,yes,0.6383,jellyfish
697,emergency_service,yes,0.7718,jellyfish
698,emergency_service,yes,0.7638,jellyfish
699,emergency_service,yes,0.7478,jellyfish
700,emergency_service,yes,0.7982,jellyfish
701,emergency_service,yes,0.7078,jellyfish
702,emergency_service,yes,0.6880,jellyfish
703,emergency_service,yes,0.2767,jellyfish
704,emergency_service,yes,0.6109,jellyfish
705,emergency_service,yes,0.6774,jellyfish
706,emergency_service,yes,0.7098,jellyfish
707,emergency_service,yes,0.6996,jellyfish
708,emergency_service,yes,0.7801,jellyfish
709,emergency_service,yes,0.6898,jellyfish
710,emergency_service,yes,0.6969,jellyfish
711,emergency_service,yes,0.7242,jellyfish
712,emergency_service,yes,0.7801,jellyfish
713,emergency_service,yes,0.7497,jellyfish
714,emergency_service,yes,0.7715,jellyfish
715,emergency_service,yes,0.7322,jellyfish
716,emergency_service,yes,0.7673,jellyfish
717,emergency_service,yes,0.8098,jellyfish
718,emergency_service,yes,0.7334,jellyfish
719,emergency_service,yes,0.8305,jellyfish
720,emergency_service,yes,0.7725,jellyfish
721,emergency_service,yes,0.7791,jellyfish
722,emergency_service,yes,0.7755,jellyfish
723,emergency_service,yes,0.7516,jellyfish
724,emergency_service,yes,0.7616,jellyfish
725,emergency_service,yes,0.7171,jellyfish
726,emergency_service,yes,0.7515,jellyfish
727,emergency_service,yes,0.7737,jellyfish
728,emergency_service,yes,0.7178,jellyfish
729,emergency_service,yes,0.8318,jellyfish
730,emergency_service,yes,0.6235,jellyfish
731,emergency_service,yes,0.7760,jellyfish
732,emergency_service,yes,0.7398,jellyfish
733,emergency_service,yes,0.4429,jellyfish
734,emergency_service,yes,0.7731,jellyfish
735,emergency_service,yes,0.6896,jellyfish
736,emergency_service,yes,0.7706,jellyfish
737,emergency_service,yes,0.7956,jellyfish
738,emergency_service,yes,0.7835,jellyfish
739,emergency_service,yes,0.7891,jellyfish
740,emergency_service,yes,0.7868,jellyfish
741,emergency_service,yes,0.6908,jellyfish
742,emergency_service,yes,0.4185,jellyfish
743,emergency_service,yes,0.7548,jellyfish
744,emergency_service,yes,0.7019,jellyfish
745,emergency_service,yes,0.7661,jellyfish
746,emergency_service,yes,0.6846,jellyfish
747,emergency_service,yes,0.7098,jellyfish
748,emergency_service,yes,0.6597,jellyfish
749,emergency_service,yes,0.7498,jellyfish
750,emergency_service,yes,0.6489,jellyfish
751,emergency_service,yes,0.7705,jellyfish
752,emergency_service,yes,0.6886,jellyfish
753,emergency_service,yes,0.7443,jellyfish
754,emergency_service,yes,0.7162,jellyfish
755,emergency_service,yes,0.7138,jellyfish
756,emergency_service,yes,0.8294,jellyfish
757,emergency_service,yes,0.5813,jellyfish
758,emergency_service,yes,0.6279,jellyfish
759,emergency_service,yes,0.7304,jellyfish
760,emergency_service,yes,0.6081,jellyfish
761,emergency_service,yes,0.7286,jellyfish
762,emergency_service,yes,0.6816,jellyfish
763,emergency_service,yes,0.6989,jellyfish
764,emergency_service,yes,0.6020,jellyfish
765,emergency_service,yes,0.7160,jellyfish
766,emergency_service,yes,0.6974,jellyfish
767,emergency_service,yes,0.6056,jellyfish
768,emergency_service,yes,0.7707,jellyfish
769,emergency_service,yes,0.7917,jellyfish
770,emergency_service,yes,0.7864,jellyfish
771,emergency_service,yes,0.2696,jellyfish
772,emergency_service,yes,0.8087,jellyfish
773,emergency_service,yes,0.8258,jellyfish
774,emergency_service,yes,0.8115,jellyfish
775,emergency_service,yes,0.8158,jellyfish
776,emergency_service,yes,0.7570,jellyfish
777,emergency_service,yes,0.7807,jellyfish
778,emergency_service,yes,0.7214,jellyfish
779,emergency_service,yes,0.7613,jellyfish
780,emergency_service,yes,0.8329,jellyfish
781,emergency_service,yes,0.7283,jellyfish
782,emergency_service,yes,0.7860,jellyfish
783,emergency_service,yes,0.7718,jellyfish
784,emergency_service,yes,0.7444,jellyfish
785,emergency_service,yes,0.7104,jellyfish
786,emergency_service,yes,0.7661,jellyfish
787,emergency_service,yes,0.7659,jellyfish
788,emergency_service,yes,0.5817,jellyfish
789,emergency_service,yes,0.7573,jellyfish
790,emergency_service,yes,0.8254,jellyfish
791,emergency_service,yes,0.7895,jellyfish
792,emergency_service,yes,0.7723,jellyfish
793,emergency_service,yes,0.7317,jellyfish
794,emergency_service,yes,0.6811,jellyfish
795,emergency_service,yes,0.7789,jellyfish
796,emergency_service,yes,0.7673,jellyfish
797,emergency_service,yes,0.7538,jellyfish
798,emergency_service,yes,0.6835,jellyfish
799,emergency_service,yes,0.7727,jellyfish
800,emergency_service,yes,0.8318,jellyfish
801,emergency_service,yes,0.8263,jellyfish
802,emergency_service,yes,0.6995,jellyfish
803,emergency_service,yes,0.7082,jellyfish
804,emergency_service,yes,0.6975,jellyfish
805,emergency_service,yes,0.8355,jellyfish
806,emergency_service,yes,0.7414,jellyfish
807,emergency_service,yes,0.7673,jellyfish
808,emergency_service,yes,0.7555,jellyfish
809,emergency_service,yes,0.7365,jellyfish
810,emergency_service,yes,0.6883,jellyfish
811,emergency_service,yes,0.8252,jellyfish
812,emergency_service,yes,0.7605,jellyfish
813,emergency_service,yes,0.5110,jellyfish
814,emergency_service,yes,0.7337,jellyfish
815,emergency_service,yes,0.7636,jellyfish
816,emergency_service,yes,0.7351,jellyfish
817,emergency_service,yes,0.7746,jellyfish
818,emergency_service,yes,0.7592,jellyfish
819,emergency_service,yes,0.7499,jellyfish
820,emergency_service,yes,0.7360,jellyfish
821,emergency_service,yes,0.7393,jellyfish
822,emergency_service,yes,0.7388,jellyfish
823,emergency_service,yes,0.7772,jellyfish
824,emergency_service,yes,0.8372,jellyfish
825,emergency_service,yes,0.7999,jellyfish
826,emergency_service,yes,0.8268,jellyfish
827,emergency_service,yes,0.7768,jellyfish
828,emergency_service,yes,0.7466,jellyfish
829,emergency_service,yes,0.7232,jellyfish
830,emergency_service,yes,0.7660,jellyfish
831,emergency_service,yes,0.7652,jellyfish
832,emergency_service,yes,0.7502,jellyfish
833,emergency_service,yes,0.8232,jellyfish
834,emergency_service,yes,0.7734,jellyfish
835,emergency_service,yes,0.7886,jellyfish
836,emergency_service,yes,0.8297,jellyfish
837,emergency_service,yes,0.7356,jellyfish
838,emergency_service,yes,0.7414,jellyfish
839,emergency_service,yes,0.6933,jellyfish
840,emergency_service,yes,0.7944,jellyfish
841,emergency_service,yes,0.6659,jellyfish
842,emergency_service,yes,0.7828,jellyfish
843,emergency_service,yes,0.7921,jellyfish
844,emergency_service,yes,0.7627,jellyfish
845,emergency_service,yes,0.7700,jellyfish
846,emergency_service,yes,0.7854,jellyfish
847,emergency_service,yes,0.7649,jellyfish
848,emergency_service,yes,0.7532,jellyfish
849,emergency_service,yes,0.7628,jellyfish
850,emergency_service,yes,0.7590,jellyfish
851,emergency_service,yes,0.7741,jellyfish
852,emergency_service,yes,0.8416,jellyfish
853,emergency_service,yes,0.7376,jellyfish
854,emergency_service,yes,0.6915,jellyfish
855,emergency_service,yes,0.7744,jellyfish
856,emergency_service,yes,0.6858,jellyfish
857,emergency_service,yes,0.7652,jellyfish
858,emergency_service,yes,0.7733,jellyfish
859,emergency_service,yes,0.7178,jellyfish
860,emergency_service,yes,0.7123,jellyfish
861,emergency_service,yes,0.8199,jellyfish
862,emergency_service,yes,0.7366,jellyfish
863,emergency_service,yes,0.6543,jellyfish
864,emergency_service,yes,0.7557,jellyfish
865,emergency_service,yes,0.7372,jellyfish
866,emergency_service,yes,0.7804,jellyfish
867,emergency_service,yes Answer: yes,0.6575,jellyfish
868,emergency_service,yes,0.6769,jellyfish
869,emergency_service,yes,0.7780,jellyfish
870,emergency_service,yes,0.8094,jellyfish
871,emergency_service,yes,0.7488,jellyfish
872,emergency_service,yes,0.7852,jellyfish
873,emergency_service,yes,0.7187,jellyfish
874,emergency_service,yes,0.7993,jellyfish
875,emergency_service,yes,0.7376,jellyfish
876,emergency_service,yes,0.7825,jellyfish
877,emergency_service,yes,0.7747,jellyfish
878,emergency_service,yes,0.6912,jellyfish
879,emergency_service,yes,0.7384,jellyfish
880,emergency_service,yes,0.8059,jellyfish
881,emergency_service,yes,0.7342,jellyfish
882,emergency_service,yes,0.7708,jellyfish
883,emergency_service,yes,0.7610,jellyfish
884,emergency_service,yes,0.8127,jellyfish
885,emergency_service,yes,0.7725,jellyfish
886,emergency_service,yes,0.7763,jellyfish
887,emergency_service,yes,0.7748,jellyfish
888,emergency_service,yes,0.7362,jellyfish
889,emergency_service,yes,0.7701,jellyfish
890,emergency_service,yes,0.8129,jellyfish
891,emergency_service,yes,0.7785,jellyfish
892,emergency_service,yes,0.7494,jellyfish
893,emergency_service,yes,0.7477,jellyfish
894,emergency_service,yes,0.7037,jellyfish
895,emergency_service,yes,0.6396,jellyfish
896,emergency_service,yes,0.7599,jellyfish
897,emergency_service,yes,0.7401,jellyfish
898,emergency_service,yes,0.7917,jellyfish
899,emergency_service,yes,0.7436,jellyfish
900,emergency_service,yes,0.7642,jellyfish
901,emergency_service,yes,0.8271,jellyfish
902,emergency_service,yes,0.8366,jellyfish
903,emergency_service,yes,0.7710,jellyfish
904,emergency_service,yes,0.8257,jellyfish
905,emergency_service,yes,0.8311,jellyfish
906,emergency_service,yes,0.7872,jellyfish
907,emergency_service,yes,0.7636,jellyfish
908,emergency_service,yes,0.7777,jellyfish
909,emergency_service,yes,0.5552,jellyfish
910,emergency_service,yes,0.7654,jellyfish
911,emergency_service,yes,0.6456,jellyfish
912,emergency_service,yes,0.7645,jellyfish
913,emergency_service,yes,0.7759,jellyfish
914,emergency_service,yes,0.7493,jellyfish
915,emergency_service,yes,0.8270,jellyfish
916,emergency_service,yes,0.7385,jellyfish
917,emergency_service,yes,0.7265,jellyfish
918,emergency_service,yes,0.7766,jellyfish
919,emergency_service,yes,0.7660,jellyfish
920,emergency_service,yes,0.7764,jellyfish
921,emergency_service,yes,0.8103,jellyfish
922,emergency_service,yes,0.7470,jellyfish
923,emergency_service,yes,0.7870,jellyfish
924,emergency_service,yes,0.7911,jellyfish
925,emergency_service,yes,0.7809,jellyfish
926,emergency_service,yes,0.7824,jellyfish
927,emergency_service,yes,0.7688,jellyfish
928,emergency_service,yes,0.8312,jellyfish
929,emergency_service,yes,0.7760,jellyfish
930,emergency_service,yes,0.8487,jellyfish
931,emergency_service,yes,0.7066,jellyfish
932,emergency_service,yes,0.7163,jellyfish
933,emergency_service,yes,0.7427,jellyfish
934,emergency_service,yes,0.7021,jellyfish
935,emergency_service,yes,0.8184,jellyfish
936,emergency_service,yes,0.7246,jellyfish
937,emergency_service,yes,0.6126,jellyfish
938,emergency_service,yes,0.7375,jellyfish
939,emergency_service,yes,0.7033,jellyfish
940,emergency_service,yes,0.7274,jellyfish
941,emergency_service,yes,0.6751,jellyfish
942,emergency_service,yes,0.6392,jellyfish
943,emergency_service,yes,0.7802,jellyfish
944,emergency_service,yes,0.5418,jellyfish
945,emergency_service,yes,0.5911,jellyfish
946,emergency_service,yes,0.6578,jellyfish
947,emergency_service,yes,0.5365,jellyfish
948,emergency_service,yes,0.6318,jellyfish
949,emergency_service,yes,0.6649,jellyfish
950,emergency_service,yes,0.7207,jellyfish
951,emergency_service,yes,0.7451,jellyfish
952,emergency_service,yes,0.4672,jellyfish
953,emergency_service,yes,0.7516,jellyfish
954,emergency_service,yes,0.7005,jellyfish
955,emergency_service,yes,0.7636,jellyfish
956,emergency_service,yes,0.7780,jellyfish
957,emergency_service,yes,0.7798,jellyfish
958,emergency_service,yes,0.7682,jellyfish
959,emergency_service,yes,0.7622,jellyfish
960,emergency_service,yes,0.7846,jellyfish
961,emergency_service,yes,0.6029,jellyfish
962,emergency_service,yes,0.6692,jellyfish
963,emergency_service,yes,0.6915,jellyfish
964,emergency_service,yes,0.7780,jellyfish
965,emergency_service,yes,0.7858,jellyfish
966,emergency_service,yes,0.7829,jellyfish
967,emergency_service,yes,0.6751,jellyfish
968,emergency_service,yes,0.5887,jellyfish
969,emergency_service,yes,0.7751,jellyfish
970,emergency_service,yes,0.7736,jellyfish
971,emergency_service,yes,0.7882,jellyfish
972,emergency_service,yes,0.6101,jellyfish
973,emergency_service,yes,0.8380,jellyfish
974,emergency_service,yes,0.7504,jellyfish
975,emergency_service,yes,0.7450,jellyfish
976,emergency_service,yes,0.7626,jellyfish
977,emergency_service,yes,0.8244,jellyfish
978,emergency_service,yes,0.7545,jellyfish
979,emergency_service,yes,0.7886,jellyfish
980,emergency_service,yes,0.8365,jellyfish
981,emergency_service,yes,0.7568,jellyfish
982,emergency_service,yes,0.7423,jellyfish
983,emergency_service,yes,0.7529,jellyfish
984,emergency_service,yes,0.7077,jellyfish
985,emergency_service,yes,0.7793,jellyfish
986,emergency_service,yes,0.7952,jellyfish
987,emergency_service,yes,0.7140,jellyfish
988,emergency_service,yes,0.6661,jellyfish
989,emergency_service,yes,0.7720,jellyfish
990,emergency_service,yes,0.7812,jellyfish
991,emergency_service,yes,0.7850,jellyfish
992,emergency_service,yes,0.7008,jellyfish
993,emergency_service,yes,0.8375,jellyfish
994,emergency_service,yes,0.7619,jellyfish
995,emergency_service,yes,0.8274,jellyfish
996,emergency_service,yes,0.6141,jellyfish
997,emergency_service,yes,0.6695,jellyfish
998,emergency_service,yes,0.8078,jellyfish
999,emergency_service,yes,0.8280,jellyfish
1000,emergency_service,yes,0.8180,jellyfish
1,condition,surgical care improvement project,0.5873,jellyfish
2,condition,surgical care quality improvement,0.7483,jellyfish
3,condition,surgical care quality improvement,0.6883,jellyfish
4,condition,surgical care quality improvement,0.7647,jellyfish
5,condition,surgical care quality improvement,0.7421,jellyfish
6,condition,surgical care improvement initiatives,0.6000,jellyfish
7,condition,surgical care improvement projects,0.7099,jellyfish
8,condition,surgical care improvement projects,0.7510,jellyfish
9,condition,heart attack,0.7554,jellyfish
10,condition,heart attack,0.7191,jellyfish
11,condition,heart failure,0.7683,jellyfish
12,condition,heart attack,0.7850,jellyfish
13,condition,heart failure,0.6968,jellyfish
14,condition,heart attack,0.7236,jellyfish
15,condition,heart attack,0.7483,jellyfish
16,condition,heart failure,0.7576,jellyfish
17,condition,heart failure,0.7810,jellyfish
18,condition,heart failure,0.7854,jellyfish
19,condition,heart failure,0.7908,jellyfish
20,condition,heart failure,0.7085,jellyfish
21,condition,heart attack,0.6435,jellyfish
22,condition,heart failure,0.7791,jellyfish
23,condition,heart attack,0.8002,jellyfish
24,condition,heart failure,0.6852,jellyfish
25,condition,heart attack,0.7445,jellyfish
26,condition,heart failure,0.7016,jellyfish
27,condition,heart failure,0.7810,jellyfish
28,condition,heart failure,0.8115,jellyfish
29,condition,heart failure,0.7903,jellyfish
30,condition,heart failure,0.7860,jellyfish
31,condition,pneumonia,0.7897,jellyfish
32,condition,pneumonia,0.7794,jellyfish
33,condition,pneumonia,0.8049,jellyfish
34,condition,pneumonia,0.8019,jellyfish
35,condition,pneumonia,0.7830,jellyfish
36,condition,pneumonia,0.7931,jellyfish
37,condition,surgical care improvement projects,0.7446,jellyfish
38,condition,surgical care improvement projects,0.5941,jellyfish
39,condition,surgical care quality improvement,0.6991,jellyfish
40,condition,surgical care improvement projects,0.5217,jellyfish
41,condition,surgical care improvement projects,0.6448,jellyfish
42,condition,surgical care improvement project,0.7097,jellyfish
43,condition,surgical care quality improvement,0.7229,jellyfish
44,condition,surgical care improvement projects,0.5441,jellyfish
45,condition,heart attack,0.7016,jellyfish
46,condition,heart failure,0.7497,jellyfish
47,condition,heart failure,0.7133,jellyfish
48,condition,heart attack,0.7460,jellyfish
49,condition,heart attack,0.6691,jellyfish
50,condition,heart attack,0.7205,jellyfish
51,condition,heart attack,0.6927,jellyfish
52,condition,heart failure,0.7381,jellyfish
53,condition,heart failure,0.7515,jellyfish
54,condition,heart failure,0.7915,jellyfish
55,condition,heart failure,0.7368,jellyfish
56,condition,pneumonia,0.7925,jellyfish
57,condition,pneumonia,0.7936,jellyfish
58,condition,pneumonia,0.7845,jellyfish
59,condition,pneumonia,0.7977,jellyfish
60,condition,pneumonia,0.8046,jellyfish
61,condition,pneumonia,0.7752,jellyfish
62,condition,surgical care improvement project,0.7915,jellyfish
63,condition,surgical infection prevention,0.5970,jellyfish
64,condition,surgical infection prevention,0.7626,jellyfish
65,condition,surgical care quality improvement,0.7443,jellyfish
66,condition,surgical care improvement projects,0.5547,jellyfish
67,condition,surgical infection prevention,0.7163,jellyfish
68,condition,surgical care improvement project for vascular events prevention,0.7149,jellyfish
69,condition,surgical care improvement projects,0.7896,jellyfish
70,condition,heart attack,0.7594,jellyfish
71,condition,heart attack,0.7569,jellyfish
72,condition,heart failure,0.7085,jellyfish
73,condition,heart attack,0.7540,jellyfish
74,condition,heart failure,0.7879,jellyfish
75,condition,heart attack,0.6733,jellyfish
76,condition,heart attack,0.7591,jellyfish
77,condition,heart failure,0.7920,jellyfish
78,condition,heart failure,0.7877,jellyfish
79,condition,heart failure,0.7543,jellyfish
80,condition,heart failure,0.7293,jellyfish
81,condition,sepsis,0.7507,jellyfish
82,condition,sepsis,0.7969,jellyfish
83,condition,pneumonia,0.7962,jellyfish
84,condition,pneumonia,0.7549,jellyfish
85,condition,pneumonia,0.7891,jellyfish
86,condition,pneumonia,0.7625,jellyfish
87,condition,surgical care improvement project,0.5596,jellyfish
88,condition,surgical infection prevention,0.7032,jellyfish
89,condition,surgical care improvement project,0.6635,jellyfish
90,condition,surgical care improvement project,0.7404,jellyfish
91,condition,surgical care quality improvement,0.7413,jellyfish
92,condition,surgical infection prevention,0.7219,jellyfish
93,condition,surgical care improvement projects,0.6239,jellyfish
94,condition,surgical care improvement projects,0.5665,jellyfish
95,condition,cardiac arrest,0.7233,jellyfish
96,condition,heart attack,0.7315,jellyfish
97,condition,heart failure,0.7288,jellyfish
98,condition,heart attack,0.7795,jellyfish
99,condition,heart attack,0.7378,jellyfish
100,condition,heart attack,0.7562,jellyfish
101,condition,heart attack,0.7419,jellyfish
102,condition,heart failure,0.7388,jellyfish
103,condition,heart failure,0.7657,jellyfish
104,condition,heart failure,0.7253,jellyfish
105,condition,heart failure,0.7486,jellyfish
106,condition,pneumonia,0.7825,jellyfish
107,condition,pneumonia,0.7824,jellyfish
108,condition,pneumonia,0.8025,jellyfish
109,condition,pneumonia,0.7912,jellyfish
110,condition,pneumonia,0.7910,jellyfish
111,condition,pneumonia,0.7828,jellyfish
112,condition,Surgical Care Improvement (SCIP) - Cardiac Surgery (SCIP-CARD-2) - Postoperative Status: Use of Cardiopulmonary,0.5799,jellyfish
113,condition,surgical infection prevention,0.6459,jellyfish
114,condition,surgical care quality improvement,0.6747,jellyfish
115,condition,surgical care quality improvement,0.7173,jellyfish
116,condition,surgical care quality improvement,0.5809,jellyfish
117,condition,surgical infection prevention,0.7539,jellyfish
118,condition,surgical care improvement projects,0.6057,jellyfish
119,condition,surgical care improvement projects,0.6889,jellyfish
120,condition,heart failure,0.7015,jellyfish
121,condition,cardiac arrest,0.7415,jellyfish
122,condition,heart failure,0.7017,jellyfish
123,condition,heart attack,0.7081,jellyfish
124,condition,heart failure,0.7406,jellyfish
125,condition,heart attack,0.7164,jellyfish
126,condition,heart attack,0.7448,jellyfish
127,condition,heart failure,0.7658,jellyfish
128,condition,heart failure,0.7540,jellyfish
129,condition,heart failure,0.7585,jellyfish
130,condition,heart failure,0.7929,jellyfish
131,condition,sepsis,0.7583,jellyfish
132,condition,bacteraemia,0.7206,jellyfish
133,condition,pneumonia,0.7644,jellyfish
134,condition,pneumonia,0.7706,jellyfish
135,condition,pneumonia,0.7462,jellyfish
136,condition,sepsis,0.7035,jellyfish
137,condition,surgical care improvement project,0.8164,jellyfish
138,condition,surgical infection prevention,0.6791,jellyfish
139,condition,surgical infection prevention,0.6753,jellyfish
140,condition,surgical care quality improvement,0.7501,jellyfish
141,condition,infection control,0.6387,jellyfish
142,condition,surgical infection prevention,0.6775,jellyfish
143,condition,surgical care improvement projects,0.7137,jellyfish
144,condition,surgical care improvement projects,0.7740,jellyfish
145,condition,heart attack,0.7566,jellyfish
146,condition,cardiac arrest,0.7856,jellyfish
147,condition,cardiac arrest,0.7530,jellyfish
148,condition,heart attack,0.7214,jellyfish
149,condition,heart attack,0.7513,jellyfish
150,condition,heart attack,0.7244,jellyfish
151,condition,heart attack,0.7413,jellyfish
152,condition,heart failure,0.7869,jellyfish
153,condition,heart failure,0.7831,jellyfish
154,condition,heart failure,0.6936,jellyfish
155,condition,heart failure,0.7633,jellyfish
156,condition,pneumonia,0.7550,jellyfish
157,condition,pneumonia,0.7714,jellyfish
158,condition,pneumonia,0.7747,jellyfish
159,condition,pneumonia,0.7712,jellyfish
160,condition,pneumonia,0.8021,jellyfish
161,condition,pneumonia,0.7618,jellyfish
162,condition,surgical care improvement projects,0.6900,jellyfish
163,condition,surgical infection prevention,0.6837,jellyfish
164,condition,surgical care quality improvement,0.7351,jellyfish
165,condition,surgical care quality improvement,0.7471,jellyfish
166,condition,infection prevention and control measures,0.6759,jellyfish
167,condition,surgical care improvement projects,0.5646,jellyfish
168,condition,surgical care quality improvement,0.7042,jellyfish
169,condition,surgical care improvement projects,0.6515,jellyfish
170,condition,heart attack,0.7265,jellyfish
171,condition,heart attack,0.7748,jellyfish
172,condition,heart failure,0.7127,jellyfish
173,condition,heart attack,0.7388,jellyfish
174,condition,heart attack,0.7506,jellyfish
175,condition,heart attack,0.7281,jellyfish
176,condition,heart attack,0.7361,jellyfish
177,condition,heart failure,0.8014,jellyfish
178,condition,heart failure,0.7165,jellyfish
179,condition,heart failure,0.7140,jellyfish
180,condition,heart failure,0.8008,jellyfish
181,condition,pneumonia,0.7657,jellyfish
182,condition,pneumonia,0.7847,jellyfish
183,condition,pneumonia,0.7858,jellyfish
184,condition,pneumonia,0.7811,jellyfish
185,condition,pneumonia,0.8027,jellyfish
186,condition,pneumonia,0.7772,jellyfish
187,condition,surgical care improvement project,0.7140,jellyfish
188,condition,surgical infection prevention,0.6992,jellyfish
189,condition,surgical infection prevention,0.6652,jellyfish
190,condition,surgical care improvement project,0.6415,jellyfish
191,condition,surgical care improvement projects,0.6513,jellyfish
192,condition,surgical infection prevention,0.8071,jellyfish
193,condition,surgical care improvement project,0.7659,jellyfish
194,condition,surgical care improvement projects,0.7148,jellyfish
195,condition,heart attack,0.7768,jellyfish
196,condition,heart failure,0.6884,jellyfish
197,condition,heart failure,0.7172,jellyfish
198,condition,heart attack,0.7494,jellyfish
199,condition,heart attack,0.6634,jellyfish
200,condition,heart attack,0.5935,jellyfish
201,condition,heart failure,0.7399,jellyfish
202,condition,heart failure,0.7328,jellyfish
203,condition,heart failure,0.7991,jellyfish
204,condition,heart failure,0.7433,jellyfish
205,condition,heart failure,0.7910,jellyfish
206,condition,pneumonia,0.8200,jellyfish
207,condition,pneumonia,0.7633,jellyfish
208,condition,pneumonia,0.7951,jellyfish
209,condition,bacteremia,0.7133,jellyfish
210,condition,pneumonia,0.8144,jellyfish
211,condition,pneumonia,0.8024,jellyfish
212,condition,surgical care improvement project,0.7874,jellyfish
213,condition,surgical care quality improvement,0.7599,jellyfish
214,condition,surgical infection prevention,0.6583,jellyfish
215,condition,surgical care improvement projects,0.6887,jellyfish
216,condition,surgical care improvement,0.7511,jellyfish
217,condition,surgical care improvement project,0.6964,jellyfish
218,condition,surgical care improvement projects,0.4053,jellyfish
219,condition,surgical care improvement projects,0.7508,jellyfish
220,condition,heart attack,0.7644,jellyfish
221,condition,heart attack,0.7632,jellyfish
222,condition,heart failure,0.7683,jellyfish
223,condition,heart attack,0.6917,jellyfish
224,condition,heart failure,0.7501,jellyfish
225,condition,heart attack,0.7617,jellyfish
226,condition,heart attack,0.7354,jellyfish
227,condition,heart failure,0.7893,jellyfish
228,condition,heart failure,0.7812,jellyfish
229,condition,heart failure,0.7435,jellyfish
230,condition,heart failure,0.6944,jellyfish
231,condition,bronchitis,0.7072,jellyfish
232,condition,pneumonia,0.8019,jellyfish
233,condition,pneumonia,0.7667,jellyfish
234,condition,pneumonia,0.7760,jellyfish
235,condition,pneumonia,0.7766,jellyfish
236,condition,pneumonia,0.7633,jellyfish
237,condition,mrsa infection prevention,0.7027,jellyfish
238,condition,surgical care quality improvement,0.6999,jellyfish
239,condition,surgical care quality improvement,0.5970,jellyfish
240,condition,surgeries,0.7359,jellyfish
241,condition,surgical care improvement projects,0.5026,jellyfish
242,condition,surgical infection prevention,0.6673,jellyfish
243,condition,surgical care quality improvement,0.7646,jellyfish
244,condition,surgical care improvement projects,0.6875,jellyfish
245,condition,heart attack,0.7716,jellyfish
246,condition,heart attack,0.6853,jellyfish
247,condition,heart attack,0.7142,jellyfish
248,condition,cardiac arrest,0.7014,jellyfish
249,condition,heart attack,0.7195,jellyfish
250,condition,heart attack,0.6626,jellyfish
251,condition,heart failure,0.7453,jellyfish
252,condition,heart failure,0.7768,jellyfish
253,condition,heart failure,0.7581,jellyfish
254,condition,heart failure,0.7812,jellyfish
255,condition,heart failure,0.8057,jellyfish
256,condition,pneumonia,0.7889,jellyfish
257,condition,pneumonia,0.7883,jellyfish
258,condition,pneumonia,0.7990,jellyfish
259,condition,pneumonia,0.6105,jellyfish
260,condition,pneumonia,0.8049,jellyfish
261,condition,pneumonia,0.7699,jellyfish
262,condition,surgical care improvement projects,0.5558,jellyfish
263,condition,surgical infection prevention,0.6410,jellyfish
264,condition,surgical care quality improvement,0.7135,jellyfish
265,condition,surgical care quality improvement,0.7050,jellyfish
266,condition,surgical care improvement projects,0.4663,jellyfish
267,condition,surgical care improvement projects,0.6788,jellyfish
268,condition,surgical care improvement project,0.6679,jellyfish
269,condition,surgical care improvement projects,0.6295,jellyfish
270,condition,heart attack,0.7528,jellyfish
271,condition,heart failure,0.6775,jellyfish
272,condition,heart attack,0.7489,jellyfish
273,condition,heart attack,0.7411,jellyfish
274,condition,heart failure,0.7799,jellyfish
275,condition,heart attack,0.7184,jellyfish
276,condition,heart failure,0.7213,jellyfish
277,condition,heart failure,0.7525,jellyfish
278,condition,heart failure,0.8059,jellyfish
279,condition,heart failure,0.6751,jellyfish
280,condition,heart failure,0.7993,jellyfish
281,condition,pneumonia,0.7938,jellyfish
282,condition,pneumonia,0.7675,jellyfish
283,condition,pneumonia,0.7982,jellyfish
284,condition,pneumonia,0.7898,jellyfish
285,condition,pneumonia,0.8024,jellyfish
286,condition,pneumonia,0.7920,jellyfish
287,condition,surgical care improvement project,0.7859,jellyfish
288,condition,surgical care improvement project,0.5774,jellyfish
289,condition,surgical care improvement project,0.5064,jellyfish
290,condition,surgical care quality improvement,0.7093,jellyfish
291,condition,surgical care improvement initiatives,0.7426,jellyfish
292,condition,surgical infection prevention,0.7091,jellyfish
293,condition,Surgical Care Improvement Project (SCIP) VTE (Venous Thromboembolism) Prevention Measure,0.7023,jellyfish
294,condition,surgical care improvement projects,0.7158,jellyfish
295,condition,heart attack,0.6908,jellyfish
296,condition,heart attack,0.7442,jellyfish
297,condition,heart failure,0.7554,jellyfish
298,condition,heart failure,0.7414,jellyfish
299,condition,heart attack,0.6695,jellyfish
300,condition,heart failure,0.7385,jellyfish
301,condition,heart failure,0.6974,jellyfish
302,condition,heart failure,0.7175,jellyfish
303,condition,heart failure,0.8038,jellyfish
304,condition,heart failure,0.7767,jellyfish
305,condition,heart failure,0.7293,jellyfish
306,condition,pneumonia,0.7698,jellyfish
307,condition,pneumonia,0.7642,jellyfish
308,condition,pneumonia,0.7576,jellyfish
309,condition,pneumonia,0.7689,jellyfish
310,condition,pneumonia,0.7808,jellyfish
311,condition,pneumonia,0.7783,jellyfish
312,condition,children's asthma care,0.7347,jellyfish
313,condition,children's asthma care,0.5923,jellyfish
314,condition,cardiac arrest,0.7244,jellyfish
315,condition,heart attack,0.5994,jellyfish
316,condition,heart failure,0.7208,jellyfish
317,condition,heart attack,0.7684,jellyfish
318,condition,heart failure,0.7306,jellyfish
319,condition,heart attack,0.7203,jellyfish
320,condition,heart failure,0.7177,jellyfish
321,condition,heart failure,0.7869,jellyfish
322,condition,heart failure,0.7359,jellyfish
323,condition,heart failure,0.7388,jellyfish
324,condition,heart failure,0.7385,jellyfish
325,condition,sepsis,0.7551,jellyfish
326,condition,pneumonia,0.7940,jellyfish
327,condition,pneumonia,0.8024,jellyfish
328,condition,pneumonia,0.8061,jellyfish
329,condition,pneumonia,0.7624,jellyfish
330,condition,sepsis,0.7524,jellyfish
331,condition,surgical care improvement project,0.6568,jellyfish
332,condition,heart failure,0.7586,jellyfish
333,condition,heart failure,0.7613,jellyfish
334,condition,heart failure,0.6949,jellyfish
335,condition,sepsis,0.7260,jellyfish
336,condition,pneumonia,0.8042,jellyfish
337,condition,bronchitis,0.6661,jellyfish
338,condition,pneumonia,0.7798,jellyfish
339,condition,pneumonia,0.7910,jellyfish
340,condition,pneumonia,0.7552,jellyfish
341,condition,surgical care improvement project,0.7116,jellyfish
342,condition,surgical infection prevention,0.6463,jellyfish
343,condition,surgical infection control,0.6935,jellyfish
344,condition,surgical care quality improvement,0.7340,jellyfish
345,condition,surgical care quality improvement,0.7559,jellyfish
346,condition,surgical care improvement projects,0.6195,jellyfish
347,condition,surgical care improvement projects,0.5656,jellyfish
348,condition,surgical care improvement projects,0.6769,jellyfish
349,condition,heart failure,0.7543,jellyfish
350,condition,heart failure,0.7069,jellyfish
351,condition,heart failure,0.7685,jellyfish
352,condition,heart attack,0.7734,jellyfish
353,condition,heart failure,0.6623,jellyfish
354,condition,surgical care improvement projects,0.6297,jellyfish
355,condition,heart attack,0.7642,jellyfish
356,condition,heart failure,0.7223,jellyfish
357,condition,myocardial infarction,0.7644,jellyfish
358,condition,heart attack,0.7254,jellyfish
359,condition,heart attack,0.7784,jellyfish
360,condition,heart failure,0.7589,jellyfish
361,condition,heart attack,0.7278,jellyfish
362,condition,heart failure,0.6937,jellyfish
363,condition,heart failure,0.7956,jellyfish
364,condition,heart failure,0.7423,jellyfish
365,condition,heart failure,0.7340,jellyfish
366,condition,pneumonia,0.7646,jellyfish
367,condition,pneumonia,0.7122,jellyfish
368,condition,pneumonia,0.8022,jellyfish
369,condition,pneumonia,0.8062,jellyfish
370,condition,pnemonia,0.6241,jellyfish
371,condition,pneumonia,0.7433,jellyfish
372,condition,surgical care improvement project,0.7085,jellyfish
373,condition,surgical infection prevention,0.8229,jellyfish
374,condition,surgical infection prevention,0.6878,jellyfish
375,condition,surgical infection prevention,0.7229,jellyfish
376,condition,surgical care improvement,0.7360,jellyfish
377,condition,surgical infection prevention,0.7470,jellyfish
378,condition,surgical care quality improvement,0.5736,jellyfish
379,condition,surgical care improvement initiatives,0.6686,jellyfish
380,condition,cardiac arrest,0.7286,jellyfish
381,condition,cardiac arrest,0.6905,jellyfish
382,condition,heart failure,0.7319,jellyfish
383,condition,heart attack,0.7419,jellyfish
384,condition,heart attack,0.7576,jellyfish
385,condition,heart attack,0.7259,jellyfish
386,condition,cardiac arrest,0.7171,jellyfish
387,condition,heart failure,0.7582,jellyfish
388,condition,heart failure,0.8079,jellyfish
389,condition,heart failure,0.7872,jellyfish
390,condition,heart failure,0.7287,jellyfish
391,condition,pneumonia,0.7796,jellyfish
392,condition,pneumonia,0.8006,jellyfish
393,condition,heart attack,0.7421,jellyfish
394,condition,heart failure,0.7332,jellyfish
395,condition,heart attack,0.7577,jellyfish
396,condition,heart attack,0.7285,jellyfish
397,condition,heart attack,0.7405,jellyfish
398,condition,heart failure,0.7335,jellyfish
399,condition,heart failure,0.8076,jellyfish
400,condition,heart failure,0.7557,jellyfish
401,condition,heart failure,0.7649,jellyfish
402,condition,heart failure,0.7894,jellyfish
403,condition,pneumonia,0.7876,jellyfish
404,condition,pneumonia,0.7882,jellyfish
405,condition,pneumonia,0.7944,jellyfish
406,condition,pneumonia,0.7818,jellyfish
407,condition,pneumonia,0.8021,jellyfish
408,condition,pneumonia,0.8077,jellyfish
409,condition,surgical care improvement project,0.5770,jellyfish
410,condition,surgical infection prevention,0.7667,jellyfish
411,condition,surgical infection prevention,0.6380,jellyfish
412,condition,surgical care improvement project,0.6418,jellyfish
413,condition,surgical care quality improvement,0.7940,jellyfish
414,condition,surgical care improvement projects,0.7183,jellyfish
415,condition,heart attack,0.7393,jellyfish
416,condition,heart attack,0.7033,jellyfish
417,condition,heart failure,0.7467,jellyfish
418,condition,heart attack,0.6543,jellyfish
419,condition,heart attack,0.5598,jellyfish
420,condition,heart attack,0.7419,jellyfish
421,condition,heart attack,0.6570,jellyfish
422,condition,heart failure,0.6365,jellyfish
423,condition,heart failure,0.7742,jellyfish
424,condition,heart failure,0.8048,jellyfish
425,condition,heart failure,0.7962,jellyfish
426,condition,pneumonia,0.7976,jellyfish
427,condition,pneumonia,0.7890,jellyfish
428,condition,pneumonia,0.8122,jellyfish
429,condition,pneumonia,0.7931,jellyfish
430,condition,pneumonia,0.8036,jellyfish
431,condition,pneumonia,0.7950,jellyfish
432,condition,surgical care improvement project,0.5993,jellyfish
433,condition,heart failure,0.7752,jellyfish
434,condition,heart failure,0.7049,jellyfish
435,condition,heart failure,0.7396,jellyfish
436,condition,heart failure,0.7886,jellyfish
437,condition,sepsis,0.7621,jellyfish
438,condition,pneumonia,0.7430,jellyfish
439,condition,pneumonia,0.7710,jellyfish
440,condition,pneumonia,0.7816,jellyfish
441,condition,sepsis,0.7236,jellyfish
442,condition,sepsis,0.7548,jellyfish
443,condition,surgical care improvement project,0.7716,jellyfish
444,condition,surgical infection prevention,0.6995,jellyfish
445,condition,surgical infection prevention,0.6925,jellyfish
446,condition,surgical care improvement projects,0.6799,jellyfish
447,condition,surgical care improvement,0.6705,jellyfish
448,condition,surgical infection prevention,0.6971,jellyfish
449,condition,surgical care quality improvement,0.7350,jellyfish
450,condition,surgical care improvement project for venous thromboembolism prevention,0.5976,jellyfish
451,condition,cardiac arrest,0.7183,jellyfish
452,condition,cardiac arrest,0.6658,jellyfish
453,condition,bronchitis,0.6593,jellyfish
454,condition,pneumonia,0.7607,jellyfish
455,condition,pneumonia,0.8056,jellyfish
456,condition,pneumonia,0.7965,jellyfish
457,condition,pneumonia,0.7845,jellyfish
458,condition,pneumonia,0.7458,jellyfish
459,condition,surgical care improvement project,0.7702,jellyfish
460,condition,surgical infection prevention,0.7369,jellyfish
461,condition,surgical infection prevention,0.7571,jellyfish
462,condition,surgical care quality improvement,0.7553,jellyfish
463,condition,surgical care improvement initiatives,0.6870,jellyfish
464,condition,surgical infection prevention,0.8054,jellyfish
465,condition,surgical care quality improvement,0.7472,jellyfish
466,condition,surgical care improvement projects,0.6718,jellyfish
467,condition,heart attack,0.7726,jellyfish
468,condition,heart attack,0.7810,jellyfish
469,condition,heart failure,0.6937,jellyfish
470,condition,heart attack,0.7902,jellyfish
471,condition,heart attack,0.7576,jellyfish
472,condition,cardiac arrest,0.7145,jellyfish
473,condition,cardiac arrest,0.6974,jellyfish
474,condition,heart failure,0.5328,jellyfish
475,condition,heart failure,0.7636,jellyfish
476,condition,heart failure,0.7415,jellyfish
477,condition,heart failure,0.7169,jellyfish
478,condition,pneumonia,0.7854,jellyfish
479,condition,pneumonia,0.7792,jellyfish
480,condition,pneumonia,0.7771,jellyfish
481,condition,pneumonia,0.7930,jellyfish
482,condition,pneumonia,0.7911,jellyfish
483,condition,pneumonia,0.7738,jellyfish
484,condition,surgical care improvement project,0.8088,jellyfish
485,condition,surgical infection prevention,0.7040,jellyfish
486,condition,surgical care improvement projects,0.5578,jellyfish
487,condition,surgical care improvement projects,0.6401,jellyfish
488,condition,surgical care improvement projects,0.6376,jellyfish
489,condition,surgical care improvement project,0.6801,jellyfish
490,condition,surgical care improvement projects,0.6174,jellyfish
491,condition,surgical care improvement projects (scip) for venous thromboembolism (vte) prevention,0.6282,jellyfish
492,condition,heart attack,0.7318,jellyfish
493,condition,heart attack,0.7814,jellyfish
494,condition,heart failure,0.7712,jellyfish
495,condition,heart attack,0.7350,jellyfish
496,condition,heart failure,0.7725,jellyfish
497,condition,heart attack,0.6318,jellyfish
498,condition,heart attack,0.7219,jellyfish
499,condition,heart failure,0.7325,jellyfish
500,condition,heart failure,0.7890,jellyfish
501,condition,heart failure,0.7306,jellyfish
502,condition,heart failure,0.7877,jellyfish
503,condition,bronchitis,0.7268,jellyfish
504,condition,pneumonia,0.8033,jellyfish
505,condition,pneumonia,0.7791,jellyfish
506,condition,pneumonia,0.7887,jellyfish
507,condition,pneumonia,0.8100,jellyfish
508,condition,pneumonia,0.7623,jellyfish
509,condition,Surgical Care Improvement Project (SCIP) Infection Prevention and Control,0.6720,jellyfish
510,condition,surgical care improvement projects,0.4899,jellyfish
511,condition,surgical infection prevention,0.6859,jellyfish
512,condition,infection control,0.7015,jellyfish
513,condition,surgical care improvement,0.7303,jellyfish
514,condition,surgical care improvement project,0.6468,jellyfish
515,condition,Pneumonia prevention measures,0.5374,jellyfish
516,condition,surgical care improvement projects,0.7060,jellyfish
517,condition,heart attack,0.7370,jellyfish
518,condition,heart attack,0.7671,jellyfish
519,condition,heart failure,0.7427,jellyfish
520,condition,heart attack,0.7755,jellyfish
521,condition,heart attack,0.7774,jellyfish
522,condition,heart attack,0.7141,jellyfish
523,condition,heart attack,0.7126,jellyfish
524,condition,heart failure,0.7859,jellyfish
525,condition,heart failure,0.7947,jellyfish
526,condition,heart failure,0.7829,jellyfish
527,condition,heart failure,0.7343,jellyfish
528,condition,pneumonia,0.7764,jellyfish
529,condition,pneumonia,0.7925,jellyfish
530,condition,pneumonia,0.7967,jellyfish
531,condition,pneumonia,0.7927,jellyfish
532,condition,pneumonia,0.7872,jellyfish
533,condition,pneumonia,0.7756,jellyfish
534,condition,surgical care improvement projects,0.7032,jellyfish
535,condition,surgical infection prevention,0.7054,jellyfish
536,condition,surgical infection prevention,0.6672,jellyfish
537,condition,surgical care quality improvement,0.7263,jellyfish
538,condition,surgical care improvement,0.7317,jellyfish
539,condition,surgical infection prevention,0.6957,jellyfish
540,condition,surgical care improvement projects,0.7238,jellyfish
541,condition,surgical care improvement projects,0.7964,jellyfish
542,condition,heart failure,0.7017,jellyfish
543,condition,heart attack,0.7532,jellyfish
544,condition,heart failure,0.7164,jellyfish
545,condition,cardiac arrest,0.6810,jellyfish
546,condition,cardiac arrest,0.6807,jellyfish
547,condition,heart failure,0.7136,jellyfish
548,condition,heart failure,0.7109,jellyfish
549,condition,heart failure,0.7853,jellyfish
550,condition,heart failure,0.8023,jellyfish
551,condition,heart failure,0.7401,jellyfish
552,condition,heart failure,0.7788,jellyfish
553,condition,pneumonia,0.7545,jellyfish
554,condition,urinary tract infection,0.6679,jellyfish
555,condition,pneumonia,0.7782,jellyfish
556,condition,sepsis,0.7520,jellyfish
557,condition,pneumonia,0.7997,jellyfish
558,condition,pneumonia,0.7728,jellyfish
559,condition,surgical care improvement projects,0.5571,jellyfish
560,condition,surgical care quality improvement,0.6848,jellyfish
561,condition,surgical care quality improvement,0.7319,jellyfish
562,condition,Infection Prevention and Control,0.6130,jellyfish
563,condition,surgical care improvement,0.7251,jellyfish
564,condition,surgical infection prevention,0.7888,jellyfish
565,condition,surgical care improvement projects,0.7411,jellyfish
566,condition,surgical care improvement projects,0.7030,jellyfish
567,condition,heart attack,0.7307,jellyfish
568,condition,heart attack,0.6904,jellyfish
569,condition,heart failure,0.7549,jellyfish
570,condition,heart attack,0.7235,jellyfish
571,condition,heart attack,0.7732,jellyfish
572,condition,heart attack,0.7491,jellyfish
573,condition,heart attack,0.6626,jellyfish
574,condition,heart failure,0.7355,jellyfish
575,condition,heart failure,0.7267,jellyfish
576,condition,heart failure,0.7550,jellyfish
577,condition,heart failure,0.7454,jellyfish
578,condition,pneumonia,0.7951,jellyfish
579,condition,pneumonia,0.7925,jellyfish
580,condition,pneumonia,0.7907,jellyfish
581,condition,pneumonia,0.7942,jellyfish
582,condition,pneumonia,0.7912,jellyfish
583,condition,pneumonia,0.7782,jellyfish
584,condition,surgical care improvement project,0.6227,jellyfish
585,condition,surgical infection prevention,0.8260,jellyfish
586,condition,surgical infection prevention,0.7675,jellyfish
587,condition,surgical care improvement projects,0.7007,jellyfish
588,condition,surgical care improvement programs,0.5435,jellyfish
589,condition,surgical infection control,0.7267,jellyfish
590,condition,surgical care improvement projects,0.6555,jellyfish
591,condition,surgical care improvement projects,0.7306,jellyfish
592,condition,cardiac arrest,0.7264,jellyfish
593,condition,heart attack,0.7052,jellyfish
594,condition,cardiac arrest,0.6718,jellyfish
595,condition,heart attack,0.7627,jellyfish
596,condition,cardiac arrest,0.6989,jellyfish
597,condition,heart failure,0.7154,jellyfish
598,condition,heart attack,0.7529,jellyfish
599,condition,heart failure,0.7387,jellyfish
600,condition,heart failure,0.7362,jellyfish
601,condition,heart failure,0.6106,jellyfish
602,condition,heart failure,0.7607,jellyfish
603,condition,pneumonia,0.7883,jellyfish
604,condition,pneumonia,0.8066,jellyfish
605,condition,pneumonia,0.7957,jellyfish
606,condition,pneumonia,0.7975,jellyfish
607,condition,pneumonia,0.7726,jellyfish
608,condition,pneumonia,0.7628,jellyfish
609,condition,infectious,0.6654,jellyfish
610,condition,surgical care improvement projects,0.6889,jellyfish
611,condition,surgical care quality improvement,0.7731,jellyfish
612,condition,surgical care quality improvement,0.7475,jellyfish
613,condition,surgical care quality improvement,0.7070,jellyfish
614,condition,surgical care improvement projects,0.5880,jellyfish
615,condition,surgical care improvement projects,0.5343,jellyfish
616,condition,surgical care improvement projects,0.6979,jellyfish
617,condition,heart attack,0.7719,jellyfish
618,condition,heart attack,0.7707,jellyfish
619,condition,heart failure,0.7570,jellyfish
620,condition,heart attack,0.7556,jellyfish
621,condition,heart attack,0.7256,jellyfish
622,condition,heart attack,0.7434,jellyfish
623,condition,heart attack,0.6906,jellyfish
624,condition,heart failure,0.7969,jellyfish
625,condition,heart failure,0.8069,jellyfish
626,condition,heart failure,0.7107,jellyfish
627,condition,heart failure,0.7946,jellyfish
628,condition,pneumonia,0.7975,jellyfish
629,condition,pneumonia,0.7888,jellyfish
630,condition,pneumonia,0.7961,jellyfish
631,condition,pneumonia,0.8009,jellyfish
632,condition,pneumonia,0.7509,jellyfish
633,condition,pneumonia,0.7995,jellyfish
634,condition,surgical care improvement project,0.7858,jellyfish
635,condition,surgical infection prevention,0.7048,jellyfish
636,condition,surgical infection prevention,0.6838,jellyfish
637,condition,surgical care improvement projects,0.5701,jellyfish
638,condition,surgical care improvement projects,0.6529,jellyfish
639,condition,surgical infection prevention,0.7239,jellyfish
640,condition,surgical care improvement projects,0.6270,jellyfish
641,condition,surgical care improvement projects,0.7212,jellyfish
642,condition,cardiac arrest,0.7341,jellyfish
643,condition,heart attack,0.7268,jellyfish
644,condition,heart attack,0.7381,jellyfish
645,condition,heart attack,0.6744,jellyfish
646,condition,cardiac arrest,0.7487,jellyfish
647,condition,heart attack,0.7198,jellyfish
648,condition,heart attack,0.7471,jellyfish
649,condition,heart failure,0.6577,jellyfish
650,condition,heart failure,0.7300,jellyfish
651,condition,heart failure,0.7646,jellyfish
652,condition,heart failure,0.7589,jellyfish
653,condition,sepsis,0.7815,jellyfish
654,condition,pneumonia,0.7789,jellyfish
655,condition,pneumonia,0.7918,jellyfish
656,condition,sepsis,0.7766,jellyfish
657,condition,pneumonia,0.7711,jellyfish
658,condition,bronchitis,0.7335,jellyfish
659,condition,surgical care improvement project,0.7956,jellyfish
660,condition,surgical care quality improvement,0.5055,jellyfish
661,condition,surgical care quality improvement,0.6635,jellyfish
662,condition,surgical care quality improvement,0.7573,jellyfish
663,condition,surgical care quality improvement,0.7468,jellyfish
664,condition,surgical care quality improvement,0.5332,jellyfish
665,condition,surgical care quality improvement,0.7600,jellyfish
666,condition,surgical care improvement projects,0.7020,jellyfish
667,condition,heart attack,0.7226,jellyfish
668,condition,heart attack,0.7722,jellyfish
669,condition,heart failure,0.7077,jellyfish
670,condition,heart attack,0.7907,jellyfish
671,condition,heart failure,0.7181,jellyfish
672,condition,heart failure,0.7360,jellyfish
673,condition,heart attack,0.7568,jellyfish
674,condition,heart failure,0.7941,jellyfish
675,condition,heart failure,0.7899,jellyfish
676,condition,heart failure,0.7934,jellyfish
677,condition,heart failure,0.7187,jellyfish
678,condition,pneumonia,0.7618,jellyfish
679,condition,pneumonia,0.7788,jellyfish
680,condition,pneumonia,0.7808,jellyfish
681,condition,pneumonia,0.7862,jellyfish
682,condition,pneumonia,0.7976,jellyfish
683,condition,pneumonia,0.7601,jellyfish
684,condition,surgical care improvement project,0.7725,jellyfish
685,condition,surgical infection prevention,0.7661,jellyfish
686,condition,surgical care improvement projects,0.6180,jellyfish
687,condition,surgical care quality improvement,0.6754,jellyfish
688,condition,surgical care quality improvement,0.7901,jellyfish
689,condition,surgical infection prevention,0.6888,jellyfish
690,condition,surgical care quality improvement,0.7449,jellyfish
691,condition,surgical care improvement projects,0.7395,jellyfish
692,condition,heart failure,0.7422,jellyfish
693,condition,heart attack,0.7497,jellyfish
694,condition,heart failure,0.7119,jellyfish
695,condition,heart attack,0.7754,jellyfish
696,condition,heart attack,0.5454,jellyfish
697,condition,cardiac arrest,0.6866,jellyfish
698,condition,heart attack,0.6135,jellyfish
699,condition,heart failure,0.7909,jellyfish
700,condition,heart failure,0.7936,jellyfish
701,condition,heart failure,0.7555,jellyfish
702,condition,heart failure,0.7428,jellyfish
703,condition,pneumonia,0.7545,jellyfish
704,condition,pneumonia,0.8036,jellyfish
705,condition,pneumonia,0.7847,jellyfish
706,condition,pneumonia,0.7770,jellyfish
707,condition,pneumonia,0.8062,jellyfish
708,condition,pneumonia,0.7956,jellyfish
709,condition,surgical care improvement projects,0.7374,jellyfish
710,condition,surgical infection prevention,0.7016,jellyfish
711,condition,surgical care quality improvement,0.5150,jellyfish
712,condition,catheter-associated urinary tract infections (cautis) prevention,0.5551,jellyfish
713,condition,surgical infection prevention,0.5385,jellyfish
714,condition,surgical care quality improvement,0.7117,jellyfish
715,condition,surgical care improvement projects,0.7177,jellyfish
716,condition,surgical care improvement projects,0.7618,jellyfish
717,condition,heart attack,0.7119,jellyfish
718,condition,heart attack,0.7582,jellyfish
719,condition,heart failure,0.6758,jellyfish
720,condition,heart attack,0.7547,jellyfish
721,condition,heart attack,0.7362,jellyfish
722,condition,heart attack,0.7237,jellyfish
723,condition,heart attack,0.7683,jellyfish
724,condition,heart failure,0.7171,jellyfish
725,condition,heart failure,0.7996,jellyfish
726,condition,heart failure,0.7153,jellyfish
727,condition,heart failure,0.7826,jellyfish
728,condition,pneumonia,0.8074,jellyfish
729,condition,pneumonia,0.7735,jellyfish
730,condition,pneumonia,0.7628,jellyfish
731,condition,pneumonia,0.7713,jellyfish
732,condition,pneumonia,0.6492,jellyfish
733,condition,pneumonia,0.7957,jellyfish
734,condition,catheter-associated urinary tract infections (cauti) pxevention,0.6771,jellyfish
735,condition,surgical infection prevention,0.6764,jellyfish
736,condition,surgical infection prevention,0.6869,jellyfish
737,condition,Infection Prevention and Control,0.6348,jellyfish
738,condition,surgical care improvement,0.6947,jellyfish
739,condition,surgical care improvement projects,0.4275,jellyfish
740,condition,surgical care improvement projects,0.6705,jellyfish
741,condition,surgical care improvement projects,0.7347,jellyfish
742,condition,cardiac arrest,0.7373,jellyfish
743,condition,heart failure,0.7082,jellyfish
744,condition,heart failure,0.7064,jellyfish
745,condition,heart attack,0.7109,jellyfish
746,condition,heart attack,0.7573,jellyfish
747,condition,heart attack,0.7411,jellyfish
748,condition,heart attack,0.7736,jellyfish
749,condition,heart failure,0.6740,jellyfish
750,condition,heart failure,0.7949,jellyfish
751,condition,heart failure,0.6912,jellyfish
752,condition,heart failure,0.7951,jellyfish
753,condition,pneumonia,0.7678,jellyfish
754,condition,pneumonia,0.7822,jellyfish
755,condition,pneumonia,0.7912,jellyfish
756,condition,pneumonia,0.7765,jellyfish
757,condition,pneumonia,0.7687,jellyfish
758,condition,pneumonia,0.7555,jellyfish
759,condition,surgical care improvement project,0.7115,jellyfish
760,condition,surgical infection prevention,0.7741,jellyfish
761,condition,surgical care quality improvement,0.7576,jellyfish
762,condition,surgical care quality improvement,0.6738,jellyfish
763,condition,surgical care improvement initiatives,0.6860,jellyfish
764,condition,surgical infection prevention,0.7760,jellyfish
765,condition,surgical care improvement project,0.7297,jellyfish
766,condition,surgical care quality improvement,0.7018,jellyfish
767,condition,pediatric asthma care,0.7418,jellyfish
768,condition,surgical infection prevention,0.6744,jellyfish
769,condition,surgical infection prevention,0.7484,jellyfish
770,condition,surgical care improvement projects,0.4923,jellyfish
771,condition,surgical care quality improvement,0.7496,jellyfish
772,condition,surgical infection prevention,0.7400,jellyfish
773,condition,surgical care improvement projects,0.4543,jellyfish
774,condition,surgical care improvement projects,0.7331,jellyfish
775,condition,children's asthma care,0.6946,jellyfish
776,condition,pediatric asthma care,0.7239,jellyfish
777,condition,children's asthma care,0.7422,jellyfish
778,condition,cardiac arrest,0.7010,jellyfish
779,condition,heart attack,0.6438,jellyfish
780,condition,heart failure,0.7844,jellyfish
781,condition,heart attack,0.7562,jellyfish
782,condition,heart attack,0.7162,jellyfish
783,condition,heart attack,0.7325,jellyfish
784,condition,heart attack,0.7201,jellyfish
785,condition,heart failure,0.7993,jellyfish
786,condition,heart failure,0.7957,jellyfish
787,condition,heart failure,0.7317,jellyfish
788,condition,heart failure,0.7809,jellyfish
789,condition,pneumonia,0.8136,jellyfish
790,condition,pneumonia,0.7112,jellyfish
791,condition,pneumonia,0.7786,jellyfish
792,condition,pneumonia,0.7938,jellyfish
793,condition,pneumonia,0.7914,jellyfish
794,condition,pneumonia,0.7630,jellyfish
795,condition,surgical care improvement projects,0.7481,jellyfish
796,condition,surgical infection prevention,0.7982,jellyfish
797,condition,surgical care improvement projects,0.6885,jellyfish
798,condition,surgical care quality improvement,0.7145,jellyfish
799,condition,surgical care quality improvement,0.7480,jellyfish
800,condition,surgical infection prevention,0.7321,jellyfish
801,condition,surgical care improvement project for venous thromboembolism prevention,0.5827,jellyfish
802,condition,surgical care improvement projects,0.7380,jellyfish
803,condition,heart attack,0.7556,jellyfish
804,condition,heart attack,0.7237,jellyfish
805,condition,heart failure,0.7087,jellyfish
806,condition,heart attack,0.7812,jellyfish
807,condition,heart attack,0.7634,jellyfish
808,condition,heart attack,0.7468,jellyfish
809,condition,heart failure,0.7323,jellyfish
810,condition,heart failure,0.7264,jellyfish
811,condition,heart failure,0.7468,jellyfish
812,condition,heart failure,0.7437,jellyfish
813,condition,heart failure,0.7566,jellyfish
814,condition,pneumonia,0.8024,jellyfish
815,condition,pneumonia,0.7814,jellyfish
816,condition,pneumonia,0.7871,jellyfish
817,condition,pneumonia,0.7876,jellyfish
818,condition,pneumonia,0.8063,jellyfish
819,condition,pneumonia,0.7674,jellyfish
820,condition,surgical care improvement projects,0.7443,jellyfish
821,condition,surgical infection prevention,0.7067,jellyfish
822,condition,surgical care improvement projects,0.7794,jellyfish
823,condition,surgical care improvement projects,0.6961,jellyfish
824,condition,surgical care quality improvement,0.7431,jellyfish
825,condition,surgical infection prevention,0.7035,jellyfish
826,condition,surgical care improvement projects,0.6285,jellyfish
827,condition,surgical care improvement projects,0.6758,jellyfish
828,condition,heart attack,0.7418,jellyfish
829,condition,heart attack,0.7614,jellyfish
830,condition,heart failure,0.7741,jellyfish
831,condition,heart attack,0.7432,jellyfish
832,condition,heart attack,0.6896,jellyfish
833,condition,heart attack,0.6153,jellyfish
834,condition,heart attack,0.6143,jellyfish
835,condition,heart failure,0.7491,jellyfish
836,condition,heart failure,0.7595,jellyfish
837,condition,heart failure,0.7407,jellyfish
838,condition,heart failure,0.7416,jellyfish
839,condition,pneumonia,0.7706,jellyfish
840,condition,pneumonia,0.7930,jellyfish
841,condition,pneumonia,0.7998,jellyfish
842,condition,pneumonia,0.7962,jellyfish
843,condition,pneumonia,0.7967,jellyfish
844,condition,pneumonia,0.7676,jellyfish
845,condition,surgical care improvement project,0.6076,jellyfish
846,condition,surgical infection prevention,0.6907,jellyfish
847,condition,surgical infection prevention,0.6934,jellyfish
848,condition,surgical care improvement projects,0.6891,jellyfish
849,condition,surgical care improvement projects,0.6335,jellyfish
850,condition,surgical care improvement project,0.7051,jellyfish
851,condition,surgical care improvement projects,0.7891,jellyfish
852,condition,surgical infection prevention,0.8280,jellyfish
853,condition,heart attack,0.7663,jellyfish
854,condition,heart attack,0.7628,jellyfish
855,condition,heart failure,0.6973,jellyfish
856,condition,heart attack,0.6814,jellyfish
857,condition,heart attack,0.7623,jellyfish
858,condition,heart attack,0.7294,jellyfish
859,condition,heart attack,0.7148,jellyfish
860,condition,heart failure,0.7967,jellyfish
861,condition,heart failure,0.6869,jellyfish
862,condition,heart failure,0.7932,jellyfish
863,condition,heart failure,0.7714,jellyfish
864,condition,pneumonia,0.7882,jellyfish
865,condition,pneumonia,0.7136,jellyfish
866,condition,pneumonia,0.7741,jellyfish
867,condition,pneumonia,0.7968,jellyfish
868,condition,pneumonia,0.7955,jellyfish
869,condition,pneumonia,0.7779,jellyfish
870,condition,catheter removal,0.6703,jellyfish
871,condition,surgical infection control,0.5726,jellyfish
872,condition,surgical care improvement projects,0.7018,jellyfish
873,condition,surgical care quality improvement,0.7035,jellyfish
874,condition,surgical care improvement projects,0.6386,jellyfish
875,condition,surgical infection prevention,0.6694,jellyfish
876,condition,surgical care improvement project for venous thromboembolism prevention,0.6001,jellyfish
877,condition,surgical care improvement projects,0.7611,jellyfish
878,condition,heart attack,0.6770,jellyfish
879,condition,heart attack,0.7647,jellyfish
880,condition,heart attack,0.7481,jellyfish
881,condition,heart attack,0.7818,jellyfish
882,condition,heart attack,0.6857,jellyfish
883,condition,heart attack,0.7111,jellyfish
884,condition,heart attack,0.6979,jellyfish
885,condition,pneumonia,0.7476,jellyfish
886,condition,heart failure,0.7199,jellyfish
887,condition,heart failure,0.7155,jellyfish
888,condition,heart failure,0.7327,jellyfish
889,condition,tuberculosis,0.7048,jellyfish
890,condition,pneumonia,0.8087,jellyfish
891,condition,pneumonia,0.7575,jellyfish
892,condition,pneumonia,0.6475,jellyfish
893,condition,pneumonia,0.7922,jellyfish
894,condition,pneumonia,0.7828,jellyfish
895,condition,surgical care improvement project,0.6921,jellyfish
896,condition,surgical infection prevention,0.5717,jellyfish
897,condition,surgical care improvement projects,0.7836,jellyfish
898,condition,infection prevention and control programs,0.6159,jellyfish
899,condition,surgical care improvement projects,0.6947,jellyfish
900,condition,surgical infection prevention,0.6925,jellyfish
901,condition,surgical care improvement projects,0.6526,jellyfish
902,condition,surgical care improvement projects,0.6854,jellyfish
903,condition,pediatric asthma care program,0.6160,jellyfish
904,condition,pediatric asthma care,0.5223,jellyfish
905,condition,children's asthma care,0.7547,jellyfish
906,condition,heart failure,0.7389,jellyfish
907,condition,heart attack,0.7439,jellyfish
908,condition,heart attack,0.7388,jellyfish
909,condition,heart attack,0.7846,jellyfish
910,condition,heart attack,0.7151,jellyfish
911,condition,heart failure,0.6946,jellyfish
912,condition,heart attack,0.5803,jellyfish
913,condition,heart failure,0.7907,jellyfish
914,condition,heart failure,0.7139,jellyfish
915,condition,heart failure,0.7429,jellyfish
916,condition,heart failure,0.7723,jellyfish
917,condition,bronchitis,0.7205,jellyfish
918,condition,pneumonia,0.7742,jellyfish
919,condition,pneumonia,0.7839,jellyfish
920,condition,pneumonia,0.7853,jellyfish
921,condition,pneumonia,0.7752,jellyfish
922,condition,pneumonia,0.7632,jellyfish
923,condition,surgical care improvement projects,0.6710,jellyfish
924,condition,surgical infection prevention,0.6800,jellyfish
925,condition,surgical care improvement projects,0.7079,jellyfish
926,condition,surgical care improvement projects,0.7319,jellyfish
927,condition,surgical care improvement projects,0.5483,jellyfish
928,condition,surgical infection prevention,0.7081,jellyfish
929,condition,surgical care improvement projects,0.6479,jellyfish
930,condition,surgical care improvement projects,0.7018,jellyfish
931,condition,heart failure,0.7486,jellyfish
932,condition,heart failure,0.7410,jellyfish
933,condition,heart failure,0.7528,jellyfish
934,condition,heart failure,0.7390,jellyfish
935,condition,heart failure,0.7408,jellyfish
936,condition,heart attack,0.5959,jellyfish
937,condition,heart attack,0.7224,jellyfish
938,condition,heart failure,0.7248,jellyfish
939,condition,heart failure,0.7334,jellyfish
940,condition,heart failure,0.7850,jellyfish
941,condition,heart failure,0.7934,jellyfish
942,condition,sepsis,0.7529,jellyfish
943,condition,pneumonia,0.7799,jellyfish
944,condition,pneumonia,0.7928,jellyfish
945,condition,pneumonia,0.7798,jellyfish
946,condition,pneumonia,0.7693,jellyfish
947,condition,bronchitis,0.7116,jellyfish
948,condition,surgical care improvement project,0.6057,jellyfish
949,condition,surgical care improvement project,0.6998,jellyfish
950,condition,surgical care improvement projects,0.5789,jellyfish
951,condition,surgical care quality improvement,0.7066,jellyfish
952,condition,surgical care improvement,0.6548,jellyfish
953,condition,surgical care improvement project,0.7686,jellyfish
954,condition,surgical care improvement project - ventilator-associated events prevention,0.5299,jellyfish
955,condition,surgical care improvement project for venous thromboembolism,0.7314,jellyfish
956,condition,heart attack,0.7403,jellyfish
957,condition,cardiac arrest,0.7361,jellyfish
958,condition,heart failure,0.7015,jellyfish
959,condition,cardiac arrest,0.7400,jellyfish
960,condition,heart failure,0.7058,jellyfish
961,condition,heart attack,0.6641,jellyfish
962,condition,cardiac arrest,0.6988,jellyfish
963,condition,heart failure,0.7819,jellyfish
964,condition,heart failure,0.7996,jellyfish
965,condition,heart failure,0.7236,jellyfish
966,condition,heart failure,0.8050,jellyfish
967,condition,bronchitis,0.7077,jellyfish
968,condition,pneumonia,0.6179,jellyfish
969,condition,pneumonia,0.7901,jellyfish
970,condition,pneumonia,0.7916,jellyfish
971,condition,pneumonia,0.7882,jellyfish
972,condition,pneumonia,0.7594,jellyfish
973,condition,surgical care improvement projects,0.6318,jellyfish
974,condition,surgical infection prevention,0.6954,jellyfish
975,condition,surgical infection prevention,0.7803,jellyfish
976,condition,surgical care improvement,0.7170,jellyfish
977,condition,infection control,0.7139,jellyfish
978,condition,surgical infection prevention,0.6929,jellyfish
979,condition,surgical care improvement projects,0.6531,jellyfish
980,condition,surgical care improvement project - venous thromboembolism (vte) - 2,0.6433,jellyfish
981,condition,heart attack,0.7735,jellyfish
982,condition,heart attack,0.7440,jellyfish
983,condition,heart failure,0.7720,jellyfish
984,condition,heart attack,0.7448,jellyfish
985,condition,heart attack,0.4491,jellyfish
986,condition,heart attack,0.7040,jellyfish
987,condition,heart attack,0.7594,jellyfish
988,condition,pneumonia,0.7581,jellyfish
989,condition,heart failure,0.8005,jellyfish
990,condition,heart failure,0.8017,jellyfish
991,condition,heart failure,0.7757,jellyfish
992,condition,pneumonia,0.7746,jellyfish
993,condition,pneumonia,0.7953,jellyfish
994,condition,pneumonia,0.8138,jellyfish
995,condition,pneumonia,0.8042,jellyfish
996,condition,pneumonia,0.8019,jellyfish
997,condition,pneumonia,0.7941,jellyfish
998,condition,surgical care improvement project,0.7673,jellyfish
999,condition,surgical infection prevention,0.6269,jellyfish
1000,condition,surgical infection prevention,0.6616,jellyfish
1,measure_code,scip-card-2,0.7672,jellyfish
2,measure_code,scip-inf-1,0.7608,jellyfish
3,measure_code,scip-inf-2,0.7904,jellyfish
4,measure_code,scip-inf-3,0.6875,jellyfish
5,measure_code,scip-inf-4,0.8257,jellyfish
6,measure_code,scip-inf-6,0.8298,jellyfish
7,measure_code,scip-vte-1,0.7625,jellyfish
8,measure_code,scip-vte-2,0.7854,jellyfish
9,measure_code,ami-1,0.7153,jellyfish
10,measure_code,ami-2,0.7970,jellyfish
11,measure_code,ami-3,0.7434,jellyfish
12,measure_code,ami-4,0.7979,jellyfish
13,measure_code,ami-5,0.7769,jellyfish
14,measure_code,ami-7b,0.7583,jellyfish
15,measure_code,ami-8b,0.6874,jellyfish
16,measure_code,hf-1,0.7226,jellyfish
17,measure_code,hf-2,0.8184,jellyfish
18,measure_code,hf-3,0.6979,jellyfish
19,measure_code,hf-4,0.7852,jellyfish
20,measure_code,ami-1,0.7806,jellyfish
21,measure_code,ami-2,0.7252,jellyfish
22,measure_code,ami-3,0.8056,jellyfish
23,measure_code,ami-4,0.7811,jellyfish
24,measure_code,ami-5,0.7883,jellyfish
25,measure_code,ami-7b,0.7540,jellyfish
26,measure_code,ami-8a,0.8200,jellyfish
27,measure_code,hf-1,0.8219,jellyfish
28,measure_code,hf-2,0.8041,jellyfish
29,measure_code,hf-3,0.7852,jellyfish
30,measure_code,hf-4,0.8041,jellyfish
31,measure_code,pn-2,0.7800,jellyfish
32,measure_code,pn-3b,0.8153,jellyfish
33,measure_code,pn-4,0.8161,jellyfish
34,measure_code,pn-5c,0.8342,jellyfish
35,measure_code,pn-6.1,0.6971,jellyfish
36,measure_code,pn-7,0.8005,jellyfish
37,measure_code,scip-card-2,0.7472,jellyfish
38,measure_code,scip-inf-1,0.7387,jellyfish
39,measure_code,scip-inf-2,0.7918,jellyfish
40,measure_code,scip-inf-3,0.7482,jellyfish
41,measure_code,scip-inf-4,0.8414,jellyfish
42,measure_code,scip-inf-6,0.7802,jellyfish
43,measure_code,scip-vte-1,0.7885,jellyfish
44,measure_code,scip-vte-2,0.7767,jellyfish
45,measure_code,ami-1,0.7883,jellyfish
46,measure_code,ami-2,0.7596,jellyfish
47,measure_code,ami-3,0.8078,jellyfish
48,measure_code,AMI-4,0.7034,jellyfish
49,measure_code,ami-5,0.7915,jellyfish
50,measure_code,ami-6c,0.7348,jellyfish
51,measure_code,ami-8a,0.7256,jellyfish
52,measure_code,hf-1,0.7635,jellyfish
53,measure_code,hf-2,0.6809,jellyfish
54,measure_code,hf-3,0.8070,jellyfish
55,measure_code,hf-4,0.8088,jellyfish
56,measure_code,pn-2,0.7882,jellyfish
57,measure_code,pn-3b,0.7556,jellyfish
58,measure_code,pn-4,0.7862,jellyfish
59,measure_code,pn-5c,0.6829,jellyfish
60,measure_code,pn-6,0.7995,jellyfish
61,measure_code,pn-7.1.1.1.1.1.1.1.1.1.1.1.1.1.1.,0.8442,jellyfish
62,measure_code,scip-card-2,0.7901,jellyfish
63,measure_code,scip-inf-1,0.7845,jellyfish
64,measure_code,scip-inf-2,0.7654,jellyfish
65,measure_code,scip-inf-3,0.7053,jellyfish
66,measure_code,scip-inf-4,0.8272,jellyfish
67,measure_code,scip-inf-6,0.7168,jellyfish
68,measure_code,scip-vte-1,0.7594,jellyfish
69,measure_code,scip-vte-2,0.7518,jellyfish
70,measure_code,ami-2,0.5637,jellyfish
71,measure_code,ami-2,0.7621,jellyfish
72,measure_code,ami-3,0.7908,jellyfish
73,measure_code,ami-4.1,0.6233,jellyfish
74,measure_code,ami-5,0.7769,jellyfish
75,measure_code,ami-7a,0.7403,jellyfish
76,measure_code,ami-8a,0.6927,jellyfish
77,measure_code,hf-1,0.7907,jellyfish
78,measure_code,hf-2,0.7636,jellyfish
79,measure_code,hf-3,0.8089,jellyfish
80,measure_code,hf-4,0.6915,jellyfish
81,measure_code,pn-2,0.7388,jellyfish
82,measure_code,pn-3b,0.6235,jellyfish
83,measure_code,pn-4,0.7880,jellyfish
84,measure_code,pn-5c,0.8173,jellyfish
85,measure_code,pn-6.1,0.6062,jellyfish
86,measure_code,pn-7.1.1.1.1.1.1.1.1.1.1.1.1.1.1.,0.8570,jellyfish
87,measure_code,scip-card-2,0.7622,jellyfish
88,measure_code,scip-inf-1,0.8072,jellyfish
89,measure_code,scip-inf-2,0.8130,jellyfish
90,measure_code,scip-inf-3,0.8031,jellyfish
91,measure_code,scip-inf-4,0.7825,jellyfish
92,measure_code,scip-inf-6,0.7773,jellyfish
93,measure_code,scip-vte-1,0.7955,jellyfish
94,measure_code,scip-vte-2,0.7988,jellyfish
95,measure_code,ami-1,0.6876,jellyfish
96,measure_code,ami-2,0.7547,jellyfish
97,measure_code,ami-3,0.7126,jellyfish
98,measure_code,axi-4,0.7212,jellyfish
99,measure_code,ami-5,0.7069,jellyfish
100,measure_code,ami-7b,0.6253,jellyfish
101,measure_code,ami-7a,0.7312,jellyfish
102,measure_code,hfx2,0.4062,jellyfish
103,measure_code,hf-2,0.7960,jellyfish
104,measure_code,hf-3,0.7935,jellyfish
105,measure_code,hf-4,0.7375,jellyfish
106,measure_code,pn-2.1.76.1.1.1.1.1.1.1.1.1.1.1.1.,0.7404,jellyfish
107,measure_code,pn-3b,0.7998,jellyfish
108,measure_code,pn-4,0.6885,jellyfish
109,measure_code,pnx6c,0.6458,jellyfish
110,measure_code,pn-6.1,0.6289,jellyfish
111,measure_code,pn-7.1a.1.1.1.1.1.1.1.1.1.1.1.1.1,0.8471,jellyfish
112,measure_code,scip-card-2,0.7892,jellyfish
113,measure_code,scip-inf-1,0.7405,jellyfish
114,measure_code,scip-inf-2,0.7696,jellyfish
115,measure_code,scip-inf-3,0.7732,jellyfish
116,measure_code,scip-inf-4,0.8094,jellyfish
117,measure_code,scip-inf-6,0.7509,jellyfish
118,measure_code,scip-vte-1,0.7837,jellyfish
119,measure_code,scip-vte-2,0.7979,jellyfish
120,measure_code,ami-1,0.6646,jellyfish
121,measure_code,axi-3,0.6193,jellyfish
122,measure_code,ami-3,0.6587,jellyfish
123,measure_code,AMI-4,0.6949,jellyfish
124,measure_code,ami-5,0.7369,jellyfish
125,measure_code,AMI-7B,0.7236,jellyfish
126,measure_code,AMI-8A,0.7409,jellyfish
127,measure_code,hf-1,0.7998,jellyfish
128,measure_code,hf-2,0.7507,jellyfish
129,measure_code,hf-3,0.7046,jellyfish
130,measure_code,hf-4,0.7198,jellyfish
131,measure_code,pn-2.1.1.1.1.1.1.1.1.1.1.1.1.1.1.,0.8099,jellyfish
132,measure_code,pn-3b,0.6817,jellyfish
133,measure_code,pn-4.1a.1.1.1.1.1.1.1.1.1.1.1.1.1,0.8324,jellyfish
134,measure_code,pn-5c,0.8190,jellyfish
135,measure_code,pn-6.1,0.5788,jellyfish
136,measure_code,pn-7.1.1.1.1.1.1.1.1.1.1.1.1.1.1.,0.8558,jellyfish
137,measure_code,scip-card-2,0.7828,jellyfish
138,measure_code,scip-inf-1,0.7491,jellyfish
139,measure_code,scip-inf-2,0.7815,jellyfish
140,measure_code,scip-inf-3,0.7912,jellyfish
141,measure_code,scip-inf-4,0.7648,jellyfish
142,measure_code,scip-inf-6,0.7495,jellyfish
143,measure_code,scip-vte-1,0.7146,jellyfish
144,measure_code,scip-vte-2,0.8011,jellyfish
145,measure_code,ami-1,0.7793,jellyfish
146,measure_code,ami-2.1,0.6655,jellyfish
147,measure_code,ami-3,0.7858,jellyfish
148,measure_code,ami-4.1,0.6767,jellyfish
149,measure_code,ami-5,0.6832,jellyfish
150,measure_code,AMI-7A,0.6762,jellyfish
151,measure_code,ami-6c,0.7163,jellyfish
152,measure_code,hf-1,0.7261,jellyfish
153,measure_code,hf-2,0.7592,jellyfish
154,measure_code,hf-3,0.7865,jellyfish
155,measure_code,hf-4,0.7557,jellyfish
156,measure_code,pn-2,0.7503,jellyfish
157,measure_code,pn-3b,0.7579,jellyfish
158,measure_code,pn-4,0.7901,jellyfish
159,measure_code,pn-5c,0.7210,jellyfish
160,measure_code,pn-6.1.1.1.1.1.1.1.1.1.1.1.1.1.1.,0.8221,jellyfish
161,measure_code,pn-7.1a.1.1.1.1.1.1.1.1.1.1.1.1.1,0.8563,jellyfish
162,measure_code,scip-card-2,0.7479,jellyfish
163,measure_code,scip-inf-1,0.8169,jellyfish
164,measure_code,scip-inf-2,0.7960,jellyfish
165,measure_code,scip-inf-3,0.7701,jellyfish
166,measure_code,scip-inf-4,0.7410,jellyfish
167,measure_code,scip-inf-6,0.7929,jellyfish
168,measure_code,scip-vte-1,0.8117,jellyfish
169,measure_code,scip-vte-2,0.8121,jellyfish
170,measure_code,ami-1,0.6342,jellyfish
171,measure_code,ami-2,0.7954,jellyfish
172,measure_code,ami-3,0.7193,jellyfish
173,measure_code,ami-4,0.7804,jellyfish
174,measure_code,ami-5,0.7689,jellyfish
175,measure_code,ami-7a,0.7507,jellyfish
176,measure_code,ami-7a,0.7283,jellyfish
177,measure_code,hf-1,0.8264,jellyfish
178,measure_code,hf-rxv,0.6185,jellyfish
179,measure_code,hf-3,0.7680,jellyfish
180,measure_code,hf-4,0.7917,jellyfish
181,measure_code,pn-2,0.7932,jellyfish
182,measure_code,pn-3b,0.8327,jellyfish
183,measure_code,pn-4,0.6791,jellyfish
184,measure_code,pn-5c,0.7891,jellyfish
185,measure_code,pn-6.1.1.1.1.1.1.1.1.1.1.1.1.1.1.,0.8296,jellyfish
186,measure_code,pn-7,0.8123,jellyfish
187,measure_code,scip-card-2,0.8449,jellyfish
188,measure_code,scip-inf-1,0.7396,jellyfish
189,measure_code,scip-inf-2,0.7510,jellyfish
190,measure_code,scip-inf-3,0.6560,jellyfish
191,measure_code,scip-inf-4,0.7181,jellyfish
192,measure_code,scip-inf-6,0.7755,jellyfish
193,measure_code,scip-vte-1,0.7587,jellyfish
194,measure_code,scip-vte-2,0.7391,jellyfish
195,measure_code,ami-1,0.7763,jellyfish
196,measure_code,ami-2,0.8053,jellyfish
197,measure_code,ami-3,0.7660,jellyfish
198,measure_code,ami-4,0.8029,jellyfish
199,measure_code,ami-5,0.7725,jellyfish
200,measure_code,ami-7a,0.7531,jellyfish
201,measure_code,ami-8a,0.7688,jellyfish
202,measure_code,hf-1,0.7936,jellyfish
203,measure_code,hf-2,0.8083,jellyfish
204,measure_code,hf-3,0.7559,jellyfish
205,measure_code,hf-4,0.7775,jellyfish
206,measure_code,pn-2,0.7456,jellyfish
207,measure_code,pn-3b,0.8351,jellyfish
208,measure_code,pn-4,0.7447,jellyfish
209,measure_code,pn-5c,0.8256,jellyfish
210,measure_code,pn-6.1,0.7883,jellyfish
211,measure_code,pn-7,0.6148,jellyfish
212,measure_code,scip-card-2,0.7819,jellyfish
213,measure_code,scip-inf-1,0.7774,jellyfish
214,measure_code,scip-inf-2,0.7388,jellyfish
215,measure_code,scip-inf-3,0.8104,jellyfish
216,measure_code,scip-inf-4,0.8450,jellyfish
217,measure_code,scip-inf-6,0.8406,jellyfish
218,measure_code,scip-vte-1,0.7458,jellyfish
219,measure_code,scip-vte-2,0.8251,jellyfish
220,measure_code,ami-1,0.7625,jellyfish
221,measure_code,ami-2,0.6812,jellyfish
222,measure_code,ami-3,0.7837,jellyfish
223,measure_code,ami-4,0.7813,jellyfish
224,measure_code,ami-5,0.7181,jellyfish
225,measure_code,ami-7a,0.8387,jellyfish
226,measure_code,ami-6c,0.6387,jellyfish
227,measure_code,hf-1,0.8256,jellyfish
228,measure_code,hf-2,0.7545,jellyfish
229,measure_code,hf-3,0.8111,jellyfish
230,measure_code,hf-4.0a.1.1.1.1.1.1.1.1.1.1.1.1.1,0.7655,jellyfish
231,measure_code,pn-2,0.6766,jellyfish
232,measure_code,pn-3b,0.7702,jellyfish
233,measure_code,pn-4,0.8078,jellyfish
234,measure_code,pn-5c,0.7783,jellyfish
235,measure_code,pn-6.1,0.7029,jellyfish
236,measure_code,pn-7.1.1.1.1.1.1.1.1.1.1.1.1.1.1.,0.8400,jellyfish
237,measure_code,scip-card-2,0.7513,jellyfish
238,measure_code,scip-inf-1,0.8214,jellyfish
239,measure_code,scip-inf-2,0.8018,jellyfish
240,measure_code,scip-inf-3,0.7748,jellyfish
241,measure_code,scip-inf-4,0.8319,jellyfish
242,measure_code,scip-inf-6,0.7483,jellyfish
243,measure_code,scip-vte-1,0.8217,jellyfish
244,measure_code,scip-vte-2,0.8291,jellyfish
245,measure_code,ami-1,0.7354,jellyfish
246,measure_code,ami-1,0.7059,jellyfish
247,measure_code,ami-3,0.7361,jellyfish
248,measure_code,AMI-4,0.7035,jellyfish
249,measure_code,ami-5,0.6644,jellyfish
250,measure_code,ami-7a,0.8185,jellyfish
251,measure_code,ami-8a,0.8022,jellyfish
252,measure_code,hf-1,0.7372,jellyfish
253,measure_code,hf-2,0.7785,jellyfish
254,measure_code,hf-3,0.6779,jellyfish
255,measure_code,hf-4,0.8117,jellyfish
256,measure_code,pn-2,0.7792,jellyfish
257,measure_code,pn-3b,0.7495,jellyfish
258,measure_code,pn-4,0.7924,jellyfish
259,measure_code,pn-5c,0.6859,jellyfish
260,measure_code,pn-6,0.7941,jellyfish
261,measure_code,pn-7,0.7831,jellyfish
262,measure_code,scip-card-2,0.7847,jellyfish
263,measure_code,scip-inf-1,0.8112,jellyfish
264,measure_code,scip-inf-2,0.7538,jellyfish
265,measure_code,scip-inf-3,0.8262,jellyfish
266,measure_code,scip-inf-4,0.8382,jellyfish
267,measure_code,scip-inf-6,0.7717,jellyfish
268,measure_code,scip-vte-1,0.7881,jellyfish
269,measure_code,scip-vte-2,0.7698,jellyfish
270,measure_code,ami-1,0.7616,jellyfish
271,measure_code,ami-2,0.7201,jellyfish
272,measure_code,ami-3,0.7491,jellyfish
273,measure_code,ami-4,0.7799,jellyfish
274,measure_code,ami-5,0.7741,jellyfish
275,measure_code,ami-7a,0.7721,jellyfish
276,measure_code,ami-6c,0.6658,jellyfish
277,measure_code,hf-1,0.7950,jellyfish
278,measure_code,hf-2,0.8100,jellyfish
279,measure_code,hf-3,0.7220,jellyfish
280,measure_code,hf-4,0.7791,jellyfish
281,measure_code,pn-2,0.6832,jellyfish
282,measure_code,pn-3b,0.7292,jellyfish
283,measure_code,pn-4,0.8139,jellyfish
284,measure_code,pn-5c,0.7031,jellyfish
285,measure_code,pn-6,0.7589,jellyfish
286,measure_code,pn-7,0.7563,jellyfish
287,measure_code,scip-card-2,0.7468,jellyfish
288,measure_code,scip-inf-1,0.8329,jellyfish
289,measure_code,scip-inf-2,0.8196,jellyfish
290,measure_code,scip-inf-3,0.7932,jellyfish
291,measure_code,scip-inf-4,0.6357,jellyfish
292,measure_code,scip-inf-6,0.7318,jellyfish
293,measure_code,scip-vte-1,0.7097,jellyfish
294,measure_code,scip-vte-2,0.7742,jellyfish
295,measure_code,AMI-1,0.6980,jellyfish
296,measure_code,ami-2,0.7495,jellyfish
297,measure_code,ami-3,0.7378,jellyfish
298,measure_code,AMI-4,0.6637,jellyfish
299,measure_code,ami-5,0.7421,jellyfish
300,measure_code,ami-7a,0.6977,jellyfish
301,measure_code,ami-6a,0.7277,jellyfish
302,measure_code,hf-1,0.7848,jellyfish
303,measure_code,hf-2,0.8102,jellyfish
304,measure_code,hf-3,0.7683,jellyfish
305,measure_code,hf-4,0.6930,jellyfish
306,measure_code,pn-2,0.7784,jellyfish
307,measure_code,pn-3b,0.8382,jellyfish
308,measure_code,pn-4.1,0.6093,jellyfish
309,measure_code,pn-5c,0.6885,jellyfish
310,measure_code,pn-6.1,0.6663,jellyfish
311,measure_code,pn-7.1,0.6457,jellyfish
312,measure_code,cac-2,0.7178,jellyfish
313,measure_code,cac-3,0.6483,jellyfish
314,measure_code,ami-1,0.7344,jellyfish
315,measure_code,ami-2,0.7541,jellyfish
316,measure_code,ami-3,0.6999,jellyfish
317,measure_code,ami-4,0.7900,jellyfish
318,measure_code,ami-5,0.7057,jellyfish
319,measure_code,ami-7a,0.7866,jellyfish
320,measure_code,ami-8a,0.7842,jellyfish
321,measure_code,hf-1,0.7818,jellyfish
322,measure_code,hf-2,0.6883,jellyfish
323,measure_code,hf-3,0.8094,jellyfish
324,measure_code,hf-4,0.8000,jellyfish
325,measure_code,pn-2,0.7937,jellyfish
326,measure_code,pn-3b,0.8325,jellyfish
327,measure_code,pn-4,0.7946,jellyfish
328,measure_code,pn-5c,0.8032,jellyfish
329,measure_code,pn-6.1,0.6206,jellyfish
330,measure_code,pn-7,0.7383,jellyfish
331,measure_code,scip-card-2,0.7788,jellyfish
332,measure_code,hf-2,0.7817,jellyfish
333,measure_code,hf-3,0.7834,jellyfish
334,measure_code,hf-4,0.7970,jellyfish
335,measure_code,pn-2,0.7688,jellyfish
336,measure_code,pn-3b,0.8349,jellyfish
337,measure_code,pn-4.1.1.1.1.1.1.1.1.1.1.1.1.1.1.,0.8582,jellyfish
338,measure_code,pn-5c,0.7037,jellyfish
339,measure_code,pn-6.1,0.7074,jellyfish
340,measure_code,pn-7,0.7764,jellyfish
341,measure_code,scip-card-2,0.7842,jellyfish
342,measure_code,scip-inf-1,0.7411,jellyfish
343,measure_code,scip-inf-2,0.7575,jellyfish
344,measure_code,scip-inf-3,0.7368,jellyfish
345,measure_code,scip-inf-4,0.8093,jellyfish
346,measure_code,scip-inf-6,0.7940,jellyfish
347,measure_code,scip-vte-1,0.7726,jellyfish
348,measure_code,scip-vte-2,0.6822,jellyfish
349,measure_code,ami-1,0.7449,jellyfish
350,measure_code,amix4,0.6825,jellyfish
351,measure_code,ami-3,0.7866,jellyfish
352,measure_code,ami-4,0.7941,jellyfish
353,measure_code,ami-5,0.7740,jellyfish
354,measure_code,scip-vte-2,0.7765,jellyfish
355,measure_code,ami-1,0.7726,jellyfish
356,measure_code,ami-2,0.7725,jellyfish
357,measure_code,ami-3,0.7470,jellyfish
358,measure_code,ami-4,0.7239,jellyfish
359,measure_code,ami-5,0.7853,jellyfish
360,measure_code,ami-7a,0.7260,jellyfish
361,measure_code,AMI-8A,0.6644,jellyfish
362,measure_code,hf-1,0.7952,jellyfish
363,measure_code,hf-2,0.8000,jellyfish
364,measure_code,hf-3,0.7777,jellyfish
365,measure_code,hf-4,0.8055,jellyfish
366,measure_code,pn-2,0.7582,jellyfish
367,measure_code,pn-3b,0.6865,jellyfish
368,measure_code,pn-4,0.7750,jellyfish
369,measure_code,pn-5c,0.7167,jellyfish
370,measure_code,pn-6a,0.6615,jellyfish
371,measure_code,pn-7,0.7684,jellyfish
372,measure_code,scip-card-2,0.7600,jellyfish
373,measure_code,scip-inf-1,0.7619,jellyfish
374,measure_code,scip-inf-2,0.7825,jellyfish
375,measure_code,scip-inf-3,0.7311,jellyfish
376,measure_code,scip-inf-4,0.7340,jellyfish
377,measure_code,scip-inf-6,0.7877,jellyfish
378,measure_code,scip-vte-1,0.7634,jellyfish
379,measure_code,scip-vte-2,0.7618,jellyfish
380,measure_code,ami-1,0.7969,jellyfish
381,measure_code,ami-2,0.7416,jellyfish
382,measure_code,ami-3,0.7076,jellyfish
383,measure_code,ami-4,0.7681,jellyfish
384,measure_code,ami-5,0.7736,jellyfish
385,measure_code,ami-7a,0.8047,jellyfish
386,measure_code,ami-7a,0.7265,jellyfish
387,measure_code,hf-1,0.6756,jellyfish
388,measure_code,hf-2,0.7522,jellyfish
389,measure_code,hf-3,0.7018,jellyfish
390,measure_code,hf-4,0.7974,jellyfish
391,measure_code,pn-2,0.7815,jellyfish
392,measure_code,pn-3b,0.7528,jellyfish
393,measure_code,ami-2,0.7834,jellyfish
394,measure_code,ami-3,0.6843,jellyfish
395,measure_code,AMI-4,0.6430,jellyfish
396,measure_code,ami-5,0.6787,jellyfish
397,measure_code,ami-7a,0.7015,jellyfish
398,measure_code,ami-8a,0.7226,jellyfish
399,measure_code,hx-1,0.7317,jellyfish
400,measure_code,hf-2,0.7674,jellyfish
401,measure_code,hf-3,0.7424,jellyfish
402,measure_code,hf-4,0.8153,jellyfish
403,measure_code,pn-2,0.7789,jellyfish
404,measure_code,pn-3b,0.7809,jellyfish
405,measure_code,pn-4,0.7940,jellyfish
406,measure_code,pn-5c,0.6810,jellyfish
407,measure_code,pn-6.1,0.6943,jellyfish
408,measure_code,pn-7,0.7686,jellyfish
409,measure_code,scip-card-2,0.8001,jellyfish
410,measure_code,scipinf-1surgprophylaxis,0.6506,jellyfish
411,measure_code,scip-inf-2,0.7957,jellyfish
412,measure_code,scip-inf-7,0.7326,jellyfish
413,measure_code,scip-vte-1,0.7946,jellyfish
414,measure_code,scip-vte-2,0.7992,jellyfish
415,measure_code,ami-1,0.7879,jellyfish
416,measure_code,ami-2,0.7900,jellyfish
417,measure_code,ami-3,0.7776,jellyfish
418,measure_code,AMI-4,0.6646,jellyfish
419,measure_code,ami-5,0.7901,jellyfish
420,measure_code,ami-7a,0.7257,jellyfish
421,measure_code,ami-8a,0.7885,jellyfish
422,measure_code,hf-1,0.7793,jellyfish
423,measure_code,hf-2,0.7640,jellyfish
424,measure_code,hf-3,0.7880,jellyfish
425,measure_code,hf-4,0.7868,jellyfish
426,measure_code,pn-2,0.7531,jellyfish
427,measure_code,pn-3b,0.6700,jellyfish
428,measure_code,pn-4,0.7344,jellyfish
429,measure_code,pn-5c,0.6382,jellyfish
430,measure_code,pn-6.1,0.6143,jellyfish
431,measure_code,pn-7,0.6244,jellyfish
432,measure_code,scip-card-2,0.7328,jellyfish
433,measure_code,hf-1,0.8056,jellyfish
434,measure_code,hf-2,0.7256,jellyfish
435,measure_code,hf-3,0.6494,jellyfish
436,measure_code,hf-4,0.8055,jellyfish
437,measure_code,pn-2,0.7595,jellyfish
438,measure_code,pn-3b,0.7769,jellyfish
439,measure_code,pn-4,0.7408,jellyfish
440,measure_code,pn-5c,0.7622,jellyfish
441,measure_code,pn-6.1,0.6602,jellyfish
442,measure_code,pn-7.1a.1.1.1.1.1.1.1.1.1.1.1.1.1,0.8411,jellyfish
443,measure_code,scip-card-2,0.7573,jellyfish
444,measure_code,scip-inf-1,0.8115,jellyfish
445,measure_code,scip-inf-2,0.8070,jellyfish
446,measure_code,scip-inf-3,0.7169,jellyfish
447,measure_code,scip-inf-4,0.7830,jellyfish
448,measure_code,scip-inf-6,0.7455,jellyfish
449,measure_code,scip-vte-1,0.7679,jellyfish
450,measure_code,scip-vte-2,0.8181,jellyfish
451,measure_code,ami-1,0.7852,jellyfish
452,measure_code,ami-2,0.7188,jellyfish
453,measure_code,pn-2,0.7645,jellyfish
454,measure_code,pn-3b,0.8059,jellyfish
455,measure_code,pn-4,0.7997,jellyfish
456,measure_code,pn-5c,0.7160,jellyfish
457,measure_code,pn-6.1,0.6679,jellyfish
458,measure_code,pn-7,0.7943,jellyfish
459,measure_code,scip-card-2,0.7654,jellyfish
460,measure_code,scip-inf-1,0.7788,jellyfish
461,measure_code,scip-inf-2,0.6462,jellyfish
462,measure_code,scip-inf-3,0.7575,jellyfish
463,measure_code,scip-inf-4,0.8001,jellyfish
464,measure_code,scip-inf-6,0.7707,jellyfish
465,measure_code,sxip-vte-1,0.7309,jellyfish
466,measure_code,scip-vte-2,0.8203,jellyfish
467,measure_code,ami-1,0.7863,jellyfish
468,measure_code,ami-2,0.8039,jellyfish
469,measure_code,ami-3,0.7543,jellyfish
470,measure_code,ami-4,0.7640,jellyfish
471,measure_code,ami-5,0.7691,jellyfish
472,measure_code,ami-7a,0.7168,jellyfish
473,measure_code,ami-6c,0.6891,jellyfish
474,measure_code,hf-1,0.7892,jellyfish
475,measure_code,hf-2,0.7808,jellyfish
476,measure_code,hf-3,0.8056,jellyfish
477,measure_code,hf-4,0.7836,jellyfish
478,measure_code,pn-2,0.7450,jellyfish
479,measure_code,pn-3b,0.8386,jellyfish
480,measure_code,pn-4,0.7694,jellyfish
481,measure_code,pn-5c,0.8372,jellyfish
482,measure_code,pn-6.1,0.6395,jellyfish
483,measure_code,pn-7.1a.1.1.1.1.1.1.1.1.1.1.1.1.1,0.8375,jellyfish
484,measure_code,scip-card-2,0.8198,jellyfish
485,measure_code,scip-inf-1,0.6986,jellyfish
486,measure_code,scip-inf-2,0.7060,jellyfish
487,measure_code,scip-inf-3,0.7919,jellyfish
488,measure_code,scip-inf-4,0.7942,jellyfish
489,measure_code,scip-inf-6,0.8397,jellyfish
490,measure_code,scip-vte-1,0.7421,jellyfish
491,measure_code,scip-vte-2,0.7600,jellyfish
492,measure_code,ami-1,0.7727,jellyfish
493,measure_code,ami-2,0.7650,jellyfish
494,measure_code,ami-3,0.7486,jellyfish
495,measure_code,ami-4.1,0.6580,jellyfish
496,measure_code,AMI-7,0.6491,jellyfish
497,measure_code,ami-7a,0.8150,jellyfish
498,measure_code,ami-8a,0.7614,jellyfish
499,measure_code,hf-1,0.7746,jellyfish
500,measure_code,hf-2,0.8391,jellyfish
501,measure_code,hf-3,0.7806,jellyfish
502,measure_code,hf-4,0.7892,jellyfish
503,measure_code,pn-2,0.7088,jellyfish
504,measure_code,pn-3b,0.7872,jellyfish
505,measure_code,pn-4.1,0.6109,jellyfish
506,measure_code,pn-5c,0.6905,jellyfish
507,measure_code,pn-6.1a.1.1.1.1.1.1.1.1.1.1.1.1.1,0.8423,jellyfish
508,measure_code,pn-7,0.7351,jellyfish
509,measure_code,scip-card-2.1a.1. Implementation of Antimicrobial Stewardship Core Element Measure.1.1.1.1.1,0.5754,jellyfish
510,measure_code,scip-inf-1,0.7958,jellyfish
511,measure_code,scip-inf-2,0.7999,jellyfish
512,measure_code,scip-inf-3,0.8126,jellyfish
513,measure_code,scip-inf-4,0.8383,jellyfish
514,measure_code,scip-inf-6,0.8339,jellyfish
515,measure_code,scip-vte-1,0.7668,jellyfish
516,measure_code,scip-vte-2,0.8504,jellyfish
517,measure_code,ami-1,0.7408,jellyfish
518,measure_code,ami-2,0.7936,jellyfish
519,measure_code,ami-3,0.6912,jellyfish
520,measure_code,ami-4,0.7858,jellyfish
521,measure_code,ami-5,0.7795,jellyfish
522,measure_code,AMI-7B,0.6938,jellyfish
523,measure_code,ami-8a,0.7512,jellyfish
524,measure_code,hf-1,0.7032,jellyfish
525,measure_code,hf-2,0.7783,jellyfish
526,measure_code,hf-3,0.7408,jellyfish
527,measure_code,hf-4,0.7601,jellyfish
528,measure_code,pn-2,0.7915,jellyfish
529,measure_code,pn-3b,0.8039,jellyfish
530,measure_code,pn-4,0.7832,jellyfish
531,measure_code,pn-5c,0.8274,jellyfish
532,measure_code,pn-6.1,0.6316,jellyfish
533,measure_code,pn-7,0.6551,jellyfish
534,measure_code,scip-card-2,0.7342,jellyfish
535,measure_code,scip-inf-1,0.7423,jellyfish
536,measure_code,scip-inf-2,0.7636,jellyfish
537,measure_code,scip-inf-3,0.7461,jellyfish
538,measure_code,scip-inf-4,0.7692,jellyfish
539,measure_code,scip-inf-6,0.7386,jellyfish
540,measure_code,scip-vte-1,0.7873,jellyfish
541,measure_code,scip-vte-2,0.7894,jellyfish
542,measure_code,ami-1,0.7784,jellyfish
543,measure_code,ami-2,0.6291,jellyfish
544,measure_code,ami-3,0.7639,jellyfish
545,measure_code,AMI-4,0.6877,jellyfish
546,measure_code,ami-5,0.7784,jellyfish
547,measure_code,ami-7a,0.6795,jellyfish
548,measure_code,ami-7a,0.7106,jellyfish
549,measure_code,hf-1,0.7741,jellyfish
550,measure_code,hf-2,0.8083,jellyfish
551,measure_code,hf-3,0.6754,jellyfish
552,measure_code,hf-4,0.8057,jellyfish
553,measure_code,pn-2.1.126.1.1.1.1.1.1.1.1.1.1.1.1.,0.7296,jellyfish
554,measure_code,pn-3b,0.7240,jellyfish
555,measure_code,pn-4,0.7985,jellyfish
556,measure_code,pn-5c,0.7300,jellyfish
557,measure_code,pn-6.1,0.5886,jellyfish
558,measure_code,pn-7,0.7822,jellyfish
559,measure_code,scip-card-2,0.7406,jellyfish
560,measure_code,scip-inf-1,0.8013,jellyfish
561,measure_code,scip-inf-2,0.8026,jellyfish
562,measure_code,scip-inf-3,0.7847,jellyfish
563,measure_code,scip-inf-4,0.6709,jellyfish
564,measure_code,scip-inf-6,0.7715,jellyfish
565,measure_code,scip-vte-1,0.7599,jellyfish
566,measure_code,scip-vte-2,0.7725,jellyfish
567,measure_code,ami-1,0.7435,jellyfish
568,measure_code,ami-2,0.7548,jellyfish
569,measure_code,ami-3,0.7984,jellyfish
570,measure_code,ami-4,0.7382,jellyfish
571,measure_code,ami-5,0.7725,jellyfish
572,measure_code,ami-7a,0.7592,jellyfish
573,measure_code,ami-8a,0.7498,jellyfish
574,measure_code,hf-1,0.8130,jellyfish
575,measure_code,hf-2,0.7307,jellyfish
576,measure_code,hf-3,0.7840,jellyfish
577,measure_code,hf-4,0.8060,jellyfish
578,measure_code,pn-2,0.7756,jellyfish
579,measure_code,pn-3b,0.6868,jellyfish
580,measure_code,pn-4,0.7771,jellyfish
581,measure_code,px-5c,0.7095,jellyfish
582,measure_code,pn-6.1,0.6604,jellyfish
583,measure_code,pn-7,0.7587,jellyfish
584,measure_code,scip-card-2,0.7478,jellyfish
585,measure_code,scip-inf-1,0.6453,jellyfish
586,measure_code,scip-inf-2,0.7905,jellyfish
587,measure_code,scip-inf-3,0.7771,jellyfish
588,measure_code,scip-inf-4,0.7198,jellyfish
589,measure_code,scip-inf-6,0.8025,jellyfish
590,measure_code,scip-vte-1,0.7529,jellyfish
591,measure_code,scip-vte-2,0.7877,jellyfish
592,measure_code,ami-1,0.7515,jellyfish
593,measure_code,ami-2,0.7164,jellyfish
594,measure_code,ami-3,0.7736,jellyfish
595,measure_code,AMI-4,0.6460,jellyfish
596,measure_code,ami-5,0.7319,jellyfish
597,measure_code,ami-7a,0.6995,jellyfish
598,measure_code,AMI-8A,0.6340,jellyfish
599,measure_code,hf-1,0.6267,jellyfish
600,measure_code,hf-2,0.8079,jellyfish
601,measure_code,hf-3,0.7842,jellyfish
602,measure_code,hf-4,0.7860,jellyfish
603,measure_code,pn-2.0,0.6250,jellyfish
604,measure_code,pn-3b,0.7751,jellyfish
605,measure_code,pn-4,0.7999,jellyfish
606,measure_code,pn-5c,0.7534,jellyfish
607,measure_code,pn-6.1,0.6504,jellyfish
608,measure_code,pn-7,0.7656,jellyfish
609,measure_code,scip-card-2,0.7176,jellyfish
610,measure_code,scip-inf-1,0.7675,jellyfish
611,measure_code,scip-inf-2,0.7501,jellyfish
612,measure_code,scip-inf-3,0.8109,jellyfish
613,measure_code,scip-inf-4,0.8248,jellyfish
614,measure_code,scip-inf-6,0.7007,jellyfish
615,measure_code,scip-vte-1,0.8284,jellyfish
616,measure_code,scip-vte-2,0.7876,jellyfish
617,measure_code,ami-1,0.7885,jellyfish
618,measure_code,ami-2,0.7758,jellyfish
619,measure_code,ami-3,0.7828,jellyfish
620,measure_code,ami-4,0.7951,jellyfish
621,measure_code,ami-5,0.7920,jellyfish
622,measure_code,ami-7a,0.7349,jellyfish
623,measure_code,ami-8a,0.7566,jellyfish
624,measure_code,hf-1,0.7714,jellyfish
625,measure_code,hf-2,0.7844,jellyfish
626,measure_code,hf-3,0.6770,jellyfish
627,measure_code,hf-4,0.8106,jellyfish
628,measure_code,pn-2,0.8000,jellyfish
629,measure_code,pn-3b,0.8302,jellyfish
630,measure_code,pn-4,0.7984,jellyfish
631,measure_code,pn-5c,0.6006,jellyfish
632,measure_code,pn-6.1,0.5831,jellyfish
633,measure_code,pn-7,0.7615,jellyfish
634,measure_code,scip-card-2,0.8374,jellyfish
635,measure_code,scip-inf-1,0.7302,jellyfish
636,measure_code,scip-inf-2,0.7623,jellyfish
637,measure_code,scip-inf-3,0.7856,jellyfish
638,measure_code,scip-inf-4,0.7488,jellyfish
639,measure_code,scip-inf-6,0.7831,jellyfish
640,measure_code,scip-vte-1,0.7301,jellyfish
641,measure_code,scip-vte-2,0.8439,jellyfish
642,measure_code,ami-1,0.7767,jellyfish
643,measure_code,ami-2,0.7555,jellyfish
644,measure_code,ami-3,0.7515,jellyfish
645,measure_code,ami-4,0.7650,jellyfish
646,measure_code,ami-5,0.7297,jellyfish
647,measure_code,ami-7a,0.6842,jellyfish
648,measure_code,ami-6c,0.6517,jellyfish
649,measure_code,hfx2,0.6413,jellyfish
650,measure_code,hf-2,0.8019,jellyfish
651,measure_code,hf-3,0.7964,jellyfish
652,measure_code,hf-4x,0.6281,jellyfish
653,measure_code,pn-2.0,0.5877,jellyfish
654,measure_code,pn-3b,0.8390,jellyfish
655,measure_code,pn-4.1.1.1.1.1.1.1.1.1.1.1.1.1.1.,0.8549,jellyfish
656,measure_code,pn-5c,0.6980,jellyfish
657,measure_code,pn-6.1,0.7125,jellyfish
658,measure_code,pn-7.1.1.1.1.1.1.1.1.1.1.1.1.1.1.,0.8757,jellyfish
659,measure_code,scip-card-1,0.6806,jellyfish
660,measure_code,scip-inf-1,0.7871,jellyfish
661,measure_code,scip-inf-2,0.7719,jellyfish
662,measure_code,scip-inf-3,0.7449,jellyfish
663,measure_code,scip-inf-4,0.7474,jellyfish
664,measure_code,scip-inf-6,0.7601,jellyfish
665,measure_code,scip-vte-1,0.7753,jellyfish
666,measure_code,scip-vte-2,0.7798,jellyfish
667,measure_code,ami-1,0.7912,jellyfish
668,measure_code,ami-2,0.7581,jellyfish
669,measure_code,ami-3,0.6494,jellyfish
670,measure_code,ami-4,0.6777,jellyfish
671,measure_code,ami-5,0.7772,jellyfish
672,measure_code,ami-7a,0.8298,jellyfish
673,measure_code,ami-7a,0.7150,jellyfish
674,measure_code,xf-1,0.7700,jellyfish
675,measure_code,hf-2,0.6838,jellyfish
676,measure_code,hf-3,0.7130,jellyfish
677,measure_code,hfx5,0.6769,jellyfish
678,measure_code,pn-2,0.7026,jellyfish
679,measure_code,pn-3b,0.7213,jellyfish
680,measure_code,pn-4.1a.1.1.1.1.1.1.1.1.1.1.1.1.1,0.8499,jellyfish
681,measure_code,pn-5c,0.8276,jellyfish
682,measure_code,pn-6.1,0.5744,jellyfish
683,measure_code,pn-7.1a.1.1.1.1.1.1.1.1.1.1.1.1.1,0.8457,jellyfish
684,measure_code,scip-card-2,0.7502,jellyfish
685,measure_code,scip-inf-1,0.6442,jellyfish
686,measure_code,scip-inf-2,0.7308,jellyfish
687,measure_code,scip-inf-3,0.7409,jellyfish
688,measure_code,scip-inf-4,0.7721,jellyfish
689,measure_code,scip-inf-6,0.7430,jellyfish
690,measure_code,scip-vte-1,0.7749,jellyfish
691,measure_code,scip-vte-2,0.8422,jellyfish
692,measure_code,amix2,0.6814,jellyfish
693,measure_code,ami-2,0.7615,jellyfish
694,measure_code,ami-3,0.7998,jellyfish
695,measure_code,amx-5,0.6891,jellyfish
696,measure_code,ami-5,0.7717,jellyfish
697,measure_code,ami-7a,0.7963,jellyfish
698,measure_code,ami-6c,0.6493,jellyfish
699,measure_code,hf-1.0%,0.5557,jellyfish
700,measure_code,hf-2,0.8081,jellyfish
701,measure_code,hf-3,0.7743,jellyfish
702,measure_code,hf-4,0.7950,jellyfish
703,measure_code,pn-2.1.1.1.1.1.1.1.1.1.1.1.1.1.1.,0.7971,jellyfish
704,measure_code,pn-3b,0.8377,jellyfish
705,measure_code,pn-4,0.6723,jellyfish
706,measure_code,pn-5c,0.7329,jellyfish
707,measure_code,pn-6.1a,0.7066,jellyfish
708,measure_code,pn-7.1a.1.1.1.1.1.1.1.1.1.1.1.1.1,0.8429,jellyfish
709,measure_code,scip-card-2,0.8449,jellyfish
710,measure_code,scip-inf-1,0.8080,jellyfish
711,measure_code,scip-inf-2,0.8148,jellyfish
712,measure_code,scip-inf-3,0.6513,jellyfish
713,measure_code,scip-inf-4,0.7894,jellyfish
714,measure_code,scip-inf-6,0.7824,jellyfish
715,measure_code,scip-vte-1,0.7835,jellyfish
716,measure_code,scip-vte-2,0.7069,jellyfish
717,measure_code,ami-1,0.8161,jellyfish
718,measure_code,ami-2,0.7967,jellyfish
719,measure_code,amx-3,0.7521,jellyfish
720,measure_code,ami-4,0.8156,jellyfish
721,measure_code,ami-5,0.8202,jellyfish
722,measure_code,ami-7b,0.6706,jellyfish
723,measure_code,ami-8a,0.7234,jellyfish
724,measure_code,hf-1,0.8230,jellyfish
725,measure_code,hf-2,0.8118,jellyfish
726,measure_code,hf-3,0.7807,jellyfish
727,measure_code,hf-4,0.7981,jellyfish
728,measure_code,pn-2,0.8088,jellyfish
729,measure_code,pn-3b,0.7731,jellyfish
730,measure_code,px-4,0.7182,jellyfish
731,measure_code,pn-5c,0.7340,jellyfish
732,measure_code,pn-6.1,0.6124,jellyfish
733,measure_code,pn-7,0.7743,jellyfish
734,measure_code,scip-card-2,0.7424,jellyfish
735,measure_code,scip-inf-1,0.8155,jellyfish
736,measure_code,scix-inf-2,0.7503,jellyfish
737,measure_code,scip-inf-3,0.6864,jellyfish
738,measure_code,scip-inf-4,0.7765,jellyfish
739,measure_code,scip-inf-6,0.8057,jellyfish
740,measure_code,scip-vte-1,0.7934,jellyfish
741,measure_code,scip-vte-2,0.8116,jellyfish
742,measure_code,ami-1,0.8112,jellyfish
743,measure_code,ami-2,0.7520,jellyfish
744,measure_code,ami-3,0.7991,jellyfish
745,measure_code,AMI-4,0.6582,jellyfish
746,measure_code,ami-5,0.8020,jellyfish
747,measure_code,ami-7a,0.7506,jellyfish
748,measure_code,ami-6c,0.6887,jellyfish
749,measure_code,hf-1,0.7632,jellyfish
750,measure_code,hx-2,0.6567,jellyfish
751,measure_code,hf-3,0.7466,jellyfish
752,measure_code,hf-4,0.8052,jellyfish
753,measure_code,pn-2,0.7627,jellyfish
754,measure_code,pn-3b,0.7479,jellyfish
755,measure_code,pn-4,0.7444,jellyfish
756,measure_code,pn-5c,0.7204,jellyfish
757,measure_code,pn-6.1,0.6365,jellyfish
758,measure_code,pn-7.1.1.1.1.1.1.1.1.1.1.1.1.1.1.,0.8570,jellyfish
759,measure_code,scip-card-2,0.7980,jellyfish
760,measure_code,scip-inf-1,0.6472,jellyfish
761,measure_code,scip-inf-2,0.7249,jellyfish
762,measure_code,scip-inf-3,0.7932,jellyfish
763,measure_code,scip-inf-4,0.7520,jellyfish
764,measure_code,scip-inf-6,0.7650,jellyfish
765,measure_code,scix-vte-1,0.6869,jellyfish
766,measure_code,scip-vte-2,0.7599,jellyfish
767,measure_code,cac-1,0.7610,jellyfish
768,measure_code,scip-inf-1,0.8039,jellyfish
769,measure_code,scip-inf-2,0.7618,jellyfish
770,measure_code,scip-inf-3,0.8077,jellyfish
771,measure_code,scip-inf-4,0.8473,jellyfish
772,measure_code,scip-inf-6,0.7485,jellyfish
773,measure_code,scip-vte-1,0.7583,jellyfish
774,measure_code,scip-vte-2,0.7845,jellyfish
775,measure_code,xax-1,0.6870,jellyfish
776,measure_code,cac-2,0.7878,jellyfish
777,measure_code,cac-3,0.5816,jellyfish
778,measure_code,ami-1,0.7697,jellyfish
779,measure_code,ami-2,0.7932,jellyfish
780,measure_code,ami-3,0.7870,jellyfish
781,measure_code,ami-4,0.7883,jellyfish
782,measure_code,ami-5,0.7081,jellyfish
783,measure_code,AMI-7A,0.7283,jellyfish
784,measure_code,ami-8a,0.7673,jellyfish
785,measure_code,hf-1,0.7732,jellyfish
786,measure_code,hf-2,0.8063,jellyfish
787,measure_code,hf-3,0.7734,jellyfish
788,measure_code,hf-4a,0.6701,jellyfish
789,measure_code,pn-2,0.6176,jellyfish
790,measure_code,pn-3b,0.7798,jellyfish
791,measure_code,pn-4,0.7702,jellyfish
792,measure_code,pn-5c,0.7781,jellyfish
793,measure_code,pn-6.1,0.7154,jellyfish
794,measure_code,pn-7,0.7755,jellyfish
795,measure_code,scip-card-2,0.7814,jellyfish
796,measure_code,scip-inf-1,0.6867,jellyfish
797,measure_code,scip-inf-2,0.7442,jellyfish
798,measure_code,scip-inf-3,0.6631,jellyfish
799,measure_code,scip-inf-4,0.8388,jellyfish
800,measure_code,scip-inf-6,0.7977,jellyfish
801,measure_code,scip-vte-1,0.7823,jellyfish
802,measure_code,scip-vte-2,0.7729,jellyfish
803,measure_code,ami-1,0.6457,jellyfish
804,measure_code,ami-2,0.7807,jellyfish
805,measure_code,ami-3,0.7761,jellyfish
806,measure_code,ami-4,0.7954,jellyfish
807,measure_code,ami-5,0.7722,jellyfish
808,measure_code,ami-7a,0.8284,jellyfish
809,measure_code,ami-7a,0.7232,jellyfish
810,measure_code,hf-1,0.7678,jellyfish
811,measure_code,hf-2,0.7548,jellyfish
812,measure_code,hf-3,0.7810,jellyfish
813,measure_code,hf-4,0.7724,jellyfish
814,measure_code,pn-2,0.7406,jellyfish
815,measure_code,pn-3b,0.6790,jellyfish
816,measure_code,pn-4,0.7955,jellyfish
817,measure_code,pn-5c,0.6862,jellyfish
818,measure_code,pn-6,0.7590,jellyfish
819,measure_code,pn-7,0.7241,jellyfish
820,measure_code,scip-card-2,0.7860,jellyfish
821,measure_code,scip-inf-1,0.7582,jellyfish
822,measure_code,scip-inf-2,0.7283,jellyfish
823,measure_code,scip-inf-3,0.7647,jellyfish
824,measure_code,scip-inf-4,0.7798,jellyfish
825,measure_code,scip-inf-6,0.7517,jellyfish
826,measure_code,scip-vte-1,0.7591,jellyfish
827,measure_code,scip-vte-2,0.7779,jellyfish
828,measure_code,ami-1,0.7452,jellyfish
829,measure_code,ami-2,0.7708,jellyfish
830,measure_code,ami-3,0.7747,jellyfish
831,measure_code,AMI-4,0.6644,jellyfish
832,measure_code,ami-5,0.7855,jellyfish
833,measure_code,ami-7a,0.6792,jellyfish
834,measure_code,AMI-8A,0.6683,jellyfish
835,measure_code,hf-1,0.7129,jellyfish
836,measure_code,hf-2,0.7691,jellyfish
837,measure_code,hf-3,0.7918,jellyfish
838,measure_code,hf-4,0.7981,jellyfish
839,measure_code,pn-2,0.7417,jellyfish
840,measure_code,pn-3b,0.8375,jellyfish
841,measure_code,pn-4,0.7995,jellyfish
842,measure_code,pn-5c,0.7054,jellyfish
843,measure_code,pnx6,0.7721,jellyfish
844,measure_code,pn-7.1a.1.1.1.1.1.1.1.1.1.1.1.1.1,0.8514,jellyfish
845,measure_code,scip-card-2,0.7736,jellyfish
846,measure_code,scip-inf-1,0.8315,jellyfish
847,measure_code,scip-inf-2,0.6948,jellyfish
848,measure_code,scip-inf-3,0.7927,jellyfish
849,measure_code,scip-inf-4,0.7863,jellyfish
850,measure_code,scip-inf-6,0.7532,jellyfish
851,measure_code,scip-vte-1,0.7630,jellyfish
852,measure_code,scip-vte-2,0.8058,jellyfish
853,measure_code,ami-1,0.7421,jellyfish
854,measure_code,ami-2,0.7124,jellyfish
855,measure_code,ami-3,0.7817,jellyfish
856,measure_code,AMI-4,0.5860,jellyfish
857,measure_code,ami-5,0.7200,jellyfish
858,measure_code,ami-7a,0.7450,jellyfish
859,measure_code,ami-6c,0.6587,jellyfish
860,measure_code,hf-1,0.8000,jellyfish
861,measure_code,hf-2,0.7920,jellyfish
862,measure_code,hf-3,0.7687,jellyfish
863,measure_code,hf-4,0.7664,jellyfish
864,measure_code,pn-2,0.7747,jellyfish
865,measure_code,pn-3b,0.6893,jellyfish
866,measure_code,px-4.1a.1.1.1.1.1.1.1.1.1.1.1.1.1,0.7945,jellyfish
867,measure_code,pn-5c,0.7536,jellyfish
868,measure_code,pn-6.1.1.1.1.1.1.1.1.1.1.1.1.1.1.,0.8353,jellyfish
869,measure_code,pn-7,0.7833,jellyfish
870,measure_code,scip-card-2,0.8030,jellyfish
871,measure_code,scip-inf-1,0.7775,jellyfish
872,measure_code,scip-inf-2,0.7441,jellyfish
873,measure_code,scip-inf-3,0.7831,jellyfish
874,measure_code,scip-inf-4,0.8249,jellyfish
875,measure_code,scip-inf-6,0.7460,jellyfish
876,measure_code,scip-vte-1,0.8326,jellyfish
877,measure_code,scip-vte-2,0.7838,jellyfish
878,measure_code,ami-1,0.8229,jellyfish
879,measure_code,ami-2,0.7823,jellyfish
880,measure_code,ami-3,0.7770,jellyfish
881,measure_code,ami-4,0.7790,jellyfish
882,measure_code,ami-5,0.7653,jellyfish
883,measure_code,ami-7a,0.7419,jellyfish
884,measure_code,ami-7a,0.7172,jellyfish
885,measure_code,hf-1,0.8119,jellyfish
886,measure_code,hf-2,0.7623,jellyfish
887,measure_code,hf-3,0.7900,jellyfish
888,measure_code,hf-4,0.7265,jellyfish
889,measure_code,pn-2,0.6406,jellyfish
890,measure_code,pn-3b,0.7782,jellyfish
891,measure_code,pn-4,0.7942,jellyfish
892,measure_code,pn-5c,0.7478,jellyfish
893,measure_code,pn-6.1,0.8357,jellyfish
894,measure_code,pn-7.1a.1.1.1.1.1.1.1.1.1.1.1.1.1,0.8560,jellyfish
895,measure_code,scip-card-2,0.8192,jellyfish
896,measure_code,scip-inf-1,0.7611,jellyfish
897,measure_code,scip-inf-2,0.7757,jellyfish
898,measure_code,scip-inf-3,0.8026,jellyfish
899,measure_code,scip-inf-4,0.8166,jellyfish
900,measure_code,scip-inf-6,0.7888,jellyfish
901,measure_code,scip-vte-1,0.7271,jellyfish
902,measure_code,scip-vte-2,0.7953,jellyfish
903,measure_code,cac-1,0.7822,jellyfish
904,measure_code,cac-2,0.7491,jellyfish
905,measure_code,cac-3,0.7703,jellyfish
906,measure_code,ami-1,0.7362,jellyfish
907,measure_code,ami-2,0.7167,jellyfish
908,measure_code,ami-3,0.7997,jellyfish
909,measure_code,ami-4,0.7798,jellyfish
910,measure_code,ami-5,0.7872,jellyfish
911,measure_code,ami-7a,0.8321,jellyfish
912,measure_code,ami-8a,0.8380,jellyfish
913,measure_code,hf-1,0.7725,jellyfish
914,measure_code,hf-2,0.7959,jellyfish
915,measure_code,hf-3,0.7894,jellyfish
916,measure_code,hf-4x,0.6206,jellyfish
917,measure_code,pn-2,0.7806,jellyfish
918,measure_code,pn-3b,0.8327,jellyfish
919,measure_code,pn-4,0.7673,jellyfish
920,measure_code,pn-5c,0.7025,jellyfish
921,measure_code,pn-6.1,0.6283,jellyfish
922,measure_code,pn-7.1.1.1.1.1.1.1.1.1.1.1.1.1.1.,0.8300,jellyfish
923,measure_code,scip-card-2,0.7367,jellyfish
924,measure_code,scip-inf-1,0.7875,jellyfish
925,measure_code,scip-inf-2,0.7914,jellyfish
926,measure_code,scip-inf-3,0.7506,jellyfish
927,measure_code,scip-inf-4,0.8229,jellyfish
928,measure_code,scip-inf-6,0.7875,jellyfish
929,measure_code,scip-vte-1,0.7560,jellyfish
930,measure_code,scip-vte-2,0.8005,jellyfish
931,measure_code,amix1,0.5620,jellyfish
932,measure_code,ami-2,0.7696,jellyfish
933,measure_code,ami-3,0.7949,jellyfish
934,measure_code,ami-4,0.7678,jellyfish
935,measure_code,ami-5,0.7253,jellyfish
936,measure_code,ami-7b,0.6643,jellyfish
937,measure_code,ami-6a,0.6013,jellyfish
938,measure_code,hf-1,0.7369,jellyfish
939,measure_code,hf-2,0.7940,jellyfish
940,measure_code,hf-3,0.7401,jellyfish
941,measure_code,hf-4,0.8095,jellyfish
942,measure_code,pn-2,0.7764,jellyfish
943,measure_code,pn-3b,0.8408,jellyfish
944,measure_code,pn-4,0.7824,jellyfish
945,measure_code,pn-5c,0.7181,jellyfish
946,measure_code,pn-6.1,0.5747,jellyfish
947,measure_code,pn-7.1a.1.1.1.1.1.1.1.1.1.1.1.1.1,0.8447,jellyfish
948,measure_code,scip-card-2,0.7555,jellyfish
949,measure_code,scip-inf-1,0.8003,jellyfish
950,measure_code,scip-inf-2,0.7555,jellyfish
951,measure_code,scip-inf-3,0.8032,jellyfish
952,measure_code,scip-inf-4,0.7554,jellyfish
953,measure_code,scip-inf-6,0.7677,jellyfish
954,measure_code,scip-vte-1,0.7960,jellyfish
955,measure_code,scip-vte-2,0.8370,jellyfish
956,measure_code,ami-1,0.7693,jellyfish
957,measure_code,AMI-2,0.7343,jellyfish
958,measure_code,ami-3,0.7807,jellyfish
959,measure_code,ami-4,0.7527,jellyfish
960,measure_code,ami-5,0.7726,jellyfish
961,measure_code,ami-6a,0.6721,jellyfish
962,measure_code,ami-6a,0.6121,jellyfish
963,measure_code,hf-1,0.7969,jellyfish
964,measure_code,hf-2,0.7978,jellyfish
965,measure_code,hf-3,0.6959,jellyfish
966,measure_code,hf-4,0.8027,jellyfish
967,measure_code,pn-2,0.7811,jellyfish
968,measure_code,pn-3b,0.7584,jellyfish
969,measure_code,pn-4,0.7894,jellyfish
970,measure_code,pn-5c,0.6434,jellyfish
971,measure_code,pn-6.1.1.1.1.1.1.1.1.1.1.1.1.1.1.,0.8546,jellyfish
972,measure_code,pn-7,0.7885,jellyfish
973,measure_code,scip-card-2,0.7911,jellyfish
974,measure_code,scip-inf-1,0.6793,jellyfish
975,measure_code,scip-inf-2,0.7505,jellyfish
976,measure_code,scip-inf-3,0.7843,jellyfish
977,measure_code,scip-inf-4,0.7272,jellyfish
978,measure_code,scip-inf-6,0.8147,jellyfish
979,measure_code,scip-vte-1,0.7828,jellyfish
980,measure_code,scip-vte-2,0.8516,jellyfish
981,measure_code,ami-1,0.7854,jellyfish
982,measure_code,ami-2,0.7245,jellyfish
983,measure_code,ami-3,0.7754,jellyfish
984,measure_code,AMI-4,0.7042,jellyfish
985,measure_code,ami-5,0.6529,jellyfish
986,measure_code,ami-7a,0.7555,jellyfish
987,measure_code,ami-8a,0.7341,jellyfish
988,measure_code,hf-1,0.7750,jellyfish
989,measure_code,hf-2,0.7687,jellyfish
990,measure_code,hf-3,0.7464,jellyfish
991,measure_code,hf-4,0.8116,jellyfish
992,measure_code,pn-2,0.7955,jellyfish
993,measure_code,pn-3b,0.6948,jellyfish
994,measure_code,pn-4,0.8042,jellyfish
995,measure_code,pn-5c,0.6867,jellyfish
996,measure_code,pn-6.1,0.6921,jellyfish
997,measure_code,pn-7,0.7582,jellyfish
998,measure_code,scip-card-2,0.7607,jellyfish
999,measure_code,scip-inf-1,0.7274,jellyfish
1000,measure_code,scip-inf-2,0.7073,jellyfish
1,measure_name,surgery patients who were taking heart drugs before coming to the hospital who were kept on beta blockers during the period just before and after their surgery,0.8246,jellyfish
2,measure_name,surgery patients who were given an antibiotic at the right time (within one hour before surgery) to help prevent infection,0.8482,jellyfish
3,measure_name,surgery patients who were given the correct kind of antibiotic to help prevent infection,0.7369,jellyfish
4,measure_name,surgery patients whose preventive antibiotics were stopped at the right time (within 24 hours after surgery),0.7073,jellyfish
5,measure_name,all heart surgery patients whose blood glucose is kept under good control in the days right after surgery,0.8311,jellyfish
6,measure_name,surgery patients needing hair removed from the surgical area before surgery who had hair removed using a safer method (electric clippers or hair removal cream) not a razor,0.9138,jellyfish
7,measure_name,surgery patients whose doctors ordered treatments to prevent blood clots after certain types of surgeries,0.7555,jellyfish
8,measure_name,patients who received treatment at the right time (within 24 hours before or after their surgery) to help prevent blood clots after certain types of surgery,0.9136,jellyfish
9,measure_name,heart attack patients given aspirin at arrival,0.7002,jellyfish
10,measure_name,heart attack patients given beta blockers at discharge,0.6795,jellyfish
11,measure_name,heart attack patients given beta blocker or calcium channel blocker for left ventricular systolic dysfunction (lvsd) Answer: heart attack patients given beta blocker or calcium,0.8728,jellyfish
12,measure_name,heart attack patients given smoking cessation advice/counseling,0.8053,jellyfish
13,measure_name,heart attack patients given beta blocker at discharge,0.7518,jellyfish
14,measure_name,heart attack patients given fibrinolytic medication within 30 minutes of arrival,0.9030,jellyfish
15,measure_name,heart attack patients given pci within 90 minutes of arrival,0.5756,jellyfish
16,measure_name,heart failure patients given discharge instructions,0.7765,jellyfish
17,measure_name,heart failure patients given an evaluation of left ventricular systolic (lvs) function,0.8464,jellyfish
18,measure_name,heart failure patients given ace inhibitor or arb for left ventricular systolic dysfunction (lvsd) Answer: heart failure patients given ace inhibitor or arb for left,0.9531,jellyfish
19,measure_name,heart failure patients given smoking cessation advice/counseling,0.7635,jellyfish
20,measure_name,heart attack patients given aspirin at arrival,0.7244,jellyfish
21,measure_name,heart attack patients given aspirin at discharge,0.7142,jellyfish
22,measure_name,heart attack patients given ace inhibitor or arb for left ventricular systolic dysfunction (lvsd) Answer: heart attack patients given ace inhibitor or arb for left,0.9386,jellyfish
23,measure_name,heart attack patients given smoking cessation advice/counseling,0.7479,jellyfish
24,measure_name,heart attack patients given beta blocker at discharge,0.7257,jellyfish
25,measure_name,heart attack patients given fibrinolytic medication within 30 minutes of arrival,0.9016,jellyfish
26,measure_name,heart attack patients given pci within 90 minutes of arrival,0.7614,jellyfish
27,measure_name,heart failure patients given discharge instructions,0.7533,jellyfish
28,measure_name,heart failure patients given an evaluation of left ventricular systolic (lvs) function,0.8853,jellyfish
29,measure_name,heart failure patients given ace inhibitor or arb for left ventricular systolic dysfunction (lvsd) Answer: heart failure patients given ace inhibitor or arb for left,0.9461,jellyfish
30,measure_name,heart failure patients given smoking cessation advice/counseling,0.7764,jellyfish
31,measure_name,pneumonia patients assessed and given pneumococcal vaccination,0.7539,jellyfish
32,measure_name,pneumonia patients whose initial emergency room blood culture was performed prior to the administration of the first hospital dose of antibiotics,0.8049,jellyfish
33,measure_name,pneumonia patients given smoking cessation advice/counseling,0.7477,jellyfish
34,measure_name,pneumonia patients given initial antibiotic(s) within 6 hours after arrival,0.8390,jellyfish
35,measure_name,"pneumonia patients given appropriate initial antibiotic(s) Answer: This answer is already correct, so it remains the same: pneumonia patients given the most appropriate initial antibiotic",0.8030,jellyfish
36,measure_name,pneumonia patients assessed and given pneumococcal vaccination,0.6467,jellyfish
37,measure_name,Surgery patients who were taking heart drugs called beta blockers before coming to the hospital who were kept on the beta blockers during the period just before and after their surgery,0.9639,jellyfish
38,measure_name,surgery patients who were given an antibiotic at the right time (within one hour before surgery) to help prevent infection,0.8403,jellyfish
39,measure_name,surgery patients who were given the correct kind of antibiotic to help prevent infection,0.7249,jellyfish
40,measure_name,surgery patients whose preventive antibiotics were stopped at the right time (within 24 hours after surgery) (no correction needed) 88%,0.7428,jellyfish
41,measure_name,all heart surgery patients whose blood glucose levels are kept under good control in the days right after surgery,0.8083,jellyfish
42,measure_name,"surgery patients needing hair removed from the surgical area before surgery who had hair removed using a safer method (electric clippers or hair removal cream, not a razor",0.9466,jellyfish
43,measure_name,surgery patients whose doctors ordered treatments to prevent blood clots after certain types of surgeries,0.6494,jellyfish
44,measure_name,patients who received treatment at the right time (within 24 hours before or after their surgery) to help prevent blood clots after certain types of surgery,0.9188,jellyfish
45,measure_name,heart attack patients given aspirin at arrival,0.7268,jellyfish
46,measure_name,heart attack patients given beta blockers at discharge,0.7142,jellyfish
47,measure_name,heart attack patients given ace inhibitor or arb for left ventricular systolic dysfunction (lvsd) Answer: heart attack patients given ACE inhibitor or ARB for,0.9465,jellyfish
48,measure_name,heart attack patients given smoking cessation advice/counseling,0.7649,jellyfish
49,measure_name,heart attack patients given beta blocker at discharge,0.7683,jellyfish
50,measure_name,heart attack patients given fibrinolytic medication within 30 minutes of arrival,0.8509,jellyfish
51,measure_name,heart attack patients given pci within 90 minutes of arrival,0.6449,jellyfish
52,measure_name,heart failure patients given discharge instructions,0.6944,jellyfish
53,measure_name,heart failure patients given an evaluation of left ventricular systolic (lvs) function,0.9148,jellyfish
54,measure_name,heart failure patients given ace inhibitor or arb for left ventricular systolic dysfunction (lvsd) Answer: heart failure patients given ace inhibitor or arb for left,0.9501,jellyfish
55,measure_name,heart failure patients given smoking cessation advice/counseling,0.7871,jellyfish
56,measure_name,pneumonia patients assessed and given pneumococcal vaccination,0.7507,jellyfish
57,measure_name,pneumonia patients whose initial emergency room blood culture was performed prior to the administration of the first hospital dose of antibiotics,0.7694,jellyfish
58,measure_name,pneumonia patients given smoking cessation advice/counseling,0.7501,jellyfish
59,measure_name,pneumonia patients given initial antibiotic(s) within 6 hours after arrival,0.8486,jellyfish
60,measure_name,"pneumonia patients given appropriate initial antibiotic(s) Answer: This answer is already correct, so it remains the same as in the record: pneumonia patients given the",0.7553,jellyfish
61,measure_name,pneumonia patients assessed for influenza vaccination coverage,0.7792,jellyfish
62,measure_name,surgery patients who were taking heart drugs called beta blockers before coming to the hospital who were kept on the beta blockers during the period just before and after their surgery,0.9806,jellyfish
63,measure_name,surgery patients who were given an antibiotic at the right time (within one hour before surgery) to help prevent infection,0.8418,jellyfish
64,measure_name,surgery patients who were given the correct kind of antibiotic to help prevent infection,0.8971,jellyfish
65,measure_name,"surgery patients whose preventive antibiotics were stopped at the right time (within 24 hours after surgery) (no correction needed, the value is already correct)",0.8042,jellyfish
66,measure_name,all heart surgery patients whose blood glucose is kept under good control in the days right after surgery,0.8235,jellyfish
67,measure_name,surgery patients needing hair removed from the surgical area before surgery who had hair removed using a safer method (electric clippers or hair removal cream) not a razor,0.9286,jellyfish
68,measure_name,surgery patients whose doctors ordered treatments to prevent blood clots after certain types of surgeries,0.7824,jellyfish
69,measure_name,patients who received treatment at the right time (within 24 hours before or after their surgery) to help prevent blood clots after certain types of surgery,0.9146,jellyfish
70,measure_name,heart attack patients given beta blockers at arrival,0.6982,jellyfish
71,measure_name,heart attack patients given beta blockers at discharge,0.7433,jellyfish
72,measure_name,heart attack patients given beta blocker or ivabradine for left ventricular systolic dysfunction (lvsd) Answer: heart attack patients given beta blocker or,0.8949,jellyfish
73,measure_name,heart attack patients given smoking cessation advice/counseling,0.7909,jellyfish
74,measure_name,heart attack patients given beta blocker at discharge,0.7242,jellyfish
75,measure_name,heart attack patients given fibrinolytic medication within 30 minutes of arrival,0.7973,jellyfish
76,measure_name,heart attack patients given pci within 90 minutes of arrival,0.7303,jellyfish
77,measure_name,heart failure patients given discharge instructions,0.7447,jellyfish
78,measure_name,heart failure patients given an evaluation of left ventricular systolic (lvs) function,0.8831,jellyfish
79,measure_name,heart failure patients given ace inhibitor or arb for left ventricular systolic dysfunction (lvsd) Answer: heart failure patients given ace inhibitor or arb for left,0.9535,jellyfish
80,measure_name,heart failure patients given smoking cessation advice/counseling,0.7333,jellyfish
81,measure_name,pneumonia patients assessed and given pneumococcal vaccination,0.7517,jellyfish
82,measure_name,pneumonia patients whose initial emergency room blood culture was performed prior to the administration of the first hospital dose of antibiotics,0.7566,jellyfish
83,measure_name,pneumonia patients given smoking cessation advice/counseling,0.7580,jellyfish
84,measure_name,pneumonia patients given initial antibiotic(s) within 6 hours after arrival,0.7859,jellyfish
85,measure_name,"pneumonia patients given appropriate initial antibiotic(s) Answer: This answer is already correct, so it remains the same: pneumonia patients given the most appropriate initial antibiotic",0.7811,jellyfish
86,measure_name,pneumonia patients assessed and given pneumococcal vaccination,0.7753,jellyfish
87,measure_name,Surgery patients who were taking heart drugs called beta blockers before coming to the hospital who were kept on the beta blockers during the period just before and after their surgery,0.9824,jellyfish
88,measure_name,surgery patients who were given an antibiotic at the right time (within one hour before surgery) to help prevent infection,0.8871,jellyfish
89,measure_name,surgery patients who were given the correct kind of antibiotic to help prevent infection,0.7746,jellyfish
90,measure_name,"surgery patients whose preventive antibiotics were stopped at the right time (within 24 hours after surgery) (no correction needed, the value is already correct)",0.8126,jellyfish
91,measure_name,all heart surgery patients whose blood glucose levels are kept under good control in the days right after surgery,0.7709,jellyfish
92,measure_name,surgery patients needing hair removed from the surgical area before surgery who had hair removed using a safer method (electric clippers or hair removal cream) not a razor,0.9168,jellyfish
93,measure_name,surgery patients whose doctors ordered treatments to prevent blood clots after certain types of surgeries,0.7685,jellyfish
94,measure_name,patients who received treatment at the right time (within 24 hours before or after their surgery) to help prevent blood clots after certain types of surgery,0.9325,jellyfish
95,measure_name,heart attack patients given aspirin at arrival,0.7932,jellyfish
96,measure_name,heart attack patients given beta blockers at discharge,0.7412,jellyfish
97,measure_name,heart attack patients given ace inhibitor or arb for left ventricular systolic dysfunction (lvsd) Answer: heart attack patients given ACE inhibitor or ARB for,0.8848,jellyfish
98,measure_name,heart attack patients given smoking cessation advice/counseling,0.8204,jellyfish
99,measure_name,heart attack patients given beta blocker at discharge,0.7581,jellyfish
100,measure_name,heart attack patients given fibrinolytic medication within 30 minutes of arrival,0.9143,jellyfish
101,measure_name,heart attack patients given pci within 90 minutes of arrival,0.7948,jellyfish
102,measure_name,heart failure patients given discharge instructions,0.7177,jellyfish
103,measure_name,heart failure patients given an evaluation of left ventricular systolic (lvs) function,0.8405,jellyfish
104,measure_name,heart failure patients given ace inhibitor or arb for left ventricular systolic dysfunction (lvsd) Answer: heart failure patients given ace inhibitor or arb for left,0.9339,jellyfish
105,measure_name,heart failure patients given smoking cessation advice/counseling,0.7999,jellyfish
106,measure_name,pneumonia patients assessed and given pneumococcal vaccination,0.7701,jellyfish
107,measure_name,pneumonia patients whose initial emergency room blood culture was performed prior to the administration of the first hospital dose of antibiotics,0.8923,jellyfish
108,measure_name,pneumonia patients given smoking cessation advice/counseling,0.6768,jellyfish
109,measure_name,pneumonia patients given initial antibiotic(s) within 6 hours after arrival,0.8003,jellyfish
110,measure_name,"pneumonia patients given appropriate initial antibiotic(s) Answer: This answer is already correct, so it remains the same: pneumonia patients given the most appropriate initial antibiotic",0.8028,jellyfish
111,measure_name,pneumonia patients assessed for influenza vaccination coverage,0.7457,jellyfish
112,measure_name,CABG PATIENTS WHO WERE TAKING HEART DRUGS CALLED BETA BLOCKERS BEFORE COMING TO THE HOSPITAL WHO,0.9287,jellyfish
113,measure_name,surgery patients who were given an antibiotic at the right time (within one hour before surgery) to help prevent infection,0.8717,jellyfish
114,measure_name,surgery patients who were given the right kind of antibiotic to help prevent infection,0.7931,jellyfish
115,measure_name,surgery patients whose preventive antibiotics were stopped at the right time (within 24 hours after surgery),0.7767,jellyfish
116,measure_name,all heart surgery patients whose blood glucose levels are kept under good control in the days right after surgery,0.7172,jellyfish
117,measure_name,"surgery patients needing hair removed from the surgical area before surgery who had hair removed using a safer method (electric clippers or hair removal cream, not a razor",0.9494,jellyfish
118,measure_name,surgery patients whose doctors ordered treatments to prevent blood clots after certain types of surgeries,0.6972,jellyfish
119,measure_name,patients who received treatment at the right time (within 24 hours before or after their surgery) to help prevent blood clots after certain types of surgery,0.9165,jellyfish
120,measure_name,heart attack patients given aspirin upon arrival,0.7523,jellyfish
121,measure_name,heart attack patients given aspirin at discharge,0.6937,jellyfish
122,measure_name,heart attack patients given beta blocker or ivabradine for left ventricular systolic dysfunction (lvsd) Answer: heart attack patients given beta blocker or,0.8912,jellyfish
123,measure_name,heart attack patients given smoking cessation advice/counseling,0.7029,jellyfish
124,measure_name,heart attack patients given beta blocker at discharge,0.7404,jellyfish
125,measure_name,heart attack patients given fibrinolytic medication within 30 minutes of arrival,0.8334,jellyfish
126,measure_name,heart attack patients given pci within 90 minutes of arrival,0.7665,jellyfish
127,measure_name,heart failure patients given discharge instructions,0.7363,jellyfish
128,measure_name,heart failure patients given an evaluation of left ventricular systolic function,0.8367,jellyfish
129,measure_name,heart failure patients given ace inhibitor or arb for left ventricular systolic dysfunction (lvsd) Answer: heart failure patients given ACE inhibitor or ARB for,0.9241,jellyfish
130,measure_name,heart failure patients given smoking cessation advice/counseling,0.7815,jellyfish
131,measure_name,pneumonia patients assessed and given pneumococcal vaccination,0.7037,jellyfish
132,measure_name,pneumonia patients whose initial emergency room blood culture was performed prior to the administration of the first hospital dose of antibiotics,0.8896,jellyfish
133,measure_name,pneumonia patients given smoking cessation advice/counseling,0.6814,jellyfish
134,measure_name,pneumonia patients given initial antibiotic(s) within 6 hours after arrival,0.8235,jellyfish
135,measure_name,"pneumonia patients given appropriate initial antibiotic(s) Answer: This answer is already correct, so it remains the same: pneumonia patients given the most appropriate initial antibiotic",0.7612,jellyfish
136,measure_name,pneumonia patients assessed and given pneumococcal vaccination,0.7788,jellyfish
137,measure_name,surgery patients who were taking heart drugs called beta blockers before coming to the hospital who were kept on the beta blockers during the period just before and after their surgery,0.9856,jellyfish
138,measure_name,surgery patients who were given an antibiotic at the right time (within one hour before surgery) to help prevent infection,0.8935,jellyfish
139,measure_name,surgery patients who were given the correct kind of antibiotic to help prevent infection,0.8969,jellyfish
140,measure_name,surgery patients whose preventive antibiotics were stopped at the right time (within 24 hours after surgery)  # Corrected value is the same as the original value,0.7626,jellyfish
141,measure_name,all heart surgery patients whose blood glucose is kept under good control in the days right after surgery,0.8287,jellyfish
142,measure_name,"surgery patients needing hair removed from the surgical area before surgery who had hair removed using a safer method (electric clippers or hair removal cream, not a razor",0.9466,jellyfish
143,measure_name,surgery patients whose doctors ordered treatments to prevent blood clots after certain types of surgeries,0.8499,jellyfish
144,measure_name,patients who received treatment at the right time (within 24 hours before or after their surgery) to help prevent blood clots after certain types of surgery,0.9130,jellyfish
145,measure_name,heart attack patients given aspirin at arrival,0.7637,jellyfish
146,measure_name,heart attack patients given aspirin at discharge,0.7963,jellyfish
147,measure_name,heart attack patients given ace inhibitor or arb for left ventricular systolic dysfunction (lvsd) Answer: heart attack patients given ACE inhibitor or ARB for,0.9162,jellyfish
148,measure_name,heart attack patients given smoking cessation advice/counseling,0.7861,jellyfish
149,measure_name,heart attack patients given beta blocker at discharge,0.7488,jellyfish
150,measure_name,heart attack patients given fibrinolytic medication within 30 minutes of arrival,0.9249,jellyfish
151,measure_name,heart attack patients given pci within 90 minutes of arrival,0.6236,jellyfish
152,measure_name,heart failure patients given discharge instructions,0.7674,jellyfish
153,measure_name,heart failure patients given an evaluation of left ventricular systolic (lvs) function,0.8431,jellyfish
154,measure_name,heart failure patients given ace inhibitor or arb for left ventricular systolic dysfunction (lvsd) Answer: heart failure patients given ace inhibitor or arb for left,0.9479,jellyfish
155,measure_name,heart failure patients given smoking cessation advice/counseling,0.7138,jellyfish
156,measure_name,pneumonia patients assessed and given pneumococcal vaccination,0.7309,jellyfish
157,measure_name,pneumonia patients whose initial emergency room blood culture was performed prior to the administration of the first hospital dose of antibiotics,0.7891,jellyfish
158,measure_name,pneumonia patients given smoking cessation advice/counseling,0.6774,jellyfish
159,measure_name,pneumonia patients given initial antibiotic(s) within 6 hours after arrival,0.7832,jellyfish
160,measure_name,pneumonia patients given appropriate initial antibiotic(s) Answer: This value appears to be correct as is. 100%,0.7509,jellyfish
161,measure_name,pneumonia patients assessed and given pneumococcal vaccination,0.7394,jellyfish
162,measure_name,Surgery patients who were taking heart drugs called beta blockers before coming to the hospital who were kept on the beta blockers during the period just before and after their surgery,0.9734,jellyfish
163,measure_name,surgery patients who were given an antibiotic at the right time (within one hour before surgery) to help prevent infection,0.8747,jellyfish
164,measure_name,surgery patients who were given the correct kind of antibiotic to help prevent infection,0.7626,jellyfish
165,measure_name,surgery patients whose preventive antibiotics were stopped at the right time (within 24 hours after surgery)  # Corrected value: surgery patients whose preventive antibiotics were,0.7094,jellyfish
166,measure_name,all heart surgery patients whose blood glucose is kept under good control in the days right after surgery,0.8424,jellyfish
167,measure_name,"surgery patients needing hair removed from the surgical area before surgery who had hair removed using a safer method (electric clippers or hair removal cream, not a razor",0.9388,jellyfish
168,measure_name,surgery patients whose doctors ordered treatments to prevent blood clots after certain types of surgeries,0.8241,jellyfish
169,measure_name,patients who got treatment at the right time (within 24 hours before or after their surgery) to help prevent blood clots after certain types of surgery,0.9271,jellyfish
170,measure_name,heart attack patients given aspirin at arrival,0.7845,jellyfish
171,measure_name,heart attack patients given aspirin at discharge,0.7684,jellyfish
172,measure_name,heart attack patients given ace inhibitor or arb for left ventricular systolic dysfunction (lvsd) Answer: heart attack patients given ACE inhibitor or ARB for,0.8904,jellyfish
173,measure_name,heart attack patients given smoking cessation advice/counseling,0.8189,jellyfish
174,measure_name,heart attack patients given beta blocker at discharge,0.7408,jellyfish
175,measure_name,heart attack patients given fibrinolytic medication within 30 minutes of arrival,0.9084,jellyfish
176,measure_name,heart attack patients given pci within 90 minutes of arrival,0.7361,jellyfish
177,measure_name,heart failure patients given discharge instructions,0.7711,jellyfish
178,measure_name,heart failure patients given an evaluation of left ventricular systolic (lvs) function,0.7993,jellyfish
179,measure_name,heart failure patients given ace inhibitor or arb for left ventricular systolic dysfunction (lvsd) Answer: heart failure patients given ace inhibitor or arb for left,0.9515,jellyfish
180,measure_name,heart failure patients given smoking cessation advice/counseling,0.7160,jellyfish
181,measure_name,pneumonia patients assessed and given inactivated pneumococcal vaccination,0.7001,jellyfish
182,measure_name,pneumonia patients whose initial emergency room blood culture was performed prior to the administration of the first hospital dose of antibiotics,0.8207,jellyfish
183,measure_name,pneumonia patients given smoking cessation advice/counseling,0.7598,jellyfish
184,measure_name,pneumonia patients given initial antibiotic(s) within 6 hours after arrival,0.8077,jellyfish
185,measure_name,"pneumonia patients given appropriate initial antibiotic(s) Answer: This answer is already correct, so it remains the same: pneumonia patients given the most appropriate initial antibiotic",0.7982,jellyfish
186,measure_name,pneumonia patients assessed and given pneumococcal vaccination,0.6275,jellyfish
187,measure_name,surgery patients who were taking heart drugs called beta blockers before coming to the hospital who were kept on the beta blockers during the period just before and after their surgery,0.9785,jellyfish
188,measure_name,surgery patients who were given an antibiotic at the right time (within one hour before surgery) to help prevent infection,0.8372,jellyfish
189,measure_name,surgery patients who were given the correct kind of antibiotic to help prevent infection,0.7355,jellyfish
190,measure_name,surgery patients whose preventive antibiotics were stopped at the right time (within 24 hours after surgery)  ### Explanation:,0.7285,jellyfish
191,measure_name,all heart surgery patients whose blood glucose is kept under good control in the days right after surgery,0.8394,jellyfish
192,measure_name,"surgery patients needing hair removed from the surgical area before surgery who had hair removed using a safer method (electric clippers or hair removal cream, not a razor",0.9534,jellyfish
193,measure_name,surgery patients whose doctors ordered treatments to prevent blood clots after certain types of surgeries,0.6909,jellyfish
194,measure_name,patients who received treatment at the right time (within 24 hours before or after their surgery) to help prevent blood clots after certain types of surgery,0.9246,jellyfish
195,measure_name,heart attack patients given aspirin at arrival,0.7722,jellyfish
196,measure_name,heart attack patients given beta blockers at discharge,0.7633,jellyfish
197,measure_name,heart attack patients given ace inhibitor or arb for left ventricular systolic dysfunction (lvsd) Answer: heart attack patients given ACE inhibitor or ARB for,0.9479,jellyfish
198,measure_name,heart attack patients given smoking cessation advice/counseling,0.8082,jellyfish
199,measure_name,heart attack patients given beta blocker at discharge,0.6356,jellyfish
200,measure_name,heart attack patients given fibrinolytic medication within 30 minutes of arrival,0.8130,jellyfish
201,measure_name,heart attack patients given pci within 90 minutes of arrival,0.7681,jellyfish
202,measure_name,heart failure patients given discharge instructions,0.7439,jellyfish
203,measure_name,heart failure patients given an evaluation of left ventricular systolic (lvs) function,0.7121,jellyfish
204,measure_name,heart failure patients given ace inhibitor or arb for left ventricular systolic dysfunction (lvsd) Answer: heart failure patients given ACE inhibitor or ARB for,0.9182,jellyfish
205,measure_name,heart failure patients given smoking cessation advice/counseling,0.7943,jellyfish
206,measure_name,pneumonia patients assessed and given pneumococcal vaccination,0.7830,jellyfish
207,measure_name,pneumonia patients whose initial emergency room blood culture was performed prior to the administration of the first hospital dose of antibiotics,0.7801,jellyfish
208,measure_name,pneumonia patients given smoking cessation advice/counseling,0.7738,jellyfish
209,measure_name,pneumonia patients given initial antibiotic(s) within 6 hours after arrival,0.7514,jellyfish
210,measure_name,pneumonia patients given appropriate initial antibiotics,0.5730,jellyfish
211,measure_name,pneumonia patients assessed and given influenza vaccination,0.6858,jellyfish
212,measure_name,surgery patients who were taking heart drugs called beta blockers before coming to the hospital who were kept on the beta blockers during the period just before and after their surgery,0.9886,jellyfish
213,measure_name,surgery patients who were given an antibiotic at the right time (within one hour before surgery) to help prevent infection,0.8407,jellyfish
214,measure_name,surgery patients who were given the correct kind of antibiotic to help prevent infection,0.9023,jellyfish
215,measure_name,surgery patients whose preventive antibiotics were stopped at the right time (within 24 hours after surgery)  ### Explanation:,0.7635,jellyfish
216,measure_name,all heart surgery patients whose blood glucose is kept under good control in the days right after surgery,0.8282,jellyfish
217,measure_name,"surgery patients needing hair removed from the surgical area before surgery who had hair removed using a safer method (electric clippers or hair removal cream, not a razor",0.9559,jellyfish
218,measure_name,surgery patients whose doctors ordered treatments to prevent blood clots after certain types of surgeries,0.7253,jellyfish
219,measure_name,patients who received treatment at the right time (within 24 hours before or after their surgery) to help prevent blood clots after certain types of surgery,0.9384,jellyfish
220,measure_name,heart attack patients given aspirin at arrival,0.7929,jellyfish
221,measure_name,heart attack patients given aspirin at discharge,0.7383,jellyfish
222,measure_name,heart attack patients given beta blocker or other oral agents for left ventricular systolic dysfunction (lvsd) Answer: heart attack patients given beta blocker or other,0.7743,jellyfish
223,measure_name,heart attack patients given smoking cessation advice/counseling,0.8212,jellyfish
224,measure_name,heart attack patients given beta blocker at discharge,0.6689,jellyfish
225,measure_name,heart attack patients given fibrinolytic medication within 30 minutes of arrival,0.8574,jellyfish
226,measure_name,"heart attack patients given pci within 90 minutes of discharge, not arrival",0.7447,jellyfish
227,measure_name,heart failure patients given discharge instructions,0.6947,jellyfish
228,measure_name,heart failure patients given an evaluation of left ventricular systolic (lvs) function,0.8863,jellyfish
229,measure_name,heart failure patients given ace inhibitor or arb for left ventricular systolic dysfunction (lvsd) Answer: heart failure patients given ace inhibitor or arb for left,0.9542,jellyfish
230,measure_name,heart failure patients given smoking cessation advice/counseling,0.7473,jellyfish
231,measure_name,pneumonia patients assessed and given pneumococcal vaccination,0.7306,jellyfish
232,measure_name,pneumonia patients whose initial emergency room blood culture was performed prior to the administration of the first hospital dose of antibiotics,0.9051,jellyfish
233,measure_name,pneumonia patients given smoking cessation advice/counseling,0.7920,jellyfish
234,measure_name,pneumonia patients given initial antibiotic(s) within 6 hours after arrival,0.9322,jellyfish
235,measure_name,"pneumonia patients given appropriate initial antibiotic(s) Answer: This answer is already correct, so it remains the same: pneumonia patients given the most appropriate initial antibiotic",0.7884,jellyfish
236,measure_name,pneumonia patients assessed and given pneumococcal vaccination,0.7442,jellyfish
237,measure_name,surgery patients who were taking heart drugs called beta blockers before coming to the hospital who were kept on the beta blockers during the period just before and after their surgery,0.9824,jellyfish
238,measure_name,surgery patients who were given an antibiotic at the right time (within one hour before surgery) to help prevent infection,0.8662,jellyfish
239,measure_name,surgery patients who were given the correct kind of antibiotic to help prevent infection,0.8997,jellyfish
240,measure_name,surgery patients whose preventive antibiotics were stopped at the right time (within 24 hours after surgery) (no correction needed) 98%,0.7650,jellyfish
241,measure_name,all heart surgery patients whose blood glucose is kept under good control in the days right after surgery,0.8350,jellyfish
242,measure_name,surgery patients needing hair removed from the surgical area before surgery who had hair removed using a safer method (electric clippers or hair removal cream) not a razor,0.9222,jellyfish
243,measure_name,surgery patients whose doctors ordered treatments to prevent blood clots after certain types of surgeries,0.8298,jellyfish
244,measure_name,patients who received treatment at the right time (within 24 hours before or after their surgery) to help prevent blood clots after certain types of surgery,0.9406,jellyfish
245,measure_name,heart attack patients given aspirin at arrival,0.6042,jellyfish
246,measure_name,heart attack patients given aspirin at discharge,0.7056,jellyfish
247,measure_name,heart attack patients given ace inhibitor or arb for left ventricular systolic dysfunction (lvsd) Answer: heart attack patients given ACE inhibitor or ARB for,0.8844,jellyfish
248,measure_name,heart attack patients given smoking cessation advice/counseling,0.6875,jellyfish
249,measure_name,heart attack patients given beta blocker at discharge,0.7836,jellyfish
250,measure_name,heart attack patients given fibrinolytic medication within 30 minutes of arrival,0.8303,jellyfish
251,measure_name,heart attack patients given pci within 90 minutes of arrival,0.7988,jellyfish
252,measure_name,heart failure patients given discharge instructions,0.7820,jellyfish
253,measure_name,heart failure patients given an evaluation of left ventricular systolic (lvs) function,0.8768,jellyfish
254,measure_name,heart failure patients given ace inhibitor or arb for left ventricular systolic dysfunction (lvsd) Answer: heart failure patients given ace inhibitor or arb for left,0.9500,jellyfish
255,measure_name,heart failure patients given smoking cessation advice/counseling,0.7918,jellyfish
256,measure_name,pneumonia patients assessed and given inactivated pneumococcal vaccination,0.6288,jellyfish
257,measure_name,pnemonia patients whose internal emergency room blood culture was performed prior to the administration of the first hospital dose of antibiotics.,0.9088,jellyfish
258,measure_name,pneumonia patients given smoking cessation advice/counseling,0.6654,jellyfish
259,measure_name,pneumonia patients given initial antibiotic(s) within 6 hours after arrival,0.8194,jellyfish
260,measure_name,pneumonia patients given the most appropriate initial antibiotic(s) Answer: pneumonia patients given the most appropriate initial antibiotic(s) (no change needed) 100%,0.8467,jellyfish
261,measure_name,pneumonia patients assessed and given pneumococcal vaccination,0.7063,jellyfish
262,measure_name,surgery patients who were taking heart drugs called beta blockers before coming to the hospital who were kept on the beta blockers during the period just before and after their surgery,0.9844,jellyfish
263,measure_name,surgery patients who were given an antibiotic at the right time (within one hour before surgery) to help prevent infection,0.8884,jellyfish
264,measure_name,surgery patients who were given the correct kind of antibiotic to help prevent infection,0.9075,jellyfish
265,measure_name,surgery patients whose preventive antibiotics were stopped at the right time (within 24 hours after surgery)  # Corrected value remains the same as the original value,0.7337,jellyfish
266,measure_name,all heart surgery patients whose blood glucose is kept under good control in the days right after surgery,0.8389,jellyfish
267,measure_name,"surgery patients needing hair removed from the surgical area before surgery who had hair removed using a safer method (electric clippers or hair removal cream, not a razor",0.9537,jellyfish
268,measure_name,surgery patients whose doctors ordered treatments to prevent blood clots after certain types of surgeries,0.7162,jellyfish
269,measure_name,patients who got treatment at the right time (within 24 hours before or after their surgery) to help prevent blood clots after certain types of surgery,0.9354,jellyfish
270,measure_name,heart attack patients given aspirin at arrival,0.5981,jellyfish
271,measure_name,heart attack patients given beta blockers at discharge,0.6998,jellyfish
272,measure_name,heart attack patients given ace inhibitor or arb for left ventricular systolic dysfunction (lvsd) Answer: heart attack patients given ace inhibitor or arb for left,0.9348,jellyfish
273,measure_name,heart attack patients given smoking cessation advice/counseling,0.7962,jellyfish
274,measure_name,heart attack patients given beta blocker at discharge,0.7423,jellyfish
275,measure_name,heart attack patients given fibrinolytic medication within 30 minutes of arrival,0.8007,jellyfish
276,measure_name,heart attack patients given pci within 90 minutes of arrival,0.7167,jellyfish
277,measure_name,heart failure patients given discharge instructions,0.6828,jellyfish
278,measure_name,heart failure patients given an evaluation of left ventricular systolic (lvs) function,0.8851,jellyfish
279,measure_name,heart failure patients given ace inhibitor or arb for left ventricular systolic dysfunction (lvsd) Answer: heart failure patients given ace inhibitor or arb for left,0.9540,jellyfish
280,measure_name,heart failure patients given smoking cessation advice/counseling,0.8268,jellyfish
281,measure_name,pneumonia patients assessed and given inactivated pneumococcal vaccination,0.7684,jellyfish
282,measure_name,pnemonia patients whose initial emergency room blood cultures were performed prior to the administration of the first hospital dose of antibiotics.,0.9192,jellyfish
283,measure_name,pneumonia patients given smoking cessation advice/counseling,0.7951,jellyfish
284,measure_name,pneumonia patients given initial antibiotic(s) within 6 hours after arrival,0.7968,jellyfish
285,measure_name,pneumonia patients given appropriate initial antibio\\x00fc\\x00fc\\x00fc\\x00fc\\x00fc\\x00,0.6936,jellyfish
286,measure_name,pneumonia patients assessed and given pneumococcal vaccination,0.6679,jellyfish
287,measure_name,Surgery patients who were taking heart drugs called beta blockers before coming to the hospital who were kept on the beta blockers during the period just before and after their surgery,0.9711,jellyfish
288,measure_name,surgery patients who were given an antibiotic at the right time (within one hour before surgery) to help prevent infection,0.8441,jellyfish
289,measure_name,surgery patients who were given the correct kind of antibiotic to help prevent infection,0.6976,jellyfish
290,measure_name,"surgery patients whose preventive antibiotics were stopped at the right time (within 24 hours after surgery)  This value is already correct, so it is repeated exactly",0.7807,jellyfish
291,measure_name,all heart surgery patients whose blood sugar (blood glucose) is kept under good control in the days right after surgery,0.7815,jellyfish
292,measure_name,"surgery patients needing hair removed from the surgical area before surgery who had hair removed using a safer method (electric clippers or hair removal cream, not a razor",0.9509,jellyfish
293,measure_name,surgery patients whose doctors ordered treatments to prevent blood clots after certain types of surgeries,0.7230,jellyfish
294,measure_name,patients who received treatment at the right time (within 24 hours before or after their surgery) to help prevent blood clots after certain types of surgery,0.9332,jellyfish
295,measure_name,heart attack patients given aspirin at arrival,0.6953,jellyfish
296,measure_name,heart attack patients given aspirin at discharge,0.7175,jellyfish
297,measure_name,heart attack patients given ace inhibitor or arb for left ventricular systolic dysfunction (lvsd) Answer: heart attack patients given ace inhibitor or arb for left,0.8858,jellyfish
298,measure_name,heart attack patients given smoking cessation advice/counseling,0.8289,jellyfish
299,measure_name,heart attack patients given beta blocker at discharge,0.7422,jellyfish
300,measure_name,heart attack patients given fibrinolytic medication within 30 minutes of arrival,0.9027,jellyfish
301,measure_name,heart attack patients given pci within 90 minutes of arrival,0.8387,jellyfish
302,measure_name,heart failure patients given discharge instructions,0.7735,jellyfish
303,measure_name,heart failure patients given an evaluation of left ventricular systolic (lvs) function,0.8133,jellyfish
304,measure_name,heart failure patients given ace inhibitor or arb for left ventricular systolic dysfunction (lvsd) Answer: heart failure patients given ace inhibitor or arb for left,0.9173,jellyfish
305,measure_name,heart failure patients given smoking cessation advice/counseling,0.7181,jellyfish
306,measure_name,pn-2 patients assessed and given pneumococcal vaccination,0.5828,jellyfish
307,measure_name,pneumonia patients whose initial emergency room blood culture was performed prior to the administration of the first hospital dose of antibiotics,0.8567,jellyfish
308,measure_name,pneumonia patients given smoking cessation advice/counseling,0.7871,jellyfish
309,measure_name,pn-5c patients given initial antibiotic(s) within 6 hours after arrival,0.8322,jellyfish
310,measure_name,pn-6 patients given the most appropriate initial antibiotic(s) score,0.6287,jellyfish
311,measure_name,pn-7 patients assessed and given pneumococcal vaccination,0.6749,jellyfish
312,measure_name,children who received systemic corticosteroid medication (oral and iv medication that reduces inflammation and controls symptoms) while hospitalized for asthma,0.8746,jellyfish
313,measure_name,children and their caregivers who received a home management plan of care document while hospitalized for chronic obstructive pulmonary disease (copd),0.8545,jellyfish
314,measure_name,heart attack patients given aspirin at arrival,0.7776,jellyfish
315,measure_name,heart attack patients given beta blockers at discharge,0.7855,jellyfish
316,measure_name,heart attack patients given ace inhibitor or arb for left ventricular systolic dysfunction (lvsd) Answer: heart attack patients given ace inhibitor or arb for left,0.9324,jellyfish
317,measure_name,heart attack patients given smoking cessation advice/counseling,0.7980,jellyfish
318,measure_name,heart attack patients given beta blocker at discharge,0.6717,jellyfish
319,measure_name,heart attack patients given fibrinolytic medication within 30 minutes of arrival,0.8511,jellyfish
320,measure_name,heart attack patients given pci within 90 minutes of arrival,0.6725,jellyfish
321,measure_name,heart failure patients given discharge instructions,0.7568,jellyfish
322,measure_name,heart failure patients given an evaluation of left ventricular systolic (lvs) function,0.8703,jellyfish
323,measure_name,heart failure patients given ace inhibitor or arb for left ventricular systolic dysfunction (lvsd) Answer: heart failure patients given ace inhibitor or arb for left,0.9451,jellyfish
324,measure_name,heart failure patients given smoking cessation advice/counseling,0.7208,jellyfish
325,measure_name,pneumonia patients assessed and given pneumococcal vaccination,0.7543,jellyfish
326,measure_name,pneumonia patients whose initial emergency room blood culture was performed prior to the administration of the first hospital dose of antibiotics,0.8025,jellyfish
327,measure_name,pneumonia patients given smoking cessation advice/counseling,0.8086,jellyfish
328,measure_name,pneumonia patients given initial antibiotic(s) within 6 hours after arrival,0.8010,jellyfish
329,measure_name,"pneumonia patients given appropriate initial antibiotic(s) Answer: This answer is already correct, so it remains the same: pneumonia patients given the most appropriate initial antibiotic",0.7949,jellyfish
330,measure_name,pneumonia patients assessed for influenza vaccination coverage,0.7481,jellyfish
331,measure_name,Surgery patients who were taking heart drugs called beta blockers before coming to the hospital who were kept on the beta blockers during the period just before and after their surgery,0.9751,jellyfish
332,measure_name,heart failure patients given an evaluation of left ventricular systolic (lvs) function,0.9214,jellyfish
333,measure_name,heart failure patients given ace inhibitor or arb for left ventricular systolic dysfunction (lvsd) Answer: heart failure patients given ACE inhibitor or ARB for,0.9448,jellyfish
334,measure_name,heart failure patients given smoking cessation advice/counseling,0.7966,jellyfish
335,measure_name,pneumonia patients assessed and given inactivated pneumococcal vaccination,0.7448,jellyfish
336,measure_name,pneumonia patients whose initial emergency room blood culture was performed prior to the administration of the first hospital dose of antibiotics,0.8589,jellyfish
337,measure_name,Pneumonia patients given smoking cessation advice/counseling,0.5695,jellyfish
338,measure_name,pneumonia patients given initial antibiotic(s) within 6 hours after arrival,0.9116,jellyfish
339,measure_name,"pneumonia patients given appropriate initial antibiotic(s) Answer: This answer is already correct, so it remains the same: pneumonia patients given the most appropriate initial antibiotic",0.7781,jellyfish
340,measure_name,pn-8,0.6429,jellyfish
341,measure_name,surgery patients who were taking heart drugs called beta blockers before coming to the hospital who were kept on the beta blockers during the period just before and after their surgery,0.9680,jellyfish
342,measure_name,surgery patients who were given an antibiotic at the right time (within one hour before surgery) to help prevent infection,0.8642,jellyfish
343,measure_name,surgery patients who were given the right kind of antibiotic to help prevent infection,0.7858,jellyfish
344,measure_name,surgery patients whose preventive antibiotics were stopped at the right time (within 24 hours after surgery)  ### Explanation:,0.7504,jellyfish
345,measure_name,all heart surgery patients whose blood glucose is kept under good control in the days right after surgery,0.8364,jellyfish
346,measure_name,"surgery patients needing hair removed from the surgical area before surgery who had hair removed using a safer method (electric clippers or hair removal cream, not a razor",0.9465,jellyfish
347,measure_name,surgery patients whose doctors ordered treatments to prevent blood clots after certain types of surgeries,0.7799,jellyfish
348,measure_name,patients who received treatment at the right time (within 24 hours before or after their surgery) to help prevent blood clots after certain types of surgery,0.9104,jellyfish
349,measure_name,heart attack patients given beta blockers at arrival,0.6893,jellyfish
350,measure_name,heart attack patients given beta blockers at discharge,0.8096,jellyfish
351,measure_name,heart attack patients given ace inhibitor or arb for left ventricular systolic dysfunction (lvsd) Answer: heart attack patients given ace inhibitor or arb for left,0.9382,jellyfish
352,measure_name,heart attack patients given smoking cessation advice/counseling,0.7341,jellyfish
353,measure_name,heart attack patients given beta blocker at discharge,0.7585,jellyfish
354,measure_name,patients who received treatment at the right time (within 24 hours before or after their surgery) to help prevent blood clots after certain types of surgery,0.9231,jellyfish
355,measure_name,heart attack patients given aspirin at arrival,0.7909,jellyfish
356,measure_name,heart attack patients given aspirin at admission,0.6984,jellyfish
357,measure_name,heart attack patients given ace inhibitor or arb for left ventricular systolic dysfunction (lvsd) Answer: heart attack patients given ACE inhibitor or ARB for,0.9444,jellyfish
358,measure_name,heart attack patients given smoking cessation advice/counseling,0.7868,jellyfish
359,measure_name,heart attack patients given beta blocker at discharge,0.7760,jellyfish
360,measure_name,heart attack patients given fibrinolytic medication within 30 minutes of arrival,0.7815,jellyfish
361,measure_name,heart attack patients given pci within 90 minutes of arrival,0.5805,jellyfish
362,measure_name,heart failure patients given discharge instructions,0.7610,jellyfish
363,measure_name,heart failure patients given an evaluation of left ventricular systolic (lvs) function,0.9144,jellyfish
364,measure_name,heart failure patients given ace inhibitor or arb for left ventricular systolic dysfunction (lvsd) Answer: heart failure patients given ace inhibitor or arb for left,0.9257,jellyfish
365,measure_name,heart failure patients given smoking cessation advice/counseling,0.7929,jellyfish
366,measure_name,pneumonia patients assessed and given pneumococcal vaccination,0.7229,jellyfish
367,measure_name,pneumonia patients whose initial emergency room blood culture was performed prior to the administration of the first hospital dose of antibiotics,0.8457,jellyfish
368,measure_name,pneumonia patients given smoking cessation advice/counseling,0.6253,jellyfish
369,measure_name,pneumonia patients given initial antibiotic(s) within 6 hours after arrival,0.8339,jellyfish
370,measure_name,"pneumonia patients given appropriate initial antibiotic(s) Answer: This answer is already correct, so it remains the same: pneumonia patients given the most appropriate initial antibiotic",0.7663,jellyfish
371,measure_name,pn-7: pneumonia patients assessed and given pneumococcal vaccination,0.7398,jellyfish
372,measure_name,surgery patients who were taking heart drugs called beta blockers before coming to the hospital who were kept on the beta blockers during the period just before and after their surgery,0.9854,jellyfish
373,measure_name,surgery patients who were given an antibiotic at the right time (within one hour before surgery) to help prevent infection,0.8622,jellyfish
374,measure_name,surgery patients who were given the correct kind of antibiotic to help prevent infection,0.7702,jellyfish
375,measure_name,surgery patients whose preventive antibiotics were stopped at the right time (within 24 hours after surgery)  ### Explanation:,0.7340,jellyfish
376,measure_name,all heart surgery patients whose blood glucose is kept under good control in the days right after surgery,0.8400,jellyfish
377,measure_name,"surgery patients needing hair removed from the surgical area before surgery who had hair removed using a safer method (electric clippers or hair removal cream, not a razor",0.9465,jellyfish
378,measure_name,surgery patients whose doctors ordered treatments to prevent blood clots after certain types of surgeries,0.7061,jellyfish
379,measure_name,patients who received treatment at the right time (within 24 hours before or after their surgery) to help prevent blood clots after certain types of surgery,0.9061,jellyfish
380,measure_name,heart attack patients given aspirin at arrival,0.7269,jellyfish
381,measure_name,heart attack patients given aspirin at discharge,0.7605,jellyfish
382,measure_name,heart attack patients given ace inhibitor or arb for left ventricular systolic dysfunction (lvsd) Answer: heart attack patients given ACE inhibitor or ARB for,0.9509,jellyfish
383,measure_name,heart attack patients given smoking cessation advice/counseling,0.7491,jellyfish
384,measure_name,heart attack patients given beta blocker at discharge,0.6443,jellyfish
385,measure_name,heart attack patients given fibrinolytic medication within 30 minutes of arrival,0.8294,jellyfish
386,measure_name,heart attack patients given pci within 90 minutes of arrival,0.6170,jellyfish
387,measure_name,heart failure patients given discharge instructions,0.6845,jellyfish
388,measure_name,heart failure patients given an evaluation of left ventricular systolic (lvs) function,0.8817,jellyfish
389,measure_name,heart failure patients given ace inhibitor or arb for left ventricular systolic dysfunction (lvsd) Answer: heart failure patients given ace inhibitor or arb for left,0.9484,jellyfish
390,measure_name,heart failure patients given smoking cessation advice/counseling,0.7724,jellyfish
391,measure_name,pneumonia patients assessed and given pneumococcal vaccination,0.7418,jellyfish
392,measure_name,pneumonia patients whose initial emergency room blood culture was performed prior to the administration of the first hospital dose of antibiotics,0.7987,jellyfish
393,measure_name,heart attack patients given aspirin at discharge,0.7425,jellyfish
394,measure_name,heart attack patients given ace inhibitor or arb for left ventricular systolic dysfunction (lvsd) Answer: heart attack patients given ACE inhibitor or ARB for,0.9514,jellyfish
395,measure_name,heart attack patients given smoking cessation advice/counseling,0.7059,jellyfish
396,measure_name,heart attack patients given beta blocker at discharge,0.7048,jellyfish
397,measure_name,heart attack patients given fibrinolytic medication within 30 minutes of arrival,0.8285,jellyfish
398,measure_name,heart attack patients given pci within 90 minutes of arrival,0.8341,jellyfish
399,measure_name,heart failure patients given discharge instructions,0.7113,jellyfish
400,measure_name,heart failure patients given an evaluation of left ventricular systolic (lvs) function,0.7468,jellyfish
401,measure_name,heart failure patients given ace inhibitor or arb for left ventricular systolic dysfunction (lvsd) Answer: heart failure patients given ace inhibitor or arb for left,0.9477,jellyfish
402,measure_name,heart failure patients given smoking cessation advice/counseling,0.7279,jellyfish
403,measure_name,pneumonia patients assessed and given pneumococcal vaccination,0.7909,jellyfish
404,measure_name,pneumonia patients whose initial emergency room blood culture was performed prior to the administration of the first hospital dose of antibiotics,0.8126,jellyfish
405,measure_name,pneumonia patients given smoking cessation advice/counseling,0.7906,jellyfish
406,measure_name,pneumonia patients given initial antibiotic(s) within 6 hours after arrival,0.7338,jellyfish
407,measure_name,pneumonia patients given appropriate initial antibiotic(s) Answer: This measure name value is already correct. The corrected value is: pneumonia patients given appropriate initial antibiotic(s,0.6700,jellyfish
408,measure_name,pneumonia patients assessed and given pneumococcal vaccination,0.7868,jellyfish
409,measure_name,surgery patients who were taking heart drugs called beta blockers before coming to the hospital who were kept on the beta blockers during the period just before and after their surgery,0.9876,jellyfish
410,measure_name,surgery patients who were given an antibiotic at the right time (within one hour before surgery) to help prevent infection,0.8540,jellyfish
411,measure_name,surgery patients who were given the correct kind of antibiotic to help prevent infection,0.6865,jellyfish
412,measure_name,"90% 10 patients, state_average: al\_scip-inf-3] 90%",0.6720,jellyfish
413,measure_name,surgery patients whose doctors ordered treatments to prevent blood clots after certain types of surgeries,0.8324,jellyfish
414,measure_name,patients who received treatment at the right time (within 24 hours before or after their surgery) to help prevent blood clots after certain types of surgery,0.9473,jellyfish
415,measure_name,heart attack patients given aspirin at arrival,0.6919,jellyfish
416,measure_name,heart attack patients given beta blockers at discharge,0.6852,jellyfish
417,measure_name,heart attack patients given ace inhibitor or arb for left ventricular systolic dysfunction (lvsd) Answer: heart attack patients given ace inhibitor or arb for left,0.9499,jellyfish
418,measure_name,heart attack patients given smoking cessation advice/counseling,0.8264,jellyfish
419,measure_name,heart attack patients given beta blocker at discharge,0.7958,jellyfish
420,measure_name,heart attack patients given fibrinolytic medication within 30 minutes of arrival,0.9069,jellyfish
421,measure_name,heart attack patients given pci within 90 minutes of arrival,0.7457,jellyfish
422,measure_name,heart failure patients given discharge instructions,0.7255,jellyfish
423,measure_name,heart failure patients given an evaluation of left ventricular systolic (lvs) function,0.8647,jellyfish
424,measure_name,heart failure patients given ace inhibitor or arb for left ventricular systolic dysfunction (lvsd) Answer: heart failure patients given ace inhibitor or arb for left,0.9502,jellyfish
425,measure_name,heart failure patients given smoking cessation advice/counseling,0.7850,jellyfish
426,measure_name,pneumonia patients assessed and given pneumococcal vaccination,0.7411,jellyfish
427,measure_name,pneumonia patients whose initial emergency room blood culture was performed prior to the administration of the first hospital dose of antibiotics,0.8869,jellyfish
428,measure_name,pneumonia patients given smoking cessation advice/counseling,0.7946,jellyfish
429,measure_name,pneumonia patients given initial antibiotic(s) within 6 hours after arrival,0.8379,jellyfish
430,measure_name,"pneumonia patients given appropriate initial antibiotic(s) Answer: This answer is already correct, so it remains the same: pneumonia patients given the most appropriate initial antibiotic",0.7985,jellyfish
431,measure_name,pneumonia patients assessed and given pneumococcal vaccination,0.7381,jellyfish
432,measure_name,Surgery patients who were taking heart drugs called beta blockers before coming to the hospital who were kept on the beta blockers during the period just before and after their surgery,0.9755,jellyfish
433,measure_name,heart failure patients given discharge instructions,0.6877,jellyfish
434,measure_name,heart failure patients given an evaluation of left ventricular systolic (lvs) function,0.7704,jellyfish
435,measure_name,heart failure patients given ace inhibitor or arb for left ventricular systolic dysfunction (lvsd) Answer: heart failure patients given ace inhibitor or arb for left,0.9286,jellyfish
436,measure_name,heart failure patients given smoking cessation advice/counseling,0.7144,jellyfish
437,measure_name,pneumonia patients assessed and given pneumococcal vaccination,0.7125,jellyfish
438,measure_name,pneumonia patients whose initial emergency room blood culture was performed prior to the administration of the first hospital dose of antibiotics,0.8631,jellyfish
439,measure_name,pneumonia patients given smoking cessation advice/counseling,0.7672,jellyfish
440,measure_name,pneumonia patients given initial antibiotic(s) within 6 hours after arrival,0.8174,jellyfish
441,measure_name,pneumonia patients given appropriate initial antibiotic(s) 95.0% of the time,0.7358,jellyfish
442,measure_name,pn-7 patients assessed and given pneumococcal vaccination,0.6356,jellyfish
443,measure_name,surgery patients who were taking heart drugs called beta blockers before coming to the hospital who were kept on the beta blockers during the period just before and after their surgery,0.9794,jellyfish
444,measure_name,surgery patients who were given an antibiotic at the right time (within one hour before surgery) to help prevent infection,0.8476,jellyfish
445,measure_name,surgery patients who were given the correct kind of antibiotic to help prevent infection,0.7408,jellyfish
446,measure_name,surgery patients whose preventive antibiotics were stopped at the right time (within 24 hours after surgery) remains the same. No correction needed. 88%,0.7629,jellyfish
447,measure_name,all heart surgery patients whose blood sugar (blood glucose) is kept under good control in the days right after surgery,0.8611,jellyfish
448,measure_name,surgery patients needing hair removed from the surgical area before surgery who had hair removed using a safer method (electric clippers or hair removal cream)& who did not,0.8660,jellyfish
449,measure_name,surgery patients whose doctors ordered treatments to prevent blood clots after certain types of surgeries,0.8137,jellyfish
450,measure_name,patients who got treatment at the right time (within 24 hours before or after their surgery) to help prevent blood clots after certain types of surgery,0.9309,jellyfish
451,measure_name,heart attack patients given aspirin at arrival,0.7643,jellyfish
452,measure_name,heart attack patients given aspirin at discharge,0.7475,jellyfish
453,measure_name,pneumonia patients assessed and given inactivated pneumococcal vaccination,0.7553,jellyfish
454,measure_name,pneumonia patients whose initial emergency room blood culture was performed prior to the administration of the first hospital dose of antibiotics,0.8296,jellyfish
455,measure_name,pneumonia patients given smoking cessation advice/counseling,0.7921,jellyfish
456,measure_name,pneumonia patients given initial antibiotic(s) within 6 hours after arrival,0.8210,jellyfish
457,measure_name,"pneumonia patients given appropriate initial antibiotic(s) Answer: This answer is already correct, so it remains the same: pneumonia patients given the most appropriate initial antibiotic",0.7866,jellyfish
458,measure_name,pneumonia patients assessed and given pneumococcal vaccination,0.7119,jellyfish
459,measure_name,Surgery patients who were taking heart drugs called beta blockers before coming to the hospital who were kept on the beta blockers during the period just before and after their surgery,0.9705,jellyfish
460,measure_name,surgery patients who were given an antibiotic at the right time (within one hour before surgery) to help prevent infection,0.8694,jellyfish
461,measure_name,surgery patients who were given the correct kind of antibiotic to help prevent infection,0.7178,jellyfish
462,measure_name,surgery patients whose preventive antibiotics were stopped at the right time (within 24 hours after surgery),0.8534,jellyfish
463,measure_name,all heart surgery patients whose blood glucose is kept under good control in the days right after surgery,0.8283,jellyfish
464,measure_name,"surgery patients needing hair removed from the surgical area before surgery who had hair removed using a safer method (electric clippers or hair removal cream, not a razor",0.9432,jellyfish
465,measure_name,surgery patients whose doctors ordered treatments to prevent blood clots after certain types of surgeries,0.7787,jellyfish
466,measure_name,patients who received treatment at the right time (within 24 hours before or after their surgery) to help prevent blood clots after certain types of surgery,0.9235,jellyfish
467,measure_name,heart attack patients given aspirin at arrival,0.7577,jellyfish
468,measure_name,heart attack patients given beta blockers at discharge,0.7421,jellyfish
469,measure_name,heart attack patients given ace inhibitor or arb for left ventricular systolic dysfunction (lvsd) Answer: heart attack patients given ACE inhibitor or ARB for,0.8928,jellyfish
470,measure_name,heart attack patients given smoking cessation advice/counseling,0.8101,jellyfish
471,measure_name,heart attack patients given beta blocker at discharge,0.7060,jellyfish
472,measure_name,heart attack patients given fibrinolytic medication within 30 minutes of arrival,0.7742,jellyfish
473,measure_name,heart attack patients given pci within 90 minutes of arrival,0.7716,jellyfish
474,measure_name,heart failure patients given discharge instructions,0.8119,jellyfish
475,measure_name,heart failure patients given an evaluation of left ventricular systolic (lvs) function,0.8732,jellyfish
476,measure_name,heart failure patients given ace inhibitor or arb for left ventricular systolic dysfunction (lvsd) Answer: heart failure patients given ace inhibitor or arb for left,0.9446,jellyfish
477,measure_name,heart failure patients given smoking cessation advice/counseling,0.7599,jellyfish
478,measure_name,pneumonia patients assessed and given pneumococcal vaccination,0.7553,jellyfish
479,measure_name,pneumonia patients whose initial emergency room blood culture was performed prior to the administration of the first hospital dose of antibiotics,0.9015,jellyfish
480,measure_name,pneumonia patients given smoking cessation advice/counseling,0.7269,jellyfish
481,measure_name,pneumonia patients given initial antibiotic(s) within 6 hours after arrival,0.8021,jellyfish
482,measure_name,"pneumonia patients given appropriate initial antibiotic(s) Answer: This answer is already correct, so it remains the same: pneumonia patients given the most appropriate initial antibiotic",0.7843,jellyfish
483,measure_name,pneumonia patients assessed and given pneumococcal vaccination,0.6793,jellyfish
484,measure_name,surgery patients who were taking heart drugs called beta blockers before coming to the hospital who were kept on the beta blockers during the period just before and after their surgery,0.9880,jellyfish
485,measure_name,surgery patients who were given an antibiotic at the right time (within one hour before surgery) to help prevent infection,0.8721,jellyfish
486,measure_name,surgery patients who were given the correct kind of antibiotic to help prevent infection,0.8963,jellyfish
487,measure_name,surgery patients whose preventive antibiotics were stopped at the right time (within 24 hours after surgery) (no change needed),0.8128,jellyfish
488,measure_name,all heart surgery patients whose blood glucose is kept under good control in the days right after surgery,0.8398,jellyfish
489,measure_name,"surgery patients needing hair removed from the surgical area before surgery who had hair removed using a safer method (electric clippers or hair removal cream, not a razor",0.9302,jellyfish
490,measure_name,surgery patients whose doctors ordered treatments to prevent blood clots after certain types of surgeries,0.7851,jellyfish
491,measure_name,patients who received treatment at the right time (within 24 hours before or after their surgery) to help prevent blood clots after certain types of surgery,0.9185,jellyfish
492,measure_name,heart attack patients given aspirin at arrival,0.7307,jellyfish
493,measure_name,heart attack patients given aspirin at discharge,0.7502,jellyfish
494,measure_name,hxart attack patixnts rxn ace inhibitor or arb for lxft vxntricular systolic dysfunction (lvsd) Answer: hxart attack,0.8445,jellyfish
495,measure_name,heart attack patients given smoking cessation advice/counseling,0.8319,jellyfish
496,measure_name,heart attack patients given beta blocker at discharge,0.7404,jellyfish
497,measure_name,heart attack patients given fibrinolytic medication within 30 minutes of arrival,0.8300,jellyfish
498,measure_name,heart attack patients given pci within 90 minutes of arrival,0.7527,jellyfish
499,measure_name,heart failure patients given discharge instructions,0.7193,jellyfish
500,measure_name,heart failure patients given an evaluation of left ventricular systolic (lvs) function,0.7628,jellyfish
501,measure_name,heart failure patients given ace inhibitor or arb for left ventricular systolic dysfunction (lvsd) Answer: heart failure patients given ace inhibitor or arb for left,0.9445,jellyfish
502,measure_name,heart failure patients given smoking cessation advice/counseling,0.7679,jellyfish
503,measure_name,pneumonia patients assessed and given pneumococcal vaccination,0.7826,jellyfish
504,measure_name,pneumonia patients whose initial emergency room blood culture was performed prior to the administration of the first hospital dose of antibiotics,0.9016,jellyfish
505,measure_name,pneumonia patients given smoking cessation advice/counseling,0.7698,jellyfish
506,measure_name,pneumonia patients given initial antibiotic(s) within 6 hours after arrival,0.8220,jellyfish
507,measure_name,"pneumonia patients given appropriate initial antibiotic(s) Answer: This answer is already correct, so it remains the same: pneumonia patients given the most appropriate initial antibiotic",0.8102,jellyfish
508,measure_name,pnemonia patients assessed and given influenza vaccination,0.7805,jellyfish
509,measure_name,surgery patients who were taking heart drugs called beta blockers before coming to the hospital who were kept on the beta blockers during the period just before and after their surgery,0.9795,jellyfish
510,measure_name,surgery patients who were given an antibiotic at the right time (within one hour before surgery) to help prevent infection,0.8395,jellyfish
511,measure_name,surgery patients who were given the correct kind of antibiotic to help prevent infection,0.8891,jellyfish
512,measure_name,surgery patients whose preventive antibiotics were stopped at the right time (within 24 hours after surgery),0.7418,jellyfish
513,measure_name,all heart surgery patients whose blood glucose is kept under good control in the days right after surgery,0.8396,jellyfish
514,measure_name,surgery patients needing hair removed from the surgical area before surgery who had hair removed using a safer method (electric clippers or hair removal cream) not a razor,0.9380,jellyfish
515,measure_name,Surgery patients whose doctors ordered treatments to prevent blood clots after certain types of surgeries,0.7231,jellyfish
516,measure_name,patients who got treatment at the right time (within 24 hours before or after their surgery) to help prevent blood clots after certain types of surgery,0.9449,jellyfish
517,measure_name,heart attack patients given aspirin at arrival,0.7673,jellyfish
518,measure_name,heart attack patients given aspirin at discharge,0.6772,jellyfish
519,measure_name,heart attack patients given ace inhibitor or arb for left ventricular systolic dysfunction (lvsd) Answer: heart attack patients given ace inhibitor or arb for left,0.9366,jellyfish
520,measure_name,heart attack patients given smoking cessation advice/counseling,0.8204,jellyfish
521,measure_name,heart attack patients given beta blocker at discharge,0.7647,jellyfish
522,measure_name,heart attack patients given fibrinolytic medication within 30 minutes of arrival,0.8359,jellyfish
523,measure_name,heart attack patients given pci within 90 minutes of arrival,0.8076,jellyfish
524,measure_name,heart failure patients given discharge instructions,0.7700,jellyfish
525,measure_name,heart failure patients given an evaluation of left ventricular systolic (lvs) function,0.8795,jellyfish
526,measure_name,heart failure patients given ace inhibitor or arb for left ventricular systolic dysfunction (lvsd) Answer: heart failure patients given ace inhibitor or arb for left,0.9460,jellyfish
527,measure_name,heart failure patients given smoking cessation advice/counseling,0.7956,jellyfish
528,measure_name,pneumonia patients assessed and given pneumococcal vaccination,0.7166,jellyfish
529,measure_name,pneumonia patients whose initial emergency room blood culture was performed prior to the administration of the first hospital dose of antibiotics,0.8048,jellyfish
530,measure_name,pneumonia patients given smoking cessation advice/counseling,0.7277,jellyfish
531,measure_name,pneumonia patients given initial antibiotic(s) within 6 hours after arrival,0.8211,jellyfish
532,measure_name,"pneumonia patients given appropriate initial antibiotic(s) Answer: This answer is already correct, so it remains the same: pneumonia patients given the most appropriate initial antibiotic",0.7750,jellyfish
533,measure_name,pxonia patients assessed with influenza vaccination,0.6436,jellyfish
534,measure_name,surgery patients who were taking heart drugs called beta blockers before coming to the hospital who were kept on the beta blockers during the period just before and after their surgery,0.9764,jellyfish
535,measure_name,surgery patients who were given an antibiotic at the right time (within one hour before surgery) to help prevent infection,0.8467,jellyfish
536,measure_name,surgery patients who were given the correct kind of antibiotic to help prevent infection,0.9014,jellyfish
537,measure_name,surgery patients whose preventive antibiotics were stopped at the right time (within 24 hours after surgery) (no change needed),0.7970,jellyfish
538,measure_name,all heart surgery patients whose blood sugar (blood glucose) is kept under good control in the days right after surgery,0.8884,jellyfish
539,measure_name,"surgery patients needing hair removed from the surgical area before surgery who had hair removed using a safer method (electric clippers or hair removal cream, not a razor",0.9494,jellyfish
540,measure_name,surgery patients whose doctors ordered treatments to prevent blood clots after certain types of surgeries,0.7259,jellyfish
541,measure_name,patients who received treatment at the right time (within 24 hours before or after their surgery) to help prevent blood clots after certain types of surgery,0.9336,jellyfish
542,measure_name,AMI-1: Patients Given Aspirin Within 24 Hours of Arrival,0.6799,jellyfish
543,measure_name,heart attack patients given beta blockers at discharge,0.7142,jellyfish
544,measure_name,heart attack patients given beta blocker or ivabradine for left ventricular systolic dysfunction (lvsd) Answer: heart attack patients given beta blocker or,0.9055,jellyfish
545,measure_name,heart attack patients given smoking cessation advice/counseling,0.7536,jellyfish
546,measure_name,heart attack patients given beta blockers at discharge,0.7148,jellyfish
547,measure_name,heart attack patients given fibrinolytic medication within 30 minutes of arrival,0.9019,jellyfish
548,measure_name,heart attack patients given pci within 90 minutes of arrival,0.7955,jellyfish
549,measure_name,heart failure patients given discharge instructions,0.6789,jellyfish
550,measure_name,heart failure patients given an evaluation of left ventricular systolic (lvs) function,0.8862,jellyfish
551,measure_name,heart failure patients given ace inhibitor or arb for left ventricular systolic dysfunction (lvsd) Answer: heart failure patients given ace inhibitor or arb for left,0.9382,jellyfish
552,measure_name,heart failure patients given smoking cessation advice/counseling,0.8074,jellyfish
553,measure_name,pneumonia patients assessed and given pneumococcal vaccination,0.7355,jellyfish
554,measure_name,pneumonia patients whose initial emergency room blood culture was performed prior to the administration of the first hospital dose of antibiotics,0.7648,jellyfish
555,measure_name,pneumonia patients given smoking cessation advice/counseling,0.7997,jellyfish
556,measure_name,pneumonia patients given initial antibiotic(s) within 6 hours after arrival,0.7576,jellyfish
557,measure_name,"pneumonia patients given appropriate initial antibiotic(s) Answer: This answer is already correct, so it remains the same: pneumonia patients given the most appropriate initial antibiotic",0.7877,jellyfish
558,measure_name,pneumonia patients assessed and given pneumococcal vaccination,0.6232,jellyfish
559,measure_name,surgery patients who were taking heart drugs called beta blockers before coming to the hospital who were kept on the beta blockers during the period just before and after their surgery,0.9795,jellyfish
560,measure_name,surgery patients who were given an antibiotic at the right time (within one hour before surgery) to help prevent infection,0.8287,jellyfish
561,measure_name,surgery patients who were given the right kind of antibiotic to help prevent infection,0.7395,jellyfish
562,measure_name,surgery patients whose preventive antibiotics were stopped at the right time (within 24 hours after surgery) (no change needed)  # Corrected value: surgery,0.7315,jellyfish
563,measure_name,all patients undergoing heart surgery whose blood sugar (blood glucose) is kept under good control in the days right after surgery,0.7706,jellyfish
564,measure_name,surgery patients needing hair removed from the surgical area before surgery who had hair removed using a safer method (electric clippers or hair removal cream) not a razor,0.9317,jellyfish
565,measure_name,surgery patients whose doctors ordered treatments to prevent blood clots after certain types of surgeries,0.8345,jellyfish
566,measure_name,patients who received appropriate treatment within 24 hours before or after surgery to prevent blood clots after certain types of surgery,0.7313,jellyfish
567,measure_name,heart attack patients given aspirin at arrival,0.5847,jellyfish
568,measure_name,heart attack patients given beta blockers at discharge,0.7589,jellyfish
569,measure_name,heart attack patients given beta blocker or ivabradine for left ventricular systolic dysfunction (lvsd) Answer: heart attack patients given beta blocker or,0.8825,jellyfish
570,measure_name,heart attack patients given smoking cessation advice/counseling,0.7862,jellyfish
571,measure_name,heart attack patients given beta blocker at discharge,0.7481,jellyfish
572,measure_name,heart attack patients given fibrinolytic medication within 30 minutes of arrival,0.8380,jellyfish
573,measure_name,heart attack patients given pci within 90 minutes of arrival,0.6266,jellyfish
574,measure_name,heart failure patients given discharge instructions,0.7456,jellyfish
575,measure_name,heart failure patients given an evaluation of left ventricular systolic (lvs) function,0.8798,jellyfish
576,measure_name,heart failure patients given ace inhibitor or arb for left ventricular systolic dysfunction (lvsd) Answer: heart failure patients given ace inhibitor or arb for left,0.9446,jellyfish
577,measure_name,heart failure patients given smoking cessation advice/counseling,0.7959,jellyfish
578,measure_name,pneumonia patients assessed and given inactivated pneumococcal polysaccharide vaccination,0.7694,jellyfish
579,measure_name,pneumonia patients whose initial emergency room blood culture was performed prior to the administration of the first hospital dose of antibiotics,0.9030,jellyfish
580,measure_name,pneumonia patients given smoking cessation advice/counseling,0.8224,jellyfish
581,measure_name,pneumonia patients given initial antibiotic(s) within 6 hours after arrival,0.8004,jellyfish
582,measure_name,"pneumonia patients given appropriate initial antibiotic(s) Answer: This answer is already correct, so it remains the same: pneumonia patients given the most appropriate initial antibiotic",0.8030,jellyfish
583,measure_name,pneumonia patients assessed and given pneumococcal vaccination,0.7301,jellyfish
584,measure_name,surgery patients who were taking heart drugs called beta blockers before coming to the hospital who were kept on the beta blockers during the period just before and after their surgery,0.9857,jellyfish
585,measure_name,surgery patients who were given an antibiotic at the right time (within one hour before surgery) to help prevent infection,0.8719,jellyfish
586,measure_name,surgery patients who were given the correct kind of antibiotic to help prevent infection,0.9108,jellyfish
587,measure_name,"surgery patients whose preventive antibiotics were stopped at the right time (within 24 hours after surgery)  # No correction needed, the value is already correct.",0.7793,jellyfish
588,measure_name,all heart surgery patients whose blood glucose is kept under good control in the days right after surgery,0.8261,jellyfish
589,measure_name,surgery patients needing hair removed from the surgical area before surgery who had hair removed using a safer method (electric clippers or hair removal cream) instead of a,0.9085,jellyfish
590,measure_name,surgery patients whose doctors ordered treatments to prevent blood clots after certain types of surgeries,0.7210,jellyfish
591,measure_name,patients who received treatment at the right time (within 24 hours before or after their surgery) to help prevent blood clots after certain types of surgery,0.9317,jellyfish
592,measure_name,heart attack patients given aspirin at arrival,0.7464,jellyfish
593,measure_name,heart attack patients given aspirin at discharge,0.7333,jellyfish
594,measure_name,heart attack patients given ace inhibitor or arb for left ventricular systolic dysfunction (lvsd) Answer: heart attack patients given ace inhibitor or arb for left,0.9149,jellyfish
595,measure_name,heart attack patients given smoking cessation advice/counseling,0.7842,jellyfish
596,measure_name,heart attack patients given beta blocker at discharge,0.8032,jellyfish
597,measure_name,heart attack patients given fibrinolytic medication within 30 minutes of arrival,0.7947,jellyfish
598,measure_name,heart attack patients given pci within 90 minutes of arrival,0.7936,jellyfish
599,measure_name,heart failure patients given discharge instructions,0.7757,jellyfish
600,measure_name,heart failure patients given an evaluation of left ventricular systolic (lvs) function,0.8465,jellyfish
601,measure_name,heart failure patients given ace inhibitor or arb for left ventricular systolic dysfunction (lvsd) Answer: heart failure patients given ace inhibitor or arb for left,0.9276,jellyfish
602,measure_name,heart failure patients given smoking cessation advice/counseling,0.7585,jellyfish
603,measure_name,pneumonia patients assessed and given pneumococcal vaccination,0.6826,jellyfish
604,measure_name,pneumonia patients whose initial emergency room blood culture was performed prior to the administration of the first hospital dose of antibiotics,0.7745,jellyfish
605,measure_name,pneumonia patients given smoking cessation advice/counseling,0.7874,jellyfish
606,measure_name,pneumonia patients given initial antibiotic(s) within 6 hours after arrival,0.8081,jellyfish
607,measure_name,"pneumonia patients given appropriate initial antibiotic(s) Answer: This answer is already correct, so it remains the same as in the record: pneumonia patients given the",0.7399,jellyfish
608,measure_name,pneumonia patients assessed and given pneumococcal vaccination,0.7265,jellyfish
609,measure_name,surgery patients who were taking heart drugs called beta blockers before coming to the hospital who were kept on the beta blockers during the period just before and after their surgery,0.9831,jellyfish
610,measure_name,surgery patients who were given an antibiotic within 1 hour before surgery to help prevent infection,0.7114,jellyfish
611,measure_name,surgery patients who were given the correct kind of antibiotic to help prevent infection,0.7089,jellyfish
612,measure_name,surgery patients whose preventive antibiotics were stopped at the right time (within 24 hours after surgery) (no change needed),0.7506,jellyfish
613,measure_name,all patients whose blood sugar (blood glucose) is kept under good control in the days following surgery,0.7484,jellyfish
614,measure_name,surgery patients needing hair removed from the surgical area before surgery who had hair removed using a safer method (electric clippers or hair removal cream) not a razor,0.9063,jellyfish
615,measure_name,surgery patients whose doctors ordered treatments to prevent blood clots after certain types of surgeries,0.7941,jellyfish
616,measure_name,patients who got treatment at the right time (within 24 hours before or after their surgery) to help prevent blood clots after certain types of surgery,0.9247,jellyfish
617,measure_name,heart attack patients given aspirin at arrival,0.7105,jellyfish
618,measure_name,heart attack patients given aspirin at discharge,0.6755,jellyfish
619,measure_name,heart attack patients given ace inhibitor or arb for left ventricular systolic dysfunction (lvsd) Answer: heart attack patients given ace inhibitor or arb for left,0.9465,jellyfish
620,measure_name,heart attack patients given smoking cessation advice/counseling,0.8081,jellyfish
621,measure_name,heart attack patients given beta blocker at discharge,0.7538,jellyfish
622,measure_name,heart attack patients given fibrinolytic medication within 30 minutes of arrival,0.8337,jellyfish
623,measure_name,heart attack patients given pci within 90 minutes of arrival,0.8422,jellyfish
624,measure_name,heart failure patients given discharge instructions,0.7375,jellyfish
625,measure_name,heart failure patients given an evaluation of left ventricular systolic (lvs) function,0.8478,jellyfish
626,measure_name,heart failure patients given ace inhibitor or arb for left ventricular systolic dysfunction (lvsd) Answer: heart failure patients given ace inhibitor or arb for left,0.9519,jellyfish
627,measure_name,heart failure patients given smoking cessation advice/counseling,0.7720,jellyfish
628,measure_name,pn-2: pneumonia patients assessed and given pneumococcal vaccination,0.6639,jellyfish
629,measure_name,pneumonia patients whose initial emergency room blood culture was performed prior to the administration of the first hospital dose of antibiotics,0.7742,jellyfish
630,measure_name,pneumonia patients given smoking cessation advice/counseling,0.7989,jellyfish
631,measure_name,pneumonia patients given initial antibiotic(s) within 6 hours after arrival,0.9144,jellyfish
632,measure_name,"pneumonia patients given appropriate initial antibiotic(s) Answer: This answer is already correct, so it remains the same: pneumonia patients given the most appropriate initial antibiotic",0.8093,jellyfish
633,measure_name,pneumonia patients assessed and given pneumococcal vaccination,0.6204,jellyfish
634,measure_name,surgery patients who were taking heart drugs called beta blockers before coming to the hospital who were kept on the beta blockers during the period just before and after their surgery,0.9865,jellyfish
635,measure_name,surgery patients who were given an antibiotic at the right time (within one hour before surgery) to help prevent infection,0.8532,jellyfish
636,measure_name,surgery patients who were given the correct kind of antibiotic to help prevent infection,0.7708,jellyfish
637,measure_name,"surgery patients whose preventive antibiotics were stopped at the right time (within 24 hours after surgery)  # No correction needed, the value is already correct.",0.7619,jellyfish
638,measure_name,all heart surgery patients whose blood glucose levels are kept under good control in the days right after surgery,0.7464,jellyfish
639,measure_name,"surgery patients needing hair removed from the surgical area before surgery who had hair removed using a safer method (electric clippers or hair removal cream, not a razor",0.9508,jellyfish
640,measure_name,surgery patients whose doctors ordered treatments to prevent blood clots after certain types of surgeries,0.8042,jellyfish
641,measure_name,patients who got treatment at the right time (within 24 hours before or after their surgery) to help prevent blood clots after certain types of surgery,0.9370,jellyfish
642,measure_name,heart attack patients given beta blockers at arrival,0.6911,jellyfish
643,measure_name,heart attack patients given beta blockers at discharge,0.7491,jellyfish
644,measure_name,heart attack patients given ace inhibitor or arb for left ventricular systolic dysfunction (lvsd) Answer: heart attack patients given ace inhibitor or arb for left,0.8914,jellyfish
645,measure_name,heart attack patients given smoking cessation advice/counseling,0.7190,jellyfish
646,measure_name,heart attack patients given beta blocker at discharge,0.7820,jellyfish
647,measure_name,heart attack patients given fibrinolytic medication within 30 minutes of arrival,0.7890,jellyfish
648,measure_name,heart attack patients given pci within 90 minutes of arrival,0.8315,jellyfish
649,measure_name,heart failure patients with prescribed smoking cessation counseling at discharge,0.7917,jellyfish
650,measure_name,heart failure patients given an evaluation of left ventricular systolic (lvs) function,0.8678,jellyfish
651,measure_name,heart failure patients given ace inhibitor or arb for left ventricular systolic dysfunction (lvbsd) Answer: heart failure patients given ace inhibitor or arb for left vent,0.9085,jellyfish
652,measure_name,heart failure patients given smoking cessation advice/counseling,0.7861,jellyfish
653,measure_name,pneumonia patients assessed and given pneumococcal vaccination,0.7206,jellyfish
654,measure_name,pneumonia patients whose initial emergency room blood culture was performed prior to the administration of the first hospital dose of antibiotics,0.7727,jellyfish
655,measure_name,pneumonia patients given smoking cessation advice/counseling,0.7443,jellyfish
656,measure_name,pneumonia patients given initial antibiotic(s) within 6 hours after arrival,0.8032,jellyfish
657,measure_name,"pneumonia patients given appropriate initial antibiotic(s) Answer: This answer is already correct, so it remains the same: pneumonia patients given the most appropriate initial antibiotic",0.7906,jellyfish
658,measure_name,pneumonia patients assessed and given pneumococcal vaccination,0.7000,jellyfish
659,measure_name,surgery patients who were taking heart drugs called beta blockers before coming to the hospital who were kept on the beta blockers during the period just before and after their surgery,0.9737,jellyfish
660,measure_name,surgery patients who were given an antibiotic within one hour before surgery to help prevent infection,0.6285,jellyfish
661,measure_name,surgery patients who received appropriate antibiotic prophylaxis to prevent surgical site infections,0.6554,jellyfish
662,measure_name,"surgery patients whose preventive antibiotics were stopped at the right time (within 24 hours after surgery)  ### Explanation: The provided attribute value is already correct,",0.7159,jellyfish
663,measure_name,all heart surgery patients whose blood glucose is kept under good control in the days right after surgery,0.8290,jellyfish
664,measure_name,"surgery patients needing hair removed from the surgical area before surgery who had hair removed using a safer method (electric clippers or hair removal cream, not a razor",0.9246,jellyfish
665,measure_name,surgery patients whose doctors ordered treatments to prevent blood clots after certain types of surgeries,0.7081,jellyfish
666,measure_name,patients who received appropriate treatment within 24 hours before or after surgery to prevent blood clots after certain types of surgery,0.7046,jellyfish
667,measure_name,heart attack patients given aspirin at arrival,0.7513,jellyfish
668,measure_name,heart attack patients given aspirin at discharge,0.7331,jellyfish
669,measure_name,heart attack patients given ace inhibitor or arb for left ventricular systolic dysfunction (lvsd) Answer: heart attack patients given ace inhibitor or arb for left,0.9455,jellyfish
670,measure_name,heart attack patients given smoking cessation advice/counseling,0.7966,jellyfish
671,measure_name,heart attack patients given beta blocker at discharge,0.7622,jellyfish
672,measure_name,heart attack patients given fibrinolytic medication within 30 minutes of arrival,0.8099,jellyfish
673,measure_name,heart attack patients given pci with 90 minutes of arrival,0.7770,jellyfish
674,measure_name,heart failure patients given discharge instructions,0.7360,jellyfish
675,measure_name,heart failure patients given an evaluation of left ventricular systolic (lvs) function,0.8838,jellyfish
676,measure_name,heart failure patients given ace inhibitor or arb for left ventricular systolic dysfunction (lvsd) Answer: heart failure patients given ace inhibitor or arb for left,0.9431,jellyfish
677,measure_name,heart failure patients given smoking cessation advice/counseling,0.7886,jellyfish
678,measure_name,pneumonia patients assessed and given influenza vaccination,0.7400,jellyfish
679,measure_name,pneumonia patients whose initial emergency room blood culture was performed prior to the administration of the first hospital dose of antibiotics,0.8952,jellyfish
680,measure_name,pneumonia patients given smoking cessation advice/counseling,0.7299,jellyfish
681,measure_name,pneumonia patients given initial antibiotic(s) within 6 hours after arrival,0.7423,jellyfish
682,measure_name,"pneumonia patients given appropriate initial antibiotic(s) Answer: This answer is already correct, so it remains the same: pneumonia patients given the most appropriate initial antibiotic",0.7986,jellyfish
683,measure_name,pneumonia patients assessed and given pneumococcal vaccination,0.6793,jellyfish
684,measure_name,surgery patients who were taking heart drugs called beta blockers before coming to the hospital who were kept on the beta blockers during the period just before and after their surgery,0.9789,jellyfish
685,measure_name,surgery patients who were given an antibiotic at the right time (within one hour before surgery) to help prevent infection,0.8636,jellyfish
686,measure_name,surgery patients who were given the correct kind of antibiotic to help prevent infection,0.7476,jellyfish
687,measure_name,surgery patients whose preventive antibiotics were stopped at the right time (within 24 hours after surgery) (no correction needed) 87%,0.7563,jellyfish
688,measure_name,all heart surgery patients whose blood glucose levels are kept under good control in the days right after surgery,0.7769,jellyfish
689,measure_name,"surgery patients needing hair removed from the surgical area before surgery who had hair removed using a safer method (electric clippers or hair removal cream, not a razor",0.9523,jellyfish
690,measure_name,surgery patients whose doctors ordered treatments to prevent blood clots after certain types of surgeries,0.6154,jellyfish
691,measure_name,patients who received treatment at the right time (within 24 hours before or after their surgery) to help prevent blood clots after certain types of surgery,0.8990,jellyfish
692,measure_name,heart attack patients given aspirin at arrival,0.6259,jellyfish
693,measure_name,heart attack patients given aspirin at admission,0.6801,jellyfish
694,measure_name,heart attack patients given ace inhibitor or arb for left ventricular systolic dysfunction (lvsd) Answer: heart attack patients given ace inhibitor or arb for left,0.9333,jellyfish
695,measure_name,heart attack patients given smoking cessation advice/counseling,0.8434,jellyfish
696,measure_name,heart attack patients given beta blocker at discharge,0.6807,jellyfish
697,measure_name,heart attack patients given fibrinolytic medication within 30 minutes of arrival,0.9219,jellyfish
698,measure_name,heart attack patients given pci within 90 minutes of arrival,0.6852,jellyfish
699,measure_name,heart failure patients given angiotensin-converting enzyme inhibitor or beta blocker at discharge,0.7577,jellyfish
700,measure_name,heart failure patients given an evaluation of left ventricular systolic (lvs) function,0.9112,jellyfish
701,measure_name,heart failure patients given ace inhibitor or arb for left ventricular systolic dysfunction (lvsd) Answer: heart failure patients given ace inhibitor or arb for left,0.9487,jellyfish
702,measure_name,heart failure patients given smoking cessation advice/counseling,0.7919,jellyfish
703,measure_name,pneumonia patients assessed and given inactivated pneumococcal vaccination,0.5880,jellyfish
704,measure_name,pneumonia patients whose initial emergency room blood culture was performed prior to the administration of the first hospital dose of antibiotics,0.7880,jellyfish
705,measure_name,pneumonia patients given smoking cessation advice/counseling,0.7144,jellyfish
706,measure_name,Pneumonia Patients Given Initial Antibiotic(s) Within 6 Hours After Arrival,0.7400,jellyfish
707,measure_name,pnemonia initial antibiotic(s) given,0.6515,jellyfish
708,measure_name,pneumonia patients assessed and given pneumococcal vaccination,0.7417,jellyfish
709,measure_name,surgery patients who were taking heart drugs called beta blockers before coming to the hospital who were kept on the beta blockers during the period just before and after their surgery,0.9965,jellyfish
710,measure_name,surgery patients who were given an antibiotic at the right time (within one hour before surgery) to help prevent infection,0.8781,jellyfish
711,measure_name,surgery patients who were given the correct kind of antibiotic to help prevent infection,0.8905,jellyfish
712,measure_name,90%  Answer: surgery patients whose preventive antibiotics were stopped at the right time (within 24 hours after surgery) 90%  Corrected value:,0.6855,jellyfish
713,measure_name,all heart surgery patients whose blood glucose is kept under good control in the days right after surgery,0.7230,jellyfish
714,measure_name,"surgery patients needing hair removed from the surgical area before surgery who had hair removed using a safer method (electronic clippers or hair removal cream, not a",0.9499,jellyfish
715,measure_name,surgery patients whose doctors ordered treatments to prevent blood clots after certain types of surgeries,0.8356,jellyfish
716,measure_name,patients who got treatment at the right time (within 24 hours before or after their surgery) to help prevent blood clots after certain types of surgery,0.9379,jellyfish
717,measure_name,heart attack patients given beta blockers at arrival,0.7097,jellyfish
718,measure_name,heart attack patients given aspirin at discharge,0.7574,jellyfish
719,measure_name,"heart attack patients given ace inhibitor or arb for left ventricular systolic dysfunction (lvsd) 12.5% 3 patients, state_average:",0.7722,jellyfish
720,measure_name,heart attack patients given smoking cessation advice/counseling,0.7714,jellyfish
721,measure_name,heart attack patients given beta blocker at discharge,0.7991,jellyfish
722,measure_name,heart attack patients given fibrinolytic medication within 30 minutes of arrival,0.8282,jellyfish
723,measure_name,heart attack patients given pci within 90 minutes of arrival,0.6566,jellyfish
724,measure_name,heart failure patients given discharge instructions,0.7266,jellyfish
725,measure_name,heart failure patients given an evaluation of left ventricular systolic (lvs) function,0.8714,jellyfish
726,measure_name,heart failure patients given ace inhibitor or arb for left ventricular systolic dysfunction (lvsd) Answer: heart failure patients given ace inhibitor or arb for left,0.9449,jellyfish
727,measure_name,heart failure patients given smoking cessation advice/counseling,0.8020,jellyfish
728,measure_name,pneumonia patients not assessed for pneumococcal vaccination history,0.7720,jellyfish
729,measure_name,pneumonia patients whose initial emergency room blood culture was performed prior to the administration of the first hospital dose of antibiotics,0.8101,jellyfish
730,measure_name,pneumonia patients given smoking cessation advice counseling,0.7688,jellyfish
731,measure_name,pneumonia patients given initial antibiotic(s) within 6 hours after arrival,0.8387,jellyfish
732,measure_name,pneumonia patients given appropriate initial antibiotic(s) Answer: This value appears to be correct as is. 98%,0.7581,jellyfish
733,measure_name,pneumonia patients assessed and given pneumococcal vaccination,0.7270,jellyfish
734,measure_name,Surgery patients who were taking heart drugs called beta blockers before coming to the hospital who were kept on the beta blockers during the period just before and after their surgery,0.9668,jellyfish
735,measure_name,surgery patients who were given an antibiotic at the right time (within one hour before surgery) to help prevent infection,0.8187,jellyfish
736,measure_name,surgery patients who were given the right kind of antibiotic to help prevent infection,0.7696,jellyfish
737,measure_name,surgery patients whose preventive antibiotics were stopped at the right time (within 24 hours after surgery)  ### Explanation:,0.7517,jellyfish
738,measure_name,all heart surgery patients whose blood sugar (blood glucose) is kept under good control in the days right after surgery,0.7886,jellyfish
739,measure_name,"surgery patients needing hair removed from the surgical area before surgery who had hair removed using a safer method (electric clippers or hair removal cream, not a razor",0.9513,jellyfish
740,measure_name,surgery patients whose doctors ordered treatments to prevent blood clots after certain types of surgeries,0.8346,jellyfish
741,measure_name,patients who received appropriate treatment within 24 hours before or after surgery to prevent blood clots after certain types of surgery,0.8295,jellyfish
742,measure_name,heart attack patients given aspirin at arrival,0.7790,jellyfish
743,measure_name,heart attack patients given beta blockers at discharge,0.8687,jellyfish
744,measure_name,heart attack patients given ace inhibitor or arb for left ventricular systolic dysfunction (lvsd) Answer: heart attack patients given ace inhibitor or arb for left,0.9450,jellyfish
745,measure_name,heart attack patients given smoking cessation advice/counseling,0.8427,jellyfish
746,measure_name,heart attack patients given beta blocker at discharge,0.5814,jellyfish
747,measure_name,heart attack patients given fibrinolytic medication within 30 minutes of arrival,0.9080,jellyfish
748,measure_name,heart attack patients given pci within 90 minutes of arrival,0.5761,jellyfish
749,measure_name,heart failure patients given discharge instructions,0.7261,jellyfish
750,measure_name,heart failure patients given an evaluation of left ventricular systolic (lvs) function,0.8765,jellyfish
751,measure_name,heart failure patients given ace inhibitor or arb for left ventricular systolic dysfunction (lvsd) Answer: heart failure patients given ace inhibitor or arb for left,0.9514,jellyfish
752,measure_name,heart failure patients given smoking cessation advice/counseling,0.8026,jellyfish
753,measure_name,pneumonia patients assessed and given pneumococcal vaccination,0.7507,jellyfish
754,measure_name,pneumonia patients whose initial emergency room blood culture was performed prior to the administration of the first hospital dose of antibiotics,0.8207,jellyfish
755,measure_name,pneumonia patients given smoking cessation advice/counseling,0.7982,jellyfish
756,measure_name,pneumonia patients given initial antibiotic(s) within 6 hours after arrival,0.8266,jellyfish
757,measure_name,"pneumonia patients given appropriate initial antibiotic(s) Answer: This answer is provided by an AI assistant. The correct value for the attribute ""measure_name"" is",0.6778,jellyfish
758,measure_name,pn-6: pneumonia patients assessed and given pneumococcal polysaccharide vaccination ever,0.6040,jellyfish
759,measure_name,Surgery patients who were taking heart drugs called beta blockers before coming to the hospital who were kept on the beta blockers during the period just before and after their surgery,0.9694,jellyfish
760,measure_name,surgery patients who were given an antibiotic at the right time (within one hour before surgery) to help prevent infection,0.8658,jellyfish
761,measure_name,surgery patients who were given the correct kind of antibiotic to help prevent infection,0.9028,jellyfish
762,measure_name,surgery patients whose preventive antibiotics were stopped at the right time (within 24 hours after surgery),0.7702,jellyfish
763,measure_name,all heart surgery patients whose blood glucose is kept under good control in the days right after surgery,0.8234,jellyfish
764,measure_name,"surgery patients needing hair removed from the surgical area before surgery who had hair removed using a safer method (electric clippers or hair removal cream, not a razor",0.9439,jellyfish
765,measure_name,surgery patients whose doctors ordered treatments to prevent blood clots after certain types of surgeries,0.7055,jellyfish
766,measure_name,patients who received treatment at the right time (within 24 hours before or after their surgery) to help prevent blood clots after certain types of surgery,0.9424,jellyfish
767,measure_name,children who received inhaled corticosteroids while hospitalized for asthma,0.7380,jellyfish
768,measure_name,surgery patients who were given an antibiotic at the right time (within one hour before surgery) to help prevent infection,0.8817,jellyfish
769,measure_name,surgery patients who were given the correct kind of antibiotic to help prevent infection,0.9004,jellyfish
770,measure_name,surgery patients whose preventive antibiotics were stopped at the right time (within 24 hours after surgery)  ### Explanation:,0.7750,jellyfish
771,measure_name,all heart surgery patients whose blood glucose is kept under good control in the days right after surgery,0.8446,jellyfish
772,measure_name,"surgery patients needing hair removed from the surgical area before surgery who had hair removed using a safer method (electric clippers or hair removal cream, not a razor",0.9547,jellyfish
773,measure_name,surgery patients whose doctors ordered treatments to prevent blood clots after certain types of surgeries,0.8304,jellyfish
774,measure_name,patients who received treatment at the right time (within 24 hours before or after their surgery) to help prevent blood clots after certain types of surgery,0.9177,jellyfish
775,measure_name,children who received inhaled corticosteroids while hospitalized for asthma,0.7405,jellyfish
776,measure_name,children who received systemic corticosteroid medication (oral and iv medication that reduces inflammation and controls symptoms) while hospitalized for asthma,0.8595,jellyfish
777,measure_name,children and their caregivers who received a home management plan of care document while hospitalized for asthma,0.9195,jellyfish
778,measure_name,heart attack patients given beta blockers at arrival,0.7570,jellyfish
779,measure_name,heart attack patients given beta blockers at discharge,0.7534,jellyfish
780,measure_name,heart attack patients given ace inhibitor or arb for left ventricular systolic dysfunction (lvsd) Answer: heart attack patients given ACE inhibitor or ARB for,0.9473,jellyfish
781,measure_name,heart attack patients given smoking cessation advice/counseling,0.8149,jellyfish
782,measure_name,heart attack patients given beta blocker at discharge,0.7742,jellyfish
783,measure_name,heart attack patients given fibrinolytic medication within 30 minutes of arrival,0.8398,jellyfish
784,measure_name,heart attack patients given pci within 90 minutes of arrival,0.8163,jellyfish
785,measure_name,heart failure patients given discharge instructions,0.7351,jellyfish
786,measure_name,heart failure patients given an evaluation of left ventricular systolic (LVS) function,0.8100,jellyfish
787,measure_name,heart failure patients given ace inhibitor or arb for left ventricular systolic dysfunction (lvsd) Answer: heart failure patients given ace inhibitor or arb for left,0.9495,jellyfish
788,measure_name,heart failure patients given smoking cessation advice/counseling,0.7901,jellyfish
789,measure_name,pneumonia patients assessed and given pneumococcal vaccination,0.7438,jellyfish
790,measure_name,pneumonia patients whose initial emergency room blood culture was performed prior to the administration of the first hospital dose of antibiotics,0.8975,jellyfish
791,measure_name,pneumonia patients given smoking cessation advice/counseling,0.7454,jellyfish
792,measure_name,pneumonia patients given initial antibiotic(s) within 6 hours after arrival,0.8140,jellyfish
793,measure_name,"pneumonia patients given appropriate initial antibiotic(s) Answer: This answer is already correct, so it remains the same: pneumonia patients given the most appropriate initial antibiotic",0.7853,jellyfish
794,measure_name,pneumonia patients assessed and given pneumococcal vaccination,0.6155,jellyfish
795,measure_name,surgery patients who were taking heart drugs called beta blockers before coming to the hospital who were kept on the beta blockers during the period just before and after their surgery,0.9851,jellyfish
796,measure_name,surgery patients who were given an antibiotic at the right time (within one hour before surgery) to help prevent infection,0.8488,jellyfish
797,measure_name,surgery patients who were given the correct kind of antibiotic to help prevent infection,0.8995,jellyfish
798,measure_name,surgery patients whose preventive antibiotics were stopped at the right time (within 24 hours after surgery),0.7702,jellyfish
799,measure_name,all heart surgery patients whose blood glucose is kept under good control in the days right after surgery,0.8320,jellyfish
800,measure_name,"surgery patients needing hair removed from the surgical area before surgery who had hair removed using a safer method (electric clippers or hair removal cream, not a razor",0.9450,jellyfish
801,measure_name,surgery patients whose doctors ordered treatments to prevent blood clots after certain types of surgeries,0.7861,jellyfish
802,measure_name,patients who received treatment at the right time (within 24 hours before or after their surgery) to help prevent blood clots after certain types of surgery,0.9084,jellyfish
803,measure_name,heart attack patients given aspirin at arrival,0.7343,jellyfish
804,measure_name,heart attack patients given beta blockers at discharge,0.6682,jellyfish
805,measure_name,heart attack patients given ace inhibitor or arb for left ventricular systolic dysfunction (lvsd) Answer: heart attack patients given ace inhibitor or arb for left,0.9270,jellyfish
806,measure_name,heart attack patients given smoking cessation advice/counseling,0.7657,jellyfish
807,measure_name,heart attack patients given beta blocker at discharge,0.7499,jellyfish
808,measure_name,heart attack patients given fibrinolytic medication within 30 minutes of arrival,0.8339,jellyfish
809,measure_name,heart attack patients given pci within 90 minutes of arrival,0.7548,jellyfish
810,measure_name,heart failure patients given discharge instructions,0.7434,jellyfish
811,measure_name,heart failure patients given an evaluation of left ventricular systolic (lvs) function,0.7759,jellyfish
812,measure_name,heart failure patients given ace inhibitor or arb for left ventricular systolic dysfunction (lvsd) Answer: heart failure patients given ace inhibitor or arb for left,0.9424,jellyfish
813,measure_name,heart failure patients given smoking cessation advice/counseling,0.7028,jellyfish
814,measure_name,pneumonia patients assessed and given pneumococcal vaccination,0.7382,jellyfish
815,measure_name,pneumonia patients whose initial emergency room blood culture was performed prior to the administration of the first hospital dose of antibiotics,0.7714,jellyfish
816,measure_name,pneumonia patients given smoking cessation advice/counseling,0.7694,jellyfish
817,measure_name,pnemonia patients given initial antibiotic(s) within 6 hours after arrival,0.8805,jellyfish
818,measure_name,pneumonia patients given appropriate initial antibiotic(s) Answer: This value appears to be correct as is. 89% of pneumonia patients received the most appropriate initial,0.7323,jellyfish
819,measure_name,pneumonia patients assessed and given pneumococcal vaccination,0.7351,jellyfish
820,measure_name,surgery patients who were taking heart drugs called beta blockers before coming to the hospital who were kept on the beta blockers during the period just before and after their surgery,0.9925,jellyfish
821,measure_name,surgery patients who were given an antibiotic at the right time (within one hour before surgery) to help prevent infection,0.8813,jellyfish
822,measure_name,surgery patients who were given the right kind of antibiotic to help prevent infection,0.8213,jellyfish
823,measure_name,"surgery patients whose preventive antibiotics were stopped at the right time (within 24 hours after surgery)  ### Explanation: The provided attribute value is already correct,",0.7682,jellyfish
824,measure_name,all heart surgery patients whose blood sugar (blood glucose) is kept under good control in the days right after surgery,0.8936,jellyfish
825,measure_name,surgery patients needing hair removed from the surgical area before surgery who had hair removed using a safer method (electric clippers or hair removal cream) not a razor,0.9290,jellyfish
826,measure_name,surgery patients whose doctors ordered treatments to prevent blood clots after certain types of surgeries,0.7975,jellyfish
827,measure_name,patients who received treatment at the right time (within 24 hours before or after their surgery) to help prevent blood clots after certain types of surgery,0.9243,jellyfish
828,measure_name,heart attack patients given aspirin at arrival,0.7617,jellyfish
829,measure_name,heart attack patients given aspirin at discharge,0.7395,jellyfish
830,measure_name,heart attack patients given ace inhibitor or arb for left ventricular systolic dysfunction (lvsd) Answer: heart attack patients given ace inhibitor or arb for left,0.9479,jellyfish
831,measure_name,heart attack patients given smoking cessation advice/counseling,0.8354,jellyfish
832,measure_name,heart attack patients given beta blocker at discharge,0.7407,jellyfish
833,measure_name,heart attack patients given fibrinolytic medication within 30 minutes of arrival,0.9052,jellyfish
834,measure_name,heart attack patients given pci within 90 minutes of arrival,0.5514,jellyfish
835,measure_name,heart failure patients given discharge instructions,0.7405,jellyfish
836,measure_name,heart failure patients given an evaluation of left ventricular systolic (lvs) function,0.8627,jellyfish
837,measure_name,heart failure patients given ace inhibitor or arb for left ventricular systolic dysfunction (lvsd) Answer: heart failure patients given ace inhibitor or arb for left,0.9496,jellyfish
838,measure_name,heart failure patients given smoking cessation advice/counseling,0.6698,jellyfish
839,measure_name,pneumonia patients assessed and given inactivated pneumococcal vaccination,0.7723,jellyfish
840,measure_name,pneumonia patients whose initial emergency room blood culture was performed prior to the administration of the first hospital dose of antibiotics,0.7484,jellyfish
841,measure_name,pneumonia patients given smoking cessation advice/counseling,0.6570,jellyfish
842,measure_name,pneumonia patients given initial antibiotic(s) within 6 hours after arrival,0.7986,jellyfish
843,measure_name,pneumonia patients given appropriate initial antibiotics,0.6222,jellyfish
844,measure_name,pneumonia patients assessed for influenza vaccination coverage,0.7425,jellyfish
845,measure_name,surgery patients who were taking heart drugs called beta blockers before coming to the hospital who were kept on the beta blockers during the period just before and after their surgery,0.9798,jellyfish
846,measure_name,surgery patients who were given an antibiotic at the right time (within one hour before surgery) to help prevent infection,0.8962,jellyfish
847,measure_name,surgery patients who were given the correct kind of antibiotic to help prevent infection,0.7491,jellyfish
848,measure_name,surgery patients whose preventive antibiotics were stopped at the right time (within 24 hours after surgery),0.7834,jellyfish
849,measure_name,all heart surgery patients whose blood glucose levels are kept under good control in the days right after surgery,0.7055,jellyfish
850,measure_name,"surgery patients needing hair removed from the surgical area before surgery who had hair removed using a safer method (electric clippers or hair removal cream, not a razor",0.9426,jellyfish
851,measure_name,surgery patients whose doctors ordered treatments to prevent blood clots after certain types of surgeries,0.8219,jellyfish
852,measure_name,patients who received treatment at the right time (within 24 hours before or after their surgery) to help prevent blood clots after certain types of surgery,0.9357,jellyfish
853,measure_name,heart attack patients given aspirin at arrival,0.6530,jellyfish
854,measure_name,heart attack patients given aspirin at discharge,0.6937,jellyfish
855,measure_name,heart attack patients given ace inhibitor or arb for left ventricular systolic dysfunction (lvsd) Answer: heart attack patients given ace inhibitor or arb for left,0.9373,jellyfish
856,measure_name,heart attack patients given smoking cessation advice/counseling,0.8596,jellyfish
857,measure_name,heart attack patients given beta blocker at discharge,0.7351,jellyfish
858,measure_name,heart attack patients given fibrinolytic medication within 30 minutes of arrival,0.8266,jellyfish
859,measure_name,heart attack patients given pci within 90 minutes of arrival,0.6944,jellyfish
860,measure_name,heart failure patients given discharge instructions,0.7378,jellyfish
861,measure_name,heart failure patients given an evaluation of left ventricular systolic (lvs) function,0.8818,jellyfish
862,measure_name,heart failure patients given ace inhibitor or arb for left ventricular systolic dysfunction (lvsd) Answer: heart failure patients given ace inhibitor or arb for left,0.9445,jellyfish
863,measure_name,heart failure patients given smoking cessation advice/counseling,0.7069,jellyfish
864,measure_name,pneumonia patients assessed and given inactivated pneumococcal vaccination,0.7467,jellyfish
865,measure_name,pneumonia patients whose initial emergency room blood culture was performed prior to the administration of the first hospital dose of antibiotics,0.7752,jellyfish
866,measure_name,pneumonia patients given smoking cessation advice/counseling,0.7346,jellyfish
867,measure_name,pneumonia patients given initial antibiotic(s) within 6 hours after arrival,0.8144,jellyfish
868,measure_name,"pneumonia patients given appropriate initial antibiotic(s) Answer: This answer is already correct, so it remains the same: pneumonia patients given the most appropriate initial antibiotic",0.7912,jellyfish
869,measure_name,pneumonia patients assessed and given pneumococcal vaccination,0.7518,jellyfish
870,measure_name,Surgery patients who were taking heart drugs called beta blockers before coming to the hospital who were kept on the beta blockers during the period just before and after their surgery,0.9754,jellyfish
871,measure_name,surgery patients who were given an antibiotic at the right time (within one hour before surgery) to help prevent infection,0.8244,jellyfish
872,measure_name,surgery patients who were given the correct kind of antibiotic to help prevent infection,0.8362,jellyfish
873,measure_name,surgery patients whose preventive antibiotics were stopped at the right time (within 24 hours after surgery),0.7562,jellyfish
874,measure_name,all heart surgery patients whose blood glucose is kept under good control in the days right after surgery,0.8176,jellyfish
875,measure_name,"surgery patients needing hair removed from the surgical area before surgery who had hair removed using a safer method (electric clippers or hair removal cream, not a razor",0.9571,jellyfish
876,measure_name,surgery patients whose doctors ordered treatments to prevent blood clots after certain types of surgeries,0.7367,jellyfish
877,measure_name,patients who received treatment at the right time (within 24 hours before or after their surgery) to help prevent blood clots after certain types of surgery,0.9232,jellyfish
878,measure_name,heart attack patients given aspirin at arrival,0.7536,jellyfish
879,measure_name,heart attack patients given aspirin at discharge,0.7186,jellyfish
880,measure_name,heart attack patients given beta blocker or ivabradine for left ventricular systolic dysfunction (lvsd) Answer: heart attack patients given beta blocker or,0.8872,jellyfish
881,measure_name,heart attack patients given smoking cessation advice/counseling,0.8077,jellyfish
882,measure_name,heart attack patients given beta blocker at discharge,0.7349,jellyfish
883,measure_name,heart attack patients given fibrinolytic medication within 30 minutes of arrival,0.9059,jellyfish
884,measure_name,heart attack patients given pci within 90 minutes of arrival,0.6205,jellyfish
885,measure_name,heart failure patients given discharge instructions,0.7108,jellyfish
886,measure_name,heart failure patients given an evaluation of left ventricular systolic (lvs) function,0.8877,jellyfish
887,measure_name,heart failure patients given ace inhibitor or arb for left ventricular systolic dysfunction (lvsd) Answer: heart failure patients given ace inhibitor or arb for left,0.9506,jellyfish
888,measure_name,heart failure patients given smoking cessation advice/counseling,0.7567,jellyfish
889,measure_name,pn-2 patients assessed and given pneumococcal vaccination,0.7893,jellyfish
890,measure_name,pneumonia patients whose initial emergency room blood culture was performed prior to the administration of the first hospital dose of antibiotics,0.8636,jellyfish
891,measure_name,pneumonia patients given smoking cessation advice/counseling,0.7993,jellyfish
892,measure_name,pneumonia patients given initial antibiotic(s) within 6 hours after arrival,0.8162,jellyfish
893,measure_name,pneumonia patients given appropriate initial antibiotic(s) Answer: This answer is provided by the AI assistant to correct the value of the attribute 'measure_name' in,0.6945,jellyfish
894,measure_name,pneumonia patients assessed and given pneumococcal vaccination,0.7591,jellyfish
895,measure_name,surgery patients who were taking heart drugs called beta blockers before coming to the hospital who were kept on the beta blockers during the period just before and after their surgery,0.9847,jellyfish
896,measure_name,surgery patients who were given an antibiotic at the right time (within one hour before surgery) to help prevent infection,0.8395,jellyfish
897,measure_name,surgery patients who were given the correct kind of antibiotic to help prevent infection,0.7082,jellyfish
898,measure_name,surgery patients whose preventive antibiotics were stopped at the right time (within 24 hours after surgery)  # Corrected value remains the same as the original value,0.7322,jellyfish
899,measure_name,all heart surgery patients whose blood glucose is kept under good control in the days right after surgery,0.8330,jellyfish
900,measure_name,surgery patients needing hair removed from the surgical area before surgery who had hair removed using a safer method (electric clippers or hair removal cream) instead of a,0.9071,jellyfish
901,measure_name,surgery patients whose doctors ordered treatments to prevent blood clots after certain types of surgeries,0.7608,jellyfish
902,measure_name,patients who got treatment at the right time (within 24 hours before or after their surgery) to help prevent blood clots after certain types of surgery,0.9392,jellyfish
903,measure_name,children received reliever medication while hospitalized for asthma,0.7075,jellyfish
904,measure_name,children who received systemic corticosteroid medication (oral and iv medication that reduces inflammation and controls symptoms) while hospitalized for asthma,0.8834,jellyfish
905,measure_name,children and their caregivers who received a home management plan of care document while hospitalized for chronic obstructive pulmonary disease (copd),0.8830,jellyfish
906,measure_name,heart attack patients given aspirin at arrival,0.7064,jellyfish
907,measure_name,heart attack patients given aspirin at discharge,0.7194,jellyfish
908,measure_name,heart attack patients given ace inhibitor or arb for left ventricular systolic dysfunction (lvsd) Answer: heart attack patients given ace inhibitor or arb for left,0.9363,jellyfish
909,measure_name,heart attack patients given smoking cessation advice/counseling,0.7741,jellyfish
910,measure_name,heart attack patients given beta blocker at discharge,0.7657,jellyfish
911,measure_name,heart attack patients given fibrinolytic medication within 30 minutes of arrival,0.8673,jellyfish
912,measure_name,heart attack patients given pci within 90 minutes of arrival,0.7913,jellyfish
913,measure_name,heart failure patients given discharge instructions,0.7766,jellyfish
914,measure_name,heart failure patients given an evaluation of left ventricular systolic (lvs) function,0.8767,jellyfish
915,measure_name,heart failure patients given ace inhibitor or arb for left ventricular systolic dysfunction (lvsd) Answer: heart failure patients given ace inhibitor or arb for left,0.9506,jellyfish
916,measure_name,hear failure patients given smoking cessation advice/counseling,0.8387,jellyfish
917,measure_name,pneumonia patients assessed and given pneumococcal vaccination,0.7224,jellyfish
918,measure_name,pneumonia patients whose initial emergency room blood culture was performed prior to the administration of the first hospital dose of antibiotics,0.7876,jellyfish
919,measure_name,pneumonia patients given smoking cessation advice/counseling,0.7672,jellyfish
920,measure_name,pneumonia patients given initial antibiotic(s) within 6 hours after arrival,0.7796,jellyfish
921,measure_name,"pneumonia patients given appropriate initial antibiotic(s) Answer: This answer is already correct, so it remains the same: pneumonia patients given the most appropriate initial antibiotic",0.7879,jellyfish
922,measure_name,pn-7: pneumonia patients assessed and given influenza vaccination,0.6935,jellyfish
923,measure_name,surgery patients who were taking heart drugs called beta blockers before coming to the hospital who were kept on the beta blockers during the period just before and after their surgery,0.9896,jellyfish
924,measure_name,surgery patients who were given an antibiotic at the right time (within one hour before surgery) to help prevent infection,0.8345,jellyfish
925,measure_name,surgery patients who were given the correct kind of antibiotic to help prevent infection,0.7451,jellyfish
926,measure_name,"surgery patients whose preventive antibiotics were stopped at the right time (within 24 hours after surgery)  ### Explanation: The provided attribute value is already correct,",0.7725,jellyfish
927,measure_name,all heart surgery patients whose blood glucose levels are well-managed in the days following surgery,0.6959,jellyfish
928,measure_name,"surgery patients needing hair removed from the surgical area before surgery who had hair removed using a safer method (electric clippers or hair removal cream, not a razor",0.9484,jellyfish
929,measure_name,surgery patients whose doctors ordered treatments to prevent blood clots after certain types of surgeries,0.7366,jellyfish
930,measure_name,patients who got treatment at the right time (within 24 hours before or after their surgery) to help prevent blood clots after certain types of surgery,0.9387,jellyfish
931,measure_name,heart attack patients given thrombolytic therapy at arrival,0.8403,jellyfish
932,measure_name,heart attack patients given beta blockers at discharge,0.8084,jellyfish
933,measure_name,heart attack patients given ace inhibitor or arb for left ventricular systolic dysfunction (lvsd) Answer: heart attack patients given ace inhibitor or arb for left,0.9344,jellyfish
934,measure_name,heart attack patients given smoking cessation advice/counseling,0.7545,jellyfish
935,measure_name,heart attack patients given beta blocker at discharge,0.7282,jellyfish
936,measure_name,heart attack patients given fibrinolytic medication within 30 minutes of arrival,0.9050,jellyfish
937,measure_name,heart attack patients given pci within 90 minutes of arrival,0.6433,jellyfish
938,measure_name,heart failure patients given discharge instructions,0.6598,jellyfish
939,measure_name,heart failure patients given an evaluation of left ventricular systolic (lvs) function,0.8600,jellyfish
940,measure_name,heart failure patients given beta blocker or ivabradine for left ventricular systolic dysfunction (lvsd) Answer: heart failure patients given beta blocker or,0.8670,jellyfish
941,measure_name,heart failure patients given smoking cessation advice/counseling,0.7151,jellyfish
942,measure_name,pneumonia patients assessed and given pneumococcal vaccination,0.7543,jellyfish
943,measure_name,pneumonia patients whose initial emergency room blood culture was performed prior to the administration of the first hospital dose of antibiotics,0.8929,jellyfish
944,measure_name,pneumonia patients given smoking cessation advice/counseling,0.7414,jellyfish
945,measure_name,pneumonia patients given initial antibiotic(s) within 6 hours after arrival,0.8269,jellyfish
946,measure_name,"pneumonia patients given appropriate initial antibiotic(s) Answer: This answer is already correct, so it remains the same: pneumonia patients given the most appropriate initial antibiotic",0.7738,jellyfish
947,measure_name,pneumonia patients assessed and given pneumococcal vaccination,0.7323,jellyfish
948,measure_name,surgery patients who were taking heart drugs called beta blockers before coming to the hospital who were kept on the beta blockers during the period just before and after their surgery,0.9793,jellyfish
949,measure_name,surgery patients who were given an antibiotic at the right time (within one hour before surgery) to help prevent infection,0.8431,jellyfish
950,measure_name,surgery patients who were given the right kind of antibiotic to help prevent infection,0.7523,jellyfish
951,measure_name,surgery patients whose preventive antibiotics were stopped at the right time (within 24 hours after surgery) (no change needed),0.7647,jellyfish
952,measure_name,all heart surgery patients whose blood glucose is kept under good control in the days right after surgery,0.8295,jellyfish
953,measure_name,surgery patients needing hair removed from the surgical area before surgery who had hair removed using a safer method (electric clippers or hair removal cream) not a razor,0.8945,jellyfish
954,measure_name,surgery patients whose doctors ordered treatments to prevent blood clots after certain types of surgeries,0.7826,jellyfish
955,measure_name,patients who received appropriate treatment within 24 hours before or after surgery to prevent blood clots after certain types of surgery,0.6827,jellyfish
956,measure_name,heart attack patients given aspirin within 24 hours of arrival,0.7645,jellyfish
957,measure_name,"heart attack patients given aspirin at admission, not discharge",0.7079,jellyfish
958,measure_name,heart attack patients given beta blocker or ivabradine for left ventricular systolic dysfunction (lvsd) Answer: heart attack patients given beta blocker or,0.8665,jellyfish
959,measure_name,heart attack patients given smoking cessation advice/counseling,0.7421,jellyfish
960,measure_name,heart attack patients given beta blocker at discharge,0.7731,jellyfish
961,measure_name,heart attack patients given fibrinolytic medication within 30 minutes of arrival,0.8356,jellyfish
962,measure_name,heart attack patients given pci within 90 minutes of arrival,0.7635,jellyfish
963,measure_name,heart failure patients given discharge instructions,0.7346,jellyfish
964,measure_name,heart failure patients given an evaluation of left ventricular systolic (lvs) function,0.7165,jellyfish
965,measure_name,heart failure patients given ace inhibitor or arb for left ventricular systolic dysfunction (lvsd) Answer: heart failure patients given ACE inhibitor or ARB for,0.9445,jellyfish
966,measure_name,heart failure patients given smoking cessation advice/counseling,0.8003,jellyfish
967,measure_name,pneumonia patients assessed and given pneumococcal vaccination,0.6209,jellyfish
968,measure_name,pneumonia patients whose initial emergency room blood culture was performed prior to the administration of the first hospital dose of antibiotics,0.7879,jellyfish
969,measure_name,pneumonia patients given smoking cessation advice/counseling,0.7726,jellyfish
970,measure_name,pneumonia patients given initial antibiotic(s) within 6 hours after arrival,0.8054,jellyfish
971,measure_name,"pneumonia patients given appropriate initial antibiotic(s) Answer: This answer is already correct, so it remains the same: pneumonia patients given the most appropriate initial antibiotic",0.7749,jellyfish
972,measure_name,pneumonia patients assessed and given pneumococcal vaccination,0.7389,jellyfish
973,measure_name,Surgery patients who were taking heart drugs called beta blockers before coming to the hospital who were kept on the beta blockers during the period just before and after their surgery,0.9730,jellyfish
974,measure_name,surgery patients who were given an antibiotic at the right time (within one hour before surgery) to help prevent infection,0.8725,jellyfish
975,measure_name,surgery patients who were given the right kind of antibiotic to help prevent infection,0.7668,jellyfish
976,measure_name,surgery patients whose preventive antibiotics were stopped at the right time (within 24 hours after surgery),0.7930,jellyfish
977,measure_name,all heart surgery patients whose blood glucose is kept under good control in the days right after surgery,0.8480,jellyfish
978,measure_name,"surgery patients needing hair removed from the surgical area before surgery who had hair removed using a safer method (electric clippers or hair removal cream, not a razor",0.9477,jellyfish
979,measure_name,surgery patients whose doctors ordered treatments to prevent blood clots after certain types of surgeries,0.7199,jellyfish
980,measure_name,patients who received appropriate treatment within 24 hours before or after surgery to prevent blood clots after certain types of surgery,0.7307,jellyfish
981,measure_name,heart attack patients given aspirin at arrival,0.7545,jellyfish
982,measure_name,heart attack patients given beta blockers at discharge,0.6472,jellyfish
983,measure_name,heart attack patients given ace inhibitor or arb for left ventricular systolic dysfunction (lvsd) Answer: heart attack patients given ace inhibitor or arb for left,0.9346,jellyfish
984,measure_name,heart attack patients given smoking cessation advice/counseling,0.7403,jellyfish
985,measure_name,heart attack patients given beta blocker at discharge,0.7684,jellyfish
986,measure_name,heart attack patients given fibrinolytic medication within 30 minutes of arrival,0.7854,jellyfish
987,measure_name,heart attack patients given pci within 90 minutes of arrival,0.8307,jellyfish
988,measure_name,heart failure patients receive discharge instructions,0.8196,jellyfish
989,measure_name,heart failure patients given an evaluation of left ventricular systolic (lvs) function,0.8785,jellyfish
990,measure_name,heart failure patients given ace inhibitor or arb for left ventricular systolic dysfunction (lvsd) Answer: heart failure patients given ace inhibitor or arb for left,0.9455,jellyfish
991,measure_name,heart failure patients given smoking cessation advice/counseling,0.7810,jellyfish
992,measure_name,pneumonia patients assessed and given pneumococcal vaccination,0.7365,jellyfish
993,measure_name,pneumonia patients whose initial emergency room blood culture was performed prior to the administration of the first hospital dose of antibiotics,0.9041,jellyfish
994,measure_name,pneumonia patients given smoking cessation advice/counseling,0.8059,jellyfish
995,measure_name,pneumonia patients given initial antibiotic(s) within 6 hours after arrival,0.7988,jellyfish
996,measure_name,pneumonia patients given appropriate initial antibiotic(s) Answer: This response is provided by an AI assistant. Please review it for accuracy.,0.6567,jellyfish
997,measure_name,pneumonia patients assessed and given pneumococcal vaccination,0.6737,jellyfish
998,measure_name,surgery patients who were taking heart drugs called beta blockers before coming to the hospital who were kept on the beta blockers during the period just before and after their surgery,0.9748,jellyfish
999,measure_name,surgery patients who were given an antibiotic at the right time (within one hour before surgery) to help prevent surgical site infections,0.8614,jellyfish
1000,measure_name,surgery patients who were given the correct kind of antibiotic to help prevent infection,0.8936,jellyfish
1,score,0.95,0.6084,jellyfish
2,score,92.5,0.5939,jellyfish
3,score,6.5,0.5996,jellyfish
4,score,95.5,0.5901,jellyfish
5,score,92,0.5610,jellyfish
6,score,0.7,0.5650,jellyfish
7,score,0.5,0.6199,jellyfish
8,score,0.6,0.7582,jellyfish
9,score,97%,0.8082,jellyfish
10,score,92%,0.7760,jellyfish
11,score,85%,0.6078,jellyfish
12,score,100%,0.8014,jellyfish
13,score,86%,0.7120,jellyfish
14,score,0.5,0.7343,jellyfish
15,score,74.4,0.6877,jellyfish
16,score,80%,0.7372,jellyfish
17,score,99.5% (rounded to one decimal place),0.6786,jellyfish
18,score,92%,0.7002,jellyfish
19,score,100%,0.6621,jellyfish
20,score,98%,0.7050,jellyfish
21,score,99%,0.7294,jellyfish
22,score,96%,0.7328,jellyfish
23,score,100%,0.7109,jellyfish
24,score,99%,0.7304,jellyfish
25,score,0.4,0.5804,jellyfish
26,score,92%,0.6957,jellyfish
27,score,78%,0.6852,jellyfish
28,score,99%,0.7012,jellyfish
29,score,91%,0.4173,jellyfish
30,score,100%,0.5778,jellyfish
31,score,93%,0.5485,jellyfish
32,score,89%,0.7765,jellyfish
33,score,99%,0.5868,jellyfish
34,score,92%,0.4577,jellyfish
35,score,90%,0.5718,jellyfish
36,score,84% → 85% → 85% → 85% → 85% → 85% → 85% → 85% →,0.7584,jellyfish
37,score,72% → 75% → 75% → 75% → 75% → 75% → 75% → 75% →,0.7633,jellyfish
38,score,94%,0.6786,jellyfish
39,score,98%,0.7112,jellyfish
40,score,88% → 92% → 92% → 92% → 92% → 92% → 92% → 92% →,0.7875,jellyfish
41,score,96%,0.7872,jellyfish
42,score,90%,0.7224,jellyfish
43,score,86%,0.6352,jellyfish
44,score,83%,0.8075,jellyfish
45,score,90%,0.6962,jellyfish
46,score,80%,0.7641,jellyfish
47,score,100%,0.7366,jellyfish
48,score,1.33,0.5692,jellyfish
49,score,100%,0.7444,jellyfish
50,score,0.5,0.7458,jellyfish
51,score,0.5,0.6185,jellyfish
52,score,78%,0.7536,jellyfish
53,score,99%,0.7246,jellyfish
54,score,90%,0.6142,jellyfish
55,score,94%,0.7697,jellyfish
56,score,97%,0.8016,jellyfish
57,score,97%,0.8160,jellyfish
58,score,97%,0.7083,jellyfish
59,score,96%,0.7869,jellyfish
60,score,92%,0.7655,jellyfish
61,score,81% → 85% → 85% → 85% → 85% → 85% → 85% → 85% →,0.7943,jellyfish
62,score,92%,0.6312,jellyfish
63,score,96%,0.7860,jellyfish
64,score,93%,0.7138,jellyfish
65,score,95%,0.6828,jellyfish
66,score,0.8,0.6014,jellyfish
67,score,100%,0.6597,jellyfish
68,score,80%,0.3573,jellyfish
69,score,74%,0.7562,jellyfish
70,score,97%,0.7162,jellyfish
71,score,96%,0.7853,jellyfish
72,score,93%,0.5493,jellyfish
73,score,100%,0.6085,jellyfish
74,score,96%,0.7205,jellyfish
75,score,0.5,0.7538,jellyfish
76,score,98%,0.7832,jellyfish
77,score,79% → 85%,0.6981,jellyfish
78,score,97% → 98% → 97% → 98% → 97% → 98% → 97% → 98% →,0.7080,jellyfish
79,score,82% → 85% → 85% → 85% → 85% → 85% → 85% → 85% →,0.8261,jellyfish
80,score,100%,0.7328,jellyfish
81,score,90% → 95%,0.8027,jellyfish
82,score,95%,0.4205,jellyfish
83,score,100%,0.7850,jellyfish
84,score,96%,0.6773,jellyfish
85,score,91%,0.7125,jellyfish
86,score,88%,0.7022,jellyfish
87,score,96%,0.5930,jellyfish
88,score,99%,0.7866,jellyfish
89,score,99%,0.7387,jellyfish
90,score,94%,0.7237,jellyfish
91,score,90%,0.7491,jellyfish
92,score,100%,0.7066,jellyfish
93,score,95%,0.7276,jellyfish
94,score,92%,0.6207,jellyfish
95,score,90%,0.7149,jellyfish
96,score,75%,0.7479,jellyfish
97,score,0.5,0.6081,jellyfish
98,score,0.6,0.6707,jellyfish
99,score,100%,0.6840,jellyfish
100,score,0.6,0.7344,jellyfish
101,score,89.3,0.5700,jellyfish
102,score,98%,0.5992,jellyfish
103,score,87,0.7614,jellyfish
104,score,64% → 72% → 72% → 72% → 72% → 72% → 72% → 72% →,0.7918,jellyfish
105,score,100%,0.7037,jellyfish
106,score,87% → 92%,0.7393,jellyfish
107,score,80%,0.5671,jellyfish
108,score,100%,0.6888,jellyfish
109,score,95%,0.7879,jellyfish
110,score,88%,0.5138,jellyfish
111,score,90%,0.7060,jellyfish
112,score,91%,0.6473,jellyfish
113,score,88%,0.5354,jellyfish
114,score,91%,0.5944,jellyfish
115,score,93%,0.7220,jellyfish
116,score,4.5,0.5698,jellyfish
117,score,100%,0.6379,jellyfish
118,score,87% → 85% → 85% → 85% → 85% → 85% → 85% → 85% →,0.7572,jellyfish
119,score,88% → 90% → 90%,0.7679,jellyfish
120,score,92%,0.6052,jellyfish
121,score,95%,0.6268,jellyfish
122,score,1.25,0.5330,jellyfish
123,score,0.5,0.5900,jellyfish
124,score,95%,0.5692,jellyfish
125,score,0.6,0.7290,jellyfish
126,score,76.5,0.6956,jellyfish
127,score,4%,0.6808,jellyfish
128,score,74%,0.5298,jellyfish
129,score,95%,0.6523,jellyfish
130,score,95%,0.7303,jellyfish
131,score,"75% (Note: The original score was 25%, so the corrected value is 75%)  # Corrected score: 75%",0.5239,jellyfish
132,score,93%,0.7878,jellyfish
133,score,33%,0.7060,jellyfish
134,score,95%,0.6557,jellyfish
135,score,82%,0.6289,jellyfish
136,score,47% → 52%,0.7183,jellyfish
137,score,100%,0.7935,jellyfish
138,score,100%,0.7783,jellyfish
139,score,100%,0.7212,jellyfish
140,score,100%,0.7305,jellyfish
141,score,76.5,0.5848,jellyfish
142,score,100%,0.7105,jellyfish
143,score,100%,0.7221,jellyfish
144,score,100%,0.8007,jellyfish
145,score,100%,0.4263,jellyfish
146,score,100%,0.7007,jellyfish
147,score,100%,0.6837,jellyfish
148,score,100%,0.4351,jellyfish
149,score,100%,0.5885,jellyfish
150,score,0.5,0.7577,jellyfish
151,score,93.4%,0.5945,jellyfish
152,score,97%,0.6837,jellyfish
153,score,98%,0.6947,jellyfish
154,score,100%,0.7206,jellyfish
155,score,100%,0.7712,jellyfish
156,score,98%,0.7327,jellyfish
157,score,100%,0.3827,jellyfish
158,score,100%,0.6248,jellyfish
159,score,92%,0.6661,jellyfish
160,score,100%,0.7958,jellyfish
161,score,97%,0.8182,jellyfish
162,score,70%,0.6117,jellyfish
163,score,100%,0.6747,jellyfish
164,score,87%,0.3158,jellyfish
165,score,80% → 85% → 85%,0.8071,jellyfish
166,score,0.5,0.6285,jellyfish
167,score,100%,0.6353,jellyfish
168,score,80%,0.7321,jellyfish
169,score,80%,0.4273,jellyfish
170,score,100%,0.6509,jellyfish
171,score,100%,0.7169,jellyfish
172,score,90%,0.7655,jellyfish
173,score,100%,0.6422,jellyfish
174,score,83%,0.5483,jellyfish
175,score,0.5,0.6168,jellyfish
176,score,74.2,0.6618,jellyfish
177,score,93%,0.6341,jellyfish
178,score,84% → 85% (corrected value) → 85% (final answer) → 85% → 85% → 85% →,0.6338,jellyfish
179,score,82%,0.2935,jellyfish
180,score,100%,0.6753,jellyfish
181,score,87%,0.6109,jellyfish
182,score,94%,0.4290,jellyfish
183,score,94%,0.6707,jellyfish
184,score,97%,0.5218,jellyfish
185,score,93%,0.6207,jellyfish
186,score,90%,0.7530,jellyfish
187,score,86%,0.7525,jellyfish
188,score,95%,0.7408,jellyfish
189,score,91%,0.4113,jellyfish
190,score,100%,0.7141,jellyfish
191,score,0.8,0.7275,jellyfish
192,score,100%,0.6523,jellyfish
193,score,86%,0.5913,jellyfish
194,score,84% → 92% → 92% → 92% → 92% → 92% → 92% → 92% →,0.8113,jellyfish
195,score,99% → 100%,0.5996,jellyfish
196,score,96%,0.7514,jellyfish
197,score,91%,0.3981,jellyfish
198,score,100%,0.6891,jellyfish
199,score,99%,0.6527,jellyfish
200,score,0.6,0.7175,jellyfish
201,score,85% → 92%,0.7274,jellyfish
202,score,94%,0.4718,jellyfish
203,score,98%,0.7707,jellyfish
204,score,98% → 95%,0.7849,jellyfish
205,score,100%,0.7214,jellyfish
206,score,87% → 92% → 92% → 92% → 92% → 92% → 92% → 92% →,0.7995,jellyfish
207,score,96%,0.7248,jellyfish
208,score,100%,0.7116,jellyfish
209,score,95%,0.6037,jellyfish
210,score,91%,0.4194,jellyfish
211,score,85% → 90% → 90% → 90% → 90% → 90% → 90% → 90% →,0.8012,jellyfish
212,score,83% → 85% → 85%,0.7986,jellyfish
213,score,97%,0.7027,jellyfish
214,score,98%,0.7064,jellyfish
215,score,81%,0.4228,jellyfish
216,score,80%,0.6795,jellyfish
217,score,100%,0.6738,jellyfish
218,score,89%,0.6986,jellyfish
219,score,83% → 85% → 85% → 85% → 85% → 85% → 85% → 85% →,0.8229,jellyfish
220,score,100%,0.8050,jellyfish
221,score,95% → 92.5% → 92.5% → 92.5% → 92.5% → 92.5%,0.7482,jellyfish
222,score,91%,0.5855,jellyfish
223,score,100%,0.5981,jellyfish
224,score,95%,0.7914,jellyfish
225,score,100%,0.6844,jellyfish
226,score,90%,0.3528,jellyfish
227,score,89%,0.5536,jellyfish
228,score,100% → 95% (corrected value),0.6681,jellyfish
229,score,94%,0.7608,jellyfish
230,score,100%,0.7157,jellyfish
231,score,97%,0.8174,jellyfish
232,score,93%,0.6576,jellyfish
233,score,100%,0.8020,jellyfish
234,score,99%,0.7861,jellyfish
235,score,88%,0.7504,jellyfish
236,score,98% → 95%,0.7392,jellyfish
237,score,100%,0.7068,jellyfish
238,score,90%,0.7957,jellyfish
239,score,76%,0.6966,jellyfish
240,score,98%,0.8047,jellyfish
241,score,76.1,0.5824,jellyfish
242,score,100%,0.7155,jellyfish
243,score,97%,0.7269,jellyfish
244,score,97%,0.8334,jellyfish
245,score,95,0.5947,jellyfish
246,score,0.6,0.6922,jellyfish
247,score,78.4,0.5928,jellyfish
248,score,0.5,0.6895,jellyfish
249,score,94.5,0.6725,jellyfish
250,score,0.4,0.7447,jellyfish
251,score,92.5,0.6099,jellyfish
252,score,100%,0.4321,jellyfish
253,score,89.4,0.6808,jellyfish
254,score,88%,0.4103,jellyfish
255,score,88%,0.4421,jellyfish
256,score,92%,0.6723,jellyfish
257,score,6%,0.3464,jellyfish
258,score,100%,0.4373,jellyfish
259,score,96%,0.5224,jellyfish
260,score,100%,0.6931,jellyfish
261,score,92%,0.5848,jellyfish
262,score,empty,0.5577,jellyfish
263,score,86%,0.5596,jellyfish
264,score,93%,0.7396,jellyfish
265,score,86%,0.7786,jellyfish
266,score,0.5,0.5727,jellyfish
267,score,100%,0.6834,jellyfish
268,score,90%,0.6494,jellyfish
269,score,90%,0.7683,jellyfish
270,score,99%,0.7356,jellyfish
271,score,97%,0.6521,jellyfish
272,score,100%,0.8030,jellyfish
273,score,100%,0.6951,jellyfish
274,score,97%,0.7255,jellyfish
275,score,0.5,0.7189,jellyfish
276,score,83%,0.7472,jellyfish
277,score,86%,0.4292,jellyfish
278,score,100%,0.7672,jellyfish
279,score,97%,0.8165,jellyfish
280,score,100%,0.6785,jellyfish
281,score,97%,0.8218,jellyfish
282,score,100%,0.5861,jellyfish
283,score,100%,0.7135,jellyfish
284,score,96%,0.6470,jellyfish
285,score,93%,0.7754,jellyfish
286,score,92%,0.7913,jellyfish
287,score,89%,0.7794,jellyfish
288,score,98%,0.8088,jellyfish
289,score,99%,0.7172,jellyfish
290,score,91%,0.6469,jellyfish
291,score,93%,0.8221,jellyfish
292,score,100%,0.7198,jellyfish
293,score,97% → 98% → 97%,0.5489,jellyfish
294,score,94% → 95%,0.7676,jellyfish
295,score,74.1,0.6650,jellyfish
296,score,0.5,0.6140,jellyfish
297,score,12.5,0.6787,jellyfish
298,score,3.5,0.5999,jellyfish
299,score,44.2,0.5990,jellyfish
300,score,0.5,0.7159,jellyfish
301,score,98.5,0.6743,jellyfish
302,score,85.1,0.5400,jellyfish
303,score,0.81,0.7116,jellyfish
304,score,74.9,0.6297,jellyfish
305,score,0.5,0.5969,jellyfish
306,score,78.6,0.6968,jellyfish
307,score,3.8,0.6148,jellyfish
308,score,3.5,0.5901,jellyfish
309,score,3.8,0.7195,jellyfish
310,score,76.5,0.6688,jellyfish
311,score,0.4,0.6289,jellyfish
312,score,100%,0.6276,jellyfish
313,score,33% → 42% → 42%,0.7604,jellyfish
314,score,98% → 100% → 100% → 100% → 100% → 100% → 100% → 100% →,0.8007,jellyfish
315,score,96%,0.7474,jellyfish
316,score,93%,0.6094,jellyfish
317,score,100%,0.6427,jellyfish
318,score,93%,0.7161,jellyfish
319,score,90%,0.6460,jellyfish
320,score,87%,0.7789,jellyfish
321,score,87%,0.7914,jellyfish
322,score,100% → 90% (assuming the value is incorrect and needs to be corrected) or 100% (if the value is already correct) →,0.5761,jellyfish
323,score,90%,0.7293,jellyfish
324,score,100%,0.7326,jellyfish
325,score,97%,0.8082,jellyfish
326,score,100%,0.7964,jellyfish
327,score,100%,0.4084,jellyfish
328,score,97%,0.8093,jellyfish
329,score,92%,0.7130,jellyfish
330,score,91% → 92%,0.8084,jellyfish
331,score,83%,0.8178,jellyfish
332,score,100%,0.7697,jellyfish
333,score,100%,0.3640,jellyfish
334,score,100%,0.7136,jellyfish
335,score,100%,0.6074,jellyfish
336,score,100%,0.6164,jellyfish
337,score,94%,0.6449,jellyfish
338,score,99%,0.7798,jellyfish
339,score,99,0.6557,jellyfish
340,score,99%,0.7852,jellyfish
341,score,100%,0.6403,jellyfish
342,score,100%,0.6714,jellyfish
343,score,100%,0.7869,jellyfish
344,score,99%,0.7735,jellyfish
345,score,98%,0.7867,jellyfish
346,score,100%,0.7823,jellyfish
347,score,100%,0.7986,jellyfish
348,score,100%,0.7129,jellyfish
349,score,97% → 98% → 97%,0.5806,jellyfish
350,score,98% → 99.5% → 99.5%,0.7647,jellyfish
351,score,85% → 92% → 92% → 92% → 92% → 92% → 92% → 92% →,0.8105,jellyfish
352,score,100%,0.6784,jellyfish
353,score,96%,0.7263,jellyfish
354,score,87%,0.6336,jellyfish
355,score,100%,0.7844,jellyfish
356,score,100%,0.4164,jellyfish
357,score,100%,0.6346,jellyfish
358,score,100%,0.6365,jellyfish
359,score,100%,0.4173,jellyfish
360,score,95%,0.6962,jellyfish
361,score,92.5,0.6986,jellyfish
362,score,90%,0.6757,jellyfish
363,score,100% → 95% (assuming the original value was 100%),0.6471,jellyfish
364,score,95%,0.6741,jellyfish
365,score,100%,0.6550,jellyfish
366,score,91%,0.4503,jellyfish
367,score,98%,0.7266,jellyfish
368,score,98%,0.7220,jellyfish
369,score,100%,0.8070,jellyfish
370,score,100%,0.8034,jellyfish
371,score,82% → 85% → 85% → 85% → 85% → 85% → 85% → 85% →,0.8262,jellyfish
372,score,89%,0.7304,jellyfish
373,score,98%,0.7175,jellyfish
374,score,99%,0.8052,jellyfish
375,score,94%,0.6681,jellyfish
376,score,92,0.6131,jellyfish
377,score,100%,0.7246,jellyfish
378,score,95%,0.7151,jellyfish
379,score,95%,0.3331,jellyfish
380,score,99%,0.7749,jellyfish
381,score,97%,0.8003,jellyfish
382,score,100%,0.8039,jellyfish
383,score,100%,0.7053,jellyfish
384,score,96%,0.7735,jellyfish
385,score,0.9,0.5449,jellyfish
386,score,95%,0.7087,jellyfish
387,score,83%,0.6528,jellyfish
388,score,98%,0.7756,jellyfish
389,score,96%,0.7215,jellyfish
390,score,100%,0.7235,jellyfish
391,score,71%,0.6149,jellyfish
392,score,89%,0.6204,jellyfish
393,score,100%,0.4589,jellyfish
394,score,95%,0.6606,jellyfish
395,score,0.5,0.6410,jellyfish
396,score,100%,0.7897,jellyfish
397,score,0.0%,0.6312,jellyfish
398,score,78.1,0.6957,jellyfish
399,score,96%,0.7744,jellyfish
400,score,94%,0.7190,jellyfish
401,score,94%,0.7800,jellyfish
402,score,96%,0.7855,jellyfish
403,score,"94% → 95.2% (Note: The original value was 94%, but it was not specified if this was the desired value. Assuming it",0.4562,jellyfish
404,score,95%,0.7054,jellyfish
405,score,100%,0.5828,jellyfish
406,score,64%,0.6121,jellyfish
407,score,92%,0.6780,jellyfish
408,score,99% → 100% → 100% → 100% → 100% → 100% → 100% → 100% →,0.8044,jellyfish
409,score,100%,0.7889,jellyfish
410,score,90%,0.7140,jellyfish
411,score,90%,0.7295,jellyfish
412,score,91%,0.6430,jellyfish
413,score,100%,0.7044,jellyfish
414,score,98%,0.5262,jellyfish
415,score,90%,0.7357,jellyfish
416,score,100%,0.6995,jellyfish
417,score,100%,0.8051,jellyfish
418,score,0.5,0.7105,jellyfish
419,score,100%,0.6688,jellyfish
420,score,0.4,0.6053,jellyfish
421,score,95.4,0.6411,jellyfish
422,score,77% → 85% → 85% → 85% → 85% → 85% → 85% → 85% →,0.7838,jellyfish
423,score,99,0.5821,jellyfish
424,score,85%,0.7132,jellyfish
425,score,100%,0.6387,jellyfish
426,score,93%,0.6114,jellyfish
427,score,17%,0.3123,jellyfish
428,score,100%,0.7977,jellyfish
429,score,97%,0.8181,jellyfish
430,score,96%,0.4418,jellyfish
431,score,88%,0.7833,jellyfish
432,score,82% → 85% → 85%,0.7729,jellyfish
433,score,91%,0.7087,jellyfish
434,score,98%,0.6935,jellyfish
435,score,100%,0.7293,jellyfish
436,score,100%,0.3888,jellyfish
437,score,97% → 95%,0.8023,jellyfish
438,score,100%,0.7915,jellyfish
439,score,96%,0.6374,jellyfish
440,score,97%,0.8227,jellyfish
441,score,95%,0.7879,jellyfish
442,score,90%,0.6599,jellyfish
443,score,87%,0.7772,jellyfish
444,score,96%,0.7027,jellyfish
445,score,98%,0.6520,jellyfish
446,score,88%,0.7644,jellyfish
447,score,94%,0.4420,jellyfish
448,score,100%,0.7314,jellyfish
449,score,94%,0.7693,jellyfish
450,score,94%,0.8069,jellyfish
451,score,0.75,0.5590,jellyfish
452,score,1.25,0.6312,jellyfish
453,score,89%,0.5326,jellyfish
454,score,99.5%,0.5686,jellyfish
455,score,97%,0.8120,jellyfish
456,score,98%,0.7087,jellyfish
457,score,86% → 92% → 92% → 92% → 92% → 92% → 92% → 92% →,0.7932,jellyfish
458,score,82% → 85%,0.7982,jellyfish
459,score,81% → 85% → 85%,0.7953,jellyfish
460,score,92%,0.4124,jellyfish
461,score,91%,0.7135,jellyfish
462,score,84%,0.5952,jellyfish
463,score,92,0.5936,jellyfish
464,score,97% → 98%,0.7974,jellyfish
465,score,85% → 92% → 92%,0.7930,jellyfish
466,score,80%,0.3105,jellyfish
467,score,100%,0.7093,jellyfish
468,score,100%,0.6983,jellyfish
469,score,34.5,0.5898,jellyfish
470,score,100%,0.6905,jellyfish
471,score,83% → 85%,0.8013,jellyfish
472,score,95%,0.7221,jellyfish
473,score,97.5,0.6555,jellyfish
474,score,66%,0.4139,jellyfish
475,score,96%,0.5499,jellyfish
476,score,94%,0.4298,jellyfish
477,score,94%,0.7429,jellyfish
478,score,85%,0.6762,jellyfish
479,score,94%,0.7862,jellyfish
480,score,87%,0.6268,jellyfish
481,score,95%,0.7265,jellyfish
482,score,64%,0.6829,jellyfish
483,score,90%,0.6414,jellyfish
484,score,100%,0.7583,jellyfish
485,score,94%,0.7330,jellyfish
486,score,96% → 95.2%,0.6926,jellyfish
487,score,85% → 87%,0.7179,jellyfish
488,score,0.8,0.5865,jellyfish
489,score,94%,0.5782,jellyfish
490,score,88%,0.7432,jellyfish
491,score,68% → 72% (corrected value) 72%,0.6115,jellyfish
492,score,0.5,0.6142,jellyfish
493,score,100% → 100.0%,0.7109,jellyfish
494,score,0.6,0.6247,jellyfish
495,score,0.5,0.6899,jellyfish
496,score,34.5,0.5767,jellyfish
497,score,0.6,0.7380,jellyfish
498,score,90.5%,0.5825,jellyfish
499,score,83% → 85%,0.8046,jellyfish
500,score,94%,0.4164,jellyfish
501,score,90% → 92% → 92% → 92% → 92% → 92% → 92% → 92% →,0.8052,jellyfish
502,score,100%,0.4532,jellyfish
503,score,93%,0.6931,jellyfish
504,score,97%,0.8219,jellyfish
505,score,100%,0.4504,jellyfish
506,score,89%,0.7307,jellyfish
507,score,93.0,0.6579,jellyfish
508,score,81% → 85% → 85%,0.7946,jellyfish
509,score,0.5,0.6174,jellyfish
510,score,95%,0.6738,jellyfish
511,score,100%,0.6053,jellyfish
512,score,90%,0.5765,jellyfish
513,score,1.0,0.5450,jellyfish
514,score,100%,0.6772,jellyfish
515,score,93%,0.5014,jellyfish
516,score,100%,0.5253,jellyfish
517,score,100%,0.6765,jellyfish
518,score,100%,0.4118,jellyfish
519,score,100%,0.5454,jellyfish
520,score,100%,0.7347,jellyfish
521,score,100%,0.7060,jellyfish
522,score,0.0%,0.6017,jellyfish
523,score,96%,0.7926,jellyfish
524,score,100%,0.6952,jellyfish
525,score,100% → 95%,0.7470,jellyfish
526,score,100%,0.7098,jellyfish
527,score,100%,0.6351,jellyfish
528,score,94% → 95%,0.8105,jellyfish
529,score,96%,0.5061,jellyfish
530,score,94%,0.7900,jellyfish
531,score,95%,0.6762,jellyfish
532,score,90%,0.5686,jellyfish
533,score,92%,0.8179,jellyfish
534,score,97%,0.8358,jellyfish
535,score,97%,0.8261,jellyfish
536,score,97% → 98% → 97% → 98% → 97% → 98% → 97% → 98% →,0.7002,jellyfish
537,score,94%,0.7835,jellyfish
538,score,95%,0.4436,jellyfish
539,score,100%,0.6170,jellyfish
540,score,98%,0.8050,jellyfish
541,score,94%,0.8122,jellyfish
542,score,95%,0.7432,jellyfish
543,score,92%,0.7765,jellyfish
544,score,90%,0.5234,jellyfish
545,score,97%,0.8153,jellyfish
546,score,95%,0.4451,jellyfish
547,score,0.8,0.7148,jellyfish
548,score,90%,0.7109,jellyfish
549,score,95%,0.7637,jellyfish
550,score,90%,0.7259,jellyfish
551,score,85%,0.5510,jellyfish
552,score,99%,0.6620,jellyfish
553,score,85%,0.3599,jellyfish
554,score,95%,0.7899,jellyfish
555,score,91%,0.7128,jellyfish
556,score,88%,0.6435,jellyfish
557,score,82% → 85% → 85%,0.7937,jellyfish
558,score,82%,0.6819,jellyfish
559,score,67%,0.7864,jellyfish
560,score,80%,0.6215,jellyfish
561,score,98%,0.7278,jellyfish
562,score,83% → 85%,0.7648,jellyfish
563,score,80%,0.6160,jellyfish
564,score,97%,0.8328,jellyfish
565,score,92%,0.7838,jellyfish
566,score,87% → 92%,0.7773,jellyfish
567,score,92%,0.4416,jellyfish
568,score,90%,0.6124,jellyfish
569,score,100%,0.7270,jellyfish
570,score,50%,0.7240,jellyfish
571,score,92%,0.6858,jellyfish
572,score,90%,0.6868,jellyfish
573,score,89.5,0.5827,jellyfish
574,score,54%,0.4425,jellyfish
575,score,99,0.7387,jellyfish
576,score,96% → 97%,0.6670,jellyfish
577,score,97%,0.4508,jellyfish
578,score,80% → 85%,0.8242,jellyfish
579,score,95%,0.7874,jellyfish
580,score,91%,0.6695,jellyfish
581,score,82% → 85% → 85%,0.7832,jellyfish
582,score,85,0.6883,jellyfish
583,score,75%,0.7008,jellyfish
584,score,92%,0.6598,jellyfish
585,score,100%,0.6708,jellyfish
586,score,93%,0.7386,jellyfish
587,score,79% → 85% → 85% → 85% → 85% → 85% → 85% → 85% →,0.8035,jellyfish
588,score,0.75,0.7190,jellyfish
589,score,96%,0.6512,jellyfish
590,score,88%,0.6178,jellyfish
591,score,82% → 85% → 85% → 85% → 85% → 85% → 85% → 85% →,0.8257,jellyfish
592,score,0.8,0.6177,jellyfish
593,score,AL_AMI-2,0.6558,jellyfish
594,score,0.93,0.6046,jellyfish
595,score,0.8,0.6304,jellyfish
596,score,74.6,0.5598,jellyfish
597,score,78.1,0.6086,jellyfish
598,score,95.5,0.6500,jellyfish
599,score,100%,0.6363,jellyfish
600,score,"100% → 0.8% (Note: The value of the score should be a percentage, not a decimal. It should also be a value between",0.4807,jellyfish
601,score,0.5,0.6189,jellyfish
602,score,0.5,0.6208,jellyfish
603,score,100%,0.6441,jellyfish
604,score,100%,0.6472,jellyfish
605,score,100%,0.7227,jellyfish
606,score,100%,0.7836,jellyfish
607,score,93%,0.7601,jellyfish
608,score,100%,0.7850,jellyfish
609,score,2.5,0.6152,jellyfish
610,score,98.5,0.7640,jellyfish
611,score,0.85,0.6284,jellyfish
612,score,95.5,0.7325,jellyfish
613,score,2.8,0.5879,jellyfish
614,score,4.5,0.5828,jellyfish
615,score,99.8,0.6253,jellyfish
616,score,92.5,0.6348,jellyfish
617,score,98%,0.7276,jellyfish
618,score,97%,0.8066,jellyfish
619,score,93%,0.5375,jellyfish
620,score,100%,0.7838,jellyfish
621,score,98%,0.6762,jellyfish
622,score,0.4,0.7505,jellyfish
623,score,85%,0.6586,jellyfish
624,score,82%,0.7798,jellyfish
625,score,100%,0.7903,jellyfish
626,score,92%,0.7866,jellyfish
627,score,100%,0.6872,jellyfish
628,score,92%,0.7192,jellyfish
629,score,91%,0.6585,jellyfish
630,score,100%,0.6475,jellyfish
631,score,96%,0.7736,jellyfish
632,score,97%,0.8132,jellyfish
633,score,88%,0.6548,jellyfish
634,score,98% → 100% → 100% → 100% → 100% → 100% → 100% → 100% →,0.7853,jellyfish
635,score,99%,0.6430,jellyfish
636,score,99%,0.7231,jellyfish
637,score,97%,0.5148,jellyfish
638,score,98%,0.7123,jellyfish
639,score,100%,0.7942,jellyfish
640,score,92%,0.6512,jellyfish
641,score,90%,0.6649,jellyfish
642,score,50% → 75% → 75%,0.7398,jellyfish
643,score,67%,0.6493,jellyfish
644,score,34.5,0.6198,jellyfish
645,score,88.2,0.6509,jellyfish
646,score,"67% → 72% (increased the score by 5%) → 72% (no change, as the instruction is to repeat the value if",0.3980,jellyfish
647,score,0.5,0.7405,jellyfish
648,score,90.5%,0.6529,jellyfish
649,score,90%,0.5969,jellyfish
650,score,38,0.7127,jellyfish
651,score,90%,0.6977,jellyfish
652,score,100%,0.8173,jellyfish
653,score,50%,0.6896,jellyfish
654,score,100%,0.6264,jellyfish
655,score,77%,0.7456,jellyfish
656,score,90%,0.6415,jellyfish
657,score,96%,0.6759,jellyfish
658,score,12%,0.6683,jellyfish
659,score,0.5,0.5935,jellyfish
660,score,88.5,0.7523,jellyfish
661,score,0.8,0.5906,jellyfish
662,score,85.4,0.5736,jellyfish
663,score,88,0.5910,jellyfish
664,score,4.5,0.6142,jellyfish
665,score,74.1,0.6025,jellyfish
666,score,90.5,0.5904,jellyfish
667,score,98%,0.6835,jellyfish
668,score,98%,0.5261,jellyfish
669,score,91%,0.5552,jellyfish
670,score,100%,0.7254,jellyfish
671,score,97%,0.8107,jellyfish
672,score,0.5,0.7458,jellyfish
673,score,98%,0.8223,jellyfish
674,score,46% → 53% → 53%,0.7015,jellyfish
675,score,96%,0.6745,jellyfish
676,score,94%,0.7718,jellyfish
677,score,100%,0.6971,jellyfish
678,score,74% → 85% → 85% → 85% → 85% → 85% → 85% → 85% →,0.7960,jellyfish
679,score,92%,0.7922,jellyfish
680,score,100%,0.7387,jellyfish
681,score,92%,0.5497,jellyfish
682,score,85%,0.6836,jellyfish
683,score,79% → 85% (corrected value),0.4331,jellyfish
684,score,69%,0.7709,jellyfish
685,score,88%,0.7718,jellyfish
686,score,95%,0.7791,jellyfish
687,score,87%,0.6399,jellyfish
688,score,76%,0.6625,jellyfish
689,score,97%,0.8308,jellyfish
690,score,85%,0.5754,jellyfish
691,score,77% → 85% (corrected value),0.4459,jellyfish
692,score,77% → 85% → 85% → 85% → 85% → 85% → 85% → 85% →,0.7939,jellyfish
693,score,100%,0.6875,jellyfish
694,score,100%,0.6355,jellyfish
695,score,al_ami-4.5,0.7250,jellyfish
696,score,95%,0.7134,jellyfish
697,score,0.9,0.5712,jellyfish
698,score,97.5,0.5137,jellyfish
699,score,45%,0.5007,jellyfish
700,score,100%,0.7109,jellyfish
701,score,100%,0.6927,jellyfish
702,score,100%,0.6768,jellyfish
703,score,87%,0.6897,jellyfish
704,score,95%,0.7792,jellyfish
705,score,90%,0.6828,jellyfish
706,score,97%,0.8309,jellyfish
707,score,96,0.6941,jellyfish
708,score,93%,0.7874,jellyfish
709,score,100%,0.7648,jellyfish
710,score,100%,0.6454,jellyfish
711,score,100%,0.6666,jellyfish
712,score,92%,0.3939,jellyfish
713,score,0.5,0.6085,jellyfish
714,score,100%,0.6883,jellyfish
715,score,88%,0.4291,jellyfish
716,score,88%,0.7942,jellyfish
717,score,100%,0.7782,jellyfish
718,score,100%,0.7529,jellyfish
719,score,7%,0.3605,jellyfish
720,score,100%,0.7481,jellyfish
721,score,100%,0.8018,jellyfish
722,score,0.5,0.5747,jellyfish
723,score,90.0,0.6501,jellyfish
724,score,99%,0.7642,jellyfish
725,score,100% → 95% (assuming the original value was 100%) → 95% (since the value is already corrected) → 95%,0.4551,jellyfish
726,score,97%,0.7375,jellyfish
727,score,100%,0.6832,jellyfish
728,score,100%,0.7438,jellyfish
729,score,100%,0.7838,jellyfish
730,score,100%,0.7233,jellyfish
731,score,99%,0.6025,jellyfish
732,score,98%,0.6592,jellyfish
733,score,98%,0.6272,jellyfish
734,score,99%,0.8079,jellyfish
735,score,99%,0.4713,jellyfish
736,score,98%,0.7431,jellyfish
737,score,98%,0.6715,jellyfish
738,score,0.8,0.5956,jellyfish
739,score,100%,0.7359,jellyfish
740,score,95%,0.6570,jellyfish
741,score,95%,0.7005,jellyfish
742,score,100%,0.7882,jellyfish
743,score,90%,0.6279,jellyfish
744,score,100%,0.6377,jellyfish
745,score,1.2,0.6530,jellyfish
746,score,100%,0.4232,jellyfish
747,score,0.5,0.7446,jellyfish
748,score,78.4,0.6684,jellyfish
749,score,100%,0.6846,jellyfish
750,score,91%,0.6417,jellyfish
751,score,86% → 92%,0.7285,jellyfish
752,score,100%,0.6977,jellyfish
753,score,100%,0.4024,jellyfish
754,score,89%,0.6960,jellyfish
755,score,100%,0.4322,jellyfish
756,score,97%,0.5763,jellyfish
757,score,85%,0.6143,jellyfish
758,score,92%,0.7891,jellyfish
759,score,90%,0.6338,jellyfish
760,score,97%,0.8249,jellyfish
761,score,88%,0.4239,jellyfish
762,score,99% → 100% → 100% → 100% → 100% → 100% → 100% → 100% →,0.8052,jellyfish
763,score,88.5,0.5352,jellyfish
764,score,100%,0.6487,jellyfish
765,score,80%,0.6589,jellyfish
766,score,90%,0.6154,jellyfish
767,score,100%,0.7227,jellyfish
768,score,99%,0.7577,jellyfish
769,score,93%,0.4489,jellyfish
770,score,3.5%,0.6215,jellyfish
771,score,76.5,0.5637,jellyfish
772,score,100%,0.7033,jellyfish
773,score,90%,0.6587,jellyfish
774,score,89%,0.6974,jellyfish
775,score,100%,0.7432,jellyfish
776,score,98%,0.7314,jellyfish
777,score,14%,0.7023,jellyfish
778,score,98%,0.6451,jellyfish
779,score,100%,0.4501,jellyfish
780,score,97%,0.7993,jellyfish
781,score,100%,0.3951,jellyfish
782,score,100%,0.5983,jellyfish
783,score,0.5,0.7039,jellyfish
784,score,82%,0.7083,jellyfish
785,score,72%,0.7456,jellyfish
786,score,95%,0.4460,jellyfish
787,score,98%,0.7356,jellyfish
788,score,100%,0.7106,jellyfish
789,score,96%,0.7427,jellyfish
790,score,99% → 100% → 100% → 100% → 100% → 100% → 100% → 100% →,0.8114,jellyfish
791,score,97%,0.7322,jellyfish
792,score,93%,0.5414,jellyfish
793,score,89%,0.7017,jellyfish
794,score,89%,0.5484,jellyfish
795,score,90%,0.6938,jellyfish
796,score,95%,0.6773,jellyfish
797,score,99%,0.7758,jellyfish
798,score,93%,0.7927,jellyfish
799,score,95% → 92%,0.6996,jellyfish
800,score,99%,0.8018,jellyfish
801,score,93%,0.7301,jellyfish
802,score,90%,0.7426,jellyfish
803,score,94%,0.7924,jellyfish
804,score,99%,0.7112,jellyfish
805,score,89% → 92%,0.6081,jellyfish
806,score,100%,0.7242,jellyfish
807,score,95%,0.7475,jellyfish
808,score,68% → 72% → 72% → 72% → 72% → 72% → 72% → 72% →,0.8308,jellyfish
809,score,83%,0.7604,jellyfish
810,score,47%,0.5395,jellyfish
811,score,100% → 90% (corrected value),0.6759,jellyfish
812,score,93%,0.4521,jellyfish
813,score,100%,0.6895,jellyfish
814,score,96%,0.4431,jellyfish
815,score,96%,0.8023,jellyfish
816,score,100%,0.5463,jellyfish
817,score,94%,0.4552,jellyfish
818,score,89%,0.6185,jellyfish
819,score,96%,0.7280,jellyfish
820,score,91%,0.8143,jellyfish
821,score,98%,0.6408,jellyfish
822,score,97%,0.4555,jellyfish
823,score,90%,0.6334,jellyfish
824,score,94%,0.6475,jellyfish
825,score,100%,0.7898,jellyfish
826,score,95%,0.7018,jellyfish
827,score,87%,0.7913,jellyfish
828,score,100%,0.6254,jellyfish
829,score,100%,0.7674,jellyfish
830,score,100%,0.6783,jellyfish
831,score,0.5,0.6137,jellyfish
832,score,100%,0.6513,jellyfish
833,score,0.4,0.6099,jellyfish
834,score,76.5,0.7000,jellyfish
835,score,84% → 85% → 84% → 85% → 84% → 85% → 84% → 85% →,0.7065,jellyfish
836,score,89%,0.6442,jellyfish
837,score,75% → 80% → 80% → 80% → 80% → 80% → 80% → 80% →,0.8030,jellyfish
838,score,100%,0.7213,jellyfish
839,score,89% → 92%,0.7194,jellyfish
840,score,92%,0.4312,jellyfish
841,score,94%,0.5055,jellyfish
842,score,98%,0.5842,jellyfish
843,score,95%,0.7149,jellyfish
844,score,81% → 85% → 85% → 85% → 85% → 85% → 85% → 85% →,0.8115,jellyfish
845,score,50%,0.7703,jellyfish
846,score,100%,0.7216,jellyfish
847,score,100%,0.7774,jellyfish
848,score,100%,0.6562,jellyfish
849,score,0.5,0.6252,jellyfish
850,score,100%,0.7069,jellyfish
851,score,0.5,0.6301,jellyfish
852,score,0.5,0.6284,jellyfish
853,score,67% → 75%,0.7549,jellyfish
854,score,67% → 72% → 72%,0.7725,jellyfish
855,score,100%,0.3890,jellyfish
856,score,0.8,0.6723,jellyfish
857,score,95%,0.7203,jellyfish
858,score,0.2,0.5950,jellyfish
859,score,92.5,0.6004,jellyfish
860,score,74% → 85% → 85%,0.7698,jellyfish
861,score,90,0.5832,jellyfish
862,score,78% → 85% → 85% → 85% → 85% → 85% → 85% → 85% →,0.7964,jellyfish
863,score,80%,0.6820,jellyfish
864,score,96%,0.6918,jellyfish
865,score,99%,0.7126,jellyfish
866,score,90%,0.7008,jellyfish
867,score,98%,0.6571,jellyfish
868,score,76%,0.4365,jellyfish
869,score,91%,0.6952,jellyfish
870,score,95%,0.6468,jellyfish
871,score,80%  # Corrected value,0.6709,jellyfish
872,score,87% → 92%,0.7467,jellyfish
873,score,87%,0.4461,jellyfish
874,score,85.5,0.5780,jellyfish
875,score,100%,0.7143,jellyfish
876,score,100%,0.6395,jellyfish
877,score,100%,0.6581,jellyfish
878,score,100%,0.6975,jellyfish
879,score,100%,0.7927,jellyfish
880,score,95%,0.7546,jellyfish
881,score,100%,0.7351,jellyfish
882,score,92%,0.5892,jellyfish
883,score,0.5,0.7479,jellyfish
884,score,0.6,0.7143,jellyfish
885,score,87%,0.6947,jellyfish
886,score,94%,0.4178,jellyfish
887,score,90%,0.6472,jellyfish
888,score,100%,0.7377,jellyfish
889,score,95%,0.7158,jellyfish
890,score,100%,0.7355,jellyfish
891,score,100%,0.7452,jellyfish
892,score,97%,0.8170,jellyfish
893,score,87%,0.6959,jellyfish
894,score,87% → 92% → 92% → 92% → 92% → 92% → 92% → 92% →,0.7724,jellyfish
895,score,0.5,0.7485,jellyfish
896,score,92.5,0.6210,jellyfish
897,score,0.9,0.5801,jellyfish
898,score,0.6,0.7712,jellyfish
899,score,0.5,0.7449,jellyfish
900,score,100%,0.7284,jellyfish
901,score,100%,0.7229,jellyfish
902,score,100%,0.8079,jellyfish
903,score,100%,0.7220,jellyfish
904,score,100%,0.7247,jellyfish
905,score,100%,0.6004,jellyfish
906,score,100%,0.7660,jellyfish
907,score,100%,0.7475,jellyfish
908,score,100%,0.6076,jellyfish
909,score,100%,0.7149,jellyfish
910,score,100%,0.6671,jellyfish
911,score,88%,0.7463,jellyfish
912,score,100%,0.6671,jellyfish
913,score,100%,0.7855,jellyfish
914,score,100%,0.5038,jellyfish
915,score,100% → 95%,0.6295,jellyfish
916,score,100%,0.5338,jellyfish
917,score,99% → 100% → 100% → 100% → 100% → 100% → 100% → 100% →,0.8112,jellyfish
918,score,97%,0.8064,jellyfish
919,score,100%,0.4290,jellyfish
920,score,87%,0.6189,jellyfish
921,score,76%,0.6404,jellyfish
922,score,99%,0.7769,jellyfish
923,score,95%,0.8180,jellyfish
924,score,95%,0.7228,jellyfish
925,score,95%,0.7798,jellyfish
926,score,80%,0.6461,jellyfish
927,score,76% → 85% (corrected value),0.4404,jellyfish
928,score,100%,0.7071,jellyfish
929,score,91%,0.5557,jellyfish
930,score,84% → 92% → 92% → 92% → 92% → 92% → 92% → 92% →,0.8111,jellyfish
931,score,53%,0.7036,jellyfish
932,score,75%,0.6703,jellyfish
933,score,100%,0.7834,jellyfish
934,score,33% → 42%,0.6380,jellyfish
935,score,80%,0.6634,jellyfish
936,score,0.5,0.7536,jellyfish
937,score,76.1,0.6551,jellyfish
938,score,53% → 62%,0.7103,jellyfish
939,score,63.5%,0.7447,jellyfish
940,score,67%,0.7112,jellyfish
941,score,75%,0.7025,jellyfish
942,score,90%,0.6971,jellyfish
943,score,50%,0.6374,jellyfish
944,score,90%,0.7065,jellyfish
945,score,97%,0.8133,jellyfish
946,score,75%,0.6604,jellyfish
947,score,65%,0.5480,jellyfish
948,score,90.5,0.5741,jellyfish
949,score,76.5,0.7444,jellyfish
950,score,4.5,0.6153,jellyfish
951,score,95.4,0.7237,jellyfish
952,score,1.8,0.7284,jellyfish
953,score,4.5,0.6307,jellyfish
954,score,90,0.6675,jellyfish
955,score,92.5,0.6348,jellyfish
956,score,100%,0.7729,jellyfish
957,score,100%,0.7250,jellyfish
958,score,74.5,0.5827,jellyfish
959,score,1.8,0.5327,jellyfish
960,score,100%,0.6084,jellyfish
961,score,0.5,0.7123,jellyfish
962,score,90.3,0.6534,jellyfish
963,score,96%,0.7393,jellyfish
964,score,99.5%,0.5485,jellyfish
965,score,100%,0.6112,jellyfish
966,score,100%,0.8006,jellyfish
967,score,100%,0.6689,jellyfish
968,score,98%,0.5567,jellyfish
969,score,100%,0.3944,jellyfish
970,score,99%,0.6197,jellyfish
971,score,99%,0.7756,jellyfish
972,score,100% → 95%,0.7581,jellyfish
973,score,100%,0.7569,jellyfish
974,score,99%,0.7896,jellyfish
975,score,100%,0.6938,jellyfish
976,score,100%,0.6686,jellyfish
977,score,0.6,0.6123,jellyfish
978,score,100%,0.7365,jellyfish
979,score,100%,0.7047,jellyfish
980,score,100%,0.6190,jellyfish
981,score,100%,0.7863,jellyfish
982,score,100%,0.7136,jellyfish
983,score,100%,0.6082,jellyfish
984,score,0.5,0.6494,jellyfish
985,score,100%,0.6885,jellyfish
986,score,0.5 patients,0.5920,jellyfish
987,score,74.1,0.6730,jellyfish
988,score,90%,0.6428,jellyfish
989,score,85,0.6824,jellyfish
990,score,100%,0.6154,jellyfish
991,score,43% → 85%,0.4825,jellyfish
992,score,74%,0.6711,jellyfish
993,score,83% → 85%,0.7508,jellyfish
994,score,83%,0.7912,jellyfish
995,score,98%,0.4195,jellyfish
996,score,77%,0.7466,jellyfish
997,score,64%,0.5083,jellyfish
998,score,25% → 85% (corrected value),0.4413,jellyfish
999,score,64%,0.6013,jellyfish
1000,score,88%,0.6362,jellyfish
1,sample,empty,0.7222,jellyfish
2,sample,empty,0.7796,jellyfish
3,sample,empty,0.7058,jellyfish
4,sample,empty,0.7010,jellyfish
5,sample,empty,0.6501,jellyfish
6,sample,empty,0.7153,jellyfish
7,sample,empty,0.7742,jellyfish
8,sample,empty,0.7569,jellyfish
9,sample,33 patients,0.7496,jellyfish
10,sample,13 patients,0.6803,jellyfish
11,sample,4 patients,0.7459,jellyfish
12,sample,4 patients,0.5699,jellyfish
13,sample,14 patients,0.7610,jellyfish
14,sample,0.5 patients,0.6601,jellyfish
15,sample,0.5 patients,0.6363,jellyfish
16,sample,114 patients,0.7574,jellyfish
17,sample,149 patients,0.7532,jellyfish
18,sample,3.5,0.6710,jellyfish
19,sample,41 patients,0.7532,jellyfish
20,sample,270 patients,0.7378,jellyfish
21,sample,516 patients,0.7379,jellyfish
22,sample,71 patients,0.6989,jellyfish
23,sample,244 patients,0.6334,jellyfish
24,sample,441 patients,0.6681,jellyfish
25,sample,0.1 patients,0.6637,jellyfish
26,sample,40 patients,0.7686,jellyfish
27,sample,"455 patients → 455 patients (no change needed) Same value, no errors found. The value for the attribute ""sample"" remains 455 patients. No",0.6090,jellyfish
28,sample,514 patients,0.6393,jellyfish
29,sample,165 patients,0.7295,jellyfish
30,sample,110 patients,0.7199,jellyfish
31,sample,191 patients,0.7031,jellyfish
32,sample,125 patients → 125 patients,0.7098,jellyfish
33,sample,107 patients → 107 patients (no correction needed),0.4824,jellyfish
34,sample,196 patients,0.7060,jellyfish
35,sample,147 patients,0.6746,jellyfish
36,sample,160 patients,0.5458,jellyfish
37,sample,79 patients,0.7576,jellyfish
38,sample,399 patients → 400 patients,0.7288,jellyfish
39,sample,405 patients,0.7606,jellyfish
40,sample,385 patients → 385 patients,0.6888,jellyfish
41,sample,136 patients → 136,0.7074,jellyfish
42,sample,537 patients,0.7001,jellyfish
43,sample,185 patients,0.6703,jellyfish
44,sample,184 patients,0.6673,jellyfish
45,sample,20 patients,0.7309,jellyfish
46,sample,5 patients,0.6669,jellyfish
47,sample,2 patients,0.6530,jellyfish
48,sample,0.5 patients,0.6312,jellyfish
49,sample,5 patients,0.6138,jellyfish
50,sample,0.5 patients,0.6745,jellyfish
51,sample,0.1 patients,0.6432,jellyfish
52,sample,110 patients,0.7083,jellyfish
53,sample,160 patients,0.7234,jellyfish
54,sample,69 patients,0.7530,jellyfish
55,sample,34 patients,0.7544,jellyfish
56,sample,172 patients,0.7231,jellyfish
57,sample,120 patients,0.6800,jellyfish
58,sample,98 patients,0.6485,jellyfish
59,sample,211 patients,0.6429,jellyfish
60,sample,175 patients,0.7420,jellyfish
61,sample,118 patients,0.7277,jellyfish
62,sample,14 patients,0.7720,jellyfish
63,sample,168 patients,0.7138,jellyfish
64,sample,167 patients,0.7100,jellyfish
65,sample,158 patients,0.6474,jellyfish
66,sample,0.2 patients,0.5678,jellyfish
67,sample,237 patients,0.7101,jellyfish
68,sample,76 patients,0.7313,jellyfish
69,sample,76 patients,0.7377,jellyfish
70,sample,159 patients,0.7590,jellyfish
71,sample,247 patients,0.7075,jellyfish
72,sample,43 patients,0.7373,jellyfish
73,sample,103 patients,0.6768,jellyfish
74,sample,227 patients,0.7188,jellyfish
75,sample,0.5 patients,0.6536,jellyfish
76,sample,61 patients,0.7256,jellyfish
77,sample,217 patients,0.6873,jellyfish
78,sample,259 patients,0.7449,jellyfish
79,sample,84 patients,0.7277,jellyfish
80,sample,53 patients,0.8040,jellyfish
81,sample,174 patients,0.7420,jellyfish
82,sample,137 patients → 137 patients (no change needed),0.6101,jellyfish
83,sample,65 patients,0.6993,jellyfish
84,sample,200 patients,0.7543,jellyfish
85,sample,138 patients,0.7417,jellyfish
86,sample,85 patients,0.7657,jellyfish
87,sample,107 patients → 107 patients (no change needed),0.5737,jellyfish
88,sample,457 patients,0.7084,jellyfish
89,sample,462 patients,0.7293,jellyfish
90,sample,439 patients,0.5193,jellyfish
91,sample,130 patients,0.4791,jellyfish
92,sample,619 patients,0.7721,jellyfish
93,sample,242 patients,0.7522,jellyfish
94,sample,242 patients,0.6420,jellyfish
95,sample,10 patients,0.5580,jellyfish
96,sample,2 patients,0.6198,jellyfish
97,sample,0.1 patients,0.6465,jellyfish
98,sample,0.5 patients,0.6620,jellyfish
99,sample,2 patients,0.6434,jellyfish
100,sample,0.5 patients,0.5547,jellyfish
101,sample,0.4 patients,0.6243,jellyfish
102,sample,59 patients,0.7355,jellyfish
103,sample,76 patients,0.7390,jellyfish
104,sample,14 patients,0.6942,jellyfish
105,sample,8 patients,0.6152,jellyfish
106,sample,85 patients,0.7421,jellyfish
107,sample,64 patients,0.7216,jellyfish
108,sample,28 patients,0.6672,jellyfish
109,sample,87 patients,0.7184,jellyfish
110,sample,57 patients,0.7117,jellyfish
111,sample,63,0.7485,jellyfish
112,sample,11 patients,0.4899,jellyfish
113,sample,101 patients,0.6066,jellyfish
114,sample,101 patients → 100 patients,0.6982,jellyfish
115,sample,100 patients,0.6720,jellyfish
116,sample,0 patients,0.4916,jellyfish
117,sample,123 patients → 123 patients (no change needed) ``` ``` ``` ``` ``` ``` ``` ``` ``` ``` ``` ``` ``` ``` ``` ``` ``` ``` ``` ``` ```,0.7102,jellyfish
118,sample,77 patients,0.7570,jellyfish
119,sample,76 patients,0.7206,jellyfish
120,sample,1,0.7849,jellyfish
121,sample,1,0.7904,jellyfish
122,sample,0.5 patients,0.6700,jellyfish
123,sample,1 patients,0.7216,jellyfish
124,sample,1,0.6207,jellyfish
125,sample,0.5 patients,0.6407,jellyfish
126,sample,0.5 patients,0.6808,jellyfish
127,sample,26 patients,0.6440,jellyfish
128,sample,39 patients,0.7503,jellyfish
129,sample,8 patients,0.7522,jellyfish
130,sample,5 patients,0.6746,jellyfish
131,sample,16 patients,0.6641,jellyfish
132,sample,15 patients,0.7448,jellyfish
133,sample,9 patients,0.7099,jellyfish
134,sample,21 patients,0.8045,jellyfish
135,sample,21 patients,0.7425,jellyfish
136,sample,15 patients,0.7036,jellyfish
137,sample,1 patients,0.7725,jellyfish
138,sample,2 patients,0.7449,jellyfish
139,sample,2 patients,0.6648,jellyfish
140,sample,2 patients,0.6365,jellyfish
141,sample,0.1 patients,0.6842,jellyfish
142,sample,4 patients,0.5503,jellyfish
143,sample,4 patients,0.6439,jellyfish
144,sample,4 patients,0.7553,jellyfish
145,sample,6 patients,0.5250,jellyfish
146,sample,1,0.7137,jellyfish
147,sample,1 patients,0.7760,jellyfish
148,sample,2 patients,0.7307,jellyfish
149,sample,3 patients,0.6971,jellyfish
150,sample,0.4 patients,0.6708,jellyfish
151,sample,0.3 patients,0.5643,jellyfish
152,sample,35 patients,0.7276,jellyfish
153,sample,42 patients,0.4995,jellyfish
154,sample,10 patients,0.7664,jellyfish
155,sample,12 patients,0.7421,jellyfish
156,sample,44 patients,0.7509,jellyfish
157,sample,30 patients,0.7603,jellyfish
158,sample,25 patients,0.7286,jellyfish
159,sample,51,0.7419,jellyfish
160,sample,45,0.7484,jellyfish
161,sample,30 patients,0.7000,jellyfish
162,sample,3 patients,0.7847,jellyfish
163,sample,6 patients,0.6684,jellyfish
164,sample,7 patients,0.7714,jellyfish
165,sample,5 patients,0.6601,jellyfish
166,sample,0.5 patients,0.6015,jellyfish
167,sample,10 patients,0.6731,jellyfish
168,sample,9 patients,0.6755,jellyfish
169,sample,9 patients,0.7142,jellyfish
170,sample,8 patients,0.7014,jellyfish
171,sample,6 patients,0.5060,jellyfish
172,sample,2 patients,0.5315,jellyfish
173,sample,2 patients,0.4786,jellyfish
174,sample,6 patients,0.7476,jellyfish
175,sample,0.1 patients,0.6549,jellyfish
176,sample,0.5 patients,0.5440,jellyfish
177,sample,55 patients,0.6921,jellyfish
178,sample,80 patients,0.7029,jellyfish
179,sample,27 patients,0.7416,jellyfish
180,sample,10 patients,0.7231,jellyfish
181,sample,128 patients,0.7596,jellyfish
182,sample,115 patients → 115 patients,0.6437,jellyfish
183,sample,65 patients,0.7444,jellyfish
184,sample,158 patients,0.7181,jellyfish
185,sample,133 patients → 133,0.7368,jellyfish
186,sample,101 patients,0.7282,jellyfish
187,sample,14 patients,0.6208,jellyfish
188,sample,66 patients,0.7220,jellyfish
189,sample,64 patients,0.7250,jellyfish
190,sample,63 patients,0.7546,jellyfish
191,sample,0.5 patients,0.6558,jellyfish
192,sample,155 patients,0.6767,jellyfish
193,sample,56 patients,0.7332,jellyfish
194,sample,56 patients → 56 patients (no change needed),0.5588,jellyfish
195,sample,240 patients,0.7255,jellyfish
196,sample,295 patients,0.6000,jellyfish
197,sample,70 patients,0.7672,jellyfish
198,sample,131 patients,0.6949,jellyfish
199,sample,288 patients,0.6597,jellyfish
200,sample,0.3 patients,0.6203,jellyfish
201,sample,48 patients,0.6160,jellyfish
202,sample,316 patients,0.7440,jellyfish
203,sample,372 patients,0.7469,jellyfish
204,sample,130 patients,0.4937,jellyfish
205,sample,69 patients,0.7391,jellyfish
206,sample,125 patients,0.7065,jellyfish
207,sample,131 patients,0.6572,jellyfish
208,sample,69 patients,0.7224,jellyfish
209,sample,135 patients → 135,0.7364,jellyfish
210,sample,112 patients,0.7596,jellyfish
211,sample,89 patients,0.7336,jellyfish
212,sample,125 patients,0.6713,jellyfish
213,sample,461 patients → 461 patients (no change needed) 461 patients → 461 patients (no change needed) 461 patients → 461 patients (no,0.7622,jellyfish
214,sample,473 patients,0.7538,jellyfish
215,sample,442 patients,0.7319,jellyfish
216,sample,127 patients → 127,0.5650,jellyfish
217,sample,601 patients → 601 patients (no change needed),0.5737,jellyfish
218,sample,229 patients,0.7478,jellyfish
219,sample,224 patients,0.7024,jellyfish
220,sample,46 patients,0.6829,jellyfish
221,sample,39 patients,0.6929,jellyfish
222,sample,11 patients,0.5402,jellyfish
223,sample,14 patients,0.5945,jellyfish
224,sample,41 patients,0.6444,jellyfish
225,sample,1 patients,0.5767,jellyfish
226,sample,5 patients,0.6104,jellyfish
227,sample,76 patients,0.7187,jellyfish
228,sample,94 patients,0.6608,jellyfish
229,sample,36 patients,0.7131,jellyfish
230,sample,15,0.7136,jellyfish
231,sample,69 patients,0.6889,jellyfish
232,sample,91 patients,0.7297,jellyfish
233,sample,37 patients,0.7331,jellyfish
234,sample,88 patients,0.7147,jellyfish
235,sample,82 patients,0.4976,jellyfish
236,sample,56 patients,0.7137,jellyfish
237,sample,16 patients,0.6267,jellyfish
238,sample,139 patients,0.7367,jellyfish
239,sample,147 patients,0.7468,jellyfish
240,sample,136 patients,0.7056,jellyfish
241,sample,0.1 patients,0.6761,jellyfish
242,sample,179 patients,0.5642,jellyfish
243,sample,90 patients,0.7619,jellyfish
244,sample,90 patients,0.7273,jellyfish
245,sample,0.2 patients,0.5868,jellyfish
246,sample,1 patients,0.7433,jellyfish
247,sample,0.2 patients,0.6619,jellyfish
248,sample,0.5 patients,0.6121,jellyfish
249,sample,1 patients,0.7543,jellyfish
250,sample,0.2 patients,0.6352,jellyfish
251,sample,0.1 patients,0.5980,jellyfish
252,sample,79 patients,0.7371,jellyfish
253,sample,91 patients,0.7469,jellyfish
254,sample,25 patients,0.6837,jellyfish
255,sample,17 patients,0.4804,jellyfish
256,sample,25 patients,0.7608,jellyfish
257,sample,24 patients,0.7449,jellyfish
258,sample,6 patients,0.6588,jellyfish
259,sample,24 patients,0.7305,jellyfish
260,sample,26 patients,0.6503,jellyfish
261,sample,24 patients,0.7364,jellyfish
262,sample,empty,0.6806,jellyfish
263,sample,14 patients,0.7193,jellyfish
264,sample,14 patients,0.7306,jellyfish
265,sample,14 patients,0.6935,jellyfish
266,sample,0.5 patients,0.6450,jellyfish
267,sample,15 patients,0.6873,jellyfish
268,sample,10 patients,0.7674,jellyfish
269,sample,10 patients,0.7578,jellyfish
270,sample,179 patients,0.6979,jellyfish
271,sample,208 patients,0.4847,jellyfish
272,sample,30 patients,0.6686,jellyfish
273,sample,98 patients,0.6977,jellyfish
274,sample,169 patients,0.7232,jellyfish
275,sample,0.2 patients,0.6553,jellyfish
276,sample,36 patients,0.6006,jellyfish
277,sample,210 patients,0.5968,jellyfish
278,sample,246 patients,0.6395,jellyfish
279,sample,71 patients,0.7482,jellyfish
280,sample,48 patients,0.6837,jellyfish
281,sample,235 patients,0.6837,jellyfish
282,sample,110 patients,0.6265,jellyfish
283,sample,131 patients,0.6182,jellyfish
284,sample,239 patients,0.7084,jellyfish
285,sample,116 patients,0.6868,jellyfish
286,sample,199 patients,0.7152,jellyfish
287,sample,96 patients,0.7473,jellyfish
288,sample,368 patients,0.6410,jellyfish
289,sample,370 patients,0.7320,jellyfish
290,sample,331 patients,0.6744,jellyfish
291,sample,116 patients,0.7082,jellyfish
292,sample,588 patients,0.7340,jellyfish
293,sample,226 patients,0.6329,jellyfish
294,sample,225 patients,0.7139,jellyfish
295,sample,empty,0.7683,jellyfish
296,sample,empty,0.5314,jellyfish
297,sample,empty,0.7535,jellyfish
298,sample,empty,0.7702,jellyfish
299,sample,empty,0.6485,jellyfish
300,sample,empty,0.6727,jellyfish
301,sample,empty,0.7738,jellyfish
302,sample,empty,0.6427,jellyfish
303,sample,empty,0.7217,jellyfish
304,sample,empty,0.7803,jellyfish
305,sample,empty,0.7864,jellyfish
306,sample,empty,0.7281,jellyfish
307,sample,AL\_PN-3B\_SAMPLE\_DATA\_FILE\_NAME\_HERE\_PLEASE\_INSERT\_DATA\_FILE\_NAME\_HERE\_PLEASE\_INSERT,0.5659,jellyfish
308,sample,empty,0.7790,jellyfish
309,sample,empty,0.7213,jellyfish
310,sample,al_pn-6_sample_data,0.6814,jellyfish
311,sample,empty,0.6735,jellyfish
312,sample,9 patients,0.7395,jellyfish
313,sample,9 patients,0.7723,jellyfish
314,sample,81 patients,0.7636,jellyfish
315,sample,73 patients,0.7188,jellyfish
316,sample,14 patients,0.7707,jellyfish
317,sample,29 patients,0.8066,jellyfish
318,sample,67 patients,0.6750,jellyfish
319,sample,1 patients,0.7067,jellyfish
320,sample,15 patients,0.6840,jellyfish
321,sample,142 patients,0.4715,jellyfish
322,sample,157 patients,0.7534,jellyfish
323,sample,49 patients,0.7541,jellyfish
324,sample,41 patients,0.6868,jellyfish
325,sample,110 patients,0.7248,jellyfish
326,sample,102 patients,0.7388,jellyfish
327,sample,83 patients,0.5957,jellyfish
328,sample,145 patients,0.6568,jellyfish
329,sample,99 patients,0.7709,jellyfish
330,sample,87 patients,0.7586,jellyfish
331,sample,23 patients,0.7945,jellyfish
332,sample,342 patients → 350 patients,0.5984,jellyfish
333,sample,94 patients,0.7395,jellyfish
334,sample,62 patients,0.6752,jellyfish
335,sample,166 patients,0.6853,jellyfish
336,sample,152 patients,0.7454,jellyfish
337,sample,77 patients,0.7393,jellyfish
338,sample,146 patients,0.6423,jellyfish
339,sample,112 patients,0.7471,jellyfish
340,sample,128 patients,0.7516,jellyfish
341,sample,147 patients,0.7359,jellyfish
342,sample,950 patients,0.7000,jellyfish
343,sample,957 patients,0.6620,jellyfish
344,sample,882 patients,0.6936,jellyfish
345,sample,165 patients,0.7322,jellyfish
346,sample,1295 patients,0.7009,jellyfish
347,sample,497 patients → 500 patients,0.5984,jellyfish
348,sample,497 patients → 500 patients,0.6330,jellyfish
349,sample,239 patients,0.7286,jellyfish
350,sample,260 patients,0.7619,jellyfish
351,sample,41 patients,0.6237,jellyfish
352,sample,63 patients,0.5251,jellyfish
353,sample,242 patients,0.6095,jellyfish
354,sample,205 patients,0.7073,jellyfish
355,sample,1x patients,0.7120,jellyfish
356,sample,7 patients,0.7004,jellyfish
357,sample,2 patients,0.7829,jellyfish
358,sample,1,0.8035,jellyfish
359,sample,8 patients,0.7005,jellyfish
360,sample,1,0.6449,jellyfish
361,sample,1 patients,0.5385,jellyfish
362,sample,48 patients,0.6567,jellyfish
363,sample,59,0.7422,jellyfish
364,sample,13 patients,0.5629,jellyfish
365,sample,14 patients,0.6969,jellyfish
366,sample,66 patients,0.6409,jellyfish
367,sample,59 patients,0.7484,jellyfish
368,sample,40 patients,0.7654,jellyfish
369,sample,85 patients,0.6812,jellyfish
370,sample,62,0.6343,jellyfish
371,sample,45 patients,0.7239,jellyfish
372,sample,19 patients,0.6353,jellyfish
373,sample,102 patients,0.7113,jellyfish
374,sample,103 patients,0.7398,jellyfish
375,sample,98 patients,0.7279,jellyfish
376,sample,0.5 patients,0.6644,jellyfish
377,sample,146 patients,0.5557,jellyfish
378,sample,58 patients,0.7413,jellyfish
379,sample,58 patients,0.6858,jellyfish
380,sample,86 patients,0.6422,jellyfish
381,sample,91 patients,0.6758,jellyfish
382,sample,22 patients,0.6029,jellyfish
383,sample,58 patients,0.6988,jellyfish
384,sample,96 patients,0.7068,jellyfish
385,sample,1 patients,0.7191,jellyfish
386,sample,16 patients,0.6723,jellyfish
387,sample,146 patients,0.7234,jellyfish
388,sample,150 patients,0.6780,jellyfish
389,sample,84 patients,0.7122,jellyfish
390,sample,45 patients,0.7211,jellyfish
391,sample,7 patients,0.7358,jellyfish
392,sample,35 patients,0.7239,jellyfish
393,sample,4 patients,0.7688,jellyfish
394,sample,3 patients,0.6185,jellyfish
395,sample,0.5 patients,0.5104,jellyfish
396,sample,5 patients,0.7581,jellyfish
397,sample,0.5 patients,0.6480,jellyfish
398,sample,0.5 patients,0.4864,jellyfish
399,sample,75 patients,0.7397,jellyfish
400,sample,93 patients,0.7445,jellyfish
401,sample,18 patients,0.6721,jellyfish
402,sample,27 patients,0.6656,jellyfish
403,sample,116 patients,0.6298,jellyfish
404,sample,138 patients,0.7132,jellyfish
405,sample,67 patients,0.6880,jellyfish
406,sample,131 patients,0.6341,jellyfish
407,sample,93 patients,0.7177,jellyfish
408,sample,89 patients,0.6754,jellyfish
409,sample,1 patients,0.7740,jellyfish
410,sample,10 patients,0.4885,jellyfish
411,sample,10 patients,0.7653,jellyfish
412,sample,10 patients,0.6739,jellyfish
413,sample,125 patients,0.7423,jellyfish
414,sample,125 patients,0.5434,jellyfish
415,sample,10 patients,0.7416,jellyfish
416,sample,3 patients,0.6868,jellyfish
417,sample,1 patients,0.7770,jellyfish
418,sample,1 patients,0.7580,jellyfish
419,sample,4 patients,0.7877,jellyfish
420,sample,0.2 patients,0.6732,jellyfish
421,sample,0.5 patients,0.6780,jellyfish
422,sample,78 patients,0.6997,jellyfish
423,sample,105 patients,0.7492,jellyfish
424,sample,46 patients,0.6930,jellyfish
425,sample,12 patients,0.6824,jellyfish
426,sample,69 patients,0.7508,jellyfish
427,sample,95 patients,0.7233,jellyfish
428,sample,47 patients,0.6923,jellyfish
429,sample,101,0.7235,jellyfish
430,sample,57 patients,0.6947,jellyfish
431,sample,51 patients,0.7289,jellyfish
432,sample,22 patients,0.7317,jellyfish
433,sample,57 patients,0.7224,jellyfish
434,sample,61 patients,0.7236,jellyfish
435,sample,33 patients,0.6305,jellyfish
436,sample,13 patients,0.5035,jellyfish
437,sample,37 patients,0.7427,jellyfish
438,sample,47 patients,0.7534,jellyfish
439,sample,26 patients,0.6067,jellyfish
440,sample,39 patients,0.7445,jellyfish
441,sample,22 patients,0.7179,jellyfish
442,sample,29 patients,0.7234,jellyfish
443,sample,106 patients → 105 patients,0.7637,jellyfish
444,sample,513 patients,0.5764,jellyfish
445,sample,521 patients,0.7400,jellyfish
446,sample,499 patients,0.6879,jellyfish
447,sample,146 patients,0.6239,jellyfish
448,sample,690 patients,0.6663,jellyfish
449,sample,226 patients,0.6811,jellyfish
450,sample,223 patients,0.7180,jellyfish
451,sample,empty,0.6498,jellyfish
452,sample,empty,0.7281,jellyfish
453,sample,150 patients,0.6637,jellyfish
454,sample,149 patients → 149 patients (no change needed) 149 patients,0.6675,jellyfish
455,sample,79 patients,0.7678,jellyfish
456,sample,192 patients,0.7569,jellyfish
457,sample,139 patients,0.7109,jellyfish
458,sample,119 patients,0.6956,jellyfish
459,sample,54 patients,0.5229,jellyfish
460,sample,253 patients,0.7349,jellyfish
461,sample,255 patients,0.6184,jellyfish
462,sample,245 patients,0.6699,jellyfish
463,sample,x patients,0.6410,jellyfish
464,sample,369 patients → 369 patients,0.7522,jellyfish
465,sample,144 patients,0.7361,jellyfish
466,sample,142 patients,0.7150,jellyfish
467,sample,11 patients,0.6653,jellyfish
468,sample,5 patients,0.7649,jellyfish
469,sample,0.2 patients,0.6170,jellyfish
470,sample,3 patients,0.7315,jellyfish
471,sample,6 patients,0.7472,jellyfish
472,sample,2 patients,0.7312,jellyfish
473,sample,0.5 patients,0.6327,jellyfish
474,sample,79 patients,0.7380,jellyfish
475,sample,94 patients,0.7456,jellyfish
476,sample,18 patients,0.7088,jellyfish
477,sample,32 patients,0.5941,jellyfish
478,sample,80 patients,0.7614,jellyfish
479,sample,67 patients,0.7410,jellyfish
480,sample,39 patients,0.7723,jellyfish
481,sample,74 patients,0.7263,jellyfish
482,sample,59 patients,0.7271,jellyfish
483,sample,62 patients,0.6452,jellyfish
484,sample,12 patients,0.7334,jellyfish
485,sample,52 patients,0.7233,jellyfish
486,sample,52 patients,0.6970,jellyfish
487,sample,48 patients,0.6837,jellyfish
488,sample,0.1 patients,0.6353,jellyfish
489,sample,94 patients,0.7162,jellyfish
490,sample,50 patients,0.7177,jellyfish
491,sample,50 patients,0.7095,jellyfish
492,sample,0.5 patients,0.6199,jellyfish
493,sample,1 patients,0.7155,jellyfish
494,sample,0.5 patients,0.6311,jellyfish
495,sample,1 patients,0.5352,jellyfish
496,sample,1 patients,0.6636,jellyfish
497,sample,0 patients,0.5485,jellyfish
498,sample,0.5 patients,0.6376,jellyfish
499,sample,35 patients,0.7017,jellyfish
500,sample,48 patients,0.5943,jellyfish
501,sample,10 patients,0.7593,jellyfish
502,sample,15 patients,0.6861,jellyfish
503,sample,44 patients,0.6050,jellyfish
504,sample,33 patients,0.7393,jellyfish
505,sample,20 patients,0.7688,jellyfish
506,sample,56 patients → 56,0.6384,jellyfish
507,sample,44 patients,0.6244,jellyfish
508,sample,31 patients,0.6762,jellyfish
509,sample,empty,0.8027,jellyfish
510,sample,2 patients,0.5926,jellyfish
511,sample,2 patients,0.6479,jellyfish
512,sample,1 patients,0.7458,jellyfish
513,sample,0.2 patients,0.6734,jellyfish
514,sample,6 patients,0.6845,jellyfish
515,sample,5 patients,0.7386,jellyfish
516,sample,5 patients,0.8216,jellyfish
517,sample,134 patients,0.6048,jellyfish
518,sample,282 patients,0.7255,jellyfish
519,sample,53 patients,0.6108,jellyfish
520,sample,119 patients,0.6024,jellyfish
521,sample,254 patients,0.5819,jellyfish
522,sample,0.2 patients,0.6031,jellyfish
523,sample,27 patients,0.7512,jellyfish
524,sample,25,0.7549,jellyfish
525,sample,292 patients,0.6159,jellyfish
526,sample,98 patients,0.7648,jellyfish
527,sample,77 patients,0.6842,jellyfish
528,sample,99 patients,0.7321,jellyfish
529,sample,103 patients,0.6395,jellyfish
530,sample,80 patients,0.7608,jellyfish
531,sample,101 patients,0.5800,jellyfish
532,sample,71 patients,0.5554,jellyfish
533,sample,87 patients,0.5877,jellyfish
534,sample,89 patients,0.6995,jellyfish
535,sample,412 patients,0.7376,jellyfish
536,sample,423 patients,0.6640,jellyfish
537,sample,392 patients,0.7462,jellyfish
538,sample,125 patients,0.7253,jellyfish
539,sample,575 patients,0.5327,jellyfish
540,sample,179 patients,0.5845,jellyfish
541,sample,179 patients,0.7304,jellyfish
542,sample,111 patients → 100 patients,0.5429,jellyfish
543,sample,165 patients,0.7477,jellyfish
544,sample,24 patients,0.6486,jellyfish
545,sample,65 patients,0.6618,jellyfish
546,sample,173 patients,0.7488,jellyfish
547,sample,x patients,0.6200,jellyfish
548,sample,15 patients,0.7311,jellyfish
549,sample,430 patients,0.7185,jellyfish
550,sample,518 patients → 518 patients,0.6832,jellyfish
551,sample,146 patients,0.7065,jellyfish
552,sample,93 patients,0.5191,jellyfish
553,sample,243 patients,0.6891,jellyfish
554,sample,230 patients,0.7297,jellyfish
555,sample,74 patients,0.7926,jellyfish
556,sample,233 patients,0.6618,jellyfish
557,sample,97 patients,0.7696,jellyfish
558,sample,184 patients,0.7378,jellyfish
559,sample,180 patients,0.7398,jellyfish
560,sample,844 patients → 844 patients (no change needed),0.6319,jellyfish
561,sample,827 patients,0.7320,jellyfish
562,sample,817 patients,0.7520,jellyfish
563,sample,270 patients,0.5742,jellyfish
564,sample,1062 patients,0.6449,jellyfish
565,sample,263 patients,0.7166,jellyfish
566,sample,259 patients,0.7162,jellyfish
567,sample,24 patients,0.7665,jellyfish
568,sample,10 patients,0.7703,jellyfish
569,sample,1 patients,0.7816,jellyfish
570,sample,4 patients,0.7606,jellyfish
571,sample,13 patients,0.7589,jellyfish
572,sample,2 patients,0.6358,jellyfish
573,sample,0.5 patients,0.6044,jellyfish
574,sample,137 patients,0.6898,jellyfish
575,sample,164 patients,0.6306,jellyfish
576,sample,75 patients,0.6781,jellyfish
577,sample,38 patients,0.5862,jellyfish
578,sample,55 patients,0.6872,jellyfish
579,sample,43 patients,0.5376,jellyfish
580,sample,34 patients,0.6738,jellyfish
581,sample,50 patients,0.7434,jellyfish
582,sample,52 patients,0.7520,jellyfish
583,sample,60 patients,0.7531,jellyfish
584,sample,19 patients,0.6419,jellyfish
585,sample,117 patients,0.4725,jellyfish
586,sample,118 patients,0.6463,jellyfish
587,sample,116 patients,0.7202,jellyfish
588,sample,0 patients,0.7429,jellyfish
589,sample,172 patients,0.7778,jellyfish
590,sample,85 patients,0.7007,jellyfish
591,sample,84 patients → 85 patients,0.5435,jellyfish
592,sample,empty,0.7666,jellyfish
593,sample,al_ami-2,0.7546,jellyfish
594,sample,empty,0.6571,jellyfish
595,sample,empty,0.7570,jellyfish
596,sample,empty,0.6767,jellyfish
597,sample,empty,0.6608,jellyfish
598,sample,empty,0.7631,jellyfish
599,sample,2 patients,0.5053,jellyfish
600,sample,3 patients,0.7516,jellyfish
601,sample,0.1 patients,0.6709,jellyfish
602,sample,0.5 patients,0.5952,jellyfish
603,sample,31 patients,0.6334,jellyfish
604,sample,19 patients,0.7463,jellyfish
605,sample,12 patients,0.7253,jellyfish
606,sample,40 patients,0.7043,jellyfish
607,sample,30,0.7094,jellyfish
608,sample,23 patients,0.7505,jellyfish
609,sample,0.5,0.6227,jellyfish
610,sample,empty,0.7143,jellyfish
611,sample,empty,0.7044,jellyfish
612,sample,empty,0.7315,jellyfish
613,sample,blood glucose samples,0.7385,jellyfish
614,sample,empty,0.6053,jellyfish
615,sample,empty,0.6994,jellyfish
616,sample,empty,0.7655,jellyfish
617,sample,185 patients,0.5408,jellyfish
618,sample,290 patients,0.7180,jellyfish
619,sample,72 patients,0.7481,jellyfish
620,sample,122 patients,0.7514,jellyfish
621,sample,281 patients,0.6960,jellyfish
622,sample,0.1 patients,0.6308,jellyfish
623,sample,26 patients,0.5560,jellyfish
624,sample,527 patients,0.7376,jellyfish
625,sample,570 patients,0.5850,jellyfish
626,sample,272 patients,0.6731,jellyfish
627,sample,101 patients,0.6890,jellyfish
628,sample,114 patients,0.6922,jellyfish
629,sample,129 patients,0.7254,jellyfish
630,sample,59,0.7233,jellyfish
631,sample,153 patients,0.5110,jellyfish
632,sample,115 patients,0.7472,jellyfish
633,sample,89 patients,0.7408,jellyfish
634,sample,208 patients,0.6390,jellyfish
635,sample,1001 patients,0.6477,jellyfish
636,sample,1016 patients,0.7347,jellyfish
637,sample,962 patients,0.6315,jellyfish
638,sample,241 patients,0.7254,jellyfish
639,sample,1421 patients,0.6906,jellyfish
640,sample,473 patients,0.7417,jellyfish
641,sample,473 patients,0.6534,jellyfish
642,sample,4 patients,0.6616,jellyfish
643,sample,3 patients,0.7402,jellyfish
644,sample,0.5 patients,0.6669,jellyfish
645,sample,1 patients,0.7426,jellyfish
646,sample,3 patients,0.6489,jellyfish
647,sample,0.3 patients,0.6681,jellyfish
648,sample,0.2 patients,0.6464,jellyfish
649,sample,34 patients,0.5081,jellyfish
650,sample,39 patients,0.6973,jellyfish
651,sample,4 patients,0.7529,jellyfish
652,sample,2 patients,0.6508,jellyfish
653,sample,28 patients,0.6412,jellyfish
654,sample,14 patients,0.6657,jellyfish
655,sample,6 patients,0.7688,jellyfish
656,sample,30 patients,0.6926,jellyfish
657,sample,23 patients,0.6372,jellyfish
658,sample,16 patients,0.6960,jellyfish
659,sample,empty,0.7864,jellyfish
660,sample,empty,0.7231,jellyfish
661,sample,empty,0.7541,jellyfish
662,sample,empty,0.6762,jellyfish
663,sample,empty,0.7423,jellyfish
664,sample,empty,0.7099,jellyfish
665,sample,empty,0.7719,jellyfish
666,sample,empty,0.7259,jellyfish
667,sample,229 patients,0.7105,jellyfish
668,sample,316 patients,0.7041,jellyfish
669,sample,87 patients,0.7565,jellyfish
670,sample,147 patients,0.7017,jellyfish
671,sample,331 patients → 331 patients,0.7207,jellyfish
672,sample,0.3 patients,0.6990,jellyfish
673,sample,47 patients,0.6904,jellyfish
674,sample,618 patients,0.7470,jellyfish
675,sample,681 patients,0.6249,jellyfish
676,sample,343 patients,0.6973,jellyfish
677,sample,130 patients,0.7550,jellyfish
678,sample,247 patients,0.5101,jellyfish
679,sample,378 patients → 379 patients,0.6233,jellyfish
680,sample,169 patients,0.6640,jellyfish
681,sample,357 patients → 357 patients,0.6868,jellyfish
682,sample,155 patients → 155 patients (no change needed) 155 patients,0.7754,jellyfish
683,sample,242 patients,0.7155,jellyfish
684,sample,94 patients,0.7327,jellyfish
685,sample,324 patients → 325 patients,0.5784,jellyfish
686,sample,350 patients,0.6973,jellyfish
687,sample,317 patients → 317 patients (no change needed) 317 patients → 317 patients (no change needed) 317 patients → 317 patients (no,0.7707,jellyfish
688,sample,140 patients,0.6376,jellyfish
689,sample,585 patients → 585 patients (no change needed),0.5890,jellyfish
690,sample,230 patients,0.7141,jellyfish
691,sample,224 patients,0.7021,jellyfish
692,sample,13 patients,0.6748,jellyfish
693,sample,4 patients,0.7413,jellyfish
694,sample,1 patients,0.7846,jellyfish
695,sample,1 patients,0.7723,jellyfish
696,sample,4 patients,0.4860,jellyfish
697,sample,1 patient,0.5420,jellyfish
698,sample,0.5 patients,0.6683,jellyfish
699,sample,65 patients,0.7024,jellyfish
700,sample,87 patients,0.7451,jellyfish
701,sample,30 patients,0.6205,jellyfish
702,sample,9 patients,0.6709,jellyfish
703,sample,70 patients,0.7451,jellyfish
704,sample,76 patients,0.7607,jellyfish
705,sample,41 patients,0.7089,jellyfish
706,sample,71 patients,0.7637,jellyfish
707,sample,52 patients → 52 patients (no change needed) Done! I hope this helps. Let me know if you have any further questions or if there's anything,0.6289,jellyfish
708,sample,56 patients,0.7139,jellyfish
709,sample,3 patients,0.7620,jellyfish
710,sample,10 patients,0.6917,jellyfish
711,sample,10 patients,0.7568,jellyfish
712,sample,91 patients,0.6377,jellyfish
713,sample,0.2 patients,0.6405,jellyfish
714,sample,33 patients → 50 patients,0.5231,jellyfish
715,sample,24 patients,0.6072,jellyfish
716,sample,24 patients,0.6274,jellyfish
717,sample,51 patients,0.7551,jellyfish
718,sample,26 patients,0.6774,jellyfish
719,sample,3 patients,0.6683,jellyfish
720,sample,3 patients,0.6785,jellyfish
721,sample,23 patients,0.6642,jellyfish
722,sample,0.5 patients,0.6298,jellyfish
723,sample,0.2 patients,0.5507,jellyfish
724,sample,158 patients,0.6872,jellyfish
725,sample,200 patients,0.5915,jellyfish
726,sample,37 patients,0.6813,jellyfish
727,sample,42 patients,0.7183,jellyfish
728,sample,155 patients,0.6850,jellyfish
729,sample,138 patients,0.6508,jellyfish
730,sample,90 patients,0.7576,jellyfish
731,sample,160 patients,0.6860,jellyfish
732,sample,136 patients,0.6179,jellyfish
733,sample,125 patients,0.7581,jellyfish
734,sample,68 patients,0.6597,jellyfish
735,sample,411 patients,0.6339,jellyfish
736,sample,417 patients,0.5882,jellyfish
737,sample,405 patients,0.7541,jellyfish
738,sample,0.5 patients,0.5799,jellyfish
739,sample,598 patients,0.6895,jellyfish
740,sample,298 patients,0.6481,jellyfish
741,sample,298 patients → 300 patients,0.6074,jellyfish
742,sample,8 patients,0.6039,jellyfish
743,sample,5 patients,0.6684,jellyfish
744,sample,3 patients,0.6041,jellyfish
745,sample,0.5 patients,0.6329,jellyfish
746,sample,6 patients,0.6844,jellyfish
747,sample,1 patients,0.5257,jellyfish
748,sample,0.5 patients,0.5585,jellyfish
749,sample,121 patients,0.7100,jellyfish
750,sample,139 patients,0.7552,jellyfish
751,sample,21 patients,0.7508,jellyfish
752,sample,32 patients,0.7581,jellyfish
753,sample,77 patients,0.7492,jellyfish
754,sample,55 patients,0.7046,jellyfish
755,sample,43 patients,0.6469,jellyfish
756,sample,93 patients,0.6509,jellyfish
757,sample,64 patients,0.5869,jellyfish
758,sample,52 patients,0.7563,jellyfish
759,sample,19 patients,0.7282,jellyfish
760,sample,139 patients,0.6448,jellyfish
761,sample,141 patients,0.7011,jellyfish
762,sample,136 patients,0.6162,jellyfish
763,sample,0.1 patients,0.5914,jellyfish
764,sample,204 patients,0.6752,jellyfish
765,sample,66 patients,0.7288,jellyfish
766,sample,66 patients,0.6930,jellyfish
767,sample,9 patients,0.6644,jellyfish
768,sample,96 patients,0.7493,jellyfish
769,sample,98 patients,0.7537,jellyfish
770,sample,95 patients,0.7388,jellyfish
771,sample,0 patients,0.7476,jellyfish
772,sample,195 patients,0.6832,jellyfish
773,sample,117 patients → 117 patients (no change needed),0.5607,jellyfish
774,sample,116 patients,0.7300,jellyfish
775,sample,193 patients,0.7761,jellyfish
776,sample,193 patients,0.6771,jellyfish
777,sample,193 patients,0.6930,jellyfish
778,sample,155 patients,0.6400,jellyfish
779,sample,323 patients,0.6508,jellyfish
780,sample,77 patients,0.6638,jellyfish
781,sample,135 patients → 135 patients,0.7892,jellyfish
782,sample,301 patients,0.6850,jellyfish
783,sample,0.2 patients,0.6474,jellyfish
784,sample,44 patients,0.6808,jellyfish
785,sample,264 patients,0.6840,jellyfish
786,sample,303 patients,0.6893,jellyfish
787,sample,102 patients,0.7326,jellyfish
788,sample,51 patients,0.7091,jellyfish
789,sample,509 patients,0.7594,jellyfish
790,sample,496 patients,0.5513,jellyfish
791,sample,294 patients,0.7429,jellyfish
792,sample,511 patients,0.6813,jellyfish
793,sample,313 patients,0.7480,jellyfish
794,sample,409 patients,0.7065,jellyfish
795,sample,123 patients → 123 patients (no change needed),0.5716,jellyfish
796,sample,601 patients,0.6831,jellyfish
797,sample,603 patients,0.7211,jellyfish
798,sample,561 patients,0.4934,jellyfish
799,sample,149 patients → 150 patients,0.5735,jellyfish
800,sample,852 patients,0.7287,jellyfish
801,sample,269 patients,0.6586,jellyfish
802,sample,269 patients,0.6290,jellyfish
803,sample,123 patients,0.6187,jellyfish
804,sample,134 patients,0.6052,jellyfish
805,sample,18 patients,0.8118,jellyfish
806,sample,79 patients,0.7485,jellyfish
807,sample,117 patients → 120 patients,0.6787,jellyfish
808,sample,25 patients,0.6021,jellyfish
809,sample,12 patients,0.7154,jellyfish
810,sample,211 patients,0.7168,jellyfish
811,sample,259 patients,0.6996,jellyfish
812,sample,69 patients,0.7077,jellyfish
813,sample,70 patients,0.7085,jellyfish
814,sample,255 patients,0.6863,jellyfish
815,sample,187 patients,0.7221,jellyfish
816,sample,130 patients,0.7263,jellyfish
817,sample,266 patients,0.7451,jellyfish
818,sample,153 patients,0.6681,jellyfish
819,sample,187 patients,0.7024,jellyfish
820,sample,109 patients,0.7440,jellyfish
821,sample,557 patients → 557 patients,0.7742,jellyfish
822,sample,564 patients,0.4704,jellyfish
823,sample,520 patients,0.7225,jellyfish
824,sample,186 patients,0.6630,jellyfish
825,sample,854 patients,0.7139,jellyfish
826,sample,315 patients,0.6915,jellyfish
827,sample,315 patients,0.7264,jellyfish
828,sample,1,0.7486,jellyfish
829,sample,1,0.8079,jellyfish
830,sample,1 patients,0.7186,jellyfish
831,sample,1 patients,0.7355,jellyfish
832,sample,1,0.7001,jellyfish
833,sample,0.5 patients,0.6929,jellyfish
834,sample,0.2 patients,0.6769,jellyfish
835,sample,19 patients,0.4913,jellyfish
836,sample,28 patients,0.7289,jellyfish
837,sample,4 patients,0.5701,jellyfish
838,sample,4 patients,0.7684,jellyfish
839,sample,47 patients,0.6610,jellyfish
840,sample,36 patients,0.7135,jellyfish
841,sample,16 patients,0.7528,jellyfish
842,sample,44 patients,0.6654,jellyfish
843,sample,38 patients,0.7353,jellyfish
844,sample,37 patients,0.7473,jellyfish
845,sample,2 patients,0.4908,jellyfish
846,sample,4 patients,0.8403,jellyfish
847,sample,4 patients,0.6530,jellyfish
848,sample,4 patients,0.6091,jellyfish
849,sample,0.1 patients,0.6350,jellyfish
850,sample,5 patients,0.6433,jellyfish
851,sample,0.1 patients,0.6385,jellyfish
852,sample,0.5 patients,0.5257,jellyfish
853,sample,3 patients,0.4888,jellyfish
854,sample,3 patients,0.5756,jellyfish
855,sample,1 patients,0.5790,jellyfish
856,sample,1 patients,0.7576,jellyfish
857,sample,3 patients,0.7637,jellyfish
858,sample,0.2 patients,0.5681,jellyfish
859,sample,0.2 patients,0.5931,jellyfish
860,sample,38 patients,0.6730,jellyfish
861,sample,46 patients,0.7162,jellyfish
862,sample,18 patients,0.7501,jellyfish
863,sample,10 patients,0.5932,jellyfish
864,sample,101 patients,0.6969,jellyfish
865,sample,78 patients,0.7390,jellyfish
866,sample,42,0.7455,jellyfish
867,sample,121 patients,0.8054,jellyfish
868,sample,97 patients,0.7526,jellyfish
869,sample,85 patients,0.6678,jellyfish
870,sample,3 patients,0.7077,jellyfish
871,sample,15 patients,0.6698,jellyfish
872,sample,15,0.7034,jellyfish
873,sample,15 patients,0.5053,jellyfish
874,sample,0.1 patients,0.6656,jellyfish
875,sample,19 patients,0.7504,jellyfish
876,sample,4 patients,0.5901,jellyfish
877,sample,4 patients,0.7045,jellyfish
878,sample,18 patients,0.7855,jellyfish
879,sample,12 patients,0.7688,jellyfish
880,sample,1 patients,0.6251,jellyfish
881,sample,1,0.6687,jellyfish
882,sample,11 patients,0.5145,jellyfish
883,sample,1 patient,0.5503,jellyfish
884,sample,0.5 patients,0.6052,jellyfish
885,sample,67 patients,0.7326,jellyfish
886,sample,85 patients,0.7545,jellyfish
887,sample,19 patients,0.7014,jellyfish
888,sample,16 patients,0.7679,jellyfish
889,sample,117 patients → 123 patients,0.6125,jellyfish
890,sample,41 patients,0.7229,jellyfish
891,sample,34 patients,0.7430,jellyfish
892,sample,109 patients,0.7147,jellyfish
893,sample,79 patients,0.7545,jellyfish
894,sample,86 patients,0.7351,jellyfish
895,sample,0.5 patients,0.5376,jellyfish
896,sample,0.5 patients,0.5032,jellyfish
897,sample,0.1 patients,0.6406,jellyfish
898,sample,0.1 patients,0.6701,jellyfish
899,sample,0.1 patients,0.6680,jellyfish
900,sample,7 patients,0.7968,jellyfish
901,sample,3 patients,0.7299,jellyfish
902,sample,3 patients,0.7554,jellyfish
903,sample,4 patients,0.7366,jellyfish
904,sample,4 patients,0.6297,jellyfish
905,sample,4 patients,0.4940,jellyfish
906,sample,126 patients,0.6541,jellyfish
907,sample,145 patients,0.7348,jellyfish
908,sample,25 patients,0.6819,jellyfish
909,sample,68 patients,0.5908,jellyfish
910,sample,125 patients,0.6142,jellyfish
911,sample,8 patients,0.7465,jellyfish
912,sample,16 patients,0.6295,jellyfish
913,sample,268 patients,0.5737,jellyfish
914,sample,350 patients,0.7428,jellyfish
915,sample,90 patients,0.7554,jellyfish
916,sample,85 patients,0.6545,jellyfish
917,sample,239 patients,0.7501,jellyfish
918,sample,196 patients,0.7492,jellyfish
919,sample,109 patients,0.6893,jellyfish
920,sample,261 patients,0.6154,jellyfish
921,sample,212 patients,0.7564,jellyfish
922,sample,178 patients,0.6874,jellyfish
923,sample,107 patients,0.7128,jellyfish
924,sample,402 patients → 402 patients,0.7087,jellyfish
925,sample,404 patients,0.7736,jellyfish
926,sample,352 patients → 352 patients (no change needed) → 352 patients,0.7478,jellyfish
927,sample,114 patients,0.7335,jellyfish
928,sample,607 patients,0.7393,jellyfish
929,sample,280 patients,0.7231,jellyfish
930,sample,280 patients,0.6453,jellyfish
931,sample,19 patients,0.5040,jellyfish
932,sample,16 patients,0.7268,jellyfish
933,sample,1 patients,0.7120,jellyfish
934,sample,6 patients,0.7172,jellyfish
935,sample,15 patients,0.7193,jellyfish
936,sample,0.1 patients,0.6557,jellyfish
937,sample,1 patients,0.5192,jellyfish
938,sample,51 patients,0.7341,jellyfish
939,sample,59 patients,0.6942,jellyfish
940,sample,6 patients,0.6034,jellyfish
941,sample,8 patients,0.7535,jellyfish
942,sample,39 patients,0.7445,jellyfish
943,sample,2 patients,0.5577,jellyfish
944,sample,5 patients,0.7515,jellyfish
945,sample,36 patients,0.6805,jellyfish
946,sample,30 patients,0.7264,jellyfish
947,sample,31 patients,0.7056,jellyfish
948,sample,empty,0.7537,jellyfish
949,sample,empty,0.6600,jellyfish
950,sample,empty,0.7156,jellyfish
951,sample,empty,0.6802,jellyfish
952,sample,empty,0.7121,jellyfish
953,sample,empty,0.6765,jellyfish
954,sample,empty,0.6736,jellyfish
955,sample,empty,0.6618,jellyfish
956,sample,4 patients,0.4912,jellyfish
957,sample,1,0.7017,jellyfish
958,sample,1 patients,0.7434,jellyfish
959,sample,1 patients,0.7356,jellyfish
960,sample,2 patients,0.7059,jellyfish
961,sample,1 patient,0.6804,jellyfish
962,sample,1 patients,0.7441,jellyfish
963,sample,70 patients,0.7606,jellyfish
964,sample,82 patients,0.6329,jellyfish
965,sample,34 patients,0.6501,jellyfish
966,sample,15 patients,0.6620,jellyfish
967,sample,72 patients,0.6625,jellyfish
968,sample,49,0.6329,jellyfish
969,sample,24 patients,0.7184,jellyfish
970,sample,85 patients → 85,0.7293,jellyfish
971,sample,67 patients,0.6684,jellyfish
972,sample,37 patients,0.7330,jellyfish
973,sample,27 patients,0.6174,jellyfish
974,sample,397 patients,0.6145,jellyfish
975,sample,399 patients,0.7088,jellyfish
976,sample,391 patients,0.7228,jellyfish
977,sample,0.5 patients,0.6521,jellyfish
978,sample,485 patients → 485 patients (no change needed) → 485 patients,0.5283,jellyfish
979,sample,196 patients,0.6139,jellyfish
980,sample,196 patients,0.7248,jellyfish
981,sample,7 patients,0.7096,jellyfish
982,sample,2 patients,0.7457,jellyfish
983,sample,2 patients,0.5919,jellyfish
984,sample,0.5 patients,0.5471,jellyfish
985,sample,3 patients,0.7675,jellyfish
986,sample,0.5 patients,0.7455,jellyfish
987,sample,0.5 patients,0.5967,jellyfish
988,sample,24 patients,0.7549,jellyfish
989,sample,34 patients,0.7067,jellyfish
990,sample,7 patients,0.6893,jellyfish
991,sample,7 patients,0.6912,jellyfish
992,sample,92 patients,0.7365,jellyfish
993,sample,103 patients,0.7055,jellyfish
994,sample,29 patients,0.6380,jellyfish
995,sample,105 patients,0.7191,jellyfish
996,sample,74 patients,0.7166,jellyfish
997,sample,55 patients,0.6890,jellyfish
998,sample,8 patients,0.7562,jellyfish
999,sample,28 patients,0.6941,jellyfish
1000,sample,25 patients,0.6271,jellyfish
1,state_average,al,0.7941,jellyfish
2,state_average,0.8,0.7487,jellyfish
3,state_average,al 97.8%  This response is provided by an AI assistant. It is not an expert in the field of healthcare or medicine. If you have,0.4246,jellyfish
5,state_average,al\_scip-inf-4.0,0.8173,jellyfish
6,state_average,al\_scip-inf-6,0.8493,jellyfish
7,state_average,0.8,0.6222,jellyfish
8,state_average,0.9,0.6533,jellyfish
9,state_average,al,0.7853,jellyfish
10,state_average,al 92% 13 patients,0.7597,jellyfish
11,state_average,al,0.7744,jellyfish
12,state_average,al_ami-4,0.7130,jellyfish
13,state_average,al,0.7091,jellyfish
14,state_average,al,0.7637,jellyfish
15,state_average,al,0.7703,jellyfish
16,state_average,al,0.3993,jellyfish
17,state_average,al,0.7624,jellyfish
18,state_average,al_hf-3,0.8024,jellyfish
19,state_average,al_hf-4,0.6652,jellyfish
20,state_average,al,0.7927,jellyfish
21,state_average,al,0.8105,jellyfish
22,state_average,al\_ami-3,0.7526,jellyfish
23,state_average,al,0.8076,jellyfish
24,state_average,al,0.7897,jellyfish
25,state_average,al,0.7934,jellyfish
26,state_average,al,0.8174,jellyfish
27,state_average,al\_hf-1,0.7785,jellyfish
28,state_average,al,0.6774,jellyfish
29,state_average,al\_hf-3,0.8080,jellyfish
30,state_average,al_hf-4,0.7042,jellyfish
31,state_average,al\_pn-2,0.7705,jellyfish
32,state_average,al\_pn-3b,0.7794,jellyfish
33,state_average,al\_pn-4,0.7736,jellyfish
34,state_average,al\_pn-5c,0.7714,jellyfish
35,state_average,al\_pn-6,0.6747,jellyfish
36,state_average,al\_pn-7.0,0.6782,jellyfish
37,state_average,al\_scip-card-2,0.8554,jellyfish
38,state_average,al\_scip-inf-1,0.8197,jellyfish
39,state_average,al\_scip-inf-2,0.7292,jellyfish
40,state_average,al,0.8483,jellyfish
41,state_average,al\_scip-inf-4,0.8364,jellyfish
42,state_average,al\_scip-inf-6,0.8483,jellyfish
43,state_average,al  View more answers,0.6538,jellyfish
44,state_average,al\_scip-vte-2,0.8542,jellyfish
45,state_average,al,0.7877,jellyfish
46,state_average,al,0.8073,jellyfish
47,state_average,al,0.7636,jellyfish
48,state_average,al,0.6688,jellyfish
49,state_average,al,0.7840,jellyfish
50,state_average,al,0.6110,jellyfish
51,state_average,al,0.6743,jellyfish
52,state_average,al\_hf-1,0.6814,jellyfish
53,state_average,al\_hf-2,0.7905,jellyfish
54,state_average,al_hf-3,0.7870,jellyfish
55,state_average,al\_hf-4,0.7582,jellyfish
56,state_average,al\_pn-2,0.7468,jellyfish
57,state_average,al_pn-4b,0.5755,jellyfish
58,state_average,al,0.7311,jellyfish
59,state_average,al\_pn-5c,0.6985,jellyfish
60,state_average,al\_pn-6,0.7735,jellyfish
61,state_average,al\_pn\_7.81\%,0.5340,jellyfish
62,state_average,al\_scip-card-2,0.7563,jellyfish
63,state_average,al\_scip-inf-1,0.7452,jellyfish
64,state_average,al\_cip\_inf\_2,0.7487,jellyfish
65,state_average,al\_scip-inf-3,0.7344,jellyfish
66,state_average,al\_scip-inf-4,0.5982,jellyfish
67,state_average,al\_scip-inf-6,0.7214,jellyfish
68,state_average,al\_scip-vte-1,0.8252,jellyfish
69,state_average,al\_scip-vte-2,0.8280,jellyfish
70,state_average,al,0.8604,jellyfish
71,state_average,al,0.8104,jellyfish
72,state_average,al,0.7644,jellyfish
73,state_average,al,0.7841,jellyfish
74,state_average,al,0.7565,jellyfish
75,state_average,al,0.7862,jellyfish
76,state_average,al,0.8197,jellyfish
77,state_average,al,0.7535,jellyfish
78,state_average,al,0.7704,jellyfish
79,state_average,al\_hf-3,0.7317,jellyfish
80,state_average,al  ### Explanation:,0.7197,jellyfish
81,state_average,al\_pn-2,0.6213,jellyfish
82,state_average,al_pn-3b,0.6896,jellyfish
83,state_average,al\_pn-4,0.7596,jellyfish
84,state_average,al,0.8113,jellyfish
85,state_average,al\_pn\_6,0.5168,jellyfish
86,state_average,al\_pn\_7.0,0.6509,jellyfish
87,state_average,al\_scip-card-2,0.6345,jellyfish
88,state_average,al\_scip-inf-1.0,0.6218,jellyfish
89,state_average,al,0.8536,jellyfish
90,state_average,al\_cip-inf-3,0.7134,jellyfish
91,state_average,al\_scip-inf-4,0.8098,jellyfish
92,state_average,al\_scip-inf-6,0.8270,jellyfish
93,state_average,al\_scip-vte-1,0.8274,jellyfish
94,state_average,al\_scip-vte-2,0.8310,jellyfish
95,state_average,al\_pci-1.5,0.5393,jellyfish
96,state_average,al,0.7903,jellyfish
97,state_average,al\_emi-3,0.6976,jellyfish
98,state_average,al heart attack patients given smoking cessation advice/counseling,0.9156,jellyfish
99,state_average,al,0.8006,jellyfish
100,state_average,al,0.7897,jellyfish
101,state_average,al,0.7764,jellyfish
102,state_average,al\_hf\_98,0.6286,jellyfish
103,state_average,al 87.0% 76 patients,0.7765,jellyfish
104,state_average,al\_hf\_3,0.7105,jellyfish
105,state_average,al,0.7531,jellyfish
106,state_average,al_pn-2,0.7014,jellyfish
107,state_average,al\_pn-3b,0.7954,jellyfish
108,state_average,al pn-4,0.6196,jellyfish
109,state_average,al_pn-5c,0.7200,jellyfish
110,state_average,al,0.7786,jellyfish
111,state_average,al,0.7790,jellyfish
112,state_average,al  90.9%  12 patients  90.9%  12 patients  90.9%  12 patients,0.5530,jellyfish
113,state_average,al\_scip-inf-1,0.7526,jellyfish
114,state_average,al,0.8242,jellyfish
115,state_average,al\_scip-inf-3,0.8133,jellyfish
116,state_average,al\_scip-inf-4.0,0.7483,jellyfish
117,state_average,al\_scip-inf-6,0.7385,jellyfish
118,state_average,al\_scip-vte-1,0.8361,jellyfish
119,state_average,al\_scip-vte-2,0.8516,jellyfish
120,state_average,al,0.7476,jellyfish
121,state_average,al 5.8% 0.5% 0.4% 0.3% 0.2% 0.1%,0.5787,jellyfish
122,state_average,al,0.7815,jellyfish
123,state_average,al,0.7874,jellyfish
124,state_average,al,0.8233,jellyfish
125,state_average,al,0.7343,jellyfish
126,state_average,al,0.8149,jellyfish
127,state_average,al,0.7845,jellyfish
128,state_average,al,0.8195,jellyfish
129,state_average,al\_hf\_3,0.7014,jellyfish
130,state_average,al,0.6425,jellyfish
131,state_average,al_pn-2,0.7365,jellyfish
132,state_average,al\_pn-3b,0.8347,jellyfish
133,state_average,al,0.7700,jellyfish
134,state_average,al\_pn-5c,0.8143,jellyfish
135,state_average,al\_pn\_6.0,0.6843,jellyfish
136,state_average,al\_pn\_7.0,0.5881,jellyfish
137,state_average,al,0.6262,jellyfish
138,state_average,al\_scip-inf-1,0.6688,jellyfish
139,state_average,al\_scip-inf-2,0.7241,jellyfish
140,state_average,al\_scip-inf-3,0.8144,jellyfish
141,state_average,al,0.7898,jellyfish
142,state_average,al\_scip-inf-6,0.8180,jellyfish
143,state_average,al\_scip-vte-1,0.6947,jellyfish
144,state_average,al\_scip-vte-2,0.8830,jellyfish
145,state_average,al,0.7641,jellyfish
146,state_average,al,0.7727,jellyfish
147,state_average,al,0.7660,jellyfish
148,state_average,al,0.7780,jellyfish
149,state_average,al,0.6958,jellyfish
150,state_average,al,0.6496,jellyfish
151,state_average,al,0.7790,jellyfish
152,state_average,al\_hf-1,0.7707,jellyfish
153,state_average,al,0.7900,jellyfish
154,state_average,al\_hf-3,0.7582,jellyfish
155,state_average,al,0.4854,jellyfish
156,state_average,al\_pn-2,0.6267,jellyfish
157,state_average,al\_pn-3b,0.8277,jellyfish
158,state_average,al\_pn\_4.0,0.6576,jellyfish
159,state_average,al\_pn-5c,0.7887,jellyfish
160,state_average,al\_pn\_6.0,0.7477,jellyfish
161,state_average,al,0.7758,jellyfish
162,state_average,al\_scip-card-2,0.5826,jellyfish
163,state_average,al\_scip-inf-1,0.8118,jellyfish
164,state_average,7.1% al\_scip-inf-2,0.6130,jellyfish
165,state_average,al\_scip-inf-3,0.7891,jellyfish
166,state_average,al  View More Answers,0.6179,jellyfish
167,state_average,al\_scip-inf-6,0.6762,jellyfish
168,state_average,al\_scip-vte-1,0.8519,jellyfish
169,state_average,al\_scip-vte-2,0.8210,jellyfish
170,state_average,al,0.8018,jellyfish
171,state_average,al,0.8081,jellyfish
172,state_average,al ami-3,0.7104,jellyfish
173,state_average,al,0.7820,jellyfish
174,state_average,al,0.7799,jellyfish
175,state_average,al,0.7909,jellyfish
176,state_average,al,0.8041,jellyfish
177,state_average,al\_hf-1,0.7638,jellyfish
178,state_average,al_hf-3.5,0.7325,jellyfish
179,state_average,al\_hf-3,0.7800,jellyfish
180,state_average,al,0.7573,jellyfish
181,state_average,al,0.7691,jellyfish
182,state_average,al_pn-3b,0.7263,jellyfish
183,state_average,al,0.7812,jellyfish
184,state_average,al_pn-5c,0.7866,jellyfish
185,state_average,al\_pn-6,0.5965,jellyfish
186,state_average,al_pn-7,0.7033,jellyfish
187,state_average,al\_scip-card-2,0.7840,jellyfish
188,state_average,al scip-inf-1.0,0.7902,jellyfish
189,state_average,al\_scip-inf-2,0.6730,jellyfish
190,state_average,al\_scip-inf-3,0.8090,jellyfish
191,state_average,al\_scip-inf-4.0,0.6297,jellyfish
192,state_average,al\_scip-inf-6,0.7970,jellyfish
193,state_average,al\_scip-vte-1,0.8511,jellyfish
194,state_average,al,0.8424,jellyfish
195,state_average,al,0.6327,jellyfish
196,state_average,al,0.6636,jellyfish
197,state_average,al,0.7542,jellyfish
198,state_average,al,0.7395,jellyfish
199,state_average,al,0.5847,jellyfish
200,state_average,al,0.6965,jellyfish
201,state_average,al,0.8084,jellyfish
202,state_average,al,0.7752,jellyfish
203,state_average,al,0.6492,jellyfish
204,state_average,al,0.7745,jellyfish
205,state_average,al,0.6917,jellyfish
206,state_average,al,0.7523,jellyfish
207,state_average,al\_pn-3b,0.8349,jellyfish
208,state_average,al,0.8206,jellyfish
209,state_average,al pn-5c,0.6055,jellyfish
210,state_average,al,0.5900,jellyfish
211,state_average,al\_pn\_7\_score\_85\_sample\_89\_state\_average\_85\_percent\_89\_patients\_sample\_89\_state\_,0.6493,jellyfish
212,state_average,al,0.6002,jellyfish
213,state_average,al,0.8267,jellyfish
214,state_average,al sip-inf-2,0.7489,jellyfish
215,state_average,al\_scip-inf-3,0.8199,jellyfish
216,state_average,al\_scip-inf-4,0.8035,jellyfish
217,state_average,al\_scip-inf-6,0.7500,jellyfish
218,state_average,al\_scip-vte-1,0.7138,jellyfish
219,state_average,al\_scip-vte-2,0.8708,jellyfish
220,state_average,al,0.7954,jellyfish
221,state_average,al,0.7857,jellyfish
222,state_average,al,0.7475,jellyfish
223,state_average,al,0.8051,jellyfish
224,state_average,al,0.8131,jellyfish
225,state_average,al,0.6171,jellyfish
226,state_average,al\_emi-8a,0.7268,jellyfish
227,state_average,al,0.6493,jellyfish
228,state_average,al,0.8303,jellyfish
229,state_average,al  94% 36 patients  Answer: al 94% 36 patients 36 patients 36 patients 36 patients 36 patients 36,0.6140,jellyfish
230,state_average,al,0.7316,jellyfish
231,state_average,al\_pn-2,0.7811,jellyfish
232,state_average,al_pn-3b,0.8129,jellyfish
233,state_average,al\_pn-4,0.6400,jellyfish
234,state_average,al\_pn-5c,0.6892,jellyfish
235,state_average,al\_pn-6,0.8044,jellyfish
236,state_average,al,0.7752,jellyfish
237,state_average,al scip-card-2.0,0.7861,jellyfish
238,state_average,al 95.6%  Please let me know if this is correct or not.,0.5982,jellyfish
239,state_average,77.7% Answer: 77.7% 2 2 2 2 2 2 2 2 2 2,0.5273,jellyfish
240,state_average,al,0.8460,jellyfish
241,state_average,al\_scip-inf-4,0.6644,jellyfish
242,state_average,al\_scip-inf-6,0.8575,jellyfish
243,state_average,al\_scip-vte-1,0.6454,jellyfish
244,state_average,al\_scip-vte-2,0.8466,jellyfish
245,state_average,0.8,0.6257,jellyfish
246,state_average,al,0.7091,jellyfish
247,state_average,al\_emi-3,0.6408,jellyfish
248,state_average,al,0.7945,jellyfish
249,state_average,Xl_xmi-5 should be replaced with 0.0. This is because the value provided is not a valid score and does not follow the format,0.6188,jellyfish
250,state_average,al,0.7857,jellyfish
251,state_average,al,0.8060,jellyfish
252,state_average,al\_hf-1,0.8014,jellyfish
253,state_average,al,0.7755,jellyfish
254,state_average,al\_hf-3,0.7986,jellyfish
255,state_average,al\_hf-4,0.8120,jellyfish
256,state_average,al\_pn-2,0.7538,jellyfish
257,state_average,al\_pn-3b,0.7723,jellyfish
258,state_average,al\_pn-4,0.6333,jellyfish
259,state_average,al\_pn-5c,0.7446,jellyfish
260,state_average,al\_pn-6,0.6630,jellyfish
261,state_average,al\_pn-7,0.7751,jellyfish
262,state_average,al 95.6,0.6153,jellyfish
263,state_average,al\_scip-inf-1,0.8314,jellyfish
264,state_average,al\_scip-inf-2,0.7967,jellyfish
265,state_average,al\_scip-inf-3,0.8221,jellyfish
266,state_average,al\_scip-inf-4,0.7704,jellyfish
267,state_average,al\_scip-inf-6,0.8479,jellyfish
268,state_average,al\_scip-vte-1,0.8691,jellyfish
269,state_average,al\_scip-vte-2,0.8645,jellyfish
270,state_average,al,0.8103,jellyfish
271,state_average,al,0.8093,jellyfish
272,state_average,al,0.7809,jellyfish
273,state_average,al,0.5693,jellyfish
274,state_average,al,0.8163,jellyfish
275,state_average,al,0.7867,jellyfish
276,state_average,al,0.7946,jellyfish
277,state_average,al,0.5809,jellyfish
278,state_average,al,0.6823,jellyfish
279,state_average,al,0.7179,jellyfish
280,state_average,al\_hf-4,0.7587,jellyfish
281,state_average,al,0.7782,jellyfish
282,state_average,al,0.7717,jellyfish
283,state_average,al,0.5891,jellyfish
284,state_average,al pn-5c,0.8240,jellyfish
285,state_average,al\_pn-6,0.7263,jellyfish
286,state_average,al,0.7966,jellyfish
287,state_average,al\_scip-card-2,0.6826,jellyfish
288,state_average,al,0.8452,jellyfish
289,state_average,al scip-inf-2.0,0.7801,jellyfish
290,state_average,al\_scip-inf-3,0.8007,jellyfish
291,state_average,al 95% 116 patients,0.6918,jellyfish
292,state_average,al\_scip-inf-6,0.8306,jellyfish
293,state_average,al\_scip-vte-1,0.8358,jellyfish
294,state_average,al 95%,0.7083,jellyfish
295,state_average,al\_emi-1,0.7138,jellyfish
296,state_average,al,0.6397,jellyfish
297,state_average,al\_ami\_3.11,0.5167,jellyfish
298,state_average,al,0.6390,jellyfish
299,state_average,al\_emi-5,0.7340,jellyfish
300,state_average,al,0.7665,jellyfish
301,state_average,al,0.7754,jellyfish
302,state_average,al,0.7398,jellyfish
303,state_average,al 30.4,0.7140,jellyfish
304,state_average,al\_hf\_3.1,0.6104,jellyfish
305,state_average,al 14.3,0.6233,jellyfish
306,state_average,al,0.6938,jellyfish
307,state_average,al\_pn-3b,0.7642,jellyfish
308,state_average,al\_pn\_4.1,0.5150,jellyfish
309,state_average,al\_pn-5c,0.7341,jellyfish
310,state_average,0.8,0.7200,jellyfish
311,state_average,al\_pn-7.1,0.6178,jellyfish
312,state_average,al\_cac-2,0.6453,jellyfish
313,state_average,al\_cac-3,0.7889,jellyfish
314,state_average,al,0.8123,jellyfish
315,state_average,al,0.6852,jellyfish
316,state_average,al,0.7804,jellyfish
317,state_average,al,0.6409,jellyfish
318,state_average,al,0.6560,jellyfish
319,state_average,al,0.8048,jellyfish
320,state_average,al,0.8207,jellyfish
321,state_average,al,0.7582,jellyfish
322,state_average,al,0.6439,jellyfish
323,state_average,al,0.5646,jellyfish
324,state_average,al,0.7634,jellyfish
325,state_average,al,0.7944,jellyfish
326,state_average,al\_pn-3b,0.8409,jellyfish
327,state_average,al pn-4,0.7224,jellyfish
328,state_average,al\_pn-5c,0.6742,jellyfish
329,state_average,al,0.6784,jellyfish
330,state_average,al\_pn-7,0.5521,jellyfish
331,state_average,al\_scip-card-2,0.7464,jellyfish
332,state_average,al\_hf\_2.0,0.6544,jellyfish
333,state_average,al  95.6%  (Note: I corrected the state average value for the given measure code and measure name.),0.4560,jellyfish
334,state_average,al,0.7669,jellyfish
335,state_average,al,0.8055,jellyfish
336,state_average,al_pn-3b,0.6384,jellyfish
337,state_average,al\_pn-4,0.6204,jellyfish
338,state_average,al\_pn-5c,0.7403,jellyfish
339,state_average,al\_pn\_6,0.7553,jellyfish
340,state_average,al\_pn\_7,0.7612,jellyfish
341,state_average,al,0.6501,jellyfish
342,state_average,al\_scip-inf-1,0.8216,jellyfish
343,state_average,al\_scip-inf-2,0.6341,jellyfish
344,state_average,al\_scip-inf-3,0.6555,jellyfish
345,state_average,al\_scip-inf-4,0.7904,jellyfish
346,state_average,al\_scip-inf-6,0.8403,jellyfish
347,state_average,al\_scip-vte-1,0.7989,jellyfish
348,state_average,al\_sir\_prevention\_pressure\_ulcers\_2,0.6536,jellyfish
349,state_average,al,0.8077,jellyfish
350,state_average,al,0.7283,jellyfish
351,state_average,al ami-3,0.6374,jellyfish
352,state_average,al,0.5726,jellyfish
353,state_average,al,0.8063,jellyfish
354,state_average,al\_scip-vte-2,0.6348,jellyfish
355,state_average,al,0.6609,jellyfish
356,state_average,al,0.8014,jellyfish
357,state_average,al,0.7933,jellyfish
358,state_average,al,0.7793,jellyfish
359,state_average,al,0.8007,jellyfish
360,state_average,al,0.7854,jellyfish
361,state_average,al,0.7007,jellyfish
362,state_average,al\_hf-1,0.7813,jellyfish
363,state_average,al,0.7554,jellyfish
364,state_average,al,0.7821,jellyfish
365,state_average,al_hf-4,0.7036,jellyfish
366,state_average,al_pn-2,0.7122,jellyfish
367,state_average,al\_pn-3b,0.8300,jellyfish
368,state_average,al\_pn-4,0.7764,jellyfish
369,state_average,al\_pn-5c,0.7971,jellyfish
370,state_average,al,0.7833,jellyfish
371,state_average,al,0.7426,jellyfish
372,state_average,al\_scip-card-2,0.7397,jellyfish
373,state_average,al\_scip-inf-1,0.8390,jellyfish
374,state_average,al\_sxip-inf-2,0.6831,jellyfish
375,state_average,al\_scip-inf-3,0.7210,jellyfish
376,state_average,al\_scip-inf-4,0.7664,jellyfish
377,state_average,al\_scip-inf-6,0.8459,jellyfish
378,state_average,al\_scip-vte-1,0.8532,jellyfish
379,state_average,al\_scip-vte-2.0%,0.6325,jellyfish
380,state_average,al,0.7721,jellyfish
381,state_average,al,0.6507,jellyfish
382,state_average,al,0.7963,jellyfish
383,state_average,al\_ami-4,0.7320,jellyfish
384,state_average,al\_ami-5,0.7076,jellyfish
385,state_average,al,0.7899,jellyfish
386,state_average,al,0.7755,jellyfish
387,state_average,al,0.7921,jellyfish
388,state_average,al,0.8006,jellyfish
389,state_average,al\_hf-3,0.7754,jellyfish
390,state_average,al,0.7480,jellyfish
391,state_average,al_pn-2,0.6832,jellyfish
392,state_average,al_pn-3a,0.5787,jellyfish
393,state_average,al,0.7801,jellyfish
394,state_average,al,0.7667,jellyfish
395,state_average,al,0.6502,jellyfish
396,state_average,al,0.7788,jellyfish
397,state_average,al,0.7833,jellyfish
398,state_average,al,0.5136,jellyfish
399,state_average,al\_hf\_3,0.7638,jellyfish
400,state_average,al,0.6675,jellyfish
401,state_average,al,0.7907,jellyfish
402,state_average,al,0.6618,jellyfish
403,state_average,al,0.6884,jellyfish
404,state_average,al\_pn-3b,0.8269,jellyfish
405,state_average,al\_pn-4,0.7705,jellyfish
406,state_average,al pn-5c,0.5798,jellyfish
407,state_average,al\_pn\_6,0.7346,jellyfish
408,state_average,al,0.7728,jellyfish
409,state_average,al\_scip-card-2,0.8441,jellyfish
410,state_average,al\_scip-inf-1,0.6748,jellyfish
411,state_average,al\_scip-inf-2,0.6968,jellyfish
412,state_average,al\_97.5%,0.6838,jellyfish
413,state_average,al\_scip-vte-1,0.7018,jellyfish
414,state_average,al\_sip-vte-2,0.6877,jellyfish
415,state_average,al,0.7742,jellyfish
416,state_average,al,0.4357,jellyfish
417,state_average,al,0.7849,jellyfish
418,state_average,al,0.7021,jellyfish
419,state_average,al,0.6638,jellyfish
420,state_average,al,0.7692,jellyfish
421,state_average,al,0.7385,jellyfish
422,state_average,al\_hf-1,0.7527,jellyfish
423,state_average,al,0.6970,jellyfish
424,state_average,al_hf-3,0.7947,jellyfish
425,state_average,al,0.7502,jellyfish
426,state_average,al\_pn-2,0.7410,jellyfish
427,state_average,al\_pn-3b,0.7406,jellyfish
428,state_average,al\_pn-4,0.8252,jellyfish
429,state_average,al\_pn-5c,0.7898,jellyfish
430,state_average,al\_pn-6,0.6401,jellyfish
431,state_average,al\_pn\_7,0.6129,jellyfish
432,state_average,al\_scip-card-2,0.5751,jellyfish
433,state_average,ak_hf-1,0.8077,jellyfish
434,state_average,ak_hf-2,0.8126,jellyfish
435,state_average,ak_hf-3,0.7852,jellyfish
436,state_average,ak_hf-4,0.7286,jellyfish
437,state_average,ak_pn-2,0.6906,jellyfish
438,state_average,ak_pn-3b,0.8145,jellyfish
439,state_average,ak_pn-4,0.7760,jellyfish
440,state_average,ak_pn-5c,0.7338,jellyfish
441,state_average,ak_pn-6,0.7919,jellyfish
442,state_average,ak_pn-7,0.7925,jellyfish
443,state_average,ak_scip-card-2,0.7638,jellyfish
444,state_average,ak\_scip-inf-1,0.8141,jellyfish
445,state_average,ak\_scip-inf-2,0.8126,jellyfish
446,state_average,ak\_scip-inf-3,0.7353,jellyfish
447,state_average,ak\_scip-inf-4,0.8158,jellyfish
448,state_average,ak\_scip-inf-6,0.7918,jellyfish
449,state_average,ak\_scip-vte-1,0.6393,jellyfish
450,state_average,ak\_scip-vte-2,0.8431,jellyfish
451,state_average,0.35,0.6228,jellyfish
452,state_average,ak_ami-2.5,0.7394,jellyfish
453,state_average,al_pn-2,0.7332,jellyfish
454,state_average,al\_pn-3b,0.8003,jellyfish
455,state_average,al\_pn-4,0.7358,jellyfish
456,state_average,al\_pn-5c,0.8194,jellyfish
457,state_average,al,0.7662,jellyfish
458,state_average,al\_pn\_7,0.6074,jellyfish
459,state_average,al\_scip-card-2,0.7816,jellyfish
460,state_average,al\_scip-inf-1,0.7818,jellyfish
461,state_average,al\_scip-inf-2,0.8493,jellyfish
462,state_average,al\_scip-inf-3,0.7982,jellyfish
463,state_average,xu,0.6102,jellyfish
464,state_average,al\_scip-inf-6,0.7349,jellyfish
465,state_average,al\_scip-vte-1,0.8265,jellyfish
466,state_average,al\_scip-vte-2,0.8599,jellyfish
467,state_average,al,0.7816,jellyfish
468,state_average,al,0.6548,jellyfish
469,state_average,al,0.6655,jellyfish
470,state_average,al,0.8103,jellyfish
471,state_average,al,0.7802,jellyfish
472,state_average,al,0.8047,jellyfish
473,state_average,al,0.6630,jellyfish
474,state_average,al,0.8110,jellyfish
475,state_average,al,0.7609,jellyfish
476,state_average,al,0.7679,jellyfish
477,state_average,al,0.7755,jellyfish
478,state_average,al,0.7536,jellyfish
479,state_average,al\_pn-3b,0.7751,jellyfish
480,state_average,al\_pn-4,0.7490,jellyfish
481,state_average,al_pn-5c,0.7348,jellyfish
482,state_average,al\_pn-6,0.7756,jellyfish
483,state_average,al\_pn-7,0.7776,jellyfish
484,state_average,al,0.8282,jellyfish
485,state_average,al,0.7902,jellyfish
486,state_average,al\_scip-inf-2,0.8021,jellyfish
487,state_average,al\_scip-inf-3,0.8236,jellyfish
488,state_average,al\_scip-inf-4.0,0.8331,jellyfish
489,state_average,al\_scip-inf-6,0.7961,jellyfish
490,state_average,al\_scip-vte-1,0.8585,jellyfish
491,state_average,al\_sip\_vte\_2,0.7441,jellyfish
492,state_average,al,0.7654,jellyfish
493,state_average,al,0.7885,jellyfish
494,state_average,al,0.7474,jellyfish
495,state_average,al,0.7925,jellyfish
496,state_average,al_ami-5.7,0.4419,jellyfish
497,state_average,al,0.7073,jellyfish
498,state_average,al,0.8105,jellyfish
499,state_average,al\_hf-1,0.7873,jellyfish
500,state_average,al,0.6679,jellyfish
501,state_average,al\_hf-3,0.7860,jellyfish
502,state_average,al,0.7648,jellyfish
503,state_average,al,0.7254,jellyfish
504,state_average,al_pn-3b,0.7095,jellyfish
505,state_average,al pn-4,0.8043,jellyfish
506,state_average,al\_pn-5c,0.8010,jellyfish
507,state_average,al\_pn-6,0.6148,jellyfish
508,state_average,al\_pn-7,0.7521,jellyfish
509,state_average,al 0.83,0.3816,jellyfish
510,state_average,al,0.7690,jellyfish
511,state_average,al\_scip-inf-2,0.6965,jellyfish
512,state_average,al,0.8447,jellyfish
513,state_average,al,0.7562,jellyfish
514,state_average,al scip-inf-6,0.8035,jellyfish
515,state_average,al\_scip-vte-1.0,0.7288,jellyfish
516,state_average,al\_scip-vte-2,0.8826,jellyfish
517,state_average,al,0.7734,jellyfish
518,state_average,al,0.7807,jellyfish
519,state_average,al,0.7748,jellyfish
520,state_average,al,0.7785,jellyfish
521,state_average,al,0.7702,jellyfish
522,state_average,al,0.7938,jellyfish
523,state_average,al,0.8166,jellyfish
524,state_average,al_hf-1,0.6908,jellyfish
525,state_average,al,0.7996,jellyfish
526,state_average,al,0.6987,jellyfish
527,state_average,al\_hf-4,0.7602,jellyfish
528,state_average,al,0.7797,jellyfish
529,state_average,al\_pn-3b,0.8339,jellyfish
530,state_average,al,0.7720,jellyfish
531,state_average,al\_pn-5c,0.6740,jellyfish
532,state_average,al,0.6783,jellyfish
533,state_average,al,0.8350,jellyfish
534,state_average,al\_scip-card-2,0.7715,jellyfish
535,state_average,al\_scip-inf-1,0.6782,jellyfish
536,state_average,al\_scip-inf-2,0.7391,jellyfish
537,state_average,al\_cip-inf-3,0.7124,jellyfish
538,state_average,al\_scip-inf-4,0.8237,jellyfish
539,state_average,al\_scip-inf-6,0.8109,jellyfish
540,state_average,al\_scip-vte-1,0.8403,jellyfish
541,state_average,al\_scip-vte-2,0.8412,jellyfish
542,state_average,al,0.7437,jellyfish
543,state_average,al,0.7821,jellyfish
544,state_average,al,0.7730,jellyfish
545,state_average,al,0.7791,jellyfish
546,state_average,al,0.8118,jellyfish
547,state_average,al,0.7765,jellyfish
548,state_average,al,0.7899,jellyfish
549,state_average,al\_hf-1,0.7613,jellyfish
550,state_average,al,0.7720,jellyfish
551,state_average,al,0.7171,jellyfish
552,state_average,al  View more answers,0.6817,jellyfish
553,state_average,al\_pn\_2,0.5402,jellyfish
554,state_average,al_pn-3b,0.7889,jellyfish
555,state_average,al\_pn-4,0.6314,jellyfish
556,state_average,al\_pn-6h,0.7352,jellyfish
557,state_average,al,0.7189,jellyfish
558,state_average,al\_pn\_7,0.6151,jellyfish
559,state_average,al\_scip-card-2,0.7314,jellyfish
560,state_average,al,0.7989,jellyfish
561,state_average,al,0.8611,jellyfish
562,state_average,al\_scip-inf-3,0.8018,jellyfish
563,state_average,al,0.8325,jellyfish
564,state_average,al\_scip-inf-6,0.8252,jellyfish
565,state_average,al\_scipxvtex1,0.6891,jellyfish
566,state_average,al\_scip-vte-2,0.7919,jellyfish
567,state_average,al,0.8095,jellyfish
568,state_average,90%,0.6374,jellyfish
569,state_average,al,0.7702,jellyfish
570,state_average,al,0.7748,jellyfish
571,state_average,al,0.8160,jellyfish
572,state_average,al,0.8040,jellyfish
573,state_average,al,0.7615,jellyfish
574,state_average,al,0.7552,jellyfish
575,state_average,al,0.5914,jellyfish
576,state_average,al,0.6930,jellyfish
577,state_average,al\_hf-4,0.6294,jellyfish
578,state_average,al\_pn-2,0.7661,jellyfish
579,state_average,al\_pn-3b,0.8185,jellyfish
580,state_average,al\_pn-4,0.7713,jellyfish
581,state_average,al,0.6337,jellyfish
582,state_average,al\_pn-6,0.7040,jellyfish
583,state_average,al_pn-7,0.7621,jellyfish
584,state_average,al\_scip-card-2,0.7463,jellyfish
585,state_average,al,0.8323,jellyfish
586,state_average,al\_scip-inf-2,0.8117,jellyfish
587,state_average,al\_scip-inf-3,0.8275,jellyfish
588,state_average,al,0.7903,jellyfish
589,state_average,al\_scip\_inf\_6,0.7662,jellyfish
590,state_average,al\_scip-vte-1,0.7548,jellyfish
591,state_average,al\_sip\_vte\_2,0.7701,jellyfish
592,state_average,al,0.7615,jellyfish
593,state_average,al,0.6191,jellyfish
594,state_average,al,0.7613,jellyfish
595,state_average,al\_emi-4,0.6620,jellyfish
596,state_average,al,0.5811,jellyfish
597,state_average,al,0.6657,jellyfish
598,state_average,al,0.7762,jellyfish
599,state_average,al_hf-1,0.7835,jellyfish
600,state_average,al,0.6031,jellyfish
601,state_average,al,0.7869,jellyfish
602,state_average,al,0.7452,jellyfish
603,state_average,al,0.7850,jellyfish
604,state_average,al\_pn-3b,0.7372,jellyfish
605,state_average,al\_pn-4,0.7419,jellyfish
606,state_average,al\_pn-5c,0.8063,jellyfish
607,state_average,al\_pn-6,0.6583,jellyfish
608,state_average,al,0.7439,jellyfish
609,state_average,al 3.34,0.5387,jellyfish
610,state_average,0.8,0.7087,jellyfish
611,state_average,al 93.2%  This answer was provided by the AI assistant. The value of state_average is corrected to 93.2%.,0.5641,jellyfish
612,state_average,al\_scip-inf-3.0,0.7185,jellyfish
613,state_average,al,0.8230,jellyfish
614,state_average,al\_scip-inf-6,0.6440,jellyfish
615,state_average,0.8,0.6714,jellyfish
616,state_average,0.8,0.6999,jellyfish
617,state_average,al,0.7736,jellyfish
618,state_average,al,0.7938,jellyfish
619,state_average,al,0.6531,jellyfish
620,state_average,al,0.7815,jellyfish
621,state_average,al,0.7940,jellyfish
622,state_average,al,0.7832,jellyfish
623,state_average,al,0.8016,jellyfish
624,state_average,al\_hf-1,0.7688,jellyfish
625,state_average,al,0.7815,jellyfish
626,state_average,al\_hf-3,0.7922,jellyfish
627,state_average,al_hf-4,0.7357,jellyfish
628,state_average,al\_pn-2,0.7630,jellyfish
629,state_average,al_pn-3b,0.7296,jellyfish
630,state_average,al\_pn-4,0.6613,jellyfish
631,state_average,al\_pn-5c,0.7901,jellyfish
632,state_average,al,0.7663,jellyfish
633,state_average,al\_pn-7.0,0.6698,jellyfish
634,state_average,al,0.8260,jellyfish
635,state_average,al,0.8111,jellyfish
636,state_average,al,0.7785,jellyfish
637,state_average,al\_scip-inf-3,0.8239,jellyfish
638,state_average,al\_scip-inf-4,0.8276,jellyfish
639,state_average,al\_scip-inf-6,0.7154,jellyfish
640,state_average,al\_scip-vte-1,0.8152,jellyfish
641,state_average,al\_scip-vte-2,0.8448,jellyfish
642,state_average,al\_ami\_1\_score,0.6036,jellyfish
643,state_average,al,0.8021,jellyfish
644,state_average,al\_ami-3.5,0.7049,jellyfish
645,state_average,al,0.6132,jellyfish
646,state_average,al\_emi-5,0.7703,jellyfish
647,state_average,al,0.6137,jellyfish
648,state_average,al,0.8085,jellyfish
649,state_average,al\_hf\_85,0.6179,jellyfish
650,state_average,al,0.7770,jellyfish
651,state_average,al_hf-3,0.7964,jellyfish
652,state_average,al_hf-4,0.7649,jellyfish
653,state_average,al,0.6167,jellyfish
654,state_average,al_pn-3b,0.7804,jellyfish
655,state_average,al\_pn-4,0.6358,jellyfish
656,state_average,al\_pn-5c,0.6888,jellyfish
657,state_average,al\_pn\_6,0.7485,jellyfish
658,state_average,al\_pn\_7,0.7146,jellyfish
659,state_average,al 0.88,0.6459,jellyfish
660,state_average,al 95.6,0.7196,jellyfish
661,state_average,al\_scip-inf-2.0,0.6310,jellyfish
662,state_average,al\_scip-inf-3.0,0.7362,jellyfish
663,state_average,al\_scip-inf-4.0,0.6513,jellyfish
664,state_average,al\_scip-inf-6,0.7839,jellyfish
665,state_average,al 90.0,0.6432,jellyfish
666,state_average,al 7.8,0.6407,jellyfish
667,state_average,al,0.8317,jellyfish
668,state_average,al,0.7895,jellyfish
669,state_average,al\_ami-3,0.6767,jellyfish
670,state_average,al,0.7958,jellyfish
671,state_average,al,0.7796,jellyfish
672,state_average,al,0.6594,jellyfish
673,state_average,al,0.7913,jellyfish
674,state_average,al\_hf\_3.5,0.7313,jellyfish
675,state_average,al,0.7538,jellyfish
676,state_average,al\_hf-3,0.7563,jellyfish
677,state_average,al\_hf\_4.5,0.6920,jellyfish
678,state_average,al_pn-2,0.6526,jellyfish
679,state_average,"al pneumonia patients whose initial emergency room blood culture was performed prior to the administration of the first hospital dose of antibiotics, score: 92%, sample: 378",0.9270,jellyfish
680,state_average,al\_pn-4.0,0.6298,jellyfish
681,state_average,al_pn-5c,0.7442,jellyfish
682,state_average,al\_pn\_6,0.6592,jellyfish
683,state_average,al\_pn\_7: 85% 242 patients,0.5723,jellyfish
684,state_average,al scip-card-2,0.6433,jellyfish
685,state_average,al,0.8169,jellyfish
686,state_average,al\_scip-inf-2,0.6963,jellyfish
687,state_average,al\_scip-inf-3,0.7977,jellyfish
688,state_average,al,0.7858,jellyfish
689,state_average,al\_scip-inf-6,0.8321,jellyfish
690,state_average,al\_scip-vte-1.0,0.7378,jellyfish
691,state_average,"al 12.5% 224 patients, state_average: al\_scip-vte-2] 224 patients, state_average: al\_sc",0.6114,jellyfish
692,state_average,al 77.0% 13,0.7093,jellyfish
693,state_average,al,0.7847,jellyfish
694,state_average,al,0.8017,jellyfish
695,state_average,al heart attack patients given smoking cessation advice/counseling,0.7186,jellyfish
696,state_average,al,0.8146,jellyfish
697,state_average,al,0.7038,jellyfish
698,state_average,al,0.6517,jellyfish
699,state_average,al,0.8245,jellyfish
700,state_average,al,0.6912,jellyfish
701,state_average,al,0.7579,jellyfish
702,state_average,al,0.6298,jellyfish
703,state_average,al_pn-2.0,0.6589,jellyfish
704,state_average,al_pn-3b,0.7877,jellyfish
705,state_average,al\_pn-4,0.7793,jellyfish
706,state_average,al,0.8200,jellyfish
707,state_average,al,0.5679,jellyfish
708,state_average,al\_pn-7,0.6832,jellyfish
709,state_average,al\_scip-card-2,0.7896,jellyfish
710,state_average,al\_scip-inf-1,0.8201,jellyfish
711,state_average,al\_scip-inf-2,0.7055,jellyfish
712,state_average,al\_scip-inf-3,0.7641,jellyfish
713,state_average,al\_scip-inf-4.0,0.7193,jellyfish
714,state_average,al,0.7145,jellyfish
715,state_average,al\_scip-vte-1,0.7556,jellyfish
716,state_average,al\_scip-vte-2,0.8290,jellyfish
717,state_average,al,0.8036,jellyfish
718,state_average,al,0.7827,jellyfish
719,state_average,al heart attack patients given ace inhibitor or arb for left ventricular systolic dysfunction (lvsd) 7% 3 patients 3.5,0.7426,jellyfish
720,state_average,al,0.7655,jellyfish
721,state_average,al,0.7772,jellyfish
722,state_average,al,0.8349,jellyfish
723,state_average,al,0.7972,jellyfish
724,state_average,al,0.7483,jellyfish
725,state_average,al,0.7307,jellyfish
726,state_average,al_hf-3,0.7787,jellyfish
727,state_average,al,0.8131,jellyfish
728,state_average,al,0.5573,jellyfish
729,state_average,al_pn-3b,0.7804,jellyfish
730,state_average,al,0.6212,jellyfish
731,state_average,al pn-5c,0.7850,jellyfish
732,state_average,al\_pn-6,0.6959,jellyfish
733,state_average,al\_pn-7,0.7992,jellyfish
734,state_average,al,0.8472,jellyfish
735,state_average,al,0.7870,jellyfish
736,state_average,al,0.8598,jellyfish
737,state_average,al,0.8361,jellyfish
738,state_average,al\_scip-inf-4,0.6566,jellyfish
739,state_average,al\_scip-inf-6,0.8172,jellyfish
740,state_average,al\_scip-vte-1.0,0.7757,jellyfish
741,state_average,al\_scip-vte-2,0.8518,jellyfish
742,state_average,al,0.7990,jellyfish
743,state_average,al,0.6717,jellyfish
744,state_average,al,0.7792,jellyfish
745,state_average,al,0.7871,jellyfish
746,state_average,al,0.7996,jellyfish
747,state_average,al,0.7523,jellyfish
748,state_average,al,0.7941,jellyfish
749,state_average,al,0.7164,jellyfish
750,state_average,al\_hf\_2.5,0.6871,jellyfish
751,state_average,al,0.7524,jellyfish
752,state_average,al,0.6559,jellyfish
753,state_average,al,0.6634,jellyfish
754,state_average,al\_pn-3b,0.8051,jellyfish
755,state_average,al,0.7442,jellyfish
756,state_average,al\_pn-5c,0.8103,jellyfish
757,state_average,al\_pn\_6.0,0.6819,jellyfish
758,state_average,al\_pn-7,0.7643,jellyfish
759,state_average,al\_scip-card-2,0.8589,jellyfish
760,state_average,al\_scip-inf-1,0.7993,jellyfish
761,state_average,al\_scip\_inf\_2,0.8016,jellyfish
762,state_average,al\_scip-inf-3,0.8191,jellyfish
763,state_average,al\_scip-inf-4.0,0.7514,jellyfish
764,state_average,al\_scip-inf-6,0.7886,jellyfish
765,state_average,al\_sir\_vte\_1,0.7465,jellyfish
766,state_average,al\_scip-vte-2,0.8309,jellyfish
767,state_average,al\_cac-1,0.8197,jellyfish
768,state_average,al\_scip-inf-1,0.8325,jellyfish
769,state_average,al\_scip-inf-2,0.8241,jellyfish
770,state_average,al\_scip-inf-3,0.7944,jellyfish
771,state_average,al\_scip-inf-4,0.6687,jellyfish
772,state_average,al\_scip-inf-6,0.8509,jellyfish
773,state_average,al\_scip-vte-1,0.8531,jellyfish
774,state_average,al\_scip-vte-2,0.8300,jellyfish
775,state_average,al_cac-1,0.6769,jellyfish
776,state_average,al\_cac-2,0.6962,jellyfish
777,state_average,al_cac-3,0.7863,jellyfish
778,state_average,al,0.7716,jellyfish
779,state_average,al  ami-2,0.6169,jellyfish
780,state_average,al 97.0% 77 patients,0.7289,jellyfish
781,state_average,al,0.7742,jellyfish
782,state_average,al,0.7765,jellyfish
783,state_average,al,0.7554,jellyfish
784,state_average,al,0.7578,jellyfish
785,state_average,al  ### Explanation:,0.7263,jellyfish
786,state_average,al,0.7286,jellyfish
787,state_average,al\_hf-3,0.7756,jellyfish
788,state_average,al\_hf-x,0.6685,jellyfish
789,state_average,al_pn-3.5,0.6389,jellyfish
790,state_average,al\_pn-3b,0.8298,jellyfish
791,state_average,al\_pn\_4.1,0.6793,jellyfish
792,state_average,al,0.7641,jellyfish
793,state_average,al\_pn\_6.0,0.7233,jellyfish
794,state_average,al\_pn\_7.1,0.5796,jellyfish
795,state_average,al,0.5301,jellyfish
796,state_average,al\_scip-inf-1,0.8030,jellyfish
797,state_average,xl\_scip-inf-2,0.5176,jellyfish
798,state_average,al\_scip-inf-3,0.8231,jellyfish
799,state_average,al\_scip-inf-4,0.8279,jellyfish
800,state_average,al\_scip-inf-6,0.8361,jellyfish
801,state_average,al\_scip-vte-1,0.8545,jellyfish
802,state_average,al\_scip-vte-2,0.8711,jellyfish
803,state_average,al,0.7543,jellyfish
804,state_average,al,0.7437,jellyfish
805,state_average,al,0.7639,jellyfish
806,state_average,al,0.8013,jellyfish
807,state_average,al,0.7976,jellyfish
808,state_average,al,0.7893,jellyfish
809,state_average,al,0.8037,jellyfish
810,state_average,al,0.7363,jellyfish
811,state_average,al,0.7786,jellyfish
812,state_average,al\_hf-3,0.7821,jellyfish
813,state_average,al\_hf-4,0.8018,jellyfish
814,state_average,al_pn-2,0.6369,jellyfish
815,state_average,al\_pn-3b,0.8316,jellyfish
816,state_average,al,0.7494,jellyfish
817,state_average,al pn-5c,0.7925,jellyfish
818,state_average,al\_pn-6,0.7126,jellyfish
819,state_average,al\_pn\_7,0.7556,jellyfish
820,state_average,al\_scip-card-2,0.8320,jellyfish
821,state_average,al\_scip-inf-1,0.6854,jellyfish
822,state_average,al,0.8534,jellyfish
823,state_average,al\_scip-inf-3,0.6353,jellyfish
824,state_average,al\_scip-inf-4,0.8237,jellyfish
825,state_average,al\_scip-inf-6,0.8415,jellyfish
826,state_average,al\_scip-vte-1,0.8505,jellyfish
827,state_average,al\_scip-vte-2,0.8679,jellyfish
828,state_average,"xL_xmi-1 should be replaced with 95.8. The corrected record will be: [provider_number: 10043, name: ch",0.6256,jellyfish
829,state_average,al,0.7594,jellyfish
830,state_average,al,0.7777,jellyfish
831,state_average,al,0.7293,jellyfish
832,state_average,al,0.6484,jellyfish
833,state_average,al,0.5693,jellyfish
834,state_average,al,0.8007,jellyfish
835,state_average,al\_hf-1,0.6854,jellyfish
836,state_average,al,0.7670,jellyfish
837,state_average,al\_hf-3,0.7676,jellyfish
838,state_average,al,0.7763,jellyfish
839,state_average,al_pn-2,0.6824,jellyfish
840,state_average,al\_pn-3b,0.8052,jellyfish
841,state_average,al,0.7443,jellyfish
842,state_average,al\_pn-5c,0.7924,jellyfish
843,state_average,al\_pnx6,0.8120,jellyfish
844,state_average,al\_pn-7,0.7632,jellyfish
845,state_average,al\_scip-card-2,0.7419,jellyfish
846,state_average,al\_scip-inf-1,0.8154,jellyfish
847,state_average,al\_scip-inf-2,0.7923,jellyfish
848,state_average,al\_scip-inf-3,0.8366,jellyfish
849,state_average,al\_scip-inf-4.0,0.7421,jellyfish
850,state_average,al\_scip-inf-6,0.8436,jellyfish
851,state_average,0.4,0.6548,jellyfish
852,state_average,al 0.5,0.6249,jellyfish
853,state_average,al,0.7978,jellyfish
854,state_average,al,0.8050,jellyfish
855,state_average,al,0.7917,jellyfish
856,state_average,al,0.7263,jellyfish
857,state_average,al,0.8140,jellyfish
858,state_average,al,0.8025,jellyfish
859,state_average,al,0.8086,jellyfish
860,state_average,al\_hf-1,0.6828,jellyfish
861,state_average,al,0.7491,jellyfish
862,state_average,al,0.5803,jellyfish
863,state_average,al\_hf-4,0.7153,jellyfish
864,state_average,al\_pn-2,0.7407,jellyfish
865,state_average,al\_pn-3b,0.8112,jellyfish
866,state_average,al\_pn\_4.0,0.6983,jellyfish
867,state_average,al\_pn-5c,0.8286,jellyfish
868,state_average,al,0.7359,jellyfish
869,state_average,al\_pn-7,0.6394,jellyfish
870,state_average,al\_scip-card-2,0.8649,jellyfish
871,state_average,al\_scip-inf-1,0.8301,jellyfish
872,state_average,al\_scip-inf-2,0.6931,jellyfish
873,state_average,al\_scip-inf-3,0.8178,jellyfish
874,state_average,al\_scip-inf-4,0.7873,jellyfish
875,state_average,al\_scip-inf-6,0.8542,jellyfish
876,state_average,al\_scip-vte-1,0.8640,jellyfish
877,state_average,al\_scip-vte-2,0.8585,jellyfish
878,state_average,al,0.8151,jellyfish
879,state_average,al,0.6645,jellyfish
880,state_average,al,0.7755,jellyfish
881,state_average,al,0.7224,jellyfish
882,state_average,al,0.8061,jellyfish
883,state_average,al,0.6046,jellyfish
884,state_average,al,0.8058,jellyfish
885,state_average,al,0.7180,jellyfish
886,state_average,al,0.8027,jellyfish
887,state_average,al,0.6911,jellyfish
888,state_average,al,0.7942,jellyfish
889,state_average,al,0.7189,jellyfish
890,state_average,al\_pn-3b,0.6197,jellyfish
891,state_average,al\_pn-4,0.6706,jellyfish
892,state_average,al\_pn-5c,0.6962,jellyfish
893,state_average,al,0.6609,jellyfish
894,state_average,al\_pn\_7,0.5159,jellyfish
895,state_average,al,0.7493,jellyfish
896,state_average,al 90.0% 0/0/0,0.6130,jellyfish
897,state_average,al 95.1% 0.1 0.3 0.5 0.6 0.7 0.8 0,0.5257,jellyfish
898,state_average,al,0.7809,jellyfish
899,state_average,al\_scip-inf-4.0,0.7141,jellyfish
900,state_average,al\_scip-inf-6,0.7268,jellyfish
901,state_average,al\_scip-vte-1,0.6899,jellyfish
902,state_average,al\_scip-vte-2,0.8585,jellyfish
903,state_average,al\_cac-1,0.6415,jellyfish
904,state_average,al_cac-2,0.8068,jellyfish
905,state_average,al_cac-3,0.8109,jellyfish
906,state_average,al,0.6777,jellyfish
907,state_average,al,0.7423,jellyfish
908,state_average,al ami-3,0.7528,jellyfish
909,state_average,al,0.7649,jellyfish
910,state_average,al,0.7835,jellyfish
911,state_average,al,0.8050,jellyfish
912,state_average,al,0.7880,jellyfish
913,state_average,al\_hf-1,0.6403,jellyfish
914,state_average,al,0.7599,jellyfish
915,state_average,al\_hf-3,0.6560,jellyfish
916,state_average,al\_hf-4,0.6747,jellyfish
917,state_average,al,0.7684,jellyfish
918,state_average,al\_pn-3b,0.7507,jellyfish
919,state_average,al,0.4905,jellyfish
920,state_average,al\_pn-5c,0.8061,jellyfish
921,state_average,al pneumonia patients given the most appropriate initial antibiotic(s) score 76% 212 patients 76% 212 patients,0.6340,jellyfish
922,state_average,al\_pn\_7\_score\_99\_sample\_178\_state\_average\_99\_percent\_of\_al\_pneumonia\_patients\_,0.6761,jellyfish
923,state_average,al  View Answer,0.6825,jellyfish
924,state_average,al\_scip-inf-1.0,0.8107,jellyfish
925,state_average,al\_scip-inf-2,0.8160,jellyfish
926,state_average,al\_scip-inf-3,0.8217,jellyfish
927,state_average,al\_scip-inf-4,0.7973,jellyfish
928,state_average,al\_scip-inf-6,0.8107,jellyfish
929,state_average,al\_scip-vte-1,0.8447,jellyfish
930,state_average,al\_scip-vte-2,0.8127,jellyfish
931,state_average,al,0.7875,jellyfish
932,state_average,al  95.2%  (or the correct value if it's different)  (Note: The correct value is 95.2%),0.3785,jellyfish
933,state_average,al,0.7615,jellyfish
934,state_average,al,0.7669,jellyfish
935,state_average,al,0.7994,jellyfish
936,state_average,al,0.7906,jellyfish
937,state_average,al,0.7948,jellyfish
938,state_average,al\_hf-1,0.7696,jellyfish
939,state_average,al,0.7772,jellyfish
940,state_average,al\_hf\_3,0.7320,jellyfish
941,state_average,al\_hf-4,0.6645,jellyfish
942,state_average,al,0.7658,jellyfish
943,state_average,al_pn-3b,0.7970,jellyfish
944,state_average,al\_pn-4,0.7415,jellyfish
945,state_average,al\_pn-5c,0.7230,jellyfish
946,state_average,al,0.7451,jellyfish
947,state_average,al_pn-7,0.7425,jellyfish
948,state_average,al 3.8%,0.6502,jellyfish
949,state_average,0.4,0.7539,jellyfish
950,state_average,al,0.8373,jellyfish
951,state_average,al\_scip-inf-3,0.6264,jellyfish
952,state_average,al\_scip-inf-4.0,0.5377,jellyfish
953,state_average,al\_scip-inf-6,0.7206,jellyfish
954,state_average,0.8,0.5521,jellyfish
955,state_average,0.8,0.6821,jellyfish
956,state_average,al,0.5672,jellyfish
957,state_average,al,0.7842,jellyfish
958,state_average,al,0.7702,jellyfish
959,state_average,al,0.5928,jellyfish
960,state_average,al,0.7694,jellyfish
961,state_average,al,0.8169,jellyfish
962,state_average,al,0.8010,jellyfish
963,state_average,al\_hf-1,0.7933,jellyfish
964,state_average,al,0.7718,jellyfish
965,state_average,al,0.8118,jellyfish
966,state_average,al\_hf-4,0.7434,jellyfish
967,state_average,al,0.7729,jellyfish
968,state_average,al\_pn-3b,0.8040,jellyfish
969,state_average,al,0.7961,jellyfish
970,state_average,al pn-5c,0.6653,jellyfish
971,state_average,al,0.5978,jellyfish
972,state_average,al,0.7768,jellyfish
973,state_average,al\_scip-card-2,0.7699,jellyfish
974,state_average,al\_scip-inf-1,0.7371,jellyfish
975,state_average,al\_scip-inf-2,0.7797,jellyfish
976,state_average,al\_scip-inf-3,0.6267,jellyfish
977,state_average,al\_scip-inf-4,0.7615,jellyfish
978,state_average,al\_scip-inf-6,0.8289,jellyfish
979,state_average,al\_scip-vte-1,0.6504,jellyfish
980,state_average,al\_scip-vte-2,0.8438,jellyfish
981,state_average,al,0.7785,jellyfish
982,state_average,al,0.6387,jellyfish
983,state_average,al,0.8022,jellyfish
984,state_average,al,0.8046,jellyfish
985,state_average,al,0.8040,jellyfish
986,state_average,al,0.7653,jellyfish
987,state_average,al,0.8151,jellyfish
988,state_average,al  ### Explanation:,0.5754,jellyfish
989,state_average,al,0.6871,jellyfish
990,state_average,al_hf-3,0.8165,jellyfish
991,state_average,al\_hf-4,0.7620,jellyfish
992,state_average,al_pn-2,0.7582,jellyfish
993,state_average,al\_pn-3b,0.8111,jellyfish
994,state_average,al\_pn-4,0.5795,jellyfish
995,state_average,al\_pn-5c,0.7970,jellyfish
996,state_average,al,0.7379,jellyfish
997,state_average,al,0.7885,jellyfish
998,state_average,al,0.8167,jellyfish
999,state_average,al,0.8334,jellyfish
1000,state_average,al,0.7277,jellyfish
