row_id,column,value,confidence,source
1,act_arr_time,9:22 a.m.,0.6974,bclean
2,act_dep_time,7:59 p.m.,0.8379,bclean
2,act_arr_time,10:28 p.m.,0.8100,bclean
3,act_dep_time,7:58 p.m.,0.5000,bclean
6,sched_arr_time,6:55 a.m.,0.9525,bclean
6,act_dep_time,7:58 p.m.,0.5000,bclean
15,act_arr_time,3:19 p.m.,0.6710,bclean
30,act_dep_time,11:02 a.m.,0.5272,bclean
32,sched_arr_time,5:50 a.m.,1.0000,bclean
32,act_dep_time,7:58 p.m.,0.5000,bclean
33,sched_arr_time,12:15 a.m.,0.9010,bclean
33,act_dep_time,7:58 p.m.,0.5000,bclean
34,act_dep_time,7:58 p.m.,0.5000,bclean
37,sched_arr_time,3:30 p.m.,0.5295,bclean
37,sched_dep_time,7:10 a.m.,0.9408,bclean
37,act_dep_time,7:58 p.m.,0.5000,bclean
38,act_dep_time,8:30 p.m.,0.5503,bclean
38,act_arr_time,9:19 p.m.,1.0000,bclean
51,sched_dep_time,4:15 p.m.,0.5000,bclean
52,act_dep_time,7:59 p.m.,0.9946,bclean
53,sched_dep_time,4:15 p.m.,0.5000,bclean
53,act_arr_time,9:28 a.m.,0.8000,bclean
54,sched_arr_time,11:55 a.m.,1.0000,bclean
54,sched_dep_time,8:00 a.m.,1.0000,bclean
54,act_arr_time,11:58 a.m.,0.9935,bclean
55,sched_dep_time,4:15 p.m.,0.5000,bclean
55,act_dep_time,7:25 a.m.,0.5385,bclean
56,sched_dep_time,4:15 p.m.,0.5000,bclean
57,sched_dep_time,4:15 p.m.,0.5000,bclean
57,act_arr_time,5:17 p.m.,0.6007,bclean
58,act_dep_time,7:59 p.m.,0.7143,bclean
59,sched_dep_time,4:15 p.m.,0.5000,bclean
59,act_arr_time,4:56 p.m.,0.5005,bclean
60,act_arr_time,11:21 a.m.,0.5561,bclean
61,sched_dep_time,4:15 p.m.,0.5000,bclean
61,act_arr_time,6:35 a.m.,1.0000,bclean
62,sched_arr_time,7:23 a.m.,1.0000,bclean
62,sched_dep_time,6:00 a.m.,1.0000,bclean
62,act_arr_time,7:17 a.m.,0.9948,bclean
63,act_dep_time,7:59 p.m.,0.7143,bclean
64,sched_dep_time,4:15 p.m.,0.5000,bclean
65,act_dep_time,7:59 p.m.,0.7143,bclean
66,act_dep_time,7:59 p.m.,0.7143,bclean
67,sched_dep_time,4:15 p.m.,0.5000,bclean
67,act_dep_time,10:10 a.m.,0.6224,bclean
67,act_arr_time,1:27 p.m.,0.8355,bclean
68,sched_dep_time,4:15 p.m.,0.5000,bclean
69,sched_dep_time,4:15 p.m.,0.5000,bclean
69,act_arr_time,9:45 a.m.,0.7681,bclean
70,sched_dep_time,4:15 p.m.,0.9979,bclean
70,act_arr_time,7:39 p.m.,0.8899,bclean
71,sched_dep_time,10:40 a.m.,0.9961,bclean
72,act_dep_time,7:59 p.m.,0.7143,bclean
73,act_dep_time,7:59 p.m.,0.7143,bclean
74,sched_dep_time,4:15 p.m.,0.5000,bclean
75,sched_arr_time,3:50 p.m.,1.0000,bclean
75,sched_dep_time,11:50 a.m.,0.9981,bclean
75,act_arr_time,4:09 p.m.,0.9663,bclean
76,act_dep_time,7:59 p.m.,0.7143,bclean
77,sched_dep_time,4:15 p.m.,0.5000,bclean
77,act_dep_time,6:08 a.m.,0.5974,bclean
77,act_arr_time,9:05 a.m.,0.7779,bclean
78,sched_dep_time,4:15 p.m.,0.5000,bclean
78,act_arr_time,5:03 p.m.,0.6672,bclean
79,act_dep_time,7:59 p.m.,0.7143,bclean
80,act_dep_time,7:59 p.m.,0.7143,bclean
81,sched_dep_time,4:15 p.m.,0.5000,bclean
82,sched_dep_time,1:00 p.m.,0.9981,bclean
82,act_dep_time,2:04 p.m.,0.9972,bclean
82,act_arr_time,3:19 p.m.,0.6710,bclean
83,sched_dep_time,4:15 p.m.,0.5000,bclean
83,act_arr_time,1:30 p.m.,0.5460,bclean
84,sched_dep_time,4:15 p.m.,0.5000,bclean
84,act_arr_time,3:21 p.m.,0.6864,bclean
85,sched_dep_time,4:15 p.m.,0.5000,bclean
85,act_arr_time,2:01 p.m.,0.5836,bclean
86,sched_arr_time,6:15 p.m.,1.0000,bclean
86,sched_dep_time,2:30 p.m.,0.9964,bclean
86,act_arr_time,5:42 p.m.,0.8741,bclean
87,sched_dep_time,4:15 p.m.,0.5000,bclean
87,act_arr_time,1:08 p.m.,0.5984,bclean
88,act_dep_time,7:59 p.m.,0.7143,bclean
89,sched_arr_time,10:48 p.m.,0.9539,bclean
89,act_dep_time,8:25 p.m.,0.9873,bclean
89,act_arr_time,9:52 p.m.,0.9909,bclean
90,sched_dep_time,10:40 a.m.,0.9986,bclean
90,act_arr_time,2:46 p.m.,0.8738,bclean
91,sched_dep_time,4:15 p.m.,0.5000,bclean
92,act_dep_time,7:59 p.m.,0.7143,bclean
93,sched_dep_time,4:15 p.m.,0.5000,bclean
93,act_arr_time,10:29 a.m.,0.5002,bclean
94,sched_dep_time,4:15 p.m.,0.5000,bclean
95,sched_dep_time,4:15 p.m.,0.5000,bclean
96,sched_dep_time,10:40 a.m.,0.5554,bclean
96,act_dep_time,11:01 a.m.,0.5125,bclean
97,sched_arr_time,12:21 a.m.,0.8807,bclean
97,act_dep_time,7:59 p.m.,0.7143,bclean
98,sched_dep_time,1:00 p.m.,0.9984,bclean
99,act_dep_time,7:59 p.m.,0.7143,bclean
100,sched_dep_time,4:15 p.m.,0.5000,bclean
100,act_dep_time,6:56 a.m.,0.7654,bclean
100,act_arr_time,7:51 a.m.,0.7275,bclean
101,sched_dep_time,4:15 p.m.,0.5000,bclean
102,sched_dep_time,4:15 p.m.,0.5000,bclean
102,act_dep_time,5:08 p.m.,0.9367,bclean
102,act_arr_time,7:55 p.m.,0.7742,bclean
103,sched_dep_time,4:15 p.m.,0.5000,bclean
104,sched_dep_time,4:15 p.m.,0.5000,bclean
104,act_dep_time,3:58 p.m.,0.6667,bclean
105,sched_dep_time,4:15 p.m.,0.5000,bclean
105,act_arr_time,7:36 p.m.,0.5560,bclean
106,sched_dep_time,4:15 p.m.,0.5000,bclean
106,act_arr_time,9:53 p.m.,0.5002,bclean
107,act_dep_time,7:59 p.m.,0.7143,bclean
108,sched_dep_time,4:15 p.m.,0.5000,bclean
108,act_dep_time,7:39 a.m.,0.6364,bclean
109,sched_dep_time,10:40 a.m.,0.9979,bclean
109,act_arr_time,3:04 p.m.,0.8050,bclean
110,sched_arr_time,4:31 p.m.,1.0000,bclean
110,sched_dep_time,1:33 p.m.,1.0000,bclean
110,act_arr_time,4:23 p.m.,0.8240,bclean
111,sched_dep_time,4:15 p.m.,0.5000,bclean
111,act_dep_time,12:41 p.m.,0.7613,bclean
112,act_dep_time,7:59 p.m.,0.7143,bclean
113,sched_dep_time,4:15 p.m.,0.5000,bclean
114,sched_dep_time,4:15 p.m.,0.5000,bclean
114,act_arr_time,12:01 a.m.,1.0000,bclean
115,sched_arr_time,12:15 a.m.,1.0000,bclean
115,sched_dep_time,9:00 p.m.,1.0000,bclean
116,sched_dep_time,8:25 p.m.,0.9973,bclean
117,sched_dep_time,4:15 p.m.,0.5000,bclean
117,act_dep_time,7:22 a.m.,0.6404,bclean
117,act_arr_time,10:04 a.m.,0.9166,bclean
118,sched_arr_time,11:50 a.m.,1.0000,bclean
118,sched_dep_time,8:35 a.m.,1.0000,bclean
118,act_arr_time,11:44 a.m.,0.9073,bclean
119,sched_arr_time,9:24 a.m.,1.0000,bclean
119,sched_dep_time,8:29 a.m.,1.0000,bclean
119,act_dep_time,8:26 a.m.,0.9951,bclean
120,sched_dep_time,4:15 p.m.,0.5000,bclean
121,act_dep_time,7:59 p.m.,0.7143,bclean
122,sched_dep_time,4:15 p.m.,0.5000,bclean
122,act_arr_time,8:45 a.m.,0.5837,bclean
123,sched_arr_time,5:11 a.m.,0.9057,bclean
123,act_dep_time,7:59 p.m.,0.7143,bclean
124,sched_dep_time,4:15 p.m.,0.5000,bclean
125,sched_dep_time,4:15 p.m.,0.5000,bclean
125,act_dep_time,1:50 p.m.,1.0000,bclean
126,sched_dep_time,4:15 p.m.,0.5000,bclean
126,act_arr_time,2:02 p.m.,0.6671,bclean
127,sched_dep_time,4:15 p.m.,0.5000,bclean
127,act_arr_time,9:11 p.m.,0.6671,bclean
128,sched_dep_time,4:15 p.m.,0.5000,bclean
128,act_arr_time,4:24 p.m.,0.6368,bclean
129,act_dep_time,7:59 p.m.,0.7143,bclean
130,act_dep_time,7:59 p.m.,0.7143,bclean
131,sched_dep_time,2:35 p.m.,0.9987,bclean
132,sched_dep_time,4:15 p.m.,0.5000,bclean
132,act_dep_time,3:27 p.m.,0.7120,bclean
132,act_arr_time,5:43 p.m.,0.8002,bclean
133,sched_dep_time,4:15 p.m.,0.5000,bclean
133,act_dep_time,7:23 a.m.,0.7136,bclean
133,act_arr_time,11:07 a.m.,0.5832,bclean
134,sched_dep_time,4:15 p.m.,0.5000,bclean
134,act_dep_time,12:10 p.m.,0.6404,bclean
134,act_arr_time,1:43 p.m.,0.7780,bclean
135,sched_dep_time,4:15 p.m.,0.5000,bclean
135,act_arr_time,11:01 a.m.,0.6364,bclean
136,sched_dep_time,9:05 a.m.,1.0000,bclean
136,act_dep_time,7:59 p.m.,0.7143,bclean
137,sched_arr_time,2:35 p.m.,1.0000,bclean
137,sched_dep_time,1:05 p.m.,0.9987,bclean
137,act_arr_time,3:01 p.m.,0.6720,bclean
138,sched_dep_time,4:15 p.m.,0.5000,bclean
139,sched_arr_time,6:30 p.m.,1.0000,bclean
139,sched_dep_time,3:05 p.m.,0.9998,bclean
139,act_dep_time,3:36 p.m.,0.5072,bclean
139,act_arr_time,6:43 p.m.,0.9386,bclean
140,sched_dep_time,4:15 p.m.,0.5000,bclean
140,act_arr_time,8:06 a.m.,0.5335,bclean
141,sched_dep_time,4:15 p.m.,0.5000,bclean
141,act_arr_time,6:15 p.m.,0.5335,bclean
142,sched_dep_time,4:15 p.m.,0.5000,bclean
142,act_arr_time,2:27 p.m.,0.6319,bclean
143,act_dep_time,7:59 p.m.,0.7143,bclean
144,sched_dep_time,4:15 p.m.,0.5000,bclean
144,act_arr_time,6:17 p.m.,0.7688,bclean
145,sched_dep_time,10:40 a.m.,0.9982,bclean
145,act_arr_time,12:48 p.m.,0.7761,bclean
146,sched_dep_time,4:15 p.m.,0.5000,bclean
146,act_arr_time,7:32 a.m.,0.5456,bclean
147,act_dep_time,7:59 p.m.,0.7143,bclean
148,sched_dep_time,4:15 p.m.,0.5000,bclean
148,act_arr_time,6:19 a.m.,0.5563,bclean
149,sched_arr_time,10:45 a.m.,1.0000,bclean
149,sched_dep_time,7:10 a.m.,1.0000,bclean
149,act_arr_time,11:12 a.m.,0.8600,bclean
150,sched_dep_time,4:15 p.m.,0.5000,bclean
152,sched_dep_time,10:40 a.m.,0.7466,bclean
152,act_arr_time,10:29 p.m.,0.7156,bclean
153,act_arr_time,9:28 a.m.,0.9732,bclean
154,act_arr_time,11:58 a.m.,0.9800,bclean
155,sched_dep_time,10:40 a.m.,0.7466,bclean
155,act_arr_time,9:43 a.m.,0.8353,bclean
156,act_arr_time,10:28 p.m.,0.7774,bclean
157,act_arr_time,3:16 p.m.,0.9447,bclean
158,act_dep_time,3:28 p.m.,0.6177,bclean
159,sched_dep_time,10:40 a.m.,0.7466,bclean
159,act_dep_time,3:36 p.m.,0.8571,bclean
160,sched_dep_time,10:40 a.m.,0.7466,bclean
160,act_arr_time,11:21 a.m.,0.5561,bclean
161,sched_arr_time,6:55 a.m.,0.9525,bclean
162,sched_arr_time,7:23 a.m.,1.0000,bclean
162,sched_dep_time,6:00 a.m.,1.0000,bclean
162,act_arr_time,7:17 a.m.,0.9948,bclean
163,sched_dep_time,10:40 a.m.,0.7466,bclean
163,act_arr_time,5:26 a.m.,0.8353,bclean
165,sched_dep_time,10:40 a.m.,0.7466,bclean
166,sched_dep_time,10:40 a.m.,0.7563,bclean
166,act_arr_time,1:19 p.m.,0.8256,bclean
168,sched_dep_time,10:40 a.m.,0.7466,bclean
168,act_arr_time,9:56 a.m.,0.8100,bclean
169,act_arr_time,9:45 a.m.,0.9688,bclean
170,act_arr_time,7:39 p.m.,0.9800,bclean
171,sched_dep_time,10:40 a.m.,0.9025,bclean
171,act_arr_time,1:40 p.m.,0.9965,bclean
172,sched_dep_time,10:40 a.m.,0.7466,bclean
172,act_arr_time,7:10 p.m.,0.8393,bclean
173,sched_dep_time,10:40 a.m.,0.7466,bclean
173,act_arr_time,11:32 a.m.,0.7156,bclean
174,sched_dep_time,10:40 a.m.,0.7466,bclean
174,act_arr_time,4:43 p.m.,0.5896,bclean
175,act_dep_time,12:12 p.m.,0.6312,bclean
176,sched_arr_time,1:17 p.m.,1.0000,bclean
176,sched_dep_time,11:40 a.m.,1.0000,bclean
176,act_arr_time,1:14 p.m.,0.7297,bclean
177,act_arr_time,9:05 a.m.,0.8280,bclean
179,sched_dep_time,10:40 a.m.,0.7466,bclean
179,act_arr_time,10:27 a.m.,0.8353,bclean
180,sched_dep_time,10:40 a.m.,0.7466,bclean
180,act_dep_time,7:07 a.m.,0.7143,bclean
183,sched_dep_time,10:40 a.m.,0.7466,bclean
183,act_dep_time,10:10 a.m.,0.8000,bclean
184,sched_dep_time,1:00 p.m.,0.6687,bclean
184,act_dep_time,2:04 p.m.,0.9708,bclean
185,sched_dep_time,10:40 a.m.,0.7466,bclean
186,act_arr_time,5:42 p.m.,0.8711,bclean
188,sched_dep_time,10:40 a.m.,0.7466,bclean
188,act_arr_time,8:03 p.m.,0.8475,bclean
189,sched_dep_time,10:40 a.m.,0.7466,bclean
190,act_arr_time,2:46 p.m.,0.8748,bclean
191,sched_arr_time,5:15 p.m.,0.7149,bclean
191,act_dep_time,7:59 p.m.,0.9893,bclean
192,sched_dep_time,10:40 a.m.,0.7466,bclean
192,act_arr_time,3:33 p.m.,0.5765,bclean
196,sched_arr_time,12:21 a.m.,0.8807,bclean
197,sched_dep_time,10:40 a.m.,0.7466,bclean
197,act_dep_time,5:09 p.m.,0.7500,bclean
198,act_arr_time,12:09 p.m.,0.9674,bclean
199,act_dep_time,6:56 a.m.,0.7263,bclean
200,act_arr_time,9:26 a.m.,0.5714,bclean
201,sched_dep_time,10:40 a.m.,0.7466,bclean
202,act_arr_time,6:35 p.m.,0.9797,bclean
203,sched_dep_time,10:40 a.m.,0.7466,bclean
203,act_arr_time,7:36 p.m.,0.5560,bclean
204,act_arr_time,9:53 p.m.,0.5870,bclean
205,sched_dep_time,10:40 a.m.,0.7466,bclean
205,act_arr_time,6:34 p.m.,0.8147,bclean
206,sched_dep_time,10:40 a.m.,0.7466,bclean
207,act_arr_time,3:04 p.m.,0.8344,bclean
208,act_arr_time,4:23 p.m.,0.8240,bclean
209,act_arr_time,2:50 p.m.,0.5662,bclean
210,sched_dep_time,10:40 a.m.,0.7466,bclean
210,act_arr_time,4:17 p.m.,0.6259,bclean
211,sched_arr_time,5:50 a.m.,1.0000,bclean
211,act_dep_time,7:59 p.m.,0.9893,bclean
212,sched_arr_time,12:29 a.m.,0.9057,bclean
213,sched_arr_time,12:15 a.m.,0.9010,bclean
215,act_arr_time,10:04 a.m.,0.9661,bclean
216,act_arr_time,11:44 a.m.,0.9073,bclean
217,sched_arr_time,9:24 a.m.,1.0000,bclean
217,sched_dep_time,8:29 a.m.,1.0000,bclean
217,act_arr_time,9:13 a.m.,0.9996,bclean
218,sched_arr_time,3:30 p.m.,0.5295,bclean
218,sched_dep_time,7:10 a.m.,0.9408,bclean
219,sched_dep_time,10:40 a.m.,0.7466,bclean
219,act_arr_time,4:59 p.m.,0.7157,bclean
220,sched_dep_time,10:40 a.m.,0.7466,bclean
220,act_arr_time,8:45 a.m.,0.5837,bclean
221,sched_arr_time,5:11 a.m.,0.9057,bclean
221,act_dep_time,7:59 p.m.,0.9893,bclean
222,sched_arr_time,6:40 p.m.,0.9613,bclean
222,sched_dep_time,4:00 p.m.,0.8264,bclean
222,act_dep_time,7:59 p.m.,0.9893,bclean
223,sched_dep_time,10:40 a.m.,0.7466,bclean
224,sched_dep_time,10:40 a.m.,0.7466,bclean
225,sched_dep_time,10:40 a.m.,0.7466,bclean
226,sched_dep_time,10:40 a.m.,0.7466,bclean
227,sched_dep_time,10:40 a.m.,0.7466,bclean
227,act_arr_time,7:10 p.m.,0.8290,bclean
228,sched_dep_time,10:40 a.m.,0.7466,bclean
228,act_arr_time,12:12 p.m.,0.6255,bclean
229,act_arr_time,3:43 p.m.,0.5170,bclean
232,act_arr_time,1:43 p.m.,0.9129,bclean
234,sched_dep_time,10:40 a.m.,0.7466,bclean
234,act_arr_time,12:09 p.m.,0.6823,bclean
236,sched_dep_time,10:40 a.m.,0.7466,bclean
236,act_arr_time,10:16 a.m.,0.5386,bclean
237,act_arr_time,6:43 p.m.,0.8912,bclean
238,act_arr_time,8:06 a.m.,0.6651,bclean
239,sched_dep_time,10:40 a.m.,0.7466,bclean
239,act_arr_time,4:56 p.m.,0.5005,bclean
240,act_arr_time,6:15 p.m.,0.7082,bclean
241,act_arr_time,2:27 p.m.,0.9379,bclean
242,act_arr_time,11:06 a.m.,0.9658,bclean
243,sched_dep_time,10:40 a.m.,0.7466,bclean
243,act_arr_time,5:26 p.m.,0.7156,bclean
244,act_arr_time,6:17 p.m.,0.7795,bclean
247,act_arr_time,6:36 p.m.,0.9566,bclean
248,act_arr_time,6:19 a.m.,0.9839,bclean
249,act_arr_time,11:12 a.m.,0.8600,bclean
250,act_arr_time,3:14 p.m.,0.8528,bclean
251,act_dep_time,7:59 p.m.,0.7143,bclean
252,act_arr_time,9:28 a.m.,0.9732,bclean
253,act_arr_time,11:58 a.m.,0.9800,bclean
254,act_dep_time,7:59 p.m.,0.7143,bclean
255,act_dep_time,7:59 p.m.,0.8379,bclean
255,act_arr_time,10:28 p.m.,0.8100,bclean
257,act_dep_time,7:59 p.m.,0.7143,bclean
258,act_dep_time,7:59 p.m.,0.7143,bclean
259,act_dep_time,7:59 p.m.,0.7143,bclean
260,act_dep_time,7:59 p.m.,0.7143,bclean
262,act_dep_time,7:59 p.m.,0.7143,bclean
263,act_dep_time,7:59 p.m.,0.7143,bclean
264,act_dep_time,7:59 p.m.,0.7143,bclean
265,act_dep_time,7:59 p.m.,0.7143,bclean
266,act_dep_time,7:59 p.m.,0.7143,bclean
267,act_dep_time,7:59 p.m.,0.7143,bclean
268,act_dep_time,7:59 p.m.,0.7143,bclean
269,act_dep_time,7:59 p.m.,0.7143,bclean
270,act_dep_time,7:59 p.m.,0.7143,bclean
271,act_arr_time,9:05 a.m.,0.8212,bclean
272,act_dep_time,7:59 p.m.,0.7143,bclean
273,act_dep_time,7:59 p.m.,0.7143,bclean
274,act_dep_time,7:59 p.m.,0.7143,bclean
275,act_dep_time,7:59 p.m.,0.7143,bclean
277,act_dep_time,7:59 p.m.,0.7143,bclean
278,act_arr_time,3:19 p.m.,0.6710,bclean
279,act_dep_time,7:59 p.m.,0.7143,bclean
280,act_arr_time,1:18 p.m.,0.7345,bclean
281,act_dep_time,7:59 p.m.,0.7143,bclean
282,act_dep_time,7:59 p.m.,0.7143,bclean
283,act_arr_time,11:06 a.m.,0.9658,bclean
284,act_arr_time,2:27 p.m.,0.9379,bclean
285,act_arr_time,2:46 p.m.,0.8719,bclean
286,act_arr_time,10:29 a.m.,0.8605,bclean
287,sched_dep_time,7:15 a.m.,0.7978,bclean
287,act_dep_time,7:59 p.m.,0.7143,bclean
288,act_dep_time,7:59 p.m.,0.7143,bclean
289,act_arr_time,3:16 p.m.,0.9477,bclean
290,act_dep_time,7:59 p.m.,0.7143,bclean
291,act_dep_time,7:59 p.m.,0.7143,bclean
292,act_dep_time,7:59 p.m.,0.7143,bclean
293,act_dep_time,7:59 p.m.,0.7143,bclean
294,act_arr_time,9:26 a.m.,0.5730,bclean
295,act_dep_time,7:59 p.m.,0.7143,bclean
296,act_dep_time,7:59 p.m.,0.7143,bclean
297,act_dep_time,7:59 p.m.,0.7143,bclean
298,act_dep_time,7:59 p.m.,0.7143,bclean
299,act_dep_time,7:59 p.m.,0.7143,bclean
300,act_arr_time,3:04 p.m.,0.8344,bclean
301,act_dep_time,7:59 p.m.,0.7143,bclean
304,act_dep_time,7:59 p.m.,0.7143,bclean
306,act_arr_time,10:04 a.m.,0.9661,bclean
307,act_arr_time,11:44 a.m.,0.9073,bclean
308,act_dep_time,7:59 p.m.,0.7143,bclean
309,act_dep_time,7:59 p.m.,0.7143,bclean
310,act_dep_time,7:59 p.m.,0.7143,bclean
311,act_dep_time,7:59 p.m.,0.7143,bclean
312,act_dep_time,7:59 p.m.,0.7143,bclean
313,act_dep_time,7:59 p.m.,0.7143,bclean
314,act_dep_time,7:59 p.m.,0.7143,bclean
315,sched_arr_time,9:18 p.m.,0.9539,bclean
315,act_dep_time,8:30 p.m.,0.6524,bclean
315,act_arr_time,9:19 p.m.,1.0000,bclean
316,act_dep_time,7:59 p.m.,0.7143,bclean
317,act_dep_time,7:59 p.m.,0.7143,bclean
318,act_dep_time,7:59 p.m.,0.7143,bclean
319,act_dep_time,7:59 p.m.,0.7143,bclean
320,act_arr_time,11:07 a.m.,0.7508,bclean
321,act_dep_time,7:59 p.m.,0.7143,bclean
322,act_dep_time,7:59 p.m.,0.7143,bclean
323,act_dep_time,7:59 p.m.,0.7143,bclean
324,act_dep_time,7:59 p.m.,0.7143,bclean
325,act_arr_time,3:01 p.m.,0.6657,bclean
326,act_arr_time,1:30 p.m.,0.7546,bclean
327,act_dep_time,7:59 p.m.,0.7143,bclean
328,act_dep_time,7:59 p.m.,0.7143,bclean
329,act_dep_time,7:59 p.m.,0.7143,bclean
330,act_dep_time,7:59 p.m.,0.7143,bclean
331,act_dep_time,7:59 p.m.,0.7143,bclean
332,act_dep_time,7:59 p.m.,0.7143,bclean
333,act_dep_time,6:57 a.m.,0.9409,bclean
334,act_dep_time,7:59 p.m.,0.7143,bclean
335,act_dep_time,7:59 p.m.,0.7143,bclean
336,act_arr_time,11:12 a.m.,0.8536,bclean
337,act_dep_time,7:59 p.m.,0.7143,bclean
338,sched_dep_time,4:15 p.m.,0.5000,bclean
339,act_dep_time,7:59 p.m.,0.9946,bclean
340,sched_dep_time,4:15 p.m.,0.5000,bclean
340,act_arr_time,9:28 a.m.,0.8000,bclean
341,sched_arr_time,11:55 a.m.,1.0000,bclean
341,sched_dep_time,8:00 a.m.,1.0000,bclean
341,act_arr_time,11:58 a.m.,0.9935,bclean
342,sched_dep_time,4:15 p.m.,0.5000,bclean
342,act_dep_time,7:25 a.m.,0.5385,bclean
343,sched_dep_time,4:15 p.m.,0.5000,bclean
344,sched_dep_time,4:15 p.m.,0.5000,bclean
344,act_arr_time,5:17 p.m.,0.6007,bclean
345,act_dep_time,7:59 p.m.,0.7143,bclean
346,sched_dep_time,4:15 p.m.,0.5000,bclean
346,act_arr_time,4:56 p.m.,0.5005,bclean
347,act_arr_time,11:21 a.m.,0.5561,bclean
348,sched_dep_time,4:15 p.m.,0.5000,bclean
348,act_arr_time,6:35 a.m.,1.0000,bclean
349,sched_arr_time,7:23 a.m.,1.0000,bclean
349,sched_dep_time,6:00 a.m.,1.0000,bclean
349,act_arr_time,7:17 a.m.,0.9948,bclean
350,act_dep_time,7:59 p.m.,0.7143,bclean
351,sched_dep_time,4:15 p.m.,0.5000,bclean
352,act_dep_time,7:59 p.m.,0.7143,bclean
353,act_dep_time,7:59 p.m.,0.7143,bclean
354,sched_dep_time,4:15 p.m.,0.5000,bclean
354,act_dep_time,10:10 a.m.,0.6224,bclean
354,act_arr_time,1:27 p.m.,0.8355,bclean
355,sched_dep_time,4:15 p.m.,0.5000,bclean
356,sched_dep_time,4:15 p.m.,0.5000,bclean
356,act_arr_time,9:45 a.m.,0.7681,bclean
357,sched_dep_time,4:15 p.m.,0.9979,bclean
357,act_arr_time,7:39 p.m.,0.8899,bclean
358,sched_dep_time,10:40 a.m.,0.9961,bclean
359,act_dep_time,7:59 p.m.,0.7143,bclean
360,act_dep_time,7:59 p.m.,0.7143,bclean
361,sched_dep_time,4:15 p.m.,0.5000,bclean
362,sched_arr_time,3:50 p.m.,1.0000,bclean
362,sched_dep_time,11:50 a.m.,0.9981,bclean
362,act_arr_time,4:09 p.m.,0.9663,bclean
363,act_dep_time,7:59 p.m.,0.7143,bclean
364,sched_dep_time,4:15 p.m.,0.5000,bclean
364,act_dep_time,6:08 a.m.,0.5974,bclean
364,act_arr_time,9:05 a.m.,0.7779,bclean
365,sched_dep_time,4:15 p.m.,0.5000,bclean
365,act_arr_time,5:03 p.m.,0.6672,bclean
366,act_dep_time,7:59 p.m.,0.7143,bclean
367,act_dep_time,7:59 p.m.,0.7143,bclean
368,sched_dep_time,4:15 p.m.,0.5000,bclean
369,sched_dep_time,1:00 p.m.,0.9981,bclean
369,act_dep_time,2:04 p.m.,0.9972,bclean
369,act_arr_time,3:19 p.m.,0.6710,bclean
370,sched_dep_time,4:15 p.m.,0.5000,bclean
370,act_arr_time,1:30 p.m.,0.5460,bclean
371,sched_dep_time,4:15 p.m.,0.5000,bclean
371,act_arr_time,3:21 p.m.,0.6864,bclean
372,sched_dep_time,4:15 p.m.,0.5000,bclean
372,act_arr_time,2:01 p.m.,0.5836,bclean
373,sched_arr_time,6:15 p.m.,1.0000,bclean
373,sched_dep_time,2:30 p.m.,0.9964,bclean
373,act_arr_time,5:42 p.m.,0.8741,bclean
374,sched_dep_time,4:15 p.m.,0.5000,bclean
374,act_arr_time,1:08 p.m.,0.5984,bclean
375,act_dep_time,7:59 p.m.,0.7143,bclean
376,sched_arr_time,10:48 p.m.,0.9539,bclean
376,act_dep_time,8:25 p.m.,0.9873,bclean
376,act_arr_time,9:52 p.m.,0.9909,bclean
377,sched_dep_time,10:40 a.m.,0.9986,bclean
377,act_arr_time,2:46 p.m.,0.8738,bclean
378,sched_dep_time,4:15 p.m.,0.5000,bclean
379,act_dep_time,7:59 p.m.,0.7143,bclean
380,sched_dep_time,4:15 p.m.,0.5000,bclean
380,act_arr_time,10:29 a.m.,0.5002,bclean
381,sched_dep_time,4:15 p.m.,0.5000,bclean
382,sched_dep_time,4:15 p.m.,0.5000,bclean
383,sched_dep_time,10:40 a.m.,0.5554,bclean
383,act_dep_time,11:01 a.m.,0.5125,bclean
384,sched_arr_time,12:21 a.m.,0.8807,bclean
384,act_dep_time,7:59 p.m.,0.7143,bclean
385,sched_dep_time,1:00 p.m.,0.9984,bclean
386,act_dep_time,7:59 p.m.,0.7143,bclean
387,sched_dep_time,4:15 p.m.,0.5000,bclean
387,act_dep_time,6:56 a.m.,0.7654,bclean
387,act_arr_time,7:51 a.m.,0.7275,bclean
388,sched_dep_time,4:15 p.m.,0.5000,bclean
389,sched_dep_time,4:15 p.m.,0.5000,bclean
389,act_dep_time,5:08 p.m.,0.9367,bclean
389,act_arr_time,7:55 p.m.,0.7742,bclean
390,sched_dep_time,4:15 p.m.,0.5000,bclean
391,sched_dep_time,4:15 p.m.,0.5000,bclean
391,act_dep_time,3:58 p.m.,0.6667,bclean
392,sched_dep_time,4:15 p.m.,0.5000,bclean
392,act_arr_time,7:36 p.m.,0.5560,bclean
393,sched_dep_time,4:15 p.m.,0.5000,bclean
393,act_arr_time,9:53 p.m.,0.5002,bclean
394,act_dep_time,7:59 p.m.,0.7143,bclean
395,sched_dep_time,4:15 p.m.,0.5000,bclean
395,act_dep_time,7:39 a.m.,0.6364,bclean
396,sched_dep_time,10:40 a.m.,0.9979,bclean
396,act_arr_time,3:04 p.m.,0.8050,bclean
397,sched_arr_time,4:31 p.m.,1.0000,bclean
397,sched_dep_time,1:33 p.m.,1.0000,bclean
397,act_arr_time,4:23 p.m.,0.8240,bclean
398,sched_dep_time,4:15 p.m.,0.5000,bclean
398,act_dep_time,12:41 p.m.,0.7613,bclean
399,act_dep_time,7:59 p.m.,0.7143,bclean
400,sched_dep_time,4:15 p.m.,0.5000,bclean
401,sched_dep_time,4:15 p.m.,0.5000,bclean
401,act_arr_time,12:01 a.m.,1.0000,bclean
402,sched_arr_time,12:15 a.m.,1.0000,bclean
402,sched_dep_time,9:00 p.m.,1.0000,bclean
403,sched_dep_time,8:25 p.m.,0.9973,bclean
404,sched_dep_time,4:15 p.m.,0.5000,bclean
404,act_dep_time,7:22 a.m.,0.6404,bclean
404,act_arr_time,10:04 a.m.,0.9166,bclean
405,sched_arr_time,11:50 a.m.,1.0000,bclean
405,sched_dep_time,8:35 a.m.,1.0000,bclean
405,act_arr_time,11:44 a.m.,0.9073,bclean
406,sched_arr_time,9:24 a.m.,1.0000,bclean
406,sched_dep_time,8:29 a.m.,1.0000,bclean
406,act_dep_time,8:26 a.m.,0.9951,bclean
407,sched_dep_time,4:15 p.m.,0.5000,bclean
408,act_dep_time,7:59 p.m.,0.7143,bclean
409,sched_dep_time,4:15 p.m.,0.5000,bclean
409,act_arr_time,8:45 a.m.,0.5837,bclean
410,sched_arr_time,5:11 a.m.,0.9057,bclean
410,act_dep_time,7:59 p.m.,0.7143,bclean
411,sched_dep_time,4:15 p.m.,0.5000,bclean
412,sched_dep_time,4:15 p.m.,0.5000,bclean
412,act_dep_time,1:50 p.m.,1.0000,bclean
413,sched_dep_time,4:15 p.m.,0.5000,bclean
413,act_arr_time,2:02 p.m.,0.6671,bclean
414,sched_dep_time,4:15 p.m.,0.5000,bclean
414,act_arr_time,9:11 p.m.,0.6671,bclean
415,sched_dep_time,4:15 p.m.,0.5000,bclean
415,act_arr_time,4:24 p.m.,0.6368,bclean
416,act_dep_time,7:59 p.m.,0.7143,bclean
417,act_dep_time,7:59 p.m.,0.7143,bclean
418,sched_dep_time,2:35 p.m.,0.9987,bclean
419,sched_dep_time,4:15 p.m.,0.5000,bclean
419,act_dep_time,3:27 p.m.,0.7120,bclean
419,act_arr_time,5:43 p.m.,0.8002,bclean
420,sched_dep_time,4:15 p.m.,0.5000,bclean
420,act_dep_time,7:23 a.m.,0.7136,bclean
420,act_arr_time,11:07 a.m.,0.5832,bclean
421,sched_dep_time,4:15 p.m.,0.5000,bclean
421,act_dep_time,12:10 p.m.,0.6404,bclean
421,act_arr_time,1:43 p.m.,0.7780,bclean
422,sched_dep_time,4:15 p.m.,0.5000,bclean
422,act_arr_time,11:01 a.m.,0.6364,bclean
423,sched_dep_time,9:05 a.m.,1.0000,bclean
423,act_dep_time,7:59 p.m.,0.7143,bclean
424,sched_arr_time,2:35 p.m.,1.0000,bclean
424,sched_dep_time,1:05 p.m.,0.9987,bclean
424,act_arr_time,3:01 p.m.,0.6720,bclean
425,sched_dep_time,4:15 p.m.,0.5000,bclean
426,sched_arr_time,6:30 p.m.,1.0000,bclean
426,sched_dep_time,3:05 p.m.,0.9998,bclean
426,act_dep_time,3:36 p.m.,0.5072,bclean
426,act_arr_time,6:43 p.m.,0.9386,bclean
427,sched_dep_time,4:15 p.m.,0.5000,bclean
427,act_arr_time,8:06 a.m.,0.5335,bclean
428,sched_dep_time,4:15 p.m.,0.5000,bclean
428,act_arr_time,6:15 p.m.,0.5335,bclean
429,sched_dep_time,4:15 p.m.,0.5000,bclean
429,act_arr_time,2:27 p.m.,0.6319,bclean
430,act_dep_time,7:59 p.m.,0.7143,bclean
431,sched_dep_time,4:15 p.m.,0.5000,bclean
431,act_arr_time,6:17 p.m.,0.7688,bclean
432,sched_dep_time,10:40 a.m.,0.9982,bclean
432,act_arr_time,12:48 p.m.,0.7761,bclean
433,sched_dep_time,4:15 p.m.,0.5000,bclean
433,act_arr_time,7:32 a.m.,0.5456,bclean
434,act_dep_time,7:59 p.m.,0.7143,bclean
435,sched_dep_time,4:15 p.m.,0.5000,bclean
435,act_arr_time,6:19 a.m.,0.5563,bclean
436,sched_arr_time,10:45 a.m.,1.0000,bclean
436,sched_dep_time,7:10 a.m.,1.0000,bclean
436,act_arr_time,11:12 a.m.,0.8600,bclean
437,sched_dep_time,4:15 p.m.,0.5000,bclean
439,sched_dep_time,10:40 a.m.,0.7466,bclean
441,act_dep_time,8:29 a.m.,0.5825,bclean
442,sched_dep_time,10:40 a.m.,0.7466,bclean
442,act_dep_time,8:42 a.m.,0.5833,bclean
443,act_arr_time,10:28 p.m.,0.8100,bclean
444,act_dep_time,12:11 p.m.,0.6229,bclean
445,act_dep_time,3:28 p.m.,0.6177,bclean
446,sched_dep_time,11:25 a.m.,0.5709,bclean
446,act_dep_time,11:32 a.m.,0.9951,bclean
447,sched_dep_time,10:40 a.m.,0.7466,bclean
448,sched_arr_time,6:55 a.m.,0.9525,bclean
448,act_dep_time,7:59 p.m.,0.9893,bclean
449,sched_arr_time,7:23 a.m.,1.0000,bclean
449,sched_dep_time,6:00 a.m.,1.0000,bclean
450,sched_dep_time,10:40 a.m.,0.7466,bclean
450,act_dep_time,12:41 a.m.,0.5833,bclean
452,sched_dep_time,10:40 a.m.,0.7466,bclean
453,sched_dep_time,10:40 a.m.,0.7563,bclean
453,act_dep_time,10:19 a.m.,0.5833,bclean
455,sched_dep_time,10:40 a.m.,0.7466,bclean
455,act_dep_time,7:23 a.m.,0.8902,bclean
457,act_dep_time,4:29 p.m.,0.6656,bclean
458,sched_dep_time,10:40 a.m.,0.9025,bclean
459,sched_dep_time,10:40 a.m.,0.7466,bclean
459,act_dep_time,2:48 p.m.,0.6296,bclean
460,sched_dep_time,10:40 a.m.,0.7466,bclean
460,act_dep_time,8:00 a.m.,0.5833,bclean
461,sched_dep_time,10:40 a.m.,0.7466,bclean
461,act_dep_time,11:45 a.m.,0.9673,bclean
462,act_dep_time,12:12 p.m.,0.6312,bclean
463,sched_arr_time,1:17 p.m.,1.0000,bclean
463,sched_dep_time,11:40 a.m.,1.0000,bclean
463,act_dep_time,11:56 a.m.,0.6936,bclean
464,act_dep_time,6:08 a.m.,0.6114,bclean
466,sched_dep_time,10:40 a.m.,0.7466,bclean
466,act_dep_time,6:02 a.m.,0.6154,bclean
467,sched_dep_time,10:40 a.m.,0.7466,bclean
467,act_dep_time,8:40 a.m.,0.5833,bclean
470,sched_dep_time,10:40 a.m.,0.7466,bclean
470,act_dep_time,7:49 a.m.,0.5385,bclean
471,sched_dep_time,10:40 a.m.,0.7466,bclean
472,sched_dep_time,10:40 a.m.,0.7466,bclean
473,act_dep_time,2:26 p.m.,0.5954,bclean
475,sched_dep_time,10:40 a.m.,0.7466,bclean
476,sched_dep_time,10:40 a.m.,0.7466,bclean
477,act_dep_time,11:05 a.m.,0.6679,bclean
478,sched_dep_time,10:40 a.m.,0.7466,bclean
478,act_dep_time,3:28 p.m.,0.5000,bclean
479,sched_dep_time,10:40 a.m.,0.7466,bclean
479,act_arr_time,3:33 p.m.,0.5765,bclean
481,act_dep_time,7:59 p.m.,0.9893,bclean
483,sched_arr_time,12:21 a.m.,0.8807,bclean
483,act_dep_time,7:59 p.m.,0.9893,bclean
484,sched_dep_time,10:40 a.m.,0.7466,bclean
484,act_dep_time,2:37 p.m.,0.9250,bclean
485,act_dep_time,9:14 a.m.,0.7286,bclean
486,act_dep_time,6:56 a.m.,0.7263,bclean
487,act_arr_time,9:26 a.m.,0.5714,bclean
488,sched_dep_time,10:40 a.m.,0.7466,bclean
490,sched_dep_time,4:16 p.m.,0.6241,bclean
490,act_dep_time,4:15 p.m.,0.9966,bclean
491,act_arr_time,9:53 p.m.,0.5870,bclean
492,sched_dep_time,10:40 a.m.,0.7466,bclean
492,act_dep_time,10:20 a.m.,0.5833,bclean
493,sched_dep_time,10:40 a.m.,0.7466,bclean
495,act_dep_time,1:31 p.m.,0.6852,bclean
496,act_arr_time,2:50 p.m.,0.5662,bclean
497,sched_dep_time,10:40 a.m.,0.7466,bclean
497,act_dep_time,1:48 p.m.,0.6154,bclean
498,sched_arr_time,5:50 a.m.,1.0000,bclean
498,act_dep_time,7:59 p.m.,0.9893,bclean
499,sched_arr_time,12:29 a.m.,0.9057,bclean
499,act_dep_time,7:59 p.m.,0.9893,bclean
500,sched_arr_time,12:15 a.m.,0.9010,bclean
500,act_dep_time,7:59 p.m.,0.9893,bclean
501,act_dep_time,7:59 p.m.,0.9893,bclean
502,act_dep_time,7:22 a.m.,0.6642,bclean
503,act_dep_time,8:51 a.m.,0.6926,bclean
504,sched_arr_time,9:24 a.m.,1.0000,bclean
504,sched_dep_time,8:29 a.m.,1.0000,bclean
504,act_dep_time,8:26 a.m.,0.9951,bclean
505,sched_arr_time,3:30 p.m.,0.5295,bclean
505,sched_dep_time,7:10 a.m.,0.9408,bclean
505,act_dep_time,7:59 p.m.,0.9893,bclean
506,sched_dep_time,10:40 a.m.,0.7466,bclean
506,act_dep_time,3:01 p.m.,0.6667,bclean
507,sched_dep_time,10:40 a.m.,0.7466,bclean
508,sched_arr_time,5:11 a.m.,0.9057,bclean
508,act_dep_time,7:59 p.m.,0.9893,bclean
509,sched_dep_time,4:00 p.m.,0.8264,bclean
509,act_dep_time,7:59 p.m.,0.9893,bclean
510,sched_dep_time,10:40 a.m.,0.7466,bclean
511,sched_dep_time,10:40 a.m.,0.7466,bclean
512,sched_dep_time,10:40 a.m.,0.7466,bclean
513,sched_dep_time,10:40 a.m.,0.7466,bclean
514,sched_dep_time,10:40 a.m.,0.7466,bclean
514,act_dep_time,2:48 p.m.,0.6296,bclean
515,sched_dep_time,10:40 a.m.,0.7466,bclean
516,act_arr_time,3:43 p.m.,0.5170,bclean
519,act_dep_time,12:10 p.m.,0.6669,bclean
521,sched_dep_time,10:40 a.m.,0.7466,bclean
521,act_dep_time,9:58 a.m.,0.5556,bclean
523,sched_dep_time,10:40 a.m.,0.7466,bclean
523,act_arr_time,10:16 a.m.,0.5386,bclean
524,act_dep_time,3:36 p.m.,0.6569,bclean
525,act_arr_time,8:06 a.m.,0.6651,bclean
526,sched_dep_time,10:40 a.m.,0.5989,bclean
526,act_dep_time,11:20 a.m.,0.8810,bclean
527,act_arr_time,6:15 p.m.,0.7082,bclean
529,act_dep_time,7:39 a.m.,0.6366,bclean
530,sched_dep_time,10:40 a.m.,0.7466,bclean
530,act_dep_time,3:31 p.m.,0.6429,bclean
534,act_dep_time,3:58 p.m.,0.7852,bclean
535,act_dep_time,6:10 a.m.,0.7973,bclean
536,act_dep_time,7:39 a.m.,0.6821,bclean
537,act_dep_time,7:31 a.m.,0.6941,bclean
538,act_arr_time,9:22 a.m.,0.6974,bclean
543,act_arr_time,10:30 p.m.,1.0000,bclean
545,act_dep_time,6:47 p.m.,1.0000,bclean
545,act_arr_time,7:25 p.m.,1.0000,bclean
548,act_dep_time,11:29 p.m.,1.0000,bclean
548,act_arr_time,6:35 a.m.,1.0000,bclean
549,act_dep_time,6:10 a.m.,0.6624,bclean
569,act_arr_time,3:19 p.m.,0.6695,bclean
574,act_arr_time,9:52 p.m.,0.9937,bclean
583,act_dep_time,7:15 p.m.,1.0000,bclean
583,act_arr_time,12:21 a.m.,1.0000,bclean
595,act_dep_time,11:02 a.m.,0.5272,bclean
598,act_dep_time,12:10 a.m.,1.0000,bclean
598,act_arr_time,5:42 a.m.,1.0000,bclean
599,act_dep_time,4:28 p.m.,0.9992,bclean
599,act_arr_time,12:01 a.m.,1.0000,bclean
600,act_dep_time,9:06 p.m.,1.0000,bclean
600,act_arr_time,11:49 p.m.,1.0000,bclean
601,act_dep_time,8:29 p.m.,1.0000,bclean
601,act_arr_time,11:35 p.m.,1.0000,bclean
608,act_dep_time,12:35 p.m.,0.5000,bclean
609,sched_dep_time,4:00 p.m.,0.5208,bclean
609,act_dep_time,5:30 p.m.,1.0000,bclean
609,act_arr_time,6:40 p.m.,1.0000,bclean
611,act_arr_time,9:19 p.m.,0.9971,bclean
631,sched_dep_time,10:40 a.m.,0.7466,bclean
633,act_dep_time,8:29 a.m.,0.5825,bclean
634,sched_dep_time,10:40 a.m.,0.7466,bclean
634,act_dep_time,8:42 a.m.,0.5833,bclean
635,act_arr_time,10:28 p.m.,0.8100,bclean
636,act_dep_time,12:11 p.m.,0.6229,bclean
637,act_dep_time,3:28 p.m.,0.6177,bclean
638,sched_dep_time,11:25 a.m.,0.5709,bclean
638,act_dep_time,11:32 a.m.,0.9951,bclean
639,sched_dep_time,10:40 a.m.,0.7466,bclean
640,sched_arr_time,6:55 a.m.,0.9525,bclean
640,act_dep_time,7:59 p.m.,0.9893,bclean
641,sched_arr_time,7:23 a.m.,1.0000,bclean
641,sched_dep_time,6:00 a.m.,1.0000,bclean
642,sched_dep_time,10:40 a.m.,0.7466,bclean
642,act_dep_time,12:41 a.m.,0.5833,bclean
644,sched_dep_time,10:40 a.m.,0.7466,bclean
645,sched_dep_time,10:40 a.m.,0.7563,bclean
645,act_dep_time,10:19 a.m.,0.5833,bclean
647,sched_dep_time,10:40 a.m.,0.7466,bclean
647,act_dep_time,7:23 a.m.,0.8902,bclean
649,act_dep_time,4:29 p.m.,0.6656,bclean
650,sched_dep_time,10:40 a.m.,0.9025,bclean
651,sched_dep_time,10:40 a.m.,0.7466,bclean
651,act_dep_time,2:48 p.m.,0.6296,bclean
652,sched_dep_time,10:40 a.m.,0.7466,bclean
652,act_dep_time,8:00 a.m.,0.5833,bclean
653,sched_dep_time,10:40 a.m.,0.7466,bclean
653,act_dep_time,11:45 a.m.,0.9673,bclean
654,act_dep_time,12:12 p.m.,0.6312,bclean
655,sched_arr_time,1:17 p.m.,1.0000,bclean
655,sched_dep_time,11:40 a.m.,1.0000,bclean
655,act_dep_time,11:56 a.m.,0.6936,bclean
656,act_dep_time,6:08 a.m.,0.6114,bclean
658,sched_dep_time,10:40 a.m.,0.7466,bclean
658,act_dep_time,6:02 a.m.,0.6154,bclean
659,sched_dep_time,10:40 a.m.,0.7466,bclean
659,act_dep_time,8:40 a.m.,0.5833,bclean
662,sched_dep_time,10:40 a.m.,0.7466,bclean
662,act_dep_time,7:49 a.m.,0.5385,bclean
663,sched_dep_time,10:40 a.m.,0.7466,bclean
664,sched_dep_time,10:40 a.m.,0.7466,bclean
665,act_dep_time,2:26 p.m.,0.5954,bclean
667,sched_dep_time,10:40 a.m.,0.7466,bclean
668,sched_dep_time,10:40 a.m.,0.7466,bclean
669,act_dep_time,11:05 a.m.,0.6679,bclean
670,sched_dep_time,10:40 a.m.,0.7466,bclean
670,act_dep_time,3:28 p.m.,0.5000,bclean
671,sched_dep_time,10:40 a.m.,0.7466,bclean
671,act_arr_time,3:33 p.m.,0.5765,bclean
673,act_dep_time,7:59 p.m.,0.9893,bclean
675,sched_arr_time,12:21 a.m.,0.8807,bclean
675,act_dep_time,7:59 p.m.,0.9893,bclean
676,sched_dep_time,10:40 a.m.,0.7466,bclean
676,act_dep_time,2:37 p.m.,0.9250,bclean
677,act_dep_time,9:14 a.m.,0.7286,bclean
678,act_dep_time,6:56 a.m.,0.7263,bclean
679,act_arr_time,9:26 a.m.,0.5714,bclean
680,sched_dep_time,10:40 a.m.,0.7466,bclean
682,sched_dep_time,4:16 p.m.,0.6241,bclean
682,act_dep_time,4:15 p.m.,0.9966,bclean
683,act_arr_time,9:53 p.m.,0.5870,bclean
684,sched_dep_time,10:40 a.m.,0.7466,bclean
684,act_dep_time,10:20 a.m.,0.5833,bclean
685,sched_dep_time,10:40 a.m.,0.7466,bclean
687,act_dep_time,1:31 p.m.,0.6852,bclean
688,act_arr_time,2:50 p.m.,0.5662,bclean
689,sched_dep_time,10:40 a.m.,0.7466,bclean
689,act_dep_time,1:48 p.m.,0.6154,bclean
690,sched_arr_time,5:50 a.m.,1.0000,bclean
690,act_dep_time,7:59 p.m.,0.9893,bclean
691,sched_arr_time,12:29 a.m.,0.9057,bclean
691,act_dep_time,7:59 p.m.,0.9893,bclean
692,sched_arr_time,12:15 a.m.,0.9010,bclean
692,act_dep_time,7:59 p.m.,0.9893,bclean
693,act_dep_time,7:59 p.m.,0.9893,bclean
694,act_dep_time,7:22 a.m.,0.6642,bclean
695,act_dep_time,8:51 a.m.,0.6926,bclean
696,sched_arr_time,9:24 a.m.,1.0000,bclean
696,sched_dep_time,8:29 a.m.,1.0000,bclean
696,act_dep_time,8:26 a.m.,0.9951,bclean
697,sched_arr_time,3:30 p.m.,0.5295,bclean
697,sched_dep_time,7:10 a.m.,0.9408,bclean
697,act_dep_time,7:59 p.m.,0.9893,bclean
698,sched_dep_time,10:40 a.m.,0.7466,bclean
698,act_dep_time,3:01 p.m.,0.6667,bclean
699,sched_dep_time,10:40 a.m.,0.7466,bclean
700,sched_arr_time,5:11 a.m.,0.9057,bclean
700,act_dep_time,7:59 p.m.,0.9893,bclean
701,sched_dep_time,4:00 p.m.,0.8264,bclean
701,act_dep_time,7:59 p.m.,0.9893,bclean
702,sched_dep_time,10:40 a.m.,0.7466,bclean
703,sched_dep_time,10:40 a.m.,0.7466,bclean
704,sched_dep_time,10:40 a.m.,0.7466,bclean
705,sched_dep_time,10:40 a.m.,0.7466,bclean
706,sched_dep_time,10:40 a.m.,0.7466,bclean
706,act_dep_time,2:48 p.m.,0.6296,bclean
707,sched_dep_time,10:40 a.m.,0.7466,bclean
708,act_arr_time,3:43 p.m.,0.5170,bclean
711,act_dep_time,12:10 p.m.,0.6669,bclean
713,sched_dep_time,10:40 a.m.,0.7466,bclean
713,act_dep_time,9:58 a.m.,0.5556,bclean
715,sched_dep_time,10:40 a.m.,0.7466,bclean
715,act_arr_time,10:16 a.m.,0.5386,bclean
716,act_dep_time,3:36 p.m.,0.6569,bclean
717,act_arr_time,8:06 a.m.,0.6651,bclean
718,sched_dep_time,10:40 a.m.,0.5989,bclean
718,act_dep_time,11:20 a.m.,0.8810,bclean
719,act_arr_time,6:15 p.m.,0.7082,bclean
721,act_dep_time,7:39 a.m.,0.6366,bclean
722,sched_dep_time,10:40 a.m.,0.7466,bclean
722,act_dep_time,3:31 p.m.,0.6429,bclean
726,act_dep_time,3:58 p.m.,0.7852,bclean
727,act_dep_time,6:10 a.m.,0.7973,bclean
728,act_dep_time,7:39 a.m.,0.6821,bclean
729,act_dep_time,7:31 a.m.,0.6941,bclean
730,sched_dep_time,4:15 p.m.,0.5000,bclean
731,sched_dep_time,4:15 p.m.,0.5000,bclean
731,act_arr_time,10:31 p.m.,0.5717,bclean
732,sched_dep_time,4:15 p.m.,0.5000,bclean
733,sched_arr_time,11:55 a.m.,1.0000,bclean
733,sched_dep_time,8:00 a.m.,1.0000,bclean
733,act_dep_time,8:48 a.m.,0.8000,bclean
733,act_arr_time,11:58 a.m.,0.9935,bclean
734,sched_dep_time,4:15 p.m.,0.5000,bclean
734,act_arr_time,9:43 a.m.,0.8353,bclean
735,act_dep_time,7:59 p.m.,0.7143,bclean
736,sched_dep_time,4:15 p.m.,0.5000,bclean
736,act_arr_time,4:56 p.m.,0.5005,bclean
737,act_arr_time,11:21 a.m.,0.5561,bclean
738,sched_arr_time,6:55 a.m.,0.9525,bclean
738,act_dep_time,7:59 p.m.,0.7143,bclean
739,sched_arr_time,7:23 a.m.,1.0000,bclean
739,sched_dep_time,6:00 a.m.,1.0000,bclean
739,act_dep_time,6:10 a.m.,0.8420,bclean
739,act_arr_time,7:17 a.m.,0.9948,bclean
740,sched_dep_time,4:15 p.m.,0.5000,bclean
741,sched_dep_time,4:15 p.m.,0.5000,bclean
741,act_dep_time,12:41 p.m.,0.7613,bclean
742,sched_dep_time,4:15 p.m.,0.5000,bclean
742,act_arr_time,9:45 a.m.,0.7681,bclean
743,sched_dep_time,4:15 p.m.,0.9975,bclean
743,act_dep_time,4:29 p.m.,0.9062,bclean
743,act_arr_time,7:39 p.m.,0.8899,bclean
744,sched_dep_time,4:15 p.m.,0.5000,bclean
744,act_arr_time,1:18 p.m.,0.5997,bclean
745,sched_arr_time,3:50 p.m.,1.0000,bclean
745,sched_dep_time,11:50 a.m.,0.9981,bclean
745,act_arr_time,4:09 p.m.,0.9663,bclean
746,sched_arr_time,1:17 p.m.,1.0000,bclean
746,sched_dep_time,11:40 a.m.,1.0000,bclean
747,sched_dep_time,4:15 p.m.,0.5000,bclean
747,act_dep_time,6:08 a.m.,0.5974,bclean
747,act_arr_time,9:05 a.m.,0.7779,bclean
748,sched_dep_time,4:15 p.m.,0.5000,bclean
748,act_dep_time,8:04 a.m.,0.5165,bclean
748,act_arr_time,11:01 a.m.,0.6364,bclean
749,sched_dep_time,4:15 p.m.,0.5000,bclean
750,sched_dep_time,4:15 p.m.,0.5000,bclean
750,act_arr_time,8:06 a.m.,0.5335,bclean
751,sched_dep_time,1:00 p.m.,0.9988,bclean
751,act_arr_time,3:19 p.m.,0.6710,bclean
752,sched_dep_time,4:15 p.m.,0.5000,bclean
752,act_dep_time,12:56 p.m.,0.9867,bclean
752,act_arr_time,3:21 p.m.,0.6864,bclean
753,sched_dep_time,4:15 p.m.,0.5000,bclean
753,act_arr_time,2:01 p.m.,0.5836,bclean
754,sched_arr_time,6:15 p.m.,1.0000,bclean
754,sched_dep_time,2:30 p.m.,0.9960,bclean
754,act_dep_time,2:43 p.m.,0.9994,bclean
754,act_arr_time,5:42 p.m.,0.8741,bclean
755,sched_dep_time,4:15 p.m.,0.5000,bclean
755,act_arr_time,2:27 p.m.,0.6319,bclean
756,sched_dep_time,10:40 a.m.,0.9986,bclean
756,act_arr_time,2:46 p.m.,0.8738,bclean
757,sched_dep_time,12:57 p.m.,0.9932,bclean
757,act_dep_time,7:59 p.m.,0.7143,bclean
758,sched_dep_time,4:15 p.m.,0.5000,bclean
758,act_arr_time,3:33 p.m.,0.5765,bclean
759,sched_dep_time,4:15 p.m.,0.5000,bclean
759,act_arr_time,10:29 a.m.,0.5002,bclean
760,sched_dep_time,4:15 p.m.,0.5000,bclean
761,sched_dep_time,10:40 a.m.,0.5554,bclean
761,act_dep_time,11:01 a.m.,0.5125,bclean
762,sched_dep_time,4:15 p.m.,0.5000,bclean
762,act_dep_time,9:57 a.m.,0.9932,bclean
763,sched_dep_time,4:15 p.m.,0.5000,bclean
763,act_dep_time,6:56 a.m.,0.7654,bclean
763,act_arr_time,7:51 a.m.,0.7275,bclean
764,sched_dep_time,4:15 p.m.,0.5000,bclean
765,sched_dep_time,4:15 p.m.,0.5000,bclean
765,act_dep_time,5:08 p.m.,0.9367,bclean
765,act_arr_time,7:55 p.m.,0.7742,bclean
766,sched_dep_time,4:15 p.m.,0.5000,bclean
766,act_dep_time,7:39 a.m.,0.9129,bclean
767,sched_dep_time,4:15 p.m.,0.5000,bclean
767,act_dep_time,4:37 p.m.,0.8000,bclean
767,act_arr_time,7:36 p.m.,0.5560,bclean
768,sched_dep_time,4:15 p.m.,0.5000,bclean
768,act_arr_time,9:53 p.m.,0.5002,bclean
769,sched_dep_time,10:40 a.m.,0.9969,bclean
769,act_dep_time,10:54 a.m.,0.7569,bclean
770,sched_arr_time,4:31 p.m.,1.0000,bclean
770,sched_dep_time,1:33 p.m.,1.0000,bclean
770,act_dep_time,1:48 p.m.,0.9997,bclean
770,act_arr_time,4:23 p.m.,0.8240,bclean
771,sched_dep_time,4:15 p.m.,0.5000,bclean
772,sched_arr_time,5:50 a.m.,1.0000,bclean
772,act_dep_time,7:59 p.m.,0.7143,bclean
773,sched_arr_time,12:15 a.m.,0.9010,bclean
773,act_dep_time,7:59 p.m.,0.7143,bclean
774,act_dep_time,7:59 p.m.,0.7143,bclean
775,sched_dep_time,4:15 p.m.,0.5000,bclean
775,act_dep_time,7:22 a.m.,0.6404,bclean
775,act_arr_time,10:04 a.m.,0.9166,bclean
776,sched_arr_time,11:50 a.m.,1.0000,bclean
776,sched_dep_time,8:35 a.m.,1.0000,bclean
776,act_arr_time,11:44 a.m.,0.9073,bclean
777,sched_arr_time,9:24 a.m.,1.0000,bclean
777,sched_dep_time,8:29 a.m.,1.0000,bclean
777,act_dep_time,8:26 a.m.,0.9951,bclean
778,act_dep_time,7:59 p.m.,0.7143,bclean
779,sched_dep_time,4:15 p.m.,0.5000,bclean
779,act_dep_time,11:34 p.m.,1.0000,bclean
780,act_dep_time,7:59 p.m.,0.7143,bclean
781,sched_dep_time,4:15 p.m.,0.5000,bclean
782,sched_dep_time,2:35 p.m.,0.9987,bclean
783,sched_dep_time,4:15 p.m.,0.5000,bclean
783,act_arr_time,11:07 a.m.,0.5832,bclean
784,sched_arr_time,12:29 a.m.,0.9057,bclean
784,act_dep_time,7:59 p.m.,0.7143,bclean
785,sched_dep_time,4:15 p.m.,0.5000,bclean
785,act_arr_time,8:45 a.m.,0.5837,bclean
786,sched_dep_time,4:15 p.m.,0.5000,bclean
786,act_dep_time,12:10 p.m.,0.6404,bclean
786,act_arr_time,1:43 p.m.,0.7780,bclean
787,sched_arr_time,2:35 p.m.,1.0000,bclean
787,sched_dep_time,1:05 p.m.,0.9987,bclean
787,act_arr_time,3:01 p.m.,0.6720,bclean
788,sched_dep_time,4:15 p.m.,0.5000,bclean
789,sched_dep_time,10:40 a.m.,0.9982,bclean
789,act_arr_time,12:48 p.m.,0.7761,bclean
790,sched_dep_time,4:15 p.m.,0.5000,bclean
790,act_arr_time,7:32 a.m.,0.5456,bclean
791,sched_dep_time,4:15 p.m.,0.5000,bclean
791,act_arr_time,6:19 a.m.,0.5563,bclean
792,sched_arr_time,10:45 a.m.,1.0000,bclean
792,sched_dep_time,7:10 a.m.,1.0000,bclean
792,act_arr_time,11:12 a.m.,0.8600,bclean
798,sched_dep_time,4:15 p.m.,0.5000,bclean
798,act_dep_time,7:59 p.m.,0.7143,bclean
799,sched_arr_time,2:35 p.m.,0.7809,bclean
799,act_dep_time,7:59 p.m.,0.7143,bclean
800,sched_arr_time,11:50 p.m.,0.8644,bclean
800,act_dep_time,7:59 p.m.,0.7143,bclean
801,sched_arr_time,3:50 p.m.,0.7974,bclean
801,act_dep_time,7:59 p.m.,0.7143,bclean
802,sched_arr_time,2:59 p.m.,0.9925,bclean
802,act_dep_time,7:59 p.m.,0.7143,bclean
803,sched_arr_time,7:55 p.m.,0.8957,bclean
803,act_dep_time,7:59 p.m.,0.7143,bclean
809,sched_dep_time,4:15 p.m.,0.5000,bclean
809,act_dep_time,7:59 p.m.,0.7143,bclean
811,act_dep_time,7:59 p.m.,0.7143,bclean
812,act_arr_time,9:22 a.m.,0.6974,bclean
813,sched_dep_time,10:40 a.m.,0.6636,bclean
813,act_dep_time,7:42 p.m.,0.9686,bclean
816,sched_dep_time,10:40 a.m.,0.6636,bclean
817,act_dep_time,7:59 p.m.,0.8379,bclean
817,act_arr_time,10:28 p.m.,0.8100,bclean
820,sched_dep_time,11:25 a.m.,0.7371,bclean
821,sched_dep_time,10:40 a.m.,0.6636,bclean
821,act_dep_time,10:53 a.m.,0.5556,bclean
822,sched_arr_time,6:55 a.m.,0.9525,bclean
822,act_dep_time,7:59 p.m.,0.7143,bclean
823,sched_arr_time,7:23 a.m.,1.0000,bclean
823,sched_dep_time,6:00 a.m.,1.0000,bclean
823,act_dep_time,6:10 a.m.,0.6667,bclean
824,sched_dep_time,10:40 a.m.,0.6636,bclean
826,sched_dep_time,10:40 a.m.,0.6636,bclean
826,act_dep_time,6:54 a.m.,0.9737,bclean
827,sched_dep_time,10:40 a.m.,0.6636,bclean
827,act_dep_time,10:35 a.m.,0.9635,bclean
829,sched_dep_time,10:40 a.m.,0.6636,bclean
829,act_dep_time,8:26 a.m.,0.6000,bclean
832,sched_dep_time,10:40 a.m.,0.9000,bclean
833,sched_dep_time,10:40 a.m.,0.6636,bclean
834,sched_dep_time,10:40 a.m.,0.6636,bclean
835,sched_dep_time,10:40 a.m.,0.6636,bclean
835,act_dep_time,2:55 p.m.,0.8409,bclean
837,sched_arr_time,1:17 p.m.,1.0000,bclean
837,sched_dep_time,11:40 a.m.,1.0000,bclean
840,sched_dep_time,10:40 a.m.,0.6636,bclean
841,sched_dep_time,10:40 a.m.,0.6636,bclean
843,act_arr_time,3:19 p.m.,0.6695,bclean
844,sched_dep_time,10:40 a.m.,0.6636,bclean
845,sched_dep_time,10:40 a.m.,0.6636,bclean
845,act_dep_time,12:56 p.m.,0.9686,bclean
845,act_arr_time,3:20 p.m.,0.8809,bclean
846,sched_dep_time,11:50 a.m.,0.7996,bclean
849,sched_dep_time,10:40 a.m.,0.6636,bclean
849,act_dep_time,5:38 p.m.,0.9635,bclean
850,sched_dep_time,10:40 a.m.,0.6636,bclean
850,act_arr_time,9:52 p.m.,0.5000,bclean
852,sched_dep_time,10:40 a.m.,0.6636,bclean
852,act_dep_time,3:28 p.m.,0.9694,bclean
853,sched_dep_time,10:40 a.m.,0.6636,bclean
855,act_dep_time,7:59 p.m.,0.7143,bclean
857,sched_arr_time,12:21 a.m.,0.8807,bclean
857,act_dep_time,7:59 p.m.,0.7143,bclean
858,sched_dep_time,10:40 a.m.,0.6636,bclean
858,act_dep_time,2:37 p.m.,0.9250,bclean
862,sched_dep_time,10:40 a.m.,0.6636,bclean
864,sched_dep_time,4:16 p.m.,0.7778,bclean
866,sched_dep_time,10:40 a.m.,0.6636,bclean
867,sched_dep_time,10:40 a.m.,0.6636,bclean
867,act_dep_time,7:05 a.m.,0.8810,bclean
868,sched_dep_time,10:40 a.m.,0.9379,bclean
871,sched_dep_time,1:00 p.m.,0.5275,bclean
872,sched_arr_time,5:50 a.m.,1.0000,bclean
872,act_dep_time,7:59 p.m.,0.7143,bclean
873,sched_arr_time,12:29 a.m.,0.9057,bclean
873,act_dep_time,7:59 p.m.,0.7143,bclean
874,sched_arr_time,12:15 a.m.,0.9010,bclean
874,act_dep_time,7:59 p.m.,0.7143,bclean
875,act_dep_time,7:59 p.m.,0.7143,bclean
878,sched_arr_time,9:24 a.m.,1.0000,bclean
878,sched_dep_time,8:29 a.m.,1.0000,bclean
879,sched_arr_time,3:30 p.m.,0.5295,bclean
879,sched_dep_time,7:10 a.m.,0.9408,bclean
879,act_dep_time,7:59 p.m.,0.7143,bclean
880,sched_dep_time,10:40 a.m.,0.6636,bclean
881,sched_dep_time,10:40 a.m.,0.6636,bclean
881,act_dep_time,7:41 a.m.,0.6364,bclean
882,act_dep_time,7:59 p.m.,0.7143,bclean
883,sched_dep_time,4:00 p.m.,0.8264,bclean
883,act_dep_time,7:59 p.m.,0.7143,bclean
884,sched_dep_time,10:40 a.m.,0.6636,bclean
884,act_dep_time,1:45 p.m.,0.5556,bclean
885,sched_dep_time,10:40 a.m.,0.6636,bclean
886,sched_dep_time,10:40 a.m.,0.6636,bclean
886,act_arr_time,9:19 p.m.,0.5719,bclean
887,sched_dep_time,10:40 a.m.,0.6636,bclean
887,act_dep_time,2:55 p.m.,0.8605,bclean
888,sched_dep_time,10:40 a.m.,0.6636,bclean
889,sched_dep_time,10:40 a.m.,0.6636,bclean
889,act_arr_time,11:56 a.m.,0.5532,bclean
895,sched_dep_time,10:40 a.m.,0.6636,bclean
895,act_dep_time,9:14 a.m.,0.9852,bclean
897,sched_dep_time,10:40 a.m.,0.6636,bclean
897,act_dep_time,8:32 a.m.,0.8409,bclean
900,sched_dep_time,11:25 a.m.,0.5275,bclean
904,sched_dep_time,10:40 a.m.,0.6636,bclean
914,act_dep_time,8:39 p.m.,0.8810,bclean
915,sched_dep_time,10:40 a.m.,0.7466,bclean
916,act_dep_time,8:39 p.m.,0.8810,bclean
917,act_dep_time,8:39 p.m.,0.8810,bclean
918,sched_dep_time,10:40 a.m.,0.7466,bclean
919,act_dep_time,8:39 p.m.,0.8810,bclean
920,act_dep_time,8:39 p.m.,0.8810,bclean
921,act_dep_time,8:39 p.m.,0.8810,bclean
922,act_arr_time,9:05 a.m.,0.8280,bclean
926,sched_dep_time,1:00 p.m.,0.6687,bclean
926,act_dep_time,2:04 p.m.,0.9708,bclean
927,sched_dep_time,10:40 a.m.,0.7466,bclean
927,act_arr_time,5:26 p.m.,0.7156,bclean
928,act_arr_time,1:18 p.m.,0.7345,bclean
929,act_arr_time,2:27 p.m.,0.9379,bclean
930,act_arr_time,2:46 p.m.,0.8719,bclean
932,act_arr_time,3:16 p.m.,0.9447,bclean
933,act_dep_time,7:15 p.m.,1.0000,bclean
933,act_arr_time,12:21 a.m.,1.0000,bclean
934,act_dep_time,8:39 p.m.,0.8810,bclean
935,act_arr_time,6:35 p.m.,0.9797,bclean
936,sched_dep_time,10:40 a.m.,0.7466,bclean
936,act_arr_time,7:36 p.m.,0.5560,bclean
937,act_dep_time,8:39 p.m.,0.8810,bclean
938,act_dep_time,8:39 p.m.,0.8810,bclean
939,sched_dep_time,10:40 a.m.,0.7466,bclean
940,act_arr_time,3:04 p.m.,0.8344,bclean
941,act_arr_time,4:23 p.m.,0.8240,bclean
943,act_dep_time,4:28 p.m.,0.9992,bclean
943,act_arr_time,12:01 a.m.,1.0000,bclean
944,act_dep_time,8:29 p.m.,1.0000,bclean
944,act_arr_time,11:35 p.m.,1.0000,bclean
945,act_arr_time,11:44 a.m.,0.9073,bclean
946,act_arr_time,5:42 p.m.,0.8711,bclean
947,act_dep_time,8:39 p.m.,0.8810,bclean
948,sched_arr_time,5:11 a.m.,0.9057,bclean
948,act_dep_time,8:39 p.m.,0.8810,bclean
949,sched_arr_time,6:15 p.m.,0.5981,bclean
949,sched_dep_time,2:30 p.m.,0.8889,bclean
949,act_dep_time,8:39 p.m.,0.8810,bclean
950,act_dep_time,8:39 p.m.,0.8810,bclean
951,sched_dep_time,10:40 a.m.,0.7466,bclean
952,act_arr_time,9:19 p.m.,0.9971,bclean
953,sched_dep_time,10:40 a.m.,0.7466,bclean
953,act_arr_time,12:12 p.m.,0.6255,bclean
954,sched_dep_time,10:40 a.m.,0.7466,bclean
954,act_arr_time,11:32 a.m.,0.7156,bclean
955,act_arr_time,11:07 a.m.,0.7508,bclean
956,act_dep_time,8:39 p.m.,0.8810,bclean
957,act_dep_time,8:39 p.m.,0.8810,bclean
958,act_arr_time,1:43 p.m.,0.9129,bclean
959,act_dep_time,8:39 p.m.,0.8810,bclean
960,act_dep_time,8:39 p.m.,0.8810,bclean
961,sched_dep_time,10:40 a.m.,0.7466,bclean
961,act_dep_time,10:10 a.m.,0.8000,bclean
962,act_arr_time,6:43 p.m.,0.8912,bclean
963,act_dep_time,8:39 p.m.,0.8810,bclean
964,sched_arr_time,6:30 p.m.,0.5385,bclean
964,act_dep_time,8:39 p.m.,0.8810,bclean
965,sched_dep_time,10:40 a.m.,0.7466,bclean
965,act_dep_time,7:07 a.m.,0.7143,bclean
968,act_arr_time,11:12 a.m.,0.8600,bclean
969,act_arr_time,3:14 p.m.,0.8528,bclean
970,sched_arr_time,9:40 a.m.,0.9557,bclean
971,sched_arr_time,7:30 a.m.,0.9126,bclean
971,act_arr_time,7:51 a.m.,0.9467,bclean
972,sched_arr_time,9:35 a.m.,0.8958,bclean
973,sched_arr_time,7:25 p.m.,0.8673,bclean
974,sched_arr_time,11:10 a.m.,0.8896,bclean
974,act_arr_time,11:06 a.m.,0.8428,bclean
975,sched_arr_time,4:57 p.m.,0.8806,bclean
975,act_arr_time,5:03 p.m.,0.8425,bclean
977,sched_arr_time,4:31 p.m.,0.9108,bclean
977,act_arr_time,4:23 p.m.,0.8163,bclean
978,sched_arr_time,2:35 p.m.,0.8657,bclean
978,act_dep_time,1:20 p.m.,0.5125,bclean
978,act_arr_time,3:01 p.m.,0.6657,bclean
979,sched_arr_time,11:50 p.m.,0.8920,bclean
981,act_arr_time,8:03 p.m.,0.8361,bclean
982,sched_arr_time,6:40 p.m.,0.9902,bclean
982,act_arr_time,6:15 p.m.,0.7096,bclean
984,sched_arr_time,10:35 a.m.,0.9246,bclean
984,act_dep_time,7:22 a.m.,0.6430,bclean
985,sched_arr_time,4:00 p.m.,0.9741,bclean
985,act_arr_time,3:33 p.m.,0.7960,bclean
986,sched_arr_time,6:40 a.m.,0.9538,bclean
986,act_arr_time,6:19 a.m.,0.9525,bclean
987,sched_arr_time,10:45 a.m.,0.9170,bclean
987,act_dep_time,7:40 a.m.,0.5942,bclean
987,act_arr_time,11:12 a.m.,0.8536,bclean
988,sched_arr_time,9:10 p.m.,0.8935,bclean
988,act_arr_time,8:43 p.m.,0.6667,bclean
989,sched_arr_time,6:30 p.m.,0.8941,bclean
989,act_arr_time,6:43 p.m.,0.9356,bclean
990,act_dep_time,7:16 a.m.,0.9878,bclean
990,act_arr_time,9:22 a.m.,0.6974,bclean
991,act_dep_time,6:54 a.m.,0.9930,bclean
992,act_dep_time,8:29 a.m.,0.5833,bclean
993,act_dep_time,8:42 a.m.,0.5833,bclean
994,act_dep_time,7:58 p.m.,0.8673,bclean
994,act_arr_time,10:30 p.m.,1.0000,bclean
996,sched_dep_time,12:00 p.m.,1.0000,bclean
996,act_dep_time,12:11 p.m.,0.6230,bclean
998,act_dep_time,11:40 a.m.,0.7399,bclean
999,sched_arr_time,6:55 a.m.,0.9525,bclean
1000,act_dep_time,5:56 a.m.,0.9780,bclean
1001,act_dep_time,12:41 p.m.,0.6472,bclean
1003,act_dep_time,7:25 a.m.,0.9939,bclean
1004,act_dep_time,8:26 a.m.,0.6000,bclean
1005,act_dep_time,4:29 p.m.,0.6669,bclean
1007,act_dep_time,12:12 p.m.,0.6316,bclean
1008,act_dep_time,6:08 a.m.,0.6121,bclean
1012,act_dep_time,10:55 a.m.,0.8649,bclean
1013,act_dep_time,8:04 a.m.,0.9737,bclean
1014,act_dep_time,10:18 a.m.,0.9213,bclean
1015,act_dep_time,8:04 a.m.,0.9890,bclean
1016,act_dep_time,2:04 p.m.,0.7859,bclean
1016,act_arr_time,3:19 p.m.,0.6710,bclean
1017,act_dep_time,10:10 a.m.,0.9472,bclean
1018,act_dep_time,12:13 p.m.,0.9267,bclean
1019,sched_dep_time,12:00 p.m.,0.9960,bclean
1020,act_dep_time,7:39 a.m.,0.6406,bclean
1021,act_dep_time,11:52 a.m.,0.9755,bclean
1022,act_dep_time,11:05 a.m.,0.6685,bclean
1023,act_dep_time,7:21 a.m.,0.9857,bclean
1025,act_dep_time,6:55 p.m.,0.8744,bclean
1026,sched_arr_time,12:21 a.m.,0.8807,bclean
1029,act_dep_time,6:56 a.m.,0.7279,bclean
1030,act_dep_time,7:30 a.m.,0.9695,bclean
1032,act_dep_time,8:23 p.m.,0.9089,bclean
1034,act_dep_time,11:02 a.m.,0.5296,bclean
1035,act_dep_time,1:31 p.m.,0.7965,bclean
1036,sched_arr_time,5:50 a.m.,1.0000,bclean
1038,sched_arr_time,12:15 a.m.,0.9010,bclean
1040,act_dep_time,7:22 a.m.,0.6685,bclean
1041,act_dep_time,8:51 a.m.,0.6934,bclean
1042,act_dep_time,2:26 p.m.,0.8291,bclean
1043,act_dep_time,8:37 a.m.,0.5556,bclean
1044,sched_arr_time,3:30 p.m.,0.5295,bclean
1044,sched_dep_time,7:10 a.m.,0.9408,bclean
1047,act_dep_time,1:45 p.m.,0.5556,bclean
1049,act_dep_time,8:39 p.m.,0.8632,bclean
1049,act_arr_time,9:19 p.m.,0.9971,bclean
1052,act_dep_time,2:44 p.m.,0.9675,bclean
1053,act_dep_time,3:27 p.m.,0.8908,bclean
1054,act_dep_time,7:22 a.m.,0.9798,bclean
1056,act_dep_time,12:10 p.m.,0.6685,bclean
1058,act_dep_time,1:19 p.m.,0.7423,bclean
1059,act_dep_time,7:49 a.m.,0.5385,bclean
1060,act_dep_time,8:56 a.m.,0.9515,bclean
1061,act_dep_time,3:36 p.m.,0.6577,bclean
1062,act_dep_time,4:12 p.m.,0.9227,bclean
1065,act_dep_time,10:54 a.m.,0.9767,bclean
1066,act_dep_time,7:31 a.m.,0.6949,bclean
1067,act_dep_time,6:57 a.m.,0.9412,bclean
1069,act_dep_time,6:10 a.m.,0.7984,bclean
1070,act_dep_time,7:39 a.m.,0.6847,bclean
1072,sched_dep_time,10:40 a.m.,0.7466,bclean
1074,act_dep_time,8:29 a.m.,0.5825,bclean
1075,sched_dep_time,10:40 a.m.,0.7466,bclean
1075,act_dep_time,8:42 a.m.,0.5833,bclean
1076,act_arr_time,10:28 p.m.,0.8100,bclean
1077,act_dep_time,12:11 p.m.,0.6229,bclean
1078,act_dep_time,3:28 p.m.,0.6177,bclean
1079,sched_dep_time,11:25 a.m.,0.5709,bclean
1079,act_dep_time,11:32 a.m.,0.9951,bclean
1080,sched_dep_time,10:40 a.m.,0.7466,bclean
1081,sched_arr_time,6:55 a.m.,0.9525,bclean
1081,act_dep_time,7:59 p.m.,0.9893,bclean
1082,sched_arr_time,7:23 a.m.,1.0000,bclean
1082,sched_dep_time,6:00 a.m.,1.0000,bclean
1083,sched_dep_time,10:40 a.m.,0.7466,bclean
1083,act_dep_time,12:41 a.m.,0.5833,bclean
1085,sched_dep_time,10:40 a.m.,0.7466,bclean
1086,sched_dep_time,10:40 a.m.,0.7563,bclean
1086,act_dep_time,10:19 a.m.,0.5833,bclean
1088,sched_dep_time,10:40 a.m.,0.7466,bclean
1088,act_dep_time,7:23 a.m.,0.8902,bclean
1090,act_dep_time,4:29 p.m.,0.6656,bclean
1091,sched_dep_time,10:40 a.m.,0.9025,bclean
1092,sched_dep_time,10:40 a.m.,0.7466,bclean
1092,act_dep_time,2:48 p.m.,0.6296,bclean
1093,sched_dep_time,10:40 a.m.,0.7466,bclean
1093,act_dep_time,8:00 a.m.,0.5833,bclean
1094,sched_dep_time,10:40 a.m.,0.7466,bclean
1094,act_dep_time,11:45 a.m.,0.9673,bclean
1095,act_dep_time,12:12 p.m.,0.6312,bclean
1096,sched_arr_time,1:17 p.m.,1.0000,bclean
1096,sched_dep_time,11:40 a.m.,1.0000,bclean
1096,act_dep_time,11:56 a.m.,0.6936,bclean
1097,act_dep_time,6:08 a.m.,0.6114,bclean
1099,sched_dep_time,10:40 a.m.,0.7466,bclean
1099,act_dep_time,6:02 a.m.,0.6154,bclean
1100,sched_dep_time,10:40 a.m.,0.7466,bclean
1100,act_dep_time,8:40 a.m.,0.5833,bclean
1103,sched_dep_time,10:40 a.m.,0.7466,bclean
1103,act_dep_time,7:49 a.m.,0.5385,bclean
1104,sched_dep_time,10:40 a.m.,0.7466,bclean
1105,sched_dep_time,10:40 a.m.,0.7466,bclean
1106,act_dep_time,2:26 p.m.,0.5954,bclean
1108,sched_dep_time,10:40 a.m.,0.7466,bclean
1109,sched_dep_time,10:40 a.m.,0.7466,bclean
1110,act_dep_time,11:05 a.m.,0.6679,bclean
1111,sched_dep_time,10:40 a.m.,0.7466,bclean
1111,act_dep_time,3:28 p.m.,0.5000,bclean
1112,sched_dep_time,10:40 a.m.,0.7466,bclean
1112,act_arr_time,3:33 p.m.,0.5765,bclean
1114,act_dep_time,7:59 p.m.,0.9893,bclean
1116,sched_arr_time,12:21 a.m.,0.8807,bclean
1116,act_dep_time,7:59 p.m.,0.9893,bclean
1117,sched_dep_time,10:40 a.m.,0.7466,bclean
1117,act_dep_time,2:37 p.m.,0.9250,bclean
1118,act_dep_time,9:14 a.m.,0.7286,bclean
1119,act_dep_time,6:56 a.m.,0.7263,bclean
1120,act_arr_time,9:26 a.m.,0.5714,bclean
1121,sched_dep_time,10:40 a.m.,0.7466,bclean
1123,sched_dep_time,4:16 p.m.,0.6241,bclean
1123,act_dep_time,4:15 p.m.,0.9966,bclean
1124,act_arr_time,9:53 p.m.,0.5870,bclean
1125,sched_dep_time,10:40 a.m.,0.7466,bclean
1125,act_dep_time,10:20 a.m.,0.5833,bclean
1126,sched_dep_time,10:40 a.m.,0.7466,bclean
1128,act_dep_time,1:31 p.m.,0.6852,bclean
1129,act_arr_time,2:50 p.m.,0.5662,bclean
1130,sched_dep_time,10:40 a.m.,0.7466,bclean
1130,act_dep_time,1:48 p.m.,0.6154,bclean
1131,sched_arr_time,5:50 a.m.,1.0000,bclean
1131,act_dep_time,7:59 p.m.,0.9893,bclean
1132,sched_arr_time,12:29 a.m.,0.9057,bclean
1132,act_dep_time,7:59 p.m.,0.9893,bclean
1133,sched_arr_time,12:15 a.m.,0.9010,bclean
1133,act_dep_time,7:59 p.m.,0.9893,bclean
1134,act_dep_time,7:59 p.m.,0.9893,bclean
1135,act_dep_time,7:22 a.m.,0.6642,bclean
1136,act_dep_time,8:51 a.m.,0.6926,bclean
1137,sched_arr_time,9:24 a.m.,1.0000,bclean
1137,sched_dep_time,8:29 a.m.,1.0000,bclean
1137,act_dep_time,8:26 a.m.,0.9951,bclean
1138,sched_arr_time,3:30 p.m.,0.5295,bclean
1138,sched_dep_time,7:10 a.m.,0.9408,bclean
1138,act_dep_time,7:59 p.m.,0.9893,bclean
1139,sched_dep_time,10:40 a.m.,0.7466,bclean
1139,act_dep_time,3:01 p.m.,0.6667,bclean
1140,sched_dep_time,10:40 a.m.,0.7466,bclean
1141,sched_arr_time,5:11 a.m.,0.9057,bclean
1141,act_dep_time,7:59 p.m.,0.9893,bclean
1142,sched_dep_time,4:00 p.m.,0.8264,bclean
1142,act_dep_time,7:59 p.m.,0.9893,bclean
1143,sched_dep_time,10:40 a.m.,0.7466,bclean
1144,sched_dep_time,10:40 a.m.,0.7466,bclean
1145,sched_dep_time,10:40 a.m.,0.7466,bclean
1146,sched_dep_time,10:40 a.m.,0.7466,bclean
1147,sched_dep_time,10:40 a.m.,0.7466,bclean
1147,act_dep_time,2:48 p.m.,0.6296,bclean
1148,sched_dep_time,10:40 a.m.,0.7466,bclean
1149,act_arr_time,3:43 p.m.,0.5170,bclean
1152,act_dep_time,12:10 p.m.,0.6669,bclean
1154,sched_dep_time,10:40 a.m.,0.7466,bclean
1154,act_dep_time,9:58 a.m.,0.5556,bclean
1156,sched_dep_time,10:40 a.m.,0.7466,bclean
1156,act_arr_time,10:16 a.m.,0.5386,bclean
1157,act_dep_time,3:36 p.m.,0.6569,bclean
1158,act_arr_time,8:06 a.m.,0.6651,bclean
1159,sched_dep_time,10:40 a.m.,0.5989,bclean
1159,act_dep_time,11:20 a.m.,0.8810,bclean
1160,act_arr_time,6:15 p.m.,0.7082,bclean
1162,act_dep_time,7:39 a.m.,0.6366,bclean
1163,sched_dep_time,10:40 a.m.,0.7466,bclean
1163,act_dep_time,3:31 p.m.,0.6429,bclean
1167,act_dep_time,3:58 p.m.,0.7852,bclean
1168,act_dep_time,6:10 a.m.,0.7973,bclean
1169,act_dep_time,7:39 a.m.,0.6821,bclean
1170,act_dep_time,7:31 a.m.,0.6941,bclean
1171,act_dep_time,7:59 p.m.,0.7143,bclean
1172,act_arr_time,9:28 a.m.,0.9732,bclean
1173,sched_dep_time,10:40 a.m.,0.6636,bclean
1173,act_arr_time,10:29 p.m.,0.7156,bclean
1174,act_dep_time,7:59 p.m.,0.7143,bclean
1175,act_dep_time,7:59 p.m.,0.8379,bclean
1175,act_arr_time,10:28 p.m.,0.8100,bclean
1176,sched_arr_time,7:23 a.m.,1.0000,bclean
1176,sched_dep_time,6:00 a.m.,1.0000,bclean
1176,act_arr_time,7:17 a.m.,0.9948,bclean
1177,sched_dep_time,10:40 a.m.,0.6636,bclean
1177,act_arr_time,9:56 a.m.,0.8100,bclean
1179,act_dep_time,7:59 p.m.,0.7143,bclean
1180,sched_dep_time,10:40 a.m.,0.6636,bclean
1180,act_arr_time,8:03 p.m.,0.8475,bclean
1181,act_arr_time,9:05 a.m.,0.8280,bclean
1182,act_dep_time,7:59 p.m.,0.7143,bclean
1183,act_dep_time,7:59 p.m.,0.7143,bclean
1186,act_arr_time,2:50 p.m.,0.5662,bclean
1187,sched_dep_time,1:00 p.m.,0.7483,bclean
1187,act_dep_time,2:04 p.m.,0.9707,bclean
1189,act_arr_time,2:46 p.m.,0.8719,bclean
1190,sched_arr_time,5:15 p.m.,0.7149,bclean
1190,act_dep_time,7:59 p.m.,0.7143,bclean
1192,act_dep_time,7:59 p.m.,0.7143,bclean
1193,sched_arr_time,12:21 a.m.,0.8807,bclean
1194,sched_dep_time,10:40 a.m.,0.6636,bclean
1194,act_dep_time,5:09 p.m.,0.7500,bclean
1196,act_arr_time,9:53 p.m.,0.5870,bclean
1197,act_dep_time,7:59 p.m.,0.7143,bclean
1198,act_dep_time,11:02 a.m.,0.5272,bclean
1199,act_dep_time,7:59 p.m.,0.7143,bclean
1200,act_dep_time,12:10 a.m.,1.0000,bclean
1200,act_arr_time,5:42 a.m.,1.0000,bclean
1201,act_arr_time,5:42 p.m.,0.8711,bclean
1203,sched_dep_time,10:40 a.m.,0.6636,bclean
1203,act_arr_time,4:59 p.m.,0.7157,bclean
1204,sched_dep_time,10:40 a.m.,0.6636,bclean
1204,act_arr_time,8:45 a.m.,0.5837,bclean
1205,act_dep_time,7:59 p.m.,0.7143,bclean
1206,sched_arr_time,6:15 p.m.,0.5981,bclean
1206,sched_dep_time,2:30 p.m.,0.8889,bclean
1206,act_dep_time,7:59 p.m.,0.7143,bclean
1207,sched_dep_time,10:40 a.m.,0.6636,bclean
1208,sched_dep_time,10:40 a.m.,0.6636,bclean
1209,sched_dep_time,10:40 a.m.,0.6636,bclean
1209,act_arr_time,12:12 p.m.,0.6255,bclean
1212,sched_arr_time,12:29 a.m.,0.9057,bclean
1213,act_dep_time,7:59 p.m.,0.7143,bclean
1214,act_dep_time,7:59 p.m.,0.7143,bclean
1215,act_dep_time,7:59 p.m.,0.7143,bclean
1218,act_arr_time,6:43 p.m.,0.8912,bclean
1220,act_dep_time,7:59 p.m.,0.7143,bclean
1221,sched_arr_time,6:30 p.m.,0.5385,bclean
1221,act_dep_time,7:59 p.m.,0.7143,bclean
1222,act_dep_time,7:59 p.m.,0.7143,bclean
1223,act_arr_time,11:12 a.m.,0.8600,bclean
1224,sched_dep_time,4:15 p.m.,0.5000,bclean
1225,act_dep_time,7:59 p.m.,0.9946,bclean
1226,sched_dep_time,4:15 p.m.,0.5000,bclean
1226,act_arr_time,9:28 a.m.,0.8000,bclean
1227,sched_arr_time,11:55 a.m.,1.0000,bclean
1227,sched_dep_time,8:00 a.m.,1.0000,bclean
1227,act_arr_time,11:58 a.m.,0.9935,bclean
1228,sched_dep_time,4:15 p.m.,0.5000,bclean
1228,act_dep_time,7:25 a.m.,0.5385,bclean
1229,sched_dep_time,4:15 p.m.,0.5000,bclean
1230,sched_dep_time,4:15 p.m.,0.5000,bclean
1230,act_arr_time,5:17 p.m.,0.6007,bclean
1231,act_dep_time,7:59 p.m.,0.7143,bclean
1232,sched_dep_time,4:15 p.m.,0.5000,bclean
1232,act_arr_time,4:56 p.m.,0.5005,bclean
1233,act_arr_time,11:21 a.m.,0.5561,bclean
1234,sched_dep_time,4:15 p.m.,0.5000,bclean
1234,act_arr_time,6:35 a.m.,1.0000,bclean
1235,sched_arr_time,7:23 a.m.,1.0000,bclean
1235,sched_dep_time,6:00 a.m.,1.0000,bclean
1235,act_arr_time,7:17 a.m.,0.9948,bclean
1236,act_dep_time,7:59 p.m.,0.7143,bclean
1237,sched_dep_time,4:15 p.m.,0.5000,bclean
1238,act_dep_time,7:59 p.m.,0.7143,bclean
1239,act_dep_time,7:59 p.m.,0.7143,bclean
1240,sched_dep_time,4:15 p.m.,0.5000,bclean
1240,act_dep_time,10:10 a.m.,0.6224,bclean
1240,act_arr_time,1:27 p.m.,0.8355,bclean
1241,sched_dep_time,4:15 p.m.,0.5000,bclean
1242,sched_dep_time,4:15 p.m.,0.5000,bclean
1242,act_arr_time,9:45 a.m.,0.7681,bclean
1243,sched_dep_time,4:15 p.m.,0.9979,bclean
1243,act_arr_time,7:39 p.m.,0.8899,bclean
1244,sched_dep_time,10:40 a.m.,0.9961,bclean
1245,act_dep_time,7:59 p.m.,0.7143,bclean
1246,act_dep_time,7:59 p.m.,0.7143,bclean
1247,sched_dep_time,4:15 p.m.,0.5000,bclean
1248,sched_arr_time,3:50 p.m.,1.0000,bclean
1248,sched_dep_time,11:50 a.m.,0.9981,bclean
1248,act_arr_time,4:09 p.m.,0.9663,bclean
1249,act_dep_time,7:59 p.m.,0.7143,bclean
1250,sched_dep_time,4:15 p.m.,0.5000,bclean
1250,act_dep_time,6:08 a.m.,0.5974,bclean
1250,act_arr_time,9:05 a.m.,0.7779,bclean
1251,sched_dep_time,4:15 p.m.,0.5000,bclean
1251,act_arr_time,5:03 p.m.,0.6672,bclean
1252,act_dep_time,7:59 p.m.,0.7143,bclean
1253,act_dep_time,7:59 p.m.,0.7143,bclean
1254,sched_dep_time,4:15 p.m.,0.5000,bclean
1255,sched_dep_time,1:00 p.m.,0.9981,bclean
1255,act_dep_time,2:04 p.m.,0.9972,bclean
1255,act_arr_time,3:19 p.m.,0.6710,bclean
1256,sched_dep_time,4:15 p.m.,0.5000,bclean
1256,act_arr_time,1:30 p.m.,0.5460,bclean
1257,sched_dep_time,4:15 p.m.,0.5000,bclean
1257,act_arr_time,3:21 p.m.,0.6864,bclean
1258,sched_dep_time,4:15 p.m.,0.5000,bclean
1258,act_arr_time,2:01 p.m.,0.5836,bclean
1259,sched_arr_time,6:15 p.m.,1.0000,bclean
1259,sched_dep_time,2:30 p.m.,0.9964,bclean
1259,act_arr_time,5:42 p.m.,0.8741,bclean
1260,sched_dep_time,4:15 p.m.,0.5000,bclean
1260,act_arr_time,1:08 p.m.,0.5984,bclean
1261,act_dep_time,7:59 p.m.,0.7143,bclean
1262,sched_arr_time,10:48 p.m.,0.9539,bclean
1262,act_dep_time,8:25 p.m.,0.9873,bclean
1262,act_arr_time,9:52 p.m.,0.9909,bclean
1263,sched_dep_time,10:40 a.m.,0.9986,bclean
1263,act_arr_time,2:46 p.m.,0.8738,bclean
1264,sched_dep_time,4:15 p.m.,0.5000,bclean
1265,act_dep_time,7:59 p.m.,0.7143,bclean
1266,sched_dep_time,4:15 p.m.,0.5000,bclean
1266,act_arr_time,10:29 a.m.,0.5002,bclean
1267,sched_dep_time,4:15 p.m.,0.5000,bclean
1268,sched_dep_time,4:15 p.m.,0.5000,bclean
1269,sched_dep_time,10:40 a.m.,0.5554,bclean
1269,act_dep_time,11:01 a.m.,0.5125,bclean
1270,sched_arr_time,12:21 a.m.,0.8807,bclean
1270,act_dep_time,7:59 p.m.,0.7143,bclean
1271,sched_dep_time,1:00 p.m.,0.9984,bclean
1272,act_dep_time,7:59 p.m.,0.7143,bclean
1273,sched_dep_time,4:15 p.m.,0.5000,bclean
1273,act_dep_time,6:56 a.m.,0.7654,bclean
1273,act_arr_time,7:51 a.m.,0.7275,bclean
1274,sched_dep_time,4:15 p.m.,0.5000,bclean
1275,sched_dep_time,4:15 p.m.,0.5000,bclean
1275,act_dep_time,5:08 p.m.,0.9367,bclean
1275,act_arr_time,7:55 p.m.,0.7742,bclean
1276,sched_dep_time,4:15 p.m.,0.5000,bclean
1277,sched_dep_time,4:15 p.m.,0.5000,bclean
1277,act_dep_time,3:58 p.m.,0.6667,bclean
1278,sched_dep_time,4:15 p.m.,0.5000,bclean
1278,act_arr_time,7:36 p.m.,0.5560,bclean
1279,sched_dep_time,4:15 p.m.,0.5000,bclean
1279,act_arr_time,9:53 p.m.,0.5002,bclean
1280,act_dep_time,7:59 p.m.,0.7143,bclean
1281,sched_dep_time,4:15 p.m.,0.5000,bclean
1281,act_dep_time,7:39 a.m.,0.6364,bclean
1282,sched_dep_time,10:40 a.m.,0.9979,bclean
1282,act_arr_time,3:04 p.m.,0.8050,bclean
1283,sched_arr_time,4:31 p.m.,1.0000,bclean
1283,sched_dep_time,1:33 p.m.,1.0000,bclean
1283,act_arr_time,4:23 p.m.,0.8240,bclean
1284,sched_dep_time,4:15 p.m.,0.5000,bclean
1284,act_dep_time,12:41 p.m.,0.7613,bclean
1285,act_dep_time,7:59 p.m.,0.7143,bclean
1286,sched_dep_time,4:15 p.m.,0.5000,bclean
1287,sched_dep_time,4:15 p.m.,0.5000,bclean
1287,act_arr_time,12:01 a.m.,1.0000,bclean
1288,sched_arr_time,12:15 a.m.,1.0000,bclean
1288,sched_dep_time,9:00 p.m.,1.0000,bclean
1289,sched_dep_time,8:25 p.m.,0.9973,bclean
1290,sched_dep_time,4:15 p.m.,0.5000,bclean
1290,act_dep_time,7:22 a.m.,0.6404,bclean
1290,act_arr_time,10:04 a.m.,0.9166,bclean
1291,sched_arr_time,11:50 a.m.,1.0000,bclean
1291,sched_dep_time,8:35 a.m.,1.0000,bclean
1291,act_arr_time,11:44 a.m.,0.9073,bclean
1292,sched_arr_time,9:24 a.m.,1.0000,bclean
1292,sched_dep_time,8:29 a.m.,1.0000,bclean
1292,act_dep_time,8:26 a.m.,0.9951,bclean
1293,sched_dep_time,4:15 p.m.,0.5000,bclean
1294,act_dep_time,7:59 p.m.,0.7143,bclean
1295,sched_dep_time,4:15 p.m.,0.5000,bclean
1295,act_arr_time,8:45 a.m.,0.5837,bclean
1296,sched_arr_time,5:11 a.m.,0.9057,bclean
1296,act_dep_time,7:59 p.m.,0.7143,bclean
1297,sched_dep_time,4:15 p.m.,0.5000,bclean
1298,sched_dep_time,4:15 p.m.,0.5000,bclean
1298,act_dep_time,1:50 p.m.,1.0000,bclean
1299,sched_dep_time,4:15 p.m.,0.5000,bclean
1299,act_arr_time,2:02 p.m.,0.6671,bclean
1300,sched_dep_time,4:15 p.m.,0.5000,bclean
1300,act_arr_time,9:11 p.m.,0.6671,bclean
1301,sched_dep_time,4:15 p.m.,0.5000,bclean
1301,act_arr_time,4:24 p.m.,0.6368,bclean
1302,act_dep_time,7:59 p.m.,0.7143,bclean
1303,act_dep_time,7:59 p.m.,0.7143,bclean
1304,sched_dep_time,2:35 p.m.,0.9987,bclean
1305,sched_dep_time,4:15 p.m.,0.5000,bclean
1305,act_dep_time,3:27 p.m.,0.7120,bclean
1305,act_arr_time,5:43 p.m.,0.8002,bclean
1306,sched_dep_time,4:15 p.m.,0.5000,bclean
1306,act_dep_time,7:23 a.m.,0.7136,bclean
1306,act_arr_time,11:07 a.m.,0.5832,bclean
1307,sched_dep_time,4:15 p.m.,0.5000,bclean
1307,act_dep_time,12:10 p.m.,0.6404,bclean
1307,act_arr_time,1:43 p.m.,0.7780,bclean
1308,sched_dep_time,4:15 p.m.,0.5000,bclean
1308,act_arr_time,11:01 a.m.,0.6364,bclean
1309,sched_dep_time,9:05 a.m.,1.0000,bclean
1309,act_dep_time,7:59 p.m.,0.7143,bclean
1310,sched_arr_time,2:35 p.m.,1.0000,bclean
1310,sched_dep_time,1:05 p.m.,0.9987,bclean
1310,act_arr_time,3:01 p.m.,0.6720,bclean
1311,sched_dep_time,4:15 p.m.,0.5000,bclean
1312,sched_arr_time,6:30 p.m.,1.0000,bclean
1312,sched_dep_time,3:05 p.m.,0.9998,bclean
1312,act_dep_time,3:36 p.m.,0.5072,bclean
1312,act_arr_time,6:43 p.m.,0.9386,bclean
1313,sched_dep_time,4:15 p.m.,0.5000,bclean
1313,act_arr_time,8:06 a.m.,0.5335,bclean
1314,sched_dep_time,4:15 p.m.,0.5000,bclean
1314,act_arr_time,6:15 p.m.,0.5335,bclean
1315,sched_dep_time,4:15 p.m.,0.5000,bclean
1315,act_arr_time,2:27 p.m.,0.6319,bclean
1316,act_dep_time,7:59 p.m.,0.7143,bclean
1317,sched_dep_time,4:15 p.m.,0.5000,bclean
1317,act_arr_time,6:17 p.m.,0.7688,bclean
1318,sched_dep_time,10:40 a.m.,0.9982,bclean
1318,act_arr_time,12:48 p.m.,0.7761,bclean
1319,sched_dep_time,4:15 p.m.,0.5000,bclean
1319,act_arr_time,7:32 a.m.,0.5456,bclean
1320,act_dep_time,7:59 p.m.,0.7143,bclean
1321,sched_dep_time,4:15 p.m.,0.5000,bclean
1321,act_arr_time,6:19 a.m.,0.5563,bclean
1322,sched_arr_time,10:45 a.m.,1.0000,bclean
1322,sched_dep_time,7:10 a.m.,1.0000,bclean
1322,act_arr_time,11:12 a.m.,0.8600,bclean
1323,sched_dep_time,4:15 p.m.,0.5000,bclean
1325,act_arr_time,10:29 p.m.,0.8098,bclean
1328,act_dep_time,12:35 p.m.,0.5000,bclean
1329,act_dep_time,7:59 p.m.,0.8354,bclean
1329,act_arr_time,10:28 p.m.,0.8100,bclean
1330,act_dep_time,12:11 p.m.,0.6230,bclean
1332,sched_dep_time,11:25 a.m.,1.0000,bclean
1332,act_dep_time,11:32 a.m.,0.9965,bclean
1333,act_dep_time,12:35 p.m.,0.5000,bclean
1334,sched_arr_time,6:55 a.m.,0.9525,bclean
1334,act_dep_time,12:35 p.m.,0.5000,bclean
1338,act_dep_time,12:35 p.m.,0.5000,bclean
1339,sched_dep_time,9:45 a.m.,1.0000,bclean
1339,act_dep_time,10:19 a.m.,0.9965,bclean
1340,sched_dep_time,9:05 a.m.,1.0000,bclean
1340,act_dep_time,10:10 a.m.,0.9491,bclean
1343,act_dep_time,4:29 p.m.,0.6669,bclean
1344,sched_dep_time,10:45 a.m.,1.0000,bclean
1344,act_dep_time,10:55 a.m.,0.8806,bclean
1348,sched_dep_time,11:50 a.m.,0.9901,bclean
1348,act_dep_time,12:12 p.m.,0.6316,bclean
1349,sched_dep_time,11:40 a.m.,1.0000,bclean
1349,act_dep_time,11:56 a.m.,0.6936,bclean
1351,sched_dep_time,11:05 a.m.,1.0000,bclean
1351,act_dep_time,11:30 a.m.,1.0000,bclean
1354,sched_dep_time,10:15 a.m.,1.0000,bclean
1355,act_dep_time,2:04 p.m.,0.7681,bclean
1355,act_arr_time,3:19 p.m.,0.6710,bclean
1356,sched_dep_time,7:53 a.m.,1.0000,bclean
1356,act_dep_time,7:49 a.m.,0.8214,bclean
1357,sched_arr_time,3:19 p.m.,0.6009,bclean
1357,act_arr_time,3:21 p.m.,1.0000,bclean
1358,sched_dep_time,11:45 a.m.,1.0000,bclean
1358,act_dep_time,12:13 p.m.,0.9357,bclean
1359,sched_dep_time,2:30 p.m.,0.9938,bclean
1359,act_dep_time,2:26 p.m.,0.5963,bclean
1360,act_dep_time,11:51 a.m.,0.9775,bclean
1362,sched_arr_time,8:56 p.m.,0.7792,bclean
1362,act_arr_time,9:52 p.m.,0.9935,bclean
1363,sched_dep_time,10:40 a.m.,0.9555,bclean
1363,act_dep_time,11:05 a.m.,0.6685,bclean
1365,act_dep_time,3:36 p.m.,0.9657,bclean
1367,act_dep_time,12:35 p.m.,0.5000,bclean
1368,act_dep_time,6:55 p.m.,0.8744,bclean
1369,sched_arr_time,12:21 a.m.,0.8807,bclean
1369,act_dep_time,12:35 p.m.,0.5000,bclean
1370,sched_dep_time,1:55 p.m.,0.8996,bclean
1370,act_dep_time,2:10 p.m.,0.8792,bclean
1371,sched_dep_time,9:15 a.m.,1.0000,bclean
1371,act_dep_time,9:14 a.m.,0.7296,bclean
1374,act_dep_time,5:08 p.m.,0.8307,bclean
1377,act_dep_time,8:23 p.m.,0.9089,bclean
1378,sched_dep_time,10:25 a.m.,1.0000,bclean
1378,act_dep_time,10:20 a.m.,0.9965,bclean
1380,sched_dep_time,10:40 a.m.,1.0000,bclean
1380,act_dep_time,11:02 a.m.,0.5296,bclean
1382,act_dep_time,12:41 p.m.,0.6472,bclean
1384,sched_arr_time,5:50 a.m.,1.0000,bclean
1384,act_dep_time,12:35 p.m.,0.5000,bclean
1385,sched_arr_time,12:29 a.m.,0.9057,bclean
1385,act_dep_time,12:35 p.m.,0.5000,bclean
1386,sched_arr_time,12:15 a.m.,0.9010,bclean
1386,act_dep_time,12:35 p.m.,0.5000,bclean
1387,act_dep_time,12:35 p.m.,0.5000,bclean
1390,act_dep_time,12:35 p.m.,0.5000,bclean
1393,sched_arr_time,5:11 a.m.,0.9057,bclean
1393,act_dep_time,12:35 p.m.,0.5000,bclean
1394,sched_dep_time,4:00 p.m.,0.8264,bclean
1394,act_dep_time,12:35 p.m.,0.5000,bclean
1395,sched_arr_time,8:27 a.m.,1.0000,bclean
1395,act_arr_time,8:02 a.m.,1.0000,bclean
1396,sched_dep_time,11:15 a.m.,1.0000,bclean
1396,act_dep_time,11:15 a.m.,1.0000,bclean
1397,sched_arr_time,9:20 p.m.,0.5451,bclean
1397,act_arr_time,9:19 p.m.,1.0000,bclean
1400,act_dep_time,12:35 p.m.,0.5000,bclean
1401,act_dep_time,2:44 p.m.,0.9675,bclean
1402,act_dep_time,3:27 p.m.,0.8910,bclean
1404,act_dep_time,12:10 p.m.,0.6685,bclean
1406,act_dep_time,9:14 a.m.,0.6429,bclean
1407,act_dep_time,1:19 p.m.,0.7423,bclean
1409,act_dep_time,3:36 p.m.,0.6577,bclean
1411,sched_dep_time,11:25 a.m.,1.0000,bclean
1411,act_dep_time,11:40 a.m.,0.7662,bclean
1412,act_dep_time,4:12 p.m.,0.9227,bclean
1413,sched_dep_time,11:35 a.m.,1.0000,bclean
1413,act_dep_time,11:52 a.m.,0.9764,bclean
1416,sched_dep_time,11:55 a.m.,1.0000,bclean
1416,act_dep_time,11:43 a.m.,0.8721,bclean
1417,sched_dep_time,10:40 a.m.,1.0000,bclean
1417,act_dep_time,10:54 a.m.,0.9797,bclean
1422,sched_dep_time,7:10 a.m.,0.9998,bclean
1422,act_dep_time,7:31 a.m.,0.6949,bclean
1423,sched_dep_time,11:50 a.m.,0.9977,bclean
1423,act_dep_time,7:59 p.m.,0.7143,bclean
1424,sched_dep_time,8:29 a.m.,1.0000,bclean
1424,act_dep_time,7:59 p.m.,0.7143,bclean
1425,sched_arr_time,4:05 p.m.,0.9502,bclean
1425,act_dep_time,7:59 p.m.,0.7143,bclean
1426,sched_dep_time,1:33 p.m.,1.0000,bclean
1426,act_dep_time,7:59 p.m.,0.7143,bclean
1460,act_dep_time,4:28 p.m.,0.9992,bclean
1460,act_arr_time,12:01 a.m.,1.0000,bclean
1462,act_dep_time,9:06 p.m.,1.0000,bclean
1462,act_arr_time,11:49 p.m.,1.0000,bclean
1465,act_arr_time,10:30 p.m.,1.0000,bclean
1474,act_arr_time,9:19 p.m.,0.9971,bclean
1480,act_dep_time,7:15 p.m.,1.0000,bclean
1480,act_arr_time,12:21 a.m.,1.0000,bclean
1482,sched_dep_time,8:00 a.m.,1.0000,bclean
1482,act_dep_time,7:59 p.m.,0.7143,bclean
1483,sched_dep_time,3:05 p.m.,0.9997,bclean
1483,act_dep_time,7:59 p.m.,0.7143,bclean
1484,sched_dep_time,8:35 a.m.,1.0000,bclean
1484,act_dep_time,7:59 p.m.,0.7143,bclean
1485,sched_dep_time,7:10 a.m.,1.0000,bclean
1485,act_dep_time,7:59 p.m.,0.7143,bclean
1486,sched_dep_time,2:30 p.m.,0.9960,bclean
1486,act_dep_time,7:59 p.m.,0.7143,bclean
1487,sched_dep_time,6:00 a.m.,1.0000,bclean
1487,act_dep_time,7:59 p.m.,0.7143,bclean
1488,sched_dep_time,4:15 p.m.,0.5000,bclean
1489,act_dep_time,7:59 p.m.,0.9946,bclean
1490,sched_dep_time,4:15 p.m.,0.5000,bclean
1490,act_arr_time,9:28 a.m.,0.8000,bclean
1491,sched_arr_time,11:55 a.m.,1.0000,bclean
1491,sched_dep_time,8:00 a.m.,1.0000,bclean
1491,act_arr_time,11:58 a.m.,0.9935,bclean
1492,sched_dep_time,4:15 p.m.,0.5000,bclean
1492,act_dep_time,7:25 a.m.,0.5385,bclean
1493,sched_dep_time,4:15 p.m.,0.5000,bclean
1494,sched_dep_time,4:15 p.m.,0.5000,bclean
1494,act_arr_time,5:17 p.m.,0.6007,bclean
1495,act_dep_time,7:59 p.m.,0.7143,bclean
1496,sched_dep_time,4:15 p.m.,0.5000,bclean
1496,act_arr_time,4:56 p.m.,0.5005,bclean
1497,act_arr_time,11:21 a.m.,0.5561,bclean
1498,sched_dep_time,4:15 p.m.,0.5000,bclean
1498,act_arr_time,6:35 a.m.,1.0000,bclean
1499,sched_arr_time,7:23 a.m.,1.0000,bclean
1499,sched_dep_time,6:00 a.m.,1.0000,bclean
1499,act_arr_time,7:17 a.m.,0.9948,bclean
1500,act_dep_time,7:59 p.m.,0.7143,bclean
1501,sched_dep_time,4:15 p.m.,0.5000,bclean
1502,act_dep_time,7:59 p.m.,0.7143,bclean
1503,act_dep_time,7:59 p.m.,0.7143,bclean
1504,sched_dep_time,4:15 p.m.,0.5000,bclean
1504,act_dep_time,10:10 a.m.,0.6224,bclean
1504,act_arr_time,1:27 p.m.,0.8355,bclean
1505,sched_dep_time,4:15 p.m.,0.5000,bclean
1506,sched_dep_time,4:15 p.m.,0.5000,bclean
1506,act_arr_time,9:45 a.m.,0.7681,bclean
1507,sched_dep_time,4:15 p.m.,0.9979,bclean
1507,act_arr_time,7:39 p.m.,0.8899,bclean
1508,sched_dep_time,10:40 a.m.,0.9961,bclean
1509,act_dep_time,7:59 p.m.,0.7143,bclean
1510,act_dep_time,7:59 p.m.,0.7143,bclean
1511,sched_dep_time,4:15 p.m.,0.5000,bclean
1512,sched_arr_time,3:50 p.m.,1.0000,bclean
1512,sched_dep_time,11:50 a.m.,0.9981,bclean
1512,act_arr_time,4:09 p.m.,0.9663,bclean
1513,act_dep_time,7:59 p.m.,0.7143,bclean
1514,sched_dep_time,4:15 p.m.,0.5000,bclean
1514,act_dep_time,6:08 a.m.,0.5974,bclean
1514,act_arr_time,9:05 a.m.,0.7779,bclean
1515,sched_dep_time,4:15 p.m.,0.5000,bclean
1515,act_arr_time,5:03 p.m.,0.6672,bclean
1516,act_dep_time,7:59 p.m.,0.7143,bclean
1517,act_dep_time,7:59 p.m.,0.7143,bclean
1518,sched_dep_time,4:15 p.m.,0.5000,bclean
1519,sched_dep_time,1:00 p.m.,0.9981,bclean
1519,act_dep_time,2:04 p.m.,0.9972,bclean
1519,act_arr_time,3:19 p.m.,0.6710,bclean
1520,sched_dep_time,4:15 p.m.,0.5000,bclean
1520,act_arr_time,1:30 p.m.,0.5460,bclean
1521,sched_dep_time,4:15 p.m.,0.5000,bclean
1521,act_arr_time,3:21 p.m.,0.6864,bclean
1522,sched_dep_time,4:15 p.m.,0.5000,bclean
1522,act_arr_time,2:01 p.m.,0.5836,bclean
1523,sched_arr_time,6:15 p.m.,1.0000,bclean
1523,sched_dep_time,2:30 p.m.,0.9964,bclean
1523,act_arr_time,5:42 p.m.,0.8741,bclean
1524,sched_dep_time,4:15 p.m.,0.5000,bclean
1524,act_arr_time,1:08 p.m.,0.5984,bclean
1525,act_dep_time,7:59 p.m.,0.7143,bclean
1526,sched_arr_time,10:48 p.m.,0.9539,bclean
1526,act_dep_time,8:25 p.m.,0.9873,bclean
1526,act_arr_time,9:52 p.m.,0.9909,bclean
1527,sched_dep_time,10:40 a.m.,0.9986,bclean
1527,act_arr_time,2:46 p.m.,0.8738,bclean
1528,sched_dep_time,4:15 p.m.,0.5000,bclean
1529,act_dep_time,7:59 p.m.,0.7143,bclean
1530,sched_dep_time,4:15 p.m.,0.5000,bclean
1530,act_arr_time,10:29 a.m.,0.5002,bclean
1531,sched_dep_time,4:15 p.m.,0.5000,bclean
1532,sched_dep_time,4:15 p.m.,0.5000,bclean
1533,sched_dep_time,10:40 a.m.,0.5554,bclean
1533,act_dep_time,11:01 a.m.,0.5125,bclean
1534,sched_arr_time,12:21 a.m.,0.8807,bclean
1534,act_dep_time,7:59 p.m.,0.7143,bclean
1535,sched_dep_time,1:00 p.m.,0.9984,bclean
1536,act_dep_time,7:59 p.m.,0.7143,bclean
1537,sched_dep_time,4:15 p.m.,0.5000,bclean
1537,act_dep_time,6:56 a.m.,0.7654,bclean
1537,act_arr_time,7:51 a.m.,0.7275,bclean
1538,sched_dep_time,4:15 p.m.,0.5000,bclean
1539,sched_dep_time,4:15 p.m.,0.5000,bclean
1539,act_dep_time,5:08 p.m.,0.9367,bclean
1539,act_arr_time,7:55 p.m.,0.7742,bclean
1540,sched_dep_time,4:15 p.m.,0.5000,bclean
1541,sched_dep_time,4:15 p.m.,0.5000,bclean
1541,act_dep_time,3:58 p.m.,0.6667,bclean
1542,sched_dep_time,4:15 p.m.,0.5000,bclean
1542,act_arr_time,7:36 p.m.,0.5560,bclean
1543,sched_dep_time,4:15 p.m.,0.5000,bclean
1543,act_arr_time,9:53 p.m.,0.5002,bclean
1544,act_dep_time,7:59 p.m.,0.7143,bclean
1545,sched_dep_time,4:15 p.m.,0.5000,bclean
1545,act_dep_time,7:39 a.m.,0.6364,bclean
1546,sched_dep_time,10:40 a.m.,0.9979,bclean
1546,act_arr_time,3:04 p.m.,0.8050,bclean
1547,sched_arr_time,4:31 p.m.,1.0000,bclean
1547,sched_dep_time,1:33 p.m.,1.0000,bclean
1547,act_arr_time,4:23 p.m.,0.8240,bclean
1548,sched_dep_time,4:15 p.m.,0.5000,bclean
1548,act_dep_time,12:41 p.m.,0.7613,bclean
1549,act_dep_time,7:59 p.m.,0.7143,bclean
1550,sched_dep_time,4:15 p.m.,0.5000,bclean
1551,sched_dep_time,4:15 p.m.,0.5000,bclean
1551,act_arr_time,12:01 a.m.,1.0000,bclean
1552,sched_arr_time,12:15 a.m.,1.0000,bclean
1552,sched_dep_time,9:00 p.m.,1.0000,bclean
1553,sched_dep_time,8:25 p.m.,0.9973,bclean
1554,sched_dep_time,4:15 p.m.,0.5000,bclean
1554,act_dep_time,7:22 a.m.,0.6404,bclean
1554,act_arr_time,10:04 a.m.,0.9166,bclean
1555,sched_arr_time,11:50 a.m.,1.0000,bclean
1555,sched_dep_time,8:35 a.m.,1.0000,bclean
1555,act_arr_time,11:44 a.m.,0.9073,bclean
1556,sched_arr_time,9:24 a.m.,1.0000,bclean
1556,sched_dep_time,8:29 a.m.,1.0000,bclean
1556,act_dep_time,8:26 a.m.,0.9951,bclean
1557,sched_dep_time,4:15 p.m.,0.5000,bclean
1558,act_dep_time,7:59 p.m.,0.7143,bclean
1559,sched_dep_time,4:15 p.m.,0.5000,bclean
1559,act_arr_time,8:45 a.m.,0.5837,bclean
1560,sched_arr_time,5:11 a.m.,0.9057,bclean
1560,act_dep_time,7:59 p.m.,0.7143,bclean
1561,sched_dep_time,4:15 p.m.,0.5000,bclean
1562,sched_dep_time,4:15 p.m.,0.5000,bclean
1562,act_dep_time,1:50 p.m.,1.0000,bclean
1563,sched_dep_time,4:15 p.m.,0.5000,bclean
1563,act_arr_time,2:02 p.m.,0.6671,bclean
1564,sched_dep_time,4:15 p.m.,0.5000,bclean
1564,act_arr_time,9:11 p.m.,0.6671,bclean
1565,sched_dep_time,4:15 p.m.,0.5000,bclean
1565,act_arr_time,4:24 p.m.,0.6368,bclean
1566,act_dep_time,7:59 p.m.,0.7143,bclean
1567,act_dep_time,7:59 p.m.,0.7143,bclean
1568,sched_dep_time,2:35 p.m.,0.9987,bclean
1569,sched_dep_time,4:15 p.m.,0.5000,bclean
1569,act_dep_time,3:27 p.m.,0.7120,bclean
1569,act_arr_time,5:43 p.m.,0.8002,bclean
1570,sched_dep_time,4:15 p.m.,0.5000,bclean
1570,act_dep_time,7:23 a.m.,0.7136,bclean
1570,act_arr_time,11:07 a.m.,0.5832,bclean
1571,sched_dep_time,4:15 p.m.,0.5000,bclean
1571,act_dep_time,12:10 p.m.,0.6404,bclean
1571,act_arr_time,1:43 p.m.,0.7780,bclean
1572,sched_dep_time,4:15 p.m.,0.5000,bclean
1572,act_arr_time,11:01 a.m.,0.6364,bclean
1573,sched_dep_time,9:05 a.m.,1.0000,bclean
1573,act_dep_time,7:59 p.m.,0.7143,bclean
1574,sched_arr_time,2:35 p.m.,1.0000,bclean
1574,sched_dep_time,1:05 p.m.,0.9987,bclean
1574,act_arr_time,3:01 p.m.,0.6720,bclean
1575,sched_dep_time,4:15 p.m.,0.5000,bclean
1576,sched_arr_time,6:30 p.m.,1.0000,bclean
1576,sched_dep_time,3:05 p.m.,0.9998,bclean
1576,act_dep_time,3:36 p.m.,0.5072,bclean
1576,act_arr_time,6:43 p.m.,0.9386,bclean
1577,sched_dep_time,4:15 p.m.,0.5000,bclean
1577,act_arr_time,8:06 a.m.,0.5335,bclean
1578,sched_dep_time,4:15 p.m.,0.5000,bclean
1578,act_arr_time,6:15 p.m.,0.5335,bclean
1579,sched_dep_time,4:15 p.m.,0.5000,bclean
1579,act_arr_time,2:27 p.m.,0.6319,bclean
1580,act_dep_time,7:59 p.m.,0.7143,bclean
1581,sched_dep_time,4:15 p.m.,0.5000,bclean
1581,act_arr_time,6:17 p.m.,0.7688,bclean
1582,sched_dep_time,10:40 a.m.,0.9982,bclean
1582,act_arr_time,12:48 p.m.,0.7761,bclean
1583,sched_dep_time,4:15 p.m.,0.5000,bclean
1583,act_arr_time,7:32 a.m.,0.5456,bclean
1584,act_dep_time,7:59 p.m.,0.7143,bclean
1585,sched_dep_time,4:15 p.m.,0.5000,bclean
1585,act_arr_time,6:19 a.m.,0.5563,bclean
1586,sched_arr_time,10:45 a.m.,1.0000,bclean
1586,sched_dep_time,7:10 a.m.,1.0000,bclean
1586,act_arr_time,11:12 a.m.,0.8600,bclean
1587,sched_dep_time,4:15 p.m.,0.5000,bclean
1588,act_dep_time,7:59 p.m.,0.8354,bclean
1588,act_arr_time,10:28 p.m.,0.8100,bclean
1589,act_arr_time,10:29 p.m.,0.8098,bclean
1590,act_dep_time,12:35 p.m.,0.5000,bclean
1591,act_dep_time,12:35 p.m.,0.5000,bclean
1593,act_dep_time,12:35 p.m.,0.5000,bclean
1594,sched_arr_time,6:55 a.m.,0.9525,bclean
1594,act_dep_time,12:35 p.m.,0.5000,bclean
1597,sched_dep_time,9:45 a.m.,1.0000,bclean
1597,act_dep_time,10:19 a.m.,0.9965,bclean
1600,sched_dep_time,11:40 a.m.,1.0000,bclean
1600,act_dep_time,11:56 a.m.,0.6936,bclean
1602,sched_dep_time,11:05 a.m.,1.0000,bclean
1602,act_dep_time,11:30 a.m.,1.0000,bclean
1603,act_dep_time,10:18 a.m.,0.9213,bclean
1605,sched_arr_time,3:19 p.m.,0.6009,bclean
1605,act_arr_time,3:21 p.m.,1.0000,bclean
1606,act_dep_time,10:10 a.m.,0.9472,bclean
1607,sched_dep_time,11:45 a.m.,1.0000,bclean
1607,act_dep_time,12:13 p.m.,0.9357,bclean
1608,act_dep_time,11:51 a.m.,0.9775,bclean
1609,sched_arr_time,8:56 p.m.,0.7792,bclean
1609,act_arr_time,9:52 p.m.,0.9935,bclean
1610,act_dep_time,11:52 a.m.,0.9755,bclean
1613,act_dep_time,5:08 p.m.,0.8307,bclean
1615,act_dep_time,8:23 p.m.,0.9089,bclean
1617,act_dep_time,6:55 p.m.,0.8744,bclean
1618,sched_arr_time,12:29 a.m.,0.9057,bclean
1618,act_dep_time,12:35 p.m.,0.5000,bclean
1619,sched_arr_time,12:15 a.m.,0.9010,bclean
1620,act_dep_time,12:35 p.m.,0.5000,bclean
1623,act_dep_time,2:26 p.m.,0.8291,bclean
1626,sched_arr_time,5:11 a.m.,0.9057,bclean
1626,act_dep_time,12:35 p.m.,0.5000,bclean
1627,sched_arr_time,9:20 p.m.,0.5451,bclean
1627,act_arr_time,9:19 p.m.,1.0000,bclean
1628,act_dep_time,3:27 p.m.,0.8908,bclean
1630,act_dep_time,12:10 p.m.,0.6680,bclean
1631,act_dep_time,9:14 a.m.,0.6429,bclean
1634,sched_dep_time,11:25 a.m.,1.0000,bclean
1634,act_dep_time,11:40 a.m.,0.7662,bclean
1635,act_dep_time,4:12 p.m.,0.9227,bclean
1638,act_dep_time,7:59 p.m.,0.7143,bclean
1639,act_dep_time,7:59 p.m.,0.7143,bclean
1640,act_dep_time,7:59 p.m.,0.7143,bclean
1641,act_dep_time,7:59 p.m.,0.7143,bclean
1642,act_dep_time,7:59 p.m.,0.7143,bclean
1643,sched_arr_time,9:45 p.m.,0.9100,bclean
1643,sched_dep_time,8:00 p.m.,1.0000,bclean
1643,act_dep_time,7:59 p.m.,0.7143,bclean
1644,sched_arr_time,7:35 p.m.,1.0000,bclean
1644,sched_dep_time,4:16 p.m.,1.0000,bclean
1644,act_dep_time,7:59 p.m.,0.7143,bclean
1645,act_dep_time,7:59 p.m.,0.7143,bclean
1646,sched_arr_time,9:10 p.m.,0.8592,bclean
1646,sched_dep_time,6:45 p.m.,0.9834,bclean
1646,act_dep_time,7:59 p.m.,0.7143,bclean
1647,act_dep_time,7:59 p.m.,0.7143,bclean
1648,act_dep_time,7:59 p.m.,0.7143,bclean
1649,act_dep_time,7:59 p.m.,0.7143,bclean
1650,sched_arr_time,6:40 p.m.,0.9694,bclean
1650,sched_dep_time,4:00 p.m.,0.9981,bclean
1650,act_dep_time,7:59 p.m.,0.7143,bclean
1651,sched_dep_time,11:55 p.m.,1.0000,bclean
1651,act_dep_time,7:59 p.m.,0.7143,bclean
1652,sched_arr_time,5:25 p.m.,1.0000,bclean
1652,sched_dep_time,11:25 a.m.,1.0000,bclean
1652,act_dep_time,7:59 p.m.,0.7143,bclean
1653,act_dep_time,7:59 p.m.,0.7143,bclean
1654,sched_arr_time,10:30 p.m.,0.9995,bclean
1654,sched_dep_time,7:45 p.m.,1.0000,bclean
1654,act_dep_time,7:59 p.m.,0.8379,bclean
1654,act_arr_time,10:28 p.m.,0.8100,bclean
1655,act_dep_time,7:59 p.m.,0.7143,bclean
1656,sched_dep_time,11:08 p.m.,1.0000,bclean
1657,act_dep_time,7:59 p.m.,0.7143,bclean
1658,sched_arr_time,5:15 p.m.,0.7149,bclean
1658,sched_dep_time,12:57 p.m.,1.0000,bclean
1658,act_dep_time,7:59 p.m.,0.7143,bclean
1659,act_dep_time,7:59 p.m.,0.7143,bclean
1660,act_dep_time,7:59 p.m.,0.7143,bclean
1661,sched_arr_time,7:53 p.m.,1.0000,bclean
1661,sched_dep_time,1:55 p.m.,0.9079,bclean
1661,act_dep_time,7:59 p.m.,0.7143,bclean
1662,sched_arr_time,9:40 a.m.,0.9557,bclean
1663,sched_arr_time,9:25 a.m.,0.9728,bclean
1663,act_arr_time,9:28 a.m.,0.9702,bclean
1664,sched_arr_time,10:15 p.m.,0.5579,bclean
1664,act_arr_time,10:29 p.m.,0.8260,bclean
1666,sched_arr_time,10:30 p.m.,0.9910,bclean
1667,sched_dep_time,6:00 a.m.,0.5555,bclean
1668,sched_arr_time,6:46 p.m.,0.9448,bclean
1668,act_arr_time,6:25 p.m.,0.9498,bclean
1670,sched_arr_time,9:55 a.m.,0.9783,bclean
1670,act_arr_time,9:45 a.m.,0.9689,bclean
1671,sched_arr_time,7:55 p.m.,0.9522,bclean
1671,act_arr_time,7:39 p.m.,0.9109,bclean
1672,sched_arr_time,12:35 p.m.,0.9613,bclean
1672,act_dep_time,10:11 a.m.,0.6794,bclean
1672,act_arr_time,1:18 p.m.,0.7345,bclean
1673,sched_arr_time,3:50 p.m.,0.8882,bclean
1673,act_arr_time,4:09 p.m.,0.9625,bclean
1674,act_arr_time,1:14 p.m.,0.6207,bclean
1675,sched_arr_time,9:20 a.m.,0.9527,bclean
1675,act_dep_time,6:09 a.m.,0.7264,bclean
1675,act_arr_time,9:05 a.m.,0.8212,bclean
1676,sched_arr_time,4:57 p.m.,0.8806,bclean
1676,act_arr_time,5:03 p.m.,0.8425,bclean
1677,sched_arr_time,11:05 a.m.,0.9448,bclean
1677,act_dep_time,8:04 a.m.,0.5602,bclean
1677,act_arr_time,11:01 a.m.,0.8976,bclean
1678,sched_arr_time,12:10 p.m.,0.9746,bclean
1679,sched_arr_time,8:00 a.m.,0.9755,bclean
1679,act_arr_time,8:06 a.m.,0.6666,bclean
1680,sched_arr_time,2:35 p.m.,0.9579,bclean
1680,act_arr_time,3:19 p.m.,0.6710,bclean
1681,sched_arr_time,7:45 a.m.,0.9624,bclean
1681,act_arr_time,7:40 a.m.,0.9689,bclean
1682,sched_arr_time,2:45 p.m.,0.9948,bclean
1682,act_arr_time,2:50 p.m.,0.5674,bclean
1683,act_arr_time,3:21 p.m.,0.7151,bclean
1684,sched_arr_time,6:15 p.m.,0.7761,bclean
1684,act_arr_time,5:42 p.m.,0.9220,bclean
1686,act_arr_time,8:03 p.m.,0.8259,bclean
1687,sched_arr_time,11:10 a.m.,0.8896,bclean
1687,act_arr_time,11:06 a.m.,0.8428,bclean
1689,sched_arr_time,2:25 p.m.,0.9771,bclean
1689,act_arr_time,2:27 p.m.,0.9311,bclean
1690,sched_arr_time,2:45 p.m.,0.9289,bclean
1690,act_dep_time,11:06 a.m.,0.6644,bclean
1690,act_arr_time,2:46 p.m.,0.8748,bclean
1691,sched_arr_time,4:00 p.m.,0.9741,bclean
1691,act_arr_time,3:33 p.m.,0.7960,bclean
1692,sched_arr_time,10:35 a.m.,0.9246,bclean
1692,act_dep_time,7:22 a.m.,0.6435,bclean
1693,sched_arr_time,7:25 p.m.,0.8673,bclean
1694,sched_arr_time,9:10 p.m.,0.8947,bclean
1694,act_arr_time,8:43 p.m.,0.6667,bclean
1695,sched_arr_time,3:15 p.m.,0.9579,bclean
1695,act_arr_time,3:16 p.m.,0.9477,bclean
1698,sched_arr_time,7:30 a.m.,0.9126,bclean
1698,act_arr_time,7:51 a.m.,0.9467,bclean
1699,sched_arr_time,9:35 a.m.,0.8958,bclean
1700,sched_arr_time,8:05 p.m.,0.7157,bclean
1700,act_arr_time,7:55 p.m.,0.8950,bclean
1702,sched_arr_time,9:45 p.m.,0.9791,bclean
1702,act_arr_time,9:53 p.m.,0.5882,bclean
1703,sched_arr_time,2:59 p.m.,0.9935,bclean
1703,act_dep_time,11:02 a.m.,0.7574,bclean
1703,act_arr_time,3:04 p.m.,0.8191,bclean
1704,sched_arr_time,4:31 p.m.,0.9108,bclean
1704,act_arr_time,4:23 p.m.,0.8163,bclean
1705,act_arr_time,4:17 p.m.,0.7354,bclean
1708,sched_arr_time,11:50 p.m.,0.8920,bclean
1709,sched_arr_time,10:34 a.m.,0.9937,bclean
1709,act_dep_time,7:23 a.m.,0.6356,bclean
1709,act_arr_time,10:04 a.m.,0.9623,bclean
1710,sched_arr_time,11:50 a.m.,0.9579,bclean
1710,act_dep_time,8:52 a.m.,0.6371,bclean
1710,act_arr_time,11:44 a.m.,0.8976,bclean
1711,sched_arr_time,3:50 p.m.,0.9178,bclean
1713,sched_dep_time,2:30 p.m.,0.7205,bclean
1714,sched_dep_time,6:45 p.m.,0.5193,bclean
1715,sched_arr_time,4:05 p.m.,0.9888,bclean
1715,act_arr_time,3:43 p.m.,0.5170,bclean
1716,sched_arr_time,5:55 p.m.,0.9602,bclean
1716,act_dep_time,3:28 p.m.,0.5175,bclean
1716,act_arr_time,5:34 p.m.,0.5872,bclean
1717,sched_arr_time,11:35 a.m.,0.9488,bclean
1717,act_arr_time,11:07 a.m.,0.7508,bclean
1718,sched_arr_time,2:15 p.m.,0.9571,bclean
1718,act_dep_time,12:11 p.m.,0.6344,bclean
1718,act_arr_time,1:43 p.m.,0.9038,bclean
1719,sched_arr_time,2:35 p.m.,0.8684,bclean
1719,act_dep_time,1:20 p.m.,0.5125,bclean
1719,act_arr_time,3:01 p.m.,0.6657,bclean
1720,sched_arr_time,6:30 p.m.,0.8941,bclean
1720,act_arr_time,6:43 p.m.,0.9356,bclean
1721,sched_arr_time,6:40 p.m.,0.9902,bclean
1721,act_arr_time,6:15 p.m.,0.7096,bclean
1722,sched_arr_time,3:30 p.m.,0.9443,bclean
1722,act_arr_time,3:14 p.m.,0.8384,bclean
1723,sched_arr_time,6:17 p.m.,0.9494,bclean
1723,act_arr_time,6:17 p.m.,0.7795,bclean
1724,sched_arr_time,12:55 p.m.,0.9522,bclean
1724,act_arr_time,12:48 p.m.,0.8143,bclean
1725,sched_arr_time,7:05 p.m.,0.7743,bclean
1725,act_dep_time,4:15 p.m.,0.6325,bclean
1725,act_arr_time,6:36 p.m.,0.9564,bclean
1726,sched_arr_time,6:40 a.m.,0.9505,bclean
1726,act_arr_time,6:19 a.m.,0.9525,bclean
1727,sched_arr_time,10:45 a.m.,0.9170,bclean
1727,act_dep_time,7:40 a.m.,0.5942,bclean
1727,act_arr_time,11:12 a.m.,0.8536,bclean
1730,act_dep_time,3:28 p.m.,0.6185,bclean
1732,act_dep_time,3:58 p.m.,0.9878,bclean
1734,act_dep_time,12:35 p.m.,0.7591,bclean
1735,sched_dep_time,12:00 p.m.,0.9930,bclean
1735,act_dep_time,11:51 a.m.,0.9726,bclean
1738,act_dep_time,1:32 p.m.,0.8725,bclean
1740,act_dep_time,4:28 p.m.,1.0000,bclean
1742,act_dep_time,7:07 a.m.,0.8757,bclean
1744,act_dep_time,1:48 p.m.,0.8352,bclean
1745,sched_arr_time,12:29 a.m.,0.9984,bclean
1745,act_arr_time,12:29 a.m.,1.0000,bclean
1748,sched_arr_time,5:11 a.m.,0.9984,bclean
1748,act_dep_time,11:08 p.m.,1.0000,bclean
1748,act_arr_time,5:11 a.m.,1.0000,bclean
1751,act_dep_time,2:52 p.m.,0.8893,bclean
1753,act_dep_time,9:16 a.m.,0.9005,bclean
1754,act_dep_time,2:46 p.m.,0.9258,bclean
1756,act_dep_time,11:43 a.m.,0.8717,bclean
1757,act_dep_time,6:10 a.m.,0.6616,bclean
1759,act_arr_time,9:22 a.m.,0.6974,bclean
1760,sched_dep_time,10:40 a.m.,0.6636,bclean
1760,act_dep_time,7:42 p.m.,0.9686,bclean
1763,sched_dep_time,10:40 a.m.,0.6636,bclean
1764,act_dep_time,7:59 p.m.,0.8379,bclean
1764,act_arr_time,10:28 p.m.,0.8100,bclean
1767,sched_dep_time,11:25 a.m.,0.7371,bclean
1768,sched_dep_time,10:40 a.m.,0.6636,bclean
1768,act_dep_time,10:53 a.m.,0.5556,bclean
1769,sched_arr_time,6:55 a.m.,0.9525,bclean
1769,act_dep_time,7:59 p.m.,0.7143,bclean
1770,sched_arr_time,7:23 a.m.,1.0000,bclean
1770,sched_dep_time,6:00 a.m.,1.0000,bclean
1770,act_dep_time,6:10 a.m.,0.6667,bclean
1771,sched_dep_time,10:40 a.m.,0.6636,bclean
1773,sched_dep_time,10:40 a.m.,0.6636,bclean
1773,act_dep_time,6:54 a.m.,0.9737,bclean
1774,sched_dep_time,10:40 a.m.,0.6636,bclean
1774,act_dep_time,10:35 a.m.,0.9635,bclean
1776,sched_dep_time,10:40 a.m.,0.6636,bclean
1776,act_dep_time,8:26 a.m.,0.6000,bclean
1779,sched_dep_time,10:40 a.m.,0.9000,bclean
1780,sched_dep_time,10:40 a.m.,0.6636,bclean
1781,sched_dep_time,10:40 a.m.,0.6636,bclean
1782,sched_dep_time,10:40 a.m.,0.6636,bclean
1782,act_dep_time,2:55 p.m.,0.8409,bclean
1784,sched_arr_time,1:17 p.m.,1.0000,bclean
1784,sched_dep_time,11:40 a.m.,1.0000,bclean
1787,sched_dep_time,10:40 a.m.,0.6636,bclean
1788,sched_dep_time,10:40 a.m.,0.6636,bclean
1790,act_arr_time,3:19 p.m.,0.6695,bclean
1791,sched_dep_time,10:40 a.m.,0.6636,bclean
1792,sched_dep_time,10:40 a.m.,0.6636,bclean
1792,act_dep_time,12:56 p.m.,0.9686,bclean
1792,act_arr_time,3:20 p.m.,0.8809,bclean
1793,sched_dep_time,11:50 a.m.,0.7996,bclean
1796,sched_dep_time,10:40 a.m.,0.6636,bclean
1796,act_dep_time,5:38 p.m.,0.9635,bclean
1797,sched_dep_time,10:40 a.m.,0.6636,bclean
1797,act_arr_time,9:52 p.m.,0.5000,bclean
1799,sched_dep_time,10:40 a.m.,0.6636,bclean
1799,act_dep_time,3:28 p.m.,0.9694,bclean
1800,sched_dep_time,10:40 a.m.,0.6636,bclean
1802,act_dep_time,7:59 p.m.,0.7143,bclean
1804,sched_arr_time,12:21 a.m.,0.8807,bclean
1804,act_dep_time,7:59 p.m.,0.7143,bclean
1805,sched_dep_time,10:40 a.m.,0.6636,bclean
1805,act_dep_time,2:37 p.m.,0.9250,bclean
1809,sched_dep_time,10:40 a.m.,0.6636,bclean
1811,sched_dep_time,4:16 p.m.,0.7778,bclean
1813,sched_dep_time,10:40 a.m.,0.6636,bclean
1814,sched_dep_time,10:40 a.m.,0.6636,bclean
1814,act_dep_time,7:05 a.m.,0.8810,bclean
1815,sched_dep_time,10:40 a.m.,0.9379,bclean
1818,sched_dep_time,1:00 p.m.,0.5275,bclean
1819,sched_arr_time,5:50 a.m.,1.0000,bclean
1819,act_dep_time,7:59 p.m.,0.7143,bclean
1820,sched_arr_time,12:29 a.m.,0.9057,bclean
1820,act_dep_time,7:59 p.m.,0.7143,bclean
1821,sched_arr_time,12:15 a.m.,0.9010,bclean
1821,act_dep_time,7:59 p.m.,0.7143,bclean
1822,act_dep_time,7:59 p.m.,0.7143,bclean
1825,sched_arr_time,9:24 a.m.,1.0000,bclean
1825,sched_dep_time,8:29 a.m.,1.0000,bclean
1826,sched_arr_time,3:30 p.m.,0.5295,bclean
1826,sched_dep_time,7:10 a.m.,0.9408,bclean
1826,act_dep_time,7:59 p.m.,0.7143,bclean
1827,sched_dep_time,10:40 a.m.,0.6636,bclean
1828,sched_dep_time,10:40 a.m.,0.6636,bclean
1828,act_dep_time,7:41 a.m.,0.6364,bclean
1829,act_dep_time,7:59 p.m.,0.7143,bclean
1830,sched_dep_time,4:00 p.m.,0.8264,bclean
1830,act_dep_time,7:59 p.m.,0.7143,bclean
1831,sched_dep_time,10:40 a.m.,0.6636,bclean
1831,act_dep_time,1:45 p.m.,0.5556,bclean
1832,sched_dep_time,10:40 a.m.,0.6636,bclean
1833,sched_dep_time,10:40 a.m.,0.6636,bclean
1833,act_arr_time,9:19 p.m.,0.5719,bclean
1834,sched_dep_time,10:40 a.m.,0.6636,bclean
1834,act_dep_time,2:55 p.m.,0.8605,bclean
1835,sched_dep_time,10:40 a.m.,0.6636,bclean
1836,sched_dep_time,10:40 a.m.,0.6636,bclean
1836,act_arr_time,11:56 a.m.,0.5532,bclean
1842,sched_dep_time,10:40 a.m.,0.6636,bclean
1842,act_dep_time,9:14 a.m.,0.9852,bclean
1844,sched_dep_time,10:40 a.m.,0.6636,bclean
1844,act_dep_time,8:32 a.m.,0.8409,bclean
1847,sched_dep_time,11:25 a.m.,0.5275,bclean
1851,sched_dep_time,10:40 a.m.,0.6636,bclean
1859,act_arr_time,9:22 a.m.,0.6974,bclean
1864,act_arr_time,10:30 p.m.,1.0000,bclean
1866,act_dep_time,6:47 p.m.,1.0000,bclean
1866,act_arr_time,7:25 p.m.,1.0000,bclean
1869,act_dep_time,11:29 p.m.,1.0000,bclean
1869,act_arr_time,6:35 a.m.,1.0000,bclean
1870,act_dep_time,6:10 a.m.,0.6624,bclean
1890,act_arr_time,3:19 p.m.,0.6695,bclean
1895,act_arr_time,9:52 p.m.,0.9937,bclean
1904,act_dep_time,7:15 p.m.,1.0000,bclean
1904,act_arr_time,12:21 a.m.,1.0000,bclean
1916,act_dep_time,11:02 a.m.,0.5272,bclean
1919,act_dep_time,12:10 a.m.,1.0000,bclean
1919,act_arr_time,5:42 a.m.,1.0000,bclean
1920,act_dep_time,4:28 p.m.,0.9992,bclean
1920,act_arr_time,12:01 a.m.,1.0000,bclean
1921,act_dep_time,9:06 p.m.,1.0000,bclean
1921,act_arr_time,11:49 p.m.,1.0000,bclean
1922,act_dep_time,8:29 p.m.,1.0000,bclean
1922,act_arr_time,11:35 p.m.,1.0000,bclean
1929,act_dep_time,12:35 p.m.,0.5000,bclean
1930,sched_dep_time,4:00 p.m.,0.5208,bclean
1930,act_dep_time,5:30 p.m.,1.0000,bclean
1930,act_arr_time,6:40 p.m.,1.0000,bclean
1932,act_arr_time,9:19 p.m.,0.9971,bclean
1952,sched_dep_time,10:40 a.m.,0.7466,bclean
1954,act_dep_time,8:29 a.m.,0.5825,bclean
1955,sched_dep_time,10:40 a.m.,0.7466,bclean
1955,act_dep_time,8:42 a.m.,0.5833,bclean
1956,act_arr_time,10:28 p.m.,0.8100,bclean
1957,act_dep_time,12:11 p.m.,0.6229,bclean
1958,act_dep_time,3:28 p.m.,0.6177,bclean
1959,sched_dep_time,11:25 a.m.,0.5709,bclean
1959,act_dep_time,11:32 a.m.,0.9951,bclean
1960,sched_dep_time,10:40 a.m.,0.7466,bclean
1961,sched_arr_time,6:55 a.m.,0.9525,bclean
1961,act_dep_time,7:59 p.m.,0.9893,bclean
1962,sched_arr_time,7:23 a.m.,1.0000,bclean
1962,sched_dep_time,6:00 a.m.,1.0000,bclean
1963,sched_dep_time,10:40 a.m.,0.7466,bclean
1963,act_dep_time,12:41 a.m.,0.5833,bclean
1965,sched_dep_time,10:40 a.m.,0.7466,bclean
1966,sched_dep_time,10:40 a.m.,0.7563,bclean
1966,act_dep_time,10:19 a.m.,0.5833,bclean
1968,sched_dep_time,10:40 a.m.,0.7466,bclean
1968,act_dep_time,7:23 a.m.,0.8902,bclean
1970,act_dep_time,4:29 p.m.,0.6656,bclean
1971,sched_dep_time,10:40 a.m.,0.9025,bclean
1972,sched_dep_time,10:40 a.m.,0.7466,bclean
1972,act_dep_time,2:48 p.m.,0.6296,bclean
1973,sched_dep_time,10:40 a.m.,0.7466,bclean
1973,act_dep_time,8:00 a.m.,0.5833,bclean
1974,sched_dep_time,10:40 a.m.,0.7466,bclean
1974,act_dep_time,11:45 a.m.,0.9673,bclean
1975,act_dep_time,12:12 p.m.,0.6312,bclean
1976,sched_arr_time,1:17 p.m.,1.0000,bclean
1976,sched_dep_time,11:40 a.m.,1.0000,bclean
1976,act_dep_time,11:56 a.m.,0.6936,bclean
1977,act_dep_time,6:08 a.m.,0.6114,bclean
1979,sched_dep_time,10:40 a.m.,0.7466,bclean
1979,act_dep_time,6:02 a.m.,0.6154,bclean
1980,sched_dep_time,10:40 a.m.,0.7466,bclean
1980,act_dep_time,8:40 a.m.,0.5833,bclean
1983,sched_dep_time,10:40 a.m.,0.7466,bclean
1983,act_dep_time,7:49 a.m.,0.5385,bclean
1984,sched_dep_time,10:40 a.m.,0.7466,bclean
1985,sched_dep_time,10:40 a.m.,0.7466,bclean
1986,act_dep_time,2:26 p.m.,0.5954,bclean
1988,sched_dep_time,10:40 a.m.,0.7466,bclean
1989,sched_dep_time,10:40 a.m.,0.7466,bclean
1990,act_dep_time,11:05 a.m.,0.6679,bclean
1991,sched_dep_time,10:40 a.m.,0.7466,bclean
1991,act_dep_time,3:28 p.m.,0.5000,bclean
1992,sched_dep_time,10:40 a.m.,0.7466,bclean
1992,act_arr_time,3:33 p.m.,0.5765,bclean
1994,act_dep_time,7:59 p.m.,0.9893,bclean
1996,sched_arr_time,12:21 a.m.,0.8807,bclean
1996,act_dep_time,7:59 p.m.,0.9893,bclean
1997,sched_dep_time,10:40 a.m.,0.7466,bclean
1997,act_dep_time,2:37 p.m.,0.9250,bclean
1998,act_dep_time,9:14 a.m.,0.7286,bclean
1999,act_dep_time,6:56 a.m.,0.7263,bclean
2000,act_arr_time,9:26 a.m.,0.5714,bclean
2001,sched_dep_time,10:40 a.m.,0.7466,bclean
2003,sched_dep_time,4:16 p.m.,0.6241,bclean
2003,act_dep_time,4:15 p.m.,0.9966,bclean
2004,act_arr_time,9:53 p.m.,0.5870,bclean
2005,sched_dep_time,10:40 a.m.,0.7466,bclean
2005,act_dep_time,10:20 a.m.,0.5833,bclean
2006,sched_dep_time,10:40 a.m.,0.7466,bclean
2008,act_dep_time,1:31 p.m.,0.6852,bclean
2009,act_arr_time,2:50 p.m.,0.5662,bclean
2010,sched_dep_time,10:40 a.m.,0.7466,bclean
2010,act_dep_time,1:48 p.m.,0.6154,bclean
2011,sched_arr_time,5:50 a.m.,1.0000,bclean
2011,act_dep_time,7:59 p.m.,0.9893,bclean
2012,sched_arr_time,12:29 a.m.,0.9057,bclean
2012,act_dep_time,7:59 p.m.,0.9893,bclean
2013,sched_arr_time,12:15 a.m.,0.9010,bclean
2013,act_dep_time,7:59 p.m.,0.9893,bclean
2014,act_dep_time,7:59 p.m.,0.9893,bclean
2015,act_dep_time,7:22 a.m.,0.6642,bclean
2016,act_dep_time,8:51 a.m.,0.6926,bclean
2017,sched_arr_time,9:24 a.m.,1.0000,bclean
2017,sched_dep_time,8:29 a.m.,1.0000,bclean
2017,act_dep_time,8:26 a.m.,0.9951,bclean
2018,sched_arr_time,3:30 p.m.,0.5295,bclean
2018,sched_dep_time,7:10 a.m.,0.9408,bclean
2018,act_dep_time,7:59 p.m.,0.9893,bclean
2019,sched_dep_time,10:40 a.m.,0.7466,bclean
2019,act_dep_time,3:01 p.m.,0.6667,bclean
2020,sched_dep_time,10:40 a.m.,0.7466,bclean
2021,sched_arr_time,5:11 a.m.,0.9057,bclean
2021,act_dep_time,7:59 p.m.,0.9893,bclean
2022,sched_dep_time,4:00 p.m.,0.8264,bclean
2022,act_dep_time,7:59 p.m.,0.9893,bclean
2023,sched_dep_time,10:40 a.m.,0.7466,bclean
2024,sched_dep_time,10:40 a.m.,0.7466,bclean
2025,sched_dep_time,10:40 a.m.,0.7466,bclean
2026,sched_dep_time,10:40 a.m.,0.7466,bclean
2027,sched_dep_time,10:40 a.m.,0.7466,bclean
2027,act_dep_time,2:48 p.m.,0.6296,bclean
2028,sched_dep_time,10:40 a.m.,0.7466,bclean
2029,act_arr_time,3:43 p.m.,0.5170,bclean
2032,act_dep_time,12:10 p.m.,0.6669,bclean
2034,sched_dep_time,10:40 a.m.,0.7466,bclean
2034,act_dep_time,9:58 a.m.,0.5556,bclean
2036,sched_dep_time,10:40 a.m.,0.7466,bclean
2036,act_arr_time,10:16 a.m.,0.5386,bclean
2037,act_dep_time,3:36 p.m.,0.6569,bclean
2038,act_arr_time,8:06 a.m.,0.6651,bclean
2039,sched_dep_time,10:40 a.m.,0.5989,bclean
2039,act_dep_time,11:20 a.m.,0.8810,bclean
2040,act_arr_time,6:15 p.m.,0.7082,bclean
2042,act_dep_time,7:39 a.m.,0.6366,bclean
2043,sched_dep_time,10:40 a.m.,0.7466,bclean
2043,act_dep_time,3:31 p.m.,0.6429,bclean
2047,act_dep_time,3:58 p.m.,0.7852,bclean
2048,act_dep_time,6:10 a.m.,0.7973,bclean
2049,act_dep_time,7:39 a.m.,0.6821,bclean
2050,act_dep_time,7:31 a.m.,0.6941,bclean
2051,act_arr_time,9:22 a.m.,0.6974,bclean
2052,sched_dep_time,10:40 a.m.,0.6636,bclean
2052,act_dep_time,7:42 p.m.,0.9686,bclean
2055,sched_dep_time,10:40 a.m.,0.6636,bclean
2056,act_dep_time,7:59 p.m.,0.8379,bclean
2056,act_arr_time,10:28 p.m.,0.8100,bclean
2059,sched_dep_time,11:25 a.m.,0.7371,bclean
2060,sched_dep_time,10:40 a.m.,0.6636,bclean
2060,act_dep_time,10:53 a.m.,0.5556,bclean
2061,sched_arr_time,6:55 a.m.,0.9525,bclean
2061,act_dep_time,7:59 p.m.,0.7143,bclean
2062,sched_arr_time,7:23 a.m.,1.0000,bclean
2062,sched_dep_time,6:00 a.m.,1.0000,bclean
2062,act_dep_time,6:10 a.m.,0.6667,bclean
2063,sched_dep_time,10:40 a.m.,0.6636,bclean
2065,sched_dep_time,10:40 a.m.,0.6636,bclean
2065,act_dep_time,6:54 a.m.,0.9737,bclean
2066,sched_dep_time,10:40 a.m.,0.6636,bclean
2066,act_dep_time,10:35 a.m.,0.9635,bclean
2068,sched_dep_time,10:40 a.m.,0.6636,bclean
2068,act_dep_time,8:26 a.m.,0.6000,bclean
2071,sched_dep_time,10:40 a.m.,0.9000,bclean
2072,sched_dep_time,10:40 a.m.,0.6636,bclean
2073,sched_dep_time,10:40 a.m.,0.6636,bclean
2074,sched_dep_time,10:40 a.m.,0.6636,bclean
2074,act_dep_time,2:55 p.m.,0.8409,bclean
2076,sched_arr_time,1:17 p.m.,1.0000,bclean
2076,sched_dep_time,11:40 a.m.,1.0000,bclean
2079,sched_dep_time,10:40 a.m.,0.6636,bclean
2080,sched_dep_time,10:40 a.m.,0.6636,bclean
2082,act_arr_time,3:19 p.m.,0.6695,bclean
2083,sched_dep_time,10:40 a.m.,0.6636,bclean
2084,sched_dep_time,10:40 a.m.,0.6636,bclean
2084,act_dep_time,12:56 p.m.,0.9686,bclean
2084,act_arr_time,3:20 p.m.,0.8809,bclean
2085,sched_dep_time,11:50 a.m.,0.7996,bclean
2088,sched_dep_time,10:40 a.m.,0.6636,bclean
2088,act_dep_time,5:38 p.m.,0.9635,bclean
2089,sched_dep_time,10:40 a.m.,0.6636,bclean
2089,act_arr_time,9:52 p.m.,0.5000,bclean
2091,sched_dep_time,10:40 a.m.,0.6636,bclean
2091,act_dep_time,3:28 p.m.,0.9694,bclean
2092,sched_dep_time,10:40 a.m.,0.6636,bclean
2094,act_dep_time,7:59 p.m.,0.7143,bclean
2096,sched_arr_time,12:21 a.m.,0.8807,bclean
2096,act_dep_time,7:59 p.m.,0.7143,bclean
2097,sched_dep_time,10:40 a.m.,0.6636,bclean
2097,act_dep_time,2:37 p.m.,0.9250,bclean
2101,sched_dep_time,10:40 a.m.,0.6636,bclean
2103,sched_dep_time,4:16 p.m.,0.7778,bclean
2105,sched_dep_time,10:40 a.m.,0.6636,bclean
2106,sched_dep_time,10:40 a.m.,0.6636,bclean
2106,act_dep_time,7:05 a.m.,0.8810,bclean
2107,sched_dep_time,10:40 a.m.,0.9379,bclean
2110,sched_dep_time,1:00 p.m.,0.5275,bclean
2111,sched_arr_time,5:50 a.m.,1.0000,bclean
2111,act_dep_time,7:59 p.m.,0.7143,bclean
2112,sched_arr_time,12:29 a.m.,0.9057,bclean
2112,act_dep_time,7:59 p.m.,0.7143,bclean
2113,sched_arr_time,12:15 a.m.,0.9010,bclean
2113,act_dep_time,7:59 p.m.,0.7143,bclean
2114,act_dep_time,7:59 p.m.,0.7143,bclean
2117,sched_arr_time,9:24 a.m.,1.0000,bclean
2117,sched_dep_time,8:29 a.m.,1.0000,bclean
2118,sched_arr_time,3:30 p.m.,0.5295,bclean
2118,sched_dep_time,7:10 a.m.,0.9408,bclean
2118,act_dep_time,7:59 p.m.,0.7143,bclean
2119,sched_dep_time,10:40 a.m.,0.6636,bclean
2120,sched_dep_time,10:40 a.m.,0.6636,bclean
2120,act_dep_time,7:41 a.m.,0.6364,bclean
2121,act_dep_time,7:59 p.m.,0.7143,bclean
2122,sched_dep_time,4:00 p.m.,0.8264,bclean
2122,act_dep_time,7:59 p.m.,0.7143,bclean
2123,sched_dep_time,10:40 a.m.,0.6636,bclean
2123,act_dep_time,1:45 p.m.,0.5556,bclean
2124,sched_dep_time,10:40 a.m.,0.6636,bclean
2125,sched_dep_time,10:40 a.m.,0.6636,bclean
2125,act_arr_time,9:19 p.m.,0.5719,bclean
2126,sched_dep_time,10:40 a.m.,0.6636,bclean
2126,act_dep_time,2:55 p.m.,0.8605,bclean
2127,sched_dep_time,10:40 a.m.,0.6636,bclean
2128,sched_dep_time,10:40 a.m.,0.6636,bclean
2128,act_arr_time,11:56 a.m.,0.5532,bclean
2134,sched_dep_time,10:40 a.m.,0.6636,bclean
2134,act_dep_time,9:14 a.m.,0.9852,bclean
2136,sched_dep_time,10:40 a.m.,0.6636,bclean
2136,act_dep_time,8:32 a.m.,0.8409,bclean
2139,sched_dep_time,11:25 a.m.,0.5275,bclean
2143,sched_dep_time,10:40 a.m.,0.6636,bclean
2151,sched_arr_time,2:50 p.m.,1.0000,bclean
2151,act_dep_time,7:59 p.m.,0.7143,bclean
2152,sched_dep_time,11:40 a.m.,1.0000,bclean
2152,act_dep_time,7:59 p.m.,0.7143,bclean
2153,sched_dep_time,9:00 p.m.,1.0000,bclean
2153,act_dep_time,7:59 p.m.,0.7143,bclean
2154,sched_arr_time,7:35 p.m.,1.0000,bclean
2154,act_dep_time,7:59 p.m.,0.7143,bclean
2155,sched_dep_time,1:05 p.m.,0.9986,bclean
2155,act_dep_time,7:59 p.m.,0.7143,bclean
2157,sched_dep_time,10:40 a.m.,0.7466,bclean
2159,act_dep_time,8:29 a.m.,0.5825,bclean
2160,sched_dep_time,10:40 a.m.,0.7466,bclean
2160,act_dep_time,8:42 a.m.,0.5833,bclean
2161,act_arr_time,10:28 p.m.,0.8100,bclean
2162,act_dep_time,12:11 p.m.,0.6229,bclean
2163,act_dep_time,3:28 p.m.,0.6177,bclean
2164,sched_dep_time,11:25 a.m.,0.5709,bclean
2164,act_dep_time,11:32 a.m.,0.9951,bclean
2165,sched_dep_time,10:40 a.m.,0.7466,bclean
2166,sched_arr_time,6:55 a.m.,0.9525,bclean
2166,act_dep_time,7:59 p.m.,0.9893,bclean
2167,sched_arr_time,7:23 a.m.,1.0000,bclean
2167,sched_dep_time,6:00 a.m.,1.0000,bclean
2168,sched_dep_time,10:40 a.m.,0.7466,bclean
2168,act_dep_time,12:41 a.m.,0.5833,bclean
2170,sched_dep_time,10:40 a.m.,0.7466,bclean
2171,sched_dep_time,10:40 a.m.,0.7563,bclean
2171,act_dep_time,10:19 a.m.,0.5833,bclean
2173,sched_dep_time,10:40 a.m.,0.7466,bclean
2173,act_dep_time,7:23 a.m.,0.8902,bclean
2175,act_dep_time,4:29 p.m.,0.6656,bclean
2176,sched_dep_time,10:40 a.m.,0.9025,bclean
2177,sched_dep_time,10:40 a.m.,0.7466,bclean
2177,act_dep_time,2:48 p.m.,0.6296,bclean
2178,sched_dep_time,10:40 a.m.,0.7466,bclean
2178,act_dep_time,8:00 a.m.,0.5833,bclean
2179,sched_dep_time,10:40 a.m.,0.7466,bclean
2179,act_dep_time,11:45 a.m.,0.9673,bclean
2180,act_dep_time,12:12 p.m.,0.6312,bclean
2181,sched_arr_time,1:17 p.m.,1.0000,bclean
2181,sched_dep_time,11:40 a.m.,1.0000,bclean
2181,act_dep_time,11:56 a.m.,0.6936,bclean
2182,act_dep_time,6:08 a.m.,0.6114,bclean
2184,sched_dep_time,10:40 a.m.,0.7466,bclean
2184,act_dep_time,6:02 a.m.,0.6154,bclean
2185,sched_dep_time,10:40 a.m.,0.7466,bclean
2185,act_dep_time,8:40 a.m.,0.5833,bclean
2188,sched_dep_time,10:40 a.m.,0.7466,bclean
2188,act_dep_time,7:49 a.m.,0.5385,bclean
2189,sched_dep_time,10:40 a.m.,0.7466,bclean
2190,sched_dep_time,10:40 a.m.,0.7466,bclean
2191,act_dep_time,2:26 p.m.,0.5954,bclean
2193,sched_dep_time,10:40 a.m.,0.7466,bclean
2194,sched_dep_time,10:40 a.m.,0.7466,bclean
2195,act_dep_time,11:05 a.m.,0.6679,bclean
2196,sched_dep_time,10:40 a.m.,0.7466,bclean
2196,act_dep_time,3:28 p.m.,0.5000,bclean
2197,sched_dep_time,10:40 a.m.,0.7466,bclean
2197,act_arr_time,3:33 p.m.,0.5765,bclean
2199,act_dep_time,7:59 p.m.,0.9893,bclean
2201,sched_arr_time,12:21 a.m.,0.8807,bclean
2201,act_dep_time,7:59 p.m.,0.9893,bclean
2202,sched_dep_time,10:40 a.m.,0.7466,bclean
2202,act_dep_time,2:37 p.m.,0.9250,bclean
2203,act_dep_time,9:14 a.m.,0.7286,bclean
2204,act_dep_time,6:56 a.m.,0.7263,bclean
2205,act_arr_time,9:26 a.m.,0.5714,bclean
2206,sched_dep_time,10:40 a.m.,0.7466,bclean
2208,sched_dep_time,4:16 p.m.,0.6241,bclean
2208,act_dep_time,4:15 p.m.,0.9966,bclean
2209,act_arr_time,9:53 p.m.,0.5870,bclean
2210,sched_dep_time,10:40 a.m.,0.7466,bclean
2210,act_dep_time,10:20 a.m.,0.5833,bclean
2211,sched_dep_time,10:40 a.m.,0.7466,bclean
2213,act_dep_time,1:31 p.m.,0.6852,bclean
2214,act_arr_time,2:50 p.m.,0.5662,bclean
2215,sched_dep_time,10:40 a.m.,0.7466,bclean
2215,act_dep_time,1:48 p.m.,0.6154,bclean
2216,sched_arr_time,5:50 a.m.,1.0000,bclean
2216,act_dep_time,7:59 p.m.,0.9893,bclean
2217,sched_arr_time,12:29 a.m.,0.9057,bclean
2217,act_dep_time,7:59 p.m.,0.9893,bclean
2218,sched_arr_time,12:15 a.m.,0.9010,bclean
2218,act_dep_time,7:59 p.m.,0.9893,bclean
2219,act_dep_time,7:59 p.m.,0.9893,bclean
2220,act_dep_time,7:22 a.m.,0.6642,bclean
2221,act_dep_time,8:51 a.m.,0.6926,bclean
2222,sched_arr_time,9:24 a.m.,1.0000,bclean
2222,sched_dep_time,8:29 a.m.,1.0000,bclean
2222,act_dep_time,8:26 a.m.,0.9951,bclean
2223,sched_arr_time,3:30 p.m.,0.5295,bclean
2223,sched_dep_time,7:10 a.m.,0.9408,bclean
2223,act_dep_time,7:59 p.m.,0.9893,bclean
2224,sched_dep_time,10:40 a.m.,0.7466,bclean
2224,act_dep_time,3:01 p.m.,0.6667,bclean
2225,sched_dep_time,10:40 a.m.,0.7466,bclean
2226,sched_arr_time,5:11 a.m.,0.9057,bclean
2226,act_dep_time,7:59 p.m.,0.9893,bclean
2227,sched_dep_time,4:00 p.m.,0.8264,bclean
2227,act_dep_time,7:59 p.m.,0.9893,bclean
2228,sched_dep_time,10:40 a.m.,0.7466,bclean
2229,sched_dep_time,10:40 a.m.,0.7466,bclean
2230,sched_dep_time,10:40 a.m.,0.7466,bclean
2231,sched_dep_time,10:40 a.m.,0.7466,bclean
2232,sched_dep_time,10:40 a.m.,0.7466,bclean
2232,act_dep_time,2:48 p.m.,0.6296,bclean
2233,sched_dep_time,10:40 a.m.,0.7466,bclean
2234,act_arr_time,3:43 p.m.,0.5170,bclean
2237,act_dep_time,12:10 p.m.,0.6669,bclean
2239,sched_dep_time,10:40 a.m.,0.7466,bclean
2239,act_dep_time,9:58 a.m.,0.5556,bclean
2241,sched_dep_time,10:40 a.m.,0.7466,bclean
2241,act_arr_time,10:16 a.m.,0.5386,bclean
2242,act_dep_time,3:36 p.m.,0.6569,bclean
2243,act_arr_time,8:06 a.m.,0.6651,bclean
2244,sched_dep_time,10:40 a.m.,0.5989,bclean
2244,act_dep_time,11:20 a.m.,0.8810,bclean
2245,act_arr_time,6:15 p.m.,0.7082,bclean
2247,act_dep_time,7:39 a.m.,0.6366,bclean
2248,sched_dep_time,10:40 a.m.,0.7466,bclean
2248,act_dep_time,3:31 p.m.,0.6429,bclean
2252,act_dep_time,3:58 p.m.,0.7852,bclean
2253,act_dep_time,6:10 a.m.,0.7973,bclean
2254,act_dep_time,7:39 a.m.,0.6821,bclean
2255,act_dep_time,7:31 a.m.,0.6941,bclean
2256,sched_arr_time,9:40 a.m.,0.9557,bclean
2257,sched_arr_time,9:25 a.m.,0.9728,bclean
2257,act_arr_time,9:28 a.m.,0.9702,bclean
2258,sched_arr_time,10:15 p.m.,0.5579,bclean
2258,act_arr_time,10:29 p.m.,0.8260,bclean
2260,sched_arr_time,10:30 p.m.,0.9910,bclean
2261,sched_dep_time,6:00 a.m.,0.5555,bclean
2262,sched_arr_time,6:46 p.m.,0.9448,bclean
2262,act_arr_time,6:25 p.m.,0.9498,bclean
2264,sched_arr_time,9:55 a.m.,0.9783,bclean
2264,act_arr_time,9:45 a.m.,0.9689,bclean
2265,sched_arr_time,7:55 p.m.,0.9522,bclean
2265,act_arr_time,7:39 p.m.,0.9109,bclean
2266,sched_arr_time,12:35 p.m.,0.9613,bclean
2266,act_dep_time,10:11 a.m.,0.6794,bclean
2266,act_arr_time,1:18 p.m.,0.7345,bclean
2267,sched_arr_time,3:50 p.m.,0.8882,bclean
2267,act_arr_time,4:09 p.m.,0.9625,bclean
2268,act_arr_time,1:14 p.m.,0.6207,bclean
2269,sched_arr_time,9:20 a.m.,0.9527,bclean
2269,act_dep_time,6:09 a.m.,0.7264,bclean
2269,act_arr_time,9:05 a.m.,0.8212,bclean
2270,sched_arr_time,4:57 p.m.,0.8806,bclean
2270,act_arr_time,5:03 p.m.,0.8425,bclean
2271,sched_arr_time,11:05 a.m.,0.9448,bclean
2271,act_dep_time,8:04 a.m.,0.5602,bclean
2271,act_arr_time,11:01 a.m.,0.8976,bclean
2272,sched_arr_time,12:10 p.m.,0.9746,bclean
2273,sched_arr_time,8:00 a.m.,0.9755,bclean
2273,act_arr_time,8:06 a.m.,0.6666,bclean
2274,sched_arr_time,2:35 p.m.,0.9579,bclean
2274,act_arr_time,3:19 p.m.,0.6710,bclean
2275,sched_arr_time,7:45 a.m.,0.9624,bclean
2275,act_arr_time,7:40 a.m.,0.9689,bclean
2276,sched_arr_time,2:45 p.m.,0.9948,bclean
2276,act_arr_time,2:50 p.m.,0.5674,bclean
2277,act_arr_time,3:21 p.m.,0.7151,bclean
2278,sched_arr_time,6:15 p.m.,0.7761,bclean
2278,act_arr_time,5:42 p.m.,0.9220,bclean
2280,act_arr_time,8:03 p.m.,0.8259,bclean
2281,sched_arr_time,11:10 a.m.,0.8896,bclean
2281,act_arr_time,11:06 a.m.,0.8428,bclean
2283,sched_arr_time,2:25 p.m.,0.9771,bclean
2283,act_arr_time,2:27 p.m.,0.9311,bclean
2284,sched_arr_time,2:45 p.m.,0.9289,bclean
2284,act_dep_time,11:06 a.m.,0.6644,bclean
2284,act_arr_time,2:46 p.m.,0.8748,bclean
2285,sched_arr_time,4:00 p.m.,0.9741,bclean
2285,act_arr_time,3:33 p.m.,0.7960,bclean
2286,sched_arr_time,10:35 a.m.,0.9246,bclean
2286,act_dep_time,7:22 a.m.,0.6435,bclean
2287,sched_arr_time,7:25 p.m.,0.8673,bclean
2288,sched_arr_time,9:10 p.m.,0.8947,bclean
2288,act_arr_time,8:43 p.m.,0.6667,bclean
2289,sched_arr_time,3:15 p.m.,0.9579,bclean
2289,act_arr_time,3:16 p.m.,0.9477,bclean
2292,sched_arr_time,7:30 a.m.,0.9126,bclean
2292,act_arr_time,7:51 a.m.,0.9467,bclean
2293,sched_arr_time,9:35 a.m.,0.8958,bclean
2294,sched_arr_time,8:05 p.m.,0.7157,bclean
2294,act_arr_time,7:55 p.m.,0.8950,bclean
2296,sched_arr_time,9:45 p.m.,0.9791,bclean
2296,act_arr_time,9:53 p.m.,0.5882,bclean
2297,sched_arr_time,2:59 p.m.,0.9935,bclean
2297,act_dep_time,11:02 a.m.,0.7574,bclean
2297,act_arr_time,3:04 p.m.,0.8191,bclean
2298,sched_arr_time,4:31 p.m.,0.9108,bclean
2298,act_arr_time,4:23 p.m.,0.8163,bclean
2299,act_arr_time,4:17 p.m.,0.7354,bclean
2302,sched_arr_time,11:50 p.m.,0.8920,bclean
2303,sched_arr_time,10:34 a.m.,0.9937,bclean
2303,act_dep_time,7:23 a.m.,0.6356,bclean
2303,act_arr_time,10:04 a.m.,0.9623,bclean
2304,sched_arr_time,11:50 a.m.,0.9579,bclean
2304,act_dep_time,8:52 a.m.,0.6371,bclean
2304,act_arr_time,11:44 a.m.,0.8976,bclean
2305,sched_arr_time,3:50 p.m.,0.9178,bclean
2307,sched_dep_time,2:30 p.m.,0.7205,bclean
2308,sched_dep_time,6:45 p.m.,0.5193,bclean
2309,sched_arr_time,4:05 p.m.,0.9888,bclean
2309,act_arr_time,3:43 p.m.,0.5170,bclean
2310,sched_arr_time,5:55 p.m.,0.9602,bclean
2310,act_dep_time,3:28 p.m.,0.5175,bclean
2310,act_arr_time,5:34 p.m.,0.5872,bclean
2311,sched_arr_time,11:35 a.m.,0.9488,bclean
2311,act_arr_time,11:07 a.m.,0.7508,bclean
2312,sched_arr_time,2:15 p.m.,0.9571,bclean
2312,act_dep_time,12:11 p.m.,0.6344,bclean
2312,act_arr_time,1:43 p.m.,0.9038,bclean
2313,sched_arr_time,2:35 p.m.,0.8684,bclean
2313,act_dep_time,1:20 p.m.,0.5125,bclean
2313,act_arr_time,3:01 p.m.,0.6657,bclean
2314,sched_arr_time,6:30 p.m.,0.8941,bclean
2314,act_arr_time,6:43 p.m.,0.9356,bclean
2315,sched_arr_time,6:40 p.m.,0.9902,bclean
2315,act_arr_time,6:15 p.m.,0.7096,bclean
2316,sched_arr_time,3:30 p.m.,0.9443,bclean
2316,act_arr_time,3:14 p.m.,0.8384,bclean
2317,sched_arr_time,6:17 p.m.,0.9494,bclean
2317,act_arr_time,6:17 p.m.,0.7795,bclean
2318,sched_arr_time,12:55 p.m.,0.9522,bclean
2318,act_arr_time,12:48 p.m.,0.8143,bclean
2319,sched_arr_time,7:05 p.m.,0.7743,bclean
2319,act_dep_time,4:15 p.m.,0.6325,bclean
2319,act_arr_time,6:36 p.m.,0.9564,bclean
2320,sched_arr_time,6:40 a.m.,0.9505,bclean
2320,act_arr_time,6:19 a.m.,0.9525,bclean
2321,sched_arr_time,10:45 a.m.,0.9170,bclean
2321,act_dep_time,7:40 a.m.,0.5942,bclean
2321,act_arr_time,11:12 a.m.,0.8536,bclean
2322,act_arr_time,9:22 a.m.,0.6974,bclean
2325,act_arr_time,10:30 p.m.,1.0000,bclean
2326,act_dep_time,6:47 p.m.,1.0000,bclean
2326,act_arr_time,7:25 p.m.,1.0000,bclean
2327,act_dep_time,7:15 p.m.,1.0000,bclean
2327,act_arr_time,12:21 a.m.,1.0000,bclean
2329,act_dep_time,11:29 p.m.,1.0000,bclean
2329,act_arr_time,6:35 a.m.,1.0000,bclean
2340,act_arr_time,3:19 p.m.,0.6695,bclean
2356,act_dep_time,12:10 a.m.,1.0000,bclean
2356,act_arr_time,5:42 a.m.,1.0000,bclean
2357,act_dep_time,4:28 p.m.,0.9992,bclean
2357,act_arr_time,12:01 a.m.,1.0000,bclean
2358,act_dep_time,9:06 p.m.,1.0000,bclean
2358,act_arr_time,11:49 p.m.,1.0000,bclean
2359,act_dep_time,8:29 p.m.,1.0000,bclean
2359,act_arr_time,11:35 p.m.,1.0000,bclean
2363,act_dep_time,1:41 p.m.,1.0000,bclean
2363,act_arr_time,3:29 p.m.,1.0000,bclean
1,src,aa,0.5000,bclean_keep
1,flight,AA-3859-IAH-ORD,0.5000,bclean_keep
1,sched_dep_time,7:10 a.m.,0.0000,bclean_keep
1,act_dep_time,7:16 a.m.,0.0106,bclean_keep
1,sched_arr_time,9:40 a.m.,0.0300,bclean_keep
2,src,aa,0.5000,bclean_keep
2,flight,AA-1733-ORD-PHX,0.5000,bclean_keep
2,sched_dep_time,7:45 p.m.,0.0000,bclean_keep
2,sched_arr_time,10:30 p.m.,0.0001,bclean_keep
3,src,aa,0.5000,bclean_keep
3,flight,AA-1640-MIA-MCO,0.5000,bclean_keep
3,sched_dep_time,6:30 p.m.,0.0000,bclean_keep
3,sched_arr_time,7:25 p.m.,0.1297,bclean_keep
4,src,aa,0.5000,bclean_keep
4,flight,AA-518-MIA-JFK,0.5000,bclean_keep
4,sched_dep_time,6:40 a.m.,0.0046,bclean_keep
4,act_dep_time,6:54 a.m.,0.0061,bclean_keep
4,sched_arr_time,9:25 a.m.,0.0140,bclean_keep
4,act_arr_time,9:28 a.m.,0.0268,bclean_keep
5,src,aa,0.5000,bclean_keep
5,flight,AA-3756-ORD-SLC,0.5000,bclean_keep
5,sched_dep_time,12:15 p.m.,0.1373,bclean_keep
5,act_dep_time,12:41 p.m.,0.3522,bclean_keep
5,sched_arr_time,2:45 p.m.,0.0016,bclean_keep
5,act_arr_time,2:50 p.m.,0.0000,bclean_keep
6,src,aa,0.5000,bclean_keep
6,flight,AA-204-LAX-MCO,0.5000,bclean_keep
6,sched_dep_time,11:25 p.m.,0.0000,bclean_keep
7,src,aa,0.5000,bclean_keep
7,flight,AA-3468-CVG-MIA,0.5000,bclean_keep
7,sched_dep_time,7:00 a.m.,0.0000,bclean_keep
7,act_dep_time,7:25 a.m.,0.0119,bclean_keep
7,sched_arr_time,9:55 a.m.,0.0104,bclean_keep
7,act_arr_time,9:45 a.m.,0.0280,bclean_keep
8,src,aa,0.5000,bclean_keep
8,flight,AA-484-DFW-MIA,0.5000,bclean_keep
8,sched_dep_time,4:15 p.m.,0.0000,bclean_keep
8,act_dep_time,4:29 p.m.,0.3324,bclean_keep
8,sched_arr_time,7:55 p.m.,0.0148,bclean_keep
8,act_arr_time,7:39 p.m.,0.0804,bclean_keep
9,src,aa,0.5000,bclean_keep
9,flight,AA-446-DFW-PHL,0.5000,bclean_keep
9,sched_dep_time,11:50 a.m.,0.0092,bclean_keep
9,act_dep_time,12:12 p.m.,0.3688,bclean_keep
9,sched_arr_time,3:50 p.m.,0.0005,bclean_keep
9,act_arr_time,4:09 p.m.,0.0000,bclean_keep
10,src,aa,0.5000,bclean_keep
10,flight,AA-466-IAH-MIA,0.5000,bclean_keep
10,sched_dep_time,6:00 a.m.,0.0000,bclean_keep
10,act_dep_time,6:08 a.m.,0.3873,bclean_keep
10,sched_arr_time,9:20 a.m.,0.0157,bclean_keep
10,act_arr_time,9:05 a.m.,0.0471,bclean_keep
11,src,aa,0.5000,bclean_keep
11,flight,AA-1886-BOS-MIA,0.5000,bclean_keep
11,sched_dep_time,10:45 a.m.,0.0000,bclean_keep
11,act_dep_time,10:55 a.m.,0.1149,bclean_keep
11,sched_arr_time,2:20 p.m.,0.0000,bclean_keep
11,act_arr_time,1:40 p.m.,0.0016,bclean_keep
12,src,aa,0.5000,bclean_keep
12,flight,AA-2957-DFW-CVG,0.5000,bclean_keep
12,sched_dep_time,7:55 a.m.,0.0000,bclean_keep
12,act_dep_time,8:04 a.m.,0.0226,bclean_keep
12,sched_arr_time,11:05 a.m.,0.0003,bclean_keep
12,act_arr_time,11:01 a.m.,0.0923,bclean_keep
13,src,aa,0.5000,bclean_keep
13,flight,AA-1664-MIA-ATL,0.5000,bclean_keep
13,sched_dep_time,10:15 a.m.,0.0000,bclean_keep
13,act_dep_time,10:18 a.m.,0.0785,bclean_keep
13,sched_arr_time,12:10 p.m.,0.0003,bclean_keep
13,act_arr_time,11:56 a.m.,0.0000,bclean_keep
14,src,aa,0.5000,bclean_keep
14,flight,AA-3979-CVG-ORD,0.5000,bclean_keep
14,sched_dep_time,7:30 a.m.,0.0000,bclean_keep
14,act_dep_time,8:04 a.m.,0.0095,bclean_keep
14,sched_arr_time,8:00 a.m.,0.0139,bclean_keep
14,act_arr_time,8:06 a.m.,0.3327,bclean_keep
15,src,aa,0.5000,bclean_keep
15,flight,AA-1279-DFW-PHX,0.5000,bclean_keep
15,sched_dep_time,1:00 p.m.,0.0490,bclean_keep
15,act_dep_time,2:04 p.m.,0.2074,bclean_keep
15,sched_arr_time,2:35 p.m.,0.0355,bclean_keep
16,src,aa,0.5000,bclean_keep
16,flight,AA-616-DFW-DTW,0.5000,bclean_keep
16,sched_dep_time,9:05 a.m.,0.0000,bclean_keep
16,act_dep_time,10:10 a.m.,0.0508,bclean_keep
16,sched_arr_time,12:35 p.m.,0.0204,bclean_keep
16,act_arr_time,1:27 p.m.,0.0673,bclean_keep
17,src,aa,0.5000,bclean_keep
17,flight,AA-4344-ORD-DTW,0.5000,bclean_keep
17,sched_dep_time,11:45 a.m.,0.0000,bclean_keep
17,act_dep_time,12:13 p.m.,0.0627,bclean_keep
17,sched_arr_time,2:00 p.m.,0.0000,bclean_keep
17,act_arr_time,2:10 p.m.,0.0000,bclean_keep
18,src,aa,0.5000,bclean_keep
18,flight,AA-2525-DFW-MIA,0.5000,bclean_keep
18,sched_dep_time,7:25 a.m.,0.0000,bclean_keep
18,act_dep_time,7:39 a.m.,0.3569,bclean_keep
18,sched_arr_time,11:10 a.m.,0.0390,bclean_keep
18,act_arr_time,11:06 a.m.,0.1496,bclean_keep
19,src,aa,0.5000,bclean_keep
19,flight,AA-404-MIA-MCO,0.5000,bclean_keep
19,sched_dep_time,6:45 a.m.,0.0000,bclean_keep
19,act_dep_time,6:57 a.m.,0.0588,bclean_keep
19,sched_arr_time,7:45 a.m.,0.0163,bclean_keep
19,act_arr_time,7:40 a.m.,0.0279,bclean_keep
20,src,aa,0.5000,bclean_keep
20,flight,AA-271-MIA-LAX,0.5000,bclean_keep
20,sched_dep_time,11:35 a.m.,0.0000,bclean_keep
20,act_dep_time,11:52 a.m.,0.0236,bclean_keep
20,sched_arr_time,2:25 p.m.,0.0125,bclean_keep
20,act_arr_time,2:27 p.m.,0.0620,bclean_keep
21,src,aa,0.5000,bclean_keep
21,flight,AA-2050-ORD-MIA,0.5000,bclean_keep
21,sched_dep_time,10:40 a.m.,0.0404,bclean_keep
21,act_dep_time,11:05 a.m.,0.3311,bclean_keep
21,sched_arr_time,2:45 p.m.,0.0290,bclean_keep
21,act_arr_time,2:46 p.m.,0.0276,bclean_keep
22,src,aa,0.5000,bclean_keep
22,flight,AA-4330-CVG-ORD,0.5000,bclean_keep
22,sched_dep_time,3:35 p.m.,0.0000,bclean_keep
22,act_dep_time,3:36 p.m.,0.0334,bclean_keep
22,sched_arr_time,4:00 p.m.,0.0112,bclean_keep
22,act_arr_time,3:33 p.m.,0.1941,bclean_keep
23,src,aa,0.5000,bclean_keep
23,flight,AA-1434-DFW-MCO,0.5000,bclean_keep
23,sched_dep_time,7:15 a.m.,0.0000,bclean_keep
23,act_dep_time,7:21 a.m.,0.0124,bclean_keep
23,sched_arr_time,10:35 a.m.,0.0445,bclean_keep
23,act_arr_time,10:36 a.m.,0.2412,bclean_keep
24,src,aa,0.5000,bclean_keep
24,flight,AA-4307-ORD-DTW,0.5000,bclean_keep
24,sched_dep_time,6:45 p.m.,0.0056,bclean_keep
24,act_dep_time,6:55 p.m.,0.1234,bclean_keep
24,sched_arr_time,9:10 p.m.,0.0003,bclean_keep
24,act_arr_time,8:53 p.m.,0.0000,bclean_keep
25,src,aa,0.5000,bclean_keep
25,flight,AA-3-JFK-LAX,0.5000,bclean_keep
25,sched_dep_time,12:00 p.m.,0.0000,bclean_keep
25,act_dep_time,12:11 p.m.,0.3771,bclean_keep
25,sched_arr_time,3:15 p.m.,0.0002,bclean_keep
25,act_arr_time,3:16 p.m.,0.0000,bclean_keep
26,src,aa,0.5000,bclean_keep
26,flight,AA-3842-MSP-ORD,0.5000,bclean_keep
26,sched_dep_time,6:00 a.m.,0.0000,bclean_keep
26,act_dep_time,6:56 a.m.,0.2734,bclean_keep
26,sched_arr_time,7:30 a.m.,0.0302,bclean_keep
26,act_arr_time,7:51 a.m.,0.0506,bclean_keep
27,src,aa,0.5000,bclean_keep
27,flight,AA-643-MIA-ORD,0.5000,bclean_keep
27,sched_dep_time,7:10 a.m.,0.0000,bclean_keep
27,act_dep_time,7:30 a.m.,0.0202,bclean_keep
27,sched_arr_time,9:35 a.m.,0.0005,bclean_keep
27,act_arr_time,9:31 a.m.,0.0000,bclean_keep
28,src,aa,0.5000,bclean_keep
28,flight,AA-1007-MIA-PHX,0.5000,bclean_keep
28,sched_dep_time,4:55 p.m.,0.0000,bclean_keep
28,act_dep_time,5:08 p.m.,0.1618,bclean_keep
28,sched_arr_time,8:05 p.m.,0.1193,bclean_keep
28,act_arr_time,7:55 p.m.,0.0762,bclean_keep
29,src,aa,0.5000,bclean_keep
29,flight,AA-1221-MCO-ORD,0.5000,bclean_keep
29,sched_dep_time,8:00 p.m.,0.0000,bclean_keep
29,act_dep_time,8:23 p.m.,0.0895,bclean_keep
29,sched_arr_time,9:45 p.m.,0.0115,bclean_keep
29,act_arr_time,9:53 p.m.,0.4112,bclean_keep
30,src,aa,0.5000,bclean_keep
30,flight,AA-400-DFW-JFK,0.5000,bclean_keep
30,sched_dep_time,10:40 a.m.,0.0000,bclean_keep
30,sched_arr_time,2:59 p.m.,0.0026,bclean_keep
30,act_arr_time,3:04 p.m.,0.1652,bclean_keep
31,src,aa,0.5000,bclean_keep
31,flight,AA-4198-ORD-CLE,0.5000,bclean_keep
31,sched_dep_time,10:40 a.m.,0.0000,bclean_keep
31,act_dep_time,10:54 a.m.,0.0202,bclean_keep
31,sched_arr_time,12:55 p.m.,0.0004,bclean_keep
31,act_arr_time,12:50 p.m.,0.0000,bclean_keep
32,src,aa,0.5000,bclean_keep
32,flight,AA-1522-SFO-ORD,0.5000,bclean_keep
32,sched_dep_time,11:55 p.m.,0.0000,bclean_keep
33,src,aa,0.5000,bclean_keep
33,flight,AA-3823-LAX-DEN,0.5000,bclean_keep
33,sched_dep_time,9:00 p.m.,0.0000,bclean_keep
34,src,aa,0.5000,bclean_keep
34,flight,AA-2312-DFW-DTW,0.5000,bclean_keep
34,sched_dep_time,8:25 p.m.,0.0000,bclean_keep
34,sched_arr_time,11:50 p.m.,0.1356,bclean_keep
35,src,aa,0.5000,bclean_keep
35,flight,AA-1165-JFK-MIA,0.5000,bclean_keep
35,sched_dep_time,6:59 a.m.,0.0000,bclean_keep
35,act_dep_time,7:22 a.m.,0.3299,bclean_keep
35,sched_arr_time,10:34 a.m.,0.0023,bclean_keep
35,act_arr_time,10:04 a.m.,0.0110,bclean_keep
36,src,aa,0.5000,bclean_keep
36,flight,AA-431-MIA-SFO,0.5000,bclean_keep
36,sched_dep_time,8:35 a.m.,0.0000,bclean_keep
36,act_dep_time,8:51 a.m.,0.3062,bclean_keep
36,sched_arr_time,11:50 a.m.,0.0144,bclean_keep
36,act_arr_time,11:44 a.m.,0.0249,bclean_keep
37,src,aa,0.5000,bclean_keep
37,flight,AA-649-ORD-SNA,0.5000,bclean_keep
38,src,aa,0.5000,bclean_keep
38,flight,AA-3063-SLC-LAX,0.5000,bclean_keep
38,sched_dep_time,8:20 p.m.,0.0000,bclean_keep
38,sched_arr_time,9:20 p.m.,0.1008,bclean_keep
39,src,aa,0.5000,bclean_keep
39,flight,AA-3804-PHL-ORD,0.5000,bclean_keep
39,sched_dep_time,2:35 p.m.,0.0000,bclean_keep
39,act_dep_time,2:44 p.m.,0.0312,bclean_keep
39,sched_arr_time,4:05 p.m.,0.0057,bclean_keep
39,act_arr_time,3:43 p.m.,0.4813,bclean_keep
40,src,aa,0.5000,bclean_keep
40,flight,AA-1917-JFK-MCO,0.5000,bclean_keep
40,sched_dep_time,2:55 p.m.,0.0000,bclean_keep
40,act_dep_time,3:27 p.m.,0.1073,bclean_keep
40,sched_arr_time,5:55 p.m.,0.0161,bclean_keep
40,act_arr_time,5:43 p.m.,0.0314,bclean_keep
41,src,aa,0.5000,bclean_keep
41,flight,AA-2268-PHX-ORD,0.5000,bclean_keep
41,sched_dep_time,7:15 a.m.,0.0006,bclean_keep
41,act_dep_time,7:22 a.m.,0.0981,bclean_keep
41,sched_arr_time,11:35 a.m.,0.0004,bclean_keep
41,act_arr_time,11:06 a.m.,0.3388,bclean_keep
42,src,aa,0.5000,bclean_keep
42,flight,AA-4277-CVG-JFK,0.5000,bclean_keep
42,sched_dep_time,12:10 p.m.,0.0000,bclean_keep
42,act_dep_time,12:10 p.m.,0.3326,bclean_keep
42,sched_arr_time,2:15 p.m.,0.0126,bclean_keep
42,act_arr_time,1:43 p.m.,0.0265,bclean_keep
43,src,aa,0.5000,bclean_keep
43,flight,AA-789-ORD-DEN,0.5000,bclean_keep
43,sched_dep_time,1:05 p.m.,0.1050,bclean_keep
43,act_dep_time,1:19 p.m.,0.2579,bclean_keep
43,sched_arr_time,2:35 p.m.,0.0603,bclean_keep
43,act_arr_time,3:13 p.m.,0.1275,bclean_keep
44,src,aa,0.5000,bclean_keep
44,flight,AA-415-BOS-ORD,0.5000,bclean_keep
44,sched_dep_time,8:35 a.m.,0.0000,bclean_keep
44,act_dep_time,8:56 a.m.,0.0417,bclean_keep
44,sched_arr_time,10:40 a.m.,0.0000,bclean_keep
44,act_arr_time,10:16 a.m.,0.0033,bclean_keep
45,src,aa,0.5000,bclean_keep
45,flight,AA-85-JFK-SFO,0.5000,bclean_keep
45,sched_dep_time,3:05 p.m.,0.0068,bclean_keep
45,act_dep_time,3:36 p.m.,0.3405,bclean_keep
45,sched_arr_time,6:30 p.m.,0.0356,bclean_keep
45,act_arr_time,6:43 p.m.,0.0613,bclean_keep
46,src,aa,0.5000,bclean_keep
46,flight,AA-1544-SAN-ORD,0.5000,bclean_keep
46,sched_dep_time,11:25 a.m.,0.0000,bclean_keep
46,act_dep_time,11:40 a.m.,0.2000,bclean_keep
46,sched_arr_time,5:25 p.m.,0.0000,bclean_keep
46,act_arr_time,4:56 p.m.,0.0000,bclean_keep
47,src,aa,0.5000,bclean_keep
47,flight,AA-3786-IAH-ORD,0.5000,bclean_keep
47,sched_dep_time,4:00 p.m.,0.0008,bclean_keep
47,act_dep_time,4:12 p.m.,0.0759,bclean_keep
47,sched_arr_time,6:40 p.m.,0.0056,bclean_keep
47,act_arr_time,6:15 p.m.,0.2900,bclean_keep
48,src,aa,0.5000,bclean_keep
48,flight,AA-222-LAX-BOS,0.5000,bclean_keep
48,sched_dep_time,7:10 a.m.,0.0001,bclean_keep
48,act_dep_time,7:31 a.m.,0.3049,bclean_keep
48,sched_arr_time,3:30 p.m.,0.0003,bclean_keep
48,act_arr_time,3:14 p.m.,0.0000,bclean_keep
49,src,aa,0.5000,bclean_keep
49,flight,AA-3809-PHX-LAX,0.5000,bclean_keep
49,sched_dep_time,6:00 a.m.,0.0000,bclean_keep
49,act_dep_time,6:10 a.m.,0.2014,bclean_keep
49,sched_arr_time,6:40 a.m.,0.0169,bclean_keep
49,act_arr_time,6:19 a.m.,0.0451,bclean_keep
50,src,aa,0.5000,bclean_keep
50,flight,AA-59-JFK-SFO,0.5000,bclean_keep
50,sched_dep_time,7:10 a.m.,0.0000,bclean_keep
50,act_dep_time,7:39 a.m.,0.3140,bclean_keep
50,sched_arr_time,10:45 a.m.,0.0300,bclean_keep
50,act_arr_time,11:12 a.m.,0.0484,bclean_keep
51,src,helloflight,0.5000,bclean_keep
51,flight,AA-3859-IAH-ORD,0.5000,bclean_keep
51,act_dep_time,7:16 a.m.,0.0000,bclean_keep
51,act_arr_time,9:22 a.m.,0.3180,bclean_keep
52,src,helloflight,0.5000,bclean_keep
52,flight,CO-1586-IAH-MCO,0.5000,bclean_keep
52,sched_dep_time,7:00 p.m.,0.0537,bclean_keep
52,sched_arr_time,10:15 p.m.,0.2120,bclean_keep
53,src,helloflight,0.5000,bclean_keep
53,flight,AA-518-MIA-JFK,0.5000,bclean_keep
53,act_dep_time,6:54 a.m.,0.0034,bclean_keep
54,src,helloflight,0.5000,bclean_keep
54,flight,UA-397-JFK-SFO,0.5000,bclean_keep
54,act_dep_time,8:48 a.m.,0.2000,bclean_keep
55,src,helloflight,0.5000,bclean_keep
55,flight,UA-3925-IAD-ORF,0.5000,bclean_keep
55,act_arr_time,9:29 a.m.,0.5000,bclean_keep
56,src,helloflight,0.5000,bclean_keep
56,flight,AA-1733-ORD-PHX,0.5000,bclean_keep
56,act_dep_time,7:59 p.m.,0.0000,bclean_keep
56,act_arr_time,10:31 p.m.,0.4283,bclean_keep
57,src,helloflight,0.5000,bclean_keep
57,flight,UA-2830-MCO-CLT,0.5000,bclean_keep
57,act_dep_time,3:50 p.m.,0.0000,bclean_keep
58,src,helloflight,0.5000,bclean_keep
58,flight,CO-58-DEN-IAH,0.5000,bclean_keep
58,sched_dep_time,11:25 a.m.,0.0000,bclean_keep
58,sched_arr_time,2:50 p.m.,0.0000,bclean_keep
59,src,helloflight,0.5000,bclean_keep
59,flight,AA-1544-SAN-ORD,0.5000,bclean_keep
59,act_dep_time,11:41 a.m.,0.0000,bclean_keep
60,src,helloflight,0.5000,bclean_keep
60,flight,UA-5487-SFO-MRY,0.5000,bclean_keep
60,act_dep_time,10:53 a.m.,0.0000,bclean_keep
61,src,helloflight,0.5000,bclean_keep
61,flight,AA-204-LAX-MCO,0.5000,bclean_keep
61,act_dep_time,11:29 p.m.,0.0000,bclean_keep
62,src,helloflight,0.5000,bclean_keep
62,flight,UA-414-LAX-SFO,0.5000,bclean_keep
62,act_dep_time,6:10 a.m.,0.1580,bclean_keep
63,src,helloflight,0.5000,bclean_keep
63,flight,CO-1614-LAX-IAH,0.5000,bclean_keep
63,sched_dep_time,12:30 a.m.,0.0000,bclean_keep
63,sched_arr_time,5:35 a.m.,0.0000,bclean_keep
64,src,helloflight,0.5000,bclean_keep
64,flight,UA-2726-FLL-PHL,0.5000,bclean_keep
64,act_dep_time,4:10 p.m.,0.0000,bclean_keep
64,act_arr_time,6:25 p.m.,0.1658,bclean_keep
65,src,helloflight,0.5000,bclean_keep
65,flight,CO-52-IAH-LAX,0.5000,bclean_keep
65,sched_dep_time,7:35 a.m.,0.0000,bclean_keep
65,sched_arr_time,9:21 a.m.,0.2208,bclean_keep
66,src,helloflight,0.5000,bclean_keep
66,flight,CO-1090-BOS-IAH,0.5000,bclean_keep
66,sched_dep_time,9:45 a.m.,0.0000,bclean_keep
66,sched_arr_time,1:16 p.m.,0.0000,bclean_keep
67,src,helloflight,0.5000,bclean_keep
67,flight,AA-616-DFW-DTW,0.5000,bclean_keep
68,src,helloflight,0.5000,bclean_keep
68,flight,UA-3515-IAD-MSP,0.5000,bclean_keep
68,act_dep_time,8:26 a.m.,0.4000,bclean_keep
68,act_arr_time,9:56 a.m.,0.1900,bclean_keep
69,src,helloflight,0.5000,bclean_keep
69,flight,AA-3468-CVG-MIA,0.5000,bclean_keep
69,act_dep_time,7:25 a.m.,0.0030,bclean_keep
70,src,helloflight,0.5000,bclean_keep
70,flight,AA-484-DFW-MIA,0.5000,bclean_keep
70,act_dep_time,4:29 p.m.,0.0938,bclean_keep
71,src,helloflight,0.5000,bclean_keep
71,flight,AA-1886-BOS-MIA,0.5000,bclean_keep
71,act_dep_time,10:54 a.m.,0.2431,bclean_keep
71,act_arr_time,1:36 p.m.,0.0000,bclean_keep
72,src,helloflight,0.5000,bclean_keep
72,flight,CO-62-IAH-EWR,0.5000,bclean_keep
72,sched_dep_time,2:30 p.m.,0.0000,bclean_keep
72,sched_arr_time,7:03 p.m.,0.0000,bclean_keep
73,src,helloflight,0.5000,bclean_keep
73,flight,CO-1561-PHX-IAH,0.5000,bclean_keep
73,sched_dep_time,8:05 a.m.,0.0513,bclean_keep
73,sched_arr_time,11:35 a.m.,0.0000,bclean_keep
74,src,helloflight,0.5000,bclean_keep
74,flight,UA-2314-ATL-PHL,0.5000,bclean_keep
74,act_dep_time,3:04 p.m.,0.0000,bclean_keep
74,act_arr_time,4:43 p.m.,0.4104,bclean_keep
75,src,helloflight,0.5000,bclean_keep
75,flight,AA-446-DFW-PHL,0.5000,bclean_keep
75,act_dep_time,12:13 p.m.,0.0000,bclean_keep
76,src,helloflight,0.5000,bclean_keep
76,flight,CO-1023-IAH-DEN,0.5000,bclean_keep
76,sched_dep_time,11:40 a.m.,0.0000,bclean_keep
76,sched_arr_time,1:17 p.m.,0.2206,bclean_keep
77,src,helloflight,0.5000,bclean_keep
77,flight,AA-466-IAH-MIA,0.5000,bclean_keep
78,src,helloflight,0.5000,bclean_keep
78,flight,UA-3050-PHX-CLT,0.5000,bclean_keep
78,act_dep_time,11:45 a.m.,0.0085,bclean_keep
79,src,helloflight,0.5000,bclean_keep
79,flight,CO-89-IAH-EWR,0.5000,bclean_keep
79,sched_dep_time,6:00 a.m.,0.0000,bclean_keep
79,sched_arr_time,10:20 a.m.,0.0000,bclean_keep
80,src,helloflight,0.5000,bclean_keep
80,flight,CO-1088-CLE-IAH,0.5000,bclean_keep
80,sched_dep_time,8:40 a.m.,0.0000,bclean_keep
80,sched_arr_time,10:54 a.m.,0.0000,bclean_keep
81,src,helloflight,0.5000,bclean_keep
81,flight,AA-1664-MIA-ATL,0.5000,bclean_keep
81,act_dep_time,10:19 a.m.,0.0000,bclean_keep
81,act_arr_time,11:50 a.m.,0.0000,bclean_keep
82,src,helloflight,0.5000,bclean_keep
82,flight,AA-1279-DFW-PHX,0.5000,bclean_keep
83,src,helloflight,0.5000,bclean_keep
83,flight,UA-854-SFO-IAH,0.5000,bclean_keep
83,act_dep_time,8:07 a.m.,0.0000,bclean_keep
84,src,helloflight,0.5000,bclean_keep
84,flight,UA-382-IAD-LAX,0.5000,bclean_keep
84,act_dep_time,12:56 p.m.,0.0133,bclean_keep
85,src,helloflight,0.5000,bclean_keep
85,flight,AA-4344-ORD-DTW,0.5000,bclean_keep
85,act_dep_time,12:14 p.m.,0.0000,bclean_keep
86,src,helloflight,0.5000,bclean_keep
86,flight,UA-257-JFK-SFO,0.5000,bclean_keep
86,act_dep_time,2:43 p.m.,0.0006,bclean_keep
87,src,helloflight,0.5000,bclean_keep
87,flight,UA-2945-PHL-CLT,0.5000,bclean_keep
87,act_dep_time,12:07 p.m.,0.0201,bclean_keep
88,src,helloflight,0.5000,bclean_keep
88,flight,CO-63-EWR-IAH,0.5000,bclean_keep
88,sched_dep_time,5:25 p.m.,0.0000,bclean_keep
88,sched_arr_time,8:22 p.m.,0.2717,bclean_keep
89,src,helloflight,0.5000,bclean_keep
89,flight,CO-47-IAH-LAX,0.5000,bclean_keep
89,sched_dep_time,7:10 p.m.,0.0000,bclean_keep
90,src,helloflight,0.5000,bclean_keep
90,flight,AA-2050-ORD-MIA,0.5000,bclean_keep
90,act_dep_time,11:06 a.m.,0.3800,bclean_keep
91,src,helloflight,0.5000,bclean_keep
91,flight,UA-248-PHX-ORD,0.5000,bclean_keep
91,act_dep_time,1:43 p.m.,0.0000,bclean_keep
91,act_arr_time,5:24 p.m.,0.3854,bclean_keep
92,src,helloflight,0.5000,bclean_keep
92,flight,AA-4330-CVG-ORD,0.5000,bclean_keep
92,sched_dep_time,3:35 p.m.,0.0000,bclean_keep
92,sched_arr_time,4:00 p.m.,0.0238,bclean_keep
93,src,helloflight,0.5000,bclean_keep
93,flight,AA-1434-DFW-MCO,0.5000,bclean_keep
93,act_dep_time,7:22 a.m.,0.0000,bclean_keep
94,src,helloflight,0.5000,bclean_keep
94,flight,AA-1640-MIA-MCO,0.5000,bclean_keep
94,act_dep_time,6:47 p.m.,0.0000,bclean_keep
94,act_arr_time,7:25 p.m.,0.0000,bclean_keep
95,src,helloflight,0.5000,bclean_keep
95,flight,AA-4307-ORD-DTW,0.5000,bclean_keep
95,act_dep_time,6:56 p.m.,0.0000,bclean_keep
95,act_arr_time,8:38 p.m.,0.4284,bclean_keep
96,src,helloflight,0.5000,bclean_keep
96,flight,AA-3-JFK-LAX,0.5000,bclean_keep
96,act_arr_time,3:04 p.m.,0.5000,bclean_keep
97,src,helloflight,0.5000,bclean_keep
97,flight,CO-1694-LAX-IAH,0.5000,bclean_keep
97,sched_dep_time,7:15 p.m.,0.0000,bclean_keep
98,src,helloflight,0.5000,bclean_keep
98,flight,UA-843-LAX-ORD,0.5000,bclean_keep
98,act_dep_time,2:04 p.m.,0.0000,bclean_keep
98,act_arr_time,7:20 p.m.,0.0000,bclean_keep
99,src,helloflight,0.5000,bclean_keep
99,flight,CO-1193-EWR-MCO,0.5000,bclean_keep
99,sched_dep_time,9:15 a.m.,0.0000,bclean_keep
99,sched_arr_time,12:18 p.m.,0.0861,bclean_keep
100,src,helloflight,0.5000,bclean_keep
100,flight,AA-3842-MSP-ORD,0.5000,bclean_keep
101,src,helloflight,0.5000,bclean_keep
101,flight,AA-643-MIA-ORD,0.5000,bclean_keep
101,act_dep_time,7:31 a.m.,0.0000,bclean_keep
101,act_arr_time,9:26 a.m.,0.2095,bclean_keep
102,src,helloflight,0.5000,bclean_keep
102,flight,AA-1007-MIA-PHX,0.5000,bclean_keep
103,src,helloflight,0.5000,bclean_keep
103,flight,AA-2525-DFW-MIA,0.5000,bclean_keep
103,act_dep_time,7:39 a.m.,0.0871,bclean_keep
103,act_arr_time,10:43 a.m.,0.4816,bclean_keep
104,src,helloflight,0.5000,bclean_keep
104,flight,UA-2906-PHL-MCO,0.5000,bclean_keep
104,act_arr_time,6:28 p.m.,0.5000,bclean_keep
105,src,helloflight,0.5000,bclean_keep
105,flight,UA-938-DEN-ORD,0.5000,bclean_keep
105,act_dep_time,4:37 p.m.,0.2000,bclean_keep
106,src,helloflight,0.5000,bclean_keep
106,flight,AA-1221-MCO-ORD,0.5000,bclean_keep
106,act_dep_time,8:23 p.m.,0.0000,bclean_keep
107,src,helloflight,0.5000,bclean_keep
107,flight,CO-16-LAX-EWR,0.5000,bclean_keep
107,sched_dep_time,10:25 a.m.,0.0000,bclean_keep
107,sched_arr_time,6:44 p.m.,0.0000,bclean_keep
108,src,helloflight,0.5000,bclean_keep
108,flight,UA-2515-DFW-CLT,0.5000,bclean_keep
108,act_arr_time,10:43 a.m.,0.5000,bclean_keep
109,src,helloflight,0.5000,bclean_keep
109,flight,AA-400-DFW-JFK,0.5000,bclean_keep
109,act_dep_time,11:02 a.m.,0.2697,bclean_keep
110,src,helloflight,0.5000,bclean_keep
110,flight,UA-664-ORD-PHL,0.5000,bclean_keep
110,act_dep_time,1:48 p.m.,0.0003,bclean_keep
111,src,helloflight,0.5000,bclean_keep
111,flight,AA-3756-ORD-SLC,0.5000,bclean_keep
111,act_arr_time,2:50 p.m.,0.0000,bclean_keep
112,src,helloflight,0.5000,bclean_keep
112,flight,UA-37-EWR-MCO,0.5000,bclean_keep
112,sched_dep_time,1:29 p.m.,0.0000,bclean_keep
112,sched_arr_time,4:17 p.m.,0.0997,bclean_keep
113,src,helloflight,0.5000,bclean_keep
113,flight,AA-1522-SFO-ORD,0.5000,bclean_keep
113,act_dep_time,12:11 a.m.,0.0000,bclean_keep
113,act_arr_time,5:52 a.m.,0.1981,bclean_keep
114,src,helloflight,0.5000,bclean_keep
114,flight,UA-233-LAX-JFK,0.5000,bclean_keep
114,act_dep_time,4:28 p.m.,0.0030,bclean_keep
115,src,helloflight,0.5000,bclean_keep
115,flight,AA-3823-LAX-DEN,0.5000,bclean_keep
115,act_dep_time,9:06 p.m.,0.0000,bclean_keep
115,act_arr_time,11:49 p.m.,0.0000,bclean_keep
116,src,helloflight,0.5000,bclean_keep
116,flight,AA-2312-DFW-DTW,0.5000,bclean_keep
116,act_dep_time,8:29 p.m.,0.0000,bclean_keep
116,act_arr_time,11:35 p.m.,0.0000,bclean_keep
117,src,helloflight,0.5000,bclean_keep
117,flight,AA-1165-JFK-MIA,0.5000,bclean_keep
118,src,helloflight,0.5000,bclean_keep
118,flight,AA-431-MIA-SFO,0.5000,bclean_keep
118,act_dep_time,8:52 a.m.,0.3611,bclean_keep
119,src,helloflight,0.5000,bclean_keep
119,flight,UA-3373-IAD-PHL,0.5000,bclean_keep
119,act_arr_time,9:13 a.m.,0.0000,bclean_keep
120,src,helloflight,0.5000,bclean_keep
120,flight,AA-649-ORD-SNA,0.5000,bclean_keep
120,act_dep_time,1:41 p.m.,0.0000,bclean_keep
120,act_arr_time,3:29 p.m.,0.0000,bclean_keep
121,src,helloflight,0.5000,bclean_keep
121,flight,CO-1250-MIA-IAH,0.5000,bclean_keep
121,sched_dep_time,2:53 p.m.,0.0000,bclean_keep
121,sched_arr_time,4:48 p.m.,0.0000,bclean_keep
122,src,helloflight,0.5000,bclean_keep
122,flight,UA-6273-YYC-SFO,0.5000,bclean_keep
122,act_dep_time,7:41 a.m.,0.0000,bclean_keep
123,src,helloflight,0.5000,bclean_keep
123,flight,UA-828-SFO-ORD,0.5000,bclean_keep
123,sched_dep_time,11:08 p.m.,0.0000,bclean_keep
124,src,helloflight,0.5000,bclean_keep
124,flight,CO-4888-IAH-DAL,0.5000,bclean_keep
124,act_dep_time,5:38 p.m.,0.0000,bclean_keep
124,act_arr_time,6:19 p.m.,0.0000,bclean_keep
125,src,helloflight,0.5000,bclean_keep
125,flight,UA-858-PVG-SFO,0.5000,bclean_keep
125,act_arr_time,7:50 a.m.,0.2004,bclean_keep
126,src,helloflight,0.5000,bclean_keep
126,flight,UA-2704-DTW-PHX,0.5000,bclean_keep
126,act_dep_time,11:47 a.m.,0.0000,bclean_keep
127,src,helloflight,0.5000,bclean_keep
127,flight,AA-3063-SLC-LAX,0.5000,bclean_keep
127,act_dep_time,8:40 p.m.,0.0000,bclean_keep
128,src,helloflight,0.5000,bclean_keep
128,flight,UA-2708-EWR-CLT,0.5000,bclean_keep
128,act_dep_time,3:04 p.m.,0.0000,bclean_keep
129,src,helloflight,0.5000,bclean_keep
129,flight,UA-62-IAH-EWR,0.5000,bclean_keep
129,sched_dep_time,2:30 p.m.,0.0000,bclean_keep
129,sched_arr_time,7:03 p.m.,0.0000,bclean_keep
130,src,helloflight,0.5000,bclean_keep
130,flight,UA-1500-IAH-GUA,0.5000,bclean_keep
130,sched_dep_time,8:55 a.m.,0.0000,bclean_keep
130,sched_arr_time,11:45 a.m.,0.0000,bclean_keep
131,src,helloflight,0.5000,bclean_keep
131,flight,AA-3804-PHL-ORD,0.5000,bclean_keep
131,act_dep_time,2:44 p.m.,0.0000,bclean_keep
131,act_arr_time,3:36 p.m.,0.4874,bclean_keep
132,src,helloflight,0.5000,bclean_keep
132,flight,AA-1917-JFK-MCO,0.5000,bclean_keep
133,src,helloflight,0.5000,bclean_keep
133,flight,AA-2268-PHX-ORD,0.5000,bclean_keep
134,src,helloflight,0.5000,bclean_keep
134,flight,AA-4277-CVG-JFK,0.5000,bclean_keep
135,src,helloflight,0.5000,bclean_keep
135,flight,AA-2957-DFW-CVG,0.5000,bclean_keep
135,act_dep_time,8:04 a.m.,0.4835,bclean_keep
136,src,helloflight,0.5000,bclean_keep
136,flight,UA-37-EDI-EWR,0.5000,bclean_keep
136,sched_arr_time,11:53 a.m.,0.0000,bclean_keep
137,src,helloflight,0.5000,bclean_keep
137,flight,AA-789-ORD-DEN,0.5000,bclean_keep
137,act_dep_time,1:20 p.m.,0.4871,bclean_keep
138,src,helloflight,0.5000,bclean_keep
138,flight,AA-415-BOS-ORD,0.5000,bclean_keep
138,act_dep_time,8:55 a.m.,0.0000,bclean_keep
138,act_arr_time,10:12 a.m.,0.0000,bclean_keep
139,src,helloflight,0.5000,bclean_keep
139,flight,AA-85-JFK-SFO,0.5000,bclean_keep
140,src,helloflight,0.5000,bclean_keep
140,flight,AA-3979-CVG-ORD,0.5000,bclean_keep
140,act_dep_time,8:04 a.m.,0.0000,bclean_keep
141,src,helloflight,0.5000,bclean_keep
141,flight,AA-3786-IAH-ORD,0.5000,bclean_keep
141,act_dep_time,4:12 p.m.,0.0000,bclean_keep
142,src,helloflight,0.5000,bclean_keep
142,flight,AA-271-MIA-LAX,0.5000,bclean_keep
142,act_dep_time,11:52 a.m.,0.0000,bclean_keep
143,src,helloflight,0.5000,bclean_keep
143,flight,CO-50-CLE-EWR,0.5000,bclean_keep
143,sched_dep_time,2:55 p.m.,0.0000,bclean_keep
143,sched_arr_time,4:49 p.m.,0.0000,bclean_keep
144,src,helloflight,0.5000,bclean_keep
144,flight,UA-3099-PHX-PHL,0.5000,bclean_keep
144,act_dep_time,11:55 a.m.,0.0064,bclean_keep
145,src,helloflight,0.5000,bclean_keep
145,flight,AA-4198-ORD-CLE,0.5000,bclean_keep
145,act_dep_time,10:55 a.m.,0.0000,bclean_keep
146,src,helloflight,0.5000,bclean_keep
146,flight,AA-404-MIA-MCO,0.5000,bclean_keep
146,act_dep_time,6:58 a.m.,0.0000,bclean_keep
147,src,helloflight,0.5000,bclean_keep
147,flight,CO-45-EWR-MIA,0.5000,bclean_keep
147,sched_dep_time,4:00 p.m.,0.0000,bclean_keep
147,sched_arr_time,7:05 p.m.,0.0900,bclean_keep
148,src,helloflight,0.5000,bclean_keep
148,flight,AA-3809-PHX-LAX,0.5000,bclean_keep
148,act_dep_time,6:11 a.m.,0.0000,bclean_keep
149,src,helloflight,0.5000,bclean_keep
149,flight,AA-59-JFK-SFO,0.5000,bclean_keep
149,act_dep_time,7:40 a.m.,0.4042,bclean_keep
150,src,helloflight,0.5000,bclean_keep
150,flight,AA-222-LAX-BOS,0.5000,bclean_keep
150,act_dep_time,7:32 a.m.,0.0000,bclean_keep
150,act_arr_time,3:12 p.m.,0.4169,bclean_keep
151,src,boston,0.5000,bclean_keep
151,flight,AA-3859-IAH-ORD,0.5000,bclean_keep
151,sched_dep_time,7:10 a.m.,0.0000,bclean_keep
151,act_dep_time,7:16 a.m.,0.0000,bclean_keep
151,sched_arr_time,9:40 a.m.,0.0431,bclean_keep
151,act_arr_time,9:22 a.m.,0.3011,bclean_keep
152,src,boston,0.5000,bclean_keep
152,flight,CO-1586-IAH-MCO,0.5000,bclean_keep
152,act_dep_time,7:42 p.m.,0.0000,bclean_keep
153,src,boston,0.5000,bclean_keep
153,flight,AA-518-MIA-JFK,0.5000,bclean_keep
153,sched_dep_time,6:40 a.m.,0.0051,bclean_keep
153,act_dep_time,6:54 a.m.,0.0000,bclean_keep
153,sched_arr_time,9:25 a.m.,0.0183,bclean_keep
154,src,boston,0.5000,bclean_keep
154,flight,UA-397-JFK-SFO,0.5000,bclean_keep
154,sched_dep_time,8:00 a.m.,0.0000,bclean_keep
154,act_dep_time,8:49 a.m.,0.0000,bclean_keep
154,sched_arr_time,11:55 a.m.,0.0000,bclean_keep
155,src,boston,0.5000,bclean_keep
155,flight,UA-3925-IAD-ORF,0.5000,bclean_keep
155,act_dep_time,9:01 a.m.,0.0000,bclean_keep
156,src,boston,0.5000,bclean_keep
156,flight,AA-1733-ORD-PHX,0.5000,bclean_keep
156,sched_dep_time,7:45 p.m.,0.0000,bclean_keep
156,act_dep_time,7:59 p.m.,0.0000,bclean_keep
156,sched_arr_time,10:30 p.m.,0.0059,bclean_keep
157,src,boston,0.5000,bclean_keep
157,flight,AA-3-JFK-LAX,0.5000,bclean_keep
157,sched_dep_time,12:00 p.m.,0.0000,bclean_keep
157,act_dep_time,12:12 p.m.,0.0000,bclean_keep
157,sched_arr_time,3:15 p.m.,0.0275,bclean_keep
158,src,boston,0.5000,bclean_keep
158,flight,UA-2830-MCO-CLT,0.5000,bclean_keep
158,sched_dep_time,3:27 p.m.,0.0000,bclean_keep
158,sched_arr_time,5:05 p.m.,0.0000,bclean_keep
158,act_arr_time,5:17 p.m.,0.0000,bclean_keep
159,src,boston,0.5000,bclean_keep
159,flight,CO-58-DEN-IAH,0.5000,bclean_keep
159,act_arr_time,3:25 p.m.,0.5000,bclean_keep
160,src,boston,0.5000,bclean_keep
160,flight,UA-5487-SFO-MRY,0.5000,bclean_keep
160,act_dep_time,10:53 a.m.,0.0000,bclean_keep
161,src,boston,0.5000,bclean_keep
161,flight,AA-204-LAX-MCO,0.5000,bclean_keep
161,sched_dep_time,11:25 p.m.,0.0000,bclean_keep
161,act_dep_time,Not Available,0.5000,bclean_keep
161,act_arr_time,Not Available,0.5000,bclean_keep
162,src,boston,0.5000,bclean_keep
162,flight,UA-414-LAX-SFO,0.5000,bclean_keep
162,act_dep_time,6:10 a.m.,0.0000,bclean_keep
163,src,boston,0.5000,bclean_keep
163,flight,CO-1614-LAX-IAH,0.5000,bclean_keep
163,act_dep_time,12:58 a.m.,0.0000,bclean_keep
164,src,boston,0.5000,bclean_keep
164,flight,UA-2726-FLL-PHL,0.5000,bclean_keep
164,sched_dep_time,4:00 p.m.,0.0000,bclean_keep
164,act_dep_time,4:10 p.m.,0.0000,bclean_keep
164,sched_arr_time,6:46 p.m.,0.0268,bclean_keep
164,act_arr_time,6:25 p.m.,0.0449,bclean_keep
165,src,boston,0.5000,bclean_keep
165,flight,CO-52-IAH-LAX,0.5000,bclean_keep
165,act_dep_time,7:56 a.m.,0.2222,bclean_keep
165,act_arr_time,9:09 a.m.,0.2675,bclean_keep
166,src,boston,0.5000,bclean_keep
166,flight,CO-1090-BOS-IAH,0.5000,bclean_keep
166,act_dep_time,10:35 a.m.,0.0000,bclean_keep
167,src,boston,0.5000,bclean_keep
167,flight,AA-616-DFW-DTW,0.5000,bclean_keep
167,sched_dep_time,9:05 a.m.,0.0000,bclean_keep
167,act_dep_time,10:11 a.m.,0.0000,bclean_keep
167,sched_arr_time,12:35 p.m.,0.0003,bclean_keep
167,act_arr_time,1:18 p.m.,0.2595,bclean_keep
168,src,boston,0.5000,bclean_keep
168,flight,UA-3515-IAD-MSP,0.5000,bclean_keep
168,act_dep_time,8:26 a.m.,0.0000,bclean_keep
169,src,boston,0.5000,bclean_keep
169,flight,AA-3468-CVG-MIA,0.5000,bclean_keep
169,sched_dep_time,7:00 a.m.,0.0000,bclean_keep
169,act_dep_time,7:25 a.m.,0.0000,bclean_keep
169,sched_arr_time,9:55 a.m.,0.0146,bclean_keep
170,src,boston,0.5000,bclean_keep
170,flight,AA-484-DFW-MIA,0.5000,bclean_keep
170,sched_dep_time,4:15 p.m.,0.0000,bclean_keep
170,act_dep_time,4:30 p.m.,0.2534,bclean_keep
170,sched_arr_time,7:55 p.m.,0.0005,bclean_keep
171,src,boston,0.5000,bclean_keep
171,flight,AA-1886-BOS-MIA,0.5000,bclean_keep
171,act_dep_time,10:55 a.m.,0.0000,bclean_keep
172,src,boston,0.5000,bclean_keep
172,flight,CO-62-IAH-EWR,0.5000,bclean_keep
172,act_dep_time,2:59 p.m.,0.0000,bclean_keep
173,src,boston,0.5000,bclean_keep
173,flight,CO-1561-PHX-IAH,0.5000,bclean_keep
173,act_dep_time,8:18 a.m.,0.0000,bclean_keep
174,src,boston,0.5000,bclean_keep
174,flight,UA-2314-ATL-PHL,0.5000,bclean_keep
174,act_dep_time,3:04 p.m.,0.0000,bclean_keep
175,src,boston,0.5000,bclean_keep
175,flight,AA-446-DFW-PHL,0.5000,bclean_keep
175,sched_dep_time,11:50 a.m.,0.0013,bclean_keep
175,sched_arr_time,3:50 p.m.,0.0369,bclean_keep
175,act_arr_time,4:09 p.m.,0.0000,bclean_keep
176,src,boston,0.5000,bclean_keep
176,flight,CO-1023-IAH-DEN,0.5000,bclean_keep
176,act_dep_time,12:06 p.m.,0.0000,bclean_keep
177,src,boston,0.5000,bclean_keep
177,flight,AA-466-IAH-MIA,0.5000,bclean_keep
177,sched_dep_time,6:00 a.m.,0.0000,bclean_keep
177,act_dep_time,6:09 a.m.,0.0000,bclean_keep
177,sched_arr_time,9:20 a.m.,0.0003,bclean_keep
178,src,boston,0.5000,bclean_keep
178,flight,UA-3050-PHX-CLT,0.5000,bclean_keep
178,sched_dep_time,11:05 a.m.,0.0000,bclean_keep
178,act_dep_time,11:45 a.m.,0.0000,bclean_keep
178,sched_arr_time,4:57 p.m.,0.0617,bclean_keep
178,act_arr_time,5:03 p.m.,0.1498,bclean_keep
179,src,boston,0.5000,bclean_keep
179,flight,CO-89-IAH-EWR,0.5000,bclean_keep
179,act_dep_time,6:17 a.m.,0.0000,bclean_keep
180,src,boston,0.5000,bclean_keep
180,flight,CO-1088-CLE-IAH,0.5000,bclean_keep
180,act_arr_time,10:47 a.m.,0.5000,bclean_keep
181,src,boston,0.5000,bclean_keep
181,flight,AA-1664-MIA-ATL,0.5000,bclean_keep
181,sched_dep_time,10:15 a.m.,0.0000,bclean_keep
181,act_dep_time,10:19 a.m.,0.0000,bclean_keep
181,sched_arr_time,12:10 p.m.,0.0240,bclean_keep
181,act_arr_time,11:50 a.m.,0.0000,bclean_keep
182,src,boston,0.5000,bclean_keep
182,flight,AA-1279-DFW-PHX,0.5000,bclean_keep
182,sched_dep_time,1:00 p.m.,0.0473,bclean_keep
182,act_dep_time,2:04 p.m.,0.0000,bclean_keep
182,sched_arr_time,2:35 p.m.,0.0329,bclean_keep
182,act_arr_time,3:19 p.m.,0.3279,bclean_keep
183,src,boston,0.5000,bclean_keep
183,flight,UA-854-SFO-IAH,0.5000,bclean_keep
183,act_arr_time,1:27 p.m.,0.5000,bclean_keep
184,src,boston,0.5000,bclean_keep
184,flight,UA-382-IAD-LAX,0.5000,bclean_keep
184,act_arr_time,3:20 p.m.,0.5000,bclean_keep
185,src,boston,0.5000,bclean_keep
185,flight,AA-4344-ORD-DTW,0.5000,bclean_keep
185,act_dep_time,12:14 p.m.,0.0000,bclean_keep
185,act_arr_time,2:01 p.m.,0.4164,bclean_keep
186,src,boston,0.5000,bclean_keep
186,flight,UA-257-JFK-SFO,0.5000,bclean_keep
186,sched_dep_time,2:30 p.m.,0.0035,bclean_keep
186,act_dep_time,2:43 p.m.,0.0000,bclean_keep
186,sched_arr_time,6:15 p.m.,0.0004,bclean_keep
187,src,boston,0.5000,bclean_keep
187,flight,UA-2945-PHL-CLT,0.5000,bclean_keep
187,sched_dep_time,12:00 p.m.,0.0034,bclean_keep
187,act_dep_time,12:08 p.m.,0.0019,bclean_keep
187,sched_arr_time,1:45 p.m.,0.0003,bclean_keep
187,act_arr_time,1:14 p.m.,0.0000,bclean_keep
188,src,boston,0.5000,bclean_keep
188,flight,CO-63-EWR-IAH,0.5000,bclean_keep
188,act_dep_time,5:38 p.m.,0.0750,bclean_keep
189,src,boston,0.5000,bclean_keep
189,flight,CO-47-IAH-LAX,0.5000,bclean_keep
189,act_dep_time,8:36 p.m.,0.0000,bclean_keep
189,act_arr_time,9:38 p.m.,0.0000,bclean_keep
190,src,boston,0.5000,bclean_keep
190,flight,AA-2050-ORD-MIA,0.5000,bclean_keep
190,sched_dep_time,10:40 a.m.,0.0500,bclean_keep
190,act_dep_time,11:06 a.m.,0.0000,bclean_keep
190,sched_arr_time,2:45 p.m.,0.0006,bclean_keep
191,src,boston,0.5000,bclean_keep
191,flight,UA-248-PHX-ORD,0.5000,bclean_keep
191,sched_dep_time,12:57 p.m.,0.0000,bclean_keep
192,src,boston,0.5000,bclean_keep
192,flight,AA-4330-CVG-ORD,0.5000,bclean_keep
192,act_dep_time,3:36 p.m.,0.0045,bclean_keep
193,src,boston,0.5000,bclean_keep
193,flight,AA-1434-DFW-MCO,0.5000,bclean_keep
193,sched_dep_time,7:15 a.m.,0.0000,bclean_keep
193,act_dep_time,7:22 a.m.,0.3561,bclean_keep
193,sched_arr_time,10:35 a.m.,0.0572,bclean_keep
193,act_arr_time,10:29 a.m.,0.1168,bclean_keep
194,src,boston,0.5000,bclean_keep
194,flight,AA-1640-MIA-MCO,0.5000,bclean_keep
194,sched_dep_time,6:30 p.m.,0.0000,bclean_keep
194,act_dep_time,Not Available,0.5000,bclean_keep
194,sched_arr_time,7:25 p.m.,0.1297,bclean_keep
194,act_arr_time,Not Available,0.5000,bclean_keep
195,src,boston,0.5000,bclean_keep
195,flight,AA-4307-ORD-DTW,0.5000,bclean_keep
195,sched_dep_time,6:45 p.m.,0.0002,bclean_keep
195,act_dep_time,6:56 p.m.,0.0000,bclean_keep
195,sched_arr_time,9:10 p.m.,0.0547,bclean_keep
195,act_arr_time,8:43 p.m.,0.3203,bclean_keep
196,src,boston,0.5000,bclean_keep
196,flight,CO-1694-LAX-IAH,0.5000,bclean_keep
196,sched_dep_time,7:15 p.m.,0.0000,bclean_keep
196,act_dep_time,Not Available,0.5000,bclean_keep
196,act_arr_time,Not Available,0.5000,bclean_keep
197,src,boston,0.5000,bclean_keep
197,flight,UA-843-LAX-ORD,0.5000,bclean_keep
197,act_arr_time,7:53 p.m.,0.5000,bclean_keep
198,src,boston,0.5000,bclean_keep
198,flight,CO-1193-EWR-MCO,0.5000,bclean_keep
198,sched_dep_time,9:15 a.m.,0.0000,bclean_keep
198,act_dep_time,9:58 a.m.,0.0000,bclean_keep
198,sched_arr_time,12:18 p.m.,0.0004,bclean_keep
199,src,boston,0.5000,bclean_keep
199,flight,AA-3842-MSP-ORD,0.5000,bclean_keep
199,sched_dep_time,6:00 a.m.,0.0000,bclean_keep
199,sched_arr_time,7:30 a.m.,0.0003,bclean_keep
199,act_arr_time,7:51 a.m.,0.0506,bclean_keep
200,src,boston,0.5000,bclean_keep
200,flight,AA-643-MIA-ORD,0.5000,bclean_keep
200,sched_dep_time,7:10 a.m.,0.0000,bclean_keep
200,act_dep_time,7:31 a.m.,0.0598,bclean_keep
200,sched_arr_time,9:35 a.m.,0.0572,bclean_keep
201,src,boston,0.5000,bclean_keep
201,flight,AA-1007-MIA-PHX,0.5000,bclean_keep
201,act_dep_time,5:09 p.m.,0.2500,bclean_keep
201,act_arr_time,7:53 p.m.,0.4376,bclean_keep
202,src,boston,0.5000,bclean_keep
202,flight,UA-2906-PHL-MCO,0.5000,bclean_keep
202,sched_dep_time,3:50 p.m.,0.0000,bclean_keep
202,act_dep_time,4:46 p.m.,0.1740,bclean_keep
202,sched_arr_time,6:23 p.m.,0.0004,bclean_keep
203,src,boston,0.5000,bclean_keep
203,flight,UA-938-DEN-ORD,0.5000,bclean_keep
203,act_dep_time,4:37 p.m.,0.0000,bclean_keep
204,src,boston,0.5000,bclean_keep
204,flight,AA-1221-MCO-ORD,0.5000,bclean_keep
204,sched_dep_time,8:00 p.m.,0.0000,bclean_keep
204,act_dep_time,8:23 p.m.,0.0000,bclean_keep
204,sched_arr_time,9:45 p.m.,0.0126,bclean_keep
205,src,boston,0.5000,bclean_keep
205,flight,CO-16-LAX-EWR,0.5000,bclean_keep
205,act_dep_time,10:37 a.m.,0.0000,bclean_keep
206,src,boston,0.5000,bclean_keep
206,flight,UA-2515-DFW-CLT,0.5000,bclean_keep
206,act_dep_time,7:31 a.m.,0.0000,bclean_keep
206,act_arr_time,10:45 a.m.,0.0000,bclean_keep
207,src,boston,0.5000,bclean_keep
207,flight,AA-400-DFW-JFK,0.5000,bclean_keep
207,sched_dep_time,10:40 a.m.,0.0000,bclean_keep
207,act_dep_time,11:02 a.m.,0.0000,bclean_keep
207,sched_arr_time,2:59 p.m.,0.0019,bclean_keep
208,src,boston,0.5000,bclean_keep
208,flight,UA-664-ORD-PHL,0.5000,bclean_keep
208,sched_dep_time,1:33 p.m.,0.0000,bclean_keep
208,act_dep_time,1:48 p.m.,0.0000,bclean_keep
208,sched_arr_time,4:31 p.m.,0.0605,bclean_keep
209,src,boston,0.5000,bclean_keep
209,flight,AA-3756-ORD-SLC,0.5000,bclean_keep
209,sched_dep_time,12:15 p.m.,0.1671,bclean_keep
209,act_dep_time,12:42 p.m.,0.0236,bclean_keep
209,sched_arr_time,2:45 p.m.,0.0030,bclean_keep
210,src,boston,0.5000,bclean_keep
210,flight,UA-37-EWR-MCO,0.5000,bclean_keep
210,act_dep_time,2:01 p.m.,0.0000,bclean_keep
211,src,boston,0.5000,bclean_keep
211,flight,AA-1522-SFO-ORD,0.5000,bclean_keep
211,sched_dep_time,11:55 p.m.,0.0000,bclean_keep
212,src,boston,0.5000,bclean_keep
212,flight,UA-233-LAX-JFK,0.5000,bclean_keep
212,sched_dep_time,4:25 p.m.,0.0000,bclean_keep
212,act_dep_time,Not Available,0.5000,bclean_keep
212,act_arr_time,Not Available,0.5000,bclean_keep
213,src,boston,0.5000,bclean_keep
213,flight,AA-3823-LAX-DEN,0.5000,bclean_keep
213,sched_dep_time,9:00 p.m.,0.0000,bclean_keep
213,act_dep_time,Not Available,0.5000,bclean_keep
213,act_arr_time,Not Available,0.5000,bclean_keep
214,src,boston,0.5000,bclean_keep
214,flight,AA-2312-DFW-DTW,0.5000,bclean_keep
214,sched_dep_time,8:25 p.m.,0.0000,bclean_keep
214,act_dep_time,Not Available,0.5000,bclean_keep
214,sched_arr_time,11:50 p.m.,0.1356,bclean_keep
214,act_arr_time,Not Available,0.5000,bclean_keep
215,src,boston,0.5000,bclean_keep
215,flight,AA-1165-JFK-MIA,0.5000,bclean_keep
215,sched_dep_time,6:59 a.m.,0.0000,bclean_keep
215,act_dep_time,7:23 a.m.,0.0000,bclean_keep
215,sched_arr_time,10:34 a.m.,0.0021,bclean_keep
216,src,boston,0.5000,bclean_keep
216,flight,AA-431-MIA-SFO,0.5000,bclean_keep
216,sched_dep_time,8:35 a.m.,0.0000,bclean_keep
216,act_dep_time,8:52 a.m.,0.0000,bclean_keep
216,sched_arr_time,11:50 a.m.,0.0004,bclean_keep
217,src,boston,0.5000,bclean_keep
217,flight,UA-3373-IAD-PHL,0.5000,bclean_keep
217,act_dep_time,8:37 a.m.,0.0000,bclean_keep
218,src,boston,0.5000,bclean_keep
218,flight,AA-649-ORD-SNA,0.5000,bclean_keep
218,act_dep_time,Not Available,0.5000,bclean_keep
218,act_arr_time,Not Available,0.5000,bclean_keep
219,src,boston,0.5000,bclean_keep
219,flight,CO-1250-MIA-IAH,0.5000,bclean_keep
219,act_dep_time,3:17 p.m.,0.0000,bclean_keep
220,src,boston,0.5000,bclean_keep
220,flight,UA-6273-YYC-SFO,0.5000,bclean_keep
220,act_dep_time,7:41 a.m.,0.0000,bclean_keep
221,src,boston,0.5000,bclean_keep
221,flight,UA-828-SFO-ORD,0.5000,bclean_keep
221,sched_dep_time,11:08 p.m.,0.0000,bclean_keep
222,src,boston,0.5000,bclean_keep
222,flight,CO-4888-IAH-DAL,0.5000,bclean_keep
223,src,boston,0.5000,bclean_keep
223,flight,UA-858-PVG-SFO,0.5000,bclean_keep
223,act_dep_time,12:45 a.m.,0.0000,bclean_keep
223,act_arr_time,7:58 a.m.,0.0000,bclean_keep
224,src,boston,0.5000,bclean_keep
224,flight,UA-2704-DTW-PHX,0.5000,bclean_keep
224,act_dep_time,11:47 a.m.,0.0000,bclean_keep
224,act_arr_time,2:02 p.m.,0.3329,bclean_keep
225,src,boston,0.5000,bclean_keep
225,flight,AA-3063-SLC-LAX,0.5000,bclean_keep
225,act_dep_time,8:40 p.m.,0.0000,bclean_keep
225,act_arr_time,9:11 p.m.,0.3329,bclean_keep
226,src,boston,0.5000,bclean_keep
226,flight,UA-2708-EWR-CLT,0.5000,bclean_keep
226,act_dep_time,3:04 p.m.,0.0000,bclean_keep
226,act_arr_time,4:24 p.m.,0.3632,bclean_keep
227,src,boston,0.5000,bclean_keep
227,flight,UA-62-IAH-EWR,0.5000,bclean_keep
227,act_dep_time,2:59 p.m.,0.0000,bclean_keep
228,src,boston,0.5000,bclean_keep
228,flight,UA-1500-IAH-GUA,0.5000,bclean_keep
228,act_dep_time,9:43 a.m.,0.0000,bclean_keep
229,src,boston,0.5000,bclean_keep
229,flight,AA-3804-PHL-ORD,0.5000,bclean_keep
229,sched_dep_time,2:35 p.m.,0.0000,bclean_keep
229,act_dep_time,2:44 p.m.,0.0000,bclean_keep
229,sched_arr_time,4:05 p.m.,0.0091,bclean_keep
230,src,boston,0.5000,bclean_keep
230,flight,AA-1917-JFK-MCO,0.5000,bclean_keep
230,sched_dep_time,2:55 p.m.,0.0000,bclean_keep
230,act_dep_time,3:28 p.m.,0.1045,bclean_keep
230,sched_arr_time,5:55 p.m.,0.0004,bclean_keep
230,act_arr_time,5:34 p.m.,0.3863,bclean_keep
231,src,boston,0.5000,bclean_keep
231,flight,AA-2268-PHX-ORD,0.5000,bclean_keep
231,sched_dep_time,7:15 a.m.,0.0007,bclean_keep
231,act_dep_time,7:23 a.m.,0.0000,bclean_keep
231,sched_arr_time,11:35 a.m.,0.0283,bclean_keep
231,act_arr_time,11:07 a.m.,0.2437,bclean_keep
232,src,boston,0.5000,bclean_keep
232,flight,AA-4277-CVG-JFK,0.5000,bclean_keep
232,sched_dep_time,12:10 p.m.,0.0000,bclean_keep
232,act_dep_time,12:11 p.m.,0.3125,bclean_keep
232,sched_arr_time,2:15 p.m.,0.0004,bclean_keep
233,src,boston,0.5000,bclean_keep
233,flight,AA-2957-DFW-CVG,0.5000,bclean_keep
233,sched_dep_time,7:55 a.m.,0.0000,bclean_keep
233,act_dep_time,8:05 a.m.,0.0567,bclean_keep
233,sched_arr_time,11:05 a.m.,0.0268,bclean_keep
233,act_arr_time,11:00 a.m.,0.1338,bclean_keep
234,src,boston,0.5000,bclean_keep
234,flight,UA-37-EDI-EWR,0.5000,bclean_keep
234,act_dep_time,9:05 a.m.,0.0000,bclean_keep
235,src,boston,0.5000,bclean_keep
235,flight,AA-789-ORD-DEN,0.5000,bclean_keep
235,sched_dep_time,1:05 p.m.,0.0434,bclean_keep
235,act_dep_time,1:20 p.m.,0.0000,bclean_keep
235,sched_arr_time,2:35 p.m.,0.0009,bclean_keep
235,act_arr_time,3:01 p.m.,0.3265,bclean_keep
236,src,boston,0.5000,bclean_keep
236,flight,AA-415-BOS-ORD,0.5000,bclean_keep
236,act_dep_time,8:56 a.m.,0.0000,bclean_keep
237,src,boston,0.5000,bclean_keep
237,flight,AA-85-JFK-SFO,0.5000,bclean_keep
237,sched_dep_time,3:05 p.m.,0.1069,bclean_keep
237,act_dep_time,3:38 p.m.,0.1291,bclean_keep
237,sched_arr_time,6:30 p.m.,0.0006,bclean_keep
238,src,boston,0.5000,bclean_keep
238,flight,AA-3979-CVG-ORD,0.5000,bclean_keep
238,sched_dep_time,7:30 a.m.,0.0000,bclean_keep
238,act_dep_time,8:04 a.m.,0.0000,bclean_keep
238,sched_arr_time,8:00 a.m.,0.0152,bclean_keep
239,src,boston,0.5000,bclean_keep
239,flight,AA-1544-SAN-ORD,0.5000,bclean_keep
239,act_dep_time,11:41 a.m.,0.0000,bclean_keep
240,src,boston,0.5000,bclean_keep
240,flight,AA-3786-IAH-ORD,0.5000,bclean_keep
240,sched_dep_time,4:00 p.m.,0.0008,bclean_keep
240,act_dep_time,4:12 p.m.,0.0000,bclean_keep
240,sched_arr_time,6:40 p.m.,0.0065,bclean_keep
241,src,boston,0.5000,bclean_keep
241,flight,AA-271-MIA-LAX,0.5000,bclean_keep
241,sched_dep_time,11:35 a.m.,0.0000,bclean_keep
241,act_dep_time,11:52 a.m.,0.0000,bclean_keep
241,sched_arr_time,2:25 p.m.,0.0154,bclean_keep
242,src,boston,0.5000,bclean_keep
242,flight,AA-2525-DFW-MIA,0.5000,bclean_keep
242,sched_dep_time,7:25 a.m.,0.0000,bclean_keep
242,act_dep_time,7:40 a.m.,0.0000,bclean_keep
242,sched_arr_time,11:10 a.m.,0.0008,bclean_keep
243,src,boston,0.5000,bclean_keep
243,flight,CO-50-CLE-EWR,0.5000,bclean_keep
243,act_dep_time,4:02 p.m.,0.0000,bclean_keep
244,src,boston,0.5000,bclean_keep
244,flight,UA-3099-PHX-PHL,0.5000,bclean_keep
244,sched_dep_time,11:55 a.m.,0.0000,bclean_keep
244,act_dep_time,11:55 a.m.,0.0000,bclean_keep
244,sched_arr_time,6:17 p.m.,0.0338,bclean_keep
245,src,boston,0.5000,bclean_keep
245,flight,AA-4198-ORD-CLE,0.5000,bclean_keep
245,sched_dep_time,10:40 a.m.,0.0000,bclean_keep
245,act_dep_time,10:55 a.m.,0.0000,bclean_keep
245,sched_arr_time,12:55 p.m.,0.0231,bclean_keep
245,act_arr_time,12:48 p.m.,0.1689,bclean_keep
246,src,boston,0.5000,bclean_keep
246,flight,AA-404-MIA-MCO,0.5000,bclean_keep
246,sched_dep_time,6:45 a.m.,0.0000,bclean_keep
246,act_dep_time,6:58 a.m.,0.0000,bclean_keep
246,sched_arr_time,7:45 a.m.,0.0003,bclean_keep
246,act_arr_time,7:32 a.m.,0.2328,bclean_keep
247,src,boston,0.5000,bclean_keep
247,flight,CO-45-EWR-MIA,0.5000,bclean_keep
247,sched_dep_time,4:00 p.m.,0.0000,bclean_keep
247,act_dep_time,4:15 p.m.,0.3530,bclean_keep
247,sched_arr_time,7:05 p.m.,0.0314,bclean_keep
248,src,boston,0.5000,bclean_keep
248,flight,AA-3809-PHX-LAX,0.5000,bclean_keep
248,sched_dep_time,6:00 a.m.,0.0000,bclean_keep
248,act_dep_time,6:11 a.m.,0.0000,bclean_keep
248,sched_arr_time,6:40 a.m.,0.0004,bclean_keep
249,src,boston,0.5000,bclean_keep
249,flight,AA-59-JFK-SFO,0.5000,bclean_keep
249,sched_dep_time,7:10 a.m.,0.0000,bclean_keep
249,act_dep_time,7:40 a.m.,0.1909,bclean_keep
249,sched_arr_time,10:45 a.m.,0.0005,bclean_keep
250,src,boston,0.5000,bclean_keep
250,flight,AA-222-LAX-BOS,0.5000,bclean_keep
250,sched_dep_time,7:10 a.m.,0.0002,bclean_keep
250,act_dep_time,7:32 a.m.,0.0406,bclean_keep
250,sched_arr_time,3:30 p.m.,0.0366,bclean_keep
251,src,weather,0.5000,bclean_keep
251,flight,AA-3859-IAH-ORD,0.5000,bclean_keep
251,sched_dep_time,7:10 a.m.,0.0000,bclean_keep
251,sched_arr_time,9:40 a.m.,0.1420,bclean_keep
252,src,weather,0.5000,bclean_keep
252,flight,AA-518-MIA-JFK,0.5000,bclean_keep
252,sched_dep_time,6:40 a.m.,0.0051,bclean_keep
252,act_dep_time,6:54 a.m.,0.0040,bclean_keep
252,sched_arr_time,9:25 a.m.,0.0182,bclean_keep
253,src,weather,0.5000,bclean_keep
253,flight,UA-397-JFK-SFO,0.5000,bclean_keep
253,sched_dep_time,8:00 a.m.,0.0000,bclean_keep
253,act_dep_time,8:49 a.m.,0.0000,bclean_keep
253,sched_arr_time,11:55 a.m.,0.0000,bclean_keep
254,src,weather,0.5000,bclean_keep
254,flight,UA-3925-IAD-ORF,0.5000,bclean_keep
254,sched_dep_time,8:41 a.m.,0.0000,bclean_keep
254,sched_arr_time,9:54 a.m.,0.2990,bclean_keep
255,src,weather,0.5000,bclean_keep
255,flight,AA-1733-ORD-PHX,0.5000,bclean_keep
255,sched_dep_time,7:45 p.m.,0.0000,bclean_keep
255,sched_arr_time,10:30 p.m.,0.0005,bclean_keep
256,src,weather,0.5000,bclean_keep
256,flight,AA-1640-MIA-MCO,0.5000,bclean_keep
256,sched_dep_time,6:30 p.m.,0.0000,bclean_keep
256,act_dep_time,6:56 p.m.,0.0605,bclean_keep
256,sched_arr_time,7:25 p.m.,0.0009,bclean_keep
256,act_arr_time,7:35 p.m.,0.0000,bclean_keep
257,src,weather,0.5000,bclean_keep
257,flight,UA-2830-MCO-CLT,0.5000,bclean_keep
257,sched_dep_time,3:27 p.m.,0.0000,bclean_keep
257,sched_arr_time,5:05 p.m.,0.0000,bclean_keep
258,src,weather,0.5000,bclean_keep
258,flight,CO-58-DEN-IAH,0.5000,bclean_keep
258,sched_dep_time,11:25 a.m.,0.0000,bclean_keep
258,sched_arr_time,2:50 p.m.,0.0000,bclean_keep
259,src,weather,0.5000,bclean_keep
259,flight,AA-1544-SAN-ORD,0.5000,bclean_keep
259,sched_dep_time,11:25 a.m.,0.0000,bclean_keep
259,sched_arr_time,5:25 p.m.,0.0000,bclean_keep
260,src,weather,0.5000,bclean_keep
260,flight,UA-5487-SFO-MRY,0.5000,bclean_keep
260,sched_dep_time,10:39 a.m.,0.0000,bclean_keep
260,sched_arr_time,11:19 a.m.,0.0000,bclean_keep
261,src,weather,0.5000,bclean_keep
261,flight,AA-204-LAX-MCO,0.5000,bclean_keep
261,sched_dep_time,11:25 p.m.,0.0000,bclean_keep
261,act_dep_time,11:58 p.m.,0.0000,bclean_keep
261,sched_arr_time,6:55 a.m.,0.0008,bclean_keep
261,act_arr_time,7:02 a.m.,0.0000,bclean_keep
262,src,weather,0.5000,bclean_keep
262,flight,UA-414-LAX-SFO,0.5000,bclean_keep
262,sched_dep_time,6:00 a.m.,0.0000,bclean_keep
262,sched_arr_time,7:23 a.m.,0.0000,bclean_keep
263,src,weather,0.5000,bclean_keep
263,flight,AA-3756-ORD-SLC,0.5000,bclean_keep
263,sched_dep_time,12:15 p.m.,0.0020,bclean_keep
263,sched_arr_time,2:45 p.m.,0.0204,bclean_keep
264,src,weather,0.5000,bclean_keep
264,flight,UA-2726-FLL-PHL,0.5000,bclean_keep
264,sched_dep_time,4:00 p.m.,0.0000,bclean_keep
264,sched_arr_time,6:46 p.m.,0.1043,bclean_keep
265,src,weather,0.5000,bclean_keep
265,flight,CO-1090-BOS-IAH,0.5000,bclean_keep
265,sched_dep_time,9:45 a.m.,0.0000,bclean_keep
265,sched_arr_time,1:16 p.m.,0.0000,bclean_keep
266,src,weather,0.5000,bclean_keep
266,flight,AA-3468-CVG-MIA,0.5000,bclean_keep
266,sched_dep_time,7:00 a.m.,0.0000,bclean_keep
266,sched_arr_time,9:55 a.m.,0.0991,bclean_keep
267,src,weather,0.5000,bclean_keep
267,flight,UA-3515-IAD-MSP,0.5000,bclean_keep
267,sched_dep_time,8:15 a.m.,0.0000,bclean_keep
267,sched_arr_time,10:06 a.m.,0.0000,bclean_keep
268,src,weather,0.5000,bclean_keep
268,flight,AA-484-DFW-MIA,0.5000,bclean_keep
268,sched_dep_time,4:15 p.m.,0.0000,bclean_keep
268,sched_arr_time,7:55 p.m.,0.1043,bclean_keep
269,src,weather,0.5000,bclean_keep
269,flight,CO-62-IAH-EWR,0.5000,bclean_keep
269,sched_dep_time,2:30 p.m.,0.0000,bclean_keep
269,sched_arr_time,7:03 p.m.,0.0000,bclean_keep
270,src,weather,0.5000,bclean_keep
270,flight,AA-446-DFW-PHL,0.5000,bclean_keep
270,sched_dep_time,11:50 a.m.,0.0023,bclean_keep
270,sched_arr_time,3:50 p.m.,0.2026,bclean_keep
271,src,weather,0.5000,bclean_keep
271,flight,AA-466-IAH-MIA,0.5000,bclean_keep
271,sched_dep_time,6:00 a.m.,0.0000,bclean_keep
271,act_dep_time,6:09 a.m.,0.2725,bclean_keep
271,sched_arr_time,9:20 a.m.,0.0252,bclean_keep
272,src,weather,0.5000,bclean_keep
272,flight,UA-3050-PHX-CLT,0.5000,bclean_keep
272,sched_dep_time,11:05 a.m.,0.0000,bclean_keep
272,sched_arr_time,4:57 p.m.,0.1570,bclean_keep
273,src,weather,0.5000,bclean_keep
273,flight,CO-89-IAH-EWR,0.5000,bclean_keep
273,sched_dep_time,6:00 a.m.,0.0000,bclean_keep
273,sched_arr_time,10:20 a.m.,0.0000,bclean_keep
274,src,weather,0.5000,bclean_keep
274,flight,CO-1088-CLE-IAH,0.5000,bclean_keep
274,sched_dep_time,8:40 a.m.,0.0000,bclean_keep
274,sched_arr_time,10:54 a.m.,0.0000,bclean_keep
275,src,weather,0.5000,bclean_keep
275,flight,AA-1886-BOS-MIA,0.5000,bclean_keep
275,sched_dep_time,10:45 a.m.,0.0000,bclean_keep
275,sched_arr_time,2:20 p.m.,0.0000,bclean_keep
276,src,weather,0.5000,bclean_keep
276,flight,AA-1664-MIA-ATL,0.5000,bclean_keep
276,sched_dep_time,10:15 a.m.,0.0000,bclean_keep
276,act_dep_time,10:19 a.m.,0.0000,bclean_keep
276,sched_arr_time,12:10 p.m.,0.0240,bclean_keep
276,act_arr_time,11:50 a.m.,0.0000,bclean_keep
277,src,weather,0.5000,bclean_keep
277,flight,AA-3979-CVG-ORD,0.5000,bclean_keep
277,sched_dep_time,7:30 a.m.,0.0000,bclean_keep
277,sched_arr_time,8:00 a.m.,0.1043,bclean_keep
278,src,weather,0.5000,bclean_keep
278,flight,AA-1279-DFW-PHX,0.5000,bclean_keep
278,sched_dep_time,1:00 p.m.,0.3571,bclean_keep
278,act_dep_time,2:04 p.m.,0.4321,bclean_keep
278,sched_arr_time,2:35 p.m.,0.0398,bclean_keep
279,src,weather,0.5000,bclean_keep
279,flight,CO-1614-LAX-IAH,0.5000,bclean_keep
279,sched_dep_time,12:30 a.m.,0.0000,bclean_keep
279,sched_arr_time,5:35 a.m.,0.0000,bclean_keep
280,src,weather,0.5000,bclean_keep
280,flight,AA-616-DFW-DTW,0.5000,bclean_keep
280,sched_dep_time,9:05 a.m.,0.0000,bclean_keep
280,act_dep_time,10:11 a.m.,0.3194,bclean_keep
280,sched_arr_time,12:35 p.m.,0.0261,bclean_keep
281,src,weather,0.5000,bclean_keep
281,flight,AA-4344-ORD-DTW,0.5000,bclean_keep
281,sched_dep_time,11:45 a.m.,0.0000,bclean_keep
281,sched_arr_time,2:00 p.m.,0.0000,bclean_keep
282,src,weather,0.5000,bclean_keep
282,flight,UA-2945-PHL-CLT,0.5000,bclean_keep
282,sched_dep_time,12:00 p.m.,0.0040,bclean_keep
282,sched_arr_time,1:45 p.m.,0.1101,bclean_keep
283,src,weather,0.5000,bclean_keep
283,flight,AA-2525-DFW-MIA,0.5000,bclean_keep
283,sched_dep_time,7:25 a.m.,0.0000,bclean_keep
283,act_dep_time,7:40 a.m.,0.3849,bclean_keep
283,sched_arr_time,11:10 a.m.,0.0008,bclean_keep
284,src,weather,0.5000,bclean_keep
284,flight,AA-271-MIA-LAX,0.5000,bclean_keep
284,sched_dep_time,11:35 a.m.,0.0000,bclean_keep
284,act_dep_time,11:52 a.m.,0.0000,bclean_keep
284,sched_arr_time,2:25 p.m.,0.0153,bclean_keep
285,src,weather,0.5000,bclean_keep
285,flight,AA-2050-ORD-MIA,0.5000,bclean_keep
285,sched_dep_time,10:40 a.m.,0.0014,bclean_keep
285,act_dep_time,11:06 a.m.,0.0000,bclean_keep
285,sched_arr_time,2:45 p.m.,0.0006,bclean_keep
286,src,weather,0.5000,bclean_keep
286,flight,AA-1434-DFW-MCO,0.5000,bclean_keep
286,sched_dep_time,7:15 a.m.,0.0000,bclean_keep
286,act_dep_time,7:22 a.m.,0.0000,bclean_keep
286,sched_arr_time,10:35 a.m.,0.0007,bclean_keep
287,src,weather,0.5000,bclean_keep
287,flight,CO-1561-PHX-IAH,0.5000,bclean_keep
287,sched_arr_time,11:35 a.m.,0.0000,bclean_keep
288,src,weather,0.5000,bclean_keep
288,flight,AA-4307-ORD-DTW,0.5000,bclean_keep
288,sched_dep_time,6:45 p.m.,0.0166,bclean_keep
288,sched_arr_time,9:10 p.m.,0.1408,bclean_keep
289,src,weather,0.5000,bclean_keep
289,flight,AA-3-JFK-LAX,0.5000,bclean_keep
289,sched_dep_time,12:00 p.m.,0.0000,bclean_keep
289,act_dep_time,12:12 p.m.,0.0082,bclean_keep
289,sched_arr_time,3:15 p.m.,0.0281,bclean_keep
290,src,weather,0.5000,bclean_keep
290,flight,CO-1694-LAX-IAH,0.5000,bclean_keep
290,sched_dep_time,7:15 p.m.,0.0000,bclean_keep
290,sched_arr_time,12:21 a.m.,0.1193,bclean_keep
291,src,weather,0.5000,bclean_keep
291,flight,UA-843-LAX-ORD,0.5000,bclean_keep
291,sched_dep_time,1:55 p.m.,0.0921,bclean_keep
291,sched_arr_time,7:53 p.m.,0.0000,bclean_keep
292,src,weather,0.5000,bclean_keep
292,flight,CO-1193-EWR-MCO,0.5000,bclean_keep
292,sched_dep_time,9:15 a.m.,0.0000,bclean_keep
292,sched_arr_time,12:18 p.m.,0.0861,bclean_keep
293,src,weather,0.5000,bclean_keep
293,flight,AA-3842-MSP-ORD,0.5000,bclean_keep
293,sched_dep_time,6:00 a.m.,0.0000,bclean_keep
293,sched_arr_time,7:30 a.m.,0.1492,bclean_keep
294,src,weather,0.5000,bclean_keep
294,flight,AA-643-MIA-ORD,0.5000,bclean_keep
294,sched_dep_time,7:10 a.m.,0.0000,bclean_keep
294,act_dep_time,7:31 a.m.,0.0000,bclean_keep
294,sched_arr_time,9:35 a.m.,0.0729,bclean_keep
295,src,weather,0.5000,bclean_keep
295,flight,UA-2906-PHL-MCO,0.5000,bclean_keep
295,sched_dep_time,3:50 p.m.,0.0000,bclean_keep
295,sched_arr_time,6:23 p.m.,0.0991,bclean_keep
296,src,weather,0.5000,bclean_keep
296,flight,UA-938-DEN-ORD,0.5000,bclean_keep
296,sched_dep_time,4:16 p.m.,0.0000,bclean_keep
296,sched_arr_time,7:35 p.m.,0.0000,bclean_keep
297,src,weather,0.5000,bclean_keep
297,flight,AA-1221-MCO-ORD,0.5000,bclean_keep
297,sched_dep_time,8:00 p.m.,0.0000,bclean_keep
297,sched_arr_time,9:45 p.m.,0.0900,bclean_keep
298,src,weather,0.5000,bclean_keep
298,flight,CO-16-LAX-EWR,0.5000,bclean_keep
298,sched_dep_time,10:25 a.m.,0.0000,bclean_keep
298,sched_arr_time,6:44 p.m.,0.0000,bclean_keep
299,src,weather,0.5000,bclean_keep
299,flight,UA-2515-DFW-CLT,0.5000,bclean_keep
299,sched_dep_time,7:05 a.m.,0.0000,bclean_keep
299,sched_arr_time,10:31 a.m.,0.0000,bclean_keep
300,src,weather,0.5000,bclean_keep
300,flight,AA-400-DFW-JFK,0.5000,bclean_keep
300,sched_dep_time,10:40 a.m.,0.0000,bclean_keep
300,act_dep_time,11:02 a.m.,0.0083,bclean_keep
300,sched_arr_time,2:59 p.m.,0.0018,bclean_keep
301,src,weather,0.5000,bclean_keep
301,flight,UA-664-ORD-PHL,0.5000,bclean_keep
301,sched_dep_time,1:33 p.m.,0.0000,bclean_keep
301,sched_arr_time,4:31 p.m.,0.1356,bclean_keep
302,src,weather,0.5000,bclean_keep
302,flight,AA-1522-SFO-ORD,0.5000,bclean_keep
302,sched_dep_time,11:55 p.m.,0.0000,bclean_keep
302,act_dep_time,12:11 a.m.,0.0000,bclean_keep
302,sched_arr_time,5:50 a.m.,0.0000,bclean_keep
302,act_arr_time,5:49 a.m.,0.0600,bclean_keep
303,src,weather,0.5000,bclean_keep
303,flight,UA-233-LAX-JFK,0.5000,bclean_keep
303,sched_dep_time,4:25 p.m.,0.0000,bclean_keep
303,act_dep_time,4:30 p.m.,0.0000,bclean_keep
303,sched_arr_time,12:29 a.m.,0.0016,bclean_keep
303,act_arr_time,11:56 p.m.,0.0000,bclean_keep
304,src,weather,0.5000,bclean_keep
304,flight,AA-3823-LAX-DEN,0.5000,bclean_keep
304,sched_dep_time,9:00 p.m.,0.0000,bclean_keep
304,sched_arr_time,12:15 a.m.,0.0990,bclean_keep
305,src,weather,0.5000,bclean_keep
305,flight,AA-2312-DFW-DTW,0.5000,bclean_keep
305,sched_dep_time,8:25 p.m.,0.0000,bclean_keep
305,act_dep_time,8:44 p.m.,0.0000,bclean_keep
305,sched_arr_time,11:50 p.m.,0.0025,bclean_keep
305,act_arr_time,11:54 p.m.,0.0000,bclean_keep
306,src,weather,0.5000,bclean_keep
306,flight,AA-1165-JFK-MIA,0.5000,bclean_keep
306,sched_dep_time,6:59 a.m.,0.0000,bclean_keep
306,act_dep_time,7:23 a.m.,0.0236,bclean_keep
306,sched_arr_time,10:34 a.m.,0.0021,bclean_keep
307,src,weather,0.5000,bclean_keep
307,flight,AA-431-MIA-SFO,0.5000,bclean_keep
307,sched_dep_time,8:35 a.m.,0.0000,bclean_keep
307,act_dep_time,8:52 a.m.,0.0000,bclean_keep
307,sched_arr_time,11:50 a.m.,0.0004,bclean_keep
308,src,weather,0.5000,bclean_keep
308,flight,UA-257-JFK-SFO,0.5000,bclean_keep
308,sched_dep_time,2:30 p.m.,0.0040,bclean_keep
308,sched_arr_time,6:15 p.m.,0.1208,bclean_keep
309,src,weather,0.5000,bclean_keep
309,flight,UA-3373-IAD-PHL,0.5000,bclean_keep
309,sched_dep_time,8:29 a.m.,0.0000,bclean_keep
309,sched_arr_time,9:24 a.m.,0.0000,bclean_keep
310,src,weather,0.5000,bclean_keep
310,flight,AA-649-ORD-SNA,0.5000,bclean_keep
310,sched_dep_time,1:30 p.m.,0.0135,bclean_keep
310,sched_arr_time,3:50 p.m.,0.0295,bclean_keep
311,src,weather,0.5000,bclean_keep
311,flight,CO-1250-MIA-IAH,0.5000,bclean_keep
311,sched_dep_time,2:53 p.m.,0.0000,bclean_keep
311,sched_arr_time,4:48 p.m.,0.0000,bclean_keep
312,src,weather,0.5000,bclean_keep
312,flight,UA-6273-YYC-SFO,0.5000,bclean_keep
312,sched_dep_time,7:35 a.m.,0.0000,bclean_keep
312,sched_arr_time,9:43 a.m.,0.0000,bclean_keep
313,src,weather,0.5000,bclean_keep
313,flight,UA-858-PVG-SFO,0.5000,bclean_keep
313,sched_dep_time,1:45 p.m.,0.0000,bclean_keep
313,sched_arr_time,8:27 a.m.,0.0000,bclean_keep
314,src,weather,0.5000,bclean_keep
314,flight,UA-2704-DTW-PHX,0.5000,bclean_keep
314,sched_dep_time,11:15 a.m.,0.0000,bclean_keep
314,sched_arr_time,1:40 p.m.,0.0000,bclean_keep
315,src,weather,0.5000,bclean_keep
315,flight,AA-3063-SLC-LAX,0.5000,bclean_keep
315,sched_dep_time,8:20 p.m.,0.0000,bclean_keep
316,src,weather,0.5000,bclean_keep
316,flight,UA-2708-EWR-CLT,0.5000,bclean_keep
316,sched_dep_time,2:55 p.m.,0.0000,bclean_keep
316,sched_arr_time,4:53 p.m.,0.0000,bclean_keep
317,src,weather,0.5000,bclean_keep
317,flight,UA-62-IAH-EWR,0.5000,bclean_keep
317,sched_dep_time,2:30 p.m.,0.0000,bclean_keep
317,sched_arr_time,7:03 p.m.,0.0000,bclean_keep
318,src,weather,0.5000,bclean_keep
318,flight,AA-3804-PHL-ORD,0.5000,bclean_keep
318,sched_dep_time,2:35 p.m.,0.0000,bclean_keep
318,sched_arr_time,4:05 p.m.,0.0498,bclean_keep
319,src,weather,0.5000,bclean_keep
319,flight,AA-1917-JFK-MCO,0.5000,bclean_keep
319,sched_dep_time,2:55 p.m.,0.0000,bclean_keep
319,sched_arr_time,5:55 p.m.,0.0991,bclean_keep
320,src,weather,0.5000,bclean_keep
320,flight,AA-2268-PHX-ORD,0.5000,bclean_keep
320,sched_dep_time,7:15 a.m.,0.0007,bclean_keep
320,act_dep_time,7:23 a.m.,0.4407,bclean_keep
320,sched_arr_time,11:35 a.m.,0.0482,bclean_keep
321,src,weather,0.5000,bclean_keep
321,flight,UA-2314-ATL-PHL,0.5000,bclean_keep
321,sched_dep_time,2:55 p.m.,0.0000,bclean_keep
321,sched_arr_time,5:00 p.m.,0.0000,bclean_keep
322,src,weather,0.5000,bclean_keep
322,flight,AA-4277-CVG-JFK,0.5000,bclean_keep
322,sched_dep_time,12:10 p.m.,0.0000,bclean_keep
322,sched_arr_time,2:15 p.m.,0.0943,bclean_keep
323,src,weather,0.5000,bclean_keep
323,flight,AA-2957-DFW-CVG,0.5000,bclean_keep
323,sched_dep_time,7:55 a.m.,0.0000,bclean_keep
323,sched_arr_time,11:05 a.m.,0.1043,bclean_keep
324,src,weather,0.5000,bclean_keep
324,flight,UA-37-EDI-EWR,0.5000,bclean_keep
324,sched_dep_time,9:05 a.m.,0.0000,bclean_keep
324,sched_arr_time,11:53 a.m.,0.0000,bclean_keep
325,src,weather,0.5000,bclean_keep
325,flight,AA-789-ORD-DEN,0.5000,bclean_keep
325,sched_dep_time,1:05 p.m.,0.0444,bclean_keep
325,act_dep_time,1:20 p.m.,0.4859,bclean_keep
325,sched_arr_time,2:35 p.m.,0.1165,bclean_keep
326,src,weather,0.5000,bclean_keep
326,flight,UA-854-SFO-IAH,0.5000,bclean_keep
326,sched_dep_time,7:53 a.m.,0.0000,bclean_keep
326,act_dep_time,8:07 a.m.,0.0000,bclean_keep
326,sched_arr_time,1:39 p.m.,0.0000,bclean_keep
327,src,weather,0.5000,bclean_keep
327,flight,AA-415-BOS-ORD,0.5000,bclean_keep
327,sched_dep_time,8:35 a.m.,0.0000,bclean_keep
327,sched_arr_time,10:40 a.m.,0.0000,bclean_keep
328,src,weather,0.5000,bclean_keep
328,flight,AA-85-JFK-SFO,0.5000,bclean_keep
328,sched_dep_time,3:05 p.m.,0.0003,bclean_keep
328,sched_arr_time,6:30 p.m.,0.1608,bclean_keep
329,src,weather,0.5000,bclean_keep
329,flight,AA-3786-IAH-ORD,0.5000,bclean_keep
329,sched_dep_time,4:00 p.m.,0.0019,bclean_keep
329,sched_arr_time,6:40 p.m.,0.0306,bclean_keep
330,src,weather,0.5000,bclean_keep
330,flight,CO-50-CLE-EWR,0.5000,bclean_keep
330,sched_dep_time,2:55 p.m.,0.0000,bclean_keep
330,sched_arr_time,4:49 p.m.,0.0000,bclean_keep
331,src,weather,0.5000,bclean_keep
331,flight,UA-3099-PHX-PHL,0.5000,bclean_keep
331,sched_dep_time,11:55 a.m.,0.0000,bclean_keep
331,sched_arr_time,6:17 p.m.,0.1101,bclean_keep
332,src,weather,0.5000,bclean_keep
332,flight,AA-4198-ORD-CLE,0.5000,bclean_keep
332,sched_dep_time,10:40 a.m.,0.0000,bclean_keep
332,sched_arr_time,12:55 p.m.,0.1043,bclean_keep
333,src,weather,0.5000,bclean_keep
333,flight,AA-404-MIA-MCO,0.5000,bclean_keep
333,sched_dep_time,6:45 a.m.,0.0000,bclean_keep
333,sched_arr_time,7:45 a.m.,0.0002,bclean_keep
333,act_arr_time,7:40 a.m.,0.0279,bclean_keep
334,src,weather,0.5000,bclean_keep
334,flight,CO-45-EWR-MIA,0.5000,bclean_keep
334,sched_dep_time,4:00 p.m.,0.0000,bclean_keep
334,sched_arr_time,7:05 p.m.,0.0900,bclean_keep
335,src,weather,0.5000,bclean_keep
335,flight,AA-3809-PHX-LAX,0.5000,bclean_keep
335,sched_dep_time,6:00 a.m.,0.0000,bclean_keep
335,sched_arr_time,6:40 a.m.,0.0906,bclean_keep
336,src,weather,0.5000,bclean_keep
336,flight,AA-59-JFK-SFO,0.5000,bclean_keep
336,sched_dep_time,7:10 a.m.,0.0000,bclean_keep
336,act_dep_time,7:40 a.m.,0.0000,bclean_keep
336,sched_arr_time,10:45 a.m.,0.0005,bclean_keep
337,src,weather,0.5000,bclean_keep
337,flight,AA-222-LAX-BOS,0.5000,bclean_keep
337,sched_dep_time,7:10 a.m.,0.0002,bclean_keep
337,sched_arr_time,3:30 p.m.,0.1214,bclean_keep
338,src,airtravelcenter,0.5000,bclean_keep
338,flight,AA-3859-IAH-ORD,0.5000,bclean_keep
338,act_dep_time,7:16 a.m.,0.0000,bclean_keep
338,act_arr_time,9:22 a.m.,0.3180,bclean_keep
339,src,airtravelcenter,0.5000,bclean_keep
339,flight,CO-1586-IAH-MCO,0.5000,bclean_keep
339,sched_dep_time,7:00 p.m.,0.0537,bclean_keep
339,sched_arr_time,10:15 p.m.,0.2120,bclean_keep
340,src,airtravelcenter,0.5000,bclean_keep
340,flight,AA-518-MIA-JFK,0.5000,bclean_keep
340,act_dep_time,6:54 a.m.,0.0034,bclean_keep
341,src,airtravelcenter,0.5000,bclean_keep
341,flight,UA-397-JFK-SFO,0.5000,bclean_keep
341,act_dep_time,8:48 a.m.,0.2000,bclean_keep
342,src,airtravelcenter,0.5000,bclean_keep
342,flight,UA-3925-IAD-ORF,0.5000,bclean_keep
342,act_arr_time,9:29 a.m.,0.5000,bclean_keep
343,src,airtravelcenter,0.5000,bclean_keep
343,flight,AA-1733-ORD-PHX,0.5000,bclean_keep
343,act_dep_time,7:59 p.m.,0.0000,bclean_keep
343,act_arr_time,10:31 p.m.,0.4283,bclean_keep
344,src,airtravelcenter,0.5000,bclean_keep
344,flight,UA-2830-MCO-CLT,0.5000,bclean_keep
344,act_dep_time,3:50 p.m.,0.0000,bclean_keep
345,src,airtravelcenter,0.5000,bclean_keep
345,flight,CO-58-DEN-IAH,0.5000,bclean_keep
345,sched_dep_time,11:25 a.m.,0.0000,bclean_keep
345,sched_arr_time,2:50 p.m.,0.0000,bclean_keep
346,src,airtravelcenter,0.5000,bclean_keep
346,flight,AA-1544-SAN-ORD,0.5000,bclean_keep
346,act_dep_time,11:41 a.m.,0.0000,bclean_keep
347,src,airtravelcenter,0.5000,bclean_keep
347,flight,UA-5487-SFO-MRY,0.5000,bclean_keep
347,act_dep_time,10:53 a.m.,0.0000,bclean_keep
348,src,airtravelcenter,0.5000,bclean_keep
348,flight,AA-204-LAX-MCO,0.5000,bclean_keep
348,act_dep_time,11:29 p.m.,0.0000,bclean_keep
349,src,airtravelcenter,0.5000,bclean_keep
349,flight,UA-414-LAX-SFO,0.5000,bclean_keep
349,act_dep_time,6:10 a.m.,0.1580,bclean_keep
350,src,airtravelcenter,0.5000,bclean_keep
350,flight,CO-1614-LAX-IAH,0.5000,bclean_keep
350,sched_dep_time,12:30 a.m.,0.0000,bclean_keep
350,sched_arr_time,5:35 a.m.,0.0000,bclean_keep
351,src,airtravelcenter,0.5000,bclean_keep
351,flight,UA-2726-FLL-PHL,0.5000,bclean_keep
351,act_dep_time,4:10 p.m.,0.0000,bclean_keep
351,act_arr_time,6:25 p.m.,0.1658,bclean_keep
352,src,airtravelcenter,0.5000,bclean_keep
352,flight,CO-52-IAH-LAX,0.5000,bclean_keep
352,sched_dep_time,7:35 a.m.,0.0000,bclean_keep
352,sched_arr_time,9:21 a.m.,0.2208,bclean_keep
353,src,airtravelcenter,0.5000,bclean_keep
353,flight,CO-1090-BOS-IAH,0.5000,bclean_keep
353,sched_dep_time,9:45 a.m.,0.0000,bclean_keep
353,sched_arr_time,1:16 p.m.,0.0000,bclean_keep
354,src,airtravelcenter,0.5000,bclean_keep
354,flight,AA-616-DFW-DTW,0.5000,bclean_keep
355,src,airtravelcenter,0.5000,bclean_keep
355,flight,UA-3515-IAD-MSP,0.5000,bclean_keep
355,act_dep_time,8:26 a.m.,0.4000,bclean_keep
355,act_arr_time,9:56 a.m.,0.1900,bclean_keep
356,src,airtravelcenter,0.5000,bclean_keep
356,flight,AA-3468-CVG-MIA,0.5000,bclean_keep
356,act_dep_time,7:25 a.m.,0.0030,bclean_keep
357,src,airtravelcenter,0.5000,bclean_keep
357,flight,AA-484-DFW-MIA,0.5000,bclean_keep
357,act_dep_time,4:29 p.m.,0.0938,bclean_keep
358,src,airtravelcenter,0.5000,bclean_keep
358,flight,AA-1886-BOS-MIA,0.5000,bclean_keep
358,act_dep_time,10:54 a.m.,0.2431,bclean_keep
358,act_arr_time,1:36 p.m.,0.0000,bclean_keep
359,src,airtravelcenter,0.5000,bclean_keep
359,flight,CO-62-IAH-EWR,0.5000,bclean_keep
359,sched_dep_time,2:30 p.m.,0.0000,bclean_keep
359,sched_arr_time,7:03 p.m.,0.0000,bclean_keep
360,src,airtravelcenter,0.5000,bclean_keep
360,flight,CO-1561-PHX-IAH,0.5000,bclean_keep
360,sched_dep_time,8:05 a.m.,0.0513,bclean_keep
360,sched_arr_time,11:35 a.m.,0.0000,bclean_keep
361,src,airtravelcenter,0.5000,bclean_keep
361,flight,UA-2314-ATL-PHL,0.5000,bclean_keep
361,act_dep_time,3:04 p.m.,0.0000,bclean_keep
361,act_arr_time,4:43 p.m.,0.4104,bclean_keep
362,src,airtravelcenter,0.5000,bclean_keep
362,flight,AA-446-DFW-PHL,0.5000,bclean_keep
362,act_dep_time,12:13 p.m.,0.0000,bclean_keep
363,src,airtravelcenter,0.5000,bclean_keep
363,flight,CO-1023-IAH-DEN,0.5000,bclean_keep
363,sched_dep_time,11:40 a.m.,0.0000,bclean_keep
363,sched_arr_time,1:17 p.m.,0.2206,bclean_keep
364,src,airtravelcenter,0.5000,bclean_keep
364,flight,AA-466-IAH-MIA,0.5000,bclean_keep
365,src,airtravelcenter,0.5000,bclean_keep
365,flight,UA-3050-PHX-CLT,0.5000,bclean_keep
365,act_dep_time,11:45 a.m.,0.0085,bclean_keep
366,src,airtravelcenter,0.5000,bclean_keep
366,flight,CO-89-IAH-EWR,0.5000,bclean_keep
366,sched_dep_time,6:00 a.m.,0.0000,bclean_keep
366,sched_arr_time,10:20 a.m.,0.0000,bclean_keep
367,src,airtravelcenter,0.5000,bclean_keep
367,flight,CO-1088-CLE-IAH,0.5000,bclean_keep
367,sched_dep_time,8:40 a.m.,0.0000,bclean_keep
367,sched_arr_time,10:54 a.m.,0.0000,bclean_keep
368,src,airtravelcenter,0.5000,bclean_keep
368,flight,AA-1664-MIA-ATL,0.5000,bclean_keep
368,act_dep_time,10:19 a.m.,0.0000,bclean_keep
368,act_arr_time,11:50 a.m.,0.0000,bclean_keep
369,src,airtravelcenter,0.5000,bclean_keep
369,flight,AA-1279-DFW-PHX,0.5000,bclean_keep
370,src,airtravelcenter,0.5000,bclean_keep
370,flight,UA-854-SFO-IAH,0.5000,bclean_keep
370,act_dep_time,8:07 a.m.,0.0000,bclean_keep
371,src,airtravelcenter,0.5000,bclean_keep
371,flight,UA-382-IAD-LAX,0.5000,bclean_keep
371,act_dep_time,12:56 p.m.,0.0133,bclean_keep
372,src,airtravelcenter,0.5000,bclean_keep
372,flight,AA-4344-ORD-DTW,0.5000,bclean_keep
372,act_dep_time,12:14 p.m.,0.0000,bclean_keep
373,src,airtravelcenter,0.5000,bclean_keep
373,flight,UA-257-JFK-SFO,0.5000,bclean_keep
373,act_dep_time,2:43 p.m.,0.0006,bclean_keep
374,src,airtravelcenter,0.5000,bclean_keep
374,flight,UA-2945-PHL-CLT,0.5000,bclean_keep
374,act_dep_time,12:07 p.m.,0.0201,bclean_keep
375,src,airtravelcenter,0.5000,bclean_keep
375,flight,CO-63-EWR-IAH,0.5000,bclean_keep
375,sched_dep_time,5:25 p.m.,0.0000,bclean_keep
375,sched_arr_time,8:22 p.m.,0.2717,bclean_keep
376,src,airtravelcenter,0.5000,bclean_keep
376,flight,CO-47-IAH-LAX,0.5000,bclean_keep
376,sched_dep_time,7:10 p.m.,0.0000,bclean_keep
377,src,airtravelcenter,0.5000,bclean_keep
377,flight,AA-2050-ORD-MIA,0.5000,bclean_keep
377,act_dep_time,11:06 a.m.,0.3800,bclean_keep
378,src,airtravelcenter,0.5000,bclean_keep
378,flight,UA-248-PHX-ORD,0.5000,bclean_keep
378,act_dep_time,1:43 p.m.,0.0000,bclean_keep
378,act_arr_time,5:24 p.m.,0.3854,bclean_keep
379,src,airtravelcenter,0.5000,bclean_keep
379,flight,AA-4330-CVG-ORD,0.5000,bclean_keep
379,sched_dep_time,3:35 p.m.,0.0000,bclean_keep
379,sched_arr_time,4:00 p.m.,0.0238,bclean_keep
380,src,airtravelcenter,0.5000,bclean_keep
380,flight,AA-1434-DFW-MCO,0.5000,bclean_keep
380,act_dep_time,7:22 a.m.,0.0000,bclean_keep
381,src,airtravelcenter,0.5000,bclean_keep
381,flight,AA-1640-MIA-MCO,0.5000,bclean_keep
381,act_dep_time,6:47 p.m.,0.0000,bclean_keep
381,act_arr_time,7:25 p.m.,0.0000,bclean_keep
382,src,airtravelcenter,0.5000,bclean_keep
382,flight,AA-4307-ORD-DTW,0.5000,bclean_keep
382,act_dep_time,6:56 p.m.,0.0000,bclean_keep
382,act_arr_time,8:38 p.m.,0.4284,bclean_keep
383,src,airtravelcenter,0.5000,bclean_keep
383,flight,AA-3-JFK-LAX,0.5000,bclean_keep
383,act_arr_time,3:04 p.m.,0.5000,bclean_keep
384,src,airtravelcenter,0.5000,bclean_keep
384,flight,CO-1694-LAX-IAH,0.5000,bclean_keep
384,sched_dep_time,7:15 p.m.,0.0000,bclean_keep
385,src,airtravelcenter,0.5000,bclean_keep
385,flight,UA-843-LAX-ORD,0.5000,bclean_keep
385,act_dep_time,2:04 p.m.,0.0000,bclean_keep
385,act_arr_time,7:20 p.m.,0.0000,bclean_keep
386,src,airtravelcenter,0.5000,bclean_keep
386,flight,CO-1193-EWR-MCO,0.5000,bclean_keep
386,sched_dep_time,9:15 a.m.,0.0000,bclean_keep
386,sched_arr_time,12:18 p.m.,0.0861,bclean_keep
387,src,airtravelcenter,0.5000,bclean_keep
387,flight,AA-3842-MSP-ORD,0.5000,bclean_keep
388,src,airtravelcenter,0.5000,bclean_keep
388,flight,AA-643-MIA-ORD,0.5000,bclean_keep
388,act_dep_time,7:31 a.m.,0.0000,bclean_keep
388,act_arr_time,9:26 a.m.,0.2095,bclean_keep
389,src,airtravelcenter,0.5000,bclean_keep
389,flight,AA-1007-MIA-PHX,0.5000,bclean_keep
390,src,airtravelcenter,0.5000,bclean_keep
390,flight,AA-2525-DFW-MIA,0.5000,bclean_keep
390,act_dep_time,7:39 a.m.,0.0871,bclean_keep
390,act_arr_time,10:43 a.m.,0.4816,bclean_keep
391,src,airtravelcenter,0.5000,bclean_keep
391,flight,UA-2906-PHL-MCO,0.5000,bclean_keep
391,act_arr_time,6:28 p.m.,0.5000,bclean_keep
392,src,airtravelcenter,0.5000,bclean_keep
392,flight,UA-938-DEN-ORD,0.5000,bclean_keep
392,act_dep_time,4:37 p.m.,0.2000,bclean_keep
393,src,airtravelcenter,0.5000,bclean_keep
393,flight,AA-1221-MCO-ORD,0.5000,bclean_keep
393,act_dep_time,8:23 p.m.,0.0000,bclean_keep
394,src,airtravelcenter,0.5000,bclean_keep
394,flight,CO-16-LAX-EWR,0.5000,bclean_keep
394,sched_dep_time,10:25 a.m.,0.0000,bclean_keep
394,sched_arr_time,6:44 p.m.,0.0000,bclean_keep
395,src,airtravelcenter,0.5000,bclean_keep
395,flight,UA-2515-DFW-CLT,0.5000,bclean_keep
395,act_arr_time,10:43 a.m.,0.5000,bclean_keep
396,src,airtravelcenter,0.5000,bclean_keep
396,flight,AA-400-DFW-JFK,0.5000,bclean_keep
396,act_dep_time,11:02 a.m.,0.2697,bclean_keep
397,src,airtravelcenter,0.5000,bclean_keep
397,flight,UA-664-ORD-PHL,0.5000,bclean_keep
397,act_dep_time,1:48 p.m.,0.0003,bclean_keep
398,src,airtravelcenter,0.5000,bclean_keep
398,flight,AA-3756-ORD-SLC,0.5000,bclean_keep
398,act_arr_time,2:50 p.m.,0.0000,bclean_keep
399,src,airtravelcenter,0.5000,bclean_keep
399,flight,UA-37-EWR-MCO,0.5000,bclean_keep
399,sched_dep_time,1:29 p.m.,0.0000,bclean_keep
399,sched_arr_time,4:17 p.m.,0.0997,bclean_keep
400,src,airtravelcenter,0.5000,bclean_keep
400,flight,AA-1522-SFO-ORD,0.5000,bclean_keep
400,act_dep_time,12:11 a.m.,0.0000,bclean_keep
400,act_arr_time,5:52 a.m.,0.1981,bclean_keep
401,src,airtravelcenter,0.5000,bclean_keep
401,flight,UA-233-LAX-JFK,0.5000,bclean_keep
401,act_dep_time,4:28 p.m.,0.0030,bclean_keep
402,src,airtravelcenter,0.5000,bclean_keep
402,flight,AA-3823-LAX-DEN,0.5000,bclean_keep
402,act_dep_time,9:06 p.m.,0.0000,bclean_keep
402,act_arr_time,11:49 p.m.,0.0000,bclean_keep
403,src,airtravelcenter,0.5000,bclean_keep
403,flight,AA-2312-DFW-DTW,0.5000,bclean_keep
403,act_dep_time,8:29 p.m.,0.0000,bclean_keep
403,act_arr_time,11:35 p.m.,0.0000,bclean_keep
404,src,airtravelcenter,0.5000,bclean_keep
404,flight,AA-1165-JFK-MIA,0.5000,bclean_keep
405,src,airtravelcenter,0.5000,bclean_keep
405,flight,AA-431-MIA-SFO,0.5000,bclean_keep
405,act_dep_time,8:52 a.m.,0.3611,bclean_keep
406,src,airtravelcenter,0.5000,bclean_keep
406,flight,UA-3373-IAD-PHL,0.5000,bclean_keep
406,act_arr_time,9:13 a.m.,0.0000,bclean_keep
407,src,airtravelcenter,0.5000,bclean_keep
407,flight,AA-649-ORD-SNA,0.5000,bclean_keep
407,act_dep_time,1:41 p.m.,0.0000,bclean_keep
407,act_arr_time,3:29 p.m.,0.0000,bclean_keep
408,src,airtravelcenter,0.5000,bclean_keep
408,flight,CO-1250-MIA-IAH,0.5000,bclean_keep
408,sched_dep_time,2:53 p.m.,0.0000,bclean_keep
408,sched_arr_time,4:48 p.m.,0.0000,bclean_keep
409,src,airtravelcenter,0.5000,bclean_keep
409,flight,UA-6273-YYC-SFO,0.5000,bclean_keep
409,act_dep_time,7:41 a.m.,0.0000,bclean_keep
410,src,airtravelcenter,0.5000,bclean_keep
410,flight,UA-828-SFO-ORD,0.5000,bclean_keep
410,sched_dep_time,11:08 p.m.,0.0000,bclean_keep
411,src,airtravelcenter,0.5000,bclean_keep
411,flight,CO-4888-IAH-DAL,0.5000,bclean_keep
411,act_dep_time,5:38 p.m.,0.0000,bclean_keep
411,act_arr_time,6:19 p.m.,0.0000,bclean_keep
412,src,airtravelcenter,0.5000,bclean_keep
412,flight,UA-858-PVG-SFO,0.5000,bclean_keep
412,act_arr_time,7:50 a.m.,0.2004,bclean_keep
413,src,airtravelcenter,0.5000,bclean_keep
413,flight,UA-2704-DTW-PHX,0.5000,bclean_keep
413,act_dep_time,11:47 a.m.,0.0000,bclean_keep
414,src,airtravelcenter,0.5000,bclean_keep
414,flight,AA-3063-SLC-LAX,0.5000,bclean_keep
414,act_dep_time,8:40 p.m.,0.0000,bclean_keep
415,src,airtravelcenter,0.5000,bclean_keep
415,flight,UA-2708-EWR-CLT,0.5000,bclean_keep
415,act_dep_time,3:04 p.m.,0.0000,bclean_keep
416,src,airtravelcenter,0.5000,bclean_keep
416,flight,UA-62-IAH-EWR,0.5000,bclean_keep
416,sched_dep_time,2:30 p.m.,0.0000,bclean_keep
416,sched_arr_time,7:03 p.m.,0.0000,bclean_keep
417,src,airtravelcenter,0.5000,bclean_keep
417,flight,UA-1500-IAH-GUA,0.5000,bclean_keep
417,sched_dep_time,8:55 a.m.,0.0000,bclean_keep
417,sched_arr_time,11:45 a.m.,0.0000,bclean_keep
418,src,airtravelcenter,0.5000,bclean_keep
418,flight,AA-3804-PHL-ORD,0.5000,bclean_keep
418,act_dep_time,2:44 p.m.,0.0000,bclean_keep
418,act_arr_time,3:36 p.m.,0.4874,bclean_keep
419,src,airtravelcenter,0.5000,bclean_keep
419,flight,AA-1917-JFK-MCO,0.5000,bclean_keep
420,src,airtravelcenter,0.5000,bclean_keep
420,flight,AA-2268-PHX-ORD,0.5000,bclean_keep
421,src,airtravelcenter,0.5000,bclean_keep
421,flight,AA-4277-CVG-JFK,0.5000,bclean_keep
422,src,airtravelcenter,0.5000,bclean_keep
422,flight,AA-2957-DFW-CVG,0.5000,bclean_keep
422,act_dep_time,8:04 a.m.,0.4835,bclean_keep
423,src,airtravelcenter,0.5000,bclean_keep
423,flight,UA-37-EDI-EWR,0.5000,bclean_keep
423,sched_arr_time,11:53 a.m.,0.0000,bclean_keep
424,src,airtravelcenter,0.5000,bclean_keep
424,flight,AA-789-ORD-DEN,0.5000,bclean_keep
424,act_dep_time,1:20 p.m.,0.4871,bclean_keep
425,src,airtravelcenter,0.5000,bclean_keep
425,flight,AA-415-BOS-ORD,0.5000,bclean_keep
425,act_dep_time,8:55 a.m.,0.0000,bclean_keep
425,act_arr_time,10:12 a.m.,0.0000,bclean_keep
426,src,airtravelcenter,0.5000,bclean_keep
426,flight,AA-85-JFK-SFO,0.5000,bclean_keep
427,src,airtravelcenter,0.5000,bclean_keep
427,flight,AA-3979-CVG-ORD,0.5000,bclean_keep
427,act_dep_time,8:04 a.m.,0.0000,bclean_keep
428,src,airtravelcenter,0.5000,bclean_keep
428,flight,AA-3786-IAH-ORD,0.5000,bclean_keep
428,act_dep_time,4:12 p.m.,0.0000,bclean_keep
429,src,airtravelcenter,0.5000,bclean_keep
429,flight,AA-271-MIA-LAX,0.5000,bclean_keep
429,act_dep_time,11:52 a.m.,0.0000,bclean_keep
430,src,airtravelcenter,0.5000,bclean_keep
430,flight,CO-50-CLE-EWR,0.5000,bclean_keep
430,sched_dep_time,2:55 p.m.,0.0000,bclean_keep
430,sched_arr_time,4:49 p.m.,0.0000,bclean_keep
431,src,airtravelcenter,0.5000,bclean_keep
431,flight,UA-3099-PHX-PHL,0.5000,bclean_keep
431,act_dep_time,11:55 a.m.,0.0064,bclean_keep
432,src,airtravelcenter,0.5000,bclean_keep
432,flight,AA-4198-ORD-CLE,0.5000,bclean_keep
432,act_dep_time,10:55 a.m.,0.0000,bclean_keep
433,src,airtravelcenter,0.5000,bclean_keep
433,flight,AA-404-MIA-MCO,0.5000,bclean_keep
433,act_dep_time,6:58 a.m.,0.0000,bclean_keep
434,src,airtravelcenter,0.5000,bclean_keep
434,flight,CO-45-EWR-MIA,0.5000,bclean_keep
434,sched_dep_time,4:00 p.m.,0.0000,bclean_keep
434,sched_arr_time,7:05 p.m.,0.0900,bclean_keep
435,src,airtravelcenter,0.5000,bclean_keep
435,flight,AA-3809-PHX-LAX,0.5000,bclean_keep
435,act_dep_time,6:11 a.m.,0.0000,bclean_keep
436,src,airtravelcenter,0.5000,bclean_keep
436,flight,AA-59-JFK-SFO,0.5000,bclean_keep
436,act_dep_time,7:40 a.m.,0.4042,bclean_keep
437,src,airtravelcenter,0.5000,bclean_keep
437,flight,AA-222-LAX-BOS,0.5000,bclean_keep
437,act_dep_time,7:32 a.m.,0.0000,bclean_keep
437,act_arr_time,3:12 p.m.,0.4169,bclean_keep
438,src,flightview,0.5000,bclean_keep
438,flight,AA-3859-IAH-ORD,0.5000,bclean_keep
438,sched_dep_time,7:10 a.m.,0.0000,bclean_keep
438,act_dep_time,7:16 a.m.,0.0000,bclean_keep
438,sched_arr_time,9:40 a.m.,0.0431,bclean_keep
438,act_arr_time,9:22 a.m.,0.3011,bclean_keep
439,src,flightview,0.5000,bclean_keep
439,flight,CO-1586-IAH-MCO,0.5000,bclean_keep
439,act_dep_time,7:42 p.m.,0.0314,bclean_keep
439,act_arr_time,10:29 p.m.,0.2844,bclean_keep
440,src,flightview,0.5000,bclean_keep
440,flight,AA-518-MIA-JFK,0.5000,bclean_keep
440,sched_dep_time,6:40 a.m.,0.0046,bclean_keep
440,act_dep_time,6:54 a.m.,0.0061,bclean_keep
440,sched_arr_time,9:25 a.m.,0.0140,bclean_keep
440,act_arr_time,9:28 a.m.,0.0268,bclean_keep
441,src,flightview,0.5000,bclean_keep
441,flight,UA-397-JFK-SFO,0.5000,bclean_keep
441,sched_dep_time,8:00 a.m.,0.0000,bclean_keep
441,sched_arr_time,11:55 a.m.,0.0000,bclean_keep
441,act_arr_time,11:58 a.m.,0.0000,bclean_keep
442,src,flightview,0.5000,bclean_keep
442,flight,UA-3925-IAD-ORF,0.5000,bclean_keep
442,act_arr_time,9:43 a.m.,0.0000,bclean_keep
443,src,flightview,0.5000,bclean_keep
443,flight,AA-1733-ORD-PHX,0.5000,bclean_keep
443,sched_dep_time,7:45 p.m.,0.0000,bclean_keep
443,act_dep_time,7:59 p.m.,0.1616,bclean_keep
443,sched_arr_time,10:30 p.m.,0.0059,bclean_keep
444,src,flightview,0.5000,bclean_keep
444,flight,AA-3-JFK-LAX,0.5000,bclean_keep
444,sched_dep_time,12:00 p.m.,0.0000,bclean_keep
444,sched_arr_time,3:15 p.m.,0.0137,bclean_keep
444,act_arr_time,3:16 p.m.,0.0000,bclean_keep
445,src,flightview,0.5000,bclean_keep
445,flight,UA-2830-MCO-CLT,0.5000,bclean_keep
445,sched_dep_time,3:27 p.m.,0.0000,bclean_keep
445,sched_arr_time,5:05 p.m.,0.0000,bclean_keep
445,act_arr_time,5:17 p.m.,0.0000,bclean_keep
446,src,flightview,0.5000,bclean_keep
446,flight,CO-58-DEN-IAH,0.5000,bclean_keep
446,act_arr_time,3:31 p.m.,0.0000,bclean_keep
447,src,flightview,0.5000,bclean_keep
447,flight,UA-5487-SFO-MRY,0.5000,bclean_keep
447,act_dep_time,10:53 a.m.,0.4444,bclean_keep
447,act_arr_time,11:21 a.m.,0.4439,bclean_keep
448,src,flightview,0.5000,bclean_keep
448,flight,AA-204-LAX-MCO,0.5000,bclean_keep
448,sched_dep_time,11:25 p.m.,0.0000,bclean_keep
449,src,flightview,0.5000,bclean_keep
449,flight,UA-414-LAX-SFO,0.5000,bclean_keep
449,act_dep_time,6:10 a.m.,0.3341,bclean_keep
449,act_arr_time,7:17 a.m.,0.0052,bclean_keep
450,src,flightview,0.5000,bclean_keep
450,flight,CO-1614-LAX-IAH,0.5000,bclean_keep
450,act_arr_time,5:26 a.m.,0.0000,bclean_keep
451,src,flightview,0.5000,bclean_keep
451,flight,UA-2726-FLL-PHL,0.5000,bclean_keep
451,sched_dep_time,4:00 p.m.,0.0000,bclean_keep
451,act_dep_time,4:10 p.m.,0.0000,bclean_keep
451,sched_arr_time,6:46 p.m.,0.0268,bclean_keep
451,act_arr_time,6:25 p.m.,0.0449,bclean_keep
452,src,flightview,0.5000,bclean_keep
452,flight,CO-52-IAH-LAX,0.5000,bclean_keep
452,act_dep_time,7:56 a.m.,0.2222,bclean_keep
452,act_arr_time,9:09 a.m.,0.2675,bclean_keep
453,src,flightview,0.5000,bclean_keep
453,flight,CO-1090-BOS-IAH,0.5000,bclean_keep
453,act_arr_time,1:19 p.m.,0.0000,bclean_keep
454,src,flightview,0.5000,bclean_keep
454,flight,AA-616-DFW-DTW,0.5000,bclean_keep
454,sched_dep_time,9:05 a.m.,0.0000,bclean_keep
454,act_dep_time,10:11 a.m.,0.0000,bclean_keep
454,sched_arr_time,12:35 p.m.,0.0003,bclean_keep
454,act_arr_time,1:18 p.m.,0.2595,bclean_keep
455,src,flightview,0.5000,bclean_keep
455,flight,UA-3515-IAD-MSP,0.5000,bclean_keep
455,act_arr_time,9:56 a.m.,0.5000,bclean_keep
456,src,flightview,0.5000,bclean_keep
456,flight,AA-3468-CVG-MIA,0.5000,bclean_keep
456,sched_dep_time,7:00 a.m.,0.0000,bclean_keep
456,act_dep_time,7:25 a.m.,0.0292,bclean_keep
456,sched_arr_time,9:55 a.m.,0.0104,bclean_keep
456,act_arr_time,9:45 a.m.,0.0311,bclean_keep
457,src,flightview,0.5000,bclean_keep
457,flight,AA-484-DFW-MIA,0.5000,bclean_keep
457,sched_dep_time,4:15 p.m.,0.0000,bclean_keep
457,sched_arr_time,7:55 p.m.,0.0002,bclean_keep
457,act_arr_time,7:39 p.m.,0.0804,bclean_keep
458,src,flightview,0.5000,bclean_keep
458,flight,AA-1886-BOS-MIA,0.5000,bclean_keep
458,act_dep_time,10:55 a.m.,0.0245,bclean_keep
458,act_arr_time,1:40 p.m.,0.1159,bclean_keep
459,src,flightview,0.5000,bclean_keep
459,flight,CO-62-IAH-EWR,0.5000,bclean_keep
459,act_arr_time,7:10 p.m.,0.0000,bclean_keep
460,src,flightview,0.5000,bclean_keep
460,flight,CO-1561-PHX-IAH,0.5000,bclean_keep
460,act_arr_time,11:32 a.m.,0.0000,bclean_keep
461,src,flightview,0.5000,bclean_keep
461,flight,UA-2314-ATL-PHL,0.5000,bclean_keep
461,act_arr_time,5:00 p.m.,0.5000,bclean_keep
462,src,flightview,0.5000,bclean_keep
462,flight,AA-446-DFW-PHL,0.5000,bclean_keep
462,sched_dep_time,11:50 a.m.,0.0013,bclean_keep
462,sched_arr_time,3:50 p.m.,0.0369,bclean_keep
462,act_arr_time,4:09 p.m.,0.0000,bclean_keep
463,src,flightview,0.5000,bclean_keep
463,flight,CO-1023-IAH-DEN,0.5000,bclean_keep
463,act_arr_time,1:14 p.m.,0.0000,bclean_keep
464,src,flightview,0.5000,bclean_keep
464,flight,AA-466-IAH-MIA,0.5000,bclean_keep
464,sched_dep_time,6:00 a.m.,0.0000,bclean_keep
464,sched_arr_time,9:20 a.m.,0.0002,bclean_keep
464,act_arr_time,9:05 a.m.,0.0471,bclean_keep
465,src,flightview,0.5000,bclean_keep
465,flight,UA-3050-PHX-CLT,0.5000,bclean_keep
465,sched_dep_time,11:05 a.m.,0.0000,bclean_keep
465,act_dep_time,11:45 a.m.,0.0000,bclean_keep
465,sched_arr_time,4:57 p.m.,0.0617,bclean_keep
465,act_arr_time,5:03 p.m.,0.1498,bclean_keep
466,src,flightview,0.5000,bclean_keep
466,flight,CO-89-IAH-EWR,0.5000,bclean_keep
466,act_arr_time,10:27 a.m.,0.0000,bclean_keep
467,src,flightview,0.5000,bclean_keep
467,flight,CO-1088-CLE-IAH,0.5000,bclean_keep
467,act_arr_time,10:56 a.m.,0.0000,bclean_keep
468,src,flightview,0.5000,bclean_keep
468,flight,AA-1664-MIA-ATL,0.5000,bclean_keep
468,sched_dep_time,10:15 a.m.,0.0000,bclean_keep
468,act_dep_time,10:19 a.m.,0.0000,bclean_keep
468,sched_arr_time,12:10 p.m.,0.0240,bclean_keep
468,act_arr_time,11:50 a.m.,0.0000,bclean_keep
469,src,flightview,0.5000,bclean_keep
469,flight,AA-1279-DFW-PHX,0.5000,bclean_keep
469,sched_dep_time,1:00 p.m.,0.0473,bclean_keep
469,act_dep_time,2:04 p.m.,0.0000,bclean_keep
469,sched_arr_time,2:35 p.m.,0.0329,bclean_keep
469,act_arr_time,3:19 p.m.,0.3279,bclean_keep
470,src,flightview,0.5000,bclean_keep
470,flight,UA-854-SFO-IAH,0.5000,bclean_keep
470,act_arr_time,1:30 p.m.,0.0000,bclean_keep
471,src,flightview,0.5000,bclean_keep
471,flight,UA-382-IAD-LAX,0.5000,bclean_keep
471,act_dep_time,12:56 p.m.,0.0314,bclean_keep
471,act_arr_time,3:21 p.m.,0.3136,bclean_keep
472,src,flightview,0.5000,bclean_keep
472,flight,AA-4344-ORD-DTW,0.5000,bclean_keep
472,act_dep_time,12:14 p.m.,0.0000,bclean_keep
472,act_arr_time,2:01 p.m.,0.4164,bclean_keep
473,src,flightview,0.5000,bclean_keep
473,flight,UA-257-JFK-SFO,0.5000,bclean_keep
473,sched_dep_time,2:30 p.m.,0.0042,bclean_keep
473,sched_arr_time,6:15 p.m.,0.0002,bclean_keep
473,act_arr_time,5:42 p.m.,0.0000,bclean_keep
474,src,flightview,0.5000,bclean_keep
474,flight,UA-2945-PHL-CLT,0.5000,bclean_keep
474,sched_dep_time,12:00 p.m.,0.0034,bclean_keep
474,act_dep_time,12:08 p.m.,0.0019,bclean_keep
474,sched_arr_time,1:45 p.m.,0.0003,bclean_keep
474,act_arr_time,1:14 p.m.,0.0000,bclean_keep
475,src,flightview,0.5000,bclean_keep
475,flight,CO-63-EWR-IAH,0.5000,bclean_keep
475,act_dep_time,5:38 p.m.,0.0365,bclean_keep
475,act_arr_time,8:03 p.m.,0.1525,bclean_keep
476,src,flightview,0.5000,bclean_keep
476,flight,CO-47-IAH-LAX,0.5000,bclean_keep
476,act_dep_time,8:36 p.m.,0.0000,bclean_keep
476,act_arr_time,9:38 p.m.,0.0000,bclean_keep
477,src,flightview,0.5000,bclean_keep
477,flight,AA-2050-ORD-MIA,0.5000,bclean_keep
477,sched_dep_time,10:40 a.m.,0.0411,bclean_keep
477,sched_arr_time,2:45 p.m.,0.0004,bclean_keep
477,act_arr_time,2:46 p.m.,0.0276,bclean_keep
478,src,flightview,0.5000,bclean_keep
478,flight,UA-248-PHX-ORD,0.5000,bclean_keep
478,act_arr_time,5:34 p.m.,0.5000,bclean_keep
479,src,flightview,0.5000,bclean_keep
479,flight,AA-4330-CVG-ORD,0.5000,bclean_keep
479,act_dep_time,3:36 p.m.,0.0045,bclean_keep
480,src,flightview,0.5000,bclean_keep
480,flight,AA-1434-DFW-MCO,0.5000,bclean_keep
480,sched_dep_time,7:15 a.m.,0.0000,bclean_keep
480,act_dep_time,7:22 a.m.,0.3561,bclean_keep
480,sched_arr_time,10:35 a.m.,0.0572,bclean_keep
480,act_arr_time,10:29 a.m.,0.1168,bclean_keep
481,src,flightview,0.5000,bclean_keep
481,flight,AA-1640-MIA-MCO,0.5000,bclean_keep
481,sched_dep_time,6:30 p.m.,0.0000,bclean_keep
481,sched_arr_time,7:25 p.m.,0.1297,bclean_keep
482,src,flightview,0.5000,bclean_keep
482,flight,AA-4307-ORD-DTW,0.5000,bclean_keep
482,sched_dep_time,6:45 p.m.,0.0002,bclean_keep
482,act_dep_time,6:56 p.m.,0.0000,bclean_keep
482,sched_arr_time,9:10 p.m.,0.0547,bclean_keep
482,act_arr_time,8:43 p.m.,0.3203,bclean_keep
483,src,flightview,0.5000,bclean_keep
483,flight,CO-1694-LAX-IAH,0.5000,bclean_keep
483,sched_dep_time,7:15 p.m.,0.0000,bclean_keep
484,src,flightview,0.5000,bclean_keep
484,flight,UA-843-LAX-ORD,0.5000,bclean_keep
484,act_arr_time,7:58 p.m.,0.0000,bclean_keep
485,src,flightview,0.5000,bclean_keep
485,flight,CO-1193-EWR-MCO,0.5000,bclean_keep
485,sched_dep_time,9:15 a.m.,0.0000,bclean_keep
485,sched_arr_time,12:18 p.m.,0.0002,bclean_keep
485,act_arr_time,12:09 p.m.,0.0000,bclean_keep
486,src,flightview,0.5000,bclean_keep
486,flight,AA-3842-MSP-ORD,0.5000,bclean_keep
486,sched_dep_time,6:00 a.m.,0.0000,bclean_keep
486,sched_arr_time,7:30 a.m.,0.0003,bclean_keep
486,act_arr_time,7:51 a.m.,0.0506,bclean_keep
487,src,flightview,0.5000,bclean_keep
487,flight,AA-643-MIA-ORD,0.5000,bclean_keep
487,sched_dep_time,7:10 a.m.,0.0000,bclean_keep
487,act_dep_time,7:31 a.m.,0.0598,bclean_keep
487,sched_arr_time,9:35 a.m.,0.0572,bclean_keep
488,src,flightview,0.5000,bclean_keep
488,flight,AA-1007-MIA-PHX,0.5000,bclean_keep
488,act_dep_time,5:09 p.m.,0.2500,bclean_keep
488,act_arr_time,7:53 p.m.,0.4376,bclean_keep
489,src,flightview,0.5000,bclean_keep
489,flight,UA-2906-PHL-MCO,0.5000,bclean_keep
489,sched_dep_time,3:50 p.m.,0.0000,bclean_keep
489,act_dep_time,4:46 p.m.,0.0000,bclean_keep
489,sched_arr_time,6:23 p.m.,0.0004,bclean_keep
489,act_arr_time,6:35 p.m.,0.0175,bclean_keep
490,src,flightview,0.5000,bclean_keep
490,flight,UA-938-DEN-ORD,0.5000,bclean_keep
490,act_arr_time,7:36 p.m.,0.0000,bclean_keep
491,src,flightview,0.5000,bclean_keep
491,flight,AA-1221-MCO-ORD,0.5000,bclean_keep
491,sched_dep_time,8:00 p.m.,0.0000,bclean_keep
491,act_dep_time,8:23 p.m.,0.0000,bclean_keep
491,sched_arr_time,9:45 p.m.,0.0126,bclean_keep
492,src,flightview,0.5000,bclean_keep
492,flight,CO-16-LAX-EWR,0.5000,bclean_keep
492,act_arr_time,6:34 p.m.,0.0000,bclean_keep
493,src,flightview,0.5000,bclean_keep
493,flight,UA-2515-DFW-CLT,0.5000,bclean_keep
493,act_dep_time,7:31 a.m.,0.0000,bclean_keep
493,act_arr_time,10:45 a.m.,0.0000,bclean_keep
494,src,flightview,0.5000,bclean_keep
494,flight,AA-400-DFW-JFK,0.5000,bclean_keep
494,sched_dep_time,10:40 a.m.,0.0000,bclean_keep
494,act_dep_time,11:02 a.m.,0.4695,bclean_keep
494,sched_arr_time,2:59 p.m.,0.0014,bclean_keep
494,act_arr_time,3:04 p.m.,0.1652,bclean_keep
495,src,flightview,0.5000,bclean_keep
495,flight,UA-664-ORD-PHL,0.5000,bclean_keep
495,sched_dep_time,1:33 p.m.,0.0000,bclean_keep
495,sched_arr_time,4:31 p.m.,0.0293,bclean_keep
495,act_arr_time,4:23 p.m.,0.0000,bclean_keep
496,src,flightview,0.5000,bclean_keep
496,flight,AA-3756-ORD-SLC,0.5000,bclean_keep
496,sched_dep_time,12:15 p.m.,0.1671,bclean_keep
496,act_dep_time,12:42 p.m.,0.0236,bclean_keep
496,sched_arr_time,2:45 p.m.,0.0030,bclean_keep
497,src,flightview,0.5000,bclean_keep
497,flight,UA-37-EWR-MCO,0.5000,bclean_keep
497,act_arr_time,4:17 p.m.,0.0000,bclean_keep
498,src,flightview,0.5000,bclean_keep
498,flight,AA-1522-SFO-ORD,0.5000,bclean_keep
498,sched_dep_time,11:55 p.m.,0.0000,bclean_keep
499,src,flightview,0.5000,bclean_keep
499,flight,UA-233-LAX-JFK,0.5000,bclean_keep
499,sched_dep_time,4:25 p.m.,0.0000,bclean_keep
500,src,flightview,0.5000,bclean_keep
500,flight,AA-3823-LAX-DEN,0.5000,bclean_keep
500,sched_dep_time,9:00 p.m.,0.0000,bclean_keep
501,src,flightview,0.5000,bclean_keep
501,flight,AA-2312-DFW-DTW,0.5000,bclean_keep
501,sched_dep_time,8:25 p.m.,0.0000,bclean_keep
501,sched_arr_time,11:50 p.m.,0.1356,bclean_keep
502,src,flightview,0.5000,bclean_keep
502,flight,AA-1165-JFK-MIA,0.5000,bclean_keep
502,sched_dep_time,6:59 a.m.,0.0000,bclean_keep
502,sched_arr_time,10:34 a.m.,0.0010,bclean_keep
502,act_arr_time,10:04 a.m.,0.0110,bclean_keep
503,src,flightview,0.5000,bclean_keep
503,flight,AA-431-MIA-SFO,0.5000,bclean_keep
503,sched_dep_time,8:35 a.m.,0.0000,bclean_keep
503,sched_arr_time,11:50 a.m.,0.0002,bclean_keep
503,act_arr_time,11:44 a.m.,0.0249,bclean_keep
504,src,flightview,0.5000,bclean_keep
504,flight,UA-3373-IAD-PHL,0.5000,bclean_keep
504,act_arr_time,9:13 a.m.,0.0000,bclean_keep
505,src,flightview,0.5000,bclean_keep
505,flight,AA-649-ORD-SNA,0.5000,bclean_keep
506,src,flightview,0.5000,bclean_keep
506,flight,CO-1250-MIA-IAH,0.5000,bclean_keep
506,act_arr_time,4:59 p.m.,0.0000,bclean_keep
507,src,flightview,0.5000,bclean_keep
507,flight,UA-6273-YYC-SFO,0.5000,bclean_keep
507,act_dep_time,7:41 a.m.,0.3636,bclean_keep
507,act_arr_time,8:45 a.m.,0.4163,bclean_keep
508,src,flightview,0.5000,bclean_keep
508,flight,UA-828-SFO-ORD,0.5000,bclean_keep
508,sched_dep_time,11:08 p.m.,0.0000,bclean_keep
509,src,flightview,0.5000,bclean_keep
509,flight,CO-4888-IAH-DAL,0.5000,bclean_keep
509,sched_arr_time,6:40 p.m.,0.0387,bclean_keep
510,src,flightview,0.5000,bclean_keep
510,flight,UA-858-PVG-SFO,0.5000,bclean_keep
510,act_dep_time,1:45 p.m.,0.4444,bclean_keep
510,act_arr_time,8:02 a.m.,0.0000,bclean_keep
511,src,flightview,0.5000,bclean_keep
511,flight,UA-2704-DTW-PHX,0.5000,bclean_keep
511,act_dep_time,11:47 a.m.,0.0000,bclean_keep
511,act_arr_time,2:02 p.m.,0.3329,bclean_keep
512,src,flightview,0.5000,bclean_keep
512,flight,AA-3063-SLC-LAX,0.5000,bclean_keep
512,act_dep_time,8:40 p.m.,0.0000,bclean_keep
512,act_arr_time,9:11 p.m.,0.3329,bclean_keep
513,src,flightview,0.5000,bclean_keep
513,flight,UA-2708-EWR-CLT,0.5000,bclean_keep
513,act_dep_time,3:04 p.m.,0.0000,bclean_keep
513,act_arr_time,4:24 p.m.,0.3632,bclean_keep
514,src,flightview,0.5000,bclean_keep
514,flight,UA-62-IAH-EWR,0.5000,bclean_keep
514,act_arr_time,7:10 p.m.,0.0000,bclean_keep
515,src,flightview,0.5000,bclean_keep
515,flight,UA-1500-IAH-GUA,0.5000,bclean_keep
515,act_dep_time,9:43 a.m.,0.0000,bclean_keep
515,act_arr_time,12:12 p.m.,0.3745,bclean_keep
516,src,flightview,0.5000,bclean_keep
516,flight,AA-3804-PHL-ORD,0.5000,bclean_keep
516,sched_dep_time,2:35 p.m.,0.0000,bclean_keep
516,act_dep_time,2:44 p.m.,0.0000,bclean_keep
516,sched_arr_time,4:05 p.m.,0.0091,bclean_keep
517,src,flightview,0.5000,bclean_keep
517,flight,AA-1917-JFK-MCO,0.5000,bclean_keep
517,sched_dep_time,2:55 p.m.,0.0000,bclean_keep
517,act_dep_time,3:28 p.m.,0.1045,bclean_keep
517,sched_arr_time,5:55 p.m.,0.0004,bclean_keep
517,act_arr_time,5:34 p.m.,0.3863,bclean_keep
518,src,flightview,0.5000,bclean_keep
518,flight,AA-2268-PHX-ORD,0.5000,bclean_keep
518,sched_dep_time,7:15 a.m.,0.0007,bclean_keep
518,act_dep_time,7:23 a.m.,0.0000,bclean_keep
518,sched_arr_time,11:35 a.m.,0.0283,bclean_keep
518,act_arr_time,11:07 a.m.,0.2437,bclean_keep
519,src,flightview,0.5000,bclean_keep
519,flight,AA-4277-CVG-JFK,0.5000,bclean_keep
519,sched_dep_time,12:10 p.m.,0.0000,bclean_keep
519,sched_arr_time,2:15 p.m.,0.0002,bclean_keep
519,act_arr_time,1:43 p.m.,0.0265,bclean_keep
520,src,flightview,0.5000,bclean_keep
520,flight,AA-2957-DFW-CVG,0.5000,bclean_keep
520,sched_dep_time,7:55 a.m.,0.0000,bclean_keep
520,act_dep_time,8:05 a.m.,0.0567,bclean_keep
520,sched_arr_time,11:05 a.m.,0.0268,bclean_keep
520,act_arr_time,11:00 a.m.,0.1362,bclean_keep
521,src,flightview,0.5000,bclean_keep
521,flight,UA-37-EDI-EWR,0.5000,bclean_keep
521,act_arr_time,12:09 p.m.,0.5000,bclean_keep
522,src,flightview,0.5000,bclean_keep
522,flight,AA-789-ORD-DEN,0.5000,bclean_keep
522,sched_dep_time,1:05 p.m.,0.0434,bclean_keep
522,act_dep_time,1:20 p.m.,0.0000,bclean_keep
522,sched_arr_time,2:35 p.m.,0.0009,bclean_keep
522,act_arr_time,3:01 p.m.,0.3265,bclean_keep
523,src,flightview,0.5000,bclean_keep
523,flight,AA-415-BOS-ORD,0.5000,bclean_keep
523,act_dep_time,8:56 a.m.,0.0000,bclean_keep
524,src,flightview,0.5000,bclean_keep
524,flight,AA-85-JFK-SFO,0.5000,bclean_keep
524,sched_dep_time,3:05 p.m.,0.0204,bclean_keep
524,sched_arr_time,6:30 p.m.,0.0003,bclean_keep
524,act_arr_time,6:43 p.m.,0.0613,bclean_keep
525,src,flightview,0.5000,bclean_keep
525,flight,AA-3979-CVG-ORD,0.5000,bclean_keep
525,sched_dep_time,7:30 a.m.,0.0000,bclean_keep
525,act_dep_time,8:04 a.m.,0.0000,bclean_keep
525,sched_arr_time,8:00 a.m.,0.0152,bclean_keep
526,src,flightview,0.5000,bclean_keep
526,flight,AA-1544-SAN-ORD,0.5000,bclean_keep
526,act_arr_time,4:56 p.m.,0.0000,bclean_keep
527,src,flightview,0.5000,bclean_keep
527,flight,AA-3786-IAH-ORD,0.5000,bclean_keep
527,sched_dep_time,4:00 p.m.,0.0008,bclean_keep
527,act_dep_time,4:12 p.m.,0.0000,bclean_keep
527,sched_arr_time,6:40 p.m.,0.0065,bclean_keep
528,src,flightview,0.5000,bclean_keep
528,flight,AA-271-MIA-LAX,0.5000,bclean_keep
528,sched_dep_time,11:35 a.m.,0.0000,bclean_keep
528,act_dep_time,11:52 a.m.,0.0236,bclean_keep
528,sched_arr_time,2:25 p.m.,0.0125,bclean_keep
528,act_arr_time,2:27 p.m.,0.0620,bclean_keep
529,src,flightview,0.5000,bclean_keep
529,flight,AA-2525-DFW-MIA,0.5000,bclean_keep
529,sched_dep_time,7:25 a.m.,0.0000,bclean_keep
529,sched_arr_time,11:10 a.m.,0.0004,bclean_keep
529,act_arr_time,11:06 a.m.,0.1502,bclean_keep
530,src,flightview,0.5000,bclean_keep
530,flight,CO-50-CLE-EWR,0.5000,bclean_keep
530,act_arr_time,5:26 p.m.,0.0000,bclean_keep
531,src,flightview,0.5000,bclean_keep
531,flight,UA-3099-PHX-PHL,0.5000,bclean_keep
531,sched_dep_time,11:55 a.m.,0.0000,bclean_keep
531,act_dep_time,11:55 a.m.,0.0000,bclean_keep
531,sched_arr_time,6:17 p.m.,0.0281,bclean_keep
531,act_arr_time,6:17 p.m.,0.2188,bclean_keep
532,src,flightview,0.5000,bclean_keep
532,flight,AA-4198-ORD-CLE,0.5000,bclean_keep
532,sched_dep_time,10:40 a.m.,0.0000,bclean_keep
532,act_dep_time,10:55 a.m.,0.0000,bclean_keep
532,sched_arr_time,12:55 p.m.,0.0231,bclean_keep
532,act_arr_time,12:48 p.m.,0.1689,bclean_keep
533,src,flightview,0.5000,bclean_keep
533,flight,AA-404-MIA-MCO,0.5000,bclean_keep
533,sched_dep_time,6:45 a.m.,0.0000,bclean_keep
533,act_dep_time,6:58 a.m.,0.0000,bclean_keep
533,sched_arr_time,7:45 a.m.,0.0003,bclean_keep
533,act_arr_time,7:32 a.m.,0.2328,bclean_keep
534,src,flightview,0.5000,bclean_keep
534,flight,CO-45-EWR-MIA,0.5000,bclean_keep
534,sched_dep_time,4:00 p.m.,0.0000,bclean_keep
534,sched_arr_time,7:05 p.m.,0.0002,bclean_keep
534,act_arr_time,6:36 p.m.,0.0000,bclean_keep
535,src,flightview,0.5000,bclean_keep
535,flight,AA-3809-PHX-LAX,0.5000,bclean_keep
535,sched_dep_time,6:00 a.m.,0.0000,bclean_keep
535,sched_arr_time,6:40 a.m.,0.0002,bclean_keep
535,act_arr_time,6:19 a.m.,0.0451,bclean_keep
536,src,flightview,0.5000,bclean_keep
536,flight,AA-59-JFK-SFO,0.5000,bclean_keep
536,sched_dep_time,7:10 a.m.,0.0000,bclean_keep
536,sched_arr_time,10:45 a.m.,0.0003,bclean_keep
536,act_arr_time,11:12 a.m.,0.0484,bclean_keep
537,src,flightview,0.5000,bclean_keep
537,flight,AA-222-LAX-BOS,0.5000,bclean_keep
537,sched_dep_time,7:10 a.m.,0.0002,bclean_keep
537,sched_arr_time,3:30 p.m.,0.0223,bclean_keep
537,act_arr_time,3:14 p.m.,0.0000,bclean_keep
538,src,flightstats,0.5000,bclean_keep
538,flight,AA-3859-IAH-ORD,0.5000,bclean_keep
538,sched_dep_time,7:10 a.m.,0.0000,bclean_keep
538,act_dep_time,7:16 a.m.,0.0106,bclean_keep
538,sched_arr_time,9:40 a.m.,0.0300,bclean_keep
539,src,flightstats,0.5000,bclean_keep
539,flight,CO-1586-IAH-MCO,0.5000,bclean_keep
539,sched_dep_time,7:00 p.m.,0.0309,bclean_keep
539,act_dep_time,7:14 p.m.,0.2083,bclean_keep
539,sched_arr_time,10:15 p.m.,0.0013,bclean_keep
539,act_arr_time,10:29 p.m.,0.1774,bclean_keep
540,src,flightstats,0.5000,bclean_keep
540,flight,AA-518-MIA-JFK,0.5000,bclean_keep
540,sched_dep_time,6:40 a.m.,0.0046,bclean_keep
540,act_dep_time,6:54 a.m.,0.0061,bclean_keep
540,sched_arr_time,9:25 a.m.,0.0140,bclean_keep
540,act_arr_time,9:28 a.m.,0.0298,bclean_keep
541,src,flightstats,0.5000,bclean_keep
541,flight,UA-397-JFK-SFO,0.5000,bclean_keep
541,sched_dep_time,8:00 a.m.,0.0000,bclean_keep
541,act_dep_time,8:29 a.m.,0.4158,bclean_keep
541,sched_arr_time,11:55 a.m.,0.0000,bclean_keep
541,act_arr_time,11:58 a.m.,0.0000,bclean_keep
542,src,flightstats,0.5000,bclean_keep
542,flight,UA-3925-IAD-ORF,0.5000,bclean_keep
542,sched_dep_time,8:41 a.m.,0.0000,bclean_keep
542,act_dep_time,8:42 a.m.,0.0034,bclean_keep
542,sched_arr_time,9:54 a.m.,0.0020,bclean_keep
542,act_arr_time,9:43 a.m.,0.0000,bclean_keep
543,src,flightstats,0.5000,bclean_keep
543,flight,AA-1733-ORD-PHX,0.5000,bclean_keep
543,sched_dep_time,7:45 p.m.,0.0000,bclean_keep
543,act_dep_time,7:58 p.m.,0.1299,bclean_keep
543,sched_arr_time,10:30 p.m.,0.0026,bclean_keep
544,src,flightstats,0.5000,bclean_keep
544,flight,AA-4344-ORD-DTW,0.5000,bclean_keep
544,sched_dep_time,11:45 a.m.,0.0000,bclean_keep
544,act_dep_time,12:13 p.m.,0.0627,bclean_keep
544,sched_arr_time,2:00 p.m.,0.0000,bclean_keep
544,act_arr_time,2:10 p.m.,0.0000,bclean_keep
545,src,flightstats,0.5000,bclean_keep
545,flight,AA-1640-MIA-MCO,0.5000,bclean_keep
545,sched_dep_time,6:30 p.m.,0.0000,bclean_keep
545,sched_arr_time,7:25 p.m.,0.1267,bclean_keep
546,src,flightstats,0.5000,bclean_keep
546,flight,UA-2830-MCO-CLT,0.5000,bclean_keep
546,sched_dep_time,3:27 p.m.,0.0000,bclean_keep
546,act_dep_time,3:28 p.m.,0.3807,bclean_keep
546,sched_arr_time,5:05 p.m.,0.0000,bclean_keep
546,act_arr_time,5:17 p.m.,0.0000,bclean_keep
547,src,flightstats,0.5000,bclean_keep
547,flight,CO-58-DEN-IAH,0.5000,bclean_keep
547,sched_dep_time,11:25 a.m.,0.0000,bclean_keep
547,act_dep_time,11:32 a.m.,0.0034,bclean_keep
547,sched_arr_time,2:50 p.m.,0.0000,bclean_keep
547,act_arr_time,3:31 p.m.,0.0000,bclean_keep
548,src,flightstats,0.5000,bclean_keep
548,flight,AA-204-LAX-MCO,0.5000,bclean_keep
548,sched_dep_time,11:25 p.m.,0.0000,bclean_keep
548,sched_arr_time,6:55 a.m.,0.0003,bclean_keep
549,src,flightstats,0.5000,bclean_keep
549,flight,UA-414-LAX-SFO,0.5000,bclean_keep
549,sched_dep_time,6:00 a.m.,0.0000,bclean_keep
549,sched_arr_time,7:23 a.m.,0.0000,bclean_keep
549,act_arr_time,7:17 a.m.,0.0050,bclean_keep
550,src,flightstats,0.5000,bclean_keep
550,flight,CO-1614-LAX-IAH,0.5000,bclean_keep
550,sched_dep_time,12:30 a.m.,0.0000,bclean_keep
550,act_dep_time,12:41 a.m.,0.0034,bclean_keep
550,sched_arr_time,5:35 a.m.,0.0000,bclean_keep
550,act_arr_time,5:26 a.m.,0.0000,bclean_keep
551,src,flightstats,0.5000,bclean_keep
551,flight,UA-2726-FLL-PHL,0.5000,bclean_keep
551,sched_dep_time,4:00 p.m.,0.0000,bclean_keep
551,act_dep_time,3:58 p.m.,0.0106,bclean_keep
551,sched_arr_time,6:46 p.m.,0.0003,bclean_keep
551,act_arr_time,6:28 p.m.,0.0000,bclean_keep
552,src,flightstats,0.5000,bclean_keep
552,flight,CO-52-IAH-LAX,0.5000,bclean_keep
552,sched_dep_time,7:35 a.m.,0.0000,bclean_keep
552,act_dep_time,7:29 a.m.,0.1898,bclean_keep
552,sched_arr_time,9:21 a.m.,0.0018,bclean_keep
552,act_arr_time,9:14 a.m.,0.0000,bclean_keep
553,src,flightstats,0.5000,bclean_keep
553,flight,CO-1090-BOS-IAH,0.5000,bclean_keep
553,sched_dep_time,9:45 a.m.,0.0000,bclean_keep
553,act_dep_time,10:19 a.m.,0.0034,bclean_keep
553,sched_arr_time,1:16 p.m.,0.0000,bclean_keep
553,act_arr_time,1:19 p.m.,0.0000,bclean_keep
554,src,flightstats,0.5000,bclean_keep
554,flight,AA-3468-CVG-MIA,0.5000,bclean_keep
554,sched_dep_time,7:00 a.m.,0.0000,bclean_keep
554,act_dep_time,7:25 a.m.,0.0119,bclean_keep
554,sched_arr_time,9:55 a.m.,0.0104,bclean_keep
554,act_arr_time,9:45 a.m.,0.0280,bclean_keep
555,src,flightstats,0.5000,bclean_keep
555,flight,UA-3515-IAD-MSP,0.5000,bclean_keep
555,sched_dep_time,8:15 a.m.,0.0000,bclean_keep
555,act_dep_time,8:12 a.m.,0.2600,bclean_keep
555,sched_arr_time,10:06 a.m.,0.0000,bclean_keep
555,act_arr_time,9:56 a.m.,0.0000,bclean_keep
556,src,flightstats,0.5000,bclean_keep
556,flight,AA-484-DFW-MIA,0.5000,bclean_keep
556,sched_dep_time,4:15 p.m.,0.0000,bclean_keep
556,act_dep_time,4:29 p.m.,0.3324,bclean_keep
556,sched_arr_time,7:55 p.m.,0.0148,bclean_keep
556,act_arr_time,7:39 p.m.,0.0804,bclean_keep
557,src,flightstats,0.5000,bclean_keep
557,flight,AA-616-DFW-DTW,0.5000,bclean_keep
557,sched_dep_time,9:05 a.m.,0.0000,bclean_keep
557,act_dep_time,10:10 a.m.,0.0508,bclean_keep
557,sched_arr_time,12:35 p.m.,0.0204,bclean_keep
557,act_arr_time,1:27 p.m.,0.0673,bclean_keep
558,src,flightstats,0.5000,bclean_keep
558,flight,CO-62-IAH-EWR,0.5000,bclean_keep
558,sched_dep_time,2:30 p.m.,0.0000,bclean_keep
558,act_dep_time,2:48 p.m.,0.0010,bclean_keep
558,sched_arr_time,7:03 p.m.,0.0000,bclean_keep
558,act_arr_time,7:10 p.m.,0.0000,bclean_keep
559,src,flightstats,0.5000,bclean_keep
559,flight,CO-63-EWR-IAH,0.5000,bclean_keep
559,sched_dep_time,5:25 p.m.,0.0000,bclean_keep
559,act_dep_time,5:22 p.m.,0.2830,bclean_keep
559,sched_arr_time,8:22 p.m.,0.0018,bclean_keep
559,act_arr_time,8:03 p.m.,0.0000,bclean_keep
560,src,flightstats,0.5000,bclean_keep
560,flight,AA-446-DFW-PHL,0.5000,bclean_keep
560,sched_dep_time,11:50 a.m.,0.0092,bclean_keep
560,act_dep_time,12:12 p.m.,0.3688,bclean_keep
560,sched_arr_time,3:50 p.m.,0.0005,bclean_keep
560,act_arr_time,4:09 p.m.,0.0000,bclean_keep
561,src,flightstats,0.5000,bclean_keep
561,flight,CO-1023-IAH-DEN,0.5000,bclean_keep
561,sched_dep_time,11:40 a.m.,0.0000,bclean_keep
561,act_dep_time,11:56 a.m.,0.3007,bclean_keep
561,sched_arr_time,1:17 p.m.,0.0023,bclean_keep
561,act_arr_time,1:14 p.m.,0.0000,bclean_keep
562,src,flightstats,0.5000,bclean_keep
562,flight,AA-466-IAH-MIA,0.5000,bclean_keep
562,sched_dep_time,6:00 a.m.,0.0000,bclean_keep
562,act_dep_time,6:08 a.m.,0.3873,bclean_keep
562,sched_arr_time,9:20 a.m.,0.0157,bclean_keep
562,act_arr_time,9:05 a.m.,0.0471,bclean_keep
563,src,flightstats,0.5000,bclean_keep
563,flight,UA-3050-PHX-CLT,0.5000,bclean_keep
563,sched_dep_time,11:05 a.m.,0.0000,bclean_keep
563,act_dep_time,11:30 a.m.,0.0000,bclean_keep
563,sched_arr_time,4:57 p.m.,0.0006,bclean_keep
563,act_arr_time,5:05 p.m.,0.0000,bclean_keep
564,src,flightstats,0.5000,bclean_keep
564,flight,CO-89-IAH-EWR,0.5000,bclean_keep
564,sched_dep_time,6:00 a.m.,0.0000,bclean_keep
564,act_dep_time,6:02 a.m.,0.0024,bclean_keep
564,sched_arr_time,10:20 a.m.,0.0000,bclean_keep
564,act_arr_time,10:27 a.m.,0.0000,bclean_keep
565,src,flightstats,0.5000,bclean_keep
565,flight,CO-1088-CLE-IAH,0.5000,bclean_keep
565,sched_dep_time,8:40 a.m.,0.0000,bclean_keep
565,act_dep_time,8:40 a.m.,0.0034,bclean_keep
565,sched_arr_time,10:54 a.m.,0.0000,bclean_keep
565,act_arr_time,10:56 a.m.,0.0000,bclean_keep
566,src,flightstats,0.5000,bclean_keep
566,flight,AA-2957-DFW-CVG,0.5000,bclean_keep
566,sched_dep_time,7:55 a.m.,0.0000,bclean_keep
566,act_dep_time,8:04 a.m.,0.0226,bclean_keep
566,sched_arr_time,11:05 a.m.,0.0003,bclean_keep
566,act_arr_time,11:01 a.m.,0.0923,bclean_keep
567,src,flightstats,0.5000,bclean_keep
567,flight,AA-1664-MIA-ATL,0.5000,bclean_keep
567,sched_dep_time,10:15 a.m.,0.0000,bclean_keep
567,act_dep_time,10:18 a.m.,0.0785,bclean_keep
567,sched_arr_time,12:10 p.m.,0.0003,bclean_keep
567,act_arr_time,11:56 a.m.,0.0000,bclean_keep
568,src,flightstats,0.5000,bclean_keep
568,flight,AA-3979-CVG-ORD,0.5000,bclean_keep
568,sched_dep_time,7:30 a.m.,0.0000,bclean_keep
568,act_dep_time,8:04 a.m.,0.0095,bclean_keep
568,sched_arr_time,8:00 a.m.,0.0139,bclean_keep
568,act_arr_time,8:06 a.m.,0.3327,bclean_keep
569,src,flightstats,0.5000,bclean_keep
569,flight,AA-1279-DFW-PHX,0.5000,bclean_keep
569,sched_dep_time,1:00 p.m.,0.0478,bclean_keep
569,act_dep_time,2:04 p.m.,0.0005,bclean_keep
569,sched_arr_time,2:35 p.m.,0.0337,bclean_keep
570,src,flightstats,0.5000,bclean_keep
570,flight,AA-404-MIA-MCO,0.5000,bclean_keep
570,sched_dep_time,6:45 a.m.,0.0000,bclean_keep
570,act_dep_time,6:57 a.m.,0.0588,bclean_keep
570,sched_arr_time,7:45 a.m.,0.0163,bclean_keep
570,act_arr_time,7:40 a.m.,0.0279,bclean_keep
571,src,flightstats,0.5000,bclean_keep
571,flight,AA-3756-ORD-SLC,0.5000,bclean_keep
571,sched_dep_time,12:15 p.m.,0.1373,bclean_keep
571,act_dep_time,12:41 p.m.,0.3522,bclean_keep
571,sched_arr_time,2:45 p.m.,0.0016,bclean_keep
571,act_arr_time,2:50 p.m.,0.0000,bclean_keep
572,src,flightstats,0.5000,bclean_keep
572,flight,UA-382-IAD-LAX,0.5000,bclean_keep
572,sched_dep_time,12:30 p.m.,0.0000,bclean_keep
572,act_dep_time,12:35 p.m.,0.2409,bclean_keep
572,sched_arr_time,3:19 p.m.,0.2349,bclean_keep
572,act_arr_time,3:21 p.m.,0.0000,bclean_keep
573,src,flightstats,0.5000,bclean_keep
573,flight,UA-2945-PHL-CLT,0.5000,bclean_keep
573,sched_dep_time,12:00 p.m.,0.0047,bclean_keep
573,act_dep_time,11:51 a.m.,0.0224,bclean_keep
573,sched_arr_time,1:45 p.m.,0.0003,bclean_keep
573,act_arr_time,1:15 p.m.,0.0000,bclean_keep
574,src,flightstats,0.5000,bclean_keep
574,flight,CO-47-IAH-LAX,0.5000,bclean_keep
574,sched_dep_time,7:10 p.m.,0.0000,bclean_keep
574,act_dep_time,8:25 p.m.,0.0000,bclean_keep
574,sched_arr_time,8:56 p.m.,0.1158,bclean_keep
575,src,flightstats,0.5000,bclean_keep
575,flight,AA-271-MIA-LAX,0.5000,bclean_keep
575,sched_dep_time,11:35 a.m.,0.0000,bclean_keep
575,act_dep_time,11:52 a.m.,0.0236,bclean_keep
575,sched_arr_time,2:25 p.m.,0.0125,bclean_keep
575,act_arr_time,2:27 p.m.,0.0620,bclean_keep
576,src,flightstats,0.5000,bclean_keep
576,flight,AA-2050-ORD-MIA,0.5000,bclean_keep
576,sched_dep_time,10:40 a.m.,0.0404,bclean_keep
576,act_dep_time,11:05 a.m.,0.3311,bclean_keep
576,sched_arr_time,2:45 p.m.,0.0290,bclean_keep
576,act_arr_time,2:46 p.m.,0.0276,bclean_keep
577,src,flightstats,0.5000,bclean_keep
577,flight,UA-248-PHX-ORD,0.5000,bclean_keep
577,sched_dep_time,12:57 p.m.,0.0000,bclean_keep
577,act_dep_time,1:32 p.m.,0.1324,bclean_keep
577,sched_arr_time,5:15 p.m.,0.0019,bclean_keep
577,act_arr_time,5:34 p.m.,0.0000,bclean_keep
578,src,flightstats,0.5000,bclean_keep
578,flight,AA-4330-CVG-ORD,0.5000,bclean_keep
578,sched_dep_time,3:35 p.m.,0.0000,bclean_keep
578,act_dep_time,3:36 p.m.,0.0334,bclean_keep
578,sched_arr_time,4:00 p.m.,0.0118,bclean_keep
578,act_arr_time,3:33 p.m.,0.1941,bclean_keep
579,src,flightstats,0.5000,bclean_keep
579,flight,AA-1434-DFW-MCO,0.5000,bclean_keep
579,sched_dep_time,7:15 a.m.,0.0000,bclean_keep
579,act_dep_time,7:21 a.m.,0.0124,bclean_keep
579,sched_arr_time,10:35 a.m.,0.0445,bclean_keep
579,act_arr_time,10:36 a.m.,0.2412,bclean_keep
580,src,flightstats,0.5000,bclean_keep
580,flight,CO-1561-PHX-IAH,0.5000,bclean_keep
580,sched_dep_time,8:05 a.m.,0.4091,bclean_keep
580,act_dep_time,8:00 a.m.,0.0034,bclean_keep
580,sched_arr_time,11:35 a.m.,0.0000,bclean_keep
580,act_arr_time,11:32 a.m.,0.0000,bclean_keep
581,src,flightstats,0.5000,bclean_keep
581,flight,AA-4307-ORD-DTW,0.5000,bclean_keep
581,sched_dep_time,6:45 p.m.,0.0056,bclean_keep
581,act_dep_time,6:55 p.m.,0.1234,bclean_keep
581,sched_arr_time,9:10 p.m.,0.0003,bclean_keep
581,act_arr_time,8:53 p.m.,0.0000,bclean_keep
582,src,flightstats,0.5000,bclean_keep
582,flight,AA-3-JFK-LAX,0.5000,bclean_keep
582,sched_dep_time,12:00 p.m.,0.0000,bclean_keep
582,act_dep_time,12:11 p.m.,0.3771,bclean_keep
582,sched_arr_time,3:15 p.m.,0.0002,bclean_keep
582,act_arr_time,3:16 p.m.,0.0000,bclean_keep
583,src,flightstats,0.5000,bclean_keep
583,flight,CO-1694-LAX-IAH,0.5000,bclean_keep
583,sched_dep_time,7:15 p.m.,0.0000,bclean_keep
583,sched_arr_time,12:21 a.m.,0.0004,bclean_keep
584,src,flightstats,0.5000,bclean_keep
584,flight,UA-843-LAX-ORD,0.5000,bclean_keep
584,sched_dep_time,1:55 p.m.,0.0564,bclean_keep
584,act_dep_time,2:10 p.m.,0.0988,bclean_keep
584,sched_arr_time,7:53 p.m.,0.0000,bclean_keep
584,act_arr_time,7:58 p.m.,0.0000,bclean_keep
585,src,flightstats,0.5000,bclean_keep
585,flight,CO-1193-EWR-MCO,0.5000,bclean_keep
585,sched_dep_time,9:15 a.m.,0.0000,bclean_keep
585,act_dep_time,9:14 a.m.,0.2700,bclean_keep
585,sched_arr_time,12:18 p.m.,0.0002,bclean_keep
585,act_arr_time,12:09 p.m.,0.0000,bclean_keep
586,src,flightstats,0.5000,bclean_keep
586,flight,AA-3842-MSP-ORD,0.5000,bclean_keep
586,sched_dep_time,6:00 a.m.,0.0000,bclean_keep
586,act_dep_time,6:56 a.m.,0.2734,bclean_keep
586,sched_arr_time,7:30 a.m.,0.0302,bclean_keep
586,act_arr_time,7:51 a.m.,0.0506,bclean_keep
587,src,flightstats,0.5000,bclean_keep
587,flight,AA-643-MIA-ORD,0.5000,bclean_keep
587,sched_dep_time,7:10 a.m.,0.0000,bclean_keep
587,act_dep_time,7:30 a.m.,0.0202,bclean_keep
587,sched_arr_time,9:35 a.m.,0.0005,bclean_keep
587,act_arr_time,9:31 a.m.,0.0000,bclean_keep
588,src,flightstats,0.5000,bclean_keep
588,flight,AA-1007-MIA-PHX,0.5000,bclean_keep
588,sched_dep_time,4:55 p.m.,0.0000,bclean_keep
588,act_dep_time,5:08 p.m.,0.1618,bclean_keep
588,sched_arr_time,8:05 p.m.,0.1193,bclean_keep
588,act_arr_time,7:55 p.m.,0.0762,bclean_keep
589,src,flightstats,0.5000,bclean_keep
589,flight,AA-2525-DFW-MIA,0.5000,bclean_keep
589,sched_dep_time,7:25 a.m.,0.0000,bclean_keep
589,act_dep_time,7:39 a.m.,0.3569,bclean_keep
589,sched_arr_time,11:10 a.m.,0.0390,bclean_keep
589,act_arr_time,11:06 a.m.,0.1496,bclean_keep
590,src,flightstats,0.5000,bclean_keep
590,flight,UA-2906-PHL-MCO,0.5000,bclean_keep
590,sched_dep_time,3:50 p.m.,0.0000,bclean_keep
590,act_dep_time,4:28 p.m.,0.0000,bclean_keep
590,sched_arr_time,6:23 p.m.,0.0002,bclean_keep
590,act_arr_time,6:38 p.m.,0.0000,bclean_keep
591,src,flightstats,0.5000,bclean_keep
591,flight,UA-938-DEN-ORD,0.5000,bclean_keep
591,sched_dep_time,4:16 p.m.,0.0000,bclean_keep
591,act_dep_time,4:15 p.m.,0.0024,bclean_keep
591,sched_arr_time,7:35 p.m.,0.0000,bclean_keep
591,act_arr_time,7:36 p.m.,0.0000,bclean_keep
592,src,flightstats,0.5000,bclean_keep
592,flight,AA-1221-MCO-ORD,0.5000,bclean_keep
592,sched_dep_time,8:00 p.m.,0.0000,bclean_keep
592,act_dep_time,8:23 p.m.,0.0895,bclean_keep
592,sched_arr_time,9:45 p.m.,0.0115,bclean_keep
592,act_arr_time,9:53 p.m.,0.4112,bclean_keep
593,src,flightstats,0.5000,bclean_keep
593,flight,CO-16-LAX-EWR,0.5000,bclean_keep
593,sched_dep_time,10:25 a.m.,0.0000,bclean_keep
593,act_dep_time,10:20 a.m.,0.0034,bclean_keep
593,sched_arr_time,6:44 p.m.,0.0000,bclean_keep
593,act_arr_time,6:34 p.m.,0.0000,bclean_keep
594,src,flightstats,0.5000,bclean_keep
594,flight,UA-2515-DFW-CLT,0.5000,bclean_keep
594,sched_dep_time,7:05 a.m.,0.0000,bclean_keep
594,act_dep_time,7:07 a.m.,0.1041,bclean_keep
594,sched_arr_time,10:31 a.m.,0.0000,bclean_keep
594,act_arr_time,10:47 a.m.,0.0000,bclean_keep
595,src,flightstats,0.5000,bclean_keep
595,flight,AA-400-DFW-JFK,0.5000,bclean_keep
595,sched_dep_time,10:40 a.m.,0.0000,bclean_keep
595,sched_arr_time,2:59 p.m.,0.0026,bclean_keep
595,act_arr_time,3:04 p.m.,0.1652,bclean_keep
596,src,flightstats,0.5000,bclean_keep
596,flight,UA-664-ORD-PHL,0.5000,bclean_keep
596,sched_dep_time,1:33 p.m.,0.0000,bclean_keep
596,act_dep_time,1:31 p.m.,0.3143,bclean_keep
596,sched_arr_time,4:31 p.m.,0.0003,bclean_keep
596,act_arr_time,4:23 p.m.,0.0000,bclean_keep
597,src,flightstats,0.5000,bclean_keep
597,flight,UA-37-EWR-MCO,0.5000,bclean_keep
597,sched_dep_time,1:29 p.m.,0.0000,bclean_keep
597,act_dep_time,1:48 p.m.,0.1648,bclean_keep
597,sched_arr_time,4:17 p.m.,0.0004,bclean_keep
597,act_arr_time,4:17 p.m.,0.0000,bclean_keep
598,src,flightstats,0.5000,bclean_keep
598,flight,AA-1522-SFO-ORD,0.5000,bclean_keep
598,sched_dep_time,11:55 p.m.,0.0000,bclean_keep
598,sched_arr_time,5:50 a.m.,0.0000,bclean_keep
599,src,flightstats,0.5000,bclean_keep
599,flight,UA-233-LAX-JFK,0.5000,bclean_keep
599,sched_dep_time,4:25 p.m.,0.0000,bclean_keep
599,sched_arr_time,12:29 a.m.,0.0004,bclean_keep
600,src,flightstats,0.5000,bclean_keep
600,flight,AA-3823-LAX-DEN,0.5000,bclean_keep
600,sched_dep_time,9:00 p.m.,0.0000,bclean_keep
600,sched_arr_time,12:15 a.m.,0.0005,bclean_keep
601,src,flightstats,0.5000,bclean_keep
601,flight,AA-2312-DFW-DTW,0.5000,bclean_keep
601,sched_dep_time,8:25 p.m.,0.0000,bclean_keep
601,sched_arr_time,11:50 p.m.,0.1040,bclean_keep
602,src,flightstats,0.5000,bclean_keep
602,flight,UA-2314-ATL-PHL,0.5000,bclean_keep
602,sched_dep_time,2:55 p.m.,0.0000,bclean_keep
602,act_dep_time,2:46 p.m.,0.0578,bclean_keep
602,sched_arr_time,5:00 p.m.,0.0000,bclean_keep
602,act_arr_time,4:47 p.m.,0.0000,bclean_keep
603,src,flightstats,0.5000,bclean_keep
603,flight,AA-1165-JFK-MIA,0.5000,bclean_keep
603,sched_dep_time,6:59 a.m.,0.0000,bclean_keep
603,act_dep_time,7:22 a.m.,0.3299,bclean_keep
603,sched_arr_time,10:34 a.m.,0.0023,bclean_keep
603,act_arr_time,10:04 a.m.,0.0110,bclean_keep
604,src,flightstats,0.5000,bclean_keep
604,flight,AA-431-MIA-SFO,0.5000,bclean_keep
604,sched_dep_time,8:35 a.m.,0.0000,bclean_keep
604,act_dep_time,8:51 a.m.,0.3062,bclean_keep
604,sched_arr_time,11:50 a.m.,0.0144,bclean_keep
604,act_arr_time,11:44 a.m.,0.0249,bclean_keep
605,src,flightstats,0.5000,bclean_keep
605,flight,UA-257-JFK-SFO,0.5000,bclean_keep
605,sched_dep_time,2:30 p.m.,0.0060,bclean_keep
605,act_dep_time,2:26 p.m.,0.4029,bclean_keep
605,sched_arr_time,6:15 p.m.,0.0003,bclean_keep
605,act_arr_time,5:42 p.m.,0.0000,bclean_keep
606,src,flightstats,0.5000,bclean_keep
606,flight,UA-3373-IAD-PHL,0.5000,bclean_keep
606,sched_dep_time,8:29 a.m.,0.0000,bclean_keep
606,act_dep_time,8:26 a.m.,0.0048,bclean_keep
606,sched_arr_time,9:24 a.m.,0.0000,bclean_keep
606,act_arr_time,9:13 a.m.,0.0000,bclean_keep
607,src,flightstats,0.5000,bclean_keep
607,flight,CO-1250-MIA-IAH,0.5000,bclean_keep
607,sched_dep_time,2:53 p.m.,0.0000,bclean_keep
607,act_dep_time,3:01 p.m.,0.0014,bclean_keep
607,sched_arr_time,4:48 p.m.,0.0000,bclean_keep
607,act_arr_time,4:59 p.m.,0.0000,bclean_keep
608,src,flightstats,0.5000,bclean_keep
608,flight,UA-828-SFO-ORD,0.5000,bclean_keep
608,sched_dep_time,11:08 p.m.,0.0000,bclean_keep
608,sched_arr_time,5:11 a.m.,0.0943,bclean_keep
609,src,flightstats,0.5000,bclean_keep
609,flight,CO-4888-IAH-DAL,0.5000,bclean_keep
609,sched_arr_time,6:40 p.m.,0.0087,bclean_keep
610,src,flightstats,0.5000,bclean_keep
610,flight,UA-2704-DTW-PHX,0.5000,bclean_keep
610,sched_dep_time,11:15 a.m.,0.0000,bclean_keep
610,act_dep_time,11:15 a.m.,0.0000,bclean_keep
610,sched_arr_time,1:40 p.m.,0.0000,bclean_keep
610,act_arr_time,2:00 p.m.,0.0000,bclean_keep
611,src,flightstats,0.5000,bclean_keep
611,flight,AA-3063-SLC-LAX,0.5000,bclean_keep
611,sched_dep_time,8:20 p.m.,0.0000,bclean_keep
611,act_dep_time,8:39 p.m.,0.1327,bclean_keep
611,sched_arr_time,9:20 p.m.,0.0037,bclean_keep
612,src,flightstats,0.5000,bclean_keep
612,flight,UA-2708-EWR-CLT,0.5000,bclean_keep
612,sched_dep_time,2:55 p.m.,0.0000,bclean_keep
612,act_dep_time,2:52 p.m.,0.0860,bclean_keep
612,sched_arr_time,4:53 p.m.,0.0000,bclean_keep
612,act_arr_time,4:44 p.m.,0.0000,bclean_keep
613,src,flightstats,0.5000,bclean_keep
613,flight,UA-62-IAH-EWR,0.5000,bclean_keep
613,sched_dep_time,2:30 p.m.,0.0000,bclean_keep
613,act_dep_time,2:48 p.m.,0.0010,bclean_keep
613,sched_arr_time,7:03 p.m.,0.0000,bclean_keep
613,act_arr_time,7:10 p.m.,0.0000,bclean_keep
614,src,flightstats,0.5000,bclean_keep
614,flight,AA-3804-PHL-ORD,0.5000,bclean_keep
614,sched_dep_time,2:35 p.m.,0.0000,bclean_keep
614,act_dep_time,2:44 p.m.,0.0312,bclean_keep
614,sched_arr_time,4:05 p.m.,0.0057,bclean_keep
614,act_arr_time,3:43 p.m.,0.4813,bclean_keep
615,src,flightstats,0.5000,bclean_keep
615,flight,AA-1917-JFK-MCO,0.5000,bclean_keep
615,sched_dep_time,2:55 p.m.,0.0000,bclean_keep
615,act_dep_time,3:27 p.m.,0.1073,bclean_keep
615,sched_arr_time,5:55 p.m.,0.0161,bclean_keep
615,act_arr_time,5:43 p.m.,0.0314,bclean_keep
616,src,flightstats,0.5000,bclean_keep
616,flight,AA-2268-PHX-ORD,0.5000,bclean_keep
616,sched_dep_time,7:15 a.m.,0.0220,bclean_keep
616,act_dep_time,7:22 a.m.,0.0981,bclean_keep
616,sched_arr_time,11:35 a.m.,0.0004,bclean_keep
616,act_arr_time,11:06 a.m.,0.3388,bclean_keep
617,src,flightstats,0.5000,bclean_keep
617,flight,AA-4277-CVG-JFK,0.5000,bclean_keep
617,sched_dep_time,12:10 p.m.,0.0000,bclean_keep
617,act_dep_time,12:10 p.m.,0.3326,bclean_keep
617,sched_arr_time,2:15 p.m.,0.0126,bclean_keep
617,act_arr_time,1:43 p.m.,0.0265,bclean_keep
618,src,flightstats,0.5000,bclean_keep
618,flight,AA-789-ORD-DEN,0.5000,bclean_keep
618,sched_dep_time,1:05 p.m.,0.1050,bclean_keep
618,act_dep_time,1:19 p.m.,0.2579,bclean_keep
618,sched_arr_time,2:35 p.m.,0.0603,bclean_keep
618,act_arr_time,3:13 p.m.,0.1275,bclean_keep
619,src,flightstats,0.5000,bclean_keep
619,flight,UA-854-SFO-IAH,0.5000,bclean_keep
619,sched_dep_time,7:53 a.m.,0.0000,bclean_keep
619,act_dep_time,7:49 a.m.,0.1764,bclean_keep
619,sched_arr_time,1:39 p.m.,0.0000,bclean_keep
619,act_arr_time,1:30 p.m.,0.0000,bclean_keep
620,src,flightstats,0.5000,bclean_keep
620,flight,AA-415-BOS-ORD,0.5000,bclean_keep
620,sched_dep_time,8:35 a.m.,0.0000,bclean_keep
620,act_dep_time,8:56 a.m.,0.0417,bclean_keep
620,sched_arr_time,10:40 a.m.,0.0000,bclean_keep
620,act_arr_time,10:16 a.m.,0.0033,bclean_keep
621,src,flightstats,0.5000,bclean_keep
621,flight,AA-85-JFK-SFO,0.5000,bclean_keep
621,sched_dep_time,3:05 p.m.,0.0198,bclean_keep
621,act_dep_time,3:36 p.m.,0.3405,bclean_keep
621,sched_arr_time,6:30 p.m.,0.0356,bclean_keep
621,act_arr_time,6:43 p.m.,0.0613,bclean_keep
622,src,flightstats,0.5000,bclean_keep
622,flight,AA-3786-IAH-ORD,0.5000,bclean_keep
622,sched_dep_time,4:00 p.m.,0.0276,bclean_keep
622,act_dep_time,4:12 p.m.,0.0759,bclean_keep
622,sched_arr_time,6:40 p.m.,0.0056,bclean_keep
622,act_arr_time,6:15 p.m.,0.2900,bclean_keep
623,src,flightstats,0.5000,bclean_keep
623,flight,AA-222-LAX-BOS,0.5000,bclean_keep
623,sched_dep_time,7:10 a.m.,0.0001,bclean_keep
623,act_dep_time,7:31 a.m.,0.3049,bclean_keep
623,sched_arr_time,3:30 p.m.,0.0003,bclean_keep
623,act_arr_time,3:14 p.m.,0.0000,bclean_keep
624,src,flightstats,0.5000,bclean_keep
624,flight,CO-50-CLE-EWR,0.5000,bclean_keep
624,sched_dep_time,2:55 p.m.,0.0000,bclean_keep
624,act_dep_time,3:31 p.m.,0.0018,bclean_keep
624,sched_arr_time,4:49 p.m.,0.0000,bclean_keep
624,act_arr_time,5:26 p.m.,0.0000,bclean_keep
625,src,flightstats,0.5000,bclean_keep
625,flight,UA-3099-PHX-PHL,0.5000,bclean_keep
625,sched_dep_time,11:55 a.m.,0.0000,bclean_keep
625,act_dep_time,11:43 a.m.,0.1275,bclean_keep
625,sched_arr_time,6:17 p.m.,0.0004,bclean_keep
625,act_arr_time,5:38 p.m.,0.0000,bclean_keep
626,src,flightstats,0.5000,bclean_keep
626,flight,AA-4198-ORD-CLE,0.5000,bclean_keep
626,sched_dep_time,10:40 a.m.,0.0000,bclean_keep
626,act_dep_time,10:54 a.m.,0.0202,bclean_keep
626,sched_arr_time,12:55 p.m.,0.0004,bclean_keep
626,act_arr_time,12:50 p.m.,0.0000,bclean_keep
627,src,flightstats,0.5000,bclean_keep
627,flight,CO-45-EWR-MIA,0.5000,bclean_keep
627,sched_dep_time,4:00 p.m.,0.0000,bclean_keep
627,act_dep_time,3:58 p.m.,0.2140,bclean_keep
627,sched_arr_time,7:05 p.m.,0.0002,bclean_keep
627,act_arr_time,6:36 p.m.,0.0000,bclean_keep
628,src,flightstats,0.5000,bclean_keep
628,flight,AA-3809-PHX-LAX,0.5000,bclean_keep
628,sched_dep_time,6:00 a.m.,0.0000,bclean_keep
628,act_dep_time,6:10 a.m.,0.2014,bclean_keep
628,sched_arr_time,6:40 a.m.,0.0169,bclean_keep
628,act_arr_time,6:19 a.m.,0.0451,bclean_keep
629,src,flightstats,0.5000,bclean_keep
629,flight,AA-59-JFK-SFO,0.5000,bclean_keep
629,sched_dep_time,7:10 a.m.,0.0000,bclean_keep
629,act_dep_time,7:39 a.m.,0.3140,bclean_keep
629,sched_arr_time,10:45 a.m.,0.0300,bclean_keep
629,act_arr_time,11:12 a.m.,0.0484,bclean_keep
630,src,panynj,0.5000,bclean_keep
630,flight,AA-3859-IAH-ORD,0.5000,bclean_keep
630,sched_dep_time,7:10 a.m.,0.0000,bclean_keep
630,act_dep_time,7:16 a.m.,0.0000,bclean_keep
630,sched_arr_time,9:40 a.m.,0.0431,bclean_keep
630,act_arr_time,9:22 a.m.,0.3011,bclean_keep
631,src,panynj,0.5000,bclean_keep
631,flight,CO-1586-IAH-MCO,0.5000,bclean_keep
631,act_dep_time,7:42 p.m.,0.0314,bclean_keep
631,act_arr_time,10:29 p.m.,0.2844,bclean_keep
632,src,panynj,0.5000,bclean_keep
632,flight,AA-518-MIA-JFK,0.5000,bclean_keep
632,sched_dep_time,6:40 a.m.,0.0046,bclean_keep
632,act_dep_time,6:54 a.m.,0.0061,bclean_keep
632,sched_arr_time,9:25 a.m.,0.0140,bclean_keep
632,act_arr_time,9:28 a.m.,0.0268,bclean_keep
633,src,panynj,0.5000,bclean_keep
633,flight,UA-397-JFK-SFO,0.5000,bclean_keep
633,sched_dep_time,8:00 a.m.,0.0000,bclean_keep
633,sched_arr_time,11:55 a.m.,0.0000,bclean_keep
633,act_arr_time,11:58 a.m.,0.0000,bclean_keep
634,src,panynj,0.5000,bclean_keep
634,flight,UA-3925-IAD-ORF,0.5000,bclean_keep
634,act_arr_time,9:43 a.m.,0.0000,bclean_keep
635,src,panynj,0.5000,bclean_keep
635,flight,AA-1733-ORD-PHX,0.5000,bclean_keep
635,sched_dep_time,7:45 p.m.,0.0000,bclean_keep
635,act_dep_time,7:59 p.m.,0.1616,bclean_keep
635,sched_arr_time,10:30 p.m.,0.0059,bclean_keep
636,src,panynj,0.5000,bclean_keep
636,flight,AA-3-JFK-LAX,0.5000,bclean_keep
636,sched_dep_time,12:00 p.m.,0.0000,bclean_keep
636,sched_arr_time,3:15 p.m.,0.0137,bclean_keep
636,act_arr_time,3:16 p.m.,0.0000,bclean_keep
637,src,panynj,0.5000,bclean_keep
637,flight,UA-2830-MCO-CLT,0.5000,bclean_keep
637,sched_dep_time,3:27 p.m.,0.0000,bclean_keep
637,sched_arr_time,5:05 p.m.,0.0000,bclean_keep
637,act_arr_time,5:17 p.m.,0.0000,bclean_keep
638,src,panynj,0.5000,bclean_keep
638,flight,CO-58-DEN-IAH,0.5000,bclean_keep
638,act_arr_time,3:31 p.m.,0.0000,bclean_keep
639,src,panynj,0.5000,bclean_keep
639,flight,UA-5487-SFO-MRY,0.5000,bclean_keep
639,act_dep_time,10:53 a.m.,0.4444,bclean_keep
639,act_arr_time,11:21 a.m.,0.4439,bclean_keep
640,src,panynj,0.5000,bclean_keep
640,flight,AA-204-LAX-MCO,0.5000,bclean_keep
640,sched_dep_time,11:25 p.m.,0.0000,bclean_keep
641,src,panynj,0.5000,bclean_keep
641,flight,UA-414-LAX-SFO,0.5000,bclean_keep
641,act_dep_time,6:10 a.m.,0.3341,bclean_keep
641,act_arr_time,7:17 a.m.,0.0052,bclean_keep
642,src,panynj,0.5000,bclean_keep
642,flight,CO-1614-LAX-IAH,0.5000,bclean_keep
642,act_arr_time,5:26 a.m.,0.0000,bclean_keep
643,src,panynj,0.5000,bclean_keep
643,flight,UA-2726-FLL-PHL,0.5000,bclean_keep
643,sched_dep_time,4:00 p.m.,0.0000,bclean_keep
643,act_dep_time,4:10 p.m.,0.0000,bclean_keep
643,sched_arr_time,6:46 p.m.,0.0268,bclean_keep
643,act_arr_time,6:25 p.m.,0.0449,bclean_keep
644,src,panynj,0.5000,bclean_keep
644,flight,CO-52-IAH-LAX,0.5000,bclean_keep
644,act_dep_time,7:56 a.m.,0.2222,bclean_keep
644,act_arr_time,9:09 a.m.,0.2675,bclean_keep
645,src,panynj,0.5000,bclean_keep
645,flight,CO-1090-BOS-IAH,0.5000,bclean_keep
645,act_arr_time,1:19 p.m.,0.0000,bclean_keep
646,src,panynj,0.5000,bclean_keep
646,flight,AA-616-DFW-DTW,0.5000,bclean_keep
646,sched_dep_time,9:05 a.m.,0.0000,bclean_keep
646,act_dep_time,10:11 a.m.,0.0000,bclean_keep
646,sched_arr_time,12:35 p.m.,0.0003,bclean_keep
646,act_arr_time,1:18 p.m.,0.2595,bclean_keep
647,src,panynj,0.5000,bclean_keep
647,flight,UA-3515-IAD-MSP,0.5000,bclean_keep
647,act_arr_time,9:56 a.m.,0.5000,bclean_keep
648,src,panynj,0.5000,bclean_keep
648,flight,AA-3468-CVG-MIA,0.5000,bclean_keep
648,sched_dep_time,7:00 a.m.,0.0000,bclean_keep
648,act_dep_time,7:25 a.m.,0.0292,bclean_keep
648,sched_arr_time,9:55 a.m.,0.0104,bclean_keep
648,act_arr_time,9:45 a.m.,0.0311,bclean_keep
649,src,panynj,0.5000,bclean_keep
649,flight,AA-484-DFW-MIA,0.5000,bclean_keep
649,sched_dep_time,4:15 p.m.,0.0000,bclean_keep
649,sched_arr_time,7:55 p.m.,0.0002,bclean_keep
649,act_arr_time,7:39 p.m.,0.0804,bclean_keep
650,src,panynj,0.5000,bclean_keep
650,flight,AA-1886-BOS-MIA,0.5000,bclean_keep
650,act_dep_time,10:55 a.m.,0.0245,bclean_keep
650,act_arr_time,1:40 p.m.,0.1159,bclean_keep
651,src,panynj,0.5000,bclean_keep
651,flight,CO-62-IAH-EWR,0.5000,bclean_keep
651,act_arr_time,7:10 p.m.,0.0000,bclean_keep
652,src,panynj,0.5000,bclean_keep
652,flight,CO-1561-PHX-IAH,0.5000,bclean_keep
652,act_arr_time,11:32 a.m.,0.0000,bclean_keep
653,src,panynj,0.5000,bclean_keep
653,flight,UA-2314-ATL-PHL,0.5000,bclean_keep
653,act_arr_time,5:00 p.m.,0.5000,bclean_keep
654,src,panynj,0.5000,bclean_keep
654,flight,AA-446-DFW-PHL,0.5000,bclean_keep
654,sched_dep_time,11:50 a.m.,0.0013,bclean_keep
654,sched_arr_time,3:50 p.m.,0.0369,bclean_keep
654,act_arr_time,4:09 p.m.,0.0000,bclean_keep
655,src,panynj,0.5000,bclean_keep
655,flight,CO-1023-IAH-DEN,0.5000,bclean_keep
655,act_arr_time,1:14 p.m.,0.0000,bclean_keep
656,src,panynj,0.5000,bclean_keep
656,flight,AA-466-IAH-MIA,0.5000,bclean_keep
656,sched_dep_time,6:00 a.m.,0.0000,bclean_keep
656,sched_arr_time,9:20 a.m.,0.0002,bclean_keep
656,act_arr_time,9:05 a.m.,0.0471,bclean_keep
657,src,panynj,0.5000,bclean_keep
657,flight,UA-3050-PHX-CLT,0.5000,bclean_keep
657,sched_dep_time,11:05 a.m.,0.0000,bclean_keep
657,act_dep_time,11:45 a.m.,0.0000,bclean_keep
657,sched_arr_time,4:57 p.m.,0.0617,bclean_keep
657,act_arr_time,5:03 p.m.,0.1498,bclean_keep
658,src,panynj,0.5000,bclean_keep
658,flight,CO-89-IAH-EWR,0.5000,bclean_keep
658,act_arr_time,10:27 a.m.,0.0000,bclean_keep
659,src,panynj,0.5000,bclean_keep
659,flight,CO-1088-CLE-IAH,0.5000,bclean_keep
659,act_arr_time,10:56 a.m.,0.0000,bclean_keep
660,src,panynj,0.5000,bclean_keep
660,flight,AA-1664-MIA-ATL,0.5000,bclean_keep
660,sched_dep_time,10:15 a.m.,0.0000,bclean_keep
660,act_dep_time,10:19 a.m.,0.0000,bclean_keep
660,sched_arr_time,12:10 p.m.,0.0240,bclean_keep
660,act_arr_time,11:50 a.m.,0.0000,bclean_keep
661,src,panynj,0.5000,bclean_keep
661,flight,AA-1279-DFW-PHX,0.5000,bclean_keep
661,sched_dep_time,1:00 p.m.,0.0473,bclean_keep
661,act_dep_time,2:04 p.m.,0.0000,bclean_keep
661,sched_arr_time,2:35 p.m.,0.0329,bclean_keep
661,act_arr_time,3:19 p.m.,0.3279,bclean_keep
662,src,panynj,0.5000,bclean_keep
662,flight,UA-854-SFO-IAH,0.5000,bclean_keep
662,act_arr_time,1:30 p.m.,0.0000,bclean_keep
663,src,panynj,0.5000,bclean_keep
663,flight,UA-382-IAD-LAX,0.5000,bclean_keep
663,act_dep_time,12:56 p.m.,0.0314,bclean_keep
663,act_arr_time,3:21 p.m.,0.3136,bclean_keep
664,src,panynj,0.5000,bclean_keep
664,flight,AA-4344-ORD-DTW,0.5000,bclean_keep
664,act_dep_time,12:14 p.m.,0.0000,bclean_keep
664,act_arr_time,2:01 p.m.,0.4164,bclean_keep
665,src,panynj,0.5000,bclean_keep
665,flight,UA-257-JFK-SFO,0.5000,bclean_keep
665,sched_dep_time,2:30 p.m.,0.0042,bclean_keep
665,sched_arr_time,6:15 p.m.,0.0002,bclean_keep
665,act_arr_time,5:42 p.m.,0.0000,bclean_keep
666,src,panynj,0.5000,bclean_keep
666,flight,UA-2945-PHL-CLT,0.5000,bclean_keep
666,sched_dep_time,12:00 p.m.,0.0034,bclean_keep
666,act_dep_time,12:08 p.m.,0.0019,bclean_keep
666,sched_arr_time,1:45 p.m.,0.0003,bclean_keep
666,act_arr_time,1:14 p.m.,0.0000,bclean_keep
667,src,panynj,0.5000,bclean_keep
667,flight,CO-63-EWR-IAH,0.5000,bclean_keep
667,act_dep_time,5:38 p.m.,0.0365,bclean_keep
667,act_arr_time,8:03 p.m.,0.1525,bclean_keep
668,src,panynj,0.5000,bclean_keep
668,flight,CO-47-IAH-LAX,0.5000,bclean_keep
668,act_dep_time,8:36 p.m.,0.0000,bclean_keep
668,act_arr_time,9:38 p.m.,0.0000,bclean_keep
669,src,panynj,0.5000,bclean_keep
669,flight,AA-2050-ORD-MIA,0.5000,bclean_keep
669,sched_dep_time,10:40 a.m.,0.0411,bclean_keep
669,sched_arr_time,2:45 p.m.,0.0004,bclean_keep
669,act_arr_time,2:46 p.m.,0.0276,bclean_keep
670,src,panynj,0.5000,bclean_keep
670,flight,UA-248-PHX-ORD,0.5000,bclean_keep
670,act_arr_time,5:34 p.m.,0.5000,bclean_keep
671,src,panynj,0.5000,bclean_keep
671,flight,AA-4330-CVG-ORD,0.5000,bclean_keep
671,act_dep_time,3:36 p.m.,0.0045,bclean_keep
672,src,panynj,0.5000,bclean_keep
672,flight,AA-1434-DFW-MCO,0.5000,bclean_keep
672,sched_dep_time,7:15 a.m.,0.0000,bclean_keep
672,act_dep_time,7:22 a.m.,0.3561,bclean_keep
672,sched_arr_time,10:35 a.m.,0.0572,bclean_keep
672,act_arr_time,10:29 a.m.,0.1168,bclean_keep
673,src,panynj,0.5000,bclean_keep
673,flight,AA-1640-MIA-MCO,0.5000,bclean_keep
673,sched_dep_time,6:30 p.m.,0.0000,bclean_keep
673,sched_arr_time,7:25 p.m.,0.1297,bclean_keep
674,src,panynj,0.5000,bclean_keep
674,flight,AA-4307-ORD-DTW,0.5000,bclean_keep
674,sched_dep_time,6:45 p.m.,0.0002,bclean_keep
674,act_dep_time,6:56 p.m.,0.0000,bclean_keep
674,sched_arr_time,9:10 p.m.,0.0547,bclean_keep
674,act_arr_time,8:43 p.m.,0.3203,bclean_keep
675,src,panynj,0.5000,bclean_keep
675,flight,CO-1694-LAX-IAH,0.5000,bclean_keep
675,sched_dep_time,7:15 p.m.,0.0000,bclean_keep
676,src,panynj,0.5000,bclean_keep
676,flight,UA-843-LAX-ORD,0.5000,bclean_keep
676,act_arr_time,7:58 p.m.,0.0000,bclean_keep
677,src,panynj,0.5000,bclean_keep
677,flight,CO-1193-EWR-MCO,0.5000,bclean_keep
677,sched_dep_time,9:15 a.m.,0.0000,bclean_keep
677,sched_arr_time,12:18 p.m.,0.0002,bclean_keep
677,act_arr_time,12:09 p.m.,0.0000,bclean_keep
678,src,panynj,0.5000,bclean_keep
678,flight,AA-3842-MSP-ORD,0.5000,bclean_keep
678,sched_dep_time,6:00 a.m.,0.0000,bclean_keep
678,sched_arr_time,7:30 a.m.,0.0003,bclean_keep
678,act_arr_time,7:51 a.m.,0.0506,bclean_keep
679,src,panynj,0.5000,bclean_keep
679,flight,AA-643-MIA-ORD,0.5000,bclean_keep
679,sched_dep_time,7:10 a.m.,0.0000,bclean_keep
679,act_dep_time,7:31 a.m.,0.0598,bclean_keep
679,sched_arr_time,9:35 a.m.,0.0572,bclean_keep
680,src,panynj,0.5000,bclean_keep
680,flight,AA-1007-MIA-PHX,0.5000,bclean_keep
680,act_dep_time,5:09 p.m.,0.2500,bclean_keep
680,act_arr_time,7:53 p.m.,0.4376,bclean_keep
681,src,panynj,0.5000,bclean_keep
681,flight,UA-2906-PHL-MCO,0.5000,bclean_keep
681,sched_dep_time,3:50 p.m.,0.0000,bclean_keep
681,act_dep_time,4:46 p.m.,0.0000,bclean_keep
681,sched_arr_time,6:23 p.m.,0.0004,bclean_keep
681,act_arr_time,6:35 p.m.,0.0175,bclean_keep
682,src,panynj,0.5000,bclean_keep
682,flight,UA-938-DEN-ORD,0.5000,bclean_keep
682,act_arr_time,7:36 p.m.,0.0000,bclean_keep
683,src,panynj,0.5000,bclean_keep
683,flight,AA-1221-MCO-ORD,0.5000,bclean_keep
683,sched_dep_time,8:00 p.m.,0.0000,bclean_keep
683,act_dep_time,8:23 p.m.,0.0000,bclean_keep
683,sched_arr_time,9:45 p.m.,0.0126,bclean_keep
684,src,panynj,0.5000,bclean_keep
684,flight,CO-16-LAX-EWR,0.5000,bclean_keep
684,act_arr_time,6:34 p.m.,0.0000,bclean_keep
685,src,panynj,0.5000,bclean_keep
685,flight,UA-2515-DFW-CLT,0.5000,bclean_keep
685,act_dep_time,7:31 a.m.,0.0000,bclean_keep
685,act_arr_time,10:45 a.m.,0.0000,bclean_keep
686,src,panynj,0.5000,bclean_keep
686,flight,AA-400-DFW-JFK,0.5000,bclean_keep
686,sched_dep_time,10:40 a.m.,0.0000,bclean_keep
686,act_dep_time,11:02 a.m.,0.4695,bclean_keep
686,sched_arr_time,2:59 p.m.,0.0014,bclean_keep
686,act_arr_time,3:04 p.m.,0.1652,bclean_keep
687,src,panynj,0.5000,bclean_keep
687,flight,UA-664-ORD-PHL,0.5000,bclean_keep
687,sched_dep_time,1:33 p.m.,0.0000,bclean_keep
687,sched_arr_time,4:31 p.m.,0.0293,bclean_keep
687,act_arr_time,4:23 p.m.,0.0000,bclean_keep
688,src,panynj,0.5000,bclean_keep
688,flight,AA-3756-ORD-SLC,0.5000,bclean_keep
688,sched_dep_time,12:15 p.m.,0.1671,bclean_keep
688,act_dep_time,12:42 p.m.,0.0236,bclean_keep
688,sched_arr_time,2:45 p.m.,0.0030,bclean_keep
689,src,panynj,0.5000,bclean_keep
689,flight,UA-37-EWR-MCO,0.5000,bclean_keep
689,act_arr_time,4:17 p.m.,0.0000,bclean_keep
690,src,panynj,0.5000,bclean_keep
690,flight,AA-1522-SFO-ORD,0.5000,bclean_keep
690,sched_dep_time,11:55 p.m.,0.0000,bclean_keep
691,src,panynj,0.5000,bclean_keep
691,flight,UA-233-LAX-JFK,0.5000,bclean_keep
691,sched_dep_time,4:25 p.m.,0.0000,bclean_keep
692,src,panynj,0.5000,bclean_keep
692,flight,AA-3823-LAX-DEN,0.5000,bclean_keep
692,sched_dep_time,9:00 p.m.,0.0000,bclean_keep
693,src,panynj,0.5000,bclean_keep
693,flight,AA-2312-DFW-DTW,0.5000,bclean_keep
693,sched_dep_time,8:25 p.m.,0.0000,bclean_keep
693,sched_arr_time,11:50 p.m.,0.1356,bclean_keep
694,src,panynj,0.5000,bclean_keep
694,flight,AA-1165-JFK-MIA,0.5000,bclean_keep
694,sched_dep_time,6:59 a.m.,0.0000,bclean_keep
694,sched_arr_time,10:34 a.m.,0.0010,bclean_keep
694,act_arr_time,10:04 a.m.,0.0110,bclean_keep
695,src,panynj,0.5000,bclean_keep
695,flight,AA-431-MIA-SFO,0.5000,bclean_keep
695,sched_dep_time,8:35 a.m.,0.0000,bclean_keep
695,sched_arr_time,11:50 a.m.,0.0002,bclean_keep
695,act_arr_time,11:44 a.m.,0.0249,bclean_keep
696,src,panynj,0.5000,bclean_keep
696,flight,UA-3373-IAD-PHL,0.5000,bclean_keep
696,act_arr_time,9:13 a.m.,0.0000,bclean_keep
697,src,panynj,0.5000,bclean_keep
697,flight,AA-649-ORD-SNA,0.5000,bclean_keep
698,src,panynj,0.5000,bclean_keep
698,flight,CO-1250-MIA-IAH,0.5000,bclean_keep
698,act_arr_time,4:59 p.m.,0.0000,bclean_keep
699,src,panynj,0.5000,bclean_keep
699,flight,UA-6273-YYC-SFO,0.5000,bclean_keep
699,act_dep_time,7:41 a.m.,0.3636,bclean_keep
699,act_arr_time,8:45 a.m.,0.4163,bclean_keep
700,src,panynj,0.5000,bclean_keep
700,flight,UA-828-SFO-ORD,0.5000,bclean_keep
700,sched_dep_time,11:08 p.m.,0.0000,bclean_keep
701,src,panynj,0.5000,bclean_keep
701,flight,CO-4888-IAH-DAL,0.5000,bclean_keep
701,sched_arr_time,6:40 p.m.,0.0387,bclean_keep
702,src,panynj,0.5000,bclean_keep
702,flight,UA-858-PVG-SFO,0.5000,bclean_keep
702,act_dep_time,1:45 p.m.,0.4444,bclean_keep
702,act_arr_time,8:02 a.m.,0.0000,bclean_keep
703,src,panynj,0.5000,bclean_keep
703,flight,UA-2704-DTW-PHX,0.5000,bclean_keep
703,act_dep_time,11:47 a.m.,0.0000,bclean_keep
703,act_arr_time,2:02 p.m.,0.3329,bclean_keep
704,src,panynj,0.5000,bclean_keep
704,flight,AA-3063-SLC-LAX,0.5000,bclean_keep
704,act_dep_time,8:40 p.m.,0.0000,bclean_keep
704,act_arr_time,9:11 p.m.,0.3329,bclean_keep
705,src,panynj,0.5000,bclean_keep
705,flight,UA-2708-EWR-CLT,0.5000,bclean_keep
705,act_dep_time,3:04 p.m.,0.0000,bclean_keep
705,act_arr_time,4:24 p.m.,0.3632,bclean_keep
706,src,panynj,0.5000,bclean_keep
706,flight,UA-62-IAH-EWR,0.5000,bclean_keep
706,act_arr_time,7:10 p.m.,0.0000,bclean_keep
707,src,panynj,0.5000,bclean_keep
707,flight,UA-1500-IAH-GUA,0.5000,bclean_keep
707,act_dep_time,9:43 a.m.,0.0000,bclean_keep
707,act_arr_time,12:12 p.m.,0.3745,bclean_keep
708,src,panynj,0.5000,bclean_keep
708,flight,AA-3804-PHL-ORD,0.5000,bclean_keep
708,sched_dep_time,2:35 p.m.,0.0000,bclean_keep
708,act_dep_time,2:44 p.m.,0.0000,bclean_keep
708,sched_arr_time,4:05 p.m.,0.0091,bclean_keep
709,src,panynj,0.5000,bclean_keep
709,flight,AA-1917-JFK-MCO,0.5000,bclean_keep
709,sched_dep_time,2:55 p.m.,0.0000,bclean_keep
709,act_dep_time,3:28 p.m.,0.1045,bclean_keep
709,sched_arr_time,5:55 p.m.,0.0004,bclean_keep
709,act_arr_time,5:34 p.m.,0.3863,bclean_keep
710,src,panynj,0.5000,bclean_keep
710,flight,AA-2268-PHX-ORD,0.5000,bclean_keep
710,sched_dep_time,7:15 a.m.,0.0007,bclean_keep
710,act_dep_time,7:23 a.m.,0.0000,bclean_keep
710,sched_arr_time,11:35 a.m.,0.0283,bclean_keep
710,act_arr_time,11:07 a.m.,0.2437,bclean_keep
711,src,panynj,0.5000,bclean_keep
711,flight,AA-4277-CVG-JFK,0.5000,bclean_keep
711,sched_dep_time,12:10 p.m.,0.0000,bclean_keep
711,sched_arr_time,2:15 p.m.,0.0002,bclean_keep
711,act_arr_time,1:43 p.m.,0.0265,bclean_keep
712,src,panynj,0.5000,bclean_keep
712,flight,AA-2957-DFW-CVG,0.5000,bclean_keep
712,sched_dep_time,7:55 a.m.,0.0000,bclean_keep
712,act_dep_time,8:05 a.m.,0.0567,bclean_keep
712,sched_arr_time,11:05 a.m.,0.0268,bclean_keep
712,act_arr_time,11:00 a.m.,0.1362,bclean_keep
713,src,panynj,0.5000,bclean_keep
713,flight,UA-37-EDI-EWR,0.5000,bclean_keep
713,act_arr_time,12:09 p.m.,0.5000,bclean_keep
714,src,panynj,0.5000,bclean_keep
714,flight,AA-789-ORD-DEN,0.5000,bclean_keep
714,sched_dep_time,1:05 p.m.,0.0434,bclean_keep
714,act_dep_time,1:20 p.m.,0.0000,bclean_keep
714,sched_arr_time,2:35 p.m.,0.0009,bclean_keep
714,act_arr_time,3:01 p.m.,0.3265,bclean_keep
715,src,panynj,0.5000,bclean_keep
715,flight,AA-415-BOS-ORD,0.5000,bclean_keep
715,act_dep_time,8:56 a.m.,0.0000,bclean_keep
716,src,panynj,0.5000,bclean_keep
716,flight,AA-85-JFK-SFO,0.5000,bclean_keep
716,sched_dep_time,3:05 p.m.,0.0204,bclean_keep
716,sched_arr_time,6:30 p.m.,0.0003,bclean_keep
716,act_arr_time,6:43 p.m.,0.0613,bclean_keep
717,src,panynj,0.5000,bclean_keep
717,flight,AA-3979-CVG-ORD,0.5000,bclean_keep
717,sched_dep_time,7:30 a.m.,0.0000,bclean_keep
717,act_dep_time,8:04 a.m.,0.0000,bclean_keep
717,sched_arr_time,8:00 a.m.,0.0152,bclean_keep
718,src,panynj,0.5000,bclean_keep
718,flight,AA-1544-SAN-ORD,0.5000,bclean_keep
718,act_arr_time,4:56 p.m.,0.0000,bclean_keep
719,src,panynj,0.5000,bclean_keep
719,flight,AA-3786-IAH-ORD,0.5000,bclean_keep
719,sched_dep_time,4:00 p.m.,0.0008,bclean_keep
719,act_dep_time,4:12 p.m.,0.0000,bclean_keep
719,sched_arr_time,6:40 p.m.,0.0065,bclean_keep
720,src,panynj,0.5000,bclean_keep
720,flight,AA-271-MIA-LAX,0.5000,bclean_keep
720,sched_dep_time,11:35 a.m.,0.0000,bclean_keep
720,act_dep_time,11:52 a.m.,0.0236,bclean_keep
720,sched_arr_time,2:25 p.m.,0.0125,bclean_keep
720,act_arr_time,2:27 p.m.,0.0620,bclean_keep
721,src,panynj,0.5000,bclean_keep
721,flight,AA-2525-DFW-MIA,0.5000,bclean_keep
721,sched_dep_time,7:25 a.m.,0.0000,bclean_keep
721,sched_arr_time,11:10 a.m.,0.0004,bclean_keep
721,act_arr_time,11:06 a.m.,0.1502,bclean_keep
722,src,panynj,0.5000,bclean_keep
722,flight,CO-50-CLE-EWR,0.5000,bclean_keep
722,act_arr_time,5:26 p.m.,0.0000,bclean_keep
723,src,panynj,0.5000,bclean_keep
723,flight,UA-3099-PHX-PHL,0.5000,bclean_keep
723,sched_dep_time,11:55 a.m.,0.0000,bclean_keep
723,act_dep_time,11:55 a.m.,0.0000,bclean_keep
723,sched_arr_time,6:17 p.m.,0.0281,bclean_keep
723,act_arr_time,6:17 p.m.,0.2188,bclean_keep
724,src,panynj,0.5000,bclean_keep
724,flight,AA-4198-ORD-CLE,0.5000,bclean_keep
724,sched_dep_time,10:40 a.m.,0.0000,bclean_keep
724,act_dep_time,10:55 a.m.,0.0000,bclean_keep
724,sched_arr_time,12:55 p.m.,0.0231,bclean_keep
724,act_arr_time,12:48 p.m.,0.1689,bclean_keep
725,src,panynj,0.5000,bclean_keep
725,flight,AA-404-MIA-MCO,0.5000,bclean_keep
725,sched_dep_time,6:45 a.m.,0.0000,bclean_keep
725,act_dep_time,6:58 a.m.,0.0000,bclean_keep
725,sched_arr_time,7:45 a.m.,0.0003,bclean_keep
725,act_arr_time,7:32 a.m.,0.2328,bclean_keep
726,src,panynj,0.5000,bclean_keep
726,flight,CO-45-EWR-MIA,0.5000,bclean_keep
726,sched_dep_time,4:00 p.m.,0.0000,bclean_keep
726,sched_arr_time,7:05 p.m.,0.0002,bclean_keep
726,act_arr_time,6:36 p.m.,0.0000,bclean_keep
727,src,panynj,0.5000,bclean_keep
727,flight,AA-3809-PHX-LAX,0.5000,bclean_keep
727,sched_dep_time,6:00 a.m.,0.0000,bclean_keep
727,sched_arr_time,6:40 a.m.,0.0002,bclean_keep
727,act_arr_time,6:19 a.m.,0.0451,bclean_keep
728,src,panynj,0.5000,bclean_keep
728,flight,AA-59-JFK-SFO,0.5000,bclean_keep
728,sched_dep_time,7:10 a.m.,0.0000,bclean_keep
728,sched_arr_time,10:45 a.m.,0.0003,bclean_keep
728,act_arr_time,11:12 a.m.,0.0484,bclean_keep
729,src,panynj,0.5000,bclean_keep
729,flight,AA-222-LAX-BOS,0.5000,bclean_keep
729,sched_dep_time,7:10 a.m.,0.0002,bclean_keep
729,sched_arr_time,3:30 p.m.,0.0223,bclean_keep
729,act_arr_time,3:14 p.m.,0.0000,bclean_keep
730,src,flightexplorer,0.5000,bclean_keep
730,flight,AA-3859-IAH-ORD,0.5000,bclean_keep
730,act_dep_time,7:16 a.m.,0.0000,bclean_keep
730,act_arr_time,9:22 a.m.,0.3180,bclean_keep
731,src,flightexplorer,0.5000,bclean_keep
731,flight,AA-1733-ORD-PHX,0.5000,bclean_keep
731,act_dep_time,7:59 p.m.,0.0000,bclean_keep
732,src,flightexplorer,0.5000,bclean_keep
732,flight,CO-1586-IAH-MCO,0.5000,bclean_keep
732,act_dep_time,7:41 p.m.,0.0000,bclean_keep
732,act_arr_time,10:22 p.m.,0.0000,bclean_keep
733,src,flightexplorer,0.5000,bclean_keep
733,flight,UA-397-JFK-SFO,0.5000,bclean_keep
734,src,flightexplorer,0.5000,bclean_keep
734,flight,UA-3925-IAD-ORF,0.5000,bclean_keep
734,act_dep_time,9:01 a.m.,0.0000,bclean_keep
735,src,flightexplorer,0.5000,bclean_keep
735,flight,AA-1640-MIA-MCO,0.5000,bclean_keep
735,sched_dep_time,6:30 p.m.,0.0000,bclean_keep
735,sched_arr_time,7:25 p.m.,0.1297,bclean_keep
736,src,flightexplorer,0.5000,bclean_keep
736,flight,AA-1544-SAN-ORD,0.5000,bclean_keep
736,act_dep_time,11:41 a.m.,0.0000,bclean_keep
737,src,flightexplorer,0.5000,bclean_keep
737,flight,UA-5487-SFO-MRY,0.5000,bclean_keep
737,act_dep_time,10:53 a.m.,0.0000,bclean_keep
738,src,flightexplorer,0.5000,bclean_keep
738,flight,AA-204-LAX-MCO,0.5000,bclean_keep
738,sched_dep_time,11:25 p.m.,0.0000,bclean_keep
739,src,flightexplorer,0.5000,bclean_keep
739,flight,UA-414-LAX-SFO,0.5000,bclean_keep
740,src,flightexplorer,0.5000,bclean_keep
740,flight,CO-1614-LAX-IAH,0.5000,bclean_keep
740,act_dep_time,12:57 a.m.,0.0000,bclean_keep
740,act_arr_time,5:25 a.m.,0.0000,bclean_keep
741,src,flightexplorer,0.5000,bclean_keep
741,flight,AA-3756-ORD-SLC,0.5000,bclean_keep
741,act_arr_time,2:50 p.m.,0.0000,bclean_keep
742,src,flightexplorer,0.5000,bclean_keep
742,flight,AA-3468-CVG-MIA,0.5000,bclean_keep
742,act_dep_time,7:25 a.m.,0.0030,bclean_keep
743,src,flightexplorer,0.5000,bclean_keep
743,flight,AA-484-DFW-MIA,0.5000,bclean_keep
744,src,flightexplorer,0.5000,bclean_keep
744,flight,AA-616-DFW-DTW,0.5000,bclean_keep
744,act_dep_time,10:11 a.m.,0.0875,bclean_keep
745,src,flightexplorer,0.5000,bclean_keep
745,flight,AA-446-DFW-PHL,0.5000,bclean_keep
745,act_dep_time,12:13 p.m.,0.0000,bclean_keep
746,src,flightexplorer,0.5000,bclean_keep
746,flight,CO-1023-IAH-DEN,0.5000,bclean_keep
746,act_dep_time,12:05 p.m.,0.0000,bclean_keep
746,act_arr_time,1:06 p.m.,0.0000,bclean_keep
747,src,flightexplorer,0.5000,bclean_keep
747,flight,AA-466-IAH-MIA,0.5000,bclean_keep
748,src,flightexplorer,0.5000,bclean_keep
748,flight,AA-2957-DFW-CVG,0.5000,bclean_keep
749,src,flightexplorer,0.5000,bclean_keep
749,flight,AA-1664-MIA-ATL,0.5000,bclean_keep
749,act_dep_time,10:19 a.m.,0.0000,bclean_keep
749,act_arr_time,11:50 a.m.,0.0000,bclean_keep
750,src,flightexplorer,0.5000,bclean_keep
750,flight,AA-3979-CVG-ORD,0.5000,bclean_keep
750,act_dep_time,8:04 a.m.,0.0000,bclean_keep
751,src,flightexplorer,0.5000,bclean_keep
751,flight,AA-1279-DFW-PHX,0.5000,bclean_keep
751,act_dep_time,2:04 p.m.,0.0028,bclean_keep
752,src,flightexplorer,0.5000,bclean_keep
752,flight,UA-382-IAD-LAX,0.5000,bclean_keep
753,src,flightexplorer,0.5000,bclean_keep
753,flight,AA-4344-ORD-DTW,0.5000,bclean_keep
753,act_dep_time,12:14 p.m.,0.0000,bclean_keep
754,src,flightexplorer,0.5000,bclean_keep
754,flight,UA-257-JFK-SFO,0.5000,bclean_keep
755,src,flightexplorer,0.5000,bclean_keep
755,flight,AA-271-MIA-LAX,0.5000,bclean_keep
755,act_dep_time,11:52 a.m.,0.0000,bclean_keep
756,src,flightexplorer,0.5000,bclean_keep
756,flight,AA-2050-ORD-MIA,0.5000,bclean_keep
756,act_dep_time,11:06 a.m.,0.3800,bclean_keep
757,src,flightexplorer,0.5000,bclean_keep
757,flight,UA-248-PHX-ORD,0.5000,bclean_keep
757,sched_arr_time,4:52 p.m.,0.0000,bclean_keep
758,src,flightexplorer,0.5000,bclean_keep
758,flight,AA-4330-CVG-ORD,0.5000,bclean_keep
758,act_dep_time,3:36 p.m.,0.0000,bclean_keep
759,src,flightexplorer,0.5000,bclean_keep
759,flight,AA-1434-DFW-MCO,0.5000,bclean_keep
759,act_dep_time,7:22 a.m.,0.0000,bclean_keep
760,src,flightexplorer,0.5000,bclean_keep
760,flight,AA-4307-ORD-DTW,0.5000,bclean_keep
760,act_dep_time,6:56 p.m.,0.0000,bclean_keep
760,act_arr_time,8:38 p.m.,0.4284,bclean_keep
761,src,flightexplorer,0.5000,bclean_keep
761,flight,AA-3-JFK-LAX,0.5000,bclean_keep
761,act_arr_time,3:04 p.m.,0.5000,bclean_keep
762,src,flightexplorer,0.5000,bclean_keep
762,flight,CO-1193-EWR-MCO,0.5000,bclean_keep
762,act_arr_time,12:02 p.m.,0.0000,bclean_keep
763,src,flightexplorer,0.5000,bclean_keep
763,flight,AA-3842-MSP-ORD,0.5000,bclean_keep
764,src,flightexplorer,0.5000,bclean_keep
764,flight,AA-643-MIA-ORD,0.5000,bclean_keep
764,act_dep_time,7:31 a.m.,0.0000,bclean_keep
764,act_arr_time,9:26 a.m.,0.2095,bclean_keep
765,src,flightexplorer,0.5000,bclean_keep
765,flight,AA-1007-MIA-PHX,0.5000,bclean_keep
766,src,flightexplorer,0.5000,bclean_keep
766,flight,AA-2525-DFW-MIA,0.5000,bclean_keep
766,act_arr_time,10:43 a.m.,0.4816,bclean_keep
767,src,flightexplorer,0.5000,bclean_keep
767,flight,UA-938-DEN-ORD,0.5000,bclean_keep
768,src,flightexplorer,0.5000,bclean_keep
768,flight,AA-1221-MCO-ORD,0.5000,bclean_keep
768,act_dep_time,8:23 p.m.,0.0000,bclean_keep
769,src,flightexplorer,0.5000,bclean_keep
769,flight,AA-1886-BOS-MIA,0.5000,bclean_keep
769,act_arr_time,1:36 p.m.,0.0000,bclean_keep
770,src,flightexplorer,0.5000,bclean_keep
770,flight,UA-664-ORD-PHL,0.5000,bclean_keep
771,src,flightexplorer,0.5000,bclean_keep
771,flight,UA-37-EWR-MCO,0.5000,bclean_keep
771,act_dep_time,1:59 p.m.,0.0000,bclean_keep
771,act_arr_time,4:05 p.m.,0.0000,bclean_keep
772,src,flightexplorer,0.5000,bclean_keep
772,flight,AA-1522-SFO-ORD,0.5000,bclean_keep
772,sched_dep_time,11:55 p.m.,0.0000,bclean_keep
773,src,flightexplorer,0.5000,bclean_keep
773,flight,AA-3823-LAX-DEN,0.5000,bclean_keep
773,sched_dep_time,9:00 p.m.,0.0000,bclean_keep
774,src,flightexplorer,0.5000,bclean_keep
774,flight,AA-2312-DFW-DTW,0.5000,bclean_keep
774,sched_dep_time,8:25 p.m.,0.0000,bclean_keep
774,sched_arr_time,11:50 p.m.,0.1356,bclean_keep
775,src,flightexplorer,0.5000,bclean_keep
775,flight,AA-1165-JFK-MIA,0.5000,bclean_keep
776,src,flightexplorer,0.5000,bclean_keep
776,flight,AA-431-MIA-SFO,0.5000,bclean_keep
776,act_dep_time,8:52 a.m.,0.3611,bclean_keep
777,src,flightexplorer,0.5000,bclean_keep
777,flight,UA-3373-IAD-PHL,0.5000,bclean_keep
777,act_arr_time,9:13 a.m.,0.0000,bclean_keep
778,src,flightexplorer,0.5000,bclean_keep
778,flight,AA-649-ORD-SNA,0.5000,bclean_keep
778,sched_dep_time,1:30 p.m.,0.0135,bclean_keep
778,sched_arr_time,3:50 p.m.,0.0295,bclean_keep
779,src,flightexplorer,0.5000,bclean_keep
779,flight,UA-828-SFO-ORD,0.5000,bclean_keep
779,act_arr_time,5:24 a.m.,0.0000,bclean_keep
780,src,flightexplorer,0.5000,bclean_keep
780,flight,CO-4888-IAH-DAL,0.5000,bclean_keep
780,sched_dep_time,5:30 p.m.,0.0418,bclean_keep
780,sched_arr_time,6:40 p.m.,0.3747,bclean_keep
781,src,flightexplorer,0.5000,bclean_keep
781,flight,CO-1561-PHX-IAH,0.5000,bclean_keep
781,act_dep_time,8:17 a.m.,0.0000,bclean_keep
781,act_arr_time,11:27 a.m.,0.0000,bclean_keep
782,src,flightexplorer,0.5000,bclean_keep
782,flight,AA-3804-PHL-ORD,0.5000,bclean_keep
782,act_dep_time,2:44 p.m.,0.0000,bclean_keep
782,act_arr_time,3:36 p.m.,0.4874,bclean_keep
783,src,flightexplorer,0.5000,bclean_keep
783,flight,AA-2268-PHX-ORD,0.5000,bclean_keep
783,act_dep_time,7:23 a.m.,0.2864,bclean_keep
784,src,flightexplorer,0.5000,bclean_keep
784,flight,UA-233-LAX-JFK,0.5000,bclean_keep
784,sched_dep_time,4:25 p.m.,0.0000,bclean_keep
785,src,flightexplorer,0.5000,bclean_keep
785,flight,UA-6273-YYC-SFO,0.5000,bclean_keep
785,act_dep_time,7:41 a.m.,0.0000,bclean_keep
786,src,flightexplorer,0.5000,bclean_keep
786,flight,AA-4277-CVG-JFK,0.5000,bclean_keep
787,src,flightexplorer,0.5000,bclean_keep
787,flight,AA-789-ORD-DEN,0.5000,bclean_keep
787,act_dep_time,1:20 p.m.,0.4871,bclean_keep
788,src,flightexplorer,0.5000,bclean_keep
788,flight,AA-222-LAX-BOS,0.5000,bclean_keep
788,act_dep_time,7:32 a.m.,0.0000,bclean_keep
788,act_arr_time,3:12 p.m.,0.4169,bclean_keep
789,src,flightexplorer,0.5000,bclean_keep
789,flight,AA-4198-ORD-CLE,0.5000,bclean_keep
789,act_dep_time,10:55 a.m.,0.0000,bclean_keep
790,src,flightexplorer,0.5000,bclean_keep
790,flight,AA-404-MIA-MCO,0.5000,bclean_keep
790,act_dep_time,6:58 a.m.,0.0000,bclean_keep
791,src,flightexplorer,0.5000,bclean_keep
791,flight,AA-3809-PHX-LAX,0.5000,bclean_keep
791,act_dep_time,6:11 a.m.,0.0000,bclean_keep
792,src,flightexplorer,0.5000,bclean_keep
792,flight,AA-59-JFK-SFO,0.5000,bclean_keep
792,act_dep_time,7:40 a.m.,0.4042,bclean_keep
793,src,mia,0.5000,bclean_keep
793,flight,AA-2050-ORD-MIA,0.5000,bclean_keep
793,sched_arr_time,2:45P 12-01-11,0.5000,bclean_keep
793,act_arr_time,2:46P,0.5000,bclean_keep
794,src,mia,0.5000,bclean_keep
794,flight,AA-1165-JFK-MIA,0.5000,bclean_keep
794,sched_arr_time,10:34A 12-01-11,0.5000,bclean_keep
794,act_arr_time,10:08A,0.5000,bclean_keep
795,src,mia,0.5000,bclean_keep
795,flight,AA-484-DFW-MIA,0.5000,bclean_keep
795,sched_arr_time,7:55P 12-01-11,0.5000,bclean_keep
795,act_arr_time,7:39P,0.5000,bclean_keep
796,src,mia,0.5000,bclean_keep
796,flight,AA-466-IAH-MIA,0.5000,bclean_keep
796,sched_arr_time,9:20A 12-01-11,0.5000,bclean_keep
796,act_arr_time,9:04A,0.5000,bclean_keep
797,src,mia,0.5000,bclean_keep
797,flight,AA-2525-DFW-MIA,0.5000,bclean_keep
797,sched_arr_time,11:10A 12-01-11,0.5000,bclean_keep
797,act_arr_time,11:06A,0.5000,bclean_keep
798,src,iad,0.5000,bclean_keep
798,flight,UA-382-IAD-LAX,0.5000,bclean_keep
799,src,dfw,0.5000,bclean_keep
799,flight,AA-1279-DFW-PHX,0.5000,bclean_keep
799,sched_dep_time,1:00 p.m.,0.0022,bclean_keep
800,src,dfw,0.5000,bclean_keep
800,flight,AA-2312-DFW-DTW,0.5000,bclean_keep
800,sched_dep_time,8:25 p.m.,0.0000,bclean_keep
801,src,dfw,0.5000,bclean_keep
801,flight,AA-446-DFW-PHL,0.5000,bclean_keep
801,sched_dep_time,11:50 a.m.,0.0023,bclean_keep
802,src,dfw,0.5000,bclean_keep
802,flight,AA-400-DFW-JFK,0.5000,bclean_keep
802,sched_dep_time,10:40 a.m.,0.0000,bclean_keep
803,src,dfw,0.5000,bclean_keep
803,flight,AA-484-DFW-MIA,0.5000,bclean_keep
803,sched_dep_time,4:15 p.m.,0.0000,bclean_keep
804,src,mco,0.5000,bclean_keep
804,flight,CO-1586-IAH-MCO,0.5000,bclean_keep
804,sched_arr_time,Thu  22:15,0.5000,bclean_keep
804,act_arr_time,Thu  22:25,0.5000,bclean_keep
805,src,mco,0.5000,bclean_keep
805,flight,AA-1917-JFK-MCO,0.5000,bclean_keep
805,sched_arr_time,Thu  17:55,0.5000,bclean_keep
805,act_arr_time,Thu  17:40,0.5000,bclean_keep
806,src,mco,0.5000,bclean_keep
806,flight,AA-1640-MIA-MCO,0.5000,bclean_keep
806,sched_arr_time,Thu  19:25,0.5000,bclean_keep
806,act_arr_time,Thu  19:33,0.5000,bclean_keep
807,src,mco,0.5000,bclean_keep
807,flight,AA-404-MIA-MCO,0.5000,bclean_keep
807,sched_arr_time,Thu  7:45,0.5000,bclean_keep
807,act_arr_time,Thu  7:31,0.5000,bclean_keep
808,src,mco,0.5000,bclean_keep
808,flight,AA-204-LAX-MCO,0.5000,bclean_keep
808,sched_arr_time,Thu  6:55,0.5000,bclean_keep
808,act_arr_time,Thu  6:50,0.5000,bclean_keep
809,src,mco,0.5000,bclean_keep
809,flight,AA-1221-MCO-ORD,0.5000,bclean_keep
810,src,mco,0.5000,bclean_keep
810,flight,AA-1434-DFW-MCO,0.5000,bclean_keep
810,sched_arr_time,Thu  10:35,0.5000,bclean_keep
810,act_arr_time,Thu  10:28,0.5000,bclean_keep
811,src,mco,0.5000,bclean_keep
811,flight,CO-1193-EWR-MCO,0.5000,bclean_keep
811,sched_arr_time,Thu  12:18,0.5000,bclean_keep
812,src,flights,0.5000,bclean_keep
812,flight,AA-3859-IAH-ORD,0.5000,bclean_keep
812,sched_dep_time,7:10 a.m.,0.0000,bclean_keep
812,act_dep_time,7:16 a.m.,0.0106,bclean_keep
812,sched_arr_time,9:40 a.m.,0.0300,bclean_keep
813,src,flights,0.5000,bclean_keep
813,flight,CO-1586-IAH-MCO,0.5000,bclean_keep
813,act_arr_time,10:29 p.m.,0.2844,bclean_keep
814,src,flights,0.5000,bclean_keep
814,flight,AA-518-MIA-JFK,0.5000,bclean_keep
814,sched_dep_time,6:40 a.m.,0.0046,bclean_keep
814,act_dep_time,6:54 a.m.,0.0061,bclean_keep
814,sched_arr_time,9:25 a.m.,0.0140,bclean_keep
814,act_arr_time,9:28 a.m.,0.0268,bclean_keep
815,src,flights,0.5000,bclean_keep
815,flight,UA-397-JFK-SFO,0.5000,bclean_keep
815,sched_dep_time,8:00 a.m.,0.0000,bclean_keep
815,act_dep_time,8:29 a.m.,0.4158,bclean_keep
815,sched_arr_time,11:55 a.m.,0.0000,bclean_keep
815,act_arr_time,11:58 a.m.,0.0000,bclean_keep
816,src,flights,0.5000,bclean_keep
816,flight,UA-3925-IAD-ORF,0.5000,bclean_keep
816,act_dep_time,8:42 a.m.,0.4167,bclean_keep
816,act_arr_time,9:43 a.m.,0.0000,bclean_keep
817,src,flights,0.5000,bclean_keep
817,flight,AA-1733-ORD-PHX,0.5000,bclean_keep
817,sched_dep_time,7:45 p.m.,0.0000,bclean_keep
817,sched_arr_time,10:30 p.m.,0.0005,bclean_keep
818,src,flights,0.5000,bclean_keep
818,flight,AA-3-JFK-LAX,0.5000,bclean_keep
818,sched_dep_time,12:00 p.m.,0.0000,bclean_keep
818,act_dep_time,12:11 p.m.,0.3771,bclean_keep
818,sched_arr_time,3:15 p.m.,0.0002,bclean_keep
818,act_arr_time,3:16 p.m.,0.0000,bclean_keep
819,src,flights,0.5000,bclean_keep
819,flight,UA-2830-MCO-CLT,0.5000,bclean_keep
819,sched_dep_time,3:27 p.m.,0.0000,bclean_keep
819,act_dep_time,3:28 p.m.,0.3807,bclean_keep
819,sched_arr_time,5:05 p.m.,0.0000,bclean_keep
819,act_arr_time,5:17 p.m.,0.0000,bclean_keep
820,src,flights,0.5000,bclean_keep
820,flight,CO-58-DEN-IAH,0.5000,bclean_keep
820,act_dep_time,11:32 a.m.,0.0049,bclean_keep
820,act_arr_time,3:31 p.m.,0.0000,bclean_keep
821,src,flights,0.5000,bclean_keep
821,flight,UA-5487-SFO-MRY,0.5000,bclean_keep
821,act_arr_time,11:21 a.m.,0.4439,bclean_keep
822,src,flights,0.5000,bclean_keep
822,flight,AA-204-LAX-MCO,0.5000,bclean_keep
822,sched_dep_time,11:25 p.m.,0.0000,bclean_keep
823,src,flights,0.5000,bclean_keep
823,flight,UA-414-LAX-SFO,0.5000,bclean_keep
823,act_arr_time,7:17 a.m.,0.0052,bclean_keep
824,src,flights,0.5000,bclean_keep
824,flight,CO-1614-LAX-IAH,0.5000,bclean_keep
824,act_dep_time,12:41 a.m.,0.4167,bclean_keep
824,act_arr_time,5:26 a.m.,0.0000,bclean_keep
825,src,flights,0.5000,bclean_keep
825,flight,UA-2726-FLL-PHL,0.5000,bclean_keep
825,sched_dep_time,4:00 p.m.,0.0000,bclean_keep
825,act_dep_time,3:58 p.m.,0.0106,bclean_keep
825,sched_arr_time,6:46 p.m.,0.0003,bclean_keep
825,act_arr_time,6:28 p.m.,0.0000,bclean_keep
826,src,flights,0.5000,bclean_keep
826,flight,CO-52-IAH-LAX,0.5000,bclean_keep
826,act_arr_time,9:14 a.m.,0.5000,bclean_keep
827,src,flights,0.5000,bclean_keep
827,flight,CO-1090-BOS-IAH,0.5000,bclean_keep
827,act_arr_time,1:19 p.m.,0.1744,bclean_keep
828,src,flights,0.5000,bclean_keep
828,flight,AA-616-DFW-DTW,0.5000,bclean_keep
828,sched_dep_time,9:05 a.m.,0.0000,bclean_keep
828,act_dep_time,10:10 a.m.,0.0508,bclean_keep
828,sched_arr_time,12:35 p.m.,0.0204,bclean_keep
828,act_arr_time,1:27 p.m.,0.0673,bclean_keep
829,src,flights,0.5000,bclean_keep
829,flight,UA-3515-IAD-MSP,0.5000,bclean_keep
829,act_arr_time,9:56 a.m.,0.1900,bclean_keep
830,src,flights,0.5000,bclean_keep
830,flight,AA-3468-CVG-MIA,0.5000,bclean_keep
830,sched_dep_time,7:00 a.m.,0.0000,bclean_keep
830,act_dep_time,7:25 a.m.,0.0119,bclean_keep
830,sched_arr_time,9:55 a.m.,0.0104,bclean_keep
830,act_arr_time,9:45 a.m.,0.0280,bclean_keep
831,src,flights,0.5000,bclean_keep
831,flight,AA-484-DFW-MIA,0.5000,bclean_keep
831,sched_dep_time,4:15 p.m.,0.0000,bclean_keep
831,act_dep_time,4:29 p.m.,0.3324,bclean_keep
831,sched_arr_time,7:55 p.m.,0.0148,bclean_keep
831,act_arr_time,7:39 p.m.,0.0804,bclean_keep
832,src,flights,0.5000,bclean_keep
832,flight,AA-1886-BOS-MIA,0.5000,bclean_keep
832,act_dep_time,10:55 a.m.,0.0247,bclean_keep
832,act_arr_time,1:40 p.m.,0.1159,bclean_keep
833,src,flights,0.5000,bclean_keep
833,flight,CO-62-IAH-EWR,0.5000,bclean_keep
833,act_dep_time,2:48 p.m.,0.3704,bclean_keep
833,act_arr_time,7:10 p.m.,0.0000,bclean_keep
834,src,flights,0.5000,bclean_keep
834,flight,CO-1561-PHX-IAH,0.5000,bclean_keep
834,act_dep_time,8:00 a.m.,0.4167,bclean_keep
834,act_arr_time,11:32 a.m.,0.0000,bclean_keep
835,src,flights,0.5000,bclean_keep
835,flight,UA-2314-ATL-PHL,0.5000,bclean_keep
835,act_arr_time,4:47 p.m.,0.0000,bclean_keep
836,src,flights,0.5000,bclean_keep
836,flight,AA-446-DFW-PHL,0.5000,bclean_keep
836,sched_dep_time,11:50 a.m.,0.0013,bclean_keep
836,act_dep_time,12:12 p.m.,0.3678,bclean_keep
836,sched_arr_time,3:50 p.m.,0.0005,bclean_keep
836,act_arr_time,4:09 p.m.,0.0000,bclean_keep
837,src,flights,0.5000,bclean_keep
837,flight,CO-1023-IAH-DEN,0.5000,bclean_keep
837,act_dep_time,11:56 a.m.,0.3064,bclean_keep
837,act_arr_time,1:14 p.m.,0.0000,bclean_keep
838,src,flights,0.5000,bclean_keep
838,flight,AA-466-IAH-MIA,0.5000,bclean_keep
838,sched_dep_time,6:00 a.m.,0.0000,bclean_keep
838,act_dep_time,6:08 a.m.,0.3873,bclean_keep
838,sched_arr_time,9:20 a.m.,0.0157,bclean_keep
838,act_arr_time,9:05 a.m.,0.0471,bclean_keep
839,src,flights,0.5000,bclean_keep
839,flight,UA-3050-PHX-CLT,0.5000,bclean_keep
839,sched_dep_time,11:05 a.m.,0.0000,bclean_keep
839,act_dep_time,11:30 a.m.,0.0000,bclean_keep
839,sched_arr_time,4:57 p.m.,0.0006,bclean_keep
839,act_arr_time,5:05 p.m.,0.0000,bclean_keep
840,src,flights,0.5000,bclean_keep
840,flight,CO-89-IAH-EWR,0.5000,bclean_keep
840,act_dep_time,6:02 a.m.,0.3846,bclean_keep
840,act_arr_time,10:27 a.m.,0.0000,bclean_keep
841,src,flights,0.5000,bclean_keep
841,flight,CO-1088-CLE-IAH,0.5000,bclean_keep
841,act_dep_time,8:40 a.m.,0.4167,bclean_keep
841,act_arr_time,10:56 a.m.,0.0000,bclean_keep
842,src,flights,0.5000,bclean_keep
842,flight,AA-1664-MIA-ATL,0.5000,bclean_keep
842,sched_dep_time,10:15 a.m.,0.0000,bclean_keep
842,act_dep_time,10:18 a.m.,0.0785,bclean_keep
842,sched_arr_time,12:10 p.m.,0.0003,bclean_keep
842,act_arr_time,11:56 a.m.,0.0000,bclean_keep
843,src,flights,0.5000,bclean_keep
843,flight,AA-1279-DFW-PHX,0.5000,bclean_keep
843,sched_dep_time,1:00 p.m.,0.0478,bclean_keep
843,act_dep_time,2:04 p.m.,0.0005,bclean_keep
843,sched_arr_time,2:35 p.m.,0.0337,bclean_keep
844,src,flights,0.5000,bclean_keep
844,flight,UA-854-SFO-IAH,0.5000,bclean_keep
844,act_dep_time,7:49 a.m.,0.4615,bclean_keep
844,act_arr_time,1:30 p.m.,0.0000,bclean_keep
845,src,flights,0.5000,bclean_keep
845,flight,UA-382-IAD-LAX,0.5000,bclean_keep
846,src,flights,0.5000,bclean_keep
846,flight,AA-4344-ORD-DTW,0.5000,bclean_keep
846,act_dep_time,12:13 p.m.,0.0209,bclean_keep
846,act_arr_time,2:10 p.m.,0.0000,bclean_keep
847,src,flights,0.5000,bclean_keep
847,flight,UA-257-JFK-SFO,0.5000,bclean_keep
847,sched_dep_time,2:30 p.m.,0.0042,bclean_keep
847,act_dep_time,2:26 p.m.,0.4029,bclean_keep
847,sched_arr_time,6:15 p.m.,0.0003,bclean_keep
847,act_arr_time,5:42 p.m.,0.0000,bclean_keep
848,src,flights,0.5000,bclean_keep
848,flight,UA-2945-PHL-CLT,0.5000,bclean_keep
848,sched_dep_time,12:00 p.m.,0.0047,bclean_keep
848,act_dep_time,11:51 a.m.,0.0224,bclean_keep
848,sched_arr_time,1:45 p.m.,0.0003,bclean_keep
848,act_arr_time,1:15 p.m.,0.0000,bclean_keep
849,src,flights,0.5000,bclean_keep
849,flight,CO-63-EWR-IAH,0.5000,bclean_keep
849,act_arr_time,8:03 p.m.,0.1525,bclean_keep
850,src,flights,0.5000,bclean_keep
850,flight,CO-47-IAH-LAX,0.5000,bclean_keep
850,act_dep_time,8:25 p.m.,0.0000,bclean_keep
851,src,flights,0.5000,bclean_keep
851,flight,AA-2050-ORD-MIA,0.5000,bclean_keep
851,sched_dep_time,10:40 a.m.,0.0406,bclean_keep
851,act_dep_time,11:05 a.m.,0.3311,bclean_keep
851,sched_arr_time,2:45 p.m.,0.0290,bclean_keep
851,act_arr_time,2:46 p.m.,0.0276,bclean_keep
852,src,flights,0.5000,bclean_keep
852,flight,UA-248-PHX-ORD,0.5000,bclean_keep
852,act_arr_time,5:34 p.m.,0.5000,bclean_keep
853,src,flights,0.5000,bclean_keep
853,flight,AA-4330-CVG-ORD,0.5000,bclean_keep
853,act_dep_time,3:36 p.m.,0.1250,bclean_keep
853,act_arr_time,3:33 p.m.,0.4235,bclean_keep
854,src,flights,0.5000,bclean_keep
854,flight,AA-1434-DFW-MCO,0.5000,bclean_keep
854,sched_dep_time,7:15 a.m.,0.0000,bclean_keep
854,act_dep_time,7:21 a.m.,0.0124,bclean_keep
854,sched_arr_time,10:35 a.m.,0.0445,bclean_keep
854,act_arr_time,10:36 a.m.,0.2412,bclean_keep
855,src,flights,0.5000,bclean_keep
855,flight,AA-1640-MIA-MCO,0.5000,bclean_keep
855,sched_dep_time,6:30 p.m.,0.0000,bclean_keep
855,sched_arr_time,7:25 p.m.,0.1297,bclean_keep
856,src,flights,0.5000,bclean_keep
856,flight,AA-4307-ORD-DTW,0.5000,bclean_keep
856,sched_dep_time,6:45 p.m.,0.0002,bclean_keep
856,act_dep_time,6:55 p.m.,0.1234,bclean_keep
856,sched_arr_time,9:10 p.m.,0.0003,bclean_keep
856,act_arr_time,8:53 p.m.,0.0000,bclean_keep
857,src,flights,0.5000,bclean_keep
857,flight,CO-1694-LAX-IAH,0.5000,bclean_keep
857,sched_dep_time,7:15 p.m.,0.0000,bclean_keep
858,src,flights,0.5000,bclean_keep
858,flight,UA-843-LAX-ORD,0.5000,bclean_keep
858,act_arr_time,7:58 p.m.,0.0000,bclean_keep
859,src,flights,0.5000,bclean_keep
859,flight,CO-1193-EWR-MCO,0.5000,bclean_keep
859,sched_dep_time,9:15 a.m.,0.0000,bclean_keep
859,act_dep_time,9:14 a.m.,0.2700,bclean_keep
859,sched_arr_time,12:18 p.m.,0.0002,bclean_keep
859,act_arr_time,12:09 p.m.,0.0000,bclean_keep
860,src,flights,0.5000,bclean_keep
860,flight,AA-3842-MSP-ORD,0.5000,bclean_keep
860,sched_dep_time,6:00 a.m.,0.0000,bclean_keep
860,act_dep_time,6:56 a.m.,0.2734,bclean_keep
860,sched_arr_time,7:30 a.m.,0.0302,bclean_keep
860,act_arr_time,7:51 a.m.,0.0506,bclean_keep
861,src,flights,0.5000,bclean_keep
861,flight,AA-643-MIA-ORD,0.5000,bclean_keep
861,sched_dep_time,7:10 a.m.,0.0000,bclean_keep
861,act_dep_time,7:30 a.m.,0.0202,bclean_keep
861,sched_arr_time,9:35 a.m.,0.0005,bclean_keep
861,act_arr_time,9:31 a.m.,0.0000,bclean_keep
862,src,flights,0.5000,bclean_keep
862,flight,AA-1007-MIA-PHX,0.5000,bclean_keep
862,act_dep_time,5:08 p.m.,0.3967,bclean_keep
862,act_arr_time,7:55 p.m.,0.2258,bclean_keep
863,src,flights,0.5000,bclean_keep
863,flight,UA-2906-PHL-MCO,0.5000,bclean_keep
863,sched_dep_time,3:50 p.m.,0.0000,bclean_keep
863,act_dep_time,4:28 p.m.,0.0000,bclean_keep
863,sched_arr_time,6:23 p.m.,0.0002,bclean_keep
863,act_arr_time,6:38 p.m.,0.0000,bclean_keep
864,src,flights,0.5000,bclean_keep
864,flight,UA-938-DEN-ORD,0.5000,bclean_keep
864,act_dep_time,4:15 p.m.,0.0034,bclean_keep
864,act_arr_time,7:36 p.m.,0.0000,bclean_keep
865,src,flights,0.5000,bclean_keep
865,flight,AA-1221-MCO-ORD,0.5000,bclean_keep
865,sched_dep_time,8:00 p.m.,0.0000,bclean_keep
865,act_dep_time,8:23 p.m.,0.0895,bclean_keep
865,sched_arr_time,9:45 p.m.,0.0115,bclean_keep
865,act_arr_time,9:53 p.m.,0.4112,bclean_keep
866,src,flights,0.5000,bclean_keep
866,flight,CO-16-LAX-EWR,0.5000,bclean_keep
866,act_dep_time,10:20 a.m.,0.4167,bclean_keep
866,act_arr_time,6:34 p.m.,0.0000,bclean_keep
867,src,flights,0.5000,bclean_keep
867,flight,UA-2515-DFW-CLT,0.5000,bclean_keep
867,act_arr_time,10:47 a.m.,0.0000,bclean_keep
868,src,flights,0.5000,bclean_keep
868,flight,AA-400-DFW-JFK,0.5000,bclean_keep
868,act_dep_time,11:01 a.m.,0.4917,bclean_keep
868,act_arr_time,3:04 p.m.,0.0796,bclean_keep
869,src,flights,0.5000,bclean_keep
869,flight,UA-664-ORD-PHL,0.5000,bclean_keep
869,sched_dep_time,1:33 p.m.,0.0000,bclean_keep
869,act_dep_time,1:31 p.m.,0.3137,bclean_keep
869,sched_arr_time,4:31 p.m.,0.0003,bclean_keep
869,act_arr_time,4:23 p.m.,0.0000,bclean_keep
870,src,flights,0.5000,bclean_keep
870,flight,AA-3756-ORD-SLC,0.5000,bclean_keep
870,sched_dep_time,12:15 p.m.,0.0963,bclean_keep
870,act_dep_time,12:41 p.m.,0.3522,bclean_keep
870,sched_arr_time,2:45 p.m.,0.0016,bclean_keep
870,act_arr_time,2:50 p.m.,0.0000,bclean_keep
871,src,flights,0.5000,bclean_keep
871,flight,UA-37-EWR-MCO,0.5000,bclean_keep
871,act_dep_time,1:48 p.m.,0.2406,bclean_keep
871,act_arr_time,4:17 p.m.,0.0000,bclean_keep
872,src,flights,0.5000,bclean_keep
872,flight,AA-1522-SFO-ORD,0.5000,bclean_keep
872,sched_dep_time,11:55 p.m.,0.0000,bclean_keep
873,src,flights,0.5000,bclean_keep
873,flight,UA-233-LAX-JFK,0.5000,bclean_keep
873,sched_dep_time,4:25 p.m.,0.0000,bclean_keep
874,src,flights,0.5000,bclean_keep
874,flight,AA-3823-LAX-DEN,0.5000,bclean_keep
874,sched_dep_time,9:00 p.m.,0.0000,bclean_keep
875,src,flights,0.5000,bclean_keep
875,flight,AA-2312-DFW-DTW,0.5000,bclean_keep
875,sched_dep_time,8:25 p.m.,0.0000,bclean_keep
875,sched_arr_time,11:50 p.m.,0.1356,bclean_keep
876,src,flights,0.5000,bclean_keep
876,flight,AA-1165-JFK-MIA,0.5000,bclean_keep
876,sched_dep_time,6:59 a.m.,0.0000,bclean_keep
876,act_dep_time,7:22 a.m.,0.3299,bclean_keep
876,sched_arr_time,10:34 a.m.,0.0023,bclean_keep
876,act_arr_time,10:04 a.m.,0.0110,bclean_keep
877,src,flights,0.5000,bclean_keep
877,flight,AA-431-MIA-SFO,0.5000,bclean_keep
877,sched_dep_time,8:35 a.m.,0.0000,bclean_keep
877,act_dep_time,8:51 a.m.,0.3062,bclean_keep
877,sched_arr_time,11:50 a.m.,0.0144,bclean_keep
877,act_arr_time,11:44 a.m.,0.0249,bclean_keep
878,src,flights,0.5000,bclean_keep
878,flight,UA-3373-IAD-PHL,0.5000,bclean_keep
878,act_dep_time,8:26 a.m.,0.0049,bclean_keep
878,act_arr_time,9:13 a.m.,0.0000,bclean_keep
879,src,flights,0.5000,bclean_keep
879,flight,AA-649-ORD-SNA,0.5000,bclean_keep
880,src,flights,0.5000,bclean_keep
880,flight,CO-1250-MIA-IAH,0.5000,bclean_keep
880,act_dep_time,3:01 p.m.,0.3333,bclean_keep
880,act_arr_time,4:59 p.m.,0.0000,bclean_keep
881,src,flights,0.5000,bclean_keep
881,flight,UA-6273-YYC-SFO,0.5000,bclean_keep
881,act_arr_time,8:45 a.m.,0.4163,bclean_keep
882,src,flights,0.5000,bclean_keep
882,flight,UA-828-SFO-ORD,0.5000,bclean_keep
882,sched_dep_time,11:08 p.m.,0.0000,bclean_keep
882,sched_arr_time,5:11 a.m.,0.0943,bclean_keep
883,src,flights,0.5000,bclean_keep
883,flight,CO-4888-IAH-DAL,0.5000,bclean_keep
883,sched_arr_time,6:40 p.m.,0.0387,bclean_keep
884,src,flights,0.5000,bclean_keep
884,flight,UA-858-PVG-SFO,0.5000,bclean_keep
884,act_arr_time,8:02 a.m.,0.0000,bclean_keep
885,src,flights,0.5000,bclean_keep
885,flight,UA-2704-DTW-PHX,0.5000,bclean_keep
885,act_dep_time,11:15 a.m.,0.0000,bclean_keep
885,act_arr_time,2:00 p.m.,0.0000,bclean_keep
886,src,flights,0.5000,bclean_keep
886,flight,AA-3063-SLC-LAX,0.5000,bclean_keep
886,act_dep_time,8:39 p.m.,0.0000,bclean_keep
887,src,flights,0.5000,bclean_keep
887,flight,UA-2708-EWR-CLT,0.5000,bclean_keep
887,act_arr_time,4:44 p.m.,0.0000,bclean_keep
888,src,flights,0.5000,bclean_keep
888,flight,UA-62-IAH-EWR,0.5000,bclean_keep
888,act_dep_time,2:48 p.m.,0.3704,bclean_keep
888,act_arr_time,7:10 p.m.,0.0000,bclean_keep
889,src,flights,0.5000,bclean_keep
889,flight,UA-1500-IAH-GUA,0.5000,bclean_keep
889,act_dep_time,9:16 a.m.,0.0000,bclean_keep
890,src,flights,0.5000,bclean_keep
890,flight,AA-3804-PHL-ORD,0.5000,bclean_keep
890,sched_dep_time,2:35 p.m.,0.0000,bclean_keep
890,act_dep_time,2:44 p.m.,0.0312,bclean_keep
890,sched_arr_time,4:05 p.m.,0.0057,bclean_keep
890,act_arr_time,3:43 p.m.,0.4813,bclean_keep
891,src,flights,0.5000,bclean_keep
891,flight,AA-1917-JFK-MCO,0.5000,bclean_keep
891,sched_dep_time,2:55 p.m.,0.0000,bclean_keep
891,act_dep_time,3:27 p.m.,0.1073,bclean_keep
891,sched_arr_time,5:55 p.m.,0.0161,bclean_keep
891,act_arr_time,5:43 p.m.,0.0314,bclean_keep
892,src,flights,0.5000,bclean_keep
892,flight,AA-2268-PHX-ORD,0.5000,bclean_keep
892,sched_dep_time,7:15 a.m.,0.0006,bclean_keep
892,act_dep_time,7:22 a.m.,0.0981,bclean_keep
892,sched_arr_time,11:35 a.m.,0.0004,bclean_keep
892,act_arr_time,11:06 a.m.,0.3388,bclean_keep
893,src,flights,0.5000,bclean_keep
893,flight,AA-4277-CVG-JFK,0.5000,bclean_keep
893,sched_dep_time,12:10 p.m.,0.0000,bclean_keep
893,act_dep_time,12:10 p.m.,0.3326,bclean_keep
893,sched_arr_time,2:15 p.m.,0.0126,bclean_keep
893,act_arr_time,1:43 p.m.,0.0265,bclean_keep
894,src,flights,0.5000,bclean_keep
894,flight,AA-2957-DFW-CVG,0.5000,bclean_keep
894,sched_dep_time,7:55 a.m.,0.0000,bclean_keep
894,act_dep_time,8:04 a.m.,0.0226,bclean_keep
894,sched_arr_time,11:05 a.m.,0.0003,bclean_keep
894,act_arr_time,11:01 a.m.,0.0923,bclean_keep
895,src,flights,0.5000,bclean_keep
895,flight,UA-37-EDI-EWR,0.5000,bclean_keep
895,act_arr_time,12:09 p.m.,0.5000,bclean_keep
896,src,flights,0.5000,bclean_keep
896,flight,AA-789-ORD-DEN,0.5000,bclean_keep
896,sched_dep_time,1:05 p.m.,0.1050,bclean_keep
896,act_dep_time,1:19 p.m.,0.2579,bclean_keep
896,sched_arr_time,2:35 p.m.,0.0603,bclean_keep
896,act_arr_time,3:13 p.m.,0.1275,bclean_keep
897,src,flights,0.5000,bclean_keep
897,flight,AA-415-BOS-ORD,0.5000,bclean_keep
897,act_arr_time,10:16 a.m.,0.0000,bclean_keep
898,src,flights,0.5000,bclean_keep
898,flight,AA-85-JFK-SFO,0.5000,bclean_keep
898,sched_dep_time,3:05 p.m.,0.0198,bclean_keep
898,act_dep_time,3:36 p.m.,0.3418,bclean_keep
898,sched_arr_time,6:30 p.m.,0.0356,bclean_keep
898,act_arr_time,6:43 p.m.,0.0613,bclean_keep
899,src,flights,0.5000,bclean_keep
899,flight,AA-3979-CVG-ORD,0.5000,bclean_keep
899,sched_dep_time,7:30 a.m.,0.0000,bclean_keep
899,act_dep_time,8:04 a.m.,0.0095,bclean_keep
899,sched_arr_time,8:00 a.m.,0.0139,bclean_keep
899,act_arr_time,8:06 a.m.,0.3327,bclean_keep
900,src,flights,0.5000,bclean_keep
900,flight,AA-1544-SAN-ORD,0.5000,bclean_keep
900,act_dep_time,11:40 a.m.,0.2597,bclean_keep
900,act_arr_time,4:56 p.m.,0.0000,bclean_keep
901,src,flights,0.5000,bclean_keep
901,flight,AA-3786-IAH-ORD,0.5000,bclean_keep
901,sched_dep_time,4:00 p.m.,0.0008,bclean_keep
901,act_dep_time,4:12 p.m.,0.0759,bclean_keep
901,sched_arr_time,6:40 p.m.,0.0056,bclean_keep
901,act_arr_time,6:15 p.m.,0.2900,bclean_keep
902,src,flights,0.5000,bclean_keep
902,flight,AA-271-MIA-LAX,0.5000,bclean_keep
902,sched_dep_time,11:35 a.m.,0.0000,bclean_keep
902,act_dep_time,11:52 a.m.,0.0236,bclean_keep
902,sched_arr_time,2:25 p.m.,0.0125,bclean_keep
902,act_arr_time,2:27 p.m.,0.0620,bclean_keep
903,src,flights,0.5000,bclean_keep
903,flight,AA-2525-DFW-MIA,0.5000,bclean_keep
903,sched_dep_time,7:25 a.m.,0.0000,bclean_keep
903,act_dep_time,7:39 a.m.,0.3569,bclean_keep
903,sched_arr_time,11:10 a.m.,0.0390,bclean_keep
903,act_arr_time,11:06 a.m.,0.1496,bclean_keep
904,src,flights,0.5000,bclean_keep
904,flight,CO-50-CLE-EWR,0.5000,bclean_keep
904,act_dep_time,3:31 p.m.,0.3571,bclean_keep
904,act_arr_time,5:26 p.m.,0.0000,bclean_keep
905,src,flights,0.5000,bclean_keep
905,flight,UA-3099-PHX-PHL,0.5000,bclean_keep
905,sched_dep_time,11:55 a.m.,0.0000,bclean_keep
905,act_dep_time,11:43 a.m.,0.1275,bclean_keep
905,sched_arr_time,6:17 p.m.,0.0004,bclean_keep
905,act_arr_time,5:38 p.m.,0.0000,bclean_keep
906,src,flights,0.5000,bclean_keep
906,flight,AA-4198-ORD-CLE,0.5000,bclean_keep
906,sched_dep_time,10:40 a.m.,0.0000,bclean_keep
906,act_dep_time,10:54 a.m.,0.0202,bclean_keep
906,sched_arr_time,12:55 p.m.,0.0004,bclean_keep
906,act_arr_time,12:50 p.m.,0.0000,bclean_keep
907,src,flights,0.5000,bclean_keep
907,flight,AA-404-MIA-MCO,0.5000,bclean_keep
907,sched_dep_time,6:45 a.m.,0.0000,bclean_keep
907,act_dep_time,6:57 a.m.,0.0588,bclean_keep
907,sched_arr_time,7:45 a.m.,0.0163,bclean_keep
907,act_arr_time,7:40 a.m.,0.0279,bclean_keep
908,src,flights,0.5000,bclean_keep
908,flight,CO-45-EWR-MIA,0.5000,bclean_keep
908,sched_dep_time,4:00 p.m.,0.0000,bclean_keep
908,act_dep_time,3:58 p.m.,0.2132,bclean_keep
908,sched_arr_time,7:05 p.m.,0.0002,bclean_keep
908,act_arr_time,6:36 p.m.,0.0000,bclean_keep
909,src,flights,0.5000,bclean_keep
909,flight,AA-3809-PHX-LAX,0.5000,bclean_keep
909,sched_dep_time,6:00 a.m.,0.0000,bclean_keep
909,act_dep_time,6:10 a.m.,0.2014,bclean_keep
909,sched_arr_time,6:40 a.m.,0.0169,bclean_keep
909,act_arr_time,6:19 a.m.,0.0451,bclean_keep
910,src,flights,0.5000,bclean_keep
910,flight,AA-59-JFK-SFO,0.5000,bclean_keep
910,sched_dep_time,7:10 a.m.,0.0000,bclean_keep
910,act_dep_time,7:39 a.m.,0.3140,bclean_keep
910,sched_arr_time,10:45 a.m.,0.0300,bclean_keep
910,act_arr_time,11:12 a.m.,0.0484,bclean_keep
911,src,flights,0.5000,bclean_keep
911,flight,AA-222-LAX-BOS,0.5000,bclean_keep
911,sched_dep_time,7:10 a.m.,0.0001,bclean_keep
911,act_dep_time,7:31 a.m.,0.3049,bclean_keep
911,sched_arr_time,3:30 p.m.,0.0003,bclean_keep
911,act_arr_time,3:14 p.m.,0.0000,bclean_keep
912,src,flightarrival,0.5000,bclean_keep
912,flight,AA-3859-IAH-ORD,0.5000,bclean_keep
912,sched_dep_time,7:10 a.m.,0.0000,bclean_keep
912,act_dep_time,7:16 a.m.,0.0000,bclean_keep
912,sched_arr_time,9:40 a.m.,0.0431,bclean_keep
912,act_arr_time,9:22 a.m.,0.3011,bclean_keep
913,src,flightarrival,0.5000,bclean_keep
913,flight,AA-1640-MIA-MCO,0.5000,bclean_keep
913,sched_dep_time,6:30 p.m.,0.0000,bclean_keep
913,act_dep_time,6:56 p.m.,0.0017,bclean_keep
913,sched_arr_time,7:25 p.m.,0.0009,bclean_keep
913,act_arr_time,7:35 p.m.,0.0000,bclean_keep
914,src,flightarrival,0.5000,bclean_keep
914,flight,UA-3925-IAD-ORF,0.5000,bclean_keep
914,sched_dep_time,8:41 a.m.,0.0000,bclean_keep
914,sched_arr_time,9:54 a.m.,0.2990,bclean_keep
915,src,flightarrival,0.5000,bclean_keep
915,flight,AA-4344-ORD-DTW,0.5000,bclean_keep
915,act_dep_time,12:14 p.m.,0.0000,bclean_keep
915,act_arr_time,2:01 p.m.,0.4164,bclean_keep
916,src,flightarrival,0.5000,bclean_keep
916,flight,UA-414-LAX-SFO,0.5000,bclean_keep
916,sched_dep_time,6:00 a.m.,0.0000,bclean_keep
916,sched_arr_time,7:23 a.m.,0.0000,bclean_keep
917,src,flightarrival,0.5000,bclean_keep
917,flight,CO-1614-LAX-IAH,0.5000,bclean_keep
917,sched_dep_time,12:30 a.m.,0.0000,bclean_keep
917,sched_arr_time,5:35 a.m.,0.0000,bclean_keep
918,src,flightarrival,0.5000,bclean_keep
918,flight,CO-52-IAH-LAX,0.5000,bclean_keep
918,act_dep_time,7:56 a.m.,0.0077,bclean_keep
918,act_arr_time,9:09 a.m.,0.2675,bclean_keep
919,src,flightarrival,0.5000,bclean_keep
919,flight,CO-1090-BOS-IAH,0.5000,bclean_keep
919,sched_dep_time,9:45 a.m.,0.0000,bclean_keep
919,sched_arr_time,1:16 p.m.,0.0000,bclean_keep
920,src,flightarrival,0.5000,bclean_keep
920,flight,AA-3468-CVG-MIA,0.5000,bclean_keep
920,sched_dep_time,7:00 a.m.,0.0000,bclean_keep
920,sched_arr_time,9:55 a.m.,0.0991,bclean_keep
921,src,flightarrival,0.5000,bclean_keep
921,flight,CO-62-IAH-EWR,0.5000,bclean_keep
921,sched_dep_time,2:30 p.m.,0.0000,bclean_keep
921,sched_arr_time,7:03 p.m.,0.0000,bclean_keep
922,src,flightarrival,0.5000,bclean_keep
922,flight,AA-466-IAH-MIA,0.5000,bclean_keep
922,sched_dep_time,6:00 a.m.,0.0000,bclean_keep
922,act_dep_time,6:09 a.m.,0.0000,bclean_keep
922,sched_arr_time,9:20 a.m.,0.0003,bclean_keep
923,src,flightarrival,0.5000,bclean_keep
923,flight,AA-1664-MIA-ATL,0.5000,bclean_keep
923,sched_dep_time,10:15 a.m.,0.0000,bclean_keep
923,act_dep_time,10:19 a.m.,0.0000,bclean_keep
923,sched_arr_time,12:10 p.m.,0.0240,bclean_keep
923,act_arr_time,11:50 a.m.,0.0000,bclean_keep
924,src,flightarrival,0.5000,bclean_keep
924,flight,AA-1279-DFW-PHX,0.5000,bclean_keep
924,sched_dep_time,1:00 p.m.,0.0152,bclean_keep
924,act_dep_time,2:04 p.m.,0.0000,bclean_keep
924,sched_arr_time,2:35 p.m.,0.0331,bclean_keep
924,act_arr_time,3:19 p.m.,0.3279,bclean_keep
925,src,flightarrival,0.5000,bclean_keep
925,flight,AA-404-MIA-MCO,0.5000,bclean_keep
925,sched_dep_time,6:45 a.m.,0.0000,bclean_keep
925,act_dep_time,6:57 a.m.,0.0588,bclean_keep
925,sched_arr_time,7:45 a.m.,0.0163,bclean_keep
925,act_arr_time,7:40 a.m.,0.0279,bclean_keep
926,src,flightarrival,0.5000,bclean_keep
926,flight,UA-382-IAD-LAX,0.5000,bclean_keep
926,act_arr_time,3:20 p.m.,0.5000,bclean_keep
927,src,flightarrival,0.5000,bclean_keep
927,flight,CO-50-CLE-EWR,0.5000,bclean_keep
927,act_dep_time,4:02 p.m.,0.0000,bclean_keep
928,src,flightarrival,0.5000,bclean_keep
928,flight,AA-616-DFW-DTW,0.5000,bclean_keep
928,sched_dep_time,9:05 a.m.,0.0000,bclean_keep
928,act_dep_time,10:11 a.m.,0.3194,bclean_keep
928,sched_arr_time,12:35 p.m.,0.0261,bclean_keep
929,src,flightarrival,0.5000,bclean_keep
929,flight,AA-271-MIA-LAX,0.5000,bclean_keep
929,sched_dep_time,11:35 a.m.,0.0000,bclean_keep
929,act_dep_time,11:52 a.m.,0.0000,bclean_keep
929,sched_arr_time,2:25 p.m.,0.0153,bclean_keep
930,src,flightarrival,0.5000,bclean_keep
930,flight,AA-2050-ORD-MIA,0.5000,bclean_keep
930,sched_dep_time,10:40 a.m.,0.0014,bclean_keep
930,act_dep_time,11:06 a.m.,0.0000,bclean_keep
930,sched_arr_time,2:45 p.m.,0.0006,bclean_keep
931,src,flightarrival,0.5000,bclean_keep
931,flight,AA-4307-ORD-DTW,0.5000,bclean_keep
931,sched_dep_time,6:45 p.m.,0.0056,bclean_keep
931,act_dep_time,6:55 p.m.,0.1234,bclean_keep
931,sched_arr_time,9:10 p.m.,0.0003,bclean_keep
931,act_arr_time,8:53 p.m.,0.0000,bclean_keep
932,src,flightarrival,0.5000,bclean_keep
932,flight,AA-3-JFK-LAX,0.5000,bclean_keep
932,sched_dep_time,12:00 p.m.,0.0000,bclean_keep
932,act_dep_time,12:12 p.m.,0.0000,bclean_keep
932,sched_arr_time,3:15 p.m.,0.0275,bclean_keep
933,src,flightarrival,0.5000,bclean_keep
933,flight,CO-1694-LAX-IAH,0.5000,bclean_keep
933,sched_dep_time,7:15 p.m.,0.0000,bclean_keep
933,sched_arr_time,12:21 a.m.,0.0004,bclean_keep
934,src,flightarrival,0.5000,bclean_keep
934,flight,CO-1193-EWR-MCO,0.5000,bclean_keep
934,sched_dep_time,9:15 a.m.,0.0000,bclean_keep
934,sched_arr_time,12:18 p.m.,0.0861,bclean_keep
935,src,flightarrival,0.5000,bclean_keep
935,flight,UA-2906-PHL-MCO,0.5000,bclean_keep
935,sched_dep_time,3:50 p.m.,0.0000,bclean_keep
935,act_dep_time,4:46 p.m.,0.1122,bclean_keep
935,sched_arr_time,6:23 p.m.,0.0004,bclean_keep
936,src,flightarrival,0.5000,bclean_keep
936,flight,UA-938-DEN-ORD,0.5000,bclean_keep
936,act_dep_time,4:37 p.m.,0.0000,bclean_keep
937,src,flightarrival,0.5000,bclean_keep
937,flight,AA-1221-MCO-ORD,0.5000,bclean_keep
937,sched_dep_time,8:00 p.m.,0.0000,bclean_keep
937,sched_arr_time,9:45 p.m.,0.0900,bclean_keep
938,src,flightarrival,0.5000,bclean_keep
938,flight,CO-16-LAX-EWR,0.5000,bclean_keep
938,sched_dep_time,10:25 a.m.,0.0000,bclean_keep
938,sched_arr_time,6:44 p.m.,0.0000,bclean_keep
939,src,flightarrival,0.5000,bclean_keep
939,flight,UA-2515-DFW-CLT,0.5000,bclean_keep
939,act_dep_time,7:31 a.m.,0.0000,bclean_keep
939,act_arr_time,10:45 a.m.,0.0000,bclean_keep
940,src,flightarrival,0.5000,bclean_keep
940,flight,AA-400-DFW-JFK,0.5000,bclean_keep
940,sched_dep_time,10:40 a.m.,0.0000,bclean_keep
940,act_dep_time,11:02 a.m.,0.0083,bclean_keep
940,sched_arr_time,2:59 p.m.,0.0009,bclean_keep
941,src,flightarrival,0.5000,bclean_keep
941,flight,UA-664-ORD-PHL,0.5000,bclean_keep
941,sched_dep_time,1:33 p.m.,0.0000,bclean_keep
941,act_dep_time,1:48 p.m.,0.0000,bclean_keep
941,sched_arr_time,4:31 p.m.,0.0605,bclean_keep
942,src,flightarrival,0.5000,bclean_keep
942,flight,UA-37-EWR-MCO,0.5000,bclean_keep
942,sched_dep_time,1:29 p.m.,0.0000,bclean_keep
942,act_dep_time,1:48 p.m.,0.1609,bclean_keep
942,sched_arr_time,4:17 p.m.,0.0004,bclean_keep
942,act_arr_time,4:17 p.m.,0.0000,bclean_keep
943,src,flightarrival,0.5000,bclean_keep
943,flight,UA-233-LAX-JFK,0.5000,bclean_keep
943,sched_dep_time,4:25 p.m.,0.0000,bclean_keep
943,sched_arr_time,12:29 a.m.,0.0004,bclean_keep
944,src,flightarrival,0.5000,bclean_keep
944,flight,AA-2312-DFW-DTW,0.5000,bclean_keep
944,sched_dep_time,8:25 p.m.,0.0000,bclean_keep
944,sched_arr_time,11:50 p.m.,0.1040,bclean_keep
945,src,flightarrival,0.5000,bclean_keep
945,flight,AA-431-MIA-SFO,0.5000,bclean_keep
945,sched_dep_time,8:35 a.m.,0.0000,bclean_keep
945,act_dep_time,8:52 a.m.,0.0000,bclean_keep
945,sched_arr_time,11:50 a.m.,0.0004,bclean_keep
946,src,flightarrival,0.5000,bclean_keep
946,flight,UA-257-JFK-SFO,0.5000,bclean_keep
946,sched_dep_time,2:30 p.m.,0.0035,bclean_keep
946,act_dep_time,2:43 p.m.,0.0000,bclean_keep
946,sched_arr_time,6:15 p.m.,0.0004,bclean_keep
947,src,flightarrival,0.5000,bclean_keep
947,flight,UA-3373-IAD-PHL,0.5000,bclean_keep
947,sched_dep_time,8:29 a.m.,0.0000,bclean_keep
947,sched_arr_time,9:24 a.m.,0.0000,bclean_keep
948,src,flightarrival,0.5000,bclean_keep
948,flight,UA-828-SFO-ORD,0.5000,bclean_keep
948,sched_dep_time,11:08 p.m.,0.0000,bclean_keep
949,src,flightarrival,0.5000,bclean_keep
949,flight,CO-4888-IAH-DAL,0.5000,bclean_keep
950,src,flightarrival,0.5000,bclean_keep
950,flight,UA-858-PVG-SFO,0.5000,bclean_keep
950,sched_dep_time,1:45 p.m.,0.0000,bclean_keep
950,sched_arr_time,8:27 a.m.,0.0000,bclean_keep
951,src,flightarrival,0.5000,bclean_keep
951,flight,UA-2704-DTW-PHX,0.5000,bclean_keep
951,act_dep_time,11:47 a.m.,0.0000,bclean_keep
951,act_arr_time,2:02 p.m.,0.3329,bclean_keep
952,src,flightarrival,0.5000,bclean_keep
952,flight,AA-3063-SLC-LAX,0.5000,bclean_keep
952,sched_dep_time,8:20 p.m.,0.0000,bclean_keep
952,act_dep_time,8:39 p.m.,0.1327,bclean_keep
952,sched_arr_time,9:20 p.m.,0.0037,bclean_keep
953,src,flightarrival,0.5000,bclean_keep
953,flight,UA-1500-IAH-GUA,0.5000,bclean_keep
953,act_dep_time,9:43 a.m.,0.0000,bclean_keep
954,src,flightarrival,0.5000,bclean_keep
954,flight,CO-1561-PHX-IAH,0.5000,bclean_keep
954,act_dep_time,8:18 a.m.,0.0000,bclean_keep
955,src,flightarrival,0.5000,bclean_keep
955,flight,AA-2268-PHX-ORD,0.5000,bclean_keep
955,sched_dep_time,7:15 a.m.,0.0007,bclean_keep
955,act_dep_time,7:23 a.m.,0.4416,bclean_keep
955,sched_arr_time,11:35 a.m.,0.0482,bclean_keep
956,src,flightarrival,0.5000,bclean_keep
956,flight,UA-2314-ATL-PHL,0.5000,bclean_keep
956,sched_dep_time,2:55 p.m.,0.0000,bclean_keep
956,sched_arr_time,5:00 p.m.,0.0000,bclean_keep
957,src,flightarrival,0.5000,bclean_keep
957,flight,UA-6273-YYC-SFO,0.5000,bclean_keep
957,sched_dep_time,7:35 a.m.,0.0000,bclean_keep
957,sched_arr_time,9:43 a.m.,0.0000,bclean_keep
958,src,flightarrival,0.5000,bclean_keep
958,flight,AA-4277-CVG-JFK,0.5000,bclean_keep
958,sched_dep_time,12:10 p.m.,0.0000,bclean_keep
958,act_dep_time,12:11 p.m.,0.3125,bclean_keep
958,sched_arr_time,2:15 p.m.,0.0004,bclean_keep
959,src,flightarrival,0.5000,bclean_keep
959,flight,AA-2957-DFW-CVG,0.5000,bclean_keep
959,sched_dep_time,7:55 a.m.,0.0000,bclean_keep
959,sched_arr_time,11:05 a.m.,0.1043,bclean_keep
960,src,flightarrival,0.5000,bclean_keep
960,flight,UA-37-EDI-EWR,0.5000,bclean_keep
960,sched_dep_time,9:05 a.m.,0.0000,bclean_keep
960,sched_arr_time,11:53 a.m.,0.0000,bclean_keep
961,src,flightarrival,0.5000,bclean_keep
961,flight,UA-854-SFO-IAH,0.5000,bclean_keep
961,act_arr_time,1:27 p.m.,0.5000,bclean_keep
962,src,flightarrival,0.5000,bclean_keep
962,flight,AA-85-JFK-SFO,0.5000,bclean_keep
962,sched_dep_time,3:05 p.m.,0.1048,bclean_keep
962,act_dep_time,3:38 p.m.,0.0560,bclean_keep
962,sched_arr_time,6:30 p.m.,0.0006,bclean_keep
963,src,flightarrival,0.5000,bclean_keep
963,flight,AA-1544-SAN-ORD,0.5000,bclean_keep
963,sched_dep_time,11:25 a.m.,0.0000,bclean_keep
963,sched_arr_time,5:25 p.m.,0.0000,bclean_keep
964,src,flightarrival,0.5000,bclean_keep
964,flight,AA-3786-IAH-ORD,0.5000,bclean_keep
964,sched_dep_time,4:00 p.m.,0.4058,bclean_keep
965,src,flightarrival,0.5000,bclean_keep
965,flight,CO-1088-CLE-IAH,0.5000,bclean_keep
965,act_arr_time,10:47 a.m.,0.5000,bclean_keep
966,src,flightarrival,0.5000,bclean_keep
966,flight,AA-4198-ORD-CLE,0.5000,bclean_keep
966,sched_dep_time,10:40 a.m.,0.0000,bclean_keep
966,act_dep_time,10:55 a.m.,0.0000,bclean_keep
966,sched_arr_time,12:55 p.m.,0.0231,bclean_keep
966,act_arr_time,12:48 p.m.,0.1689,bclean_keep
967,src,flightarrival,0.5000,bclean_keep
967,flight,AA-3809-PHX-LAX,0.5000,bclean_keep
967,sched_dep_time,6:00 a.m.,0.0000,bclean_keep
967,act_dep_time,6:10 a.m.,0.2014,bclean_keep
967,sched_arr_time,6:40 a.m.,0.0169,bclean_keep
967,act_arr_time,6:19 a.m.,0.0451,bclean_keep
968,src,flightarrival,0.5000,bclean_keep
968,flight,AA-59-JFK-SFO,0.5000,bclean_keep
968,sched_dep_time,7:10 a.m.,0.0000,bclean_keep
968,act_dep_time,7:40 a.m.,0.0064,bclean_keep
968,sched_arr_time,10:45 a.m.,0.0005,bclean_keep
969,src,flightarrival,0.5000,bclean_keep
969,flight,AA-222-LAX-BOS,0.5000,bclean_keep
969,sched_dep_time,7:10 a.m.,0.0002,bclean_keep
969,act_dep_time,7:32 a.m.,0.0406,bclean_keep
969,sched_arr_time,3:30 p.m.,0.0366,bclean_keep
970,src,flightwise,0.5000,bclean_keep
970,flight,AA-3859-IAH-ORD,0.5000,bclean_keep
970,sched_dep_time,7:10 a.m.,0.0000,bclean_keep
970,act_dep_time,7:16 a.m.,0.0000,bclean_keep
970,act_arr_time,9:22 a.m.,0.3011,bclean_keep
971,src,flightwise,0.5000,bclean_keep
971,flight,AA-3842-MSP-ORD,0.5000,bclean_keep
971,sched_dep_time,6:00 a.m.,0.0000,bclean_keep
971,act_dep_time,6:56 a.m.,0.4537,bclean_keep
972,src,flightwise,0.5000,bclean_keep
972,flight,AA-643-MIA-ORD,0.5000,bclean_keep
972,sched_dep_time,7:10 a.m.,0.0000,bclean_keep
972,act_dep_time,7:31 a.m.,0.0000,bclean_keep
972,act_arr_time,9:26 a.m.,0.4142,bclean_keep
973,src,flightwise,0.5000,bclean_keep
973,flight,AA-1640-MIA-MCO,0.5000,bclean_keep
973,sched_dep_time,6:30 p.m.,0.0000,bclean_keep
973,act_dep_time,6:47 p.m.,0.0000,bclean_keep
973,act_arr_time,7:25 p.m.,0.0000,bclean_keep
974,src,flightwise,0.5000,bclean_keep
974,flight,AA-2525-DFW-MIA,0.5000,bclean_keep
974,sched_dep_time,7:25 a.m.,0.0000,bclean_keep
974,act_dep_time,7:39 a.m.,0.0999,bclean_keep
975,src,flightwise,0.5000,bclean_keep
975,flight,UA-3050-PHX-CLT,0.5000,bclean_keep
975,sched_dep_time,11:05 a.m.,0.0000,bclean_keep
975,act_dep_time,11:45 a.m.,0.0000,bclean_keep
976,src,flightwise,0.5000,bclean_keep
976,flight,UA-3925-IAD-ORF,0.5000,bclean_keep
976,sched_dep_time,8:41 a.m.,0.0000,bclean_keep
976,act_dep_time,8:51 a.m.,0.0000,bclean_keep
976,sched_arr_time,9:34 a.m.,0.0146,bclean_keep
976,act_arr_time,9:44 a.m.,0.0000,bclean_keep
977,src,flightwise,0.5000,bclean_keep
977,flight,UA-664-ORD-PHL,0.5000,bclean_keep
977,sched_dep_time,1:33 p.m.,0.0000,bclean_keep
977,act_dep_time,1:48 p.m.,0.0003,bclean_keep
978,src,flightwise,0.5000,bclean_keep
978,flight,AA-789-ORD-DEN,0.5000,bclean_keep
978,sched_dep_time,1:05 p.m.,0.0011,bclean_keep
979,src,flightwise,0.5000,bclean_keep
979,flight,AA-2312-DFW-DTW,0.5000,bclean_keep
979,sched_dep_time,8:25 p.m.,0.0000,bclean_keep
979,act_dep_time,8:29 p.m.,0.0000,bclean_keep
979,act_arr_time,11:35 p.m.,0.0000,bclean_keep
980,src,flightwise,0.5000,bclean_keep
980,flight,CO-1694-LAX-IAH,0.5000,bclean_keep
980,sched_dep_time,7:15 p.m.,0.0000,bclean_keep
980,act_dep_time,7:25 p.m.,0.0000,bclean_keep
980,sched_arr_time,11:52 p.m.,0.0447,bclean_keep
980,act_arr_time,12:02 a.m.,0.0000,bclean_keep
981,src,flightwise,0.5000,bclean_keep
981,flight,CO-63-EWR-IAH,0.5000,bclean_keep
981,sched_dep_time,5:25 p.m.,0.0000,bclean_keep
981,act_dep_time,5:38 p.m.,0.0102,bclean_keep
981,sched_arr_time,8:04 p.m.,0.0167,bclean_keep
982,src,flightwise,0.5000,bclean_keep
982,flight,AA-3786-IAH-ORD,0.5000,bclean_keep
982,sched_dep_time,4:00 p.m.,0.0009,bclean_keep
982,act_dep_time,4:12 p.m.,0.0000,bclean_keep
983,src,flightwise,0.5000,bclean_keep
983,flight,CO-47-IAH-LAX,0.5000,bclean_keep
983,sched_dep_time,7:27 p.m.,0.0000,bclean_keep
983,act_dep_time,7:27 p.m.,0.0000,bclean_keep
983,sched_arr_time,8:46 p.m.,0.0000,bclean_keep
983,act_arr_time,8:46 p.m.,0.0000,bclean_keep
984,src,flightwise,0.5000,bclean_keep
984,flight,AA-1434-DFW-MCO,0.5000,bclean_keep
984,sched_dep_time,7:15 a.m.,0.0000,bclean_keep
984,act_arr_time,10:29 a.m.,0.1168,bclean_keep
985,src,flightwise,0.5000,bclean_keep
985,flight,AA-4330-CVG-ORD,0.5000,bclean_keep
985,sched_dep_time,3:35 p.m.,0.0000,bclean_keep
985,act_dep_time,3:36 p.m.,0.0000,bclean_keep
986,src,flightwise,0.5000,bclean_keep
986,flight,AA-3809-PHX-LAX,0.5000,bclean_keep
986,sched_dep_time,6:00 a.m.,0.0000,bclean_keep
986,act_dep_time,6:10 a.m.,0.0000,bclean_keep
987,src,flightwise,0.5000,bclean_keep
987,flight,AA-59-JFK-SFO,0.5000,bclean_keep
987,sched_dep_time,7:10 a.m.,0.0000,bclean_keep
988,src,flightwise,0.5000,bclean_keep
988,flight,AA-4307-ORD-DTW,0.5000,bclean_keep
988,sched_dep_time,6:45 p.m.,0.0002,bclean_keep
988,act_dep_time,6:56 p.m.,0.0000,bclean_keep
989,src,flightwise,0.5000,bclean_keep
989,flight,AA-85-JFK-SFO,0.5000,bclean_keep
989,sched_dep_time,3:05 p.m.,0.0081,bclean_keep
989,act_dep_time,3:36 p.m.,0.4908,bclean_keep
990,src,travelocity,0.5000,bclean_keep
990,flight,AA-3859-IAH-ORD,0.5000,bclean_keep
990,sched_dep_time,7:10 a.m.,0.0000,bclean_keep
990,sched_arr_time,9:40 a.m.,0.0006,bclean_keep
991,src,travelocity,0.5000,bclean_keep
991,flight,AA-518-MIA-JFK,0.5000,bclean_keep
991,sched_dep_time,6:40 a.m.,0.0057,bclean_keep
991,sched_arr_time,9:25 a.m.,0.0003,bclean_keep
991,act_arr_time,9:28 a.m.,0.0268,bclean_keep
992,src,travelocity,0.5000,bclean_keep
992,flight,UA-397-JFK-SFO,0.5000,bclean_keep
992,sched_dep_time,Not Available,0.5000,bclean_keep
992,sched_arr_time,Not Available,0.5000,bclean_keep
992,act_arr_time,11:58 a.m.,0.0000,bclean_keep
993,src,travelocity,0.5000,bclean_keep
993,flight,UA-3925-IAD-ORF,0.5000,bclean_keep
993,sched_dep_time,Not Available,0.5000,bclean_keep
993,sched_arr_time,Not Available,0.5000,bclean_keep
993,act_arr_time,9:43 a.m.,0.0000,bclean_keep
994,src,travelocity,0.5000,bclean_keep
994,flight,AA-1733-ORD-PHX,0.5000,bclean_keep
994,sched_dep_time,7:45 p.m.,0.0000,bclean_keep
994,sched_arr_time,10:30 p.m.,0.0001,bclean_keep
995,src,travelocity,0.5000,bclean_keep
995,flight,AA-1640-MIA-MCO,0.5000,bclean_keep
995,sched_dep_time,6:30 p.m.,0.0000,bclean_keep
995,act_dep_time,Not Available,0.5000,bclean_keep
995,sched_arr_time,7:25 p.m.,0.1297,bclean_keep
995,act_arr_time,Not Available,0.5000,bclean_keep
996,src,travelocity,0.5000,bclean_keep
996,flight,AA-3-JFK-LAX,0.5000,bclean_keep
996,sched_arr_time,3:15 p.m.,0.0000,bclean_keep
996,act_arr_time,3:16 p.m.,0.0000,bclean_keep
997,src,travelocity,0.5000,bclean_keep
997,flight,UA-2830-MCO-CLT,0.5000,bclean_keep
997,sched_dep_time,3:27 p.m.,0.0000,bclean_keep
997,act_dep_time,Contact Airline,0.5000,bclean_keep
997,sched_arr_time,5:05 p.m.,0.0000,bclean_keep
997,act_arr_time,Contact Airline,0.5000,bclean_keep
998,src,travelocity,0.5000,bclean_keep
998,flight,AA-1544-SAN-ORD,0.5000,bclean_keep
998,sched_dep_time,11:25 a.m.,0.0000,bclean_keep
998,sched_arr_time,5:25 p.m.,0.0000,bclean_keep
998,act_arr_time,4:56 p.m.,0.0000,bclean_keep
999,src,travelocity,0.5000,bclean_keep
999,flight,AA-204-LAX-MCO,0.5000,bclean_keep
999,sched_dep_time,11:25 p.m.,0.0000,bclean_keep
999,act_dep_time,Not Available,0.5000,bclean_keep
999,act_arr_time,Dec 02 Not Available,0.5000,bclean_keep
1000,src,travelocity,0.5000,bclean_keep
1000,flight,UA-414-LAX-SFO,0.5000,bclean_keep
1000,sched_dep_time,Not Available,0.5000,bclean_keep
1000,sched_arr_time,Not Available,0.5000,bclean_keep
1000,act_arr_time,7:17 a.m.,0.0000,bclean_keep
1001,src,travelocity,0.5000,bclean_keep
1001,flight,AA-3756-ORD-SLC,0.5000,bclean_keep
1001,sched_dep_time,12:15 p.m.,0.1484,bclean_keep
1001,sched_arr_time,2:45 p.m.,0.0020,bclean_keep
1001,act_arr_time,2:50 p.m.,0.0000,bclean_keep
1002,src,travelocity,0.5000,bclean_keep
1002,flight,UA-2726-FLL-PHL,0.5000,bclean_keep
1002,sched_dep_time,4:00 p.m.,0.0000,bclean_keep
1002,act_dep_time,Contact Airline,0.5000,bclean_keep
1002,sched_arr_time,6:46 p.m.,0.1043,bclean_keep
1002,act_arr_time,Contact Airline,0.5000,bclean_keep
1003,src,travelocity,0.5000,bclean_keep
1003,flight,AA-3468-CVG-MIA,0.5000,bclean_keep
1003,sched_dep_time,7:00 a.m.,0.0000,bclean_keep
1003,sched_arr_time,9:55 a.m.,0.0002,bclean_keep
1003,act_arr_time,9:45 a.m.,0.0280,bclean_keep
1004,src,travelocity,0.5000,bclean_keep
1004,flight,UA-3515-IAD-MSP,0.5000,bclean_keep
1004,sched_dep_time,Not Available,0.5000,bclean_keep
1004,sched_arr_time,Not Available,0.5000,bclean_keep
1004,act_arr_time,9:56 a.m.,0.1900,bclean_keep
1005,src,travelocity,0.5000,bclean_keep
1005,flight,AA-484-DFW-MIA,0.5000,bclean_keep
1005,sched_dep_time,4:15 p.m.,0.0000,bclean_keep
1005,sched_arr_time,7:55 p.m.,0.0002,bclean_keep
1005,act_arr_time,7:39 p.m.,0.0804,bclean_keep
1006,src,travelocity,0.5000,bclean_keep
1006,flight,CO-62-IAH-EWR,0.5000,bclean_keep
1006,sched_dep_time,2:30 p.m.,0.0000,bclean_keep
1006,act_dep_time,2:48 p.m.,0.0010,bclean_keep
1006,sched_arr_time,7:03 p.m.,0.0000,bclean_keep
1006,act_arr_time,7:10 p.m.,0.0000,bclean_keep
1007,src,travelocity,0.5000,bclean_keep
1007,flight,AA-446-DFW-PHL,0.5000,bclean_keep
1007,sched_dep_time,11:50 a.m.,0.0014,bclean_keep
1007,sched_arr_time,3:50 p.m.,0.0006,bclean_keep
1007,act_arr_time,4:09 p.m.,0.0000,bclean_keep
1008,src,travelocity,0.5000,bclean_keep
1008,flight,AA-466-IAH-MIA,0.5000,bclean_keep
1008,sched_dep_time,6:00 a.m.,0.0000,bclean_keep
1008,sched_arr_time,9:20 a.m.,0.0002,bclean_keep
1008,act_arr_time,9:05 a.m.,0.0471,bclean_keep
1009,src,travelocity,0.5000,bclean_keep
1009,flight,UA-3050-PHX-CLT,0.5000,bclean_keep
1009,sched_dep_time,11:05 a.m.,0.0000,bclean_keep
1009,act_dep_time,Contact Airline,0.5000,bclean_keep
1009,sched_arr_time,4:57 p.m.,0.1570,bclean_keep
1009,act_arr_time,Contact Airline,0.5000,bclean_keep
1010,src,travelocity,0.5000,bclean_keep
1010,flight,CO-89-IAH-EWR,0.5000,bclean_keep
1010,sched_dep_time,6:00 a.m.,0.0000,bclean_keep
1010,act_dep_time,6:02 a.m.,0.0024,bclean_keep
1010,sched_arr_time,10:20 a.m.,0.0000,bclean_keep
1010,act_arr_time,10:27 a.m.,0.0000,bclean_keep
1011,src,travelocity,0.5000,bclean_keep
1011,flight,CO-1088-CLE-IAH,0.5000,bclean_keep
1011,sched_dep_time,8:40 a.m.,0.0000,bclean_keep
1011,act_dep_time,8:40 a.m.,0.0034,bclean_keep
1011,sched_arr_time,10:54 a.m.,0.0000,bclean_keep
1011,act_arr_time,10:56 a.m.,0.0000,bclean_keep
1012,src,travelocity,0.5000,bclean_keep
1012,flight,AA-1886-BOS-MIA,0.5000,bclean_keep
1012,sched_dep_time,10:45 a.m.,0.0000,bclean_keep
1012,sched_arr_time,2:20 p.m.,0.0000,bclean_keep
1012,act_arr_time,1:40 p.m.,0.0016,bclean_keep
1013,src,travelocity,0.5000,bclean_keep
1013,flight,AA-2957-DFW-CVG,0.5000,bclean_keep
1013,sched_dep_time,7:55 a.m.,0.0000,bclean_keep
1013,sched_arr_time,11:05 a.m.,0.0004,bclean_keep
1013,act_arr_time,11:01 a.m.,0.0923,bclean_keep
1014,src,travelocity,0.5000,bclean_keep
1014,flight,AA-1664-MIA-ATL,0.5000,bclean_keep
1014,sched_dep_time,10:15 a.m.,0.0000,bclean_keep
1014,sched_arr_time,12:10 p.m.,0.0003,bclean_keep
1014,act_arr_time,11:56 a.m.,0.0000,bclean_keep
1015,src,travelocity,0.5000,bclean_keep
1015,flight,AA-3979-CVG-ORD,0.5000,bclean_keep
1015,sched_dep_time,7:30 a.m.,0.0000,bclean_keep
1015,sched_arr_time,8:00 a.m.,0.0004,bclean_keep
1015,act_arr_time,8:06 a.m.,0.3327,bclean_keep
1016,src,travelocity,0.5000,bclean_keep
1016,flight,AA-1279-DFW-PHX,0.5000,bclean_keep
1016,sched_dep_time,1:00 p.m.,0.0733,bclean_keep
1016,sched_arr_time,2:35 p.m.,0.0019,bclean_keep
1017,src,travelocity,0.5000,bclean_keep
1017,flight,AA-616-DFW-DTW,0.5000,bclean_keep
1017,sched_dep_time,9:05 a.m.,0.0000,bclean_keep
1017,sched_arr_time,12:35 p.m.,0.0004,bclean_keep
1017,act_arr_time,1:27 p.m.,0.0673,bclean_keep
1018,src,travelocity,0.5000,bclean_keep
1018,flight,AA-4344-ORD-DTW,0.5000,bclean_keep
1018,sched_dep_time,11:45 a.m.,0.0000,bclean_keep
1018,sched_arr_time,2:00 p.m.,0.0000,bclean_keep
1018,act_arr_time,2:10 p.m.,0.0000,bclean_keep
1019,src,travelocity,0.5000,bclean_keep
1019,flight,UA-2945-PHL-CLT,0.5000,bclean_keep
1019,act_dep_time,Contact Airline,0.5000,bclean_keep
1019,sched_arr_time,1:45 p.m.,0.0000,bclean_keep
1019,act_arr_time,Contact Airline,0.5000,bclean_keep
1020,src,travelocity,0.5000,bclean_keep
1020,flight,AA-2525-DFW-MIA,0.5000,bclean_keep
1020,sched_dep_time,7:25 a.m.,0.0000,bclean_keep
1020,sched_arr_time,11:10 a.m.,0.0004,bclean_keep
1020,act_arr_time,11:06 a.m.,0.1496,bclean_keep
1021,src,travelocity,0.5000,bclean_keep
1021,flight,AA-271-MIA-LAX,0.5000,bclean_keep
1021,sched_dep_time,11:35 a.m.,0.0000,bclean_keep
1021,sched_arr_time,2:25 p.m.,0.0003,bclean_keep
1021,act_arr_time,2:27 p.m.,0.0620,bclean_keep
1022,src,travelocity,0.5000,bclean_keep
1022,flight,AA-2050-ORD-MIA,0.5000,bclean_keep
1022,sched_dep_time,10:40 a.m.,0.0441,bclean_keep
1022,sched_arr_time,2:45 p.m.,0.0005,bclean_keep
1022,act_arr_time,2:46 p.m.,0.0276,bclean_keep
1023,src,travelocity,0.5000,bclean_keep
1023,flight,AA-1434-DFW-MCO,0.5000,bclean_keep
1023,sched_dep_time,7:15 a.m.,0.0000,bclean_keep
1023,sched_arr_time,10:35 a.m.,0.0006,bclean_keep
1023,act_arr_time,10:36 a.m.,0.2412,bclean_keep
1024,src,travelocity,0.5000,bclean_keep
1024,flight,CO-1561-PHX-IAH,0.5000,bclean_keep
1024,sched_dep_time,8:05 a.m.,0.4091,bclean_keep
1024,act_dep_time,8:00 a.m.,0.0034,bclean_keep
1024,sched_arr_time,11:35 a.m.,0.0000,bclean_keep
1024,act_arr_time,11:32 a.m.,0.0000,bclean_keep
1025,src,travelocity,0.5000,bclean_keep
1025,flight,AA-4307-ORD-DTW,0.5000,bclean_keep
1025,sched_dep_time,6:45 p.m.,0.0061,bclean_keep
1025,sched_arr_time,9:10 p.m.,0.0004,bclean_keep
1025,act_arr_time,8:53 p.m.,0.0000,bclean_keep
1026,src,travelocity,0.5000,bclean_keep
1026,flight,CO-1694-LAX-IAH,0.5000,bclean_keep
1026,sched_dep_time,7:15 p.m.,0.0000,bclean_keep
1026,act_dep_time,Contact Airline,0.5000,bclean_keep
1026,act_arr_time,Dec 02 Contact Airline,0.5000,bclean_keep
1027,src,travelocity,0.5000,bclean_keep
1027,flight,UA-843-LAX-ORD,0.5000,bclean_keep
1027,sched_dep_time,Not Available,0.5000,bclean_keep
1027,act_dep_time,2:37 p.m.,0.0750,bclean_keep
1027,sched_arr_time,Not Available,0.5000,bclean_keep
1027,act_arr_time,7:58 p.m.,0.0000,bclean_keep
1028,src,travelocity,0.5000,bclean_keep
1028,flight,CO-1193-EWR-MCO,0.5000,bclean_keep
1028,sched_dep_time,9:15 a.m.,0.0000,bclean_keep
1028,act_dep_time,9:14 a.m.,0.2700,bclean_keep
1028,sched_arr_time,12:18 p.m.,0.0002,bclean_keep
1028,act_arr_time,12:09 p.m.,0.0000,bclean_keep
1029,src,travelocity,0.5000,bclean_keep
1029,flight,AA-3842-MSP-ORD,0.5000,bclean_keep
1029,sched_dep_time,6:00 a.m.,0.0000,bclean_keep
1029,sched_arr_time,7:30 a.m.,0.0003,bclean_keep
1029,act_arr_time,7:51 a.m.,0.0506,bclean_keep
1030,src,travelocity,0.5000,bclean_keep
1030,flight,AA-643-MIA-ORD,0.5000,bclean_keep
1030,sched_dep_time,7:10 a.m.,0.0000,bclean_keep
1030,sched_arr_time,9:35 a.m.,0.0006,bclean_keep
1030,act_arr_time,9:31 a.m.,0.0000,bclean_keep
1031,src,travelocity,0.5000,bclean_keep
1031,flight,UA-2906-PHL-MCO,0.5000,bclean_keep
1031,sched_dep_time,3:50 p.m.,0.0000,bclean_keep
1031,act_dep_time,Contact Airline,0.5000,bclean_keep
1031,sched_arr_time,6:23 p.m.,0.0991,bclean_keep
1031,act_arr_time,Contact Airline,0.5000,bclean_keep
1032,src,travelocity,0.5000,bclean_keep
1032,flight,AA-1221-MCO-ORD,0.5000,bclean_keep
1032,sched_dep_time,8:00 p.m.,0.0000,bclean_keep
1032,sched_arr_time,9:45 p.m.,0.0003,bclean_keep
1032,act_arr_time,9:53 p.m.,0.4112,bclean_keep
1033,src,travelocity,0.5000,bclean_keep
1033,flight,UA-2515-DFW-CLT,0.5000,bclean_keep
1033,sched_dep_time,7:05 a.m.,0.0000,bclean_keep
1033,act_dep_time,Contact Airline,0.5000,bclean_keep
1033,sched_arr_time,10:31 a.m.,0.0000,bclean_keep
1033,act_arr_time,Contact Airline,0.5000,bclean_keep
1034,src,travelocity,0.5000,bclean_keep
1034,flight,AA-400-DFW-JFK,0.5000,bclean_keep
1034,sched_dep_time,10:40 a.m.,0.0000,bclean_keep
1034,sched_arr_time,2:59 p.m.,0.0021,bclean_keep
1034,act_arr_time,3:04 p.m.,0.1652,bclean_keep
1035,src,travelocity,0.5000,bclean_keep
1035,flight,UA-664-ORD-PHL,0.5000,bclean_keep
1035,sched_dep_time,Not Available,0.5000,bclean_keep
1035,sched_arr_time,Not Available,0.5000,bclean_keep
1035,act_arr_time,4:23 p.m.,0.0000,bclean_keep
1036,src,travelocity,0.5000,bclean_keep
1036,flight,AA-1522-SFO-ORD,0.5000,bclean_keep
1036,sched_dep_time,11:55 p.m.,0.0000,bclean_keep
1036,act_dep_time,Not Available,0.5000,bclean_keep
1036,act_arr_time,Dec 02 Not Available,0.5000,bclean_keep
1037,src,travelocity,0.5000,bclean_keep
1037,flight,UA-233-LAX-JFK,0.5000,bclean_keep
1037,sched_dep_time,4:25 p.m.,0.0000,bclean_keep
1037,act_dep_time,Not Available,0.5000,bclean_keep
1037,sched_arr_time,12:29 a.m.,0.0943,bclean_keep
1037,act_arr_time,Not Available,0.5000,bclean_keep
1038,src,travelocity,0.5000,bclean_keep
1038,flight,AA-3823-LAX-DEN,0.5000,bclean_keep
1038,sched_dep_time,9:00 p.m.,0.0000,bclean_keep
1038,act_dep_time,Not Available,0.5000,bclean_keep
1038,act_arr_time,Dec 02 Not Available,0.5000,bclean_keep
1039,src,travelocity,0.5000,bclean_keep
1039,flight,AA-2312-DFW-DTW,0.5000,bclean_keep
1039,sched_dep_time,8:25 p.m.,0.0000,bclean_keep
1039,act_dep_time,Not Available,0.5000,bclean_keep
1039,sched_arr_time,11:50 p.m.,0.1356,bclean_keep
1039,act_arr_time,Not Available,0.5000,bclean_keep
1040,src,travelocity,0.5000,bclean_keep
1040,flight,AA-1165-JFK-MIA,0.5000,bclean_keep
1040,sched_dep_time,6:59 a.m.,0.0000,bclean_keep
1040,sched_arr_time,10:34 a.m.,0.0012,bclean_keep
1040,act_arr_time,10:04 a.m.,0.0110,bclean_keep
1041,src,travelocity,0.5000,bclean_keep
1041,flight,AA-431-MIA-SFO,0.5000,bclean_keep
1041,sched_dep_time,8:35 a.m.,0.0000,bclean_keep
1041,sched_arr_time,11:50 a.m.,0.0002,bclean_keep
1041,act_arr_time,11:44 a.m.,0.0249,bclean_keep
1042,src,travelocity,0.5000,bclean_keep
1042,flight,UA-257-JFK-SFO,0.5000,bclean_keep
1042,sched_dep_time,Not Available,0.5000,bclean_keep
1042,sched_arr_time,Not Available,0.5000,bclean_keep
1042,act_arr_time,5:42 p.m.,0.0000,bclean_keep
1043,src,travelocity,0.5000,bclean_keep
1043,flight,UA-3373-IAD-PHL,0.5000,bclean_keep
1043,sched_dep_time,Not Available,0.5000,bclean_keep
1043,sched_arr_time,Not Available,0.5000,bclean_keep
1043,act_arr_time,9:13 a.m.,0.0897,bclean_keep
1044,src,travelocity,0.5000,bclean_keep
1044,flight,AA-649-ORD-SNA,0.5000,bclean_keep
1044,act_dep_time,Not Available,0.5000,bclean_keep
1044,act_arr_time,Not Available,0.5000,bclean_keep
1045,src,travelocity,0.5000,bclean_keep
1045,flight,CO-1250-MIA-IAH,0.5000,bclean_keep
1045,sched_dep_time,2:53 p.m.,0.0000,bclean_keep
1045,act_dep_time,3:01 p.m.,0.0014,bclean_keep
1045,sched_arr_time,4:48 p.m.,0.0000,bclean_keep
1045,act_arr_time,4:59 p.m.,0.0000,bclean_keep
1046,src,travelocity,0.5000,bclean_keep
1046,flight,UA-6273-YYC-SFO,0.5000,bclean_keep
1046,sched_dep_time,Not Available,0.5000,bclean_keep
1046,act_dep_time,7:41 a.m.,0.3636,bclean_keep
1046,sched_arr_time,Not Available,0.5000,bclean_keep
1046,act_arr_time,8:45 a.m.,0.4163,bclean_keep
1047,src,travelocity,0.5000,bclean_keep
1047,flight,UA-858-PVG-SFO,0.5000,bclean_keep
1047,sched_dep_time,Not Available,0.5000,bclean_keep
1047,sched_arr_time,Not Available,0.5000,bclean_keep
1047,act_arr_time,8:02 a.m.,0.0000,bclean_keep
1048,src,travelocity,0.5000,bclean_keep
1048,flight,UA-2704-DTW-PHX,0.5000,bclean_keep
1048,sched_dep_time,11:15 a.m.,0.0000,bclean_keep
1048,act_dep_time,Contact Airline,0.5000,bclean_keep
1048,sched_arr_time,1:40 p.m.,0.0000,bclean_keep
1048,act_arr_time,Contact Airline,0.5000,bclean_keep
1049,src,travelocity,0.5000,bclean_keep
1049,flight,AA-3063-SLC-LAX,0.5000,bclean_keep
1049,sched_dep_time,8:20 p.m.,0.0000,bclean_keep
1049,sched_arr_time,9:20 p.m.,0.0991,bclean_keep
1050,src,travelocity,0.5000,bclean_keep
1050,flight,UA-2708-EWR-CLT,0.5000,bclean_keep
1050,sched_dep_time,2:55 p.m.,0.0000,bclean_keep
1050,act_dep_time,Contact Airline,0.5000,bclean_keep
1050,sched_arr_time,4:53 p.m.,0.0000,bclean_keep
1050,act_arr_time,Contact Airline,0.5000,bclean_keep
1051,src,travelocity,0.5000,bclean_keep
1051,flight,UA-62-IAH-EWR,0.5000,bclean_keep
1051,sched_dep_time,2:30 p.m.,0.0000,bclean_keep
1051,act_dep_time,Contact Airline,0.5000,bclean_keep
1051,sched_arr_time,7:03 p.m.,0.0000,bclean_keep
1051,act_arr_time,Contact Airline,0.5000,bclean_keep
1052,src,travelocity,0.5000,bclean_keep
1052,flight,AA-3804-PHL-ORD,0.5000,bclean_keep
1052,sched_dep_time,2:35 p.m.,0.0000,bclean_keep
1052,sched_arr_time,4:05 p.m.,0.0001,bclean_keep
1052,act_arr_time,3:43 p.m.,0.4813,bclean_keep
1053,src,travelocity,0.5000,bclean_keep
1053,flight,AA-1917-JFK-MCO,0.5000,bclean_keep
1053,sched_dep_time,2:55 p.m.,0.0000,bclean_keep
1053,sched_arr_time,5:55 p.m.,0.0003,bclean_keep
1053,act_arr_time,5:43 p.m.,0.0314,bclean_keep
1054,src,travelocity,0.5000,bclean_keep
1054,flight,AA-2268-PHX-ORD,0.5000,bclean_keep
1054,sched_dep_time,7:15 a.m.,0.0277,bclean_keep
1054,sched_arr_time,11:35 a.m.,0.0005,bclean_keep
1054,act_arr_time,11:06 a.m.,0.3388,bclean_keep
1055,src,travelocity,0.5000,bclean_keep
1055,flight,UA-2314-ATL-PHL,0.5000,bclean_keep
1055,sched_dep_time,2:55 p.m.,0.0000,bclean_keep
1055,act_dep_time,Contact Airline,0.5000,bclean_keep
1055,sched_arr_time,5:00 p.m.,0.0000,bclean_keep
1055,act_arr_time,Contact Airline,0.5000,bclean_keep
1056,src,travelocity,0.5000,bclean_keep
1056,flight,AA-4277-CVG-JFK,0.5000,bclean_keep
1056,sched_dep_time,12:10 p.m.,0.0000,bclean_keep
1056,sched_arr_time,2:15 p.m.,0.0002,bclean_keep
1056,act_arr_time,1:43 p.m.,0.0265,bclean_keep
1057,src,travelocity,0.5000,bclean_keep
1057,flight,UA-37-EDI-EWR,0.5000,bclean_keep
1057,sched_dep_time,9:05 a.m.,0.0000,bclean_keep
1057,act_dep_time,Contact Airline,0.5000,bclean_keep
1057,sched_arr_time,11:53 a.m.,0.0000,bclean_keep
1057,act_arr_time,Contact Airline,0.5000,bclean_keep
1058,src,travelocity,0.5000,bclean_keep
1058,flight,AA-789-ORD-DEN,0.5000,bclean_keep
1058,sched_dep_time,1:05 p.m.,0.1185,bclean_keep
1058,sched_arr_time,2:35 p.m.,0.0007,bclean_keep
1058,act_arr_time,3:13 p.m.,0.1275,bclean_keep
1059,src,travelocity,0.5000,bclean_keep
1059,flight,UA-854-SFO-IAH,0.5000,bclean_keep
1059,sched_dep_time,Not Available,0.5000,bclean_keep
1059,sched_arr_time,Not Available,0.5000,bclean_keep
1059,act_arr_time,1:30 p.m.,0.0000,bclean_keep
1060,src,travelocity,0.5000,bclean_keep
1060,flight,AA-415-BOS-ORD,0.5000,bclean_keep
1060,sched_dep_time,8:35 a.m.,0.0000,bclean_keep
1060,sched_arr_time,10:40 a.m.,0.0000,bclean_keep
1060,act_arr_time,10:16 a.m.,0.0033,bclean_keep
1061,src,travelocity,0.5000,bclean_keep
1061,flight,AA-85-JFK-SFO,0.5000,bclean_keep
1061,sched_dep_time,3:05 p.m.,0.0145,bclean_keep
1061,sched_arr_time,6:30 p.m.,0.0004,bclean_keep
1061,act_arr_time,6:43 p.m.,0.0613,bclean_keep
1062,src,travelocity,0.5000,bclean_keep
1062,flight,AA-3786-IAH-ORD,0.5000,bclean_keep
1062,sched_dep_time,4:00 p.m.,0.0012,bclean_keep
1062,sched_arr_time,6:40 p.m.,0.0028,bclean_keep
1062,act_arr_time,6:15 p.m.,0.2900,bclean_keep
1063,src,travelocity,0.5000,bclean_keep
1063,flight,CO-50-CLE-EWR,0.5000,bclean_keep
1063,sched_dep_time,2:55 p.m.,0.0000,bclean_keep
1063,act_dep_time,3:31 p.m.,0.0018,bclean_keep
1063,sched_arr_time,4:49 p.m.,0.0000,bclean_keep
1063,act_arr_time,5:26 p.m.,0.0000,bclean_keep
1064,src,travelocity,0.5000,bclean_keep
1064,flight,UA-3099-PHX-PHL,0.5000,bclean_keep
1064,sched_dep_time,11:55 a.m.,0.0000,bclean_keep
1064,act_dep_time,Contact Airline,0.5000,bclean_keep
1064,sched_arr_time,6:17 p.m.,0.1101,bclean_keep
1064,act_arr_time,Contact Airline,0.5000,bclean_keep
1065,src,travelocity,0.5000,bclean_keep
1065,flight,AA-4198-ORD-CLE,0.5000,bclean_keep
1065,sched_dep_time,10:40 a.m.,0.0000,bclean_keep
1065,sched_arr_time,12:55 p.m.,0.0006,bclean_keep
1065,act_arr_time,12:50 p.m.,0.0000,bclean_keep
1066,src,travelocity,0.5000,bclean_keep
1066,flight,AA-222-LAX-BOS,0.5000,bclean_keep
1066,sched_dep_time,7:10 a.m.,0.0002,bclean_keep
1066,sched_arr_time,3:30 p.m.,0.0004,bclean_keep
1066,act_arr_time,3:14 p.m.,0.0000,bclean_keep
1067,src,travelocity,0.5000,bclean_keep
1067,flight,AA-404-MIA-MCO,0.5000,bclean_keep
1067,sched_dep_time,6:45 a.m.,0.0000,bclean_keep
1067,sched_arr_time,7:45 a.m.,0.0003,bclean_keep
1067,act_arr_time,7:40 a.m.,0.0279,bclean_keep
1068,src,travelocity,0.5000,bclean_keep
1068,flight,CO-45-EWR-MIA,0.5000,bclean_keep
1068,sched_dep_time,4:00 p.m.,0.0000,bclean_keep
1068,act_dep_time,3:58 p.m.,0.2138,bclean_keep
1068,sched_arr_time,7:05 p.m.,0.0002,bclean_keep
1068,act_arr_time,6:36 p.m.,0.0000,bclean_keep
1069,src,travelocity,0.5000,bclean_keep
1069,flight,AA-3809-PHX-LAX,0.5000,bclean_keep
1069,sched_dep_time,6:00 a.m.,0.0000,bclean_keep
1069,sched_arr_time,6:40 a.m.,0.0002,bclean_keep
1069,act_arr_time,6:19 a.m.,0.0451,bclean_keep
1070,src,travelocity,0.5000,bclean_keep
1070,flight,AA-59-JFK-SFO,0.5000,bclean_keep
1070,sched_dep_time,7:10 a.m.,0.0000,bclean_keep
1070,sched_arr_time,10:45 a.m.,0.0003,bclean_keep
1070,act_arr_time,11:12 a.m.,0.0484,bclean_keep
1071,src,foxbusiness,0.5000,bclean_keep
1071,flight,AA-3859-IAH-ORD,0.5000,bclean_keep
1071,sched_dep_time,7:10 a.m.,0.0000,bclean_keep
1071,act_dep_time,7:16 a.m.,0.0000,bclean_keep
1071,sched_arr_time,9:40 a.m.,0.0431,bclean_keep
1071,act_arr_time,9:22 a.m.,0.3011,bclean_keep
1072,src,foxbusiness,0.5000,bclean_keep
1072,flight,CO-1586-IAH-MCO,0.5000,bclean_keep
1072,act_dep_time,7:42 p.m.,0.0314,bclean_keep
1072,act_arr_time,10:29 p.m.,0.2844,bclean_keep
1073,src,foxbusiness,0.5000,bclean_keep
1073,flight,AA-518-MIA-JFK,0.5000,bclean_keep
1073,sched_dep_time,6:40 a.m.,0.0046,bclean_keep
1073,act_dep_time,6:54 a.m.,0.0061,bclean_keep
1073,sched_arr_time,9:25 a.m.,0.0140,bclean_keep
1073,act_arr_time,9:28 a.m.,0.0268,bclean_keep
1074,src,foxbusiness,0.5000,bclean_keep
1074,flight,UA-397-JFK-SFO,0.5000,bclean_keep
1074,sched_dep_time,8:00 a.m.,0.0000,bclean_keep
1074,sched_arr_time,11:55 a.m.,0.0000,bclean_keep
1074,act_arr_time,11:58 a.m.,0.0000,bclean_keep
1075,src,foxbusiness,0.5000,bclean_keep
1075,flight,UA-3925-IAD-ORF,0.5000,bclean_keep
1075,act_arr_time,9:43 a.m.,0.0000,bclean_keep
1076,src,foxbusiness,0.5000,bclean_keep
1076,flight,AA-1733-ORD-PHX,0.5000,bclean_keep
1076,sched_dep_time,7:45 p.m.,0.0000,bclean_keep
1076,act_dep_time,7:59 p.m.,0.1616,bclean_keep
1076,sched_arr_time,10:30 p.m.,0.0059,bclean_keep
1077,src,foxbusiness,0.5000,bclean_keep
1077,flight,AA-3-JFK-LAX,0.5000,bclean_keep
1077,sched_dep_time,12:00 p.m.,0.0000,bclean_keep
1077,sched_arr_time,3:15 p.m.,0.0137,bclean_keep
1077,act_arr_time,3:16 p.m.,0.0000,bclean_keep
1078,src,foxbusiness,0.5000,bclean_keep
1078,flight,UA-2830-MCO-CLT,0.5000,bclean_keep
1078,sched_dep_time,3:27 p.m.,0.0000,bclean_keep
1078,sched_arr_time,5:05 p.m.,0.0000,bclean_keep
1078,act_arr_time,5:17 p.m.,0.0000,bclean_keep
1079,src,foxbusiness,0.5000,bclean_keep
1079,flight,CO-58-DEN-IAH,0.5000,bclean_keep
1079,act_arr_time,3:31 p.m.,0.0000,bclean_keep
1080,src,foxbusiness,0.5000,bclean_keep
1080,flight,UA-5487-SFO-MRY,0.5000,bclean_keep
1080,act_dep_time,10:53 a.m.,0.4444,bclean_keep
1080,act_arr_time,11:21 a.m.,0.4439,bclean_keep
1081,src,foxbusiness,0.5000,bclean_keep
1081,flight,AA-204-LAX-MCO,0.5000,bclean_keep
1081,sched_dep_time,11:25 p.m.,0.0000,bclean_keep
1082,src,foxbusiness,0.5000,bclean_keep
1082,flight,UA-414-LAX-SFO,0.5000,bclean_keep
1082,act_dep_time,6:10 a.m.,0.3341,bclean_keep
1082,act_arr_time,7:17 a.m.,0.0052,bclean_keep
1083,src,foxbusiness,0.5000,bclean_keep
1083,flight,CO-1614-LAX-IAH,0.5000,bclean_keep
1083,act_arr_time,5:26 a.m.,0.0000,bclean_keep
1084,src,foxbusiness,0.5000,bclean_keep
1084,flight,UA-2726-FLL-PHL,0.5000,bclean_keep
1084,sched_dep_time,4:00 p.m.,0.0000,bclean_keep
1084,act_dep_time,4:10 p.m.,0.0000,bclean_keep
1084,sched_arr_time,6:46 p.m.,0.0268,bclean_keep
1084,act_arr_time,6:25 p.m.,0.0449,bclean_keep
1085,src,foxbusiness,0.5000,bclean_keep
1085,flight,CO-52-IAH-LAX,0.5000,bclean_keep
1085,act_dep_time,7:56 a.m.,0.2222,bclean_keep
1085,act_arr_time,9:09 a.m.,0.2675,bclean_keep
1086,src,foxbusiness,0.5000,bclean_keep
1086,flight,CO-1090-BOS-IAH,0.5000,bclean_keep
1086,act_arr_time,1:19 p.m.,0.0000,bclean_keep
1087,src,foxbusiness,0.5000,bclean_keep
1087,flight,AA-616-DFW-DTW,0.5000,bclean_keep
1087,sched_dep_time,9:05 a.m.,0.0000,bclean_keep
1087,act_dep_time,10:11 a.m.,0.0000,bclean_keep
1087,sched_arr_time,12:35 p.m.,0.0003,bclean_keep
1087,act_arr_time,1:18 p.m.,0.2595,bclean_keep
1088,src,foxbusiness,0.5000,bclean_keep
1088,flight,UA-3515-IAD-MSP,0.5000,bclean_keep
1088,act_arr_time,9:56 a.m.,0.5000,bclean_keep
1089,src,foxbusiness,0.5000,bclean_keep
1089,flight,AA-3468-CVG-MIA,0.5000,bclean_keep
1089,sched_dep_time,7:00 a.m.,0.0000,bclean_keep
1089,act_dep_time,7:25 a.m.,0.0292,bclean_keep
1089,sched_arr_time,9:55 a.m.,0.0104,bclean_keep
1089,act_arr_time,9:45 a.m.,0.0311,bclean_keep
1090,src,foxbusiness,0.5000,bclean_keep
1090,flight,AA-484-DFW-MIA,0.5000,bclean_keep
1090,sched_dep_time,4:15 p.m.,0.0000,bclean_keep
1090,sched_arr_time,7:55 p.m.,0.0002,bclean_keep
1090,act_arr_time,7:39 p.m.,0.0804,bclean_keep
1091,src,foxbusiness,0.5000,bclean_keep
1091,flight,AA-1886-BOS-MIA,0.5000,bclean_keep
1091,act_dep_time,10:55 a.m.,0.0245,bclean_keep
1091,act_arr_time,1:40 p.m.,0.1159,bclean_keep
1092,src,foxbusiness,0.5000,bclean_keep
1092,flight,CO-62-IAH-EWR,0.5000,bclean_keep
1092,act_arr_time,7:10 p.m.,0.0000,bclean_keep
1093,src,foxbusiness,0.5000,bclean_keep
1093,flight,CO-1561-PHX-IAH,0.5000,bclean_keep
1093,act_arr_time,11:32 a.m.,0.0000,bclean_keep
1094,src,foxbusiness,0.5000,bclean_keep
1094,flight,UA-2314-ATL-PHL,0.5000,bclean_keep
1094,act_arr_time,5:00 p.m.,0.5000,bclean_keep
1095,src,foxbusiness,0.5000,bclean_keep
1095,flight,AA-446-DFW-PHL,0.5000,bclean_keep
1095,sched_dep_time,11:50 a.m.,0.0013,bclean_keep
1095,sched_arr_time,3:50 p.m.,0.0369,bclean_keep
1095,act_arr_time,4:09 p.m.,0.0000,bclean_keep
1096,src,foxbusiness,0.5000,bclean_keep
1096,flight,CO-1023-IAH-DEN,0.5000,bclean_keep
1096,act_arr_time,1:14 p.m.,0.0000,bclean_keep
1097,src,foxbusiness,0.5000,bclean_keep
1097,flight,AA-466-IAH-MIA,0.5000,bclean_keep
1097,sched_dep_time,6:00 a.m.,0.0000,bclean_keep
1097,sched_arr_time,9:20 a.m.,0.0002,bclean_keep
1097,act_arr_time,9:05 a.m.,0.0471,bclean_keep
1098,src,foxbusiness,0.5000,bclean_keep
1098,flight,UA-3050-PHX-CLT,0.5000,bclean_keep
1098,sched_dep_time,11:05 a.m.,0.0000,bclean_keep
1098,act_dep_time,11:45 a.m.,0.0000,bclean_keep
1098,sched_arr_time,4:57 p.m.,0.0617,bclean_keep
1098,act_arr_time,5:03 p.m.,0.1498,bclean_keep
1099,src,foxbusiness,0.5000,bclean_keep
1099,flight,CO-89-IAH-EWR,0.5000,bclean_keep
1099,act_arr_time,10:27 a.m.,0.0000,bclean_keep
1100,src,foxbusiness,0.5000,bclean_keep
1100,flight,CO-1088-CLE-IAH,0.5000,bclean_keep
1100,act_arr_time,10:56 a.m.,0.0000,bclean_keep
1101,src,foxbusiness,0.5000,bclean_keep
1101,flight,AA-1664-MIA-ATL,0.5000,bclean_keep
1101,sched_dep_time,10:15 a.m.,0.0000,bclean_keep
1101,act_dep_time,10:19 a.m.,0.0000,bclean_keep
1101,sched_arr_time,12:10 p.m.,0.0240,bclean_keep
1101,act_arr_time,11:50 a.m.,0.0000,bclean_keep
1102,src,foxbusiness,0.5000,bclean_keep
1102,flight,AA-1279-DFW-PHX,0.5000,bclean_keep
1102,sched_dep_time,1:00 p.m.,0.0473,bclean_keep
1102,act_dep_time,2:04 p.m.,0.0000,bclean_keep
1102,sched_arr_time,2:35 p.m.,0.0329,bclean_keep
1102,act_arr_time,3:19 p.m.,0.3279,bclean_keep
1103,src,foxbusiness,0.5000,bclean_keep
1103,flight,UA-854-SFO-IAH,0.5000,bclean_keep
1103,act_arr_time,1:30 p.m.,0.0000,bclean_keep
1104,src,foxbusiness,0.5000,bclean_keep
1104,flight,UA-382-IAD-LAX,0.5000,bclean_keep
1104,act_dep_time,12:56 p.m.,0.0314,bclean_keep
1104,act_arr_time,3:21 p.m.,0.3136,bclean_keep
1105,src,foxbusiness,0.5000,bclean_keep
1105,flight,AA-4344-ORD-DTW,0.5000,bclean_keep
1105,act_dep_time,12:14 p.m.,0.0000,bclean_keep
1105,act_arr_time,2:01 p.m.,0.4164,bclean_keep
1106,src,foxbusiness,0.5000,bclean_keep
1106,flight,UA-257-JFK-SFO,0.5000,bclean_keep
1106,sched_dep_time,2:30 p.m.,0.0042,bclean_keep
1106,sched_arr_time,6:15 p.m.,0.0002,bclean_keep
1106,act_arr_time,5:42 p.m.,0.0000,bclean_keep
1107,src,foxbusiness,0.5000,bclean_keep
1107,flight,UA-2945-PHL-CLT,0.5000,bclean_keep
1107,sched_dep_time,12:00 p.m.,0.0034,bclean_keep
1107,act_dep_time,12:08 p.m.,0.0019,bclean_keep
1107,sched_arr_time,1:45 p.m.,0.0003,bclean_keep
1107,act_arr_time,1:14 p.m.,0.0000,bclean_keep
1108,src,foxbusiness,0.5000,bclean_keep
1108,flight,CO-63-EWR-IAH,0.5000,bclean_keep
1108,act_dep_time,5:38 p.m.,0.0365,bclean_keep
1108,act_arr_time,8:03 p.m.,0.1525,bclean_keep
1109,src,foxbusiness,0.5000,bclean_keep
1109,flight,CO-47-IAH-LAX,0.5000,bclean_keep
1109,act_dep_time,8:36 p.m.,0.0000,bclean_keep
1109,act_arr_time,9:38 p.m.,0.0000,bclean_keep
1110,src,foxbusiness,0.5000,bclean_keep
1110,flight,AA-2050-ORD-MIA,0.5000,bclean_keep
1110,sched_dep_time,10:40 a.m.,0.0411,bclean_keep
1110,sched_arr_time,2:45 p.m.,0.0004,bclean_keep
1110,act_arr_time,2:46 p.m.,0.0276,bclean_keep
1111,src,foxbusiness,0.5000,bclean_keep
1111,flight,UA-248-PHX-ORD,0.5000,bclean_keep
1111,act_arr_time,5:34 p.m.,0.5000,bclean_keep
1112,src,foxbusiness,0.5000,bclean_keep
1112,flight,AA-4330-CVG-ORD,0.5000,bclean_keep
1112,act_dep_time,3:36 p.m.,0.0045,bclean_keep
1113,src,foxbusiness,0.5000,bclean_keep
1113,flight,AA-1434-DFW-MCO,0.5000,bclean_keep
1113,sched_dep_time,7:15 a.m.,0.0000,bclean_keep
1113,act_dep_time,7:22 a.m.,0.3561,bclean_keep
1113,sched_arr_time,10:35 a.m.,0.0572,bclean_keep
1113,act_arr_time,10:29 a.m.,0.1168,bclean_keep
1114,src,foxbusiness,0.5000,bclean_keep
1114,flight,AA-1640-MIA-MCO,0.5000,bclean_keep
1114,sched_dep_time,6:30 p.m.,0.0000,bclean_keep
1114,sched_arr_time,7:25 p.m.,0.1297,bclean_keep
1115,src,foxbusiness,0.5000,bclean_keep
1115,flight,AA-4307-ORD-DTW,0.5000,bclean_keep
1115,sched_dep_time,6:45 p.m.,0.0002,bclean_keep
1115,act_dep_time,6:56 p.m.,0.0000,bclean_keep
1115,sched_arr_time,9:10 p.m.,0.0547,bclean_keep
1115,act_arr_time,8:43 p.m.,0.3203,bclean_keep
1116,src,foxbusiness,0.5000,bclean_keep
1116,flight,CO-1694-LAX-IAH,0.5000,bclean_keep
1116,sched_dep_time,7:15 p.m.,0.0000,bclean_keep
1117,src,foxbusiness,0.5000,bclean_keep
1117,flight,UA-843-LAX-ORD,0.5000,bclean_keep
1117,act_arr_time,7:58 p.m.,0.0000,bclean_keep
1118,src,foxbusiness,0.5000,bclean_keep
1118,flight,CO-1193-EWR-MCO,0.5000,bclean_keep
1118,sched_dep_time,9:15 a.m.,0.0000,bclean_keep
1118,sched_arr_time,12:18 p.m.,0.0002,bclean_keep
1118,act_arr_time,12:09 p.m.,0.0000,bclean_keep
1119,src,foxbusiness,0.5000,bclean_keep
1119,flight,AA-3842-MSP-ORD,0.5000,bclean_keep
1119,sched_dep_time,6:00 a.m.,0.0000,bclean_keep
1119,sched_arr_time,7:30 a.m.,0.0003,bclean_keep
1119,act_arr_time,7:51 a.m.,0.0506,bclean_keep
1120,src,foxbusiness,0.5000,bclean_keep
1120,flight,AA-643-MIA-ORD,0.5000,bclean_keep
1120,sched_dep_time,7:10 a.m.,0.0000,bclean_keep
1120,act_dep_time,7:31 a.m.,0.0598,bclean_keep
1120,sched_arr_time,9:35 a.m.,0.0572,bclean_keep
1121,src,foxbusiness,0.5000,bclean_keep
1121,flight,AA-1007-MIA-PHX,0.5000,bclean_keep
1121,act_dep_time,5:09 p.m.,0.2500,bclean_keep
1121,act_arr_time,7:53 p.m.,0.4376,bclean_keep
1122,src,foxbusiness,0.5000,bclean_keep
1122,flight,UA-2906-PHL-MCO,0.5000,bclean_keep
1122,sched_dep_time,3:50 p.m.,0.0000,bclean_keep
1122,act_dep_time,4:46 p.m.,0.0000,bclean_keep
1122,sched_arr_time,6:23 p.m.,0.0004,bclean_keep
1122,act_arr_time,6:35 p.m.,0.0175,bclean_keep
1123,src,foxbusiness,0.5000,bclean_keep
1123,flight,UA-938-DEN-ORD,0.5000,bclean_keep
1123,act_arr_time,7:36 p.m.,0.0000,bclean_keep
1124,src,foxbusiness,0.5000,bclean_keep
1124,flight,AA-1221-MCO-ORD,0.5000,bclean_keep
1124,sched_dep_time,8:00 p.m.,0.0000,bclean_keep
1124,act_dep_time,8:23 p.m.,0.0000,bclean_keep
1124,sched_arr_time,9:45 p.m.,0.0126,bclean_keep
1125,src,foxbusiness,0.5000,bclean_keep
1125,flight,CO-16-LAX-EWR,0.5000,bclean_keep
1125,act_arr_time,6:34 p.m.,0.0000,bclean_keep
1126,src,foxbusiness,0.5000,bclean_keep
1126,flight,UA-2515-DFW-CLT,0.5000,bclean_keep
1126,act_dep_time,7:31 a.m.,0.0000,bclean_keep
1126,act_arr_time,10:45 a.m.,0.0000,bclean_keep
1127,src,foxbusiness,0.5000,bclean_keep
1127,flight,AA-400-DFW-JFK,0.5000,bclean_keep
1127,sched_dep_time,10:40 a.m.,0.0000,bclean_keep
1127,act_dep_time,11:02 a.m.,0.4695,bclean_keep
1127,sched_arr_time,2:59 p.m.,0.0014,bclean_keep
1127,act_arr_time,3:04 p.m.,0.1652,bclean_keep
1128,src,foxbusiness,0.5000,bclean_keep
1128,flight,UA-664-ORD-PHL,0.5000,bclean_keep
1128,sched_dep_time,1:33 p.m.,0.0000,bclean_keep
1128,sched_arr_time,4:31 p.m.,0.0293,bclean_keep
1128,act_arr_time,4:23 p.m.,0.0000,bclean_keep
1129,src,foxbusiness,0.5000,bclean_keep
1129,flight,AA-3756-ORD-SLC,0.5000,bclean_keep
1129,sched_dep_time,12:15 p.m.,0.1671,bclean_keep
1129,act_dep_time,12:42 p.m.,0.0236,bclean_keep
1129,sched_arr_time,2:45 p.m.,0.0030,bclean_keep
1130,src,foxbusiness,0.5000,bclean_keep
1130,flight,UA-37-EWR-MCO,0.5000,bclean_keep
1130,act_arr_time,4:17 p.m.,0.0000,bclean_keep
1131,src,foxbusiness,0.5000,bclean_keep
1131,flight,AA-1522-SFO-ORD,0.5000,bclean_keep
1131,sched_dep_time,11:55 p.m.,0.0000,bclean_keep
1132,src,foxbusiness,0.5000,bclean_keep
1132,flight,UA-233-LAX-JFK,0.5000,bclean_keep
1132,sched_dep_time,4:25 p.m.,0.0000,bclean_keep
1133,src,foxbusiness,0.5000,bclean_keep
1133,flight,AA-3823-LAX-DEN,0.5000,bclean_keep
1133,sched_dep_time,9:00 p.m.,0.0000,bclean_keep
1134,src,foxbusiness,0.5000,bclean_keep
1134,flight,AA-2312-DFW-DTW,0.5000,bclean_keep
1134,sched_dep_time,8:25 p.m.,0.0000,bclean_keep
1134,sched_arr_time,11:50 p.m.,0.1356,bclean_keep
1135,src,foxbusiness,0.5000,bclean_keep
1135,flight,AA-1165-JFK-MIA,0.5000,bclean_keep
1135,sched_dep_time,6:59 a.m.,0.0000,bclean_keep
1135,sched_arr_time,10:34 a.m.,0.0010,bclean_keep
1135,act_arr_time,10:04 a.m.,0.0110,bclean_keep
1136,src,foxbusiness,0.5000,bclean_keep
1136,flight,AA-431-MIA-SFO,0.5000,bclean_keep
1136,sched_dep_time,8:35 a.m.,0.0000,bclean_keep
1136,sched_arr_time,11:50 a.m.,0.0002,bclean_keep
1136,act_arr_time,11:44 a.m.,0.0249,bclean_keep
1137,src,foxbusiness,0.5000,bclean_keep
1137,flight,UA-3373-IAD-PHL,0.5000,bclean_keep
1137,act_arr_time,9:13 a.m.,0.0000,bclean_keep
1138,src,foxbusiness,0.5000,bclean_keep
1138,flight,AA-649-ORD-SNA,0.5000,bclean_keep
1139,src,foxbusiness,0.5000,bclean_keep
1139,flight,CO-1250-MIA-IAH,0.5000,bclean_keep
1139,act_arr_time,4:59 p.m.,0.0000,bclean_keep
1140,src,foxbusiness,0.5000,bclean_keep
1140,flight,UA-6273-YYC-SFO,0.5000,bclean_keep
1140,act_dep_time,7:41 a.m.,0.3636,bclean_keep
1140,act_arr_time,8:45 a.m.,0.4163,bclean_keep
1141,src,foxbusiness,0.5000,bclean_keep
1141,flight,UA-828-SFO-ORD,0.5000,bclean_keep
1141,sched_dep_time,11:08 p.m.,0.0000,bclean_keep
1142,src,foxbusiness,0.5000,bclean_keep
1142,flight,CO-4888-IAH-DAL,0.5000,bclean_keep
1142,sched_arr_time,6:40 p.m.,0.0387,bclean_keep
1143,src,foxbusiness,0.5000,bclean_keep
1143,flight,UA-858-PVG-SFO,0.5000,bclean_keep
1143,act_dep_time,1:45 p.m.,0.4444,bclean_keep
1143,act_arr_time,8:02 a.m.,0.0000,bclean_keep
1144,src,foxbusiness,0.5000,bclean_keep
1144,flight,UA-2704-DTW-PHX,0.5000,bclean_keep
1144,act_dep_time,11:47 a.m.,0.0000,bclean_keep
1144,act_arr_time,2:02 p.m.,0.3329,bclean_keep
1145,src,foxbusiness,0.5000,bclean_keep
1145,flight,AA-3063-SLC-LAX,0.5000,bclean_keep
1145,act_dep_time,8:40 p.m.,0.0000,bclean_keep
1145,act_arr_time,9:11 p.m.,0.3329,bclean_keep
1146,src,foxbusiness,0.5000,bclean_keep
1146,flight,UA-2708-EWR-CLT,0.5000,bclean_keep
1146,act_dep_time,3:04 p.m.,0.0000,bclean_keep
1146,act_arr_time,4:24 p.m.,0.3632,bclean_keep
1147,src,foxbusiness,0.5000,bclean_keep
1147,flight,UA-62-IAH-EWR,0.5000,bclean_keep
1147,act_arr_time,7:10 p.m.,0.0000,bclean_keep
1148,src,foxbusiness,0.5000,bclean_keep
1148,flight,UA-1500-IAH-GUA,0.5000,bclean_keep
1148,act_dep_time,9:43 a.m.,0.0000,bclean_keep
1148,act_arr_time,12:12 p.m.,0.3745,bclean_keep
1149,src,foxbusiness,0.5000,bclean_keep
1149,flight,AA-3804-PHL-ORD,0.5000,bclean_keep
1149,sched_dep_time,2:35 p.m.,0.0000,bclean_keep
1149,act_dep_time,2:44 p.m.,0.0000,bclean_keep
1149,sched_arr_time,4:05 p.m.,0.0091,bclean_keep
1150,src,foxbusiness,0.5000,bclean_keep
1150,flight,AA-1917-JFK-MCO,0.5000,bclean_keep
1150,sched_dep_time,2:55 p.m.,0.0000,bclean_keep
1150,act_dep_time,3:28 p.m.,0.1045,bclean_keep
1150,sched_arr_time,5:55 p.m.,0.0004,bclean_keep
1150,act_arr_time,5:34 p.m.,0.3863,bclean_keep
1151,src,foxbusiness,0.5000,bclean_keep
1151,flight,AA-2268-PHX-ORD,0.5000,bclean_keep
1151,sched_dep_time,7:15 a.m.,0.0007,bclean_keep
1151,act_dep_time,7:23 a.m.,0.0000,bclean_keep
1151,sched_arr_time,11:35 a.m.,0.0283,bclean_keep
1151,act_arr_time,11:07 a.m.,0.2437,bclean_keep
1152,src,foxbusiness,0.5000,bclean_keep
1152,flight,AA-4277-CVG-JFK,0.5000,bclean_keep
1152,sched_dep_time,12:10 p.m.,0.0000,bclean_keep
1152,sched_arr_time,2:15 p.m.,0.0002,bclean_keep
1152,act_arr_time,1:43 p.m.,0.0265,bclean_keep
1153,src,foxbusiness,0.5000,bclean_keep
1153,flight,AA-2957-DFW-CVG,0.5000,bclean_keep
1153,sched_dep_time,7:55 a.m.,0.0000,bclean_keep
1153,act_dep_time,8:05 a.m.,0.0567,bclean_keep
1153,sched_arr_time,11:05 a.m.,0.0268,bclean_keep
1153,act_arr_time,11:00 a.m.,0.1362,bclean_keep
1154,src,foxbusiness,0.5000,bclean_keep
1154,flight,UA-37-EDI-EWR,0.5000,bclean_keep
1154,act_arr_time,12:09 p.m.,0.5000,bclean_keep
1155,src,foxbusiness,0.5000,bclean_keep
1155,flight,AA-789-ORD-DEN,0.5000,bclean_keep
1155,sched_dep_time,1:05 p.m.,0.0434,bclean_keep
1155,act_dep_time,1:20 p.m.,0.0000,bclean_keep
1155,sched_arr_time,2:35 p.m.,0.0009,bclean_keep
1155,act_arr_time,3:01 p.m.,0.3265,bclean_keep
1156,src,foxbusiness,0.5000,bclean_keep
1156,flight,AA-415-BOS-ORD,0.5000,bclean_keep
1156,act_dep_time,8:56 a.m.,0.0000,bclean_keep
1157,src,foxbusiness,0.5000,bclean_keep
1157,flight,AA-85-JFK-SFO,0.5000,bclean_keep
1157,sched_dep_time,3:05 p.m.,0.0204,bclean_keep
1157,sched_arr_time,6:30 p.m.,0.0003,bclean_keep
1157,act_arr_time,6:43 p.m.,0.0613,bclean_keep
1158,src,foxbusiness,0.5000,bclean_keep
1158,flight,AA-3979-CVG-ORD,0.5000,bclean_keep
1158,sched_dep_time,7:30 a.m.,0.0000,bclean_keep
1158,act_dep_time,8:04 a.m.,0.0000,bclean_keep
1158,sched_arr_time,8:00 a.m.,0.0152,bclean_keep
1159,src,foxbusiness,0.5000,bclean_keep
1159,flight,AA-1544-SAN-ORD,0.5000,bclean_keep
1159,act_arr_time,4:56 p.m.,0.0000,bclean_keep
1160,src,foxbusiness,0.5000,bclean_keep
1160,flight,AA-3786-IAH-ORD,0.5000,bclean_keep
1160,sched_dep_time,4:00 p.m.,0.0008,bclean_keep
1160,act_dep_time,4:12 p.m.,0.0000,bclean_keep
1160,sched_arr_time,6:40 p.m.,0.0065,bclean_keep
1161,src,foxbusiness,0.5000,bclean_keep
1161,flight,AA-271-MIA-LAX,0.5000,bclean_keep
1161,sched_dep_time,11:35 a.m.,0.0000,bclean_keep
1161,act_dep_time,11:52 a.m.,0.0236,bclean_keep
1161,sched_arr_time,2:25 p.m.,0.0125,bclean_keep
1161,act_arr_time,2:27 p.m.,0.0620,bclean_keep
1162,src,foxbusiness,0.5000,bclean_keep
1162,flight,AA-2525-DFW-MIA,0.5000,bclean_keep
1162,sched_dep_time,7:25 a.m.,0.0000,bclean_keep
1162,sched_arr_time,11:10 a.m.,0.0004,bclean_keep
1162,act_arr_time,11:06 a.m.,0.1502,bclean_keep
1163,src,foxbusiness,0.5000,bclean_keep
1163,flight,CO-50-CLE-EWR,0.5000,bclean_keep
1163,act_arr_time,5:26 p.m.,0.0000,bclean_keep
1164,src,foxbusiness,0.5000,bclean_keep
1164,flight,UA-3099-PHX-PHL,0.5000,bclean_keep
1164,sched_dep_time,11:55 a.m.,0.0000,bclean_keep
1164,act_dep_time,11:55 a.m.,0.0000,bclean_keep
1164,sched_arr_time,6:17 p.m.,0.0281,bclean_keep
1164,act_arr_time,6:17 p.m.,0.2188,bclean_keep
1165,src,foxbusiness,0.5000,bclean_keep
1165,flight,AA-4198-ORD-CLE,0.5000,bclean_keep
1165,sched_dep_time,10:40 a.m.,0.0000,bclean_keep
1165,act_dep_time,10:55 a.m.,0.0000,bclean_keep
1165,sched_arr_time,12:55 p.m.,0.0231,bclean_keep
1165,act_arr_time,12:48 p.m.,0.1689,bclean_keep
1166,src,foxbusiness,0.5000,bclean_keep
1166,flight,AA-404-MIA-MCO,0.5000,bclean_keep
1166,sched_dep_time,6:45 a.m.,0.0000,bclean_keep
1166,act_dep_time,6:58 a.m.,0.0000,bclean_keep
1166,sched_arr_time,7:45 a.m.,0.0003,bclean_keep
1166,act_arr_time,7:32 a.m.,0.2328,bclean_keep
1167,src,foxbusiness,0.5000,bclean_keep
1167,flight,CO-45-EWR-MIA,0.5000,bclean_keep
1167,sched_dep_time,4:00 p.m.,0.0000,bclean_keep
1167,sched_arr_time,7:05 p.m.,0.0002,bclean_keep
1167,act_arr_time,6:36 p.m.,0.0000,bclean_keep
1168,src,foxbusiness,0.5000,bclean_keep
1168,flight,AA-3809-PHX-LAX,0.5000,bclean_keep
1168,sched_dep_time,6:00 a.m.,0.0000,bclean_keep
1168,sched_arr_time,6:40 a.m.,0.0002,bclean_keep
1168,act_arr_time,6:19 a.m.,0.0451,bclean_keep
1169,src,foxbusiness,0.5000,bclean_keep
1169,flight,AA-59-JFK-SFO,0.5000,bclean_keep
1169,sched_dep_time,7:10 a.m.,0.0000,bclean_keep
1169,sched_arr_time,10:45 a.m.,0.0003,bclean_keep
1169,act_arr_time,11:12 a.m.,0.0484,bclean_keep
1170,src,foxbusiness,0.5000,bclean_keep
1170,flight,AA-222-LAX-BOS,0.5000,bclean_keep
1170,sched_dep_time,7:10 a.m.,0.0002,bclean_keep
1170,sched_arr_time,3:30 p.m.,0.0223,bclean_keep
1170,act_arr_time,3:14 p.m.,0.0000,bclean_keep
1171,src,usatoday,0.5000,bclean_keep
1171,flight,AA-3859-IAH-ORD,0.5000,bclean_keep
1171,sched_dep_time,7:10 a.m.,0.0000,bclean_keep
1171,sched_arr_time,9:40 a.m.,0.1420,bclean_keep
1172,src,usatoday,0.5000,bclean_keep
1172,flight,AA-518-MIA-JFK,0.5000,bclean_keep
1172,sched_dep_time,6:40 a.m.,0.0001,bclean_keep
1172,act_dep_time,6:54 a.m.,0.0040,bclean_keep
1172,sched_arr_time,9:25 a.m.,0.0182,bclean_keep
1173,src,usatoday,0.5000,bclean_keep
1173,flight,CO-1586-IAH-MCO,0.5000,bclean_keep
1173,act_dep_time,7:42 p.m.,0.0000,bclean_keep
1174,src,usatoday,0.5000,bclean_keep
1174,flight,UA-3925-IAD-ORF,0.5000,bclean_keep
1174,sched_dep_time,8:41 a.m.,0.0000,bclean_keep
1174,sched_arr_time,9:54 a.m.,0.2990,bclean_keep
1175,src,usatoday,0.5000,bclean_keep
1175,flight,AA-1733-ORD-PHX,0.5000,bclean_keep
1175,sched_dep_time,7:45 p.m.,0.0000,bclean_keep
1175,sched_arr_time,10:30 p.m.,0.0005,bclean_keep
1176,src,usatoday,0.5000,bclean_keep
1176,flight,UA-414-LAX-SFO,0.5000,bclean_keep
1176,act_dep_time,6:10 a.m.,0.0000,bclean_keep
1177,src,usatoday,0.5000,bclean_keep
1177,flight,UA-3515-IAD-MSP,0.5000,bclean_keep
1177,act_dep_time,8:26 a.m.,0.0000,bclean_keep
1178,src,usatoday,0.5000,bclean_keep
1178,flight,AA-3468-CVG-MIA,0.5000,bclean_keep
1178,sched_dep_time,7:00 a.m.,0.0000,bclean_keep
1178,act_dep_time,7:25 a.m.,0.0150,bclean_keep
1178,sched_arr_time,9:55 a.m.,0.0104,bclean_keep
1178,act_arr_time,9:45 a.m.,0.0280,bclean_keep
1179,src,usatoday,0.5000,bclean_keep
1179,flight,AA-484-DFW-MIA,0.5000,bclean_keep
1179,sched_dep_time,4:15 p.m.,0.0000,bclean_keep
1179,sched_arr_time,7:55 p.m.,0.1043,bclean_keep
1180,src,usatoday,0.5000,bclean_keep
1180,flight,CO-63-EWR-IAH,0.5000,bclean_keep
1180,act_dep_time,5:38 p.m.,0.0750,bclean_keep
1181,src,usatoday,0.5000,bclean_keep
1181,flight,AA-466-IAH-MIA,0.5000,bclean_keep
1181,sched_dep_time,6:00 a.m.,0.0000,bclean_keep
1181,act_dep_time,6:09 a.m.,0.0000,bclean_keep
1181,sched_arr_time,9:20 a.m.,0.0003,bclean_keep
1182,src,usatoday,0.5000,bclean_keep
1182,flight,UA-3050-PHX-CLT,0.5000,bclean_keep
1182,sched_dep_time,11:05 a.m.,0.0000,bclean_keep
1182,sched_arr_time,4:57 p.m.,0.1570,bclean_keep
1183,src,usatoday,0.5000,bclean_keep
1183,flight,AA-1886-BOS-MIA,0.5000,bclean_keep
1183,sched_dep_time,10:45 a.m.,0.0000,bclean_keep
1183,sched_arr_time,2:20 p.m.,0.0000,bclean_keep
1184,src,usatoday,0.5000,bclean_keep
1184,flight,AA-1664-MIA-ATL,0.5000,bclean_keep
1184,sched_dep_time,10:15 a.m.,0.0000,bclean_keep
1184,act_dep_time,10:19 a.m.,0.0000,bclean_keep
1184,sched_arr_time,12:10 p.m.,0.0240,bclean_keep
1184,act_arr_time,11:50 a.m.,0.0000,bclean_keep
1185,src,usatoday,0.5000,bclean_keep
1185,flight,AA-404-MIA-MCO,0.5000,bclean_keep
1185,sched_dep_time,6:45 a.m.,0.0000,bclean_keep
1185,act_dep_time,6:57 a.m.,0.0588,bclean_keep
1185,sched_arr_time,7:45 a.m.,0.0163,bclean_keep
1185,act_arr_time,7:40 a.m.,0.0279,bclean_keep
1186,src,usatoday,0.5000,bclean_keep
1186,flight,AA-3756-ORD-SLC,0.5000,bclean_keep
1186,sched_dep_time,12:15 p.m.,0.1362,bclean_keep
1186,act_dep_time,12:42 p.m.,0.0007,bclean_keep
1186,sched_arr_time,2:45 p.m.,0.0024,bclean_keep
1187,src,usatoday,0.5000,bclean_keep
1187,flight,UA-382-IAD-LAX,0.5000,bclean_keep
1187,act_arr_time,3:20 p.m.,0.5000,bclean_keep
1188,src,usatoday,0.5000,bclean_keep
1188,flight,UA-2945-PHL-CLT,0.5000,bclean_keep
1188,sched_dep_time,12:00 p.m.,0.0034,bclean_keep
1188,act_dep_time,12:08 p.m.,0.0019,bclean_keep
1188,sched_arr_time,1:45 p.m.,0.0003,bclean_keep
1188,act_arr_time,1:14 p.m.,0.0000,bclean_keep
1189,src,usatoday,0.5000,bclean_keep
1189,flight,AA-2050-ORD-MIA,0.5000,bclean_keep
1189,sched_dep_time,10:40 a.m.,0.0498,bclean_keep
1189,act_dep_time,11:06 a.m.,0.0000,bclean_keep
1189,sched_arr_time,2:45 p.m.,0.0006,bclean_keep
1190,src,usatoday,0.5000,bclean_keep
1190,flight,UA-248-PHX-ORD,0.5000,bclean_keep
1190,sched_dep_time,12:57 p.m.,0.0000,bclean_keep
1191,src,usatoday,0.5000,bclean_keep
1191,flight,AA-4330-CVG-ORD,0.5000,bclean_keep
1191,sched_dep_time,3:35 p.m.,0.0000,bclean_keep
1191,act_dep_time,3:36 p.m.,0.0297,bclean_keep
1191,sched_arr_time,4:00 p.m.,0.0112,bclean_keep
1191,act_arr_time,3:33 p.m.,0.1941,bclean_keep
1192,src,usatoday,0.5000,bclean_keep
1192,flight,AA-4307-ORD-DTW,0.5000,bclean_keep
1192,sched_dep_time,6:45 p.m.,0.0166,bclean_keep
1192,sched_arr_time,9:10 p.m.,0.1408,bclean_keep
1193,src,usatoday,0.5000,bclean_keep
1193,flight,CO-1694-LAX-IAH,0.5000,bclean_keep
1193,sched_dep_time,7:15 p.m.,0.0000,bclean_keep
1193,act_dep_time,Not Available,0.5000,bclean_keep
1193,act_arr_time,Not Available,0.5000,bclean_keep
1194,src,usatoday,0.5000,bclean_keep
1194,flight,UA-843-LAX-ORD,0.5000,bclean_keep
1194,act_arr_time,7:53 p.m.,0.5000,bclean_keep
1195,src,usatoday,0.5000,bclean_keep
1195,flight,CO-1193-EWR-MCO,0.5000,bclean_keep
1195,sched_dep_time,9:15 a.m.,0.0000,bclean_keep
1195,act_dep_time,9:14 a.m.,0.2700,bclean_keep
1195,sched_arr_time,12:18 p.m.,0.0002,bclean_keep
1195,act_arr_time,12:09 p.m.,0.0000,bclean_keep
1196,src,usatoday,0.5000,bclean_keep
1196,flight,AA-1221-MCO-ORD,0.5000,bclean_keep
1196,sched_dep_time,8:00 p.m.,0.0000,bclean_keep
1196,act_dep_time,8:23 p.m.,0.0000,bclean_keep
1196,sched_arr_time,9:45 p.m.,0.0126,bclean_keep
1197,src,usatoday,0.5000,bclean_keep
1197,flight,CO-16-LAX-EWR,0.5000,bclean_keep
1197,sched_dep_time,10:25 a.m.,0.0000,bclean_keep
1197,sched_arr_time,6:44 p.m.,0.0000,bclean_keep
1198,src,usatoday,0.5000,bclean_keep
1198,flight,AA-400-DFW-JFK,0.5000,bclean_keep
1198,sched_dep_time,10:40 a.m.,0.0000,bclean_keep
1198,sched_arr_time,2:59 p.m.,0.0021,bclean_keep
1198,act_arr_time,3:04 p.m.,0.1652,bclean_keep
1199,src,usatoday,0.5000,bclean_keep
1199,flight,UA-664-ORD-PHL,0.5000,bclean_keep
1199,sched_dep_time,1:33 p.m.,0.0000,bclean_keep
1199,sched_arr_time,4:31 p.m.,0.1356,bclean_keep
1200,src,usatoday,0.5000,bclean_keep
1200,flight,AA-1522-SFO-ORD,0.5000,bclean_keep
1200,sched_dep_time,11:55 p.m.,0.0000,bclean_keep
1200,sched_arr_time,5:50 a.m.,0.0000,bclean_keep
1201,src,usatoday,0.5000,bclean_keep
1201,flight,UA-257-JFK-SFO,0.5000,bclean_keep
1201,sched_dep_time,2:30 p.m.,0.0035,bclean_keep
1201,act_dep_time,2:43 p.m.,0.0000,bclean_keep
1201,sched_arr_time,6:15 p.m.,0.0004,bclean_keep
1202,src,usatoday,0.5000,bclean_keep
1202,flight,UA-3373-IAD-PHL,0.5000,bclean_keep
1202,sched_dep_time,8:29 a.m.,0.0000,bclean_keep
1202,act_dep_time,8:26 a.m.,0.0048,bclean_keep
1202,sched_arr_time,9:24 a.m.,0.0000,bclean_keep
1202,act_arr_time,9:13 a.m.,0.0000,bclean_keep
1203,src,usatoday,0.5000,bclean_keep
1203,flight,CO-1250-MIA-IAH,0.5000,bclean_keep
1203,act_dep_time,3:17 p.m.,0.0000,bclean_keep
1204,src,usatoday,0.5000,bclean_keep
1204,flight,UA-6273-YYC-SFO,0.5000,bclean_keep
1204,act_dep_time,7:41 a.m.,0.0000,bclean_keep
1205,src,usatoday,0.5000,bclean_keep
1205,flight,UA-828-SFO-ORD,0.5000,bclean_keep
1205,sched_dep_time,11:08 p.m.,0.0000,bclean_keep
1205,sched_arr_time,5:11 a.m.,0.0943,bclean_keep
1206,src,usatoday,0.5000,bclean_keep
1206,flight,CO-4888-IAH-DAL,0.5000,bclean_keep
1207,src,usatoday,0.5000,bclean_keep
1207,flight,UA-2704-DTW-PHX,0.5000,bclean_keep
1207,act_dep_time,11:47 a.m.,0.0000,bclean_keep
1207,act_arr_time,2:02 p.m.,0.3329,bclean_keep
1208,src,usatoday,0.5000,bclean_keep
1208,flight,UA-2708-EWR-CLT,0.5000,bclean_keep
1208,act_dep_time,3:04 p.m.,0.0000,bclean_keep
1208,act_arr_time,4:24 p.m.,0.3632,bclean_keep
1209,src,usatoday,0.5000,bclean_keep
1209,flight,UA-1500-IAH-GUA,0.5000,bclean_keep
1209,act_dep_time,9:43 a.m.,0.0000,bclean_keep
1210,src,usatoday,0.5000,bclean_keep
1210,flight,AA-3804-PHL-ORD,0.5000,bclean_keep
1210,sched_dep_time,2:35 p.m.,0.0000,bclean_keep
1210,act_dep_time,2:44 p.m.,0.0312,bclean_keep
1210,sched_arr_time,4:05 p.m.,0.0057,bclean_keep
1210,act_arr_time,3:43 p.m.,0.4813,bclean_keep
1211,src,usatoday,0.5000,bclean_keep
1211,flight,AA-2268-PHX-ORD,0.5000,bclean_keep
1211,sched_dep_time,7:15 a.m.,0.0007,bclean_keep
1211,act_dep_time,7:23 a.m.,0.0000,bclean_keep
1211,sched_arr_time,11:35 a.m.,0.0283,bclean_keep
1211,act_arr_time,11:07 a.m.,0.2437,bclean_keep
1212,src,usatoday,0.5000,bclean_keep
1212,flight,UA-233-LAX-JFK,0.5000,bclean_keep
1212,sched_dep_time,4:25 p.m.,0.0000,bclean_keep
1212,act_dep_time,Not Available,0.5000,bclean_keep
1212,act_arr_time,Not Available,0.5000,bclean_keep
1213,src,usatoday,0.5000,bclean_keep
1213,flight,AA-4277-CVG-JFK,0.5000,bclean_keep
1213,sched_dep_time,12:10 p.m.,0.0000,bclean_keep
1213,sched_arr_time,2:15 p.m.,0.0943,bclean_keep
1214,src,usatoday,0.5000,bclean_keep
1214,flight,AA-2957-DFW-CVG,0.5000,bclean_keep
1214,sched_dep_time,7:55 a.m.,0.0000,bclean_keep
1214,sched_arr_time,11:05 a.m.,0.1043,bclean_keep
1215,src,usatoday,0.5000,bclean_keep
1215,flight,UA-37-EDI-EWR,0.5000,bclean_keep
1215,sched_dep_time,9:05 a.m.,0.0000,bclean_keep
1215,sched_arr_time,11:53 a.m.,0.0000,bclean_keep
1216,src,usatoday,0.5000,bclean_keep
1216,flight,AA-789-ORD-DEN,0.5000,bclean_keep
1216,sched_dep_time,1:05 p.m.,0.1002,bclean_keep
1216,act_dep_time,1:19 p.m.,0.2575,bclean_keep
1216,sched_arr_time,2:35 p.m.,0.0607,bclean_keep
1216,act_arr_time,3:13 p.m.,0.1275,bclean_keep
1217,src,usatoday,0.5000,bclean_keep
1217,flight,UA-854-SFO-IAH,0.5000,bclean_keep
1217,sched_dep_time,7:53 a.m.,0.0000,bclean_keep
1217,act_dep_time,7:49 a.m.,0.1764,bclean_keep
1217,sched_arr_time,1:39 p.m.,0.0000,bclean_keep
1217,act_arr_time,1:30 p.m.,0.0000,bclean_keep
1218,src,usatoday,0.5000,bclean_keep
1218,flight,AA-85-JFK-SFO,0.5000,bclean_keep
1218,sched_dep_time,3:05 p.m.,0.1048,bclean_keep
1218,act_dep_time,3:38 p.m.,0.0072,bclean_keep
1218,sched_arr_time,6:30 p.m.,0.0006,bclean_keep
1219,src,usatoday,0.5000,bclean_keep
1219,flight,AA-1640-MIA-MCO,0.5000,bclean_keep
1219,sched_dep_time,6:30 p.m.,0.0000,bclean_keep
1219,act_dep_time,6:56 p.m.,0.0017,bclean_keep
1219,sched_arr_time,7:25 p.m.,0.0009,bclean_keep
1219,act_arr_time,7:35 p.m.,0.0000,bclean_keep
1220,src,usatoday,0.5000,bclean_keep
1220,flight,AA-1544-SAN-ORD,0.5000,bclean_keep
1220,sched_dep_time,11:25 a.m.,0.0000,bclean_keep
1220,sched_arr_time,5:25 p.m.,0.0000,bclean_keep
1221,src,usatoday,0.5000,bclean_keep
1221,flight,AA-3786-IAH-ORD,0.5000,bclean_keep
1221,sched_dep_time,4:00 p.m.,0.4058,bclean_keep
1222,src,usatoday,0.5000,bclean_keep
1222,flight,AA-3809-PHX-LAX,0.5000,bclean_keep
1222,sched_dep_time,6:00 a.m.,0.0000,bclean_keep
1222,sched_arr_time,6:40 a.m.,0.0906,bclean_keep
1223,src,usatoday,0.5000,bclean_keep
1223,flight,AA-59-JFK-SFO,0.5000,bclean_keep
1223,sched_dep_time,7:10 a.m.,0.0000,bclean_keep
1223,act_dep_time,7:40 a.m.,0.0000,bclean_keep
1223,sched_arr_time,10:45 a.m.,0.0005,bclean_keep
1224,src,myrateplan,0.5000,bclean_keep
1224,flight,AA-3859-IAH-ORD,0.5000,bclean_keep
1224,act_dep_time,7:16 a.m.,0.0000,bclean_keep
1224,act_arr_time,9:22 a.m.,0.3180,bclean_keep
1225,src,myrateplan,0.5000,bclean_keep
1225,flight,CO-1586-IAH-MCO,0.5000,bclean_keep
1225,sched_dep_time,7:00 p.m.,0.0537,bclean_keep
1225,sched_arr_time,10:15 p.m.,0.2120,bclean_keep
1226,src,myrateplan,0.5000,bclean_keep
1226,flight,AA-518-MIA-JFK,0.5000,bclean_keep
1226,act_dep_time,6:54 a.m.,0.0034,bclean_keep
1227,src,myrateplan,0.5000,bclean_keep
1227,flight,UA-397-JFK-SFO,0.5000,bclean_keep
1227,act_dep_time,8:48 a.m.,0.2000,bclean_keep
1228,src,myrateplan,0.5000,bclean_keep
1228,flight,UA-3925-IAD-ORF,0.5000,bclean_keep
1228,act_arr_time,9:29 a.m.,0.5000,bclean_keep
1229,src,myrateplan,0.5000,bclean_keep
1229,flight,AA-1733-ORD-PHX,0.5000,bclean_keep
1229,act_dep_time,7:59 p.m.,0.0000,bclean_keep
1229,act_arr_time,10:31 p.m.,0.4283,bclean_keep
1230,src,myrateplan,0.5000,bclean_keep
1230,flight,UA-2830-MCO-CLT,0.5000,bclean_keep
1230,act_dep_time,3:50 p.m.,0.0000,bclean_keep
1231,src,myrateplan,0.5000,bclean_keep
1231,flight,CO-58-DEN-IAH,0.5000,bclean_keep
1231,sched_dep_time,11:25 a.m.,0.0000,bclean_keep
1231,sched_arr_time,2:50 p.m.,0.0000,bclean_keep
1232,src,myrateplan,0.5000,bclean_keep
1232,flight,AA-1544-SAN-ORD,0.5000,bclean_keep
1232,act_dep_time,11:41 a.m.,0.0000,bclean_keep
1233,src,myrateplan,0.5000,bclean_keep
1233,flight,UA-5487-SFO-MRY,0.5000,bclean_keep
1233,act_dep_time,10:53 a.m.,0.0000,bclean_keep
1234,src,myrateplan,0.5000,bclean_keep
1234,flight,AA-204-LAX-MCO,0.5000,bclean_keep
1234,act_dep_time,11:29 p.m.,0.0000,bclean_keep
1235,src,myrateplan,0.5000,bclean_keep
1235,flight,UA-414-LAX-SFO,0.5000,bclean_keep
1235,act_dep_time,6:10 a.m.,0.1580,bclean_keep
1236,src,myrateplan,0.5000,bclean_keep
1236,flight,CO-1614-LAX-IAH,0.5000,bclean_keep
1236,sched_dep_time,12:30 a.m.,0.0000,bclean_keep
1236,sched_arr_time,5:35 a.m.,0.0000,bclean_keep
1237,src,myrateplan,0.5000,bclean_keep
1237,flight,UA-2726-FLL-PHL,0.5000,bclean_keep
1237,act_dep_time,4:10 p.m.,0.0000,bclean_keep
1237,act_arr_time,6:25 p.m.,0.1658,bclean_keep
1238,src,myrateplan,0.5000,bclean_keep
1238,flight,CO-52-IAH-LAX,0.5000,bclean_keep
1238,sched_dep_time,7:35 a.m.,0.0000,bclean_keep
1238,sched_arr_time,9:21 a.m.,0.2208,bclean_keep
1239,src,myrateplan,0.5000,bclean_keep
1239,flight,CO-1090-BOS-IAH,0.5000,bclean_keep
1239,sched_dep_time,9:45 a.m.,0.0000,bclean_keep
1239,sched_arr_time,1:16 p.m.,0.0000,bclean_keep
1240,src,myrateplan,0.5000,bclean_keep
1240,flight,AA-616-DFW-DTW,0.5000,bclean_keep
1241,src,myrateplan,0.5000,bclean_keep
1241,flight,UA-3515-IAD-MSP,0.5000,bclean_keep
1241,act_dep_time,8:26 a.m.,0.4000,bclean_keep
1241,act_arr_time,9:56 a.m.,0.1900,bclean_keep
1242,src,myrateplan,0.5000,bclean_keep
1242,flight,AA-3468-CVG-MIA,0.5000,bclean_keep
1242,act_dep_time,7:25 a.m.,0.0030,bclean_keep
1243,src,myrateplan,0.5000,bclean_keep
1243,flight,AA-484-DFW-MIA,0.5000,bclean_keep
1243,act_dep_time,4:29 p.m.,0.0938,bclean_keep
1244,src,myrateplan,0.5000,bclean_keep
1244,flight,AA-1886-BOS-MIA,0.5000,bclean_keep
1244,act_dep_time,10:54 a.m.,0.2431,bclean_keep
1244,act_arr_time,1:36 p.m.,0.0000,bclean_keep
1245,src,myrateplan,0.5000,bclean_keep
1245,flight,CO-62-IAH-EWR,0.5000,bclean_keep
1245,sched_dep_time,2:30 p.m.,0.0000,bclean_keep
1245,sched_arr_time,7:03 p.m.,0.0000,bclean_keep
1246,src,myrateplan,0.5000,bclean_keep
1246,flight,CO-1561-PHX-IAH,0.5000,bclean_keep
1246,sched_dep_time,8:05 a.m.,0.0513,bclean_keep
1246,sched_arr_time,11:35 a.m.,0.0000,bclean_keep
1247,src,myrateplan,0.5000,bclean_keep
1247,flight,UA-2314-ATL-PHL,0.5000,bclean_keep
1247,act_dep_time,3:04 p.m.,0.0000,bclean_keep
1247,act_arr_time,4:43 p.m.,0.4104,bclean_keep
1248,src,myrateplan,0.5000,bclean_keep
1248,flight,AA-446-DFW-PHL,0.5000,bclean_keep
1248,act_dep_time,12:13 p.m.,0.0000,bclean_keep
1249,src,myrateplan,0.5000,bclean_keep
1249,flight,CO-1023-IAH-DEN,0.5000,bclean_keep
1249,sched_dep_time,11:40 a.m.,0.0000,bclean_keep
1249,sched_arr_time,1:17 p.m.,0.2206,bclean_keep
1250,src,myrateplan,0.5000,bclean_keep
1250,flight,AA-466-IAH-MIA,0.5000,bclean_keep
1251,src,myrateplan,0.5000,bclean_keep
1251,flight,UA-3050-PHX-CLT,0.5000,bclean_keep
1251,act_dep_time,11:45 a.m.,0.0085,bclean_keep
1252,src,myrateplan,0.5000,bclean_keep
1252,flight,CO-89-IAH-EWR,0.5000,bclean_keep
1252,sched_dep_time,6:00 a.m.,0.0000,bclean_keep
1252,sched_arr_time,10:20 a.m.,0.0000,bclean_keep
1253,src,myrateplan,0.5000,bclean_keep
1253,flight,CO-1088-CLE-IAH,0.5000,bclean_keep
1253,sched_dep_time,8:40 a.m.,0.0000,bclean_keep
1253,sched_arr_time,10:54 a.m.,0.0000,bclean_keep
1254,src,myrateplan,0.5000,bclean_keep
1254,flight,AA-1664-MIA-ATL,0.5000,bclean_keep
1254,act_dep_time,10:19 a.m.,0.0000,bclean_keep
1254,act_arr_time,11:50 a.m.,0.0000,bclean_keep
1255,src,myrateplan,0.5000,bclean_keep
1255,flight,AA-1279-DFW-PHX,0.5000,bclean_keep
1256,src,myrateplan,0.5000,bclean_keep
1256,flight,UA-854-SFO-IAH,0.5000,bclean_keep
1256,act_dep_time,8:07 a.m.,0.0000,bclean_keep
1257,src,myrateplan,0.5000,bclean_keep
1257,flight,UA-382-IAD-LAX,0.5000,bclean_keep
1257,act_dep_time,12:56 p.m.,0.0133,bclean_keep
1258,src,myrateplan,0.5000,bclean_keep
1258,flight,AA-4344-ORD-DTW,0.5000,bclean_keep
1258,act_dep_time,12:14 p.m.,0.0000,bclean_keep
1259,src,myrateplan,0.5000,bclean_keep
1259,flight,UA-257-JFK-SFO,0.5000,bclean_keep
1259,act_dep_time,2:43 p.m.,0.0006,bclean_keep
1260,src,myrateplan,0.5000,bclean_keep
1260,flight,UA-2945-PHL-CLT,0.5000,bclean_keep
1260,act_dep_time,12:07 p.m.,0.0201,bclean_keep
1261,src,myrateplan,0.5000,bclean_keep
1261,flight,CO-63-EWR-IAH,0.5000,bclean_keep
1261,sched_dep_time,5:25 p.m.,0.0000,bclean_keep
1261,sched_arr_time,8:22 p.m.,0.2717,bclean_keep
1262,src,myrateplan,0.5000,bclean_keep
1262,flight,CO-47-IAH-LAX,0.5000,bclean_keep
1262,sched_dep_time,7:10 p.m.,0.0000,bclean_keep
1263,src,myrateplan,0.5000,bclean_keep
1263,flight,AA-2050-ORD-MIA,0.5000,bclean_keep
1263,act_dep_time,11:06 a.m.,0.3800,bclean_keep
1264,src,myrateplan,0.5000,bclean_keep
1264,flight,UA-248-PHX-ORD,0.5000,bclean_keep
1264,act_dep_time,1:43 p.m.,0.0000,bclean_keep
1264,act_arr_time,5:24 p.m.,0.3854,bclean_keep
1265,src,myrateplan,0.5000,bclean_keep
1265,flight,AA-4330-CVG-ORD,0.5000,bclean_keep
1265,sched_dep_time,3:35 p.m.,0.0000,bclean_keep
1265,sched_arr_time,4:00 p.m.,0.0238,bclean_keep
1266,src,myrateplan,0.5000,bclean_keep
1266,flight,AA-1434-DFW-MCO,0.5000,bclean_keep
1266,act_dep_time,7:22 a.m.,0.0000,bclean_keep
1267,src,myrateplan,0.5000,bclean_keep
1267,flight,AA-1640-MIA-MCO,0.5000,bclean_keep
1267,act_dep_time,6:47 p.m.,0.0000,bclean_keep
1267,act_arr_time,7:25 p.m.,0.0000,bclean_keep
1268,src,myrateplan,0.5000,bclean_keep
1268,flight,AA-4307-ORD-DTW,0.5000,bclean_keep
1268,act_dep_time,6:56 p.m.,0.0000,bclean_keep
1268,act_arr_time,8:38 p.m.,0.4284,bclean_keep
1269,src,myrateplan,0.5000,bclean_keep
1269,flight,AA-3-JFK-LAX,0.5000,bclean_keep
1269,act_arr_time,3:04 p.m.,0.5000,bclean_keep
1270,src,myrateplan,0.5000,bclean_keep
1270,flight,CO-1694-LAX-IAH,0.5000,bclean_keep
1270,sched_dep_time,7:15 p.m.,0.0000,bclean_keep
1271,src,myrateplan,0.5000,bclean_keep
1271,flight,UA-843-LAX-ORD,0.5000,bclean_keep
1271,act_dep_time,2:04 p.m.,0.0000,bclean_keep
1271,act_arr_time,7:20 p.m.,0.0000,bclean_keep
1272,src,myrateplan,0.5000,bclean_keep
1272,flight,CO-1193-EWR-MCO,0.5000,bclean_keep
1272,sched_dep_time,9:15 a.m.,0.0000,bclean_keep
1272,sched_arr_time,12:18 p.m.,0.0861,bclean_keep
1273,src,myrateplan,0.5000,bclean_keep
1273,flight,AA-3842-MSP-ORD,0.5000,bclean_keep
1274,src,myrateplan,0.5000,bclean_keep
1274,flight,AA-643-MIA-ORD,0.5000,bclean_keep
1274,act_dep_time,7:31 a.m.,0.0000,bclean_keep
1274,act_arr_time,9:26 a.m.,0.2095,bclean_keep
1275,src,myrateplan,0.5000,bclean_keep
1275,flight,AA-1007-MIA-PHX,0.5000,bclean_keep
1276,src,myrateplan,0.5000,bclean_keep
1276,flight,AA-2525-DFW-MIA,0.5000,bclean_keep
1276,act_dep_time,7:39 a.m.,0.0871,bclean_keep
1276,act_arr_time,10:43 a.m.,0.4816,bclean_keep
1277,src,myrateplan,0.5000,bclean_keep
1277,flight,UA-2906-PHL-MCO,0.5000,bclean_keep
1277,act_arr_time,6:28 p.m.,0.5000,bclean_keep
1278,src,myrateplan,0.5000,bclean_keep
1278,flight,UA-938-DEN-ORD,0.5000,bclean_keep
1278,act_dep_time,4:37 p.m.,0.2000,bclean_keep
1279,src,myrateplan,0.5000,bclean_keep
1279,flight,AA-1221-MCO-ORD,0.5000,bclean_keep
1279,act_dep_time,8:23 p.m.,0.0000,bclean_keep
1280,src,myrateplan,0.5000,bclean_keep
1280,flight,CO-16-LAX-EWR,0.5000,bclean_keep
1280,sched_dep_time,10:25 a.m.,0.0000,bclean_keep
1280,sched_arr_time,6:44 p.m.,0.0000,bclean_keep
1281,src,myrateplan,0.5000,bclean_keep
1281,flight,UA-2515-DFW-CLT,0.5000,bclean_keep
1281,act_arr_time,10:43 a.m.,0.5000,bclean_keep
1282,src,myrateplan,0.5000,bclean_keep
1282,flight,AA-400-DFW-JFK,0.5000,bclean_keep
1282,act_dep_time,11:02 a.m.,0.2697,bclean_keep
1283,src,myrateplan,0.5000,bclean_keep
1283,flight,UA-664-ORD-PHL,0.5000,bclean_keep
1283,act_dep_time,1:48 p.m.,0.0003,bclean_keep
1284,src,myrateplan,0.5000,bclean_keep
1284,flight,AA-3756-ORD-SLC,0.5000,bclean_keep
1284,act_arr_time,2:50 p.m.,0.0000,bclean_keep
1285,src,myrateplan,0.5000,bclean_keep
1285,flight,UA-37-EWR-MCO,0.5000,bclean_keep
1285,sched_dep_time,1:29 p.m.,0.0000,bclean_keep
1285,sched_arr_time,4:17 p.m.,0.0997,bclean_keep
1286,src,myrateplan,0.5000,bclean_keep
1286,flight,AA-1522-SFO-ORD,0.5000,bclean_keep
1286,act_dep_time,12:11 a.m.,0.0000,bclean_keep
1286,act_arr_time,5:52 a.m.,0.1981,bclean_keep
1287,src,myrateplan,0.5000,bclean_keep
1287,flight,UA-233-LAX-JFK,0.5000,bclean_keep
1287,act_dep_time,4:28 p.m.,0.0030,bclean_keep
1288,src,myrateplan,0.5000,bclean_keep
1288,flight,AA-3823-LAX-DEN,0.5000,bclean_keep
1288,act_dep_time,9:06 p.m.,0.0000,bclean_keep
1288,act_arr_time,11:49 p.m.,0.0000,bclean_keep
1289,src,myrateplan,0.5000,bclean_keep
1289,flight,AA-2312-DFW-DTW,0.5000,bclean_keep
1289,act_dep_time,8:29 p.m.,0.0000,bclean_keep
1289,act_arr_time,11:35 p.m.,0.0000,bclean_keep
1290,src,myrateplan,0.5000,bclean_keep
1290,flight,AA-1165-JFK-MIA,0.5000,bclean_keep
1291,src,myrateplan,0.5000,bclean_keep
1291,flight,AA-431-MIA-SFO,0.5000,bclean_keep
1291,act_dep_time,8:52 a.m.,0.3611,bclean_keep
1292,src,myrateplan,0.5000,bclean_keep
1292,flight,UA-3373-IAD-PHL,0.5000,bclean_keep
1292,act_arr_time,9:13 a.m.,0.0000,bclean_keep
1293,src,myrateplan,0.5000,bclean_keep
1293,flight,AA-649-ORD-SNA,0.5000,bclean_keep
1293,act_dep_time,1:41 p.m.,0.0000,bclean_keep
1293,act_arr_time,3:29 p.m.,0.0000,bclean_keep
1294,src,myrateplan,0.5000,bclean_keep
1294,flight,CO-1250-MIA-IAH,0.5000,bclean_keep
1294,sched_dep_time,2:53 p.m.,0.0000,bclean_keep
1294,sched_arr_time,4:48 p.m.,0.0000,bclean_keep
1295,src,myrateplan,0.5000,bclean_keep
1295,flight,UA-6273-YYC-SFO,0.5000,bclean_keep
1295,act_dep_time,7:41 a.m.,0.0000,bclean_keep
1296,src,myrateplan,0.5000,bclean_keep
1296,flight,UA-828-SFO-ORD,0.5000,bclean_keep
1296,sched_dep_time,11:08 p.m.,0.0000,bclean_keep
1297,src,myrateplan,0.5000,bclean_keep
1297,flight,CO-4888-IAH-DAL,0.5000,bclean_keep
1297,act_dep_time,5:38 p.m.,0.0000,bclean_keep
1297,act_arr_time,6:19 p.m.,0.0000,bclean_keep
1298,src,myrateplan,0.5000,bclean_keep
1298,flight,UA-858-PVG-SFO,0.5000,bclean_keep
1298,act_arr_time,7:50 a.m.,0.2004,bclean_keep
1299,src,myrateplan,0.5000,bclean_keep
1299,flight,UA-2704-DTW-PHX,0.5000,bclean_keep
1299,act_dep_time,11:47 a.m.,0.0000,bclean_keep
1300,src,myrateplan,0.5000,bclean_keep
1300,flight,AA-3063-SLC-LAX,0.5000,bclean_keep
1300,act_dep_time,8:40 p.m.,0.0000,bclean_keep
1301,src,myrateplan,0.5000,bclean_keep
1301,flight,UA-2708-EWR-CLT,0.5000,bclean_keep
1301,act_dep_time,3:04 p.m.,0.0000,bclean_keep
1302,src,myrateplan,0.5000,bclean_keep
1302,flight,UA-62-IAH-EWR,0.5000,bclean_keep
1302,sched_dep_time,2:30 p.m.,0.0000,bclean_keep
1302,sched_arr_time,7:03 p.m.,0.0000,bclean_keep
1303,src,myrateplan,0.5000,bclean_keep
1303,flight,UA-1500-IAH-GUA,0.5000,bclean_keep
1303,sched_dep_time,8:55 a.m.,0.0000,bclean_keep
1303,sched_arr_time,11:45 a.m.,0.0000,bclean_keep
1304,src,myrateplan,0.5000,bclean_keep
1304,flight,AA-3804-PHL-ORD,0.5000,bclean_keep
1304,act_dep_time,2:44 p.m.,0.0000,bclean_keep
1304,act_arr_time,3:36 p.m.,0.4874,bclean_keep
1305,src,myrateplan,0.5000,bclean_keep
1305,flight,AA-1917-JFK-MCO,0.5000,bclean_keep
1306,src,myrateplan,0.5000,bclean_keep
1306,flight,AA-2268-PHX-ORD,0.5000,bclean_keep
1307,src,myrateplan,0.5000,bclean_keep
1307,flight,AA-4277-CVG-JFK,0.5000,bclean_keep
1308,src,myrateplan,0.5000,bclean_keep
1308,flight,AA-2957-DFW-CVG,0.5000,bclean_keep
1308,act_dep_time,8:04 a.m.,0.4835,bclean_keep
1309,src,myrateplan,0.5000,bclean_keep
1309,flight,UA-37-EDI-EWR,0.5000,bclean_keep
1309,sched_arr_time,11:53 a.m.,0.0000,bclean_keep
1310,src,myrateplan,0.5000,bclean_keep
1310,flight,AA-789-ORD-DEN,0.5000,bclean_keep
1310,act_dep_time,1:20 p.m.,0.4871,bclean_keep
1311,src,myrateplan,0.5000,bclean_keep
1311,flight,AA-415-BOS-ORD,0.5000,bclean_keep
1311,act_dep_time,8:55 a.m.,0.0000,bclean_keep
1311,act_arr_time,10:12 a.m.,0.0000,bclean_keep
1312,src,myrateplan,0.5000,bclean_keep
1312,flight,AA-85-JFK-SFO,0.5000,bclean_keep
1313,src,myrateplan,0.5000,bclean_keep
1313,flight,AA-3979-CVG-ORD,0.5000,bclean_keep
1313,act_dep_time,8:04 a.m.,0.0000,bclean_keep
1314,src,myrateplan,0.5000,bclean_keep
1314,flight,AA-3786-IAH-ORD,0.5000,bclean_keep
1314,act_dep_time,4:12 p.m.,0.0000,bclean_keep
1315,src,myrateplan,0.5000,bclean_keep
1315,flight,AA-271-MIA-LAX,0.5000,bclean_keep
1315,act_dep_time,11:52 a.m.,0.0000,bclean_keep
1316,src,myrateplan,0.5000,bclean_keep
1316,flight,CO-50-CLE-EWR,0.5000,bclean_keep
1316,sched_dep_time,2:55 p.m.,0.0000,bclean_keep
1316,sched_arr_time,4:49 p.m.,0.0000,bclean_keep
1317,src,myrateplan,0.5000,bclean_keep
1317,flight,UA-3099-PHX-PHL,0.5000,bclean_keep
1317,act_dep_time,11:55 a.m.,0.0064,bclean_keep
1318,src,myrateplan,0.5000,bclean_keep
1318,flight,AA-4198-ORD-CLE,0.5000,bclean_keep
1318,act_dep_time,10:55 a.m.,0.0000,bclean_keep
1319,src,myrateplan,0.5000,bclean_keep
1319,flight,AA-404-MIA-MCO,0.5000,bclean_keep
1319,act_dep_time,6:58 a.m.,0.0000,bclean_keep
1320,src,myrateplan,0.5000,bclean_keep
1320,flight,CO-45-EWR-MIA,0.5000,bclean_keep
1320,sched_dep_time,4:00 p.m.,0.0000,bclean_keep
1320,sched_arr_time,7:05 p.m.,0.0900,bclean_keep
1321,src,myrateplan,0.5000,bclean_keep
1321,flight,AA-3809-PHX-LAX,0.5000,bclean_keep
1321,act_dep_time,6:11 a.m.,0.0000,bclean_keep
1322,src,myrateplan,0.5000,bclean_keep
1322,flight,AA-59-JFK-SFO,0.5000,bclean_keep
1322,act_dep_time,7:40 a.m.,0.4042,bclean_keep
1323,src,myrateplan,0.5000,bclean_keep
1323,flight,AA-222-LAX-BOS,0.5000,bclean_keep
1323,act_dep_time,7:32 a.m.,0.0000,bclean_keep
1323,act_arr_time,3:12 p.m.,0.4169,bclean_keep
1324,src,orbitz,0.5000,bclean_keep
1324,flight,AA-3859-IAH-ORD,0.5000,bclean_keep
1324,sched_dep_time,7:10aDec 1,0.5000,bclean_keep
1324,act_dep_time,7:02aDec 1,0.5000,bclean_keep
1324,sched_arr_time,9:40aDec 1,0.5000,bclean_keep
1324,act_arr_time,9:32aDec 1,0.5000,bclean_keep
1325,src,orbitz,0.5000,bclean_keep
1325,flight,CO-1586-IAH-MCO,0.5000,bclean_keep
1325,sched_dep_time,7:00 p.m.,0.0325,bclean_keep
1325,act_dep_time,7:14 p.m.,0.0000,bclean_keep
1325,sched_arr_time,10:15 p.m.,0.0014,bclean_keep
1326,src,orbitz,0.5000,bclean_keep
1326,flight,AA-518-MIA-JFK,0.5000,bclean_keep
1326,sched_dep_time,6:40aDec 1,0.5000,bclean_keep
1326,act_dep_time,6:40aDec 1,0.5000,bclean_keep
1326,sched_arr_time,9:25aDec 1,0.5000,bclean_keep
1326,act_arr_time,9:28aDec 1,0.5000,bclean_keep
1327,src,orbitz,0.5000,bclean_keep
1327,flight,UA-397-JFK-SFO,0.5000,bclean_keep
1327,sched_dep_time,8:19aDec 1,0.5000,bclean_keep
1327,act_dep_time,8:48aDec 1,0.5000,bclean_keep
1327,sched_arr_time,11:55aDec 1,0.5000,bclean_keep
1327,act_arr_time,11:58aDec 1,0.5000,bclean_keep
1328,src,orbitz,0.5000,bclean_keep
1328,flight,UA-3925-IAD-ORF,0.5000,bclean_keep
1328,sched_dep_time,8:41aDec 1,0.5000,bclean_keep
1328,sched_arr_time,9:54aDec 1,0.5000,bclean_keep
1329,src,orbitz,0.5000,bclean_keep
1329,flight,AA-1733-ORD-PHX,0.5000,bclean_keep
1329,sched_dep_time,7:45 p.m.,0.0000,bclean_keep
1329,sched_arr_time,10:30 p.m.,0.0056,bclean_keep
1330,src,orbitz,0.5000,bclean_keep
1330,flight,AA-3-JFK-LAX,0.5000,bclean_keep
1330,sched_dep_time,12:00 p.m.,0.0000,bclean_keep
1330,sched_arr_time,3:15 p.m.,0.0002,bclean_keep
1330,act_arr_time,3:16 p.m.,0.0000,bclean_keep
1331,src,orbitz,0.5000,bclean_keep
1331,flight,UA-2830-MCO-CLT,0.5000,bclean_keep
1331,sched_dep_time,3:27 p.m.,0.0000,bclean_keep
1331,act_dep_time,3:28 p.m.,0.3807,bclean_keep
1331,sched_arr_time,5:05 p.m.,0.0000,bclean_keep
1331,act_arr_time,5:17 p.m.,0.0000,bclean_keep
1332,src,orbitz,0.5000,bclean_keep
1332,flight,CO-58-DEN-IAH,0.5000,bclean_keep
1332,sched_arr_time,2:50 p.m.,0.0000,bclean_keep
1332,act_arr_time,3:31 p.m.,0.0000,bclean_keep
1333,src,orbitz,0.5000,bclean_keep
1333,flight,UA-5487-SFO-MRY,0.5000,bclean_keep
1333,sched_dep_time,10:39aDec 1,0.5000,bclean_keep
1333,sched_arr_time,11:19aDec 1,0.5000,bclean_keep
1334,src,orbitz,0.5000,bclean_keep
1334,flight,AA-204-LAX-MCO,0.5000,bclean_keep
1334,sched_dep_time,11:25 p.m.,0.0000,bclean_keep
1335,src,orbitz,0.5000,bclean_keep
1335,flight,UA-414-LAX-SFO,0.5000,bclean_keep
1335,sched_dep_time,6:14aDec 1,0.5000,bclean_keep
1335,act_dep_time,6:09aDec 1,0.5000,bclean_keep
1335,sched_arr_time,7:23aDec 1,0.5000,bclean_keep
1335,act_arr_time,7:17aDec 1,0.5000,bclean_keep
1336,src,orbitz,0.5000,bclean_keep
1336,flight,CO-1614-LAX-IAH,0.5000,bclean_keep
1336,sched_dep_time,12:30aDec 1,0.5000,bclean_keep
1336,act_dep_time,12:41aDec 1,0.5000,bclean_keep
1336,sched_arr_time,5:35aDec 1,0.5000,bclean_keep
1336,act_arr_time,5:26aDec 1,0.5000,bclean_keep
1337,src,orbitz,0.5000,bclean_keep
1337,flight,UA-2726-FLL-PHL,0.5000,bclean_keep
1337,sched_dep_time,4:00 p.m.,0.0000,bclean_keep
1337,act_dep_time,3:58 p.m.,0.0106,bclean_keep
1337,sched_arr_time,6:46 p.m.,0.0003,bclean_keep
1337,act_arr_time,6:28 p.m.,0.0000,bclean_keep
1338,src,orbitz,0.5000,bclean_keep
1338,flight,CO-52-IAH-LAX,0.5000,bclean_keep
1338,sched_dep_time,7:35aDec 1,0.5000,bclean_keep
1338,sched_arr_time,9:21aDec 2,0.5000,bclean_keep
1339,src,orbitz,0.5000,bclean_keep
1339,flight,CO-1090-BOS-IAH,0.5000,bclean_keep
1339,sched_arr_time,1:16 p.m.,0.0000,bclean_keep
1339,act_arr_time,1:19 p.m.,0.0000,bclean_keep
1340,src,orbitz,0.5000,bclean_keep
1340,flight,AA-616-DFW-DTW,0.5000,bclean_keep
1340,sched_arr_time,12:35 p.m.,0.0000,bclean_keep
1340,act_arr_time,1:27 p.m.,0.0675,bclean_keep
1341,src,orbitz,0.5000,bclean_keep
1341,flight,UA-3515-IAD-MSP,0.5000,bclean_keep
1341,sched_dep_time,8:15aDec 1,0.5000,bclean_keep
1341,act_dep_time,8:12aDec 1,0.5000,bclean_keep
1341,sched_arr_time,10:06aDec 1,0.5000,bclean_keep
1341,act_arr_time,9:56aDec 1,0.5000,bclean_keep
1342,src,orbitz,0.5000,bclean_keep
1342,flight,AA-3468-CVG-MIA,0.5000,bclean_keep
1342,sched_dep_time,7:00aDec 1,0.5000,bclean_keep
1342,act_dep_time,7:04aDec 1,0.5000,bclean_keep
1342,sched_arr_time,9:55aDec 1,0.5000,bclean_keep
1342,act_arr_time,9:45aDec 1,0.5000,bclean_keep
1343,src,orbitz,0.5000,bclean_keep
1343,flight,AA-484-DFW-MIA,0.5000,bclean_keep
1343,sched_dep_time,4:15 p.m.,0.0000,bclean_keep
1343,sched_arr_time,7:55 p.m.,0.0002,bclean_keep
1343,act_arr_time,7:39 p.m.,0.0804,bclean_keep
1344,src,orbitz,0.5000,bclean_keep
1344,flight,AA-1886-BOS-MIA,0.5000,bclean_keep
1344,sched_arr_time,2:20 p.m.,0.0000,bclean_keep
1344,act_arr_time,1:40 p.m.,0.0018,bclean_keep
1345,src,orbitz,0.5000,bclean_keep
1345,flight,CO-62-IAH-EWR,0.5000,bclean_keep
1345,sched_dep_time,2:30 p.m.,0.0000,bclean_keep
1345,act_dep_time,2:48 p.m.,0.0010,bclean_keep
1345,sched_arr_time,7:03 p.m.,0.0000,bclean_keep
1345,act_arr_time,7:10 p.m.,0.0000,bclean_keep
1346,src,orbitz,0.5000,bclean_keep
1346,flight,CO-1561-PHX-IAH,0.5000,bclean_keep
1346,sched_dep_time,8:05aDec 1,0.5000,bclean_keep
1346,act_dep_time,8:00aDec 1,0.5000,bclean_keep
1346,sched_arr_time,11:35aDec 1,0.5000,bclean_keep
1346,act_arr_time,11:32aDec 1,0.5000,bclean_keep
1347,src,orbitz,0.5000,bclean_keep
1347,flight,UA-2314-ATL-PHL,0.5000,bclean_keep
1347,sched_dep_time,2:55 p.m.,0.0000,bclean_keep
1347,act_dep_time,2:46 p.m.,0.0578,bclean_keep
1347,sched_arr_time,5:00 p.m.,0.0000,bclean_keep
1347,act_arr_time,4:47 p.m.,0.0000,bclean_keep
1348,src,orbitz,0.5000,bclean_keep
1348,flight,AA-446-DFW-PHL,0.5000,bclean_keep
1348,sched_arr_time,3:50 p.m.,0.0000,bclean_keep
1348,act_arr_time,4:09 p.m.,0.0000,bclean_keep
1349,src,orbitz,0.5000,bclean_keep
1349,flight,CO-1023-IAH-DEN,0.5000,bclean_keep
1349,sched_arr_time,1:17 p.m.,0.0000,bclean_keep
1349,act_arr_time,1:14 p.m.,0.0000,bclean_keep
1350,src,orbitz,0.5000,bclean_keep
1350,flight,AA-466-IAH-MIA,0.5000,bclean_keep
1350,sched_dep_time,6:00aDec 1,0.5000,bclean_keep
1350,act_dep_time,5:58aDec 1,0.5000,bclean_keep
1350,sched_arr_time,9:20aDec 1,0.5000,bclean_keep
1350,act_arr_time,9:05aDec 1,0.5000,bclean_keep
1351,src,orbitz,0.5000,bclean_keep
1351,flight,UA-3050-PHX-CLT,0.5000,bclean_keep
1351,sched_arr_time,4:57 p.m.,0.0000,bclean_keep
1351,act_arr_time,5:05 p.m.,0.0000,bclean_keep
1352,src,orbitz,0.5000,bclean_keep
1352,flight,CO-89-IAH-EWR,0.5000,bclean_keep
1352,sched_dep_time,6:00aDec 1,0.5000,bclean_keep
1352,act_dep_time,6:02aDec 1,0.5000,bclean_keep
1352,sched_arr_time,10:20aDec 1,0.5000,bclean_keep
1352,act_arr_time,10:27aDec 1,0.5000,bclean_keep
1353,src,orbitz,0.5000,bclean_keep
1353,flight,CO-1088-CLE-IAH,0.5000,bclean_keep
1353,sched_dep_time,8:40aDec 1,0.5000,bclean_keep
1353,act_dep_time,8:40aDec 1,0.5000,bclean_keep
1353,sched_arr_time,10:54aDec 1,0.5000,bclean_keep
1353,act_arr_time,10:56aDec 1,0.5000,bclean_keep
1354,src,orbitz,0.5000,bclean_keep
1354,flight,AA-1664-MIA-ATL,0.5000,bclean_keep
1354,act_dep_time,10:10aDec 1,0.5000,bclean_keep
1354,sched_arr_time,12:10 p.m.,0.0000,bclean_keep
1354,act_arr_time,11:56aDec 1,0.5000,bclean_keep
1355,src,orbitz,0.5000,bclean_keep
1355,flight,AA-1279-DFW-PHX,0.5000,bclean_keep
1355,sched_dep_time,1:00 p.m.,0.0733,bclean_keep
1355,sched_arr_time,2:35 p.m.,0.0019,bclean_keep
1356,src,orbitz,0.5000,bclean_keep
1356,flight,UA-854-SFO-IAH,0.5000,bclean_keep
1356,sched_arr_time,1:39 p.m.,0.0000,bclean_keep
1356,act_arr_time,1:30 p.m.,0.0000,bclean_keep
1357,src,orbitz,0.5000,bclean_keep
1357,flight,UA-382-IAD-LAX,0.5000,bclean_keep
1357,sched_dep_time,12:30 p.m.,0.0000,bclean_keep
1357,act_dep_time,12:35 p.m.,0.1474,bclean_keep
1358,src,orbitz,0.5000,bclean_keep
1358,flight,AA-4344-ORD-DTW,0.5000,bclean_keep
1358,sched_arr_time,2:00 p.m.,0.0000,bclean_keep
1358,act_arr_time,2:10 p.m.,0.0000,bclean_keep
1359,src,orbitz,0.5000,bclean_keep
1359,flight,UA-257-JFK-SFO,0.5000,bclean_keep
1359,sched_arr_time,6:15 p.m.,0.0000,bclean_keep
1359,act_arr_time,5:42 p.m.,0.0000,bclean_keep
1360,src,orbitz,0.5000,bclean_keep
1360,flight,UA-2945-PHL-CLT,0.5000,bclean_keep
1360,sched_dep_time,12:00 p.m.,0.0049,bclean_keep
1360,sched_arr_time,1:45 p.m.,0.0004,bclean_keep
1360,act_arr_time,1:15 p.m.,0.0000,bclean_keep
1361,src,orbitz,0.5000,bclean_keep
1361,flight,CO-63-EWR-IAH,0.5000,bclean_keep
1361,sched_dep_time,5:25 p.m.,0.0000,bclean_keep
1361,act_dep_time,5:22 p.m.,0.2830,bclean_keep
1361,sched_arr_time,8:22 p.m.,0.0018,bclean_keep
1361,act_arr_time,8:03 p.m.,0.0000,bclean_keep
1362,src,orbitz,0.5000,bclean_keep
1362,flight,CO-47-IAH-LAX,0.5000,bclean_keep
1362,sched_dep_time,7:10 p.m.,0.0000,bclean_keep
1362,act_dep_time,8:25 p.m.,0.1474,bclean_keep
1363,src,orbitz,0.5000,bclean_keep
1363,flight,AA-2050-ORD-MIA,0.5000,bclean_keep
1363,sched_arr_time,2:45 p.m.,0.0000,bclean_keep
1363,act_arr_time,2:46 p.m.,0.0276,bclean_keep
1364,src,orbitz,0.5000,bclean_keep
1364,flight,UA-248-PHX-ORD,0.5000,bclean_keep
1364,sched_dep_time,12:57 p.m.,0.0000,bclean_keep
1364,act_dep_time,1:32 p.m.,0.1342,bclean_keep
1364,sched_arr_time,5:15 p.m.,0.0019,bclean_keep
1364,act_arr_time,5:34 p.m.,0.0000,bclean_keep
1365,src,orbitz,0.5000,bclean_keep
1365,flight,AA-4330-CVG-ORD,0.5000,bclean_keep
1365,sched_dep_time,3:35 p.m.,0.0000,bclean_keep
1365,sched_arr_time,4:00 p.m.,0.0001,bclean_keep
1365,act_arr_time,3:33 p.m.,0.1941,bclean_keep
1366,src,orbitz,0.5000,bclean_keep
1366,flight,AA-1434-DFW-MCO,0.5000,bclean_keep
1366,sched_dep_time,7:15aDec 1,0.5000,bclean_keep
1366,act_dep_time,7:08aDec 1,0.5000,bclean_keep
1366,sched_arr_time,10:35aDec 1,0.5000,bclean_keep
1366,act_arr_time,10:36aDec 1,0.5000,bclean_keep
1367,src,orbitz,0.5000,bclean_keep
1367,flight,AA-1640-MIA-MCO,0.5000,bclean_keep
1367,sched_dep_time,6:30 p.m.,0.0000,bclean_keep
1367,sched_arr_time,7:25 p.m.,0.1297,bclean_keep
1368,src,orbitz,0.5000,bclean_keep
1368,flight,AA-4307-ORD-DTW,0.5000,bclean_keep
1368,sched_dep_time,6:45 p.m.,0.0061,bclean_keep
1368,sched_arr_time,9:10 p.m.,0.0004,bclean_keep
1368,act_arr_time,8:53 p.m.,0.0000,bclean_keep
1369,src,orbitz,0.5000,bclean_keep
1369,flight,CO-1694-LAX-IAH,0.5000,bclean_keep
1369,sched_dep_time,7:15 p.m.,0.0000,bclean_keep
1370,src,orbitz,0.5000,bclean_keep
1370,flight,UA-843-LAX-ORD,0.5000,bclean_keep
1370,sched_arr_time,7:53 p.m.,0.0000,bclean_keep
1370,act_arr_time,7:58 p.m.,0.0000,bclean_keep
1371,src,orbitz,0.5000,bclean_keep
1371,flight,CO-1193-EWR-MCO,0.5000,bclean_keep
1371,sched_arr_time,12:18 p.m.,0.0000,bclean_keep
1371,act_arr_time,12:09 p.m.,0.0000,bclean_keep
1372,src,orbitz,0.5000,bclean_keep
1372,flight,AA-3842-MSP-ORD,0.5000,bclean_keep
1372,sched_dep_time,6:00aDec 1,0.5000,bclean_keep
1372,act_dep_time,5:59aDec 1,0.5000,bclean_keep
1372,sched_arr_time,7:30aDec 1,0.5000,bclean_keep
1372,act_arr_time,7:51aDec 1,0.5000,bclean_keep
1373,src,orbitz,0.5000,bclean_keep
1373,flight,AA-643-MIA-ORD,0.5000,bclean_keep
1373,sched_dep_time,7:10aDec 1,0.5000,bclean_keep
1373,act_dep_time,7:10aDec 1,0.5000,bclean_keep
1373,sched_arr_time,9:35aDec 1,0.5000,bclean_keep
1373,act_arr_time,9:31aDec 1,0.5000,bclean_keep
1374,src,orbitz,0.5000,bclean_keep
1374,flight,AA-1007-MIA-PHX,0.5000,bclean_keep
1374,sched_dep_time,4:55 p.m.,0.0000,bclean_keep
1374,sched_arr_time,8:05 p.m.,0.0020,bclean_keep
1374,act_arr_time,7:55 p.m.,0.0762,bclean_keep
1375,src,orbitz,0.5000,bclean_keep
1375,flight,UA-2906-PHL-MCO,0.5000,bclean_keep
1375,sched_dep_time,3:50 p.m.,0.0000,bclean_keep
1375,act_dep_time,4:28 p.m.,0.0000,bclean_keep
1375,sched_arr_time,6:23 p.m.,0.0002,bclean_keep
1375,act_arr_time,6:38 p.m.,0.0000,bclean_keep
1376,src,orbitz,0.5000,bclean_keep
1376,flight,UA-938-DEN-ORD,0.5000,bclean_keep
1376,sched_dep_time,4:16 p.m.,0.0000,bclean_keep
1376,act_dep_time,4:15 p.m.,0.0024,bclean_keep
1376,sched_arr_time,7:35 p.m.,0.0000,bclean_keep
1376,act_arr_time,7:36 p.m.,0.0000,bclean_keep
1377,src,orbitz,0.5000,bclean_keep
1377,flight,AA-1221-MCO-ORD,0.5000,bclean_keep
1377,sched_dep_time,8:00 p.m.,0.0000,bclean_keep
1377,sched_arr_time,9:45 p.m.,0.0003,bclean_keep
1377,act_arr_time,9:53 p.m.,0.4112,bclean_keep
1378,src,orbitz,0.5000,bclean_keep
1378,flight,CO-16-LAX-EWR,0.5000,bclean_keep
1378,sched_arr_time,6:44 p.m.,0.0000,bclean_keep
1378,act_arr_time,6:34 p.m.,0.0000,bclean_keep
1379,src,orbitz,0.5000,bclean_keep
1379,flight,UA-2515-DFW-CLT,0.5000,bclean_keep
1379,sched_dep_time,7:05aDec 1,0.5000,bclean_keep
1379,act_dep_time,7:07aDec 1,0.5000,bclean_keep
1379,sched_arr_time,10:31aDec 1,0.5000,bclean_keep
1379,act_arr_time,10:47aDec 1,0.5000,bclean_keep
1380,src,orbitz,0.5000,bclean_keep
1380,flight,AA-400-DFW-JFK,0.5000,bclean_keep
1380,sched_arr_time,2:59 p.m.,0.0000,bclean_keep
1380,act_arr_time,3:04 p.m.,0.1656,bclean_keep
1381,src,orbitz,0.5000,bclean_keep
1381,flight,UA-664-ORD-PHL,0.5000,bclean_keep
1381,sched_dep_time,1:33 p.m.,0.0000,bclean_keep
1381,act_dep_time,1:31 p.m.,0.3163,bclean_keep
1381,sched_arr_time,4:31 p.m.,0.0003,bclean_keep
1381,act_arr_time,4:23 p.m.,0.0000,bclean_keep
1382,src,orbitz,0.5000,bclean_keep
1382,flight,AA-3756-ORD-SLC,0.5000,bclean_keep
1382,sched_dep_time,12:15 p.m.,0.0016,bclean_keep
1382,sched_arr_time,2:45 p.m.,0.0021,bclean_keep
1382,act_arr_time,2:50 p.m.,0.0000,bclean_keep
1383,src,orbitz,0.5000,bclean_keep
1383,flight,UA-37-EWR-MCO,0.5000,bclean_keep
1383,sched_dep_time,1:29 p.m.,0.0000,bclean_keep
1383,act_dep_time,1:48 p.m.,0.1609,bclean_keep
1383,sched_arr_time,4:17 p.m.,0.0004,bclean_keep
1383,act_arr_time,4:17 p.m.,0.0000,bclean_keep
1384,src,orbitz,0.5000,bclean_keep
1384,flight,AA-1522-SFO-ORD,0.5000,bclean_keep
1384,sched_dep_time,11:55 p.m.,0.0000,bclean_keep
1385,src,orbitz,0.5000,bclean_keep
1385,flight,UA-233-LAX-JFK,0.5000,bclean_keep
1385,sched_dep_time,4:25 p.m.,0.0000,bclean_keep
1386,src,orbitz,0.5000,bclean_keep
1386,flight,AA-3823-LAX-DEN,0.5000,bclean_keep
1386,sched_dep_time,9:00 p.m.,0.0000,bclean_keep
1387,src,orbitz,0.5000,bclean_keep
1387,flight,AA-2312-DFW-DTW,0.5000,bclean_keep
1387,sched_dep_time,8:25 p.m.,0.0000,bclean_keep
1387,sched_arr_time,11:50 p.m.,0.1356,bclean_keep
1388,src,orbitz,0.5000,bclean_keep
1388,flight,AA-1165-JFK-MIA,0.5000,bclean_keep
1388,sched_dep_time,6:59aDec 1,0.5000,bclean_keep
1388,act_dep_time,6:56aDec 1,0.5000,bclean_keep
1388,sched_arr_time,10:34aDec 1,0.5000,bclean_keep
1388,act_arr_time,10:04aDec 1,0.5000,bclean_keep
1389,src,orbitz,0.5000,bclean_keep
1389,flight,AA-431-MIA-SFO,0.5000,bclean_keep
1389,sched_dep_time,8:35aDec 1,0.5000,bclean_keep
1389,act_dep_time,8:31aDec 1,0.5000,bclean_keep
1389,sched_arr_time,11:50aDec 1,0.5000,bclean_keep
1389,act_arr_time,11:44aDec 1,0.5000,bclean_keep
1390,src,orbitz,0.5000,bclean_keep
1390,flight,AA-649-ORD-SNA,0.5000,bclean_keep
1390,sched_dep_time,1:30 p.m.,0.0868,bclean_keep
1390,sched_arr_time,3:50 p.m.,0.0295,bclean_keep
1391,src,orbitz,0.5000,bclean_keep
1391,flight,CO-1250-MIA-IAH,0.5000,bclean_keep
1391,sched_dep_time,2:53 p.m.,0.0000,bclean_keep
1391,act_dep_time,3:01 p.m.,0.0014,bclean_keep
1391,sched_arr_time,4:48 p.m.,0.0000,bclean_keep
1391,act_arr_time,4:59 p.m.,0.0000,bclean_keep
1392,src,orbitz,0.5000,bclean_keep
1392,flight,UA-6273-YYC-SFO,0.5000,bclean_keep
1392,sched_dep_time,7:35aDec 1,0.5000,bclean_keep
1392,act_dep_time,7:27aDec 1,0.5000,bclean_keep
1392,sched_arr_time,9:43aDec 1,0.5000,bclean_keep
1392,act_arr_time,8:45aDec 1,0.5000,bclean_keep
1393,src,orbitz,0.5000,bclean_keep
1393,flight,UA-828-SFO-ORD,0.5000,bclean_keep
1393,sched_dep_time,11:08 p.m.,0.0000,bclean_keep
1394,src,orbitz,0.5000,bclean_keep
1394,flight,CO-4888-IAH-DAL,0.5000,bclean_keep
1394,sched_arr_time,6:40 p.m.,0.0387,bclean_keep
1395,src,orbitz,0.5000,bclean_keep
1395,flight,UA-858-PVG-SFO,0.5000,bclean_keep
1395,sched_dep_time,1:45 p.m.,0.0000,bclean_keep
1395,act_dep_time,1:32 p.m.,0.0000,bclean_keep
1396,src,orbitz,0.5000,bclean_keep
1396,flight,UA-2704-DTW-PHX,0.5000,bclean_keep
1396,sched_arr_time,1:40 p.m.,0.0000,bclean_keep
1396,act_arr_time,2:00 p.m.,0.0000,bclean_keep
1397,src,orbitz,0.5000,bclean_keep
1397,flight,AA-3063-SLC-LAX,0.5000,bclean_keep
1397,sched_dep_time,8:20 p.m.,0.0000,bclean_keep
1397,act_dep_time,8:30 p.m.,0.4410,bclean_keep
1398,src,orbitz,0.5000,bclean_keep
1398,flight,UA-2708-EWR-CLT,0.5000,bclean_keep
1398,sched_dep_time,2:55 p.m.,0.0000,bclean_keep
1398,act_dep_time,2:52 p.m.,0.0860,bclean_keep
1398,sched_arr_time,4:53 p.m.,0.0000,bclean_keep
1398,act_arr_time,4:44 p.m.,0.0000,bclean_keep
1399,src,orbitz,0.5000,bclean_keep
1399,flight,UA-62-IAH-EWR,0.5000,bclean_keep
1399,sched_dep_time,2:30 p.m.,0.0000,bclean_keep
1399,act_dep_time,2:48 p.m.,0.0010,bclean_keep
1399,sched_arr_time,7:03 p.m.,0.0000,bclean_keep
1399,act_arr_time,7:10 p.m.,0.0000,bclean_keep
1400,src,orbitz,0.5000,bclean_keep
1400,flight,UA-1500-IAH-GUA,0.5000,bclean_keep
1400,sched_dep_time,8:55aDec 1,0.5000,bclean_keep
1400,sched_arr_time,12:05 p.m.,0.0000,bclean_keep
1401,src,orbitz,0.5000,bclean_keep
1401,flight,AA-3804-PHL-ORD,0.5000,bclean_keep
1401,sched_dep_time,2:35 p.m.,0.0000,bclean_keep
1401,sched_arr_time,4:05 p.m.,0.0001,bclean_keep
1401,act_arr_time,3:43 p.m.,0.4813,bclean_keep
1402,src,orbitz,0.5000,bclean_keep
1402,flight,AA-1917-JFK-MCO,0.5000,bclean_keep
1402,sched_dep_time,2:55 p.m.,0.0000,bclean_keep
1402,sched_arr_time,5:55 p.m.,0.0003,bclean_keep
1402,act_arr_time,5:43 p.m.,0.0314,bclean_keep
1403,src,orbitz,0.5000,bclean_keep
1403,flight,AA-2268-PHX-ORD,0.5000,bclean_keep
1403,sched_dep_time,7:15aDec 1,0.5000,bclean_keep
1403,act_dep_time,7:10aDec 1,0.5000,bclean_keep
1403,sched_arr_time,11:35aDec 1,0.5000,bclean_keep
1403,act_arr_time,11:06aDec 1,0.5000,bclean_keep
1404,src,orbitz,0.5000,bclean_keep
1404,flight,AA-4277-CVG-JFK,0.5000,bclean_keep
1404,sched_dep_time,12:10 p.m.,0.0000,bclean_keep
1404,sched_arr_time,2:15 p.m.,0.0002,bclean_keep
1404,act_arr_time,1:43 p.m.,0.0265,bclean_keep
1405,src,orbitz,0.5000,bclean_keep
1405,flight,AA-2957-DFW-CVG,0.5000,bclean_keep
1405,sched_dep_time,7:55aDec 1,0.5000,bclean_keep
1405,act_dep_time,7:51aDec 1,0.5000,bclean_keep
1405,sched_arr_time,11:05aDec 1,0.5000,bclean_keep
1405,act_arr_time,11:01aDec 1,0.5000,bclean_keep
1406,src,orbitz,0.5000,bclean_keep
1406,flight,UA-37-EDI-EWR,0.5000,bclean_keep
1406,sched_dep_time,9:05aDec 1,0.5000,bclean_keep
1406,sched_arr_time,11:53aDec 1,0.5000,bclean_keep
1406,act_arr_time,12:09 p.m.,0.5000,bclean_keep
1407,src,orbitz,0.5000,bclean_keep
1407,flight,AA-789-ORD-DEN,0.5000,bclean_keep
1407,sched_dep_time,1:05 p.m.,0.1185,bclean_keep
1407,sched_arr_time,2:35 p.m.,0.0007,bclean_keep
1407,act_arr_time,3:13 p.m.,0.1275,bclean_keep
1408,src,orbitz,0.5000,bclean_keep
1408,flight,AA-415-BOS-ORD,0.5000,bclean_keep
1408,sched_dep_time,8:35aDec 1,0.5000,bclean_keep
1408,act_dep_time,8:32aDec 1,0.5000,bclean_keep
1408,sched_arr_time,10:40aDec 1,0.5000,bclean_keep
1408,act_arr_time,10:16aDec 1,0.5000,bclean_keep
1409,src,orbitz,0.5000,bclean_keep
1409,flight,AA-85-JFK-SFO,0.5000,bclean_keep
1409,sched_dep_time,3:05 p.m.,0.0215,bclean_keep
1409,sched_arr_time,6:30 p.m.,0.0004,bclean_keep
1409,act_arr_time,6:43 p.m.,0.0613,bclean_keep
1410,src,orbitz,0.5000,bclean_keep
1410,flight,AA-3979-CVG-ORD,0.5000,bclean_keep
1410,sched_dep_time,7:30aDec 1,0.5000,bclean_keep
1410,act_dep_time,7:28aDec 1,0.5000,bclean_keep
1410,sched_arr_time,8:00aDec 1,0.5000,bclean_keep
1410,act_arr_time,8:06aDec 1,0.5000,bclean_keep
1411,src,orbitz,0.5000,bclean_keep
1411,flight,AA-1544-SAN-ORD,0.5000,bclean_keep
1411,sched_arr_time,5:25 p.m.,0.0000,bclean_keep
1411,act_arr_time,4:56 p.m.,0.0000,bclean_keep
1412,src,orbitz,0.5000,bclean_keep
1412,flight,AA-3786-IAH-ORD,0.5000,bclean_keep
1412,sched_dep_time,4:00 p.m.,0.0012,bclean_keep
1412,sched_arr_time,6:40 p.m.,0.0028,bclean_keep
1412,act_arr_time,6:15 p.m.,0.2900,bclean_keep
1413,src,orbitz,0.5000,bclean_keep
1413,flight,AA-271-MIA-LAX,0.5000,bclean_keep
1413,sched_arr_time,2:25 p.m.,0.0000,bclean_keep
1413,act_arr_time,2:27 p.m.,0.0621,bclean_keep
1414,src,orbitz,0.5000,bclean_keep
1414,flight,AA-2525-DFW-MIA,0.5000,bclean_keep
1414,sched_dep_time,7:25aDec 1,0.5000,bclean_keep
1414,act_dep_time,7:22aDec 1,0.5000,bclean_keep
1414,sched_arr_time,11:10aDec 1,0.5000,bclean_keep
1414,act_arr_time,11:06aDec 1,0.5000,bclean_keep
1415,src,orbitz,0.5000,bclean_keep
1415,flight,CO-50-CLE-EWR,0.5000,bclean_keep
1415,sched_dep_time,2:55 p.m.,0.0000,bclean_keep
1415,act_dep_time,3:31 p.m.,0.0018,bclean_keep
1415,sched_arr_time,4:49 p.m.,0.0000,bclean_keep
1415,act_arr_time,5:26 p.m.,0.0000,bclean_keep
1416,src,orbitz,0.5000,bclean_keep
1416,flight,UA-3099-PHX-PHL,0.5000,bclean_keep
1416,sched_arr_time,6:17 p.m.,0.0000,bclean_keep
1416,act_arr_time,5:38 p.m.,0.0000,bclean_keep
1417,src,orbitz,0.5000,bclean_keep
1417,flight,AA-4198-ORD-CLE,0.5000,bclean_keep
1417,sched_arr_time,12:55 p.m.,0.0000,bclean_keep
1417,act_arr_time,12:50 p.m.,0.0000,bclean_keep
1418,src,orbitz,0.5000,bclean_keep
1418,flight,AA-404-MIA-MCO,0.5000,bclean_keep
1418,sched_dep_time,6:45aDec 1,0.5000,bclean_keep
1418,act_dep_time,6:41aDec 1,0.5000,bclean_keep
1418,sched_arr_time,7:45aDec 1,0.5000,bclean_keep
1418,act_arr_time,7:40aDec 1,0.5000,bclean_keep
1419,src,orbitz,0.5000,bclean_keep
1419,flight,CO-45-EWR-MIA,0.5000,bclean_keep
1419,sched_dep_time,4:00 p.m.,0.0000,bclean_keep
1419,act_dep_time,3:58 p.m.,0.2140,bclean_keep
1419,sched_arr_time,7:05 p.m.,0.0002,bclean_keep
1419,act_arr_time,6:36 p.m.,0.0000,bclean_keep
1420,src,orbitz,0.5000,bclean_keep
1420,flight,AA-3809-PHX-LAX,0.5000,bclean_keep
1420,sched_dep_time,6:00aDec 1,0.5000,bclean_keep
1420,act_dep_time,5:56aDec 1,0.5000,bclean_keep
1420,sched_arr_time,6:40aDec 1,0.5000,bclean_keep
1420,act_arr_time,6:19aDec 1,0.5000,bclean_keep
1421,src,orbitz,0.5000,bclean_keep
1421,flight,AA-59-JFK-SFO,0.5000,bclean_keep
1421,sched_dep_time,7:10aDec 1,0.5000,bclean_keep
1421,act_dep_time,7:14aDec 1,0.5000,bclean_keep
1421,sched_arr_time,10:45aDec 1,0.5000,bclean_keep
1421,act_arr_time,11:12aDec 1,0.5000,bclean_keep
1422,src,orbitz,0.5000,bclean_keep
1422,flight,AA-222-LAX-BOS,0.5000,bclean_keep
1422,sched_arr_time,3:30 p.m.,0.0000,bclean_keep
1422,act_arr_time,3:14 p.m.,0.0000,bclean_keep
1423,src,phl,0.5000,bclean_keep
1423,flight,AA-446-DFW-PHL,0.5000,bclean_keep
1423,sched_arr_time,3:50 p.m.,0.0000,bclean_keep
1424,src,phl,0.5000,bclean_keep
1424,flight,UA-3373-IAD-PHL,0.5000,bclean_keep
1424,sched_arr_time,9:24 a.m.,0.0000,bclean_keep
1425,src,phl,0.5000,bclean_keep
1425,flight,AA-3804-PHL-ORD,0.5000,bclean_keep
1425,sched_dep_time,2:35 p.m.,0.0000,bclean_keep
1426,src,phl,0.5000,bclean_keep
1426,flight,UA-664-ORD-PHL,0.5000,bclean_keep
1426,sched_arr_time,4:31 p.m.,0.0000,bclean_keep
1427,src,CO,0.5000,bclean_keep
1427,flight,CO-1586-IAH-MCO,0.5000,bclean_keep
1427,sched_dep_time,7:00 p.m.,0.0009,bclean_keep
1427,act_dep_time,7:14 p.m.,0.2083,bclean_keep
1427,sched_arr_time,10:15 p.m.,0.0013,bclean_keep
1427,act_arr_time,10:29 p.m.,0.1774,bclean_keep
1428,src,CO,0.5000,bclean_keep
1428,flight,CO-52-IAH-LAX,0.5000,bclean_keep
1428,sched_dep_time,7:35 a.m.,0.0000,bclean_keep
1428,act_dep_time,7:29 a.m.,0.0063,bclean_keep
1428,sched_arr_time,9:21 a.m.,0.0018,bclean_keep
1428,act_arr_time,9:14 a.m.,0.0000,bclean_keep
1429,src,CO,0.5000,bclean_keep
1429,flight,CO-1023-IAH-DEN,0.5000,bclean_keep
1429,sched_dep_time,11:40 a.m.,0.0000,bclean_keep
1429,act_dep_time,11:56 a.m.,0.3007,bclean_keep
1429,sched_arr_time,1:17 p.m.,0.0023,bclean_keep
1429,act_arr_time,1:14 p.m.,0.0000,bclean_keep
1430,src,CO,0.5000,bclean_keep
1430,flight,CO-89-IAH-EWR,0.5000,bclean_keep
1430,sched_dep_time,6:00 a.m.,0.0000,bclean_keep
1430,act_dep_time,6:02 a.m.,0.0024,bclean_keep
1430,sched_arr_time,10:20 a.m.,0.0000,bclean_keep
1430,act_arr_time,10:27 a.m.,0.0000,bclean_keep
1431,src,CO,0.5000,bclean_keep
1431,flight,CO-1694-LAX-IAH,0.5000,bclean_keep
1431,sched_dep_time,7:15 p.m.,0.0000,bclean_keep
1431,act_dep_time,7:15 p.m.,0.0000,bclean_keep
1431,sched_arr_time,12:21 a.m.,0.0004,bclean_keep
1431,act_arr_time,12:21 a.m.,0.0000,bclean_keep
1432,src,CO,0.5000,bclean_keep
1432,flight,CO-1614-LAX-IAH,0.5000,bclean_keep
1432,sched_dep_time,12:30 a.m.,0.0000,bclean_keep
1432,act_dep_time,12:41 a.m.,0.0034,bclean_keep
1432,sched_arr_time,5:35 a.m.,0.0000,bclean_keep
1432,act_arr_time,5:26 a.m.,0.0000,bclean_keep
1433,src,CO,0.5000,bclean_keep
1433,flight,CO-1088-CLE-IAH,0.5000,bclean_keep
1433,sched_dep_time,8:40 a.m.,0.0000,bclean_keep
1433,act_dep_time,8:40 a.m.,0.0034,bclean_keep
1433,sched_arr_time,10:54 a.m.,0.0000,bclean_keep
1433,act_arr_time,10:56 a.m.,0.0000,bclean_keep
1434,src,CO,0.5000,bclean_keep
1434,flight,CO-58-DEN-IAH,0.5000,bclean_keep
1434,sched_dep_time,11:25 a.m.,0.0000,bclean_keep
1434,act_dep_time,11:32 a.m.,0.0034,bclean_keep
1434,sched_arr_time,2:50 p.m.,0.0000,bclean_keep
1434,act_arr_time,3:31 p.m.,0.0000,bclean_keep
1435,src,CO,0.5000,bclean_keep
1435,flight,CO-50-CLE-EWR,0.5000,bclean_keep
1435,sched_dep_time,2:55 p.m.,0.0000,bclean_keep
1435,act_dep_time,3:31 p.m.,0.0018,bclean_keep
1435,sched_arr_time,4:49 p.m.,0.0000,bclean_keep
1435,act_arr_time,5:26 p.m.,0.0000,bclean_keep
1436,src,CO,0.5000,bclean_keep
1436,flight,CO-62-IAH-EWR,0.5000,bclean_keep
1436,sched_dep_time,2:30 p.m.,0.0000,bclean_keep
1436,act_dep_time,2:48 p.m.,0.0010,bclean_keep
1436,sched_arr_time,7:03 p.m.,0.0000,bclean_keep
1436,act_arr_time,7:10 p.m.,0.0000,bclean_keep
1437,src,CO,0.5000,bclean_keep
1437,flight,CO-1193-EWR-MCO,0.5000,bclean_keep
1437,sched_dep_time,9:15 a.m.,0.0000,bclean_keep
1437,act_dep_time,9:14 a.m.,0.2700,bclean_keep
1437,sched_arr_time,12:18 p.m.,0.0002,bclean_keep
1437,act_arr_time,12:09 p.m.,0.0000,bclean_keep
1438,src,CO,0.5000,bclean_keep
1438,flight,CO-16-LAX-EWR,0.5000,bclean_keep
1438,sched_dep_time,10:25 a.m.,0.0000,bclean_keep
1438,act_dep_time,10:20 a.m.,0.0034,bclean_keep
1438,sched_arr_time,6:44 p.m.,0.0000,bclean_keep
1438,act_arr_time,6:34 p.m.,0.0000,bclean_keep
1439,src,CO,0.5000,bclean_keep
1439,flight,CO-1090-BOS-IAH,0.5000,bclean_keep
1439,sched_dep_time,9:45 a.m.,0.0000,bclean_keep
1439,act_dep_time,10:19 a.m.,0.0034,bclean_keep
1439,sched_arr_time,1:16 p.m.,0.0000,bclean_keep
1439,act_arr_time,1:19 p.m.,0.0000,bclean_keep
1440,src,CO,0.5000,bclean_keep
1440,flight,CO-1250-MIA-IAH,0.5000,bclean_keep
1440,sched_dep_time,2:53 p.m.,0.0000,bclean_keep
1440,act_dep_time,3:01 p.m.,0.0014,bclean_keep
1440,sched_arr_time,4:48 p.m.,0.0000,bclean_keep
1440,act_arr_time,4:59 p.m.,0.0000,bclean_keep
1441,src,CO,0.5000,bclean_keep
1441,flight,CO-47-IAH-LAX,0.5000,bclean_keep
1441,sched_dep_time,7:10 p.m.,0.0000,bclean_keep
1441,act_dep_time,8:25 p.m.,0.0000,bclean_keep
1441,sched_arr_time,8:56 p.m.,0.1158,bclean_keep
1441,act_arr_time,9:52 p.m.,0.0063,bclean_keep
1442,src,CO,0.5000,bclean_keep
1442,flight,CO-4888-IAH-DAL,0.5000,bclean_keep
1442,sched_dep_time,5:30 p.m.,0.2695,bclean_keep
1442,act_dep_time,5:30 p.m.,0.0000,bclean_keep
1442,sched_arr_time,6:40 p.m.,0.0038,bclean_keep
1442,act_arr_time,6:40 p.m.,0.0000,bclean_keep
1443,src,CO,0.5000,bclean_keep
1443,flight,CO-45-EWR-MIA,0.5000,bclean_keep
1443,sched_dep_time,4:00 p.m.,0.0000,bclean_keep
1443,act_dep_time,3:58 p.m.,0.2138,bclean_keep
1443,sched_arr_time,7:05 p.m.,0.0002,bclean_keep
1443,act_arr_time,6:36 p.m.,0.0000,bclean_keep
1444,src,CO,0.5000,bclean_keep
1444,flight,CO-63-EWR-IAH,0.5000,bclean_keep
1444,sched_dep_time,5:25 p.m.,0.0000,bclean_keep
1444,act_dep_time,5:22 p.m.,0.2830,bclean_keep
1444,sched_arr_time,8:22 p.m.,0.0018,bclean_keep
1444,act_arr_time,8:03 p.m.,0.0000,bclean_keep
1445,src,CO,0.5000,bclean_keep
1445,flight,CO-1561-PHX-IAH,0.5000,bclean_keep
1445,sched_dep_time,8:05 a.m.,0.0094,bclean_keep
1445,act_dep_time,8:00 a.m.,0.0034,bclean_keep
1445,sched_arr_time,11:35 a.m.,0.0000,bclean_keep
1445,act_arr_time,11:32 a.m.,0.0000,bclean_keep
1446,src,ifly,0.5000,bclean_keep
1446,flight,AA-3842-MSP-ORD,0.5000,bclean_keep
1446,sched_dep_time,6:00 a.m.,0.0000,bclean_keep
1446,act_dep_time,6:56 a.m.,0.2721,bclean_keep
1446,sched_arr_time,7:30 a.m.,0.0302,bclean_keep
1446,act_arr_time,7:51 a.m.,0.0506,bclean_keep
1447,src,ifly,0.5000,bclean_keep
1447,flight,AA-3804-PHL-ORD,0.5000,bclean_keep
1447,sched_dep_time,2:35 p.m.,0.0000,bclean_keep
1447,act_dep_time,2:44 p.m.,0.0312,bclean_keep
1447,sched_arr_time,4:05 p.m.,0.0057,bclean_keep
1447,act_arr_time,3:43 p.m.,0.4813,bclean_keep
1448,src,ifly,0.5000,bclean_keep
1448,flight,CO-1090-BOS-IAH,0.5000,bclean_keep
1448,sched_dep_time,9:45 a.m.,0.0000,bclean_keep
1448,act_dep_time,10:19 a.m.,0.0034,bclean_keep
1448,sched_arr_time,1:16 p.m.,0.0000,bclean_keep
1448,act_arr_time,1:19 p.m.,0.0000,bclean_keep
1449,src,ifly,0.5000,bclean_keep
1449,flight,AA-1917-JFK-MCO,0.5000,bclean_keep
1449,sched_dep_time,2:55 p.m.,0.0000,bclean_keep
1449,act_dep_time,3:27 p.m.,0.1073,bclean_keep
1449,sched_arr_time,5:55 p.m.,0.0161,bclean_keep
1449,act_arr_time,5:43 p.m.,0.0314,bclean_keep
1450,src,ifly,0.5000,bclean_keep
1450,flight,UA-2906-PHL-MCO,0.5000,bclean_keep
1450,sched_dep_time,3:50 p.m.,0.0000,bclean_keep
1450,act_dep_time,4:28 p.m.,0.0000,bclean_keep
1450,sched_arr_time,6:23 p.m.,0.0002,bclean_keep
1450,act_arr_time,6:38 p.m.,0.0000,bclean_keep
1451,src,ifly,0.5000,bclean_keep
1451,flight,CO-89-IAH-EWR,0.5000,bclean_keep
1451,sched_dep_time,6:00 a.m.,0.0000,bclean_keep
1451,act_dep_time,6:02 a.m.,0.0024,bclean_keep
1451,sched_arr_time,10:20 a.m.,0.0000,bclean_keep
1451,act_arr_time,10:27 a.m.,0.0000,bclean_keep
1452,src,ifly,0.5000,bclean_keep
1452,flight,UA-938-DEN-ORD,0.5000,bclean_keep
1452,sched_dep_time,4:16 p.m.,0.0000,bclean_keep
1452,act_dep_time,4:15 p.m.,0.0024,bclean_keep
1452,sched_arr_time,7:35 p.m.,0.0000,bclean_keep
1452,act_arr_time,7:36 p.m.,0.0000,bclean_keep
1453,src,ifly,0.5000,bclean_keep
1453,flight,UA-3925-IAD-ORF,0.5000,bclean_keep
1453,sched_dep_time,8:41 a.m.,0.0000,bclean_keep
1453,act_dep_time,8:42 a.m.,0.0034,bclean_keep
1453,sched_arr_time,9:54 a.m.,0.0020,bclean_keep
1453,act_arr_time,9:43 a.m.,0.0000,bclean_keep
1454,src,ifly,0.5000,bclean_keep
1454,flight,AA-789-ORD-DEN,0.5000,bclean_keep
1454,sched_dep_time,1:05 p.m.,0.1002,bclean_keep
1454,act_dep_time,1:19 p.m.,0.2575,bclean_keep
1454,sched_arr_time,2:35 p.m.,0.0607,bclean_keep
1454,act_arr_time,3:13 p.m.,0.1275,bclean_keep
1455,src,ifly,0.5000,bclean_keep
1455,flight,AA-1434-DFW-MCO,0.5000,bclean_keep
1455,sched_dep_time,7:15 a.m.,0.0000,bclean_keep
1455,act_dep_time,7:21 a.m.,0.0124,bclean_keep
1455,sched_arr_time,10:35 a.m.,0.0445,bclean_keep
1455,act_arr_time,10:36 a.m.,0.2412,bclean_keep
1456,src,ifly,0.5000,bclean_keep
1456,flight,UA-664-ORD-PHL,0.5000,bclean_keep
1456,sched_dep_time,1:33 p.m.,0.0000,bclean_keep
1456,act_dep_time,1:31 p.m.,0.3137,bclean_keep
1456,sched_arr_time,4:31 p.m.,0.0003,bclean_keep
1456,act_arr_time,4:23 p.m.,0.0000,bclean_keep
1457,src,ifly,0.5000,bclean_keep
1457,flight,AA-3756-ORD-SLC,0.5000,bclean_keep
1457,sched_dep_time,12:15 p.m.,0.0512,bclean_keep
1457,act_dep_time,12:41 p.m.,0.3522,bclean_keep
1457,sched_arr_time,2:45 p.m.,0.0008,bclean_keep
1457,act_arr_time,2:50 p.m.,0.0000,bclean_keep
1458,src,ifly,0.5000,bclean_keep
1458,flight,CO-1614-LAX-IAH,0.5000,bclean_keep
1458,sched_dep_time,12:30 a.m.,0.0000,bclean_keep
1458,act_dep_time,12:41 a.m.,0.0034,bclean_keep
1458,sched_arr_time,5:35 a.m.,0.0000,bclean_keep
1458,act_arr_time,5:26 a.m.,0.0000,bclean_keep
1459,src,ifly,0.5000,bclean_keep
1459,flight,CO-58-DEN-IAH,0.5000,bclean_keep
1459,sched_dep_time,11:25 a.m.,0.0000,bclean_keep
1459,act_dep_time,11:32 a.m.,0.0034,bclean_keep
1459,sched_arr_time,2:50 p.m.,0.0000,bclean_keep
1459,act_arr_time,3:31 p.m.,0.0000,bclean_keep
1460,src,ifly,0.5000,bclean_keep
1460,flight,UA-233-LAX-JFK,0.5000,bclean_keep
1460,sched_dep_time,4:25 p.m.,0.0000,bclean_keep
1460,sched_arr_time,12:29 a.m.,0.0004,bclean_keep
1461,src,ifly,0.5000,bclean_keep
1461,flight,AA-3979-CVG-ORD,0.5000,bclean_keep
1461,sched_dep_time,7:30 a.m.,0.0000,bclean_keep
1461,act_dep_time,8:04 a.m.,0.0096,bclean_keep
1461,sched_arr_time,8:00 a.m.,0.0139,bclean_keep
1461,act_arr_time,8:06 a.m.,0.3327,bclean_keep
1462,src,ifly,0.5000,bclean_keep
1462,flight,AA-3823-LAX-DEN,0.5000,bclean_keep
1462,sched_dep_time,9:00 p.m.,0.0000,bclean_keep
1462,sched_arr_time,12:15 a.m.,0.0005,bclean_keep
1463,src,ifly,0.5000,bclean_keep
1463,flight,AA-3786-IAH-ORD,0.5000,bclean_keep
1463,sched_dep_time,4:00 p.m.,0.0008,bclean_keep
1463,act_dep_time,4:12 p.m.,0.0759,bclean_keep
1463,sched_arr_time,6:40 p.m.,0.0053,bclean_keep
1463,act_arr_time,6:15 p.m.,0.2900,bclean_keep
1464,src,ifly,0.5000,bclean_keep
1464,flight,AA-431-MIA-SFO,0.5000,bclean_keep
1464,sched_dep_time,8:35 a.m.,0.0000,bclean_keep
1464,act_dep_time,8:51 a.m.,0.3062,bclean_keep
1464,sched_arr_time,11:50 a.m.,0.0144,bclean_keep
1464,act_arr_time,11:44 a.m.,0.0249,bclean_keep
1465,src,ifly,0.5000,bclean_keep
1465,flight,AA-1733-ORD-PHX,0.5000,bclean_keep
1465,sched_dep_time,7:45 p.m.,0.0000,bclean_keep
1465,act_dep_time,7:58 p.m.,0.1299,bclean_keep
1465,sched_arr_time,10:30 p.m.,0.0001,bclean_keep
1466,src,ifly,0.5000,bclean_keep
1466,flight,UA-3373-IAD-PHL,0.5000,bclean_keep
1466,sched_dep_time,8:29 a.m.,0.0000,bclean_keep
1466,act_dep_time,8:26 a.m.,0.0048,bclean_keep
1466,sched_arr_time,9:24 a.m.,0.0000,bclean_keep
1466,act_arr_time,9:13 a.m.,0.0000,bclean_keep
1467,src,ifly,0.5000,bclean_keep
1467,flight,UA-3099-PHX-PHL,0.5000,bclean_keep
1467,sched_dep_time,11:55 a.m.,0.0000,bclean_keep
1467,act_dep_time,11:43 a.m.,0.1275,bclean_keep
1467,sched_arr_time,6:17 p.m.,0.0004,bclean_keep
1467,act_arr_time,5:38 p.m.,0.0000,bclean_keep
1468,src,ifly,0.5000,bclean_keep
1468,flight,UA-2314-ATL-PHL,0.5000,bclean_keep
1468,sched_dep_time,2:55 p.m.,0.0000,bclean_keep
1468,act_dep_time,2:46 p.m.,0.0578,bclean_keep
1468,sched_arr_time,5:00 p.m.,0.0000,bclean_keep
1468,act_arr_time,4:47 p.m.,0.0000,bclean_keep
1469,src,ifly,0.5000,bclean_keep
1469,flight,CO-16-LAX-EWR,0.5000,bclean_keep
1469,sched_dep_time,10:25 a.m.,0.0000,bclean_keep
1469,act_dep_time,10:20 a.m.,0.0034,bclean_keep
1469,sched_arr_time,6:44 p.m.,0.0000,bclean_keep
1469,act_arr_time,6:34 p.m.,0.0000,bclean_keep
1470,src,ifly,0.5000,bclean_keep
1470,flight,CO-1250-MIA-IAH,0.5000,bclean_keep
1470,sched_dep_time,2:53 p.m.,0.0000,bclean_keep
1470,act_dep_time,3:01 p.m.,0.0014,bclean_keep
1470,sched_arr_time,4:48 p.m.,0.0000,bclean_keep
1470,act_arr_time,4:59 p.m.,0.0000,bclean_keep
1471,src,ifly,0.5000,bclean_keep
1471,flight,AA-3468-CVG-MIA,0.5000,bclean_keep
1471,sched_dep_time,7:00 a.m.,0.0000,bclean_keep
1471,act_dep_time,7:25 a.m.,0.0052,bclean_keep
1471,sched_arr_time,9:55 a.m.,0.0104,bclean_keep
1471,act_arr_time,9:45 a.m.,0.0280,bclean_keep
1472,src,ifly,0.5000,bclean_keep
1472,flight,AA-2050-ORD-MIA,0.5000,bclean_keep
1472,sched_dep_time,10:40 a.m.,0.0407,bclean_keep
1472,act_dep_time,11:05 a.m.,0.3311,bclean_keep
1472,sched_arr_time,2:45 p.m.,0.0290,bclean_keep
1472,act_arr_time,2:46 p.m.,0.0276,bclean_keep
1473,src,ifly,0.5000,bclean_keep
1473,flight,AA-415-BOS-ORD,0.5000,bclean_keep
1473,sched_dep_time,8:35 a.m.,0.0000,bclean_keep
1473,act_dep_time,8:56 a.m.,0.0417,bclean_keep
1473,sched_arr_time,10:40 a.m.,0.0000,bclean_keep
1473,act_arr_time,10:16 a.m.,0.0033,bclean_keep
1474,src,ifly,0.5000,bclean_keep
1474,flight,AA-3063-SLC-LAX,0.5000,bclean_keep
1474,sched_dep_time,8:20 p.m.,0.0000,bclean_keep
1474,act_dep_time,8:39 p.m.,0.1327,bclean_keep
1474,sched_arr_time,9:20 p.m.,0.0011,bclean_keep
1475,src,ifly,0.5000,bclean_keep
1475,flight,AA-3809-PHX-LAX,0.5000,bclean_keep
1475,sched_dep_time,6:00 a.m.,0.0000,bclean_keep
1475,act_dep_time,6:10 a.m.,0.2014,bclean_keep
1475,sched_arr_time,6:40 a.m.,0.0169,bclean_keep
1475,act_arr_time,6:19 a.m.,0.0451,bclean_keep
1476,src,ifly,0.5000,bclean_keep
1476,flight,AA-59-JFK-SFO,0.5000,bclean_keep
1476,sched_dep_time,7:10 a.m.,0.0000,bclean_keep
1476,act_dep_time,7:39 a.m.,0.3150,bclean_keep
1476,sched_arr_time,10:45 a.m.,0.0300,bclean_keep
1476,act_arr_time,11:12 a.m.,0.0484,bclean_keep
1477,src,ifly,0.5000,bclean_keep
1477,flight,UA-62-IAH-EWR,0.5000,bclean_keep
1477,sched_dep_time,2:30 p.m.,0.0000,bclean_keep
1477,act_dep_time,2:48 p.m.,0.0010,bclean_keep
1477,sched_arr_time,7:03 p.m.,0.0000,bclean_keep
1477,act_arr_time,7:10 p.m.,0.0000,bclean_keep
1478,src,ifly,0.5000,bclean_keep
1478,flight,AA-616-DFW-DTW,0.5000,bclean_keep
1478,sched_dep_time,9:05 a.m.,0.0000,bclean_keep
1478,act_dep_time,10:10 a.m.,0.0508,bclean_keep
1478,sched_arr_time,12:35 p.m.,0.0204,bclean_keep
1478,act_arr_time,1:27 p.m.,0.0673,bclean_keep
1479,src,ifly,0.5000,bclean_keep
1479,flight,AA-3-JFK-LAX,0.5000,bclean_keep
1479,sched_dep_time,12:00 p.m.,0.0000,bclean_keep
1479,act_dep_time,12:11 p.m.,0.3771,bclean_keep
1479,sched_arr_time,3:15 p.m.,0.0002,bclean_keep
1479,act_arr_time,3:16 p.m.,0.0000,bclean_keep
1480,src,ifly,0.5000,bclean_keep
1480,flight,CO-1694-LAX-IAH,0.5000,bclean_keep
1480,sched_dep_time,7:15 p.m.,0.0000,bclean_keep
1480,sched_arr_time,12:21 a.m.,0.0004,bclean_keep
1481,src,ifly,0.5000,bclean_keep
1481,flight,AA-446-DFW-PHL,0.5000,bclean_keep
1481,sched_dep_time,11:50 a.m.,0.0013,bclean_keep
1481,act_dep_time,12:12 p.m.,0.3678,bclean_keep
1481,sched_arr_time,3:50 p.m.,0.0005,bclean_keep
1481,act_arr_time,4:09 p.m.,0.0000,bclean_keep
1482,src,sfo,0.5000,bclean_keep
1482,flight,UA-397-JFK-SFO,0.5000,bclean_keep
1482,sched_arr_time,11:55 a.m.,0.0000,bclean_keep
1483,src,sfo,0.5000,bclean_keep
1483,flight,AA-85-JFK-SFO,0.5000,bclean_keep
1483,sched_arr_time,6:30 p.m.,0.0000,bclean_keep
1484,src,sfo,0.5000,bclean_keep
1484,flight,AA-431-MIA-SFO,0.5000,bclean_keep
1484,sched_arr_time,11:50 a.m.,0.0000,bclean_keep
1485,src,sfo,0.5000,bclean_keep
1485,flight,AA-59-JFK-SFO,0.5000,bclean_keep
1485,sched_arr_time,10:45 a.m.,0.0000,bclean_keep
1486,src,sfo,0.5000,bclean_keep
1486,flight,UA-257-JFK-SFO,0.5000,bclean_keep
1486,sched_arr_time,6:15 p.m.,0.0000,bclean_keep
1487,src,sfo,0.5000,bclean_keep
1487,flight,UA-414-LAX-SFO,0.5000,bclean_keep
1487,sched_arr_time,7:23 a.m.,0.0000,bclean_keep
1488,src,flytecomm,0.5000,bclean_keep
1488,flight,AA-3859-IAH-ORD,0.5000,bclean_keep
1488,act_dep_time,7:16 a.m.,0.0000,bclean_keep
1488,act_arr_time,9:22 a.m.,0.3180,bclean_keep
1489,src,flytecomm,0.5000,bclean_keep
1489,flight,CO-1586-IAH-MCO,0.5000,bclean_keep
1489,sched_dep_time,7:00 p.m.,0.0537,bclean_keep
1489,sched_arr_time,10:15 p.m.,0.2120,bclean_keep
1490,src,flytecomm,0.5000,bclean_keep
1490,flight,AA-518-MIA-JFK,0.5000,bclean_keep
1490,act_dep_time,6:54 a.m.,0.0034,bclean_keep
1491,src,flytecomm,0.5000,bclean_keep
1491,flight,UA-397-JFK-SFO,0.5000,bclean_keep
1491,act_dep_time,8:48 a.m.,0.2000,bclean_keep
1492,src,flytecomm,0.5000,bclean_keep
1492,flight,UA-3925-IAD-ORF,0.5000,bclean_keep
1492,act_arr_time,9:29 a.m.,0.5000,bclean_keep
1493,src,flytecomm,0.5000,bclean_keep
1493,flight,AA-1733-ORD-PHX,0.5000,bclean_keep
1493,act_dep_time,7:59 p.m.,0.0000,bclean_keep
1493,act_arr_time,10:31 p.m.,0.4283,bclean_keep
1494,src,flytecomm,0.5000,bclean_keep
1494,flight,UA-2830-MCO-CLT,0.5000,bclean_keep
1494,act_dep_time,3:50 p.m.,0.0000,bclean_keep
1495,src,flytecomm,0.5000,bclean_keep
1495,flight,CO-58-DEN-IAH,0.5000,bclean_keep
1495,sched_dep_time,11:25 a.m.,0.0000,bclean_keep
1495,sched_arr_time,2:50 p.m.,0.0000,bclean_keep
1496,src,flytecomm,0.5000,bclean_keep
1496,flight,AA-1544-SAN-ORD,0.5000,bclean_keep
1496,act_dep_time,11:41 a.m.,0.0000,bclean_keep
1497,src,flytecomm,0.5000,bclean_keep
1497,flight,UA-5487-SFO-MRY,0.5000,bclean_keep
1497,act_dep_time,10:53 a.m.,0.0000,bclean_keep
1498,src,flytecomm,0.5000,bclean_keep
1498,flight,AA-204-LAX-MCO,0.5000,bclean_keep
1498,act_dep_time,11:29 p.m.,0.0000,bclean_keep
1499,src,flytecomm,0.5000,bclean_keep
1499,flight,UA-414-LAX-SFO,0.5000,bclean_keep
1499,act_dep_time,6:10 a.m.,0.1580,bclean_keep
1500,src,flytecomm,0.5000,bclean_keep
1500,flight,CO-1614-LAX-IAH,0.5000,bclean_keep
1500,sched_dep_time,12:30 a.m.,0.0000,bclean_keep
1500,sched_arr_time,5:35 a.m.,0.0000,bclean_keep
1501,src,flytecomm,0.5000,bclean_keep
1501,flight,UA-2726-FLL-PHL,0.5000,bclean_keep
1501,act_dep_time,4:10 p.m.,0.0000,bclean_keep
1501,act_arr_time,6:25 p.m.,0.1658,bclean_keep
1502,src,flytecomm,0.5000,bclean_keep
1502,flight,CO-52-IAH-LAX,0.5000,bclean_keep
1502,sched_dep_time,7:35 a.m.,0.0000,bclean_keep
1502,sched_arr_time,9:21 a.m.,0.2208,bclean_keep
1503,src,flytecomm,0.5000,bclean_keep
1503,flight,CO-1090-BOS-IAH,0.5000,bclean_keep
1503,sched_dep_time,9:45 a.m.,0.0000,bclean_keep
1503,sched_arr_time,1:16 p.m.,0.0000,bclean_keep
1504,src,flytecomm,0.5000,bclean_keep
1504,flight,AA-616-DFW-DTW,0.5000,bclean_keep
1505,src,flytecomm,0.5000,bclean_keep
1505,flight,UA-3515-IAD-MSP,0.5000,bclean_keep
1505,act_dep_time,8:26 a.m.,0.4000,bclean_keep
1505,act_arr_time,9:56 a.m.,0.1900,bclean_keep
1506,src,flytecomm,0.5000,bclean_keep
1506,flight,AA-3468-CVG-MIA,0.5000,bclean_keep
1506,act_dep_time,7:25 a.m.,0.0030,bclean_keep
1507,src,flytecomm,0.5000,bclean_keep
1507,flight,AA-484-DFW-MIA,0.5000,bclean_keep
1507,act_dep_time,4:29 p.m.,0.0938,bclean_keep
1508,src,flytecomm,0.5000,bclean_keep
1508,flight,AA-1886-BOS-MIA,0.5000,bclean_keep
1508,act_dep_time,10:54 a.m.,0.2431,bclean_keep
1508,act_arr_time,1:36 p.m.,0.0000,bclean_keep
1509,src,flytecomm,0.5000,bclean_keep
1509,flight,CO-62-IAH-EWR,0.5000,bclean_keep
1509,sched_dep_time,2:30 p.m.,0.0000,bclean_keep
1509,sched_arr_time,7:03 p.m.,0.0000,bclean_keep
1510,src,flytecomm,0.5000,bclean_keep
1510,flight,CO-1561-PHX-IAH,0.5000,bclean_keep
1510,sched_dep_time,8:05 a.m.,0.0513,bclean_keep
1510,sched_arr_time,11:35 a.m.,0.0000,bclean_keep
1511,src,flytecomm,0.5000,bclean_keep
1511,flight,UA-2314-ATL-PHL,0.5000,bclean_keep
1511,act_dep_time,3:04 p.m.,0.0000,bclean_keep
1511,act_arr_time,4:43 p.m.,0.4104,bclean_keep
1512,src,flytecomm,0.5000,bclean_keep
1512,flight,AA-446-DFW-PHL,0.5000,bclean_keep
1512,act_dep_time,12:13 p.m.,0.0000,bclean_keep
1513,src,flytecomm,0.5000,bclean_keep
1513,flight,CO-1023-IAH-DEN,0.5000,bclean_keep
1513,sched_dep_time,11:40 a.m.,0.0000,bclean_keep
1513,sched_arr_time,1:17 p.m.,0.2206,bclean_keep
1514,src,flytecomm,0.5000,bclean_keep
1514,flight,AA-466-IAH-MIA,0.5000,bclean_keep
1515,src,flytecomm,0.5000,bclean_keep
1515,flight,UA-3050-PHX-CLT,0.5000,bclean_keep
1515,act_dep_time,11:45 a.m.,0.0085,bclean_keep
1516,src,flytecomm,0.5000,bclean_keep
1516,flight,CO-89-IAH-EWR,0.5000,bclean_keep
1516,sched_dep_time,6:00 a.m.,0.0000,bclean_keep
1516,sched_arr_time,10:20 a.m.,0.0000,bclean_keep
1517,src,flytecomm,0.5000,bclean_keep
1517,flight,CO-1088-CLE-IAH,0.5000,bclean_keep
1517,sched_dep_time,8:40 a.m.,0.0000,bclean_keep
1517,sched_arr_time,10:54 a.m.,0.0000,bclean_keep
1518,src,flytecomm,0.5000,bclean_keep
1518,flight,AA-1664-MIA-ATL,0.5000,bclean_keep
1518,act_dep_time,10:19 a.m.,0.0000,bclean_keep
1518,act_arr_time,11:50 a.m.,0.0000,bclean_keep
1519,src,flytecomm,0.5000,bclean_keep
1519,flight,AA-1279-DFW-PHX,0.5000,bclean_keep
1520,src,flytecomm,0.5000,bclean_keep
1520,flight,UA-854-SFO-IAH,0.5000,bclean_keep
1520,act_dep_time,8:07 a.m.,0.0000,bclean_keep
1521,src,flytecomm,0.5000,bclean_keep
1521,flight,UA-382-IAD-LAX,0.5000,bclean_keep
1521,act_dep_time,12:56 p.m.,0.0133,bclean_keep
1522,src,flytecomm,0.5000,bclean_keep
1522,flight,AA-4344-ORD-DTW,0.5000,bclean_keep
1522,act_dep_time,12:14 p.m.,0.0000,bclean_keep
1523,src,flytecomm,0.5000,bclean_keep
1523,flight,UA-257-JFK-SFO,0.5000,bclean_keep
1523,act_dep_time,2:43 p.m.,0.0006,bclean_keep
1524,src,flytecomm,0.5000,bclean_keep
1524,flight,UA-2945-PHL-CLT,0.5000,bclean_keep
1524,act_dep_time,12:07 p.m.,0.0201,bclean_keep
1525,src,flytecomm,0.5000,bclean_keep
1525,flight,CO-63-EWR-IAH,0.5000,bclean_keep
1525,sched_dep_time,5:25 p.m.,0.0000,bclean_keep
1525,sched_arr_time,8:22 p.m.,0.2717,bclean_keep
1526,src,flytecomm,0.5000,bclean_keep
1526,flight,CO-47-IAH-LAX,0.5000,bclean_keep
1526,sched_dep_time,7:10 p.m.,0.0000,bclean_keep
1527,src,flytecomm,0.5000,bclean_keep
1527,flight,AA-2050-ORD-MIA,0.5000,bclean_keep
1527,act_dep_time,11:06 a.m.,0.3800,bclean_keep
1528,src,flytecomm,0.5000,bclean_keep
1528,flight,UA-248-PHX-ORD,0.5000,bclean_keep
1528,act_dep_time,1:43 p.m.,0.0000,bclean_keep
1528,act_arr_time,5:24 p.m.,0.3854,bclean_keep
1529,src,flytecomm,0.5000,bclean_keep
1529,flight,AA-4330-CVG-ORD,0.5000,bclean_keep
1529,sched_dep_time,3:35 p.m.,0.0000,bclean_keep
1529,sched_arr_time,4:00 p.m.,0.0238,bclean_keep
1530,src,flytecomm,0.5000,bclean_keep
1530,flight,AA-1434-DFW-MCO,0.5000,bclean_keep
1530,act_dep_time,7:22 a.m.,0.0000,bclean_keep
1531,src,flytecomm,0.5000,bclean_keep
1531,flight,AA-1640-MIA-MCO,0.5000,bclean_keep
1531,act_dep_time,6:47 p.m.,0.0000,bclean_keep
1531,act_arr_time,7:25 p.m.,0.0000,bclean_keep
1532,src,flytecomm,0.5000,bclean_keep
1532,flight,AA-4307-ORD-DTW,0.5000,bclean_keep
1532,act_dep_time,6:56 p.m.,0.0000,bclean_keep
1532,act_arr_time,8:38 p.m.,0.4284,bclean_keep
1533,src,flytecomm,0.5000,bclean_keep
1533,flight,AA-3-JFK-LAX,0.5000,bclean_keep
1533,act_arr_time,3:04 p.m.,0.5000,bclean_keep
1534,src,flytecomm,0.5000,bclean_keep
1534,flight,CO-1694-LAX-IAH,0.5000,bclean_keep
1534,sched_dep_time,7:15 p.m.,0.0000,bclean_keep
1535,src,flytecomm,0.5000,bclean_keep
1535,flight,UA-843-LAX-ORD,0.5000,bclean_keep
1535,act_dep_time,2:04 p.m.,0.0000,bclean_keep
1535,act_arr_time,7:20 p.m.,0.0000,bclean_keep
1536,src,flytecomm,0.5000,bclean_keep
1536,flight,CO-1193-EWR-MCO,0.5000,bclean_keep
1536,sched_dep_time,9:15 a.m.,0.0000,bclean_keep
1536,sched_arr_time,12:18 p.m.,0.0861,bclean_keep
1537,src,flytecomm,0.5000,bclean_keep
1537,flight,AA-3842-MSP-ORD,0.5000,bclean_keep
1538,src,flytecomm,0.5000,bclean_keep
1538,flight,AA-643-MIA-ORD,0.5000,bclean_keep
1538,act_dep_time,7:31 a.m.,0.0000,bclean_keep
1538,act_arr_time,9:26 a.m.,0.2095,bclean_keep
1539,src,flytecomm,0.5000,bclean_keep
1539,flight,AA-1007-MIA-PHX,0.5000,bclean_keep
1540,src,flytecomm,0.5000,bclean_keep
1540,flight,AA-2525-DFW-MIA,0.5000,bclean_keep
1540,act_dep_time,7:39 a.m.,0.0871,bclean_keep
1540,act_arr_time,10:43 a.m.,0.4816,bclean_keep
1541,src,flytecomm,0.5000,bclean_keep
1541,flight,UA-2906-PHL-MCO,0.5000,bclean_keep
1541,act_arr_time,6:28 p.m.,0.5000,bclean_keep
1542,src,flytecomm,0.5000,bclean_keep
1542,flight,UA-938-DEN-ORD,0.5000,bclean_keep
1542,act_dep_time,4:37 p.m.,0.2000,bclean_keep
1543,src,flytecomm,0.5000,bclean_keep
1543,flight,AA-1221-MCO-ORD,0.5000,bclean_keep
1543,act_dep_time,8:23 p.m.,0.0000,bclean_keep
1544,src,flytecomm,0.5000,bclean_keep
1544,flight,CO-16-LAX-EWR,0.5000,bclean_keep
1544,sched_dep_time,10:25 a.m.,0.0000,bclean_keep
1544,sched_arr_time,6:44 p.m.,0.0000,bclean_keep
1545,src,flytecomm,0.5000,bclean_keep
1545,flight,UA-2515-DFW-CLT,0.5000,bclean_keep
1545,act_arr_time,10:43 a.m.,0.5000,bclean_keep
1546,src,flytecomm,0.5000,bclean_keep
1546,flight,AA-400-DFW-JFK,0.5000,bclean_keep
1546,act_dep_time,11:02 a.m.,0.2697,bclean_keep
1547,src,flytecomm,0.5000,bclean_keep
1547,flight,UA-664-ORD-PHL,0.5000,bclean_keep
1547,act_dep_time,1:48 p.m.,0.0003,bclean_keep
1548,src,flytecomm,0.5000,bclean_keep
1548,flight,AA-3756-ORD-SLC,0.5000,bclean_keep
1548,act_arr_time,2:50 p.m.,0.0000,bclean_keep
1549,src,flytecomm,0.5000,bclean_keep
1549,flight,UA-37-EWR-MCO,0.5000,bclean_keep
1549,sched_dep_time,1:29 p.m.,0.0000,bclean_keep
1549,sched_arr_time,4:17 p.m.,0.0997,bclean_keep
1550,src,flytecomm,0.5000,bclean_keep
1550,flight,AA-1522-SFO-ORD,0.5000,bclean_keep
1550,act_dep_time,12:11 a.m.,0.0000,bclean_keep
1550,act_arr_time,5:52 a.m.,0.1981,bclean_keep
1551,src,flytecomm,0.5000,bclean_keep
1551,flight,UA-233-LAX-JFK,0.5000,bclean_keep
1551,act_dep_time,4:28 p.m.,0.0030,bclean_keep
1552,src,flytecomm,0.5000,bclean_keep
1552,flight,AA-3823-LAX-DEN,0.5000,bclean_keep
1552,act_dep_time,9:06 p.m.,0.0000,bclean_keep
1552,act_arr_time,11:49 p.m.,0.0000,bclean_keep
1553,src,flytecomm,0.5000,bclean_keep
1553,flight,AA-2312-DFW-DTW,0.5000,bclean_keep
1553,act_dep_time,8:29 p.m.,0.0000,bclean_keep
1553,act_arr_time,11:35 p.m.,0.0000,bclean_keep
1554,src,flytecomm,0.5000,bclean_keep
1554,flight,AA-1165-JFK-MIA,0.5000,bclean_keep
1555,src,flytecomm,0.5000,bclean_keep
1555,flight,AA-431-MIA-SFO,0.5000,bclean_keep
1555,act_dep_time,8:52 a.m.,0.3611,bclean_keep
1556,src,flytecomm,0.5000,bclean_keep
1556,flight,UA-3373-IAD-PHL,0.5000,bclean_keep
1556,act_arr_time,9:13 a.m.,0.0000,bclean_keep
1557,src,flytecomm,0.5000,bclean_keep
1557,flight,AA-649-ORD-SNA,0.5000,bclean_keep
1557,act_dep_time,1:41 p.m.,0.0000,bclean_keep
1557,act_arr_time,3:29 p.m.,0.0000,bclean_keep
1558,src,flytecomm,0.5000,bclean_keep
1558,flight,CO-1250-MIA-IAH,0.5000,bclean_keep
1558,sched_dep_time,2:53 p.m.,0.0000,bclean_keep
1558,sched_arr_time,4:48 p.m.,0.0000,bclean_keep
1559,src,flytecomm,0.5000,bclean_keep
1559,flight,UA-6273-YYC-SFO,0.5000,bclean_keep
1559,act_dep_time,7:41 a.m.,0.0000,bclean_keep
1560,src,flytecomm,0.5000,bclean_keep
1560,flight,UA-828-SFO-ORD,0.5000,bclean_keep
1560,sched_dep_time,11:08 p.m.,0.0000,bclean_keep
1561,src,flytecomm,0.5000,bclean_keep
1561,flight,CO-4888-IAH-DAL,0.5000,bclean_keep
1561,act_dep_time,5:38 p.m.,0.0000,bclean_keep
1561,act_arr_time,6:19 p.m.,0.0000,bclean_keep
1562,src,flytecomm,0.5000,bclean_keep
1562,flight,UA-858-PVG-SFO,0.5000,bclean_keep
1562,act_arr_time,7:50 a.m.,0.2004,bclean_keep
1563,src,flytecomm,0.5000,bclean_keep
1563,flight,UA-2704-DTW-PHX,0.5000,bclean_keep
1563,act_dep_time,11:47 a.m.,0.0000,bclean_keep
1564,src,flytecomm,0.5000,bclean_keep
1564,flight,AA-3063-SLC-LAX,0.5000,bclean_keep
1564,act_dep_time,8:40 p.m.,0.0000,bclean_keep
1565,src,flytecomm,0.5000,bclean_keep
1565,flight,UA-2708-EWR-CLT,0.5000,bclean_keep
1565,act_dep_time,3:04 p.m.,0.0000,bclean_keep
1566,src,flytecomm,0.5000,bclean_keep
1566,flight,UA-62-IAH-EWR,0.5000,bclean_keep
1566,sched_dep_time,2:30 p.m.,0.0000,bclean_keep
1566,sched_arr_time,7:03 p.m.,0.0000,bclean_keep
1567,src,flytecomm,0.5000,bclean_keep
1567,flight,UA-1500-IAH-GUA,0.5000,bclean_keep
1567,sched_dep_time,8:55 a.m.,0.0000,bclean_keep
1567,sched_arr_time,11:45 a.m.,0.0000,bclean_keep
1568,src,flytecomm,0.5000,bclean_keep
1568,flight,AA-3804-PHL-ORD,0.5000,bclean_keep
1568,act_dep_time,2:44 p.m.,0.0000,bclean_keep
1568,act_arr_time,3:36 p.m.,0.4874,bclean_keep
1569,src,flytecomm,0.5000,bclean_keep
1569,flight,AA-1917-JFK-MCO,0.5000,bclean_keep
1570,src,flytecomm,0.5000,bclean_keep
1570,flight,AA-2268-PHX-ORD,0.5000,bclean_keep
1571,src,flytecomm,0.5000,bclean_keep
1571,flight,AA-4277-CVG-JFK,0.5000,bclean_keep
1572,src,flytecomm,0.5000,bclean_keep
1572,flight,AA-2957-DFW-CVG,0.5000,bclean_keep
1572,act_dep_time,8:04 a.m.,0.4835,bclean_keep
1573,src,flytecomm,0.5000,bclean_keep
1573,flight,UA-37-EDI-EWR,0.5000,bclean_keep
1573,sched_arr_time,11:53 a.m.,0.0000,bclean_keep
1574,src,flytecomm,0.5000,bclean_keep
1574,flight,AA-789-ORD-DEN,0.5000,bclean_keep
1574,act_dep_time,1:20 p.m.,0.4871,bclean_keep
1575,src,flytecomm,0.5000,bclean_keep
1575,flight,AA-415-BOS-ORD,0.5000,bclean_keep
1575,act_dep_time,8:55 a.m.,0.0000,bclean_keep
1575,act_arr_time,10:12 a.m.,0.0000,bclean_keep
1576,src,flytecomm,0.5000,bclean_keep
1576,flight,AA-85-JFK-SFO,0.5000,bclean_keep
1577,src,flytecomm,0.5000,bclean_keep
1577,flight,AA-3979-CVG-ORD,0.5000,bclean_keep
1577,act_dep_time,8:04 a.m.,0.0000,bclean_keep
1578,src,flytecomm,0.5000,bclean_keep
1578,flight,AA-3786-IAH-ORD,0.5000,bclean_keep
1578,act_dep_time,4:12 p.m.,0.0000,bclean_keep
1579,src,flytecomm,0.5000,bclean_keep
1579,flight,AA-271-MIA-LAX,0.5000,bclean_keep
1579,act_dep_time,11:52 a.m.,0.0000,bclean_keep
1580,src,flytecomm,0.5000,bclean_keep
1580,flight,CO-50-CLE-EWR,0.5000,bclean_keep
1580,sched_dep_time,2:55 p.m.,0.0000,bclean_keep
1580,sched_arr_time,4:49 p.m.,0.0000,bclean_keep
1581,src,flytecomm,0.5000,bclean_keep
1581,flight,UA-3099-PHX-PHL,0.5000,bclean_keep
1581,act_dep_time,11:55 a.m.,0.0064,bclean_keep
1582,src,flytecomm,0.5000,bclean_keep
1582,flight,AA-4198-ORD-CLE,0.5000,bclean_keep
1582,act_dep_time,10:55 a.m.,0.0000,bclean_keep
1583,src,flytecomm,0.5000,bclean_keep
1583,flight,AA-404-MIA-MCO,0.5000,bclean_keep
1583,act_dep_time,6:58 a.m.,0.0000,bclean_keep
1584,src,flytecomm,0.5000,bclean_keep
1584,flight,CO-45-EWR-MIA,0.5000,bclean_keep
1584,sched_dep_time,4:00 p.m.,0.0000,bclean_keep
1584,sched_arr_time,7:05 p.m.,0.0900,bclean_keep
1585,src,flytecomm,0.5000,bclean_keep
1585,flight,AA-3809-PHX-LAX,0.5000,bclean_keep
1585,act_dep_time,6:11 a.m.,0.0000,bclean_keep
1586,src,flytecomm,0.5000,bclean_keep
1586,flight,AA-59-JFK-SFO,0.5000,bclean_keep
1586,act_dep_time,7:40 a.m.,0.4042,bclean_keep
1587,src,flytecomm,0.5000,bclean_keep
1587,flight,AA-222-LAX-BOS,0.5000,bclean_keep
1587,act_dep_time,7:32 a.m.,0.0000,bclean_keep
1587,act_arr_time,3:12 p.m.,0.4169,bclean_keep
1588,src,mytripandmore,0.5000,bclean_keep
1588,flight,AA-1733-ORD-PHX,0.5000,bclean_keep
1588,sched_dep_time,7:45 p.m.,0.0000,bclean_keep
1588,sched_arr_time,10:30 p.m.,0.0056,bclean_keep
1589,src,mytripandmore,0.5000,bclean_keep
1589,flight,CO-1586-IAH-MCO,0.5000,bclean_keep
1589,sched_dep_time,7:00 p.m.,0.0325,bclean_keep
1589,act_dep_time,7:14 p.m.,0.0000,bclean_keep
1589,sched_arr_time,10:15 p.m.,0.0014,bclean_keep
1590,src,mytripandmore,0.5000,bclean_keep
1590,flight,UA-3925-IAD-ORF,0.5000,bclean_keep
1590,sched_dep_time,8:41aDec 1,0.5000,bclean_keep
1590,sched_arr_time,9:54aDec 1,0.5000,bclean_keep
1591,src,mytripandmore,0.5000,bclean_keep
1591,flight,AA-1640-MIA-MCO,0.5000,bclean_keep
1591,sched_dep_time,6:30 p.m.,0.0000,bclean_keep
1591,sched_arr_time,7:25 p.m.,0.1297,bclean_keep
1592,src,mytripandmore,0.5000,bclean_keep
1592,flight,UA-2830-MCO-CLT,0.5000,bclean_keep
1592,sched_dep_time,3:27 p.m.,0.0000,bclean_keep
1592,act_dep_time,Contact Airline,0.5000,bclean_keep
1592,sched_arr_time,5:05 p.m.,0.0000,bclean_keep
1592,act_arr_time,Contact Airline,0.5000,bclean_keep
1593,src,mytripandmore,0.5000,bclean_keep
1593,flight,UA-5487-SFO-MRY,0.5000,bclean_keep
1593,sched_dep_time,10:39aDec 1,0.5000,bclean_keep
1593,sched_arr_time,11:19aDec 1,0.5000,bclean_keep
1594,src,mytripandmore,0.5000,bclean_keep
1594,flight,AA-204-LAX-MCO,0.5000,bclean_keep
1594,sched_dep_time,11:25 p.m.,0.0000,bclean_keep
1595,src,mytripandmore,0.5000,bclean_keep
1595,flight,CO-1614-LAX-IAH,0.5000,bclean_keep
1595,sched_dep_time,12:30aDec 1,0.5000,bclean_keep
1595,act_dep_time,12:41aDec 1,0.5000,bclean_keep
1595,sched_arr_time,5:35aDec 1,0.5000,bclean_keep
1595,act_arr_time,5:26aDec 1,0.5000,bclean_keep
1596,src,mytripandmore,0.5000,bclean_keep
1596,flight,UA-2726-FLL-PHL,0.5000,bclean_keep
1596,sched_dep_time,4:00 p.m.,0.0000,bclean_keep
1596,act_dep_time,3:58 p.m.,0.0106,bclean_keep
1596,sched_arr_time,6:46 p.m.,0.0003,bclean_keep
1596,act_arr_time,6:28 p.m.,0.0000,bclean_keep
1597,src,mytripandmore,0.5000,bclean_keep
1597,flight,CO-1090-BOS-IAH,0.5000,bclean_keep
1597,sched_arr_time,1:16 p.m.,0.0000,bclean_keep
1597,act_arr_time,1:19 p.m.,0.0000,bclean_keep
1598,src,mytripandmore,0.5000,bclean_keep
1598,flight,AA-3468-CVG-MIA,0.5000,bclean_keep
1598,sched_dep_time,7:00aDec 1,0.5000,bclean_keep
1598,act_dep_time,7:04aDec 1,0.5000,bclean_keep
1598,sched_arr_time,9:55aDec 1,0.5000,bclean_keep
1598,act_arr_time,9:45aDec 1,0.5000,bclean_keep
1599,src,mytripandmore,0.5000,bclean_keep
1599,flight,CO-62-IAH-EWR,0.5000,bclean_keep
1599,sched_dep_time,2:30 p.m.,0.0000,bclean_keep
1599,act_dep_time,2:48 p.m.,0.0010,bclean_keep
1599,sched_arr_time,7:03 p.m.,0.0000,bclean_keep
1599,act_arr_time,7:10 p.m.,0.0000,bclean_keep
1600,src,mytripandmore,0.5000,bclean_keep
1600,flight,CO-1023-IAH-DEN,0.5000,bclean_keep
1600,sched_arr_time,1:17 p.m.,0.0000,bclean_keep
1600,act_arr_time,1:14 p.m.,0.0000,bclean_keep
1601,src,mytripandmore,0.5000,bclean_keep
1601,flight,AA-466-IAH-MIA,0.5000,bclean_keep
1601,sched_dep_time,6:00aDec 1,0.5000,bclean_keep
1601,act_dep_time,5:58aDec 1,0.5000,bclean_keep
1601,sched_arr_time,9:20aDec 1,0.5000,bclean_keep
1601,act_arr_time,9:05aDec 1,0.5000,bclean_keep
1602,src,mytripandmore,0.5000,bclean_keep
1602,flight,UA-3050-PHX-CLT,0.5000,bclean_keep
1602,sched_arr_time,4:57 p.m.,0.0000,bclean_keep
1602,act_arr_time,5:05 p.m.,0.0000,bclean_keep
1603,src,mytripandmore,0.5000,bclean_keep
1603,flight,AA-1664-MIA-ATL,0.5000,bclean_keep
1603,sched_dep_time,10:15 a.m.,0.0000,bclean_keep
1603,sched_arr_time,12:10 p.m.,0.0003,bclean_keep
1603,act_arr_time,11:56 a.m.,0.0000,bclean_keep
1604,src,mytripandmore,0.5000,bclean_keep
1604,flight,AA-3979-CVG-ORD,0.5000,bclean_keep
1604,sched_dep_time,7:30aDec 1,0.5000,bclean_keep
1604,act_dep_time,7:28aDec 1,0.5000,bclean_keep
1604,sched_arr_time,8:00aDec 1,0.5000,bclean_keep
1604,act_arr_time,8:06aDec 1,0.5000,bclean_keep
1605,src,mytripandmore,0.5000,bclean_keep
1605,flight,UA-382-IAD-LAX,0.5000,bclean_keep
1605,sched_dep_time,12:30 p.m.,0.0000,bclean_keep
1605,act_dep_time,12:35 p.m.,0.1474,bclean_keep
1606,src,mytripandmore,0.5000,bclean_keep
1606,flight,AA-616-DFW-DTW,0.5000,bclean_keep
1606,sched_dep_time,9:05 a.m.,0.0000,bclean_keep
1606,sched_arr_time,12:35 p.m.,0.0004,bclean_keep
1606,act_arr_time,1:27 p.m.,0.0673,bclean_keep
1607,src,mytripandmore,0.5000,bclean_keep
1607,flight,AA-4344-ORD-DTW,0.5000,bclean_keep
1607,sched_arr_time,2:00 p.m.,0.0000,bclean_keep
1607,act_arr_time,2:10 p.m.,0.0000,bclean_keep
1608,src,mytripandmore,0.5000,bclean_keep
1608,flight,UA-2945-PHL-CLT,0.5000,bclean_keep
1608,sched_dep_time,12:00 p.m.,0.0050,bclean_keep
1608,sched_arr_time,1:45 p.m.,0.0004,bclean_keep
1608,act_arr_time,1:15 p.m.,0.0000,bclean_keep
1609,src,mytripandmore,0.5000,bclean_keep
1609,flight,CO-47-IAH-LAX,0.5000,bclean_keep
1609,sched_dep_time,7:10 p.m.,0.0000,bclean_keep
1609,act_dep_time,8:25 p.m.,0.1474,bclean_keep
1610,src,mytripandmore,0.5000,bclean_keep
1610,flight,AA-271-MIA-LAX,0.5000,bclean_keep
1610,sched_dep_time,11:35 a.m.,0.0000,bclean_keep
1610,sched_arr_time,2:25 p.m.,0.0003,bclean_keep
1610,act_arr_time,2:27 p.m.,0.0620,bclean_keep
1611,src,mytripandmore,0.5000,bclean_keep
1611,flight,AA-3842-MSP-ORD,0.5000,bclean_keep
1611,sched_dep_time,6:00aDec 1,0.5000,bclean_keep
1611,act_dep_time,5:59aDec 1,0.5000,bclean_keep
1611,sched_arr_time,7:30aDec 1,0.5000,bclean_keep
1611,act_arr_time,7:51aDec 1,0.5000,bclean_keep
1612,src,mytripandmore,0.5000,bclean_keep
1612,flight,AA-643-MIA-ORD,0.5000,bclean_keep
1612,sched_dep_time,7:10aDec 1,0.5000,bclean_keep
1612,act_dep_time,7:10aDec 1,0.5000,bclean_keep
1612,sched_arr_time,9:35aDec 1,0.5000,bclean_keep
1612,act_arr_time,9:31aDec 1,0.5000,bclean_keep
1613,src,mytripandmore,0.5000,bclean_keep
1613,flight,AA-1007-MIA-PHX,0.5000,bclean_keep
1613,sched_dep_time,4:55 p.m.,0.0000,bclean_keep
1613,sched_arr_time,8:05 p.m.,0.0020,bclean_keep
1613,act_arr_time,7:55 p.m.,0.0762,bclean_keep
1614,src,mytripandmore,0.5000,bclean_keep
1614,flight,AA-2525-DFW-MIA,0.5000,bclean_keep
1614,sched_dep_time,7:25aDec 1,0.5000,bclean_keep
1614,act_dep_time,7:22aDec 1,0.5000,bclean_keep
1614,sched_arr_time,11:10aDec 1,0.5000,bclean_keep
1614,act_arr_time,11:06aDec 1,0.5000,bclean_keep
1615,src,mytripandmore,0.5000,bclean_keep
1615,flight,AA-1221-MCO-ORD,0.5000,bclean_keep
1615,sched_dep_time,8:00 p.m.,0.0000,bclean_keep
1615,sched_arr_time,9:45 p.m.,0.0003,bclean_keep
1615,act_arr_time,9:53 p.m.,0.4112,bclean_keep
1616,src,mytripandmore,0.5000,bclean_keep
1616,flight,UA-2515-DFW-CLT,0.5000,bclean_keep
1616,sched_dep_time,7:05aDec 1,0.5000,bclean_keep
1616,act_dep_time,7:07aDec 1,0.5000,bclean_keep
1616,sched_arr_time,10:31aDec 1,0.5000,bclean_keep
1616,act_arr_time,10:47aDec 1,0.5000,bclean_keep
1617,src,mytripandmore,0.5000,bclean_keep
1617,flight,AA-4307-ORD-DTW,0.5000,bclean_keep
1617,sched_dep_time,6:45 p.m.,0.0061,bclean_keep
1617,sched_arr_time,9:10 p.m.,0.0004,bclean_keep
1617,act_arr_time,8:53 p.m.,0.0000,bclean_keep
1618,src,mytripandmore,0.5000,bclean_keep
1618,flight,UA-233-LAX-JFK,0.5000,bclean_keep
1618,sched_dep_time,4:25 p.m.,0.0000,bclean_keep
1619,src,mytripandmore,0.5000,bclean_keep
1619,flight,AA-3823-LAX-DEN,0.5000,bclean_keep
1619,sched_dep_time,9:00 p.m.,0.0000,bclean_keep
1619,act_dep_time,Not Available,0.5000,bclean_keep
1619,act_arr_time,Dec 02 Not Available,0.5000,bclean_keep
1620,src,mytripandmore,0.5000,bclean_keep
1620,flight,AA-2312-DFW-DTW,0.5000,bclean_keep
1620,sched_dep_time,8:25 p.m.,0.0000,bclean_keep
1620,sched_arr_time,11:50 p.m.,0.1356,bclean_keep
1621,src,mytripandmore,0.5000,bclean_keep
1621,flight,AA-1165-JFK-MIA,0.5000,bclean_keep
1621,sched_dep_time,6:59aDec 1,0.5000,bclean_keep
1621,act_dep_time,6:56aDec 1,0.5000,bclean_keep
1621,sched_arr_time,10:34aDec 1,0.5000,bclean_keep
1621,act_arr_time,10:04aDec 1,0.5000,bclean_keep
1622,src,mytripandmore,0.5000,bclean_keep
1622,flight,AA-431-MIA-SFO,0.5000,bclean_keep
1622,sched_dep_time,8:35aDec 1,0.5000,bclean_keep
1622,act_dep_time,8:31aDec 1,0.5000,bclean_keep
1622,sched_arr_time,11:50aDec 1,0.5000,bclean_keep
1622,act_arr_time,11:44aDec 1,0.5000,bclean_keep
1623,src,mytripandmore,0.5000,bclean_keep
1623,flight,UA-257-JFK-SFO,0.5000,bclean_keep
1623,sched_dep_time,Not Available,0.5000,bclean_keep
1623,sched_arr_time,Not Available,0.5000,bclean_keep
1623,act_arr_time,5:42 p.m.,0.0000,bclean_keep
1624,src,mytripandmore,0.5000,bclean_keep
1624,flight,AA-649-ORD-SNA,0.5000,bclean_keep
1624,sched_dep_time,1:30 p.m.,0.0135,bclean_keep
1624,act_dep_time,Not Available,0.5000,bclean_keep
1624,sched_arr_time,3:50 p.m.,0.0295,bclean_keep
1624,act_arr_time,Not Available,0.5000,bclean_keep
1625,src,mytripandmore,0.5000,bclean_keep
1625,flight,CO-1250-MIA-IAH,0.5000,bclean_keep
1625,sched_dep_time,2:53 p.m.,0.0000,bclean_keep
1625,act_dep_time,3:01 p.m.,0.0014,bclean_keep
1625,sched_arr_time,4:48 p.m.,0.0000,bclean_keep
1625,act_arr_time,4:59 p.m.,0.0000,bclean_keep
1626,src,mytripandmore,0.5000,bclean_keep
1626,flight,UA-828-SFO-ORD,0.5000,bclean_keep
1626,sched_dep_time,11:08 p.m.,0.0000,bclean_keep
1627,src,mytripandmore,0.5000,bclean_keep
1627,flight,AA-3063-SLC-LAX,0.5000,bclean_keep
1627,sched_dep_time,8:20 p.m.,0.0000,bclean_keep
1627,act_dep_time,8:30 p.m.,0.4410,bclean_keep
1628,src,mytripandmore,0.5000,bclean_keep
1628,flight,AA-1917-JFK-MCO,0.5000,bclean_keep
1628,sched_dep_time,2:55 p.m.,0.0000,bclean_keep
1628,sched_arr_time,5:55 p.m.,0.0003,bclean_keep
1628,act_arr_time,5:43 p.m.,0.0314,bclean_keep
1629,src,mytripandmore,0.5000,bclean_keep
1629,flight,UA-6273-YYC-SFO,0.5000,bclean_keep
1629,sched_dep_time,Not Available,0.5000,bclean_keep
1629,act_dep_time,7:41 a.m.,0.3636,bclean_keep
1629,sched_arr_time,Not Available,0.5000,bclean_keep
1629,act_arr_time,8:45 a.m.,0.4163,bclean_keep
1630,src,mytripandmore,0.5000,bclean_keep
1630,flight,AA-4277-CVG-JFK,0.5000,bclean_keep
1630,sched_dep_time,12:10 p.m.,0.0000,bclean_keep
1630,sched_arr_time,2:15 p.m.,0.0002,bclean_keep
1630,act_arr_time,1:43 p.m.,0.0265,bclean_keep
1631,src,mytripandmore,0.5000,bclean_keep
1631,flight,UA-37-EDI-EWR,0.5000,bclean_keep
1631,sched_dep_time,9:05aDec 1,0.5000,bclean_keep
1631,sched_arr_time,11:53aDec 1,0.5000,bclean_keep
1631,act_arr_time,12:09 p.m.,0.5000,bclean_keep
1632,src,mytripandmore,0.5000,bclean_keep
1632,flight,AA-59-JFK-SFO,0.5000,bclean_keep
1632,sched_dep_time,7:10aDec 1,0.5000,bclean_keep
1632,act_dep_time,7:14aDec 1,0.5000,bclean_keep
1632,sched_arr_time,10:45aDec 1,0.5000,bclean_keep
1632,act_arr_time,11:12aDec 1,0.5000,bclean_keep
1633,src,mytripandmore,0.5000,bclean_keep
1633,flight,AA-415-BOS-ORD,0.5000,bclean_keep
1633,sched_dep_time,8:35aDec 1,0.5000,bclean_keep
1633,act_dep_time,8:32aDec 1,0.5000,bclean_keep
1633,sched_arr_time,10:40aDec 1,0.5000,bclean_keep
1633,act_arr_time,10:16aDec 1,0.5000,bclean_keep
1634,src,mytripandmore,0.5000,bclean_keep
1634,flight,AA-1544-SAN-ORD,0.5000,bclean_keep
1634,sched_arr_time,5:25 p.m.,0.0000,bclean_keep
1634,act_arr_time,4:56 p.m.,0.0000,bclean_keep
1635,src,mytripandmore,0.5000,bclean_keep
1635,flight,AA-3786-IAH-ORD,0.5000,bclean_keep
1635,sched_dep_time,4:00 p.m.,0.0012,bclean_keep
1635,sched_arr_time,6:40 p.m.,0.0001,bclean_keep
1635,act_arr_time,6:15 p.m.,0.2900,bclean_keep
1636,src,mytripandmore,0.5000,bclean_keep
1636,flight,CO-50-CLE-EWR,0.5000,bclean_keep
1636,sched_dep_time,2:55 p.m.,0.0000,bclean_keep
1636,act_dep_time,3:31 p.m.,0.0018,bclean_keep
1636,sched_arr_time,4:49 p.m.,0.0000,bclean_keep
1636,act_arr_time,5:26 p.m.,0.0000,bclean_keep
1637,src,mytripandmore,0.5000,bclean_keep
1637,flight,AA-404-MIA-MCO,0.5000,bclean_keep
1637,sched_dep_time,6:45aDec 1,0.5000,bclean_keep
1637,act_dep_time,6:41aDec 1,0.5000,bclean_keep
1637,sched_arr_time,7:45aDec 1,0.5000,bclean_keep
1637,act_arr_time,7:40aDec 1,0.5000,bclean_keep
1638,src,ord,0.5000,bclean_keep
1638,flight,AA-3859-IAH-ORD,0.5000,bclean_keep
1638,sched_dep_time,7:10 a.m.,0.0000,bclean_keep
1638,sched_arr_time,9:40 a.m.,0.1420,bclean_keep
1639,src,ord,0.5000,bclean_keep
1639,flight,AA-3842-MSP-ORD,0.5000,bclean_keep
1639,sched_dep_time,6:00 a.m.,0.0000,bclean_keep
1639,sched_arr_time,7:30 a.m.,0.1492,bclean_keep
1640,src,ord,0.5000,bclean_keep
1640,flight,AA-643-MIA-ORD,0.5000,bclean_keep
1640,sched_dep_time,7:10 a.m.,0.0000,bclean_keep
1640,sched_arr_time,9:35 a.m.,0.1570,bclean_keep
1641,src,ord,0.5000,bclean_keep
1641,flight,AA-3804-PHL-ORD,0.5000,bclean_keep
1641,sched_dep_time,2:35 p.m.,0.0000,bclean_keep
1641,sched_arr_time,4:05 p.m.,0.0498,bclean_keep
1642,src,ord,0.5000,bclean_keep
1642,flight,AA-2268-PHX-ORD,0.5000,bclean_keep
1642,sched_dep_time,7:15 a.m.,0.0009,bclean_keep
1642,sched_arr_time,11:35 a.m.,0.1415,bclean_keep
1643,src,ord,0.5000,bclean_keep
1643,flight,AA-1221-MCO-ORD,0.5000,bclean_keep
1644,src,ord,0.5000,bclean_keep
1644,flight,UA-938-DEN-ORD,0.5000,bclean_keep
1645,src,ord,0.5000,bclean_keep
1645,flight,AA-789-ORD-DEN,0.5000,bclean_keep
1645,sched_dep_time,1:05 p.m.,0.0014,bclean_keep
1645,sched_arr_time,2:35 p.m.,0.2432,bclean_keep
1646,src,ord,0.5000,bclean_keep
1646,flight,AA-4307-ORD-DTW,0.5000,bclean_keep
1647,src,ord,0.5000,bclean_keep
1647,flight,AA-3979-CVG-ORD,0.5000,bclean_keep
1647,sched_dep_time,7:30 a.m.,0.0000,bclean_keep
1647,sched_arr_time,8:00 a.m.,0.1043,bclean_keep
1648,src,ord,0.5000,bclean_keep
1648,flight,UA-664-ORD-PHL,0.5000,bclean_keep
1648,sched_dep_time,1:33 p.m.,0.0000,bclean_keep
1648,sched_arr_time,4:31 p.m.,0.1356,bclean_keep
1649,src,ord,0.5000,bclean_keep
1649,flight,AA-3756-ORD-SLC,0.5000,bclean_keep
1649,sched_dep_time,12:15 p.m.,0.0020,bclean_keep
1649,sched_arr_time,2:45 p.m.,0.0104,bclean_keep
1650,src,ord,0.5000,bclean_keep
1650,flight,AA-3786-IAH-ORD,0.5000,bclean_keep
1651,src,ord,0.5000,bclean_keep
1651,flight,AA-1522-SFO-ORD,0.5000,bclean_keep
1651,sched_arr_time,5:50 a.m.,0.0000,bclean_keep
1652,src,ord,0.5000,bclean_keep
1652,flight,AA-1544-SAN-ORD,0.5000,bclean_keep
1653,src,ord,0.5000,bclean_keep
1653,flight,AA-4344-ORD-DTW,0.5000,bclean_keep
1653,sched_dep_time,11:45 a.m.,0.0000,bclean_keep
1653,sched_arr_time,2:00 p.m.,0.0000,bclean_keep
1654,src,ord,0.5000,bclean_keep
1654,flight,AA-1733-ORD-PHX,0.5000,bclean_keep
1655,src,ord,0.5000,bclean_keep
1655,flight,AA-4198-ORD-CLE,0.5000,bclean_keep
1655,sched_dep_time,10:40 a.m.,0.0000,bclean_keep
1655,sched_arr_time,12:55 p.m.,0.1043,bclean_keep
1656,src,ord,0.5000,bclean_keep
1656,flight,UA-828-SFO-ORD,0.5000,bclean_keep
1656,sched_arr_time,5:11 a.m.,0.0943,bclean_keep
1657,src,ord,0.5000,bclean_keep
1657,flight,AA-2050-ORD-MIA,0.5000,bclean_keep
1657,sched_dep_time,10:40 a.m.,0.0016,bclean_keep
1657,sched_arr_time,2:45 p.m.,0.1687,bclean_keep
1658,src,ord,0.5000,bclean_keep
1658,flight,UA-248-PHX-ORD,0.5000,bclean_keep
1659,src,ord,0.5000,bclean_keep
1659,flight,AA-415-BOS-ORD,0.5000,bclean_keep
1659,sched_dep_time,8:35 a.m.,0.0000,bclean_keep
1659,sched_arr_time,10:40 a.m.,0.0000,bclean_keep
1660,src,ord,0.5000,bclean_keep
1660,flight,AA-4330-CVG-ORD,0.5000,bclean_keep
1660,sched_dep_time,3:35 p.m.,0.0000,bclean_keep
1660,sched_arr_time,4:00 p.m.,0.0238,bclean_keep
1661,src,ord,0.5000,bclean_keep
1661,flight,UA-843-LAX-ORD,0.5000,bclean_keep
1662,src,wunderground,0.5000,bclean_keep
1662,flight,AA-3859-IAH-ORD,0.5000,bclean_keep
1662,sched_dep_time,7:10 a.m.,0.0000,bclean_keep
1662,act_dep_time,7:16 a.m.,0.0000,bclean_keep
1662,act_arr_time,9:22 a.m.,0.3011,bclean_keep
1663,src,wunderground,0.5000,bclean_keep
1663,flight,AA-518-MIA-JFK,0.5000,bclean_keep
1663,sched_dep_time,6:40 a.m.,0.0051,bclean_keep
1663,act_dep_time,6:54 a.m.,0.0012,bclean_keep
1664,src,wunderground,0.5000,bclean_keep
1664,flight,CO-1586-IAH-MCO,0.5000,bclean_keep
1664,sched_dep_time,7:00 p.m.,0.0435,bclean_keep
1664,act_dep_time,7:42 p.m.,0.0000,bclean_keep
1665,src,wunderground,0.5000,bclean_keep
1665,flight,UA-3925-IAD-ORF,0.5000,bclean_keep
1665,sched_dep_time,8:41 a.m.,0.0000,bclean_keep
1665,act_dep_time,8:51 a.m.,0.0000,bclean_keep
1665,sched_arr_time,9:34 a.m.,0.0146,bclean_keep
1665,act_arr_time,9:44 a.m.,0.0000,bclean_keep
1666,src,wunderground,0.5000,bclean_keep
1666,flight,AA-1733-ORD-PHX,0.5000,bclean_keep
1666,sched_dep_time,7:45 p.m.,0.0000,bclean_keep
1666,act_dep_time,7:59 p.m.,0.0000,bclean_keep
1666,act_arr_time,10:28 p.m.,0.1736,bclean_keep
1667,src,wunderground,0.5000,bclean_keep
1667,flight,AA-204-LAX-MCO,0.5000,bclean_keep
1667,act_dep_time,11:57 p.m.,0.0000,bclean_keep
1667,sched_arr_time,6:30 a.m.,0.1376,bclean_keep
1667,act_arr_time,6:55 a.m.,0.0000,bclean_keep
1668,src,wunderground,0.5000,bclean_keep
1668,flight,UA-2726-FLL-PHL,0.5000,bclean_keep
1668,sched_dep_time,4:00 p.m.,0.0000,bclean_keep
1668,act_dep_time,4:10 p.m.,0.0000,bclean_keep
1669,src,wunderground,0.5000,bclean_keep
1669,flight,CO-52-IAH-LAX,0.5000,bclean_keep
1669,sched_dep_time,7:35 a.m.,0.0000,bclean_keep
1669,act_dep_time,7:56 a.m.,0.0000,bclean_keep
1669,sched_arr_time,9:11 a.m.,0.0314,bclean_keep
1669,act_arr_time,9:08 a.m.,0.0245,bclean_keep
1670,src,wunderground,0.5000,bclean_keep
1670,flight,AA-3468-CVG-MIA,0.5000,bclean_keep
1670,sched_dep_time,7:00 a.m.,0.0000,bclean_keep
1670,act_dep_time,7:25 a.m.,0.0353,bclean_keep
1671,src,wunderground,0.5000,bclean_keep
1671,flight,AA-484-DFW-MIA,0.5000,bclean_keep
1671,sched_dep_time,4:15 p.m.,0.0000,bclean_keep
1671,act_dep_time,4:29 p.m.,0.1041,bclean_keep
1672,src,wunderground,0.5000,bclean_keep
1672,flight,AA-616-DFW-DTW,0.5000,bclean_keep
1672,sched_dep_time,9:05 a.m.,0.0000,bclean_keep
1673,src,wunderground,0.5000,bclean_keep
1673,flight,AA-446-DFW-PHL,0.5000,bclean_keep
1673,sched_dep_time,11:50 a.m.,0.0657,bclean_keep
1673,act_dep_time,12:13 p.m.,0.0000,bclean_keep
1674,src,wunderground,0.5000,bclean_keep
1674,flight,CO-1023-IAH-DEN,0.5000,bclean_keep
1674,sched_dep_time,11:40 a.m.,0.0000,bclean_keep
1674,act_dep_time,12:06 p.m.,0.0000,bclean_keep
1674,sched_arr_time,12:51 p.m.,0.0314,bclean_keep
1675,src,wunderground,0.5000,bclean_keep
1675,flight,AA-466-IAH-MIA,0.5000,bclean_keep
1675,sched_dep_time,6:00 a.m.,0.0000,bclean_keep
1676,src,wunderground,0.5000,bclean_keep
1676,flight,UA-3050-PHX-CLT,0.5000,bclean_keep
1676,sched_dep_time,11:05 a.m.,0.0000,bclean_keep
1676,act_dep_time,11:45 a.m.,0.0000,bclean_keep
1677,src,wunderground,0.5000,bclean_keep
1677,flight,AA-2957-DFW-CVG,0.5000,bclean_keep
1677,sched_dep_time,7:55 a.m.,0.0000,bclean_keep
1678,src,wunderground,0.5000,bclean_keep
1678,flight,AA-1664-MIA-ATL,0.5000,bclean_keep
1678,sched_dep_time,10:15 a.m.,0.0000,bclean_keep
1678,act_dep_time,10:19 a.m.,0.0000,bclean_keep
1678,act_arr_time,11:50 a.m.,0.0000,bclean_keep
1679,src,wunderground,0.5000,bclean_keep
1679,flight,AA-3979-CVG-ORD,0.5000,bclean_keep
1679,sched_dep_time,7:30 a.m.,0.0000,bclean_keep
1679,act_dep_time,8:04 a.m.,0.0000,bclean_keep
1680,src,wunderground,0.5000,bclean_keep
1680,flight,AA-1279-DFW-PHX,0.5000,bclean_keep
1680,sched_dep_time,1:00 p.m.,0.3571,bclean_keep
1680,act_dep_time,2:04 p.m.,0.4336,bclean_keep
1681,src,wunderground,0.5000,bclean_keep
1681,flight,AA-404-MIA-MCO,0.5000,bclean_keep
1681,sched_dep_time,6:45 a.m.,0.0000,bclean_keep
1681,act_dep_time,6:57 a.m.,0.0000,bclean_keep
1682,src,wunderground,0.5000,bclean_keep
1682,flight,AA-3756-ORD-SLC,0.5000,bclean_keep
1682,sched_dep_time,12:15 p.m.,0.1525,bclean_keep
1682,act_dep_time,12:42 p.m.,0.0000,bclean_keep
1683,src,wunderground,0.5000,bclean_keep
1683,flight,UA-382-IAD-LAX,0.5000,bclean_keep
1683,sched_dep_time,12:30 p.m.,0.0000,bclean_keep
1683,act_dep_time,12:56 p.m.,0.0043,bclean_keep
1683,sched_arr_time,2:48 p.m.,0.0136,bclean_keep
1684,src,wunderground,0.5000,bclean_keep
1684,flight,UA-257-JFK-SFO,0.5000,bclean_keep
1684,sched_dep_time,2:30 p.m.,0.0078,bclean_keep
1684,act_dep_time,2:42 p.m.,0.0000,bclean_keep
1685,src,wunderground,0.5000,bclean_keep
1685,flight,UA-2945-PHL-CLT,0.5000,bclean_keep
1685,sched_dep_time,12:00 p.m.,0.0000,bclean_keep
1685,act_dep_time,12:07 p.m.,0.0000,bclean_keep
1685,sched_arr_time,1:35 p.m.,0.0691,bclean_keep
1685,act_arr_time,1:08 p.m.,0.1855,bclean_keep
1686,src,wunderground,0.5000,bclean_keep
1686,flight,CO-63-EWR-IAH,0.5000,bclean_keep
1686,sched_dep_time,5:25 p.m.,0.0000,bclean_keep
1686,act_dep_time,5:38 p.m.,0.1321,bclean_keep
1686,sched_arr_time,8:04 p.m.,0.0167,bclean_keep
1687,src,wunderground,0.5000,bclean_keep
1687,flight,AA-2525-DFW-MIA,0.5000,bclean_keep
1687,sched_dep_time,7:25 a.m.,0.0000,bclean_keep
1687,act_dep_time,7:39 a.m.,0.0999,bclean_keep
1688,src,wunderground,0.5000,bclean_keep
1688,flight,CO-47-IAH-LAX,0.5000,bclean_keep
1688,sched_dep_time,7:27 p.m.,0.0000,bclean_keep
1688,act_dep_time,7:27 p.m.,0.0000,bclean_keep
1688,sched_arr_time,8:46 p.m.,0.0000,bclean_keep
1688,act_arr_time,8:46 p.m.,0.0000,bclean_keep
1689,src,wunderground,0.5000,bclean_keep
1689,flight,AA-271-MIA-LAX,0.5000,bclean_keep
1689,sched_dep_time,11:35 a.m.,0.0000,bclean_keep
1689,act_dep_time,11:52 a.m.,0.0000,bclean_keep
1690,src,wunderground,0.5000,bclean_keep
1690,flight,AA-2050-ORD-MIA,0.5000,bclean_keep
1690,sched_dep_time,10:40 a.m.,0.0487,bclean_keep
1691,src,wunderground,0.5000,bclean_keep
1691,flight,AA-4330-CVG-ORD,0.5000,bclean_keep
1691,sched_dep_time,3:35 p.m.,0.0000,bclean_keep
1691,act_dep_time,3:36 p.m.,0.0000,bclean_keep
1692,src,wunderground,0.5000,bclean_keep
1692,flight,AA-1434-DFW-MCO,0.5000,bclean_keep
1692,sched_dep_time,7:15 a.m.,0.0000,bclean_keep
1692,act_arr_time,10:29 a.m.,0.1168,bclean_keep
1693,src,wunderground,0.5000,bclean_keep
1693,flight,AA-1640-MIA-MCO,0.5000,bclean_keep
1693,sched_dep_time,6:30 p.m.,0.0000,bclean_keep
1693,act_dep_time,6:47 p.m.,0.0000,bclean_keep
1693,act_arr_time,7:25 p.m.,0.0000,bclean_keep
1694,src,wunderground,0.5000,bclean_keep
1694,flight,AA-4307-ORD-DTW,0.5000,bclean_keep
1694,sched_dep_time,6:45 p.m.,0.0066,bclean_keep
1694,act_dep_time,6:56 p.m.,0.0000,bclean_keep
1695,src,wunderground,0.5000,bclean_keep
1695,flight,AA-3-JFK-LAX,0.5000,bclean_keep
1695,sched_dep_time,12:00 p.m.,0.0000,bclean_keep
1695,act_dep_time,12:12 p.m.,0.0708,bclean_keep
1696,src,wunderground,0.5000,bclean_keep
1696,flight,CO-1694-LAX-IAH,0.5000,bclean_keep
1696,sched_dep_time,7:15 p.m.,0.0000,bclean_keep
1696,act_dep_time,7:25 p.m.,0.0000,bclean_keep
1696,sched_arr_time,11:52 p.m.,0.0447,bclean_keep
1696,act_arr_time,12:02 a.m.,0.0000,bclean_keep
1697,src,wunderground,0.5000,bclean_keep
1697,flight,CO-1193-EWR-MCO,0.5000,bclean_keep
1697,sched_dep_time,9:15 a.m.,0.0000,bclean_keep
1697,act_dep_time,9:57 a.m.,0.0038,bclean_keep
1697,sched_arr_time,12:08 p.m.,0.0887,bclean_keep
1697,act_arr_time,12:02 p.m.,0.0000,bclean_keep
1698,src,wunderground,0.5000,bclean_keep
1698,flight,AA-3842-MSP-ORD,0.5000,bclean_keep
1698,sched_dep_time,6:00 a.m.,0.0000,bclean_keep
1698,act_dep_time,6:56 a.m.,0.4553,bclean_keep
1699,src,wunderground,0.5000,bclean_keep
1699,flight,AA-643-MIA-ORD,0.5000,bclean_keep
1699,sched_dep_time,7:10 a.m.,0.0000,bclean_keep
1699,act_dep_time,7:31 a.m.,0.0000,bclean_keep
1699,act_arr_time,9:26 a.m.,0.4159,bclean_keep
1700,src,wunderground,0.5000,bclean_keep
1700,flight,AA-1007-MIA-PHX,0.5000,bclean_keep
1700,sched_dep_time,4:55 p.m.,0.0000,bclean_keep
1700,act_dep_time,5:08 p.m.,0.2037,bclean_keep
1701,src,wunderground,0.5000,bclean_keep
1701,flight,UA-2906-PHL-MCO,0.5000,bclean_keep
1701,sched_dep_time,3:50 p.m.,0.0000,bclean_keep
1701,act_dep_time,4:45 p.m.,0.0261,bclean_keep
1701,sched_arr_time,6:00 p.m.,0.0770,bclean_keep
1701,act_arr_time,6:34 p.m.,0.0000,bclean_keep
1702,src,wunderground,0.5000,bclean_keep
1702,flight,AA-1221-MCO-ORD,0.5000,bclean_keep
1702,sched_dep_time,8:00 p.m.,0.0000,bclean_keep
1702,act_dep_time,8:23 p.m.,0.0000,bclean_keep
1703,src,wunderground,0.5000,bclean_keep
1703,flight,AA-400-DFW-JFK,0.5000,bclean_keep
1703,sched_dep_time,10:40 a.m.,0.0000,bclean_keep
1704,src,wunderground,0.5000,bclean_keep
1704,flight,UA-664-ORD-PHL,0.5000,bclean_keep
1704,sched_dep_time,1:33 p.m.,0.0000,bclean_keep
1704,act_dep_time,1:48 p.m.,0.0003,bclean_keep
1705,src,wunderground,0.5000,bclean_keep
1705,flight,UA-37-EWR-MCO,0.5000,bclean_keep
1705,sched_dep_time,1:29 p.m.,0.1697,bclean_keep
1705,act_dep_time,2:01 p.m.,0.0000,bclean_keep
1705,sched_arr_time,3:55 p.m.,0.0670,bclean_keep
1706,src,wunderground,0.5000,bclean_keep
1706,flight,UA-233-LAX-JFK,0.5000,bclean_keep
1706,sched_dep_time,4:25 p.m.,0.0000,bclean_keep
1706,act_dep_time,4:35 p.m.,0.0000,bclean_keep
1706,sched_arr_time,12:09 a.m.,0.0810,bclean_keep
1706,act_arr_time,12:19 a.m.,0.0000,bclean_keep
1707,src,wunderground,0.5000,bclean_keep
1707,flight,AA-3823-LAX-DEN,0.5000,bclean_keep
1707,sched_dep_time,9:00 p.m.,0.0000,bclean_keep
1707,act_dep_time,9:16 p.m.,0.0333,bclean_keep
1707,sched_arr_time,12:05 a.m.,0.0770,bclean_keep
1707,act_arr_time,12:01 a.m.,0.0000,bclean_keep
1708,src,wunderground,0.5000,bclean_keep
1708,flight,AA-2312-DFW-DTW,0.5000,bclean_keep
1708,sched_dep_time,8:25 p.m.,0.0000,bclean_keep
1708,act_dep_time,8:29 p.m.,0.0000,bclean_keep
1708,act_arr_time,11:35 p.m.,0.0000,bclean_keep
1709,src,wunderground,0.5000,bclean_keep
1709,flight,AA-1165-JFK-MIA,0.5000,bclean_keep
1709,sched_dep_time,6:59 a.m.,0.0000,bclean_keep
1710,src,wunderground,0.5000,bclean_keep
1710,flight,AA-431-MIA-SFO,0.5000,bclean_keep
1710,sched_dep_time,8:35 a.m.,0.0000,bclean_keep
1711,src,wunderground,0.5000,bclean_keep
1711,flight,AA-649-ORD-SNA,0.5000,bclean_keep
1711,sched_dep_time,1:30 p.m.,0.2205,bclean_keep
1711,act_dep_time,1:40 p.m.,0.0000,bclean_keep
1711,act_arr_time,3:40 p.m.,0.0000,bclean_keep
1712,src,wunderground,0.5000,bclean_keep
1712,flight,UA-828-SFO-ORD,0.5000,bclean_keep
1712,sched_dep_time,11:08 p.m.,0.0000,bclean_keep
1712,act_dep_time,11:35 p.m.,0.0000,bclean_keep
1712,sched_arr_time,5:08 a.m.,0.0810,bclean_keep
1712,act_arr_time,5:21 a.m.,0.0000,bclean_keep
1713,src,wunderground,0.5000,bclean_keep
1713,flight,CO-4888-IAH-DAL,0.5000,bclean_keep
1713,act_dep_time,6:11 p.m.,0.0000,bclean_keep
1713,sched_arr_time,6:15 p.m.,0.1857,bclean_keep
1713,act_arr_time,6:56 p.m.,0.0000,bclean_keep
1714,src,wunderground,0.5000,bclean_keep
1714,flight,AA-3063-SLC-LAX,0.5000,bclean_keep
1714,act_dep_time,8:40 p.m.,0.0000,bclean_keep
1714,sched_arr_time,9:10 p.m.,0.2605,bclean_keep
1714,act_arr_time,9:11 p.m.,0.0061,bclean_keep
1715,src,wunderground,0.5000,bclean_keep
1715,flight,AA-3804-PHL-ORD,0.5000,bclean_keep
1715,sched_dep_time,2:35 p.m.,0.0000,bclean_keep
1715,act_dep_time,2:44 p.m.,0.0000,bclean_keep
1716,src,wunderground,0.5000,bclean_keep
1716,flight,AA-1917-JFK-MCO,0.5000,bclean_keep
1716,sched_dep_time,2:55 p.m.,0.0000,bclean_keep
1717,src,wunderground,0.5000,bclean_keep
1717,flight,AA-2268-PHX-ORD,0.5000,bclean_keep
1717,sched_dep_time,7:15 a.m.,0.0007,bclean_keep
1717,act_dep_time,7:23 a.m.,0.4421,bclean_keep
1718,src,wunderground,0.5000,bclean_keep
1718,flight,AA-4277-CVG-JFK,0.5000,bclean_keep
1718,sched_dep_time,12:10 p.m.,0.0000,bclean_keep
1719,src,wunderground,0.5000,bclean_keep
1719,flight,AA-789-ORD-DEN,0.5000,bclean_keep
1719,sched_dep_time,1:05 p.m.,0.0400,bclean_keep
1720,src,wunderground,0.5000,bclean_keep
1720,flight,AA-85-JFK-SFO,0.5000,bclean_keep
1720,sched_dep_time,3:05 p.m.,0.0236,bclean_keep
1720,act_dep_time,3:36 p.m.,0.4908,bclean_keep
1721,src,wunderground,0.5000,bclean_keep
1721,flight,AA-3786-IAH-ORD,0.5000,bclean_keep
1721,sched_dep_time,4:00 p.m.,0.0312,bclean_keep
1721,act_dep_time,4:12 p.m.,0.0000,bclean_keep
1722,src,wunderground,0.5000,bclean_keep
1722,flight,AA-222-LAX-BOS,0.5000,bclean_keep
1722,sched_dep_time,7:10 a.m.,0.0071,bclean_keep
1722,act_dep_time,7:32 a.m.,0.0000,bclean_keep
1723,src,wunderground,0.5000,bclean_keep
1723,flight,UA-3099-PHX-PHL,0.5000,bclean_keep
1723,sched_dep_time,11:55 a.m.,0.0000,bclean_keep
1723,act_dep_time,11:55 a.m.,0.0026,bclean_keep
1724,src,wunderground,0.5000,bclean_keep
1724,flight,AA-4198-ORD-CLE,0.5000,bclean_keep
1724,sched_dep_time,10:40 a.m.,0.0000,bclean_keep
1724,act_dep_time,10:55 a.m.,0.0000,bclean_keep
1725,src,wunderground,0.5000,bclean_keep
1725,flight,CO-45-EWR-MIA,0.5000,bclean_keep
1725,sched_dep_time,4:00 p.m.,0.0000,bclean_keep
1726,src,wunderground,0.5000,bclean_keep
1726,flight,AA-3809-PHX-LAX,0.5000,bclean_keep
1726,sched_dep_time,6:00 a.m.,0.0000,bclean_keep
1726,act_dep_time,6:10 a.m.,0.0000,bclean_keep
1727,src,wunderground,0.5000,bclean_keep
1727,flight,AA-59-JFK-SFO,0.5000,bclean_keep
1727,sched_dep_time,7:10 a.m.,0.0000,bclean_keep
1728,src,ua,0.5000,bclean_keep
1728,flight,UA-397-JFK-SFO,0.5000,bclean_keep
1728,sched_dep_time,8:00 a.m.,0.0000,bclean_keep
1728,act_dep_time,8:29 a.m.,0.4158,bclean_keep
1728,sched_arr_time,11:55 a.m.,0.0000,bclean_keep
1728,act_arr_time,11:58 a.m.,0.0000,bclean_keep
1729,src,ua,0.5000,bclean_keep
1729,flight,UA-3925-IAD-ORF,0.5000,bclean_keep
1729,sched_dep_time,8:41 a.m.,0.0000,bclean_keep
1729,act_dep_time,8:42 a.m.,0.0034,bclean_keep
1729,sched_arr_time,9:54 a.m.,0.0020,bclean_keep
1729,act_arr_time,9:43 a.m.,0.0000,bclean_keep
1730,src,ua,0.5000,bclean_keep
1730,flight,UA-2830-MCO-CLT,0.5000,bclean_keep
1730,sched_dep_time,3:27 p.m.,0.0000,bclean_keep
1730,sched_arr_time,5:05 p.m.,0.0000,bclean_keep
1730,act_arr_time,5:17 p.m.,0.0000,bclean_keep
1731,src,ua,0.5000,bclean_keep
1731,flight,UA-5487-SFO-MRY,0.5000,bclean_keep
1731,sched_dep_time,10:39 a.m.,0.0000,bclean_keep
1731,act_dep_time,10:33 a.m.,0.0193,bclean_keep
1731,sched_arr_time,11:19 a.m.,0.0000,bclean_keep
1731,act_arr_time,11:21 a.m.,0.0000,bclean_keep
1732,src,ua,0.5000,bclean_keep
1732,flight,UA-2726-FLL-PHL,0.5000,bclean_keep
1732,sched_dep_time,4:00 p.m.,0.0000,bclean_keep
1732,sched_arr_time,6:46 p.m.,0.0004,bclean_keep
1732,act_arr_time,6:28 p.m.,0.0000,bclean_keep
1733,src,ua,0.5000,bclean_keep
1733,flight,UA-3050-PHX-CLT,0.5000,bclean_keep
1733,sched_dep_time,11:05 a.m.,0.0000,bclean_keep
1733,act_dep_time,11:30 a.m.,0.0000,bclean_keep
1733,sched_arr_time,4:57 p.m.,0.0006,bclean_keep
1733,act_arr_time,5:05 p.m.,0.0000,bclean_keep
1734,src,ua,0.5000,bclean_keep
1734,flight,UA-382-IAD-LAX,0.5000,bclean_keep
1734,sched_dep_time,12:30 p.m.,0.0000,bclean_keep
1734,sched_arr_time,3:19 p.m.,0.2349,bclean_keep
1734,act_arr_time,3:21 p.m.,0.0000,bclean_keep
1735,src,ua,0.5000,bclean_keep
1735,flight,UA-2945-PHL-CLT,0.5000,bclean_keep
1735,sched_arr_time,1:45 p.m.,0.0000,bclean_keep
1735,act_arr_time,1:15 p.m.,0.0000,bclean_keep
1736,src,ua,0.5000,bclean_keep
1736,flight,UA-854-SFO-IAH,0.5000,bclean_keep
1736,sched_dep_time,7:53 a.m.,0.0000,bclean_keep
1736,act_dep_time,7:49 a.m.,0.1764,bclean_keep
1736,sched_arr_time,1:39 p.m.,0.0000,bclean_keep
1736,act_arr_time,1:30 p.m.,0.0000,bclean_keep
1737,src,ua,0.5000,bclean_keep
1737,flight,UA-3515-IAD-MSP,0.5000,bclean_keep
1737,sched_dep_time,8:15 a.m.,0.0000,bclean_keep
1737,act_dep_time,8:12 a.m.,0.2600,bclean_keep
1737,sched_arr_time,10:06 a.m.,0.0000,bclean_keep
1737,act_arr_time,9:56 a.m.,0.0000,bclean_keep
1738,src,ua,0.5000,bclean_keep
1738,flight,UA-248-PHX-ORD,0.5000,bclean_keep
1738,sched_dep_time,12:57 p.m.,0.0000,bclean_keep
1738,sched_arr_time,5:15 p.m.,0.0019,bclean_keep
1738,act_arr_time,5:34 p.m.,0.0000,bclean_keep
1739,src,ua,0.5000,bclean_keep
1739,flight,UA-843-LAX-ORD,0.5000,bclean_keep
1739,sched_dep_time,1:55 p.m.,0.0564,bclean_keep
1739,act_dep_time,2:10 p.m.,0.0988,bclean_keep
1739,sched_arr_time,7:53 p.m.,0.0000,bclean_keep
1739,act_arr_time,7:58 p.m.,0.0000,bclean_keep
1740,src,ua,0.5000,bclean_keep
1740,flight,UA-2906-PHL-MCO,0.5000,bclean_keep
1740,sched_dep_time,3:50 p.m.,0.0000,bclean_keep
1740,sched_arr_time,6:23 p.m.,0.0002,bclean_keep
1740,act_arr_time,6:38 p.m.,0.0000,bclean_keep
1741,src,ua,0.5000,bclean_keep
1741,flight,UA-938-DEN-ORD,0.5000,bclean_keep
1741,sched_dep_time,4:16 p.m.,0.0000,bclean_keep
1741,act_dep_time,4:15 p.m.,0.0024,bclean_keep
1741,sched_arr_time,7:35 p.m.,0.0000,bclean_keep
1741,act_arr_time,7:36 p.m.,0.0000,bclean_keep
1742,src,ua,0.5000,bclean_keep
1742,flight,UA-2515-DFW-CLT,0.5000,bclean_keep
1742,sched_dep_time,7:05 a.m.,0.0000,bclean_keep
1742,sched_arr_time,10:31 a.m.,0.0000,bclean_keep
1742,act_arr_time,10:47 a.m.,0.0000,bclean_keep
1743,src,ua,0.5000,bclean_keep
1743,flight,UA-664-ORD-PHL,0.5000,bclean_keep
1743,sched_dep_time,1:33 p.m.,0.0000,bclean_keep
1743,act_dep_time,1:31 p.m.,0.3143,bclean_keep
1743,sched_arr_time,4:31 p.m.,0.0003,bclean_keep
1743,act_arr_time,4:23 p.m.,0.0000,bclean_keep
1744,src,ua,0.5000,bclean_keep
1744,flight,UA-37-EWR-MCO,0.5000,bclean_keep
1744,sched_dep_time,1:29 p.m.,0.0000,bclean_keep
1744,sched_arr_time,4:17 p.m.,0.0004,bclean_keep
1744,act_arr_time,4:17 p.m.,0.0000,bclean_keep
1745,src,ua,0.5000,bclean_keep
1745,flight,UA-233-LAX-JFK,0.5000,bclean_keep
1745,sched_dep_time,4:25 p.m.,0.0000,bclean_keep
1745,act_dep_time,4:25 p.m.,0.0000,bclean_keep
1746,src,ua,0.5000,bclean_keep
1746,flight,UA-3373-IAD-PHL,0.5000,bclean_keep
1746,sched_dep_time,8:29 a.m.,0.0000,bclean_keep
1746,act_dep_time,8:26 a.m.,0.0048,bclean_keep
1746,sched_arr_time,9:24 a.m.,0.0000,bclean_keep
1746,act_arr_time,9:13 a.m.,0.0000,bclean_keep
1747,src,ua,0.5000,bclean_keep
1747,flight,UA-6273-YYC-SFO,0.5000,bclean_keep
1747,sched_dep_time,7:35 a.m.,0.0000,bclean_keep
1747,act_dep_time,7:27 a.m.,0.0269,bclean_keep
1747,sched_arr_time,9:43 a.m.,0.0000,bclean_keep
1747,act_arr_time,8:45 a.m.,0.0000,bclean_keep
1748,src,ua,0.5000,bclean_keep
1748,flight,UA-828-SFO-ORD,0.5000,bclean_keep
1748,sched_dep_time,11:08 p.m.,0.0000,bclean_keep
1749,src,ua,0.5000,bclean_keep
1749,flight,UA-858-PVG-SFO,0.5000,bclean_keep
1749,sched_dep_time,1:45 p.m.,0.0000,bclean_keep
1749,act_dep_time,1:32 p.m.,0.0138,bclean_keep
1749,sched_arr_time,8:27 a.m.,0.0000,bclean_keep
1749,act_arr_time,8:02 a.m.,0.0000,bclean_keep
1750,src,ua,0.5000,bclean_keep
1750,flight,UA-2704-DTW-PHX,0.5000,bclean_keep
1750,sched_dep_time,11:15 a.m.,0.0000,bclean_keep
1750,act_dep_time,11:15 a.m.,0.0000,bclean_keep
1750,sched_arr_time,1:40 p.m.,0.0000,bclean_keep
1750,act_arr_time,2:00 p.m.,0.0000,bclean_keep
1751,src,ua,0.5000,bclean_keep
1751,flight,UA-2708-EWR-CLT,0.5000,bclean_keep
1751,sched_dep_time,2:55 p.m.,0.0000,bclean_keep
1751,sched_arr_time,4:53 p.m.,0.0000,bclean_keep
1751,act_arr_time,4:44 p.m.,0.0000,bclean_keep
1752,src,ua,0.5000,bclean_keep
1752,flight,UA-62-IAH-EWR,0.5000,bclean_keep
1752,sched_dep_time,2:30 p.m.,0.0000,bclean_keep
1752,act_dep_time,2:48 p.m.,0.0010,bclean_keep
1752,sched_arr_time,7:03 p.m.,0.0000,bclean_keep
1752,act_arr_time,7:10 p.m.,0.0000,bclean_keep
1753,src,ua,0.5000,bclean_keep
1753,flight,UA-1500-IAH-GUA,0.5000,bclean_keep
1753,sched_dep_time,8:55 a.m.,0.0000,bclean_keep
1753,sched_arr_time,11:45 a.m.,0.0000,bclean_keep
1753,act_arr_time,11:56 a.m.,0.3205,bclean_keep
1754,src,ua,0.5000,bclean_keep
1754,flight,UA-2314-ATL-PHL,0.5000,bclean_keep
1754,sched_dep_time,2:55 p.m.,0.0000,bclean_keep
1754,sched_arr_time,5:00 p.m.,0.0000,bclean_keep
1754,act_arr_time,4:47 p.m.,0.0000,bclean_keep
1755,src,ua,0.5000,bclean_keep
1755,flight,UA-37-EDI-EWR,0.5000,bclean_keep
1755,sched_dep_time,9:05 a.m.,0.0000,bclean_keep
1755,act_dep_time,8:52 a.m.,0.0343,bclean_keep
1755,sched_arr_time,11:53 a.m.,0.0000,bclean_keep
1755,act_arr_time,12:09 p.m.,0.0000,bclean_keep
1756,src,ua,0.5000,bclean_keep
1756,flight,UA-3099-PHX-PHL,0.5000,bclean_keep
1756,sched_dep_time,11:55 a.m.,0.0000,bclean_keep
1756,sched_arr_time,6:17 p.m.,0.0263,bclean_keep
1756,act_arr_time,5:38 p.m.,0.0000,bclean_keep
1757,src,ua,0.5000,bclean_keep
1757,flight,UA-414-LAX-SFO,0.5000,bclean_keep
1757,sched_dep_time,6:00 a.m.,0.0000,bclean_keep
1757,sched_arr_time,7:23 a.m.,0.0000,bclean_keep
1757,act_arr_time,7:17 a.m.,0.0050,bclean_keep
1758,src,ua,0.5000,bclean_keep
1758,flight,UA-257-JFK-SFO,0.5000,bclean_keep
1758,sched_dep_time,2:30 p.m.,0.0042,bclean_keep
1758,act_dep_time,2:26 p.m.,0.4029,bclean_keep
1758,sched_arr_time,6:15 p.m.,0.0003,bclean_keep
1758,act_arr_time,5:42 p.m.,0.0000,bclean_keep
1759,src,flylouisville,0.5000,bclean_keep
1759,flight,AA-3859-IAH-ORD,0.5000,bclean_keep
1759,sched_dep_time,7:10 a.m.,0.0000,bclean_keep
1759,act_dep_time,7:16 a.m.,0.0106,bclean_keep
1759,sched_arr_time,9:40 a.m.,0.0300,bclean_keep
1760,src,flylouisville,0.5000,bclean_keep
1760,flight,CO-1586-IAH-MCO,0.5000,bclean_keep
1760,act_arr_time,10:29 p.m.,0.2844,bclean_keep
1761,src,flylouisville,0.5000,bclean_keep
1761,flight,AA-518-MIA-JFK,0.5000,bclean_keep
1761,sched_dep_time,6:40 a.m.,0.0046,bclean_keep
1761,act_dep_time,6:54 a.m.,0.0061,bclean_keep
1761,sched_arr_time,9:25 a.m.,0.0140,bclean_keep
1761,act_arr_time,9:28 a.m.,0.0268,bclean_keep
1762,src,flylouisville,0.5000,bclean_keep
1762,flight,UA-397-JFK-SFO,0.5000,bclean_keep
1762,sched_dep_time,8:00 a.m.,0.0000,bclean_keep
1762,act_dep_time,8:29 a.m.,0.4158,bclean_keep
1762,sched_arr_time,11:55 a.m.,0.0000,bclean_keep
1762,act_arr_time,11:58 a.m.,0.0000,bclean_keep
1763,src,flylouisville,0.5000,bclean_keep
1763,flight,UA-3925-IAD-ORF,0.5000,bclean_keep
1763,act_dep_time,8:42 a.m.,0.4167,bclean_keep
1763,act_arr_time,9:43 a.m.,0.0000,bclean_keep
1764,src,flylouisville,0.5000,bclean_keep
1764,flight,AA-1733-ORD-PHX,0.5000,bclean_keep
1764,sched_dep_time,7:45 p.m.,0.0000,bclean_keep
1764,sched_arr_time,10:30 p.m.,0.0005,bclean_keep
1765,src,flylouisville,0.5000,bclean_keep
1765,flight,AA-3-JFK-LAX,0.5000,bclean_keep
1765,sched_dep_time,12:00 p.m.,0.0000,bclean_keep
1765,act_dep_time,12:11 p.m.,0.3771,bclean_keep
1765,sched_arr_time,3:15 p.m.,0.0002,bclean_keep
1765,act_arr_time,3:16 p.m.,0.0000,bclean_keep
1766,src,flylouisville,0.5000,bclean_keep
1766,flight,UA-2830-MCO-CLT,0.5000,bclean_keep
1766,sched_dep_time,3:27 p.m.,0.0000,bclean_keep
1766,act_dep_time,3:28 p.m.,0.3807,bclean_keep
1766,sched_arr_time,5:05 p.m.,0.0000,bclean_keep
1766,act_arr_time,5:17 p.m.,0.0000,bclean_keep
1767,src,flylouisville,0.5000,bclean_keep
1767,flight,CO-58-DEN-IAH,0.5000,bclean_keep
1767,act_dep_time,11:32 a.m.,0.0049,bclean_keep
1767,act_arr_time,3:31 p.m.,0.0000,bclean_keep
1768,src,flylouisville,0.5000,bclean_keep
1768,flight,UA-5487-SFO-MRY,0.5000,bclean_keep
1768,act_arr_time,11:21 a.m.,0.4439,bclean_keep
1769,src,flylouisville,0.5000,bclean_keep
1769,flight,AA-204-LAX-MCO,0.5000,bclean_keep
1769,sched_dep_time,11:25 p.m.,0.0000,bclean_keep
1770,src,flylouisville,0.5000,bclean_keep
1770,flight,UA-414-LAX-SFO,0.5000,bclean_keep
1770,act_arr_time,7:17 a.m.,0.0052,bclean_keep
1771,src,flylouisville,0.5000,bclean_keep
1771,flight,CO-1614-LAX-IAH,0.5000,bclean_keep
1771,act_dep_time,12:41 a.m.,0.4167,bclean_keep
1771,act_arr_time,5:26 a.m.,0.0000,bclean_keep
1772,src,flylouisville,0.5000,bclean_keep
1772,flight,UA-2726-FLL-PHL,0.5000,bclean_keep
1772,sched_dep_time,4:00 p.m.,0.0000,bclean_keep
1772,act_dep_time,3:58 p.m.,0.0106,bclean_keep
1772,sched_arr_time,6:46 p.m.,0.0003,bclean_keep
1772,act_arr_time,6:28 p.m.,0.0000,bclean_keep
1773,src,flylouisville,0.5000,bclean_keep
1773,flight,CO-52-IAH-LAX,0.5000,bclean_keep
1773,act_arr_time,9:14 a.m.,0.5000,bclean_keep
1774,src,flylouisville,0.5000,bclean_keep
1774,flight,CO-1090-BOS-IAH,0.5000,bclean_keep
1774,act_arr_time,1:19 p.m.,0.1744,bclean_keep
1775,src,flylouisville,0.5000,bclean_keep
1775,flight,AA-616-DFW-DTW,0.5000,bclean_keep
1775,sched_dep_time,9:05 a.m.,0.0000,bclean_keep
1775,act_dep_time,10:10 a.m.,0.0508,bclean_keep
1775,sched_arr_time,12:35 p.m.,0.0204,bclean_keep
1775,act_arr_time,1:27 p.m.,0.0673,bclean_keep
1776,src,flylouisville,0.5000,bclean_keep
1776,flight,UA-3515-IAD-MSP,0.5000,bclean_keep
1776,act_arr_time,9:56 a.m.,0.1900,bclean_keep
1777,src,flylouisville,0.5000,bclean_keep
1777,flight,AA-3468-CVG-MIA,0.5000,bclean_keep
1777,sched_dep_time,7:00 a.m.,0.0000,bclean_keep
1777,act_dep_time,7:25 a.m.,0.0119,bclean_keep
1777,sched_arr_time,9:55 a.m.,0.0104,bclean_keep
1777,act_arr_time,9:45 a.m.,0.0280,bclean_keep
1778,src,flylouisville,0.5000,bclean_keep
1778,flight,AA-484-DFW-MIA,0.5000,bclean_keep
1778,sched_dep_time,4:15 p.m.,0.0000,bclean_keep
1778,act_dep_time,4:29 p.m.,0.3324,bclean_keep
1778,sched_arr_time,7:55 p.m.,0.0148,bclean_keep
1778,act_arr_time,7:39 p.m.,0.0804,bclean_keep
1779,src,flylouisville,0.5000,bclean_keep
1779,flight,AA-1886-BOS-MIA,0.5000,bclean_keep
1779,act_dep_time,10:55 a.m.,0.0247,bclean_keep
1779,act_arr_time,1:40 p.m.,0.1159,bclean_keep
1780,src,flylouisville,0.5000,bclean_keep
1780,flight,CO-62-IAH-EWR,0.5000,bclean_keep
1780,act_dep_time,2:48 p.m.,0.3704,bclean_keep
1780,act_arr_time,7:10 p.m.,0.0000,bclean_keep
1781,src,flylouisville,0.5000,bclean_keep
1781,flight,CO-1561-PHX-IAH,0.5000,bclean_keep
1781,act_dep_time,8:00 a.m.,0.4167,bclean_keep
1781,act_arr_time,11:32 a.m.,0.0000,bclean_keep
1782,src,flylouisville,0.5000,bclean_keep
1782,flight,UA-2314-ATL-PHL,0.5000,bclean_keep
1782,act_arr_time,4:47 p.m.,0.0000,bclean_keep
1783,src,flylouisville,0.5000,bclean_keep
1783,flight,AA-446-DFW-PHL,0.5000,bclean_keep
1783,sched_dep_time,11:50 a.m.,0.0013,bclean_keep
1783,act_dep_time,12:12 p.m.,0.3678,bclean_keep
1783,sched_arr_time,3:50 p.m.,0.0005,bclean_keep
1783,act_arr_time,4:09 p.m.,0.0000,bclean_keep
1784,src,flylouisville,0.5000,bclean_keep
1784,flight,CO-1023-IAH-DEN,0.5000,bclean_keep
1784,act_dep_time,11:56 a.m.,0.3064,bclean_keep
1784,act_arr_time,1:14 p.m.,0.0000,bclean_keep
1785,src,flylouisville,0.5000,bclean_keep
1785,flight,AA-466-IAH-MIA,0.5000,bclean_keep
1785,sched_dep_time,6:00 a.m.,0.0000,bclean_keep
1785,act_dep_time,6:08 a.m.,0.3873,bclean_keep
1785,sched_arr_time,9:20 a.m.,0.0157,bclean_keep
1785,act_arr_time,9:05 a.m.,0.0471,bclean_keep
1786,src,flylouisville,0.5000,bclean_keep
1786,flight,UA-3050-PHX-CLT,0.5000,bclean_keep
1786,sched_dep_time,11:05 a.m.,0.0000,bclean_keep
1786,act_dep_time,11:30 a.m.,0.0000,bclean_keep
1786,sched_arr_time,4:57 p.m.,0.0006,bclean_keep
1786,act_arr_time,5:05 p.m.,0.0000,bclean_keep
1787,src,flylouisville,0.5000,bclean_keep
1787,flight,CO-89-IAH-EWR,0.5000,bclean_keep
1787,act_dep_time,6:02 a.m.,0.3846,bclean_keep
1787,act_arr_time,10:27 a.m.,0.0000,bclean_keep
1788,src,flylouisville,0.5000,bclean_keep
1788,flight,CO-1088-CLE-IAH,0.5000,bclean_keep
1788,act_dep_time,8:40 a.m.,0.4167,bclean_keep
1788,act_arr_time,10:56 a.m.,0.0000,bclean_keep
1789,src,flylouisville,0.5000,bclean_keep
1789,flight,AA-1664-MIA-ATL,0.5000,bclean_keep
1789,sched_dep_time,10:15 a.m.,0.0000,bclean_keep
1789,act_dep_time,10:18 a.m.,0.0785,bclean_keep
1789,sched_arr_time,12:10 p.m.,0.0003,bclean_keep
1789,act_arr_time,11:56 a.m.,0.0000,bclean_keep
1790,src,flylouisville,0.5000,bclean_keep
1790,flight,AA-1279-DFW-PHX,0.5000,bclean_keep
1790,sched_dep_time,1:00 p.m.,0.0478,bclean_keep
1790,act_dep_time,2:04 p.m.,0.0005,bclean_keep
1790,sched_arr_time,2:35 p.m.,0.0337,bclean_keep
1791,src,flylouisville,0.5000,bclean_keep
1791,flight,UA-854-SFO-IAH,0.5000,bclean_keep
1791,act_dep_time,7:49 a.m.,0.4615,bclean_keep
1791,act_arr_time,1:30 p.m.,0.0000,bclean_keep
1792,src,flylouisville,0.5000,bclean_keep
1792,flight,UA-382-IAD-LAX,0.5000,bclean_keep
1793,src,flylouisville,0.5000,bclean_keep
1793,flight,AA-4344-ORD-DTW,0.5000,bclean_keep
1793,act_dep_time,12:13 p.m.,0.0209,bclean_keep
1793,act_arr_time,2:10 p.m.,0.0000,bclean_keep
1794,src,flylouisville,0.5000,bclean_keep
1794,flight,UA-257-JFK-SFO,0.5000,bclean_keep
1794,sched_dep_time,2:30 p.m.,0.0042,bclean_keep
1794,act_dep_time,2:26 p.m.,0.4029,bclean_keep
1794,sched_arr_time,6:15 p.m.,0.0003,bclean_keep
1794,act_arr_time,5:42 p.m.,0.0000,bclean_keep
1795,src,flylouisville,0.5000,bclean_keep
1795,flight,UA-2945-PHL-CLT,0.5000,bclean_keep
1795,sched_dep_time,12:00 p.m.,0.0047,bclean_keep
1795,act_dep_time,11:51 a.m.,0.0224,bclean_keep
1795,sched_arr_time,1:45 p.m.,0.0003,bclean_keep
1795,act_arr_time,1:15 p.m.,0.0000,bclean_keep
1796,src,flylouisville,0.5000,bclean_keep
1796,flight,CO-63-EWR-IAH,0.5000,bclean_keep
1796,act_arr_time,8:03 p.m.,0.1525,bclean_keep
1797,src,flylouisville,0.5000,bclean_keep
1797,flight,CO-47-IAH-LAX,0.5000,bclean_keep
1797,act_dep_time,8:25 p.m.,0.0000,bclean_keep
1798,src,flylouisville,0.5000,bclean_keep
1798,flight,AA-2050-ORD-MIA,0.5000,bclean_keep
1798,sched_dep_time,10:40 a.m.,0.0406,bclean_keep
1798,act_dep_time,11:05 a.m.,0.3311,bclean_keep
1798,sched_arr_time,2:45 p.m.,0.0290,bclean_keep
1798,act_arr_time,2:46 p.m.,0.0276,bclean_keep
1799,src,flylouisville,0.5000,bclean_keep
1799,flight,UA-248-PHX-ORD,0.5000,bclean_keep
1799,act_arr_time,5:34 p.m.,0.5000,bclean_keep
1800,src,flylouisville,0.5000,bclean_keep
1800,flight,AA-4330-CVG-ORD,0.5000,bclean_keep
1800,act_dep_time,3:36 p.m.,0.1250,bclean_keep
1800,act_arr_time,3:33 p.m.,0.4235,bclean_keep
1801,src,flylouisville,0.5000,bclean_keep
1801,flight,AA-1434-DFW-MCO,0.5000,bclean_keep
1801,sched_dep_time,7:15 a.m.,0.0000,bclean_keep
1801,act_dep_time,7:21 a.m.,0.0124,bclean_keep
1801,sched_arr_time,10:35 a.m.,0.0445,bclean_keep
1801,act_arr_time,10:36 a.m.,0.2412,bclean_keep
1802,src,flylouisville,0.5000,bclean_keep
1802,flight,AA-1640-MIA-MCO,0.5000,bclean_keep
1802,sched_dep_time,6:30 p.m.,0.0000,bclean_keep
1802,sched_arr_time,7:25 p.m.,0.1297,bclean_keep
1803,src,flylouisville,0.5000,bclean_keep
1803,flight,AA-4307-ORD-DTW,0.5000,bclean_keep
1803,sched_dep_time,6:45 p.m.,0.0002,bclean_keep
1803,act_dep_time,6:55 p.m.,0.1234,bclean_keep
1803,sched_arr_time,9:10 p.m.,0.0003,bclean_keep
1803,act_arr_time,8:53 p.m.,0.0000,bclean_keep
1804,src,flylouisville,0.5000,bclean_keep
1804,flight,CO-1694-LAX-IAH,0.5000,bclean_keep
1804,sched_dep_time,7:15 p.m.,0.0000,bclean_keep
1805,src,flylouisville,0.5000,bclean_keep
1805,flight,UA-843-LAX-ORD,0.5000,bclean_keep
1805,act_arr_time,7:58 p.m.,0.0000,bclean_keep
1806,src,flylouisville,0.5000,bclean_keep
1806,flight,CO-1193-EWR-MCO,0.5000,bclean_keep
1806,sched_dep_time,9:15 a.m.,0.0000,bclean_keep
1806,act_dep_time,9:14 a.m.,0.2700,bclean_keep
1806,sched_arr_time,12:18 p.m.,0.0002,bclean_keep
1806,act_arr_time,12:09 p.m.,0.0000,bclean_keep
1807,src,flylouisville,0.5000,bclean_keep
1807,flight,AA-3842-MSP-ORD,0.5000,bclean_keep
1807,sched_dep_time,6:00 a.m.,0.0000,bclean_keep
1807,act_dep_time,6:56 a.m.,0.2734,bclean_keep
1807,sched_arr_time,7:30 a.m.,0.0302,bclean_keep
1807,act_arr_time,7:51 a.m.,0.0506,bclean_keep
1808,src,flylouisville,0.5000,bclean_keep
1808,flight,AA-643-MIA-ORD,0.5000,bclean_keep
1808,sched_dep_time,7:10 a.m.,0.0000,bclean_keep
1808,act_dep_time,7:30 a.m.,0.0202,bclean_keep
1808,sched_arr_time,9:35 a.m.,0.0005,bclean_keep
1808,act_arr_time,9:31 a.m.,0.0000,bclean_keep
1809,src,flylouisville,0.5000,bclean_keep
1809,flight,AA-1007-MIA-PHX,0.5000,bclean_keep
1809,act_dep_time,5:08 p.m.,0.3967,bclean_keep
1809,act_arr_time,7:55 p.m.,0.2258,bclean_keep
1810,src,flylouisville,0.5000,bclean_keep
1810,flight,UA-2906-PHL-MCO,0.5000,bclean_keep
1810,sched_dep_time,3:50 p.m.,0.0000,bclean_keep
1810,act_dep_time,4:28 p.m.,0.0000,bclean_keep
1810,sched_arr_time,6:23 p.m.,0.0002,bclean_keep
1810,act_arr_time,6:38 p.m.,0.0000,bclean_keep
1811,src,flylouisville,0.5000,bclean_keep
1811,flight,UA-938-DEN-ORD,0.5000,bclean_keep
1811,act_dep_time,4:15 p.m.,0.0034,bclean_keep
1811,act_arr_time,7:36 p.m.,0.0000,bclean_keep
1812,src,flylouisville,0.5000,bclean_keep
1812,flight,AA-1221-MCO-ORD,0.5000,bclean_keep
1812,sched_dep_time,8:00 p.m.,0.0000,bclean_keep
1812,act_dep_time,8:23 p.m.,0.0895,bclean_keep
1812,sched_arr_time,9:45 p.m.,0.0115,bclean_keep
1812,act_arr_time,9:53 p.m.,0.4112,bclean_keep
1813,src,flylouisville,0.5000,bclean_keep
1813,flight,CO-16-LAX-EWR,0.5000,bclean_keep
1813,act_dep_time,10:20 a.m.,0.4167,bclean_keep
1813,act_arr_time,6:34 p.m.,0.0000,bclean_keep
1814,src,flylouisville,0.5000,bclean_keep
1814,flight,UA-2515-DFW-CLT,0.5000,bclean_keep
1814,act_arr_time,10:47 a.m.,0.0000,bclean_keep
1815,src,flylouisville,0.5000,bclean_keep
1815,flight,AA-400-DFW-JFK,0.5000,bclean_keep
1815,act_dep_time,11:01 a.m.,0.4917,bclean_keep
1815,act_arr_time,3:04 p.m.,0.0796,bclean_keep
1816,src,flylouisville,0.5000,bclean_keep
1816,flight,UA-664-ORD-PHL,0.5000,bclean_keep
1816,sched_dep_time,1:33 p.m.,0.0000,bclean_keep
1816,act_dep_time,1:31 p.m.,0.3137,bclean_keep
1816,sched_arr_time,4:31 p.m.,0.0003,bclean_keep
1816,act_arr_time,4:23 p.m.,0.0000,bclean_keep
1817,src,flylouisville,0.5000,bclean_keep
1817,flight,AA-3756-ORD-SLC,0.5000,bclean_keep
1817,sched_dep_time,12:15 p.m.,0.0963,bclean_keep
1817,act_dep_time,12:41 p.m.,0.3522,bclean_keep
1817,sched_arr_time,2:45 p.m.,0.0016,bclean_keep
1817,act_arr_time,2:50 p.m.,0.0000,bclean_keep
1818,src,flylouisville,0.5000,bclean_keep
1818,flight,UA-37-EWR-MCO,0.5000,bclean_keep
1818,act_dep_time,1:48 p.m.,0.2406,bclean_keep
1818,act_arr_time,4:17 p.m.,0.0000,bclean_keep
1819,src,flylouisville,0.5000,bclean_keep
1819,flight,AA-1522-SFO-ORD,0.5000,bclean_keep
1819,sched_dep_time,11:55 p.m.,0.0000,bclean_keep
1820,src,flylouisville,0.5000,bclean_keep
1820,flight,UA-233-LAX-JFK,0.5000,bclean_keep
1820,sched_dep_time,4:25 p.m.,0.0000,bclean_keep
1821,src,flylouisville,0.5000,bclean_keep
1821,flight,AA-3823-LAX-DEN,0.5000,bclean_keep
1821,sched_dep_time,9:00 p.m.,0.0000,bclean_keep
1822,src,flylouisville,0.5000,bclean_keep
1822,flight,AA-2312-DFW-DTW,0.5000,bclean_keep
1822,sched_dep_time,8:25 p.m.,0.0000,bclean_keep
1822,sched_arr_time,11:50 p.m.,0.1356,bclean_keep
1823,src,flylouisville,0.5000,bclean_keep
1823,flight,AA-1165-JFK-MIA,0.5000,bclean_keep
1823,sched_dep_time,6:59 a.m.,0.0000,bclean_keep
1823,act_dep_time,7:22 a.m.,0.3299,bclean_keep
1823,sched_arr_time,10:34 a.m.,0.0023,bclean_keep
1823,act_arr_time,10:04 a.m.,0.0110,bclean_keep
1824,src,flylouisville,0.5000,bclean_keep
1824,flight,AA-431-MIA-SFO,0.5000,bclean_keep
1824,sched_dep_time,8:35 a.m.,0.0000,bclean_keep
1824,act_dep_time,8:51 a.m.,0.3062,bclean_keep
1824,sched_arr_time,11:50 a.m.,0.0144,bclean_keep
1824,act_arr_time,11:44 a.m.,0.0249,bclean_keep
1825,src,flylouisville,0.5000,bclean_keep
1825,flight,UA-3373-IAD-PHL,0.5000,bclean_keep
1825,act_dep_time,8:26 a.m.,0.0049,bclean_keep
1825,act_arr_time,9:13 a.m.,0.0000,bclean_keep
1826,src,flylouisville,0.5000,bclean_keep
1826,flight,AA-649-ORD-SNA,0.5000,bclean_keep
1827,src,flylouisville,0.5000,bclean_keep
1827,flight,CO-1250-MIA-IAH,0.5000,bclean_keep
1827,act_dep_time,3:01 p.m.,0.3333,bclean_keep
1827,act_arr_time,4:59 p.m.,0.0000,bclean_keep
1828,src,flylouisville,0.5000,bclean_keep
1828,flight,UA-6273-YYC-SFO,0.5000,bclean_keep
1828,act_arr_time,8:45 a.m.,0.4163,bclean_keep
1829,src,flylouisville,0.5000,bclean_keep
1829,flight,UA-828-SFO-ORD,0.5000,bclean_keep
1829,sched_dep_time,11:08 p.m.,0.0000,bclean_keep
1829,sched_arr_time,5:11 a.m.,0.0943,bclean_keep
1830,src,flylouisville,0.5000,bclean_keep
1830,flight,CO-4888-IAH-DAL,0.5000,bclean_keep
1830,sched_arr_time,6:40 p.m.,0.0387,bclean_keep
1831,src,flylouisville,0.5000,bclean_keep
1831,flight,UA-858-PVG-SFO,0.5000,bclean_keep
1831,act_arr_time,8:02 a.m.,0.0000,bclean_keep
1832,src,flylouisville,0.5000,bclean_keep
1832,flight,UA-2704-DTW-PHX,0.5000,bclean_keep
1832,act_dep_time,11:15 a.m.,0.0000,bclean_keep
1832,act_arr_time,2:00 p.m.,0.0000,bclean_keep
1833,src,flylouisville,0.5000,bclean_keep
1833,flight,AA-3063-SLC-LAX,0.5000,bclean_keep
1833,act_dep_time,8:39 p.m.,0.0000,bclean_keep
1834,src,flylouisville,0.5000,bclean_keep
1834,flight,UA-2708-EWR-CLT,0.5000,bclean_keep
1834,act_arr_time,4:44 p.m.,0.0000,bclean_keep
1835,src,flylouisville,0.5000,bclean_keep
1835,flight,UA-62-IAH-EWR,0.5000,bclean_keep
1835,act_dep_time,2:48 p.m.,0.3704,bclean_keep
1835,act_arr_time,7:10 p.m.,0.0000,bclean_keep
1836,src,flylouisville,0.5000,bclean_keep
1836,flight,UA-1500-IAH-GUA,0.5000,bclean_keep
1836,act_dep_time,9:16 a.m.,0.0000,bclean_keep
1837,src,flylouisville,0.5000,bclean_keep
1837,flight,AA-3804-PHL-ORD,0.5000,bclean_keep
1837,sched_dep_time,2:35 p.m.,0.0000,bclean_keep
1837,act_dep_time,2:44 p.m.,0.0312,bclean_keep
1837,sched_arr_time,4:05 p.m.,0.0057,bclean_keep
1837,act_arr_time,3:43 p.m.,0.4813,bclean_keep
1838,src,flylouisville,0.5000,bclean_keep
1838,flight,AA-1917-JFK-MCO,0.5000,bclean_keep
1838,sched_dep_time,2:55 p.m.,0.0000,bclean_keep
1838,act_dep_time,3:27 p.m.,0.1073,bclean_keep
1838,sched_arr_time,5:55 p.m.,0.0161,bclean_keep
1838,act_arr_time,5:43 p.m.,0.0314,bclean_keep
1839,src,flylouisville,0.5000,bclean_keep
1839,flight,AA-2268-PHX-ORD,0.5000,bclean_keep
1839,sched_dep_time,7:15 a.m.,0.0006,bclean_keep
1839,act_dep_time,7:22 a.m.,0.0981,bclean_keep
1839,sched_arr_time,11:35 a.m.,0.0004,bclean_keep
1839,act_arr_time,11:06 a.m.,0.3388,bclean_keep
1840,src,flylouisville,0.5000,bclean_keep
1840,flight,AA-4277-CVG-JFK,0.5000,bclean_keep
1840,sched_dep_time,12:10 p.m.,0.0000,bclean_keep
1840,act_dep_time,12:10 p.m.,0.3326,bclean_keep
1840,sched_arr_time,2:15 p.m.,0.0126,bclean_keep
1840,act_arr_time,1:43 p.m.,0.0265,bclean_keep
1841,src,flylouisville,0.5000,bclean_keep
1841,flight,AA-2957-DFW-CVG,0.5000,bclean_keep
1841,sched_dep_time,7:55 a.m.,0.0000,bclean_keep
1841,act_dep_time,8:04 a.m.,0.0226,bclean_keep
1841,sched_arr_time,11:05 a.m.,0.0003,bclean_keep
1841,act_arr_time,11:01 a.m.,0.0923,bclean_keep
1842,src,flylouisville,0.5000,bclean_keep
1842,flight,UA-37-EDI-EWR,0.5000,bclean_keep
1842,act_arr_time,12:09 p.m.,0.5000,bclean_keep
1843,src,flylouisville,0.5000,bclean_keep
1843,flight,AA-789-ORD-DEN,0.5000,bclean_keep
1843,sched_dep_time,1:05 p.m.,0.1050,bclean_keep
1843,act_dep_time,1:19 p.m.,0.2579,bclean_keep
1843,sched_arr_time,2:35 p.m.,0.0603,bclean_keep
1843,act_arr_time,3:13 p.m.,0.1275,bclean_keep
1844,src,flylouisville,0.5000,bclean_keep
1844,flight,AA-415-BOS-ORD,0.5000,bclean_keep
1844,act_arr_time,10:16 a.m.,0.0000,bclean_keep
1845,src,flylouisville,0.5000,bclean_keep
1845,flight,AA-85-JFK-SFO,0.5000,bclean_keep
1845,sched_dep_time,3:05 p.m.,0.0198,bclean_keep
1845,act_dep_time,3:36 p.m.,0.3418,bclean_keep
1845,sched_arr_time,6:30 p.m.,0.0356,bclean_keep
1845,act_arr_time,6:43 p.m.,0.0613,bclean_keep
1846,src,flylouisville,0.5000,bclean_keep
1846,flight,AA-3979-CVG-ORD,0.5000,bclean_keep
1846,sched_dep_time,7:30 a.m.,0.0000,bclean_keep
1846,act_dep_time,8:04 a.m.,0.0095,bclean_keep
1846,sched_arr_time,8:00 a.m.,0.0139,bclean_keep
1846,act_arr_time,8:06 a.m.,0.3327,bclean_keep
1847,src,flylouisville,0.5000,bclean_keep
1847,flight,AA-1544-SAN-ORD,0.5000,bclean_keep
1847,act_dep_time,11:40 a.m.,0.2597,bclean_keep
1847,act_arr_time,4:56 p.m.,0.0000,bclean_keep
1848,src,flylouisville,0.5000,bclean_keep
1848,flight,AA-3786-IAH-ORD,0.5000,bclean_keep
1848,sched_dep_time,4:00 p.m.,0.0008,bclean_keep
1848,act_dep_time,4:12 p.m.,0.0759,bclean_keep
1848,sched_arr_time,6:40 p.m.,0.0056,bclean_keep
1848,act_arr_time,6:15 p.m.,0.2900,bclean_keep
1849,src,flylouisville,0.5000,bclean_keep
1849,flight,AA-271-MIA-LAX,0.5000,bclean_keep
1849,sched_dep_time,11:35 a.m.,0.0000,bclean_keep
1849,act_dep_time,11:52 a.m.,0.0236,bclean_keep
1849,sched_arr_time,2:25 p.m.,0.0125,bclean_keep
1849,act_arr_time,2:27 p.m.,0.0620,bclean_keep
1850,src,flylouisville,0.5000,bclean_keep
1850,flight,AA-2525-DFW-MIA,0.5000,bclean_keep
1850,sched_dep_time,7:25 a.m.,0.0000,bclean_keep
1850,act_dep_time,7:39 a.m.,0.3569,bclean_keep
1850,sched_arr_time,11:10 a.m.,0.0390,bclean_keep
1850,act_arr_time,11:06 a.m.,0.1496,bclean_keep
1851,src,flylouisville,0.5000,bclean_keep
1851,flight,CO-50-CLE-EWR,0.5000,bclean_keep
1851,act_dep_time,3:31 p.m.,0.3571,bclean_keep
1851,act_arr_time,5:26 p.m.,0.0000,bclean_keep
1852,src,flylouisville,0.5000,bclean_keep
1852,flight,UA-3099-PHX-PHL,0.5000,bclean_keep
1852,sched_dep_time,11:55 a.m.,0.0000,bclean_keep
1852,act_dep_time,11:43 a.m.,0.1275,bclean_keep
1852,sched_arr_time,6:17 p.m.,0.0004,bclean_keep
1852,act_arr_time,5:38 p.m.,0.0000,bclean_keep
1853,src,flylouisville,0.5000,bclean_keep
1853,flight,AA-4198-ORD-CLE,0.5000,bclean_keep
1853,sched_dep_time,10:40 a.m.,0.0000,bclean_keep
1853,act_dep_time,10:54 a.m.,0.0202,bclean_keep
1853,sched_arr_time,12:55 p.m.,0.0004,bclean_keep
1853,act_arr_time,12:50 p.m.,0.0000,bclean_keep
1854,src,flylouisville,0.5000,bclean_keep
1854,flight,AA-404-MIA-MCO,0.5000,bclean_keep
1854,sched_dep_time,6:45 a.m.,0.0000,bclean_keep
1854,act_dep_time,6:57 a.m.,0.0588,bclean_keep
1854,sched_arr_time,7:45 a.m.,0.0163,bclean_keep
1854,act_arr_time,7:40 a.m.,0.0279,bclean_keep
1855,src,flylouisville,0.5000,bclean_keep
1855,flight,CO-45-EWR-MIA,0.5000,bclean_keep
1855,sched_dep_time,4:00 p.m.,0.0000,bclean_keep
1855,act_dep_time,3:58 p.m.,0.2132,bclean_keep
1855,sched_arr_time,7:05 p.m.,0.0002,bclean_keep
1855,act_arr_time,6:36 p.m.,0.0000,bclean_keep
1856,src,flylouisville,0.5000,bclean_keep
1856,flight,AA-3809-PHX-LAX,0.5000,bclean_keep
1856,sched_dep_time,6:00 a.m.,0.0000,bclean_keep
1856,act_dep_time,6:10 a.m.,0.2014,bclean_keep
1856,sched_arr_time,6:40 a.m.,0.0169,bclean_keep
1856,act_arr_time,6:19 a.m.,0.0451,bclean_keep
1857,src,flylouisville,0.5000,bclean_keep
1857,flight,AA-59-JFK-SFO,0.5000,bclean_keep
1857,sched_dep_time,7:10 a.m.,0.0000,bclean_keep
1857,act_dep_time,7:39 a.m.,0.3140,bclean_keep
1857,sched_arr_time,10:45 a.m.,0.0300,bclean_keep
1857,act_arr_time,11:12 a.m.,0.0484,bclean_keep
1858,src,flylouisville,0.5000,bclean_keep
1858,flight,AA-222-LAX-BOS,0.5000,bclean_keep
1858,sched_dep_time,7:10 a.m.,0.0001,bclean_keep
1858,act_dep_time,7:31 a.m.,0.3049,bclean_keep
1858,sched_arr_time,3:30 p.m.,0.0003,bclean_keep
1858,act_arr_time,3:14 p.m.,0.0000,bclean_keep
1859,src,quicktrip,0.5000,bclean_keep
1859,flight,AA-3859-IAH-ORD,0.5000,bclean_keep
1859,sched_dep_time,7:10 a.m.,0.0000,bclean_keep
1859,act_dep_time,7:16 a.m.,0.0106,bclean_keep
1859,sched_arr_time,9:40 a.m.,0.0300,bclean_keep
1860,src,quicktrip,0.5000,bclean_keep
1860,flight,CO-1586-IAH-MCO,0.5000,bclean_keep
1860,sched_dep_time,7:00 p.m.,0.0309,bclean_keep
1860,act_dep_time,7:14 p.m.,0.2083,bclean_keep
1860,sched_arr_time,10:15 p.m.,0.0013,bclean_keep
1860,act_arr_time,10:29 p.m.,0.1774,bclean_keep
1861,src,quicktrip,0.5000,bclean_keep
1861,flight,AA-518-MIA-JFK,0.5000,bclean_keep
1861,sched_dep_time,6:40 a.m.,0.0046,bclean_keep
1861,act_dep_time,6:54 a.m.,0.0061,bclean_keep
1861,sched_arr_time,9:25 a.m.,0.0140,bclean_keep
1861,act_arr_time,9:28 a.m.,0.0298,bclean_keep
1862,src,quicktrip,0.5000,bclean_keep
1862,flight,UA-397-JFK-SFO,0.5000,bclean_keep
1862,sched_dep_time,8:00 a.m.,0.0000,bclean_keep
1862,act_dep_time,8:29 a.m.,0.4158,bclean_keep
1862,sched_arr_time,11:55 a.m.,0.0000,bclean_keep
1862,act_arr_time,11:58 a.m.,0.0000,bclean_keep
1863,src,quicktrip,0.5000,bclean_keep
1863,flight,UA-3925-IAD-ORF,0.5000,bclean_keep
1863,sched_dep_time,8:41 a.m.,0.0000,bclean_keep
1863,act_dep_time,8:42 a.m.,0.0034,bclean_keep
1863,sched_arr_time,9:54 a.m.,0.0020,bclean_keep
1863,act_arr_time,9:43 a.m.,0.0000,bclean_keep
1864,src,quicktrip,0.5000,bclean_keep
1864,flight,AA-1733-ORD-PHX,0.5000,bclean_keep
1864,sched_dep_time,7:45 p.m.,0.0000,bclean_keep
1864,act_dep_time,7:58 p.m.,0.1299,bclean_keep
1864,sched_arr_time,10:30 p.m.,0.0026,bclean_keep
1865,src,quicktrip,0.5000,bclean_keep
1865,flight,AA-4344-ORD-DTW,0.5000,bclean_keep
1865,sched_dep_time,11:45 a.m.,0.0000,bclean_keep
1865,act_dep_time,12:13 p.m.,0.0627,bclean_keep
1865,sched_arr_time,2:00 p.m.,0.0000,bclean_keep
1865,act_arr_time,2:10 p.m.,0.0000,bclean_keep
1866,src,quicktrip,0.5000,bclean_keep
1866,flight,AA-1640-MIA-MCO,0.5000,bclean_keep
1866,sched_dep_time,6:30 p.m.,0.0000,bclean_keep
1866,sched_arr_time,7:25 p.m.,0.1267,bclean_keep
1867,src,quicktrip,0.5000,bclean_keep
1867,flight,UA-2830-MCO-CLT,0.5000,bclean_keep
1867,sched_dep_time,3:27 p.m.,0.0000,bclean_keep
1867,act_dep_time,3:28 p.m.,0.3807,bclean_keep
1867,sched_arr_time,5:05 p.m.,0.0000,bclean_keep
1867,act_arr_time,5:17 p.m.,0.0000,bclean_keep
1868,src,quicktrip,0.5000,bclean_keep
1868,flight,CO-58-DEN-IAH,0.5000,bclean_keep
1868,sched_dep_time,11:25 a.m.,0.0000,bclean_keep
1868,act_dep_time,11:32 a.m.,0.0034,bclean_keep
1868,sched_arr_time,2:50 p.m.,0.0000,bclean_keep
1868,act_arr_time,3:31 p.m.,0.0000,bclean_keep
1869,src,quicktrip,0.5000,bclean_keep
1869,flight,AA-204-LAX-MCO,0.5000,bclean_keep
1869,sched_dep_time,11:25 p.m.,0.0000,bclean_keep
1869,sched_arr_time,6:55 a.m.,0.0003,bclean_keep
1870,src,quicktrip,0.5000,bclean_keep
1870,flight,UA-414-LAX-SFO,0.5000,bclean_keep
1870,sched_dep_time,6:00 a.m.,0.0000,bclean_keep
1870,sched_arr_time,7:23 a.m.,0.0000,bclean_keep
1870,act_arr_time,7:17 a.m.,0.0050,bclean_keep
1871,src,quicktrip,0.5000,bclean_keep
1871,flight,CO-1614-LAX-IAH,0.5000,bclean_keep
1871,sched_dep_time,12:30 a.m.,0.0000,bclean_keep
1871,act_dep_time,12:41 a.m.,0.0034,bclean_keep
1871,sched_arr_time,5:35 a.m.,0.0000,bclean_keep
1871,act_arr_time,5:26 a.m.,0.0000,bclean_keep
1872,src,quicktrip,0.5000,bclean_keep
1872,flight,UA-2726-FLL-PHL,0.5000,bclean_keep
1872,sched_dep_time,4:00 p.m.,0.0000,bclean_keep
1872,act_dep_time,3:58 p.m.,0.0106,bclean_keep
1872,sched_arr_time,6:46 p.m.,0.0003,bclean_keep
1872,act_arr_time,6:28 p.m.,0.0000,bclean_keep
1873,src,quicktrip,0.5000,bclean_keep
1873,flight,CO-52-IAH-LAX,0.5000,bclean_keep
1873,sched_dep_time,7:35 a.m.,0.0000,bclean_keep
1873,act_dep_time,7:29 a.m.,0.1898,bclean_keep
1873,sched_arr_time,9:21 a.m.,0.0018,bclean_keep
1873,act_arr_time,9:14 a.m.,0.0000,bclean_keep
1874,src,quicktrip,0.5000,bclean_keep
1874,flight,CO-1090-BOS-IAH,0.5000,bclean_keep
1874,sched_dep_time,9:45 a.m.,0.0000,bclean_keep
1874,act_dep_time,10:19 a.m.,0.0034,bclean_keep
1874,sched_arr_time,1:16 p.m.,0.0000,bclean_keep
1874,act_arr_time,1:19 p.m.,0.0000,bclean_keep
1875,src,quicktrip,0.5000,bclean_keep
1875,flight,AA-3468-CVG-MIA,0.5000,bclean_keep
1875,sched_dep_time,7:00 a.m.,0.0000,bclean_keep
1875,act_dep_time,7:25 a.m.,0.0119,bclean_keep
1875,sched_arr_time,9:55 a.m.,0.0104,bclean_keep
1875,act_arr_time,9:45 a.m.,0.0280,bclean_keep
1876,src,quicktrip,0.5000,bclean_keep
1876,flight,UA-3515-IAD-MSP,0.5000,bclean_keep
1876,sched_dep_time,8:15 a.m.,0.0000,bclean_keep
1876,act_dep_time,8:12 a.m.,0.2600,bclean_keep
1876,sched_arr_time,10:06 a.m.,0.0000,bclean_keep
1876,act_arr_time,9:56 a.m.,0.0000,bclean_keep
1877,src,quicktrip,0.5000,bclean_keep
1877,flight,AA-484-DFW-MIA,0.5000,bclean_keep
1877,sched_dep_time,4:15 p.m.,0.0000,bclean_keep
1877,act_dep_time,4:29 p.m.,0.3324,bclean_keep
1877,sched_arr_time,7:55 p.m.,0.0148,bclean_keep
1877,act_arr_time,7:39 p.m.,0.0804,bclean_keep
1878,src,quicktrip,0.5000,bclean_keep
1878,flight,AA-616-DFW-DTW,0.5000,bclean_keep
1878,sched_dep_time,9:05 a.m.,0.0000,bclean_keep
1878,act_dep_time,10:10 a.m.,0.0508,bclean_keep
1878,sched_arr_time,12:35 p.m.,0.0204,bclean_keep
1878,act_arr_time,1:27 p.m.,0.0673,bclean_keep
1879,src,quicktrip,0.5000,bclean_keep
1879,flight,CO-62-IAH-EWR,0.5000,bclean_keep
1879,sched_dep_time,2:30 p.m.,0.0000,bclean_keep
1879,act_dep_time,2:48 p.m.,0.0010,bclean_keep
1879,sched_arr_time,7:03 p.m.,0.0000,bclean_keep
1879,act_arr_time,7:10 p.m.,0.0000,bclean_keep
1880,src,quicktrip,0.5000,bclean_keep
1880,flight,CO-63-EWR-IAH,0.5000,bclean_keep
1880,sched_dep_time,5:25 p.m.,0.0000,bclean_keep
1880,act_dep_time,5:22 p.m.,0.2830,bclean_keep
1880,sched_arr_time,8:22 p.m.,0.0018,bclean_keep
1880,act_arr_time,8:03 p.m.,0.0000,bclean_keep
1881,src,quicktrip,0.5000,bclean_keep
1881,flight,AA-446-DFW-PHL,0.5000,bclean_keep
1881,sched_dep_time,11:50 a.m.,0.0092,bclean_keep
1881,act_dep_time,12:12 p.m.,0.3688,bclean_keep
1881,sched_arr_time,3:50 p.m.,0.0005,bclean_keep
1881,act_arr_time,4:09 p.m.,0.0000,bclean_keep
1882,src,quicktrip,0.5000,bclean_keep
1882,flight,CO-1023-IAH-DEN,0.5000,bclean_keep
1882,sched_dep_time,11:40 a.m.,0.0000,bclean_keep
1882,act_dep_time,11:56 a.m.,0.3007,bclean_keep
1882,sched_arr_time,1:17 p.m.,0.0023,bclean_keep
1882,act_arr_time,1:14 p.m.,0.0000,bclean_keep
1883,src,quicktrip,0.5000,bclean_keep
1883,flight,AA-466-IAH-MIA,0.5000,bclean_keep
1883,sched_dep_time,6:00 a.m.,0.0000,bclean_keep
1883,act_dep_time,6:08 a.m.,0.3873,bclean_keep
1883,sched_arr_time,9:20 a.m.,0.0157,bclean_keep
1883,act_arr_time,9:05 a.m.,0.0471,bclean_keep
1884,src,quicktrip,0.5000,bclean_keep
1884,flight,UA-3050-PHX-CLT,0.5000,bclean_keep
1884,sched_dep_time,11:05 a.m.,0.0000,bclean_keep
1884,act_dep_time,11:30 a.m.,0.0000,bclean_keep
1884,sched_arr_time,4:57 p.m.,0.0006,bclean_keep
1884,act_arr_time,5:05 p.m.,0.0000,bclean_keep
1885,src,quicktrip,0.5000,bclean_keep
1885,flight,CO-89-IAH-EWR,0.5000,bclean_keep
1885,sched_dep_time,6:00 a.m.,0.0000,bclean_keep
1885,act_dep_time,6:02 a.m.,0.0024,bclean_keep
1885,sched_arr_time,10:20 a.m.,0.0000,bclean_keep
1885,act_arr_time,10:27 a.m.,0.0000,bclean_keep
1886,src,quicktrip,0.5000,bclean_keep
1886,flight,CO-1088-CLE-IAH,0.5000,bclean_keep
1886,sched_dep_time,8:40 a.m.,0.0000,bclean_keep
1886,act_dep_time,8:40 a.m.,0.0034,bclean_keep
1886,sched_arr_time,10:54 a.m.,0.0000,bclean_keep
1886,act_arr_time,10:56 a.m.,0.0000,bclean_keep
1887,src,quicktrip,0.5000,bclean_keep
1887,flight,AA-2957-DFW-CVG,0.5000,bclean_keep
1887,sched_dep_time,7:55 a.m.,0.0000,bclean_keep
1887,act_dep_time,8:04 a.m.,0.0226,bclean_keep
1887,sched_arr_time,11:05 a.m.,0.0003,bclean_keep
1887,act_arr_time,11:01 a.m.,0.0923,bclean_keep
1888,src,quicktrip,0.5000,bclean_keep
1888,flight,AA-1664-MIA-ATL,0.5000,bclean_keep
1888,sched_dep_time,10:15 a.m.,0.0000,bclean_keep
1888,act_dep_time,10:18 a.m.,0.0785,bclean_keep
1888,sched_arr_time,12:10 p.m.,0.0003,bclean_keep
1888,act_arr_time,11:56 a.m.,0.0000,bclean_keep
1889,src,quicktrip,0.5000,bclean_keep
1889,flight,AA-3979-CVG-ORD,0.5000,bclean_keep
1889,sched_dep_time,7:30 a.m.,0.0000,bclean_keep
1889,act_dep_time,8:04 a.m.,0.0095,bclean_keep
1889,sched_arr_time,8:00 a.m.,0.0139,bclean_keep
1889,act_arr_time,8:06 a.m.,0.3327,bclean_keep
1890,src,quicktrip,0.5000,bclean_keep
1890,flight,AA-1279-DFW-PHX,0.5000,bclean_keep
1890,sched_dep_time,1:00 p.m.,0.0478,bclean_keep
1890,act_dep_time,2:04 p.m.,0.0005,bclean_keep
1890,sched_arr_time,2:35 p.m.,0.0337,bclean_keep
1891,src,quicktrip,0.5000,bclean_keep
1891,flight,AA-404-MIA-MCO,0.5000,bclean_keep
1891,sched_dep_time,6:45 a.m.,0.0000,bclean_keep
1891,act_dep_time,6:57 a.m.,0.0588,bclean_keep
1891,sched_arr_time,7:45 a.m.,0.0163,bclean_keep
1891,act_arr_time,7:40 a.m.,0.0279,bclean_keep
1892,src,quicktrip,0.5000,bclean_keep
1892,flight,AA-3756-ORD-SLC,0.5000,bclean_keep
1892,sched_dep_time,12:15 p.m.,0.1373,bclean_keep
1892,act_dep_time,12:41 p.m.,0.3522,bclean_keep
1892,sched_arr_time,2:45 p.m.,0.0016,bclean_keep
1892,act_arr_time,2:50 p.m.,0.0000,bclean_keep
1893,src,quicktrip,0.5000,bclean_keep
1893,flight,UA-382-IAD-LAX,0.5000,bclean_keep
1893,sched_dep_time,12:30 p.m.,0.0000,bclean_keep
1893,act_dep_time,12:35 p.m.,0.2409,bclean_keep
1893,sched_arr_time,3:19 p.m.,0.2349,bclean_keep
1893,act_arr_time,3:21 p.m.,0.0000,bclean_keep
1894,src,quicktrip,0.5000,bclean_keep
1894,flight,UA-2945-PHL-CLT,0.5000,bclean_keep
1894,sched_dep_time,12:00 p.m.,0.0047,bclean_keep
1894,act_dep_time,11:51 a.m.,0.0224,bclean_keep
1894,sched_arr_time,1:45 p.m.,0.0003,bclean_keep
1894,act_arr_time,1:15 p.m.,0.0000,bclean_keep
1895,src,quicktrip,0.5000,bclean_keep
1895,flight,CO-47-IAH-LAX,0.5000,bclean_keep
1895,sched_dep_time,7:10 p.m.,0.0000,bclean_keep
1895,act_dep_time,8:25 p.m.,0.0000,bclean_keep
1895,sched_arr_time,8:56 p.m.,0.1158,bclean_keep
1896,src,quicktrip,0.5000,bclean_keep
1896,flight,AA-271-MIA-LAX,0.5000,bclean_keep
1896,sched_dep_time,11:35 a.m.,0.0000,bclean_keep
1896,act_dep_time,11:52 a.m.,0.0236,bclean_keep
1896,sched_arr_time,2:25 p.m.,0.0125,bclean_keep
1896,act_arr_time,2:27 p.m.,0.0620,bclean_keep
1897,src,quicktrip,0.5000,bclean_keep
1897,flight,AA-2050-ORD-MIA,0.5000,bclean_keep
1897,sched_dep_time,10:40 a.m.,0.0404,bclean_keep
1897,act_dep_time,11:05 a.m.,0.3311,bclean_keep
1897,sched_arr_time,2:45 p.m.,0.0290,bclean_keep
1897,act_arr_time,2:46 p.m.,0.0276,bclean_keep
1898,src,quicktrip,0.5000,bclean_keep
1898,flight,UA-248-PHX-ORD,0.5000,bclean_keep
1898,sched_dep_time,12:57 p.m.,0.0000,bclean_keep
1898,act_dep_time,1:32 p.m.,0.1324,bclean_keep
1898,sched_arr_time,5:15 p.m.,0.0019,bclean_keep
1898,act_arr_time,5:34 p.m.,0.0000,bclean_keep
1899,src,quicktrip,0.5000,bclean_keep
1899,flight,AA-4330-CVG-ORD,0.5000,bclean_keep
1899,sched_dep_time,3:35 p.m.,0.0000,bclean_keep
1899,act_dep_time,3:36 p.m.,0.0334,bclean_keep
1899,sched_arr_time,4:00 p.m.,0.0118,bclean_keep
1899,act_arr_time,3:33 p.m.,0.1941,bclean_keep
1900,src,quicktrip,0.5000,bclean_keep
1900,flight,AA-1434-DFW-MCO,0.5000,bclean_keep
1900,sched_dep_time,7:15 a.m.,0.0000,bclean_keep
1900,act_dep_time,7:21 a.m.,0.0124,bclean_keep
1900,sched_arr_time,10:35 a.m.,0.0445,bclean_keep
1900,act_arr_time,10:36 a.m.,0.2412,bclean_keep
1901,src,quicktrip,0.5000,bclean_keep
1901,flight,CO-1561-PHX-IAH,0.5000,bclean_keep
1901,sched_dep_time,8:05 a.m.,0.4091,bclean_keep
1901,act_dep_time,8:00 a.m.,0.0034,bclean_keep
1901,sched_arr_time,11:35 a.m.,0.0000,bclean_keep
1901,act_arr_time,11:32 a.m.,0.0000,bclean_keep
1902,src,quicktrip,0.5000,bclean_keep
1902,flight,AA-4307-ORD-DTW,0.5000,bclean_keep
1902,sched_dep_time,6:45 p.m.,0.0056,bclean_keep
1902,act_dep_time,6:55 p.m.,0.1234,bclean_keep
1902,sched_arr_time,9:10 p.m.,0.0003,bclean_keep
1902,act_arr_time,8:53 p.m.,0.0000,bclean_keep
1903,src,quicktrip,0.5000,bclean_keep
1903,flight,AA-3-JFK-LAX,0.5000,bclean_keep
1903,sched_dep_time,12:00 p.m.,0.0000,bclean_keep
1903,act_dep_time,12:11 p.m.,0.3771,bclean_keep
1903,sched_arr_time,3:15 p.m.,0.0002,bclean_keep
1903,act_arr_time,3:16 p.m.,0.0000,bclean_keep
1904,src,quicktrip,0.5000,bclean_keep
1904,flight,CO-1694-LAX-IAH,0.5000,bclean_keep
1904,sched_dep_time,7:15 p.m.,0.0000,bclean_keep
1904,sched_arr_time,12:21 a.m.,0.0004,bclean_keep
1905,src,quicktrip,0.5000,bclean_keep
1905,flight,UA-843-LAX-ORD,0.5000,bclean_keep
1905,sched_dep_time,1:55 p.m.,0.0564,bclean_keep
1905,act_dep_time,2:10 p.m.,0.0988,bclean_keep
1905,sched_arr_time,7:53 p.m.,0.0000,bclean_keep
1905,act_arr_time,7:58 p.m.,0.0000,bclean_keep
1906,src,quicktrip,0.5000,bclean_keep
1906,flight,CO-1193-EWR-MCO,0.5000,bclean_keep
1906,sched_dep_time,9:15 a.m.,0.0000,bclean_keep
1906,act_dep_time,9:14 a.m.,0.2700,bclean_keep
1906,sched_arr_time,12:18 p.m.,0.0002,bclean_keep
1906,act_arr_time,12:09 p.m.,0.0000,bclean_keep
1907,src,quicktrip,0.5000,bclean_keep
1907,flight,AA-3842-MSP-ORD,0.5000,bclean_keep
1907,sched_dep_time,6:00 a.m.,0.0000,bclean_keep
1907,act_dep_time,6:56 a.m.,0.2734,bclean_keep
1907,sched_arr_time,7:30 a.m.,0.0302,bclean_keep
1907,act_arr_time,7:51 a.m.,0.0506,bclean_keep
1908,src,quicktrip,0.5000,bclean_keep
1908,flight,AA-643-MIA-ORD,0.5000,bclean_keep
1908,sched_dep_time,7:10 a.m.,0.0000,bclean_keep
1908,act_dep_time,7:30 a.m.,0.0202,bclean_keep
1908,sched_arr_time,9:35 a.m.,0.0005,bclean_keep
1908,act_arr_time,9:31 a.m.,0.0000,bclean_keep
1909,src,quicktrip,0.5000,bclean_keep
1909,flight,AA-1007-MIA-PHX,0.5000,bclean_keep
1909,sched_dep_time,4:55 p.m.,0.0000,bclean_keep
1909,act_dep_time,5:08 p.m.,0.1618,bclean_keep
1909,sched_arr_time,8:05 p.m.,0.1193,bclean_keep
1909,act_arr_time,7:55 p.m.,0.0762,bclean_keep
1910,src,quicktrip,0.5000,bclean_keep
1910,flight,AA-2525-DFW-MIA,0.5000,bclean_keep
1910,sched_dep_time,7:25 a.m.,0.0000,bclean_keep
1910,act_dep_time,7:39 a.m.,0.3569,bclean_keep
1910,sched_arr_time,11:10 a.m.,0.0390,bclean_keep
1910,act_arr_time,11:06 a.m.,0.1496,bclean_keep
1911,src,quicktrip,0.5000,bclean_keep
1911,flight,UA-2906-PHL-MCO,0.5000,bclean_keep
1911,sched_dep_time,3:50 p.m.,0.0000,bclean_keep
1911,act_dep_time,4:28 p.m.,0.0000,bclean_keep
1911,sched_arr_time,6:23 p.m.,0.0002,bclean_keep
1911,act_arr_time,6:38 p.m.,0.0000,bclean_keep
1912,src,quicktrip,0.5000,bclean_keep
1912,flight,UA-938-DEN-ORD,0.5000,bclean_keep
1912,sched_dep_time,4:16 p.m.,0.0000,bclean_keep
1912,act_dep_time,4:15 p.m.,0.0024,bclean_keep
1912,sched_arr_time,7:35 p.m.,0.0000,bclean_keep
1912,act_arr_time,7:36 p.m.,0.0000,bclean_keep
1913,src,quicktrip,0.5000,bclean_keep
1913,flight,AA-1221-MCO-ORD,0.5000,bclean_keep
1913,sched_dep_time,8:00 p.m.,0.0000,bclean_keep
1913,act_dep_time,8:23 p.m.,0.0895,bclean_keep
1913,sched_arr_time,9:45 p.m.,0.0115,bclean_keep
1913,act_arr_time,9:53 p.m.,0.4112,bclean_keep
1914,src,quicktrip,0.5000,bclean_keep
1914,flight,CO-16-LAX-EWR,0.5000,bclean_keep
1914,sched_dep_time,10:25 a.m.,0.0000,bclean_keep
1914,act_dep_time,10:20 a.m.,0.0034,bclean_keep
1914,sched_arr_time,6:44 p.m.,0.0000,bclean_keep
1914,act_arr_time,6:34 p.m.,0.0000,bclean_keep
1915,src,quicktrip,0.5000,bclean_keep
1915,flight,UA-2515-DFW-CLT,0.5000,bclean_keep
1915,sched_dep_time,7:05 a.m.,0.0000,bclean_keep
1915,act_dep_time,7:07 a.m.,0.1041,bclean_keep
1915,sched_arr_time,10:31 a.m.,0.0000,bclean_keep
1915,act_arr_time,10:47 a.m.,0.0000,bclean_keep
1916,src,quicktrip,0.5000,bclean_keep
1916,flight,AA-400-DFW-JFK,0.5000,bclean_keep
1916,sched_dep_time,10:40 a.m.,0.0000,bclean_keep
1916,sched_arr_time,2:59 p.m.,0.0026,bclean_keep
1916,act_arr_time,3:04 p.m.,0.1652,bclean_keep
1917,src,quicktrip,0.5000,bclean_keep
1917,flight,UA-664-ORD-PHL,0.5000,bclean_keep
1917,sched_dep_time,1:33 p.m.,0.0000,bclean_keep
1917,act_dep_time,1:31 p.m.,0.3143,bclean_keep
1917,sched_arr_time,4:31 p.m.,0.0003,bclean_keep
1917,act_arr_time,4:23 p.m.,0.0000,bclean_keep
1918,src,quicktrip,0.5000,bclean_keep
1918,flight,UA-37-EWR-MCO,0.5000,bclean_keep
1918,sched_dep_time,1:29 p.m.,0.0000,bclean_keep
1918,act_dep_time,1:48 p.m.,0.1648,bclean_keep
1918,sched_arr_time,4:17 p.m.,0.0004,bclean_keep
1918,act_arr_time,4:17 p.m.,0.0000,bclean_keep
1919,src,quicktrip,0.5000,bclean_keep
1919,flight,AA-1522-SFO-ORD,0.5000,bclean_keep
1919,sched_dep_time,11:55 p.m.,0.0000,bclean_keep
1919,sched_arr_time,5:50 a.m.,0.0000,bclean_keep
1920,src,quicktrip,0.5000,bclean_keep
1920,flight,UA-233-LAX-JFK,0.5000,bclean_keep
1920,sched_dep_time,4:25 p.m.,0.0000,bclean_keep
1920,sched_arr_time,12:29 a.m.,0.0004,bclean_keep
1921,src,quicktrip,0.5000,bclean_keep
1921,flight,AA-3823-LAX-DEN,0.5000,bclean_keep
1921,sched_dep_time,9:00 p.m.,0.0000,bclean_keep
1921,sched_arr_time,12:15 a.m.,0.0005,bclean_keep
1922,src,quicktrip,0.5000,bclean_keep
1922,flight,AA-2312-DFW-DTW,0.5000,bclean_keep
1922,sched_dep_time,8:25 p.m.,0.0000,bclean_keep
1922,sched_arr_time,11:50 p.m.,0.1040,bclean_keep
1923,src,quicktrip,0.5000,bclean_keep
1923,flight,UA-2314-ATL-PHL,0.5000,bclean_keep
1923,sched_dep_time,2:55 p.m.,0.0000,bclean_keep
1923,act_dep_time,2:46 p.m.,0.0578,bclean_keep
1923,sched_arr_time,5:00 p.m.,0.0000,bclean_keep
1923,act_arr_time,4:47 p.m.,0.0000,bclean_keep
1924,src,quicktrip,0.5000,bclean_keep
1924,flight,AA-1165-JFK-MIA,0.5000,bclean_keep
1924,sched_dep_time,6:59 a.m.,0.0000,bclean_keep
1924,act_dep_time,7:22 a.m.,0.3299,bclean_keep
1924,sched_arr_time,10:34 a.m.,0.0023,bclean_keep
1924,act_arr_time,10:04 a.m.,0.0110,bclean_keep
1925,src,quicktrip,0.5000,bclean_keep
1925,flight,AA-431-MIA-SFO,0.5000,bclean_keep
1925,sched_dep_time,8:35 a.m.,0.0000,bclean_keep
1925,act_dep_time,8:51 a.m.,0.3062,bclean_keep
1925,sched_arr_time,11:50 a.m.,0.0144,bclean_keep
1925,act_arr_time,11:44 a.m.,0.0249,bclean_keep
1926,src,quicktrip,0.5000,bclean_keep
1926,flight,UA-257-JFK-SFO,0.5000,bclean_keep
1926,sched_dep_time,2:30 p.m.,0.0060,bclean_keep
1926,act_dep_time,2:26 p.m.,0.4029,bclean_keep
1926,sched_arr_time,6:15 p.m.,0.0003,bclean_keep
1926,act_arr_time,5:42 p.m.,0.0000,bclean_keep
1927,src,quicktrip,0.5000,bclean_keep
1927,flight,UA-3373-IAD-PHL,0.5000,bclean_keep
1927,sched_dep_time,8:29 a.m.,0.0000,bclean_keep
1927,act_dep_time,8:26 a.m.,0.0048,bclean_keep
1927,sched_arr_time,9:24 a.m.,0.0000,bclean_keep
1927,act_arr_time,9:13 a.m.,0.0000,bclean_keep
1928,src,quicktrip,0.5000,bclean_keep
1928,flight,CO-1250-MIA-IAH,0.5000,bclean_keep
1928,sched_dep_time,2:53 p.m.,0.0000,bclean_keep
1928,act_dep_time,3:01 p.m.,0.0014,bclean_keep
1928,sched_arr_time,4:48 p.m.,0.0000,bclean_keep
1928,act_arr_time,4:59 p.m.,0.0000,bclean_keep
1929,src,quicktrip,0.5000,bclean_keep
1929,flight,UA-828-SFO-ORD,0.5000,bclean_keep
1929,sched_dep_time,11:08 p.m.,0.0000,bclean_keep
1929,sched_arr_time,5:11 a.m.,0.0943,bclean_keep
1930,src,quicktrip,0.5000,bclean_keep
1930,flight,CO-4888-IAH-DAL,0.5000,bclean_keep
1930,sched_arr_time,6:40 p.m.,0.0087,bclean_keep
1931,src,quicktrip,0.5000,bclean_keep
1931,flight,UA-2704-DTW-PHX,0.5000,bclean_keep
1931,sched_dep_time,11:15 a.m.,0.0000,bclean_keep
1931,act_dep_time,11:15 a.m.,0.0000,bclean_keep
1931,sched_arr_time,1:40 p.m.,0.0000,bclean_keep
1931,act_arr_time,2:00 p.m.,0.0000,bclean_keep
1932,src,quicktrip,0.5000,bclean_keep
1932,flight,AA-3063-SLC-LAX,0.5000,bclean_keep
1932,sched_dep_time,8:20 p.m.,0.0000,bclean_keep
1932,act_dep_time,8:39 p.m.,0.1327,bclean_keep
1932,sched_arr_time,9:20 p.m.,0.0037,bclean_keep
1933,src,quicktrip,0.5000,bclean_keep
1933,flight,UA-2708-EWR-CLT,0.5000,bclean_keep
1933,sched_dep_time,2:55 p.m.,0.0000,bclean_keep
1933,act_dep_time,2:52 p.m.,0.0860,bclean_keep
1933,sched_arr_time,4:53 p.m.,0.0000,bclean_keep
1933,act_arr_time,4:44 p.m.,0.0000,bclean_keep
1934,src,quicktrip,0.5000,bclean_keep
1934,flight,UA-62-IAH-EWR,0.5000,bclean_keep
1934,sched_dep_time,2:30 p.m.,0.0000,bclean_keep
1934,act_dep_time,2:48 p.m.,0.0010,bclean_keep
1934,sched_arr_time,7:03 p.m.,0.0000,bclean_keep
1934,act_arr_time,7:10 p.m.,0.0000,bclean_keep
1935,src,quicktrip,0.5000,bclean_keep
1935,flight,AA-3804-PHL-ORD,0.5000,bclean_keep
1935,sched_dep_time,2:35 p.m.,0.0000,bclean_keep
1935,act_dep_time,2:44 p.m.,0.0312,bclean_keep
1935,sched_arr_time,4:05 p.m.,0.0057,bclean_keep
1935,act_arr_time,3:43 p.m.,0.4813,bclean_keep
1936,src,quicktrip,0.5000,bclean_keep
1936,flight,AA-1917-JFK-MCO,0.5000,bclean_keep
1936,sched_dep_time,2:55 p.m.,0.0000,bclean_keep
1936,act_dep_time,3:27 p.m.,0.1073,bclean_keep
1936,sched_arr_time,5:55 p.m.,0.0161,bclean_keep
1936,act_arr_time,5:43 p.m.,0.0314,bclean_keep
1937,src,quicktrip,0.5000,bclean_keep
1937,flight,AA-2268-PHX-ORD,0.5000,bclean_keep
1937,sched_dep_time,7:15 a.m.,0.0220,bclean_keep
1937,act_dep_time,7:22 a.m.,0.0981,bclean_keep
1937,sched_arr_time,11:35 a.m.,0.0004,bclean_keep
1937,act_arr_time,11:06 a.m.,0.3388,bclean_keep
1938,src,quicktrip,0.5000,bclean_keep
1938,flight,AA-4277-CVG-JFK,0.5000,bclean_keep
1938,sched_dep_time,12:10 p.m.,0.0000,bclean_keep
1938,act_dep_time,12:10 p.m.,0.3326,bclean_keep
1938,sched_arr_time,2:15 p.m.,0.0126,bclean_keep
1938,act_arr_time,1:43 p.m.,0.0265,bclean_keep
1939,src,quicktrip,0.5000,bclean_keep
1939,flight,AA-789-ORD-DEN,0.5000,bclean_keep
1939,sched_dep_time,1:05 p.m.,0.1050,bclean_keep
1939,act_dep_time,1:19 p.m.,0.2579,bclean_keep
1939,sched_arr_time,2:35 p.m.,0.0603,bclean_keep
1939,act_arr_time,3:13 p.m.,0.1275,bclean_keep
1940,src,quicktrip,0.5000,bclean_keep
1940,flight,UA-854-SFO-IAH,0.5000,bclean_keep
1940,sched_dep_time,7:53 a.m.,0.0000,bclean_keep
1940,act_dep_time,7:49 a.m.,0.1764,bclean_keep
1940,sched_arr_time,1:39 p.m.,0.0000,bclean_keep
1940,act_arr_time,1:30 p.m.,0.0000,bclean_keep
1941,src,quicktrip,0.5000,bclean_keep
1941,flight,AA-415-BOS-ORD,0.5000,bclean_keep
1941,sched_dep_time,8:35 a.m.,0.0000,bclean_keep
1941,act_dep_time,8:56 a.m.,0.0417,bclean_keep
1941,sched_arr_time,10:40 a.m.,0.0000,bclean_keep
1941,act_arr_time,10:16 a.m.,0.0033,bclean_keep
1942,src,quicktrip,0.5000,bclean_keep
1942,flight,AA-85-JFK-SFO,0.5000,bclean_keep
1942,sched_dep_time,3:05 p.m.,0.0198,bclean_keep
1942,act_dep_time,3:36 p.m.,0.3405,bclean_keep
1942,sched_arr_time,6:30 p.m.,0.0356,bclean_keep
1942,act_arr_time,6:43 p.m.,0.0613,bclean_keep
1943,src,quicktrip,0.5000,bclean_keep
1943,flight,AA-3786-IAH-ORD,0.5000,bclean_keep
1943,sched_dep_time,4:00 p.m.,0.0276,bclean_keep
1943,act_dep_time,4:12 p.m.,0.0759,bclean_keep
1943,sched_arr_time,6:40 p.m.,0.0056,bclean_keep
1943,act_arr_time,6:15 p.m.,0.2900,bclean_keep
1944,src,quicktrip,0.5000,bclean_keep
1944,flight,AA-222-LAX-BOS,0.5000,bclean_keep
1944,sched_dep_time,7:10 a.m.,0.0001,bclean_keep
1944,act_dep_time,7:31 a.m.,0.3049,bclean_keep
1944,sched_arr_time,3:30 p.m.,0.0003,bclean_keep
1944,act_arr_time,3:14 p.m.,0.0000,bclean_keep
1945,src,quicktrip,0.5000,bclean_keep
1945,flight,CO-50-CLE-EWR,0.5000,bclean_keep
1945,sched_dep_time,2:55 p.m.,0.0000,bclean_keep
1945,act_dep_time,3:31 p.m.,0.0018,bclean_keep
1945,sched_arr_time,4:49 p.m.,0.0000,bclean_keep
1945,act_arr_time,5:26 p.m.,0.0000,bclean_keep
1946,src,quicktrip,0.5000,bclean_keep
1946,flight,UA-3099-PHX-PHL,0.5000,bclean_keep
1946,sched_dep_time,11:55 a.m.,0.0000,bclean_keep
1946,act_dep_time,11:43 a.m.,0.1275,bclean_keep
1946,sched_arr_time,6:17 p.m.,0.0004,bclean_keep
1946,act_arr_time,5:38 p.m.,0.0000,bclean_keep
1947,src,quicktrip,0.5000,bclean_keep
1947,flight,AA-4198-ORD-CLE,0.5000,bclean_keep
1947,sched_dep_time,10:40 a.m.,0.0000,bclean_keep
1947,act_dep_time,10:54 a.m.,0.0202,bclean_keep
1947,sched_arr_time,12:55 p.m.,0.0004,bclean_keep
1947,act_arr_time,12:50 p.m.,0.0000,bclean_keep
1948,src,quicktrip,0.5000,bclean_keep
1948,flight,CO-45-EWR-MIA,0.5000,bclean_keep
1948,sched_dep_time,4:00 p.m.,0.0000,bclean_keep
1948,act_dep_time,3:58 p.m.,0.2140,bclean_keep
1948,sched_arr_time,7:05 p.m.,0.0002,bclean_keep
1948,act_arr_time,6:36 p.m.,0.0000,bclean_keep
1949,src,quicktrip,0.5000,bclean_keep
1949,flight,AA-3809-PHX-LAX,0.5000,bclean_keep
1949,sched_dep_time,6:00 a.m.,0.0000,bclean_keep
1949,act_dep_time,6:10 a.m.,0.2014,bclean_keep
1949,sched_arr_time,6:40 a.m.,0.0169,bclean_keep
1949,act_arr_time,6:19 a.m.,0.0451,bclean_keep
1950,src,quicktrip,0.5000,bclean_keep
1950,flight,AA-59-JFK-SFO,0.5000,bclean_keep
1950,sched_dep_time,7:10 a.m.,0.0000,bclean_keep
1950,act_dep_time,7:39 a.m.,0.3140,bclean_keep
1950,sched_arr_time,10:45 a.m.,0.0300,bclean_keep
1950,act_arr_time,11:12 a.m.,0.0484,bclean_keep
1951,src,allegiantair,0.5000,bclean_keep
1951,flight,AA-3859-IAH-ORD,0.5000,bclean_keep
1951,sched_dep_time,7:10 a.m.,0.0000,bclean_keep
1951,act_dep_time,7:16 a.m.,0.0000,bclean_keep
1951,sched_arr_time,9:40 a.m.,0.0431,bclean_keep
1951,act_arr_time,9:22 a.m.,0.3011,bclean_keep
1952,src,allegiantair,0.5000,bclean_keep
1952,flight,CO-1586-IAH-MCO,0.5000,bclean_keep
1952,act_dep_time,7:42 p.m.,0.0314,bclean_keep
1952,act_arr_time,10:29 p.m.,0.2844,bclean_keep
1953,src,allegiantair,0.5000,bclean_keep
1953,flight,AA-518-MIA-JFK,0.5000,bclean_keep
1953,sched_dep_time,6:40 a.m.,0.0046,bclean_keep
1953,act_dep_time,6:54 a.m.,0.0061,bclean_keep
1953,sched_arr_time,9:25 a.m.,0.0140,bclean_keep
1953,act_arr_time,9:28 a.m.,0.0268,bclean_keep
1954,src,allegiantair,0.5000,bclean_keep
1954,flight,UA-397-JFK-SFO,0.5000,bclean_keep
1954,sched_dep_time,8:00 a.m.,0.0000,bclean_keep
1954,sched_arr_time,11:55 a.m.,0.0000,bclean_keep
1954,act_arr_time,11:58 a.m.,0.0000,bclean_keep
1955,src,allegiantair,0.5000,bclean_keep
1955,flight,UA-3925-IAD-ORF,0.5000,bclean_keep
1955,act_arr_time,9:43 a.m.,0.0000,bclean_keep
1956,src,allegiantair,0.5000,bclean_keep
1956,flight,AA-1733-ORD-PHX,0.5000,bclean_keep
1956,sched_dep_time,7:45 p.m.,0.0000,bclean_keep
1956,act_dep_time,7:59 p.m.,0.1616,bclean_keep
1956,sched_arr_time,10:30 p.m.,0.0059,bclean_keep
1957,src,allegiantair,0.5000,bclean_keep
1957,flight,AA-3-JFK-LAX,0.5000,bclean_keep
1957,sched_dep_time,12:00 p.m.,0.0000,bclean_keep
1957,sched_arr_time,3:15 p.m.,0.0137,bclean_keep
1957,act_arr_time,3:16 p.m.,0.0000,bclean_keep
1958,src,allegiantair,0.5000,bclean_keep
1958,flight,UA-2830-MCO-CLT,0.5000,bclean_keep
1958,sched_dep_time,3:27 p.m.,0.0000,bclean_keep
1958,sched_arr_time,5:05 p.m.,0.0000,bclean_keep
1958,act_arr_time,5:17 p.m.,0.0000,bclean_keep
1959,src,allegiantair,0.5000,bclean_keep
1959,flight,CO-58-DEN-IAH,0.5000,bclean_keep
1959,act_arr_time,3:31 p.m.,0.0000,bclean_keep
1960,src,allegiantair,0.5000,bclean_keep
1960,flight,UA-5487-SFO-MRY,0.5000,bclean_keep
1960,act_dep_time,10:53 a.m.,0.4444,bclean_keep
1960,act_arr_time,11:21 a.m.,0.4439,bclean_keep
1961,src,allegiantair,0.5000,bclean_keep
1961,flight,AA-204-LAX-MCO,0.5000,bclean_keep
1961,sched_dep_time,11:25 p.m.,0.0000,bclean_keep
1962,src,allegiantair,0.5000,bclean_keep
1962,flight,UA-414-LAX-SFO,0.5000,bclean_keep
1962,act_dep_time,6:10 a.m.,0.3341,bclean_keep
1962,act_arr_time,7:17 a.m.,0.0052,bclean_keep
1963,src,allegiantair,0.5000,bclean_keep
1963,flight,CO-1614-LAX-IAH,0.5000,bclean_keep
1963,act_arr_time,5:26 a.m.,0.0000,bclean_keep
1964,src,allegiantair,0.5000,bclean_keep
1964,flight,UA-2726-FLL-PHL,0.5000,bclean_keep
1964,sched_dep_time,4:00 p.m.,0.0000,bclean_keep
1964,act_dep_time,4:10 p.m.,0.0000,bclean_keep
1964,sched_arr_time,6:46 p.m.,0.0268,bclean_keep
1964,act_arr_time,6:25 p.m.,0.0449,bclean_keep
1965,src,allegiantair,0.5000,bclean_keep
1965,flight,CO-52-IAH-LAX,0.5000,bclean_keep
1965,act_dep_time,7:56 a.m.,0.2222,bclean_keep
1965,act_arr_time,9:09 a.m.,0.2675,bclean_keep
1966,src,allegiantair,0.5000,bclean_keep
1966,flight,CO-1090-BOS-IAH,0.5000,bclean_keep
1966,act_arr_time,1:19 p.m.,0.0000,bclean_keep
1967,src,allegiantair,0.5000,bclean_keep
1967,flight,AA-616-DFW-DTW,0.5000,bclean_keep
1967,sched_dep_time,9:05 a.m.,0.0000,bclean_keep
1967,act_dep_time,10:11 a.m.,0.0000,bclean_keep
1967,sched_arr_time,12:35 p.m.,0.0003,bclean_keep
1967,act_arr_time,1:18 p.m.,0.2595,bclean_keep
1968,src,allegiantair,0.5000,bclean_keep
1968,flight,UA-3515-IAD-MSP,0.5000,bclean_keep
1968,act_arr_time,9:56 a.m.,0.5000,bclean_keep
1969,src,allegiantair,0.5000,bclean_keep
1969,flight,AA-3468-CVG-MIA,0.5000,bclean_keep
1969,sched_dep_time,7:00 a.m.,0.0000,bclean_keep
1969,act_dep_time,7:25 a.m.,0.0292,bclean_keep
1969,sched_arr_time,9:55 a.m.,0.0104,bclean_keep
1969,act_arr_time,9:45 a.m.,0.0311,bclean_keep
1970,src,allegiantair,0.5000,bclean_keep
1970,flight,AA-484-DFW-MIA,0.5000,bclean_keep
1970,sched_dep_time,4:15 p.m.,0.0000,bclean_keep
1970,sched_arr_time,7:55 p.m.,0.0002,bclean_keep
1970,act_arr_time,7:39 p.m.,0.0804,bclean_keep
1971,src,allegiantair,0.5000,bclean_keep
1971,flight,AA-1886-BOS-MIA,0.5000,bclean_keep
1971,act_dep_time,10:55 a.m.,0.0245,bclean_keep
1971,act_arr_time,1:40 p.m.,0.1159,bclean_keep
1972,src,allegiantair,0.5000,bclean_keep
1972,flight,CO-62-IAH-EWR,0.5000,bclean_keep
1972,act_arr_time,7:10 p.m.,0.0000,bclean_keep
1973,src,allegiantair,0.5000,bclean_keep
1973,flight,CO-1561-PHX-IAH,0.5000,bclean_keep
1973,act_arr_time,11:32 a.m.,0.0000,bclean_keep
1974,src,allegiantair,0.5000,bclean_keep
1974,flight,UA-2314-ATL-PHL,0.5000,bclean_keep
1974,act_arr_time,5:00 p.m.,0.5000,bclean_keep
1975,src,allegiantair,0.5000,bclean_keep
1975,flight,AA-446-DFW-PHL,0.5000,bclean_keep
1975,sched_dep_time,11:50 a.m.,0.0013,bclean_keep
1975,sched_arr_time,3:50 p.m.,0.0369,bclean_keep
1975,act_arr_time,4:09 p.m.,0.0000,bclean_keep
1976,src,allegiantair,0.5000,bclean_keep
1976,flight,CO-1023-IAH-DEN,0.5000,bclean_keep
1976,act_arr_time,1:14 p.m.,0.0000,bclean_keep
1977,src,allegiantair,0.5000,bclean_keep
1977,flight,AA-466-IAH-MIA,0.5000,bclean_keep
1977,sched_dep_time,6:00 a.m.,0.0000,bclean_keep
1977,sched_arr_time,9:20 a.m.,0.0002,bclean_keep
1977,act_arr_time,9:05 a.m.,0.0471,bclean_keep
1978,src,allegiantair,0.5000,bclean_keep
1978,flight,UA-3050-PHX-CLT,0.5000,bclean_keep
1978,sched_dep_time,11:05 a.m.,0.0000,bclean_keep
1978,act_dep_time,11:45 a.m.,0.0000,bclean_keep
1978,sched_arr_time,4:57 p.m.,0.0617,bclean_keep
1978,act_arr_time,5:03 p.m.,0.1498,bclean_keep
1979,src,allegiantair,0.5000,bclean_keep
1979,flight,CO-89-IAH-EWR,0.5000,bclean_keep
1979,act_arr_time,10:27 a.m.,0.0000,bclean_keep
1980,src,allegiantair,0.5000,bclean_keep
1980,flight,CO-1088-CLE-IAH,0.5000,bclean_keep
1980,act_arr_time,10:56 a.m.,0.0000,bclean_keep
1981,src,allegiantair,0.5000,bclean_keep
1981,flight,AA-1664-MIA-ATL,0.5000,bclean_keep
1981,sched_dep_time,10:15 a.m.,0.0000,bclean_keep
1981,act_dep_time,10:19 a.m.,0.0000,bclean_keep
1981,sched_arr_time,12:10 p.m.,0.0240,bclean_keep
1981,act_arr_time,11:50 a.m.,0.0000,bclean_keep
1982,src,allegiantair,0.5000,bclean_keep
1982,flight,AA-1279-DFW-PHX,0.5000,bclean_keep
1982,sched_dep_time,1:00 p.m.,0.0473,bclean_keep
1982,act_dep_time,2:04 p.m.,0.0000,bclean_keep
1982,sched_arr_time,2:35 p.m.,0.0329,bclean_keep
1982,act_arr_time,3:19 p.m.,0.3279,bclean_keep
1983,src,allegiantair,0.5000,bclean_keep
1983,flight,UA-854-SFO-IAH,0.5000,bclean_keep
1983,act_arr_time,1:30 p.m.,0.0000,bclean_keep
1984,src,allegiantair,0.5000,bclean_keep
1984,flight,UA-382-IAD-LAX,0.5000,bclean_keep
1984,act_dep_time,12:56 p.m.,0.0314,bclean_keep
1984,act_arr_time,3:21 p.m.,0.3136,bclean_keep
1985,src,allegiantair,0.5000,bclean_keep
1985,flight,AA-4344-ORD-DTW,0.5000,bclean_keep
1985,act_dep_time,12:14 p.m.,0.0000,bclean_keep
1985,act_arr_time,2:01 p.m.,0.4164,bclean_keep
1986,src,allegiantair,0.5000,bclean_keep
1986,flight,UA-257-JFK-SFO,0.5000,bclean_keep
1986,sched_dep_time,2:30 p.m.,0.0042,bclean_keep
1986,sched_arr_time,6:15 p.m.,0.0002,bclean_keep
1986,act_arr_time,5:42 p.m.,0.0000,bclean_keep
1987,src,allegiantair,0.5000,bclean_keep
1987,flight,UA-2945-PHL-CLT,0.5000,bclean_keep
1987,sched_dep_time,12:00 p.m.,0.0034,bclean_keep
1987,act_dep_time,12:08 p.m.,0.0019,bclean_keep
1987,sched_arr_time,1:45 p.m.,0.0003,bclean_keep
1987,act_arr_time,1:14 p.m.,0.0000,bclean_keep
1988,src,allegiantair,0.5000,bclean_keep
1988,flight,CO-63-EWR-IAH,0.5000,bclean_keep
1988,act_dep_time,5:38 p.m.,0.0365,bclean_keep
1988,act_arr_time,8:03 p.m.,0.1525,bclean_keep
1989,src,allegiantair,0.5000,bclean_keep
1989,flight,CO-47-IAH-LAX,0.5000,bclean_keep
1989,act_dep_time,8:36 p.m.,0.0000,bclean_keep
1989,act_arr_time,9:38 p.m.,0.0000,bclean_keep
1990,src,allegiantair,0.5000,bclean_keep
1990,flight,AA-2050-ORD-MIA,0.5000,bclean_keep
1990,sched_dep_time,10:40 a.m.,0.0411,bclean_keep
1990,sched_arr_time,2:45 p.m.,0.0004,bclean_keep
1990,act_arr_time,2:46 p.m.,0.0276,bclean_keep
1991,src,allegiantair,0.5000,bclean_keep
1991,flight,UA-248-PHX-ORD,0.5000,bclean_keep
1991,act_arr_time,5:34 p.m.,0.5000,bclean_keep
1992,src,allegiantair,0.5000,bclean_keep
1992,flight,AA-4330-CVG-ORD,0.5000,bclean_keep
1992,act_dep_time,3:36 p.m.,0.0045,bclean_keep
1993,src,allegiantair,0.5000,bclean_keep
1993,flight,AA-1434-DFW-MCO,0.5000,bclean_keep
1993,sched_dep_time,7:15 a.m.,0.0000,bclean_keep
1993,act_dep_time,7:22 a.m.,0.3561,bclean_keep
1993,sched_arr_time,10:35 a.m.,0.0572,bclean_keep
1993,act_arr_time,10:29 a.m.,0.1168,bclean_keep
1994,src,allegiantair,0.5000,bclean_keep
1994,flight,AA-1640-MIA-MCO,0.5000,bclean_keep
1994,sched_dep_time,6:30 p.m.,0.0000,bclean_keep
1994,sched_arr_time,7:25 p.m.,0.1297,bclean_keep
1995,src,allegiantair,0.5000,bclean_keep
1995,flight,AA-4307-ORD-DTW,0.5000,bclean_keep
1995,sched_dep_time,6:45 p.m.,0.0002,bclean_keep
1995,act_dep_time,6:56 p.m.,0.0000,bclean_keep
1995,sched_arr_time,9:10 p.m.,0.0547,bclean_keep
1995,act_arr_time,8:43 p.m.,0.3203,bclean_keep
1996,src,allegiantair,0.5000,bclean_keep
1996,flight,CO-1694-LAX-IAH,0.5000,bclean_keep
1996,sched_dep_time,7:15 p.m.,0.0000,bclean_keep
1997,src,allegiantair,0.5000,bclean_keep
1997,flight,UA-843-LAX-ORD,0.5000,bclean_keep
1997,act_arr_time,7:58 p.m.,0.0000,bclean_keep
1998,src,allegiantair,0.5000,bclean_keep
1998,flight,CO-1193-EWR-MCO,0.5000,bclean_keep
1998,sched_dep_time,9:15 a.m.,0.0000,bclean_keep
1998,sched_arr_time,12:18 p.m.,0.0002,bclean_keep
1998,act_arr_time,12:09 p.m.,0.0000,bclean_keep
1999,src,allegiantair,0.5000,bclean_keep
1999,flight,AA-3842-MSP-ORD,0.5000,bclean_keep
1999,sched_dep_time,6:00 a.m.,0.0000,bclean_keep
1999,sched_arr_time,7:30 a.m.,0.0003,bclean_keep
1999,act_arr_time,7:51 a.m.,0.0506,bclean_keep
2000,src,allegiantair,0.5000,bclean_keep
2000,flight,AA-643-MIA-ORD,0.5000,bclean_keep
2000,sched_dep_time,7:10 a.m.,0.0000,bclean_keep
2000,act_dep_time,7:31 a.m.,0.0598,bclean_keep
2000,sched_arr_time,9:35 a.m.,0.0572,bclean_keep
2001,src,allegiantair,0.5000,bclean_keep
2001,flight,AA-1007-MIA-PHX,0.5000,bclean_keep
2001,act_dep_time,5:09 p.m.,0.2500,bclean_keep
2001,act_arr_time,7:53 p.m.,0.4376,bclean_keep
2002,src,allegiantair,0.5000,bclean_keep
2002,flight,UA-2906-PHL-MCO,0.5000,bclean_keep
2002,sched_dep_time,3:50 p.m.,0.0000,bclean_keep
2002,act_dep_time,4:46 p.m.,0.0000,bclean_keep
2002,sched_arr_time,6:23 p.m.,0.0004,bclean_keep
2002,act_arr_time,6:35 p.m.,0.0175,bclean_keep
2003,src,allegiantair,0.5000,bclean_keep
2003,flight,UA-938-DEN-ORD,0.5000,bclean_keep
2003,act_arr_time,7:36 p.m.,0.0000,bclean_keep
2004,src,allegiantair,0.5000,bclean_keep
2004,flight,AA-1221-MCO-ORD,0.5000,bclean_keep
2004,sched_dep_time,8:00 p.m.,0.0000,bclean_keep
2004,act_dep_time,8:23 p.m.,0.0000,bclean_keep
2004,sched_arr_time,9:45 p.m.,0.0126,bclean_keep
2005,src,allegiantair,0.5000,bclean_keep
2005,flight,CO-16-LAX-EWR,0.5000,bclean_keep
2005,act_arr_time,6:34 p.m.,0.0000,bclean_keep
2006,src,allegiantair,0.5000,bclean_keep
2006,flight,UA-2515-DFW-CLT,0.5000,bclean_keep
2006,act_dep_time,7:31 a.m.,0.0000,bclean_keep
2006,act_arr_time,10:45 a.m.,0.0000,bclean_keep
2007,src,allegiantair,0.5000,bclean_keep
2007,flight,AA-400-DFW-JFK,0.5000,bclean_keep
2007,sched_dep_time,10:40 a.m.,0.0000,bclean_keep
2007,act_dep_time,11:02 a.m.,0.4695,bclean_keep
2007,sched_arr_time,2:59 p.m.,0.0014,bclean_keep
2007,act_arr_time,3:04 p.m.,0.1652,bclean_keep
2008,src,allegiantair,0.5000,bclean_keep
2008,flight,UA-664-ORD-PHL,0.5000,bclean_keep
2008,sched_dep_time,1:33 p.m.,0.0000,bclean_keep
2008,sched_arr_time,4:31 p.m.,0.0293,bclean_keep
2008,act_arr_time,4:23 p.m.,0.0000,bclean_keep
2009,src,allegiantair,0.5000,bclean_keep
2009,flight,AA-3756-ORD-SLC,0.5000,bclean_keep
2009,sched_dep_time,12:15 p.m.,0.1671,bclean_keep
2009,act_dep_time,12:42 p.m.,0.0236,bclean_keep
2009,sched_arr_time,2:45 p.m.,0.0030,bclean_keep
2010,src,allegiantair,0.5000,bclean_keep
2010,flight,UA-37-EWR-MCO,0.5000,bclean_keep
2010,act_arr_time,4:17 p.m.,0.0000,bclean_keep
2011,src,allegiantair,0.5000,bclean_keep
2011,flight,AA-1522-SFO-ORD,0.5000,bclean_keep
2011,sched_dep_time,11:55 p.m.,0.0000,bclean_keep
2012,src,allegiantair,0.5000,bclean_keep
2012,flight,UA-233-LAX-JFK,0.5000,bclean_keep
2012,sched_dep_time,4:25 p.m.,0.0000,bclean_keep
2013,src,allegiantair,0.5000,bclean_keep
2013,flight,AA-3823-LAX-DEN,0.5000,bclean_keep
2013,sched_dep_time,9:00 p.m.,0.0000,bclean_keep
2014,src,allegiantair,0.5000,bclean_keep
2014,flight,AA-2312-DFW-DTW,0.5000,bclean_keep
2014,sched_dep_time,8:25 p.m.,0.0000,bclean_keep
2014,sched_arr_time,11:50 p.m.,0.1356,bclean_keep
2015,src,allegiantair,0.5000,bclean_keep
2015,flight,AA-1165-JFK-MIA,0.5000,bclean_keep
2015,sched_dep_time,6:59 a.m.,0.0000,bclean_keep
2015,sched_arr_time,10:34 a.m.,0.0010,bclean_keep
2015,act_arr_time,10:04 a.m.,0.0110,bclean_keep
2016,src,allegiantair,0.5000,bclean_keep
2016,flight,AA-431-MIA-SFO,0.5000,bclean_keep
2016,sched_dep_time,8:35 a.m.,0.0000,bclean_keep
2016,sched_arr_time,11:50 a.m.,0.0002,bclean_keep
2016,act_arr_time,11:44 a.m.,0.0249,bclean_keep
2017,src,allegiantair,0.5000,bclean_keep
2017,flight,UA-3373-IAD-PHL,0.5000,bclean_keep
2017,act_arr_time,9:13 a.m.,0.0000,bclean_keep
2018,src,allegiantair,0.5000,bclean_keep
2018,flight,AA-649-ORD-SNA,0.5000,bclean_keep
2019,src,allegiantair,0.5000,bclean_keep
2019,flight,CO-1250-MIA-IAH,0.5000,bclean_keep
2019,act_arr_time,4:59 p.m.,0.0000,bclean_keep
2020,src,allegiantair,0.5000,bclean_keep
2020,flight,UA-6273-YYC-SFO,0.5000,bclean_keep
2020,act_dep_time,7:41 a.m.,0.3636,bclean_keep
2020,act_arr_time,8:45 a.m.,0.4163,bclean_keep
2021,src,allegiantair,0.5000,bclean_keep
2021,flight,UA-828-SFO-ORD,0.5000,bclean_keep
2021,sched_dep_time,11:08 p.m.,0.0000,bclean_keep
2022,src,allegiantair,0.5000,bclean_keep
2022,flight,CO-4888-IAH-DAL,0.5000,bclean_keep
2022,sched_arr_time,6:40 p.m.,0.0387,bclean_keep
2023,src,allegiantair,0.5000,bclean_keep
2023,flight,UA-858-PVG-SFO,0.5000,bclean_keep
2023,act_dep_time,1:45 p.m.,0.4444,bclean_keep
2023,act_arr_time,8:02 a.m.,0.0000,bclean_keep
2024,src,allegiantair,0.5000,bclean_keep
2024,flight,UA-2704-DTW-PHX,0.5000,bclean_keep
2024,act_dep_time,11:47 a.m.,0.0000,bclean_keep
2024,act_arr_time,2:02 p.m.,0.3329,bclean_keep
2025,src,allegiantair,0.5000,bclean_keep
2025,flight,AA-3063-SLC-LAX,0.5000,bclean_keep
2025,act_dep_time,8:40 p.m.,0.0000,bclean_keep
2025,act_arr_time,9:11 p.m.,0.3329,bclean_keep
2026,src,allegiantair,0.5000,bclean_keep
2026,flight,UA-2708-EWR-CLT,0.5000,bclean_keep
2026,act_dep_time,3:04 p.m.,0.0000,bclean_keep
2026,act_arr_time,4:24 p.m.,0.3632,bclean_keep
2027,src,allegiantair,0.5000,bclean_keep
2027,flight,UA-62-IAH-EWR,0.5000,bclean_keep
2027,act_arr_time,7:10 p.m.,0.0000,bclean_keep
2028,src,allegiantair,0.5000,bclean_keep
2028,flight,UA-1500-IAH-GUA,0.5000,bclean_keep
2028,act_dep_time,9:43 a.m.,0.0000,bclean_keep
2028,act_arr_time,12:12 p.m.,0.3745,bclean_keep
2029,src,allegiantair,0.5000,bclean_keep
2029,flight,AA-3804-PHL-ORD,0.5000,bclean_keep
2029,sched_dep_time,2:35 p.m.,0.0000,bclean_keep
2029,act_dep_time,2:44 p.m.,0.0000,bclean_keep
2029,sched_arr_time,4:05 p.m.,0.0091,bclean_keep
2030,src,allegiantair,0.5000,bclean_keep
2030,flight,AA-1917-JFK-MCO,0.5000,bclean_keep
2030,sched_dep_time,2:55 p.m.,0.0000,bclean_keep
2030,act_dep_time,3:28 p.m.,0.1045,bclean_keep
2030,sched_arr_time,5:55 p.m.,0.0004,bclean_keep
2030,act_arr_time,5:34 p.m.,0.3863,bclean_keep
2031,src,allegiantair,0.5000,bclean_keep
2031,flight,AA-2268-PHX-ORD,0.5000,bclean_keep
2031,sched_dep_time,7:15 a.m.,0.0007,bclean_keep
2031,act_dep_time,7:23 a.m.,0.0000,bclean_keep
2031,sched_arr_time,11:35 a.m.,0.0283,bclean_keep
2031,act_arr_time,11:07 a.m.,0.2437,bclean_keep
2032,src,allegiantair,0.5000,bclean_keep
2032,flight,AA-4277-CVG-JFK,0.5000,bclean_keep
2032,sched_dep_time,12:10 p.m.,0.0000,bclean_keep
2032,sched_arr_time,2:15 p.m.,0.0002,bclean_keep
2032,act_arr_time,1:43 p.m.,0.0265,bclean_keep
2033,src,allegiantair,0.5000,bclean_keep
2033,flight,AA-2957-DFW-CVG,0.5000,bclean_keep
2033,sched_dep_time,7:55 a.m.,0.0000,bclean_keep
2033,act_dep_time,8:05 a.m.,0.0567,bclean_keep
2033,sched_arr_time,11:05 a.m.,0.0268,bclean_keep
2033,act_arr_time,11:00 a.m.,0.1362,bclean_keep
2034,src,allegiantair,0.5000,bclean_keep
2034,flight,UA-37-EDI-EWR,0.5000,bclean_keep
2034,act_arr_time,12:09 p.m.,0.5000,bclean_keep
2035,src,allegiantair,0.5000,bclean_keep
2035,flight,AA-789-ORD-DEN,0.5000,bclean_keep
2035,sched_dep_time,1:05 p.m.,0.0434,bclean_keep
2035,act_dep_time,1:20 p.m.,0.0000,bclean_keep
2035,sched_arr_time,2:35 p.m.,0.0009,bclean_keep
2035,act_arr_time,3:01 p.m.,0.3265,bclean_keep
2036,src,allegiantair,0.5000,bclean_keep
2036,flight,AA-415-BOS-ORD,0.5000,bclean_keep
2036,act_dep_time,8:56 a.m.,0.0000,bclean_keep
2037,src,allegiantair,0.5000,bclean_keep
2037,flight,AA-85-JFK-SFO,0.5000,bclean_keep
2037,sched_dep_time,3:05 p.m.,0.0204,bclean_keep
2037,sched_arr_time,6:30 p.m.,0.0003,bclean_keep
2037,act_arr_time,6:43 p.m.,0.0613,bclean_keep
2038,src,allegiantair,0.5000,bclean_keep
2038,flight,AA-3979-CVG-ORD,0.5000,bclean_keep
2038,sched_dep_time,7:30 a.m.,0.0000,bclean_keep
2038,act_dep_time,8:04 a.m.,0.0000,bclean_keep
2038,sched_arr_time,8:00 a.m.,0.0152,bclean_keep
2039,src,allegiantair,0.5000,bclean_keep
2039,flight,AA-1544-SAN-ORD,0.5000,bclean_keep
2039,act_arr_time,4:56 p.m.,0.0000,bclean_keep
2040,src,allegiantair,0.5000,bclean_keep
2040,flight,AA-3786-IAH-ORD,0.5000,bclean_keep
2040,sched_dep_time,4:00 p.m.,0.0008,bclean_keep
2040,act_dep_time,4:12 p.m.,0.0000,bclean_keep
2040,sched_arr_time,6:40 p.m.,0.0065,bclean_keep
2041,src,allegiantair,0.5000,bclean_keep
2041,flight,AA-271-MIA-LAX,0.5000,bclean_keep
2041,sched_dep_time,11:35 a.m.,0.0000,bclean_keep
2041,act_dep_time,11:52 a.m.,0.0236,bclean_keep
2041,sched_arr_time,2:25 p.m.,0.0125,bclean_keep
2041,act_arr_time,2:27 p.m.,0.0620,bclean_keep
2042,src,allegiantair,0.5000,bclean_keep
2042,flight,AA-2525-DFW-MIA,0.5000,bclean_keep
2042,sched_dep_time,7:25 a.m.,0.0000,bclean_keep
2042,sched_arr_time,11:10 a.m.,0.0004,bclean_keep
2042,act_arr_time,11:06 a.m.,0.1502,bclean_keep
2043,src,allegiantair,0.5000,bclean_keep
2043,flight,CO-50-CLE-EWR,0.5000,bclean_keep
2043,act_arr_time,5:26 p.m.,0.0000,bclean_keep
2044,src,allegiantair,0.5000,bclean_keep
2044,flight,UA-3099-PHX-PHL,0.5000,bclean_keep
2044,sched_dep_time,11:55 a.m.,0.0000,bclean_keep
2044,act_dep_time,11:55 a.m.,0.0000,bclean_keep
2044,sched_arr_time,6:17 p.m.,0.0281,bclean_keep
2044,act_arr_time,6:17 p.m.,0.2188,bclean_keep
2045,src,allegiantair,0.5000,bclean_keep
2045,flight,AA-4198-ORD-CLE,0.5000,bclean_keep
2045,sched_dep_time,10:40 a.m.,0.0000,bclean_keep
2045,act_dep_time,10:55 a.m.,0.0000,bclean_keep
2045,sched_arr_time,12:55 p.m.,0.0231,bclean_keep
2045,act_arr_time,12:48 p.m.,0.1689,bclean_keep
2046,src,allegiantair,0.5000,bclean_keep
2046,flight,AA-404-MIA-MCO,0.5000,bclean_keep
2046,sched_dep_time,6:45 a.m.,0.0000,bclean_keep
2046,act_dep_time,6:58 a.m.,0.0000,bclean_keep
2046,sched_arr_time,7:45 a.m.,0.0003,bclean_keep
2046,act_arr_time,7:32 a.m.,0.2328,bclean_keep
2047,src,allegiantair,0.5000,bclean_keep
2047,flight,CO-45-EWR-MIA,0.5000,bclean_keep
2047,sched_dep_time,4:00 p.m.,0.0000,bclean_keep
2047,sched_arr_time,7:05 p.m.,0.0002,bclean_keep
2047,act_arr_time,6:36 p.m.,0.0000,bclean_keep
2048,src,allegiantair,0.5000,bclean_keep
2048,flight,AA-3809-PHX-LAX,0.5000,bclean_keep
2048,sched_dep_time,6:00 a.m.,0.0000,bclean_keep
2048,sched_arr_time,6:40 a.m.,0.0002,bclean_keep
2048,act_arr_time,6:19 a.m.,0.0451,bclean_keep
2049,src,allegiantair,0.5000,bclean_keep
2049,flight,AA-59-JFK-SFO,0.5000,bclean_keep
2049,sched_dep_time,7:10 a.m.,0.0000,bclean_keep
2049,sched_arr_time,10:45 a.m.,0.0003,bclean_keep
2049,act_arr_time,11:12 a.m.,0.0484,bclean_keep
2050,src,allegiantair,0.5000,bclean_keep
2050,flight,AA-222-LAX-BOS,0.5000,bclean_keep
2050,sched_dep_time,7:10 a.m.,0.0002,bclean_keep
2050,sched_arr_time,3:30 p.m.,0.0223,bclean_keep
2050,act_arr_time,3:14 p.m.,0.0000,bclean_keep
2051,src,businesstravellogue,0.5000,bclean_keep
2051,flight,AA-3859-IAH-ORD,0.5000,bclean_keep
2051,sched_dep_time,7:10 a.m.,0.0000,bclean_keep
2051,act_dep_time,7:16 a.m.,0.0106,bclean_keep
2051,sched_arr_time,9:40 a.m.,0.0300,bclean_keep
2052,src,businesstravellogue,0.5000,bclean_keep
2052,flight,CO-1586-IAH-MCO,0.5000,bclean_keep
2052,act_arr_time,10:29 p.m.,0.2844,bclean_keep
2053,src,businesstravellogue,0.5000,bclean_keep
2053,flight,AA-518-MIA-JFK,0.5000,bclean_keep
2053,sched_dep_time,6:40 a.m.,0.0046,bclean_keep
2053,act_dep_time,6:54 a.m.,0.0061,bclean_keep
2053,sched_arr_time,9:25 a.m.,0.0140,bclean_keep
2053,act_arr_time,9:28 a.m.,0.0268,bclean_keep
2054,src,businesstravellogue,0.5000,bclean_keep
2054,flight,UA-397-JFK-SFO,0.5000,bclean_keep
2054,sched_dep_time,8:00 a.m.,0.0000,bclean_keep
2054,act_dep_time,8:29 a.m.,0.4158,bclean_keep
2054,sched_arr_time,11:55 a.m.,0.0000,bclean_keep
2054,act_arr_time,11:58 a.m.,0.0000,bclean_keep
2055,src,businesstravellogue,0.5000,bclean_keep
2055,flight,UA-3925-IAD-ORF,0.5000,bclean_keep
2055,act_dep_time,8:42 a.m.,0.4167,bclean_keep
2055,act_arr_time,9:43 a.m.,0.0000,bclean_keep
2056,src,businesstravellogue,0.5000,bclean_keep
2056,flight,AA-1733-ORD-PHX,0.5000,bclean_keep
2056,sched_dep_time,7:45 p.m.,0.0000,bclean_keep
2056,sched_arr_time,10:30 p.m.,0.0005,bclean_keep
2057,src,businesstravellogue,0.5000,bclean_keep
2057,flight,AA-3-JFK-LAX,0.5000,bclean_keep
2057,sched_dep_time,12:00 p.m.,0.0000,bclean_keep
2057,act_dep_time,12:11 p.m.,0.3771,bclean_keep
2057,sched_arr_time,3:15 p.m.,0.0002,bclean_keep
2057,act_arr_time,3:16 p.m.,0.0000,bclean_keep
2058,src,businesstravellogue,0.5000,bclean_keep
2058,flight,UA-2830-MCO-CLT,0.5000,bclean_keep
2058,sched_dep_time,3:27 p.m.,0.0000,bclean_keep
2058,act_dep_time,3:28 p.m.,0.3807,bclean_keep
2058,sched_arr_time,5:05 p.m.,0.0000,bclean_keep
2058,act_arr_time,5:17 p.m.,0.0000,bclean_keep
2059,src,businesstravellogue,0.5000,bclean_keep
2059,flight,CO-58-DEN-IAH,0.5000,bclean_keep
2059,act_dep_time,11:32 a.m.,0.0049,bclean_keep
2059,act_arr_time,3:31 p.m.,0.0000,bclean_keep
2060,src,businesstravellogue,0.5000,bclean_keep
2060,flight,UA-5487-SFO-MRY,0.5000,bclean_keep
2060,act_arr_time,11:21 a.m.,0.4439,bclean_keep
2061,src,businesstravellogue,0.5000,bclean_keep
2061,flight,AA-204-LAX-MCO,0.5000,bclean_keep
2061,sched_dep_time,11:25 p.m.,0.0000,bclean_keep
2062,src,businesstravellogue,0.5000,bclean_keep
2062,flight,UA-414-LAX-SFO,0.5000,bclean_keep
2062,act_arr_time,7:17 a.m.,0.0052,bclean_keep
2063,src,businesstravellogue,0.5000,bclean_keep
2063,flight,CO-1614-LAX-IAH,0.5000,bclean_keep
2063,act_dep_time,12:41 a.m.,0.4167,bclean_keep
2063,act_arr_time,5:26 a.m.,0.0000,bclean_keep
2064,src,businesstravellogue,0.5000,bclean_keep
2064,flight,UA-2726-FLL-PHL,0.5000,bclean_keep
2064,sched_dep_time,4:00 p.m.,0.0000,bclean_keep
2064,act_dep_time,3:58 p.m.,0.0106,bclean_keep
2064,sched_arr_time,6:46 p.m.,0.0003,bclean_keep
2064,act_arr_time,6:28 p.m.,0.0000,bclean_keep
2065,src,businesstravellogue,0.5000,bclean_keep
2065,flight,CO-52-IAH-LAX,0.5000,bclean_keep
2065,act_arr_time,9:14 a.m.,0.5000,bclean_keep
2066,src,businesstravellogue,0.5000,bclean_keep
2066,flight,CO-1090-BOS-IAH,0.5000,bclean_keep
2066,act_arr_time,1:19 p.m.,0.1744,bclean_keep
2067,src,businesstravellogue,0.5000,bclean_keep
2067,flight,AA-616-DFW-DTW,0.5000,bclean_keep
2067,sched_dep_time,9:05 a.m.,0.0000,bclean_keep
2067,act_dep_time,10:10 a.m.,0.0508,bclean_keep
2067,sched_arr_time,12:35 p.m.,0.0204,bclean_keep
2067,act_arr_time,1:27 p.m.,0.0673,bclean_keep
2068,src,businesstravellogue,0.5000,bclean_keep
2068,flight,UA-3515-IAD-MSP,0.5000,bclean_keep
2068,act_arr_time,9:56 a.m.,0.1900,bclean_keep
2069,src,businesstravellogue,0.5000,bclean_keep
2069,flight,AA-3468-CVG-MIA,0.5000,bclean_keep
2069,sched_dep_time,7:00 a.m.,0.0000,bclean_keep
2069,act_dep_time,7:25 a.m.,0.0119,bclean_keep
2069,sched_arr_time,9:55 a.m.,0.0104,bclean_keep
2069,act_arr_time,9:45 a.m.,0.0280,bclean_keep
2070,src,businesstravellogue,0.5000,bclean_keep
2070,flight,AA-484-DFW-MIA,0.5000,bclean_keep
2070,sched_dep_time,4:15 p.m.,0.0000,bclean_keep
2070,act_dep_time,4:29 p.m.,0.3324,bclean_keep
2070,sched_arr_time,7:55 p.m.,0.0148,bclean_keep
2070,act_arr_time,7:39 p.m.,0.0804,bclean_keep
2071,src,businesstravellogue,0.5000,bclean_keep
2071,flight,AA-1886-BOS-MIA,0.5000,bclean_keep
2071,act_dep_time,10:55 a.m.,0.0247,bclean_keep
2071,act_arr_time,1:40 p.m.,0.1159,bclean_keep
2072,src,businesstravellogue,0.5000,bclean_keep
2072,flight,CO-62-IAH-EWR,0.5000,bclean_keep
2072,act_dep_time,2:48 p.m.,0.3704,bclean_keep
2072,act_arr_time,7:10 p.m.,0.0000,bclean_keep
2073,src,businesstravellogue,0.5000,bclean_keep
2073,flight,CO-1561-PHX-IAH,0.5000,bclean_keep
2073,act_dep_time,8:00 a.m.,0.4167,bclean_keep
2073,act_arr_time,11:32 a.m.,0.0000,bclean_keep
2074,src,businesstravellogue,0.5000,bclean_keep
2074,flight,UA-2314-ATL-PHL,0.5000,bclean_keep
2074,act_arr_time,4:47 p.m.,0.0000,bclean_keep
2075,src,businesstravellogue,0.5000,bclean_keep
2075,flight,AA-446-DFW-PHL,0.5000,bclean_keep
2075,sched_dep_time,11:50 a.m.,0.0013,bclean_keep
2075,act_dep_time,12:12 p.m.,0.3678,bclean_keep
2075,sched_arr_time,3:50 p.m.,0.0005,bclean_keep
2075,act_arr_time,4:09 p.m.,0.0000,bclean_keep
2076,src,businesstravellogue,0.5000,bclean_keep
2076,flight,CO-1023-IAH-DEN,0.5000,bclean_keep
2076,act_dep_time,11:56 a.m.,0.3064,bclean_keep
2076,act_arr_time,1:14 p.m.,0.0000,bclean_keep
2077,src,businesstravellogue,0.5000,bclean_keep
2077,flight,AA-466-IAH-MIA,0.5000,bclean_keep
2077,sched_dep_time,6:00 a.m.,0.0000,bclean_keep
2077,act_dep_time,6:08 a.m.,0.3873,bclean_keep
2077,sched_arr_time,9:20 a.m.,0.0157,bclean_keep
2077,act_arr_time,9:05 a.m.,0.0471,bclean_keep
2078,src,businesstravellogue,0.5000,bclean_keep
2078,flight,UA-3050-PHX-CLT,0.5000,bclean_keep
2078,sched_dep_time,11:05 a.m.,0.0000,bclean_keep
2078,act_dep_time,11:30 a.m.,0.0000,bclean_keep
2078,sched_arr_time,4:57 p.m.,0.0006,bclean_keep
2078,act_arr_time,5:05 p.m.,0.0000,bclean_keep
2079,src,businesstravellogue,0.5000,bclean_keep
2079,flight,CO-89-IAH-EWR,0.5000,bclean_keep
2079,act_dep_time,6:02 a.m.,0.3846,bclean_keep
2079,act_arr_time,10:27 a.m.,0.0000,bclean_keep
2080,src,businesstravellogue,0.5000,bclean_keep
2080,flight,CO-1088-CLE-IAH,0.5000,bclean_keep
2080,act_dep_time,8:40 a.m.,0.4167,bclean_keep
2080,act_arr_time,10:56 a.m.,0.0000,bclean_keep
2081,src,businesstravellogue,0.5000,bclean_keep
2081,flight,AA-1664-MIA-ATL,0.5000,bclean_keep
2081,sched_dep_time,10:15 a.m.,0.0000,bclean_keep
2081,act_dep_time,10:18 a.m.,0.0785,bclean_keep
2081,sched_arr_time,12:10 p.m.,0.0003,bclean_keep
2081,act_arr_time,11:56 a.m.,0.0000,bclean_keep
2082,src,businesstravellogue,0.5000,bclean_keep
2082,flight,AA-1279-DFW-PHX,0.5000,bclean_keep
2082,sched_dep_time,1:00 p.m.,0.0478,bclean_keep
2082,act_dep_time,2:04 p.m.,0.0005,bclean_keep
2082,sched_arr_time,2:35 p.m.,0.0337,bclean_keep
2083,src,businesstravellogue,0.5000,bclean_keep
2083,flight,UA-854-SFO-IAH,0.5000,bclean_keep
2083,act_dep_time,7:49 a.m.,0.4615,bclean_keep
2083,act_arr_time,1:30 p.m.,0.0000,bclean_keep
2084,src,businesstravellogue,0.5000,bclean_keep
2084,flight,UA-382-IAD-LAX,0.5000,bclean_keep
2085,src,businesstravellogue,0.5000,bclean_keep
2085,flight,AA-4344-ORD-DTW,0.5000,bclean_keep
2085,act_dep_time,12:13 p.m.,0.0209,bclean_keep
2085,act_arr_time,2:10 p.m.,0.0000,bclean_keep
2086,src,businesstravellogue,0.5000,bclean_keep
2086,flight,UA-257-JFK-SFO,0.5000,bclean_keep
2086,sched_dep_time,2:30 p.m.,0.0042,bclean_keep
2086,act_dep_time,2:26 p.m.,0.4029,bclean_keep
2086,sched_arr_time,6:15 p.m.,0.0003,bclean_keep
2086,act_arr_time,5:42 p.m.,0.0000,bclean_keep
2087,src,businesstravellogue,0.5000,bclean_keep
2087,flight,UA-2945-PHL-CLT,0.5000,bclean_keep
2087,sched_dep_time,12:00 p.m.,0.0047,bclean_keep
2087,act_dep_time,11:51 a.m.,0.0224,bclean_keep
2087,sched_arr_time,1:45 p.m.,0.0003,bclean_keep
2087,act_arr_time,1:15 p.m.,0.0000,bclean_keep
2088,src,businesstravellogue,0.5000,bclean_keep
2088,flight,CO-63-EWR-IAH,0.5000,bclean_keep
2088,act_arr_time,8:03 p.m.,0.1525,bclean_keep
2089,src,businesstravellogue,0.5000,bclean_keep
2089,flight,CO-47-IAH-LAX,0.5000,bclean_keep
2089,act_dep_time,8:25 p.m.,0.0000,bclean_keep
2090,src,businesstravellogue,0.5000,bclean_keep
2090,flight,AA-2050-ORD-MIA,0.5000,bclean_keep
2090,sched_dep_time,10:40 a.m.,0.0406,bclean_keep
2090,act_dep_time,11:05 a.m.,0.3311,bclean_keep
2090,sched_arr_time,2:45 p.m.,0.0290,bclean_keep
2090,act_arr_time,2:46 p.m.,0.0276,bclean_keep
2091,src,businesstravellogue,0.5000,bclean_keep
2091,flight,UA-248-PHX-ORD,0.5000,bclean_keep
2091,act_arr_time,5:34 p.m.,0.5000,bclean_keep
2092,src,businesstravellogue,0.5000,bclean_keep
2092,flight,AA-4330-CVG-ORD,0.5000,bclean_keep
2092,act_dep_time,3:36 p.m.,0.1250,bclean_keep
2092,act_arr_time,3:33 p.m.,0.4235,bclean_keep
2093,src,businesstravellogue,0.5000,bclean_keep
2093,flight,AA-1434-DFW-MCO,0.5000,bclean_keep
2093,sched_dep_time,7:15 a.m.,0.0000,bclean_keep
2093,act_dep_time,7:21 a.m.,0.0124,bclean_keep
2093,sched_arr_time,10:35 a.m.,0.0445,bclean_keep
2093,act_arr_time,10:36 a.m.,0.2412,bclean_keep
2094,src,businesstravellogue,0.5000,bclean_keep
2094,flight,AA-1640-MIA-MCO,0.5000,bclean_keep
2094,sched_dep_time,6:30 p.m.,0.0000,bclean_keep
2094,sched_arr_time,7:25 p.m.,0.1297,bclean_keep
2095,src,businesstravellogue,0.5000,bclean_keep
2095,flight,AA-4307-ORD-DTW,0.5000,bclean_keep
2095,sched_dep_time,6:45 p.m.,0.0002,bclean_keep
2095,act_dep_time,6:55 p.m.,0.1234,bclean_keep
2095,sched_arr_time,9:10 p.m.,0.0003,bclean_keep
2095,act_arr_time,8:53 p.m.,0.0000,bclean_keep
2096,src,businesstravellogue,0.5000,bclean_keep
2096,flight,CO-1694-LAX-IAH,0.5000,bclean_keep
2096,sched_dep_time,7:15 p.m.,0.0000,bclean_keep
2097,src,businesstravellogue,0.5000,bclean_keep
2097,flight,UA-843-LAX-ORD,0.5000,bclean_keep
2097,act_arr_time,7:58 p.m.,0.0000,bclean_keep
2098,src,businesstravellogue,0.5000,bclean_keep
2098,flight,CO-1193-EWR-MCO,0.5000,bclean_keep
2098,sched_dep_time,9:15 a.m.,0.0000,bclean_keep
2098,act_dep_time,9:14 a.m.,0.2700,bclean_keep
2098,sched_arr_time,12:18 p.m.,0.0002,bclean_keep
2098,act_arr_time,12:09 p.m.,0.0000,bclean_keep
2099,src,businesstravellogue,0.5000,bclean_keep
2099,flight,AA-3842-MSP-ORD,0.5000,bclean_keep
2099,sched_dep_time,6:00 a.m.,0.0000,bclean_keep
2099,act_dep_time,6:56 a.m.,0.2734,bclean_keep
2099,sched_arr_time,7:30 a.m.,0.0302,bclean_keep
2099,act_arr_time,7:51 a.m.,0.0506,bclean_keep
2100,src,businesstravellogue,0.5000,bclean_keep
2100,flight,AA-643-MIA-ORD,0.5000,bclean_keep
2100,sched_dep_time,7:10 a.m.,0.0000,bclean_keep
2100,act_dep_time,7:30 a.m.,0.0202,bclean_keep
2100,sched_arr_time,9:35 a.m.,0.0005,bclean_keep
2100,act_arr_time,9:31 a.m.,0.0000,bclean_keep
2101,src,businesstravellogue,0.5000,bclean_keep
2101,flight,AA-1007-MIA-PHX,0.5000,bclean_keep
2101,act_dep_time,5:08 p.m.,0.3967,bclean_keep
2101,act_arr_time,7:55 p.m.,0.2258,bclean_keep
2102,src,businesstravellogue,0.5000,bclean_keep
2102,flight,UA-2906-PHL-MCO,0.5000,bclean_keep
2102,sched_dep_time,3:50 p.m.,0.0000,bclean_keep
2102,act_dep_time,4:28 p.m.,0.0000,bclean_keep
2102,sched_arr_time,6:23 p.m.,0.0002,bclean_keep
2102,act_arr_time,6:38 p.m.,0.0000,bclean_keep
2103,src,businesstravellogue,0.5000,bclean_keep
2103,flight,UA-938-DEN-ORD,0.5000,bclean_keep
2103,act_dep_time,4:15 p.m.,0.0034,bclean_keep
2103,act_arr_time,7:36 p.m.,0.0000,bclean_keep
2104,src,businesstravellogue,0.5000,bclean_keep
2104,flight,AA-1221-MCO-ORD,0.5000,bclean_keep
2104,sched_dep_time,8:00 p.m.,0.0000,bclean_keep
2104,act_dep_time,8:23 p.m.,0.0895,bclean_keep
2104,sched_arr_time,9:45 p.m.,0.0115,bclean_keep
2104,act_arr_time,9:53 p.m.,0.4112,bclean_keep
2105,src,businesstravellogue,0.5000,bclean_keep
2105,flight,CO-16-LAX-EWR,0.5000,bclean_keep
2105,act_dep_time,10:20 a.m.,0.4167,bclean_keep
2105,act_arr_time,6:34 p.m.,0.0000,bclean_keep
2106,src,businesstravellogue,0.5000,bclean_keep
2106,flight,UA-2515-DFW-CLT,0.5000,bclean_keep
2106,act_arr_time,10:47 a.m.,0.0000,bclean_keep
2107,src,businesstravellogue,0.5000,bclean_keep
2107,flight,AA-400-DFW-JFK,0.5000,bclean_keep
2107,act_dep_time,11:01 a.m.,0.4917,bclean_keep
2107,act_arr_time,3:04 p.m.,0.0796,bclean_keep
2108,src,businesstravellogue,0.5000,bclean_keep
2108,flight,UA-664-ORD-PHL,0.5000,bclean_keep
2108,sched_dep_time,1:33 p.m.,0.0000,bclean_keep
2108,act_dep_time,1:31 p.m.,0.3137,bclean_keep
2108,sched_arr_time,4:31 p.m.,0.0003,bclean_keep
2108,act_arr_time,4:23 p.m.,0.0000,bclean_keep
2109,src,businesstravellogue,0.5000,bclean_keep
2109,flight,AA-3756-ORD-SLC,0.5000,bclean_keep
2109,sched_dep_time,12:15 p.m.,0.0963,bclean_keep
2109,act_dep_time,12:41 p.m.,0.3522,bclean_keep
2109,sched_arr_time,2:45 p.m.,0.0016,bclean_keep
2109,act_arr_time,2:50 p.m.,0.0000,bclean_keep
2110,src,businesstravellogue,0.5000,bclean_keep
2110,flight,UA-37-EWR-MCO,0.5000,bclean_keep
2110,act_dep_time,1:48 p.m.,0.2406,bclean_keep
2110,act_arr_time,4:17 p.m.,0.0000,bclean_keep
2111,src,businesstravellogue,0.5000,bclean_keep
2111,flight,AA-1522-SFO-ORD,0.5000,bclean_keep
2111,sched_dep_time,11:55 p.m.,0.0000,bclean_keep
2112,src,businesstravellogue,0.5000,bclean_keep
2112,flight,UA-233-LAX-JFK,0.5000,bclean_keep
2112,sched_dep_time,4:25 p.m.,0.0000,bclean_keep
2113,src,businesstravellogue,0.5000,bclean_keep
2113,flight,AA-3823-LAX-DEN,0.5000,bclean_keep
2113,sched_dep_time,9:00 p.m.,0.0000,bclean_keep
2114,src,businesstravellogue,0.5000,bclean_keep
2114,flight,AA-2312-DFW-DTW,0.5000,bclean_keep
2114,sched_dep_time,8:25 p.m.,0.0000,bclean_keep
2114,sched_arr_time,11:50 p.m.,0.1356,bclean_keep
2115,src,businesstravellogue,0.5000,bclean_keep
2115,flight,AA-1165-JFK-MIA,0.5000,bclean_keep
2115,sched_dep_time,6:59 a.m.,0.0000,bclean_keep
2115,act_dep_time,7:22 a.m.,0.3299,bclean_keep
2115,sched_arr_time,10:34 a.m.,0.0023,bclean_keep
2115,act_arr_time,10:04 a.m.,0.0110,bclean_keep
2116,src,businesstravellogue,0.5000,bclean_keep
2116,flight,AA-431-MIA-SFO,0.5000,bclean_keep
2116,sched_dep_time,8:35 a.m.,0.0000,bclean_keep
2116,act_dep_time,8:51 a.m.,0.3062,bclean_keep
2116,sched_arr_time,11:50 a.m.,0.0144,bclean_keep
2116,act_arr_time,11:44 a.m.,0.0249,bclean_keep
2117,src,businesstravellogue,0.5000,bclean_keep
2117,flight,UA-3373-IAD-PHL,0.5000,bclean_keep
2117,act_dep_time,8:26 a.m.,0.0049,bclean_keep
2117,act_arr_time,9:13 a.m.,0.0000,bclean_keep
2118,src,businesstravellogue,0.5000,bclean_keep
2118,flight,AA-649-ORD-SNA,0.5000,bclean_keep
2119,src,businesstravellogue,0.5000,bclean_keep
2119,flight,CO-1250-MIA-IAH,0.5000,bclean_keep
2119,act_dep_time,3:01 p.m.,0.3333,bclean_keep
2119,act_arr_time,4:59 p.m.,0.0000,bclean_keep
2120,src,businesstravellogue,0.5000,bclean_keep
2120,flight,UA-6273-YYC-SFO,0.5000,bclean_keep
2120,act_arr_time,8:45 a.m.,0.4163,bclean_keep
2121,src,businesstravellogue,0.5000,bclean_keep
2121,flight,UA-828-SFO-ORD,0.5000,bclean_keep
2121,sched_dep_time,11:08 p.m.,0.0000,bclean_keep
2121,sched_arr_time,5:11 a.m.,0.0943,bclean_keep
2122,src,businesstravellogue,0.5000,bclean_keep
2122,flight,CO-4888-IAH-DAL,0.5000,bclean_keep
2122,sched_arr_time,6:40 p.m.,0.0387,bclean_keep
2123,src,businesstravellogue,0.5000,bclean_keep
2123,flight,UA-858-PVG-SFO,0.5000,bclean_keep
2123,act_arr_time,8:02 a.m.,0.0000,bclean_keep
2124,src,businesstravellogue,0.5000,bclean_keep
2124,flight,UA-2704-DTW-PHX,0.5000,bclean_keep
2124,act_dep_time,11:15 a.m.,0.0000,bclean_keep
2124,act_arr_time,2:00 p.m.,0.0000,bclean_keep
2125,src,businesstravellogue,0.5000,bclean_keep
2125,flight,AA-3063-SLC-LAX,0.5000,bclean_keep
2125,act_dep_time,8:39 p.m.,0.0000,bclean_keep
2126,src,businesstravellogue,0.5000,bclean_keep
2126,flight,UA-2708-EWR-CLT,0.5000,bclean_keep
2126,act_arr_time,4:44 p.m.,0.0000,bclean_keep
2127,src,businesstravellogue,0.5000,bclean_keep
2127,flight,UA-62-IAH-EWR,0.5000,bclean_keep
2127,act_dep_time,2:48 p.m.,0.3704,bclean_keep
2127,act_arr_time,7:10 p.m.,0.0000,bclean_keep
2128,src,businesstravellogue,0.5000,bclean_keep
2128,flight,UA-1500-IAH-GUA,0.5000,bclean_keep
2128,act_dep_time,9:16 a.m.,0.0000,bclean_keep
2129,src,businesstravellogue,0.5000,bclean_keep
2129,flight,AA-3804-PHL-ORD,0.5000,bclean_keep
2129,sched_dep_time,2:35 p.m.,0.0000,bclean_keep
2129,act_dep_time,2:44 p.m.,0.0312,bclean_keep
2129,sched_arr_time,4:05 p.m.,0.0057,bclean_keep
2129,act_arr_time,3:43 p.m.,0.4813,bclean_keep
2130,src,businesstravellogue,0.5000,bclean_keep
2130,flight,AA-1917-JFK-MCO,0.5000,bclean_keep
2130,sched_dep_time,2:55 p.m.,0.0000,bclean_keep
2130,act_dep_time,3:27 p.m.,0.1073,bclean_keep
2130,sched_arr_time,5:55 p.m.,0.0161,bclean_keep
2130,act_arr_time,5:43 p.m.,0.0314,bclean_keep
2131,src,businesstravellogue,0.5000,bclean_keep
2131,flight,AA-2268-PHX-ORD,0.5000,bclean_keep
2131,sched_dep_time,7:15 a.m.,0.0006,bclean_keep
2131,act_dep_time,7:22 a.m.,0.0981,bclean_keep
2131,sched_arr_time,11:35 a.m.,0.0004,bclean_keep
2131,act_arr_time,11:06 a.m.,0.3388,bclean_keep
2132,src,businesstravellogue,0.5000,bclean_keep
2132,flight,AA-4277-CVG-JFK,0.5000,bclean_keep
2132,sched_dep_time,12:10 p.m.,0.0000,bclean_keep
2132,act_dep_time,12:10 p.m.,0.3326,bclean_keep
2132,sched_arr_time,2:15 p.m.,0.0126,bclean_keep
2132,act_arr_time,1:43 p.m.,0.0265,bclean_keep
2133,src,businesstravellogue,0.5000,bclean_keep
2133,flight,AA-2957-DFW-CVG,0.5000,bclean_keep
2133,sched_dep_time,7:55 a.m.,0.0000,bclean_keep
2133,act_dep_time,8:04 a.m.,0.0226,bclean_keep
2133,sched_arr_time,11:05 a.m.,0.0003,bclean_keep
2133,act_arr_time,11:01 a.m.,0.0923,bclean_keep
2134,src,businesstravellogue,0.5000,bclean_keep
2134,flight,UA-37-EDI-EWR,0.5000,bclean_keep
2134,act_arr_time,12:09 p.m.,0.5000,bclean_keep
2135,src,businesstravellogue,0.5000,bclean_keep
2135,flight,AA-789-ORD-DEN,0.5000,bclean_keep
2135,sched_dep_time,1:05 p.m.,0.1050,bclean_keep
2135,act_dep_time,1:19 p.m.,0.2579,bclean_keep
2135,sched_arr_time,2:35 p.m.,0.0603,bclean_keep
2135,act_arr_time,3:13 p.m.,0.1275,bclean_keep
2136,src,businesstravellogue,0.5000,bclean_keep
2136,flight,AA-415-BOS-ORD,0.5000,bclean_keep
2136,act_arr_time,10:16 a.m.,0.0000,bclean_keep
2137,src,businesstravellogue,0.5000,bclean_keep
2137,flight,AA-85-JFK-SFO,0.5000,bclean_keep
2137,sched_dep_time,3:05 p.m.,0.0198,bclean_keep
2137,act_dep_time,3:36 p.m.,0.3418,bclean_keep
2137,sched_arr_time,6:30 p.m.,0.0356,bclean_keep
2137,act_arr_time,6:43 p.m.,0.0613,bclean_keep
2138,src,businesstravellogue,0.5000,bclean_keep
2138,flight,AA-3979-CVG-ORD,0.5000,bclean_keep
2138,sched_dep_time,7:30 a.m.,0.0000,bclean_keep
2138,act_dep_time,8:04 a.m.,0.0095,bclean_keep
2138,sched_arr_time,8:00 a.m.,0.0139,bclean_keep
2138,act_arr_time,8:06 a.m.,0.3327,bclean_keep
2139,src,businesstravellogue,0.5000,bclean_keep
2139,flight,AA-1544-SAN-ORD,0.5000,bclean_keep
2139,act_dep_time,11:40 a.m.,0.2597,bclean_keep
2139,act_arr_time,4:56 p.m.,0.0000,bclean_keep
2140,src,businesstravellogue,0.5000,bclean_keep
2140,flight,AA-3786-IAH-ORD,0.5000,bclean_keep
2140,sched_dep_time,4:00 p.m.,0.0008,bclean_keep
2140,act_dep_time,4:12 p.m.,0.0759,bclean_keep
2140,sched_arr_time,6:40 p.m.,0.0056,bclean_keep
2140,act_arr_time,6:15 p.m.,0.2900,bclean_keep
2141,src,businesstravellogue,0.5000,bclean_keep
2141,flight,AA-271-MIA-LAX,0.5000,bclean_keep
2141,sched_dep_time,11:35 a.m.,0.0000,bclean_keep
2141,act_dep_time,11:52 a.m.,0.0236,bclean_keep
2141,sched_arr_time,2:25 p.m.,0.0125,bclean_keep
2141,act_arr_time,2:27 p.m.,0.0620,bclean_keep
2142,src,businesstravellogue,0.5000,bclean_keep
2142,flight,AA-2525-DFW-MIA,0.5000,bclean_keep
2142,sched_dep_time,7:25 a.m.,0.0000,bclean_keep
2142,act_dep_time,7:39 a.m.,0.3569,bclean_keep
2142,sched_arr_time,11:10 a.m.,0.0390,bclean_keep
2142,act_arr_time,11:06 a.m.,0.1496,bclean_keep
2143,src,businesstravellogue,0.5000,bclean_keep
2143,flight,CO-50-CLE-EWR,0.5000,bclean_keep
2143,act_dep_time,3:31 p.m.,0.3571,bclean_keep
2143,act_arr_time,5:26 p.m.,0.0000,bclean_keep
2144,src,businesstravellogue,0.5000,bclean_keep
2144,flight,UA-3099-PHX-PHL,0.5000,bclean_keep
2144,sched_dep_time,11:55 a.m.,0.0000,bclean_keep
2144,act_dep_time,11:43 a.m.,0.1275,bclean_keep
2144,sched_arr_time,6:17 p.m.,0.0004,bclean_keep
2144,act_arr_time,5:38 p.m.,0.0000,bclean_keep
2145,src,businesstravellogue,0.5000,bclean_keep
2145,flight,AA-4198-ORD-CLE,0.5000,bclean_keep
2145,sched_dep_time,10:40 a.m.,0.0000,bclean_keep
2145,act_dep_time,10:54 a.m.,0.0202,bclean_keep
2145,sched_arr_time,12:55 p.m.,0.0004,bclean_keep
2145,act_arr_time,12:50 p.m.,0.0000,bclean_keep
2146,src,businesstravellogue,0.5000,bclean_keep
2146,flight,AA-404-MIA-MCO,0.5000,bclean_keep
2146,sched_dep_time,6:45 a.m.,0.0000,bclean_keep
2146,act_dep_time,6:57 a.m.,0.0588,bclean_keep
2146,sched_arr_time,7:45 a.m.,0.0163,bclean_keep
2146,act_arr_time,7:40 a.m.,0.0279,bclean_keep
2147,src,businesstravellogue,0.5000,bclean_keep
2147,flight,CO-45-EWR-MIA,0.5000,bclean_keep
2147,sched_dep_time,4:00 p.m.,0.0000,bclean_keep
2147,act_dep_time,3:58 p.m.,0.2132,bclean_keep
2147,sched_arr_time,7:05 p.m.,0.0002,bclean_keep
2147,act_arr_time,6:36 p.m.,0.0000,bclean_keep
2148,src,businesstravellogue,0.5000,bclean_keep
2148,flight,AA-3809-PHX-LAX,0.5000,bclean_keep
2148,sched_dep_time,6:00 a.m.,0.0000,bclean_keep
2148,act_dep_time,6:10 a.m.,0.2014,bclean_keep
2148,sched_arr_time,6:40 a.m.,0.0169,bclean_keep
2148,act_arr_time,6:19 a.m.,0.0451,bclean_keep
2149,src,businesstravellogue,0.5000,bclean_keep
2149,flight,AA-59-JFK-SFO,0.5000,bclean_keep
2149,sched_dep_time,7:10 a.m.,0.0000,bclean_keep
2149,act_dep_time,7:39 a.m.,0.3140,bclean_keep
2149,sched_arr_time,10:45 a.m.,0.0300,bclean_keep
2149,act_arr_time,11:12 a.m.,0.0484,bclean_keep
2150,src,businesstravellogue,0.5000,bclean_keep
2150,flight,AA-222-LAX-BOS,0.5000,bclean_keep
2150,sched_dep_time,7:10 a.m.,0.0001,bclean_keep
2150,act_dep_time,7:31 a.m.,0.3049,bclean_keep
2150,sched_arr_time,3:30 p.m.,0.0003,bclean_keep
2150,act_arr_time,3:14 p.m.,0.0000,bclean_keep
2151,src,den,0.5000,bclean_keep
2151,flight,CO-58-DEN-IAH,0.5000,bclean_keep
2151,sched_dep_time,11:25 a.m.,0.0000,bclean_keep
2152,src,den,0.5000,bclean_keep
2152,flight,CO-1023-IAH-DEN,0.5000,bclean_keep
2152,sched_arr_time,1:17 p.m.,0.0000,bclean_keep
2153,src,den,0.5000,bclean_keep
2153,flight,AA-3823-LAX-DEN,0.5000,bclean_keep
2153,sched_arr_time,12:15 a.m.,0.0000,bclean_keep
2154,src,den,0.5000,bclean_keep
2154,flight,UA-938-DEN-ORD,0.5000,bclean_keep
2154,sched_dep_time,4:16 p.m.,0.0000,bclean_keep
2155,src,den,0.5000,bclean_keep
2155,flight,AA-789-ORD-DEN,0.5000,bclean_keep
2155,sched_arr_time,2:35 p.m.,0.0000,bclean_keep
2156,src,gofox,0.5000,bclean_keep
2156,flight,AA-3859-IAH-ORD,0.5000,bclean_keep
2156,sched_dep_time,7:10 a.m.,0.0000,bclean_keep
2156,act_dep_time,7:16 a.m.,0.0000,bclean_keep
2156,sched_arr_time,9:40 a.m.,0.0431,bclean_keep
2156,act_arr_time,9:22 a.m.,0.3011,bclean_keep
2157,src,gofox,0.5000,bclean_keep
2157,flight,CO-1586-IAH-MCO,0.5000,bclean_keep
2157,act_dep_time,7:42 p.m.,0.0314,bclean_keep
2157,act_arr_time,10:29 p.m.,0.2844,bclean_keep
2158,src,gofox,0.5000,bclean_keep
2158,flight,AA-518-MIA-JFK,0.5000,bclean_keep
2158,sched_dep_time,6:40 a.m.,0.0046,bclean_keep
2158,act_dep_time,6:54 a.m.,0.0061,bclean_keep
2158,sched_arr_time,9:25 a.m.,0.0140,bclean_keep
2158,act_arr_time,9:28 a.m.,0.0268,bclean_keep
2159,src,gofox,0.5000,bclean_keep
2159,flight,UA-397-JFK-SFO,0.5000,bclean_keep
2159,sched_dep_time,8:00 a.m.,0.0000,bclean_keep
2159,sched_arr_time,11:55 a.m.,0.0000,bclean_keep
2159,act_arr_time,11:58 a.m.,0.0000,bclean_keep
2160,src,gofox,0.5000,bclean_keep
2160,flight,UA-3925-IAD-ORF,0.5000,bclean_keep
2160,act_arr_time,9:43 a.m.,0.0000,bclean_keep
2161,src,gofox,0.5000,bclean_keep
2161,flight,AA-1733-ORD-PHX,0.5000,bclean_keep
2161,sched_dep_time,7:45 p.m.,0.0000,bclean_keep
2161,act_dep_time,7:59 p.m.,0.1616,bclean_keep
2161,sched_arr_time,10:30 p.m.,0.0059,bclean_keep
2162,src,gofox,0.5000,bclean_keep
2162,flight,AA-3-JFK-LAX,0.5000,bclean_keep
2162,sched_dep_time,12:00 p.m.,0.0000,bclean_keep
2162,sched_arr_time,3:15 p.m.,0.0137,bclean_keep
2162,act_arr_time,3:16 p.m.,0.0000,bclean_keep
2163,src,gofox,0.5000,bclean_keep
2163,flight,UA-2830-MCO-CLT,0.5000,bclean_keep
2163,sched_dep_time,3:27 p.m.,0.0000,bclean_keep
2163,sched_arr_time,5:05 p.m.,0.0000,bclean_keep
2163,act_arr_time,5:17 p.m.,0.0000,bclean_keep
2164,src,gofox,0.5000,bclean_keep
2164,flight,CO-58-DEN-IAH,0.5000,bclean_keep
2164,act_arr_time,3:31 p.m.,0.0000,bclean_keep
2165,src,gofox,0.5000,bclean_keep
2165,flight,UA-5487-SFO-MRY,0.5000,bclean_keep
2165,act_dep_time,10:53 a.m.,0.4444,bclean_keep
2165,act_arr_time,11:21 a.m.,0.4439,bclean_keep
2166,src,gofox,0.5000,bclean_keep
2166,flight,AA-204-LAX-MCO,0.5000,bclean_keep
2166,sched_dep_time,11:25 p.m.,0.0000,bclean_keep
2167,src,gofox,0.5000,bclean_keep
2167,flight,UA-414-LAX-SFO,0.5000,bclean_keep
2167,act_dep_time,6:10 a.m.,0.3341,bclean_keep
2167,act_arr_time,7:17 a.m.,0.0052,bclean_keep
2168,src,gofox,0.5000,bclean_keep
2168,flight,CO-1614-LAX-IAH,0.5000,bclean_keep
2168,act_arr_time,5:26 a.m.,0.0000,bclean_keep
2169,src,gofox,0.5000,bclean_keep
2169,flight,UA-2726-FLL-PHL,0.5000,bclean_keep
2169,sched_dep_time,4:00 p.m.,0.0000,bclean_keep
2169,act_dep_time,4:10 p.m.,0.0000,bclean_keep
2169,sched_arr_time,6:46 p.m.,0.0268,bclean_keep
2169,act_arr_time,6:25 p.m.,0.0449,bclean_keep
2170,src,gofox,0.5000,bclean_keep
2170,flight,CO-52-IAH-LAX,0.5000,bclean_keep
2170,act_dep_time,7:56 a.m.,0.2222,bclean_keep
2170,act_arr_time,9:09 a.m.,0.2675,bclean_keep
2171,src,gofox,0.5000,bclean_keep
2171,flight,CO-1090-BOS-IAH,0.5000,bclean_keep
2171,act_arr_time,1:19 p.m.,0.0000,bclean_keep
2172,src,gofox,0.5000,bclean_keep
2172,flight,AA-616-DFW-DTW,0.5000,bclean_keep
2172,sched_dep_time,9:05 a.m.,0.0000,bclean_keep
2172,act_dep_time,10:11 a.m.,0.0000,bclean_keep
2172,sched_arr_time,12:35 p.m.,0.0003,bclean_keep
2172,act_arr_time,1:18 p.m.,0.2595,bclean_keep
2173,src,gofox,0.5000,bclean_keep
2173,flight,UA-3515-IAD-MSP,0.5000,bclean_keep
2173,act_arr_time,9:56 a.m.,0.5000,bclean_keep
2174,src,gofox,0.5000,bclean_keep
2174,flight,AA-3468-CVG-MIA,0.5000,bclean_keep
2174,sched_dep_time,7:00 a.m.,0.0000,bclean_keep
2174,act_dep_time,7:25 a.m.,0.0292,bclean_keep
2174,sched_arr_time,9:55 a.m.,0.0104,bclean_keep
2174,act_arr_time,9:45 a.m.,0.0311,bclean_keep
2175,src,gofox,0.5000,bclean_keep
2175,flight,AA-484-DFW-MIA,0.5000,bclean_keep
2175,sched_dep_time,4:15 p.m.,0.0000,bclean_keep
2175,sched_arr_time,7:55 p.m.,0.0002,bclean_keep
2175,act_arr_time,7:39 p.m.,0.0804,bclean_keep
2176,src,gofox,0.5000,bclean_keep
2176,flight,AA-1886-BOS-MIA,0.5000,bclean_keep
2176,act_dep_time,10:55 a.m.,0.0245,bclean_keep
2176,act_arr_time,1:40 p.m.,0.1159,bclean_keep
2177,src,gofox,0.5000,bclean_keep
2177,flight,CO-62-IAH-EWR,0.5000,bclean_keep
2177,act_arr_time,7:10 p.m.,0.0000,bclean_keep
2178,src,gofox,0.5000,bclean_keep
2178,flight,CO-1561-PHX-IAH,0.5000,bclean_keep
2178,act_arr_time,11:32 a.m.,0.0000,bclean_keep
2179,src,gofox,0.5000,bclean_keep
2179,flight,UA-2314-ATL-PHL,0.5000,bclean_keep
2179,act_arr_time,5:00 p.m.,0.5000,bclean_keep
2180,src,gofox,0.5000,bclean_keep
2180,flight,AA-446-DFW-PHL,0.5000,bclean_keep
2180,sched_dep_time,11:50 a.m.,0.0013,bclean_keep
2180,sched_arr_time,3:50 p.m.,0.0369,bclean_keep
2180,act_arr_time,4:09 p.m.,0.0000,bclean_keep
2181,src,gofox,0.5000,bclean_keep
2181,flight,CO-1023-IAH-DEN,0.5000,bclean_keep
2181,act_arr_time,1:14 p.m.,0.0000,bclean_keep
2182,src,gofox,0.5000,bclean_keep
2182,flight,AA-466-IAH-MIA,0.5000,bclean_keep
2182,sched_dep_time,6:00 a.m.,0.0000,bclean_keep
2182,sched_arr_time,9:20 a.m.,0.0002,bclean_keep
2182,act_arr_time,9:05 a.m.,0.0471,bclean_keep
2183,src,gofox,0.5000,bclean_keep
2183,flight,UA-3050-PHX-CLT,0.5000,bclean_keep
2183,sched_dep_time,11:05 a.m.,0.0000,bclean_keep
2183,act_dep_time,11:45 a.m.,0.0000,bclean_keep
2183,sched_arr_time,4:57 p.m.,0.0617,bclean_keep
2183,act_arr_time,5:03 p.m.,0.1498,bclean_keep
2184,src,gofox,0.5000,bclean_keep
2184,flight,CO-89-IAH-EWR,0.5000,bclean_keep
2184,act_arr_time,10:27 a.m.,0.0000,bclean_keep
2185,src,gofox,0.5000,bclean_keep
2185,flight,CO-1088-CLE-IAH,0.5000,bclean_keep
2185,act_arr_time,10:56 a.m.,0.0000,bclean_keep
2186,src,gofox,0.5000,bclean_keep
2186,flight,AA-1664-MIA-ATL,0.5000,bclean_keep
2186,sched_dep_time,10:15 a.m.,0.0000,bclean_keep
2186,act_dep_time,10:19 a.m.,0.0000,bclean_keep
2186,sched_arr_time,12:10 p.m.,0.0240,bclean_keep
2186,act_arr_time,11:50 a.m.,0.0000,bclean_keep
2187,src,gofox,0.5000,bclean_keep
2187,flight,AA-1279-DFW-PHX,0.5000,bclean_keep
2187,sched_dep_time,1:00 p.m.,0.0473,bclean_keep
2187,act_dep_time,2:04 p.m.,0.0000,bclean_keep
2187,sched_arr_time,2:35 p.m.,0.0329,bclean_keep
2187,act_arr_time,3:19 p.m.,0.3279,bclean_keep
2188,src,gofox,0.5000,bclean_keep
2188,flight,UA-854-SFO-IAH,0.5000,bclean_keep
2188,act_arr_time,1:30 p.m.,0.0000,bclean_keep
2189,src,gofox,0.5000,bclean_keep
2189,flight,UA-382-IAD-LAX,0.5000,bclean_keep
2189,act_dep_time,12:56 p.m.,0.0314,bclean_keep
2189,act_arr_time,3:21 p.m.,0.3136,bclean_keep
2190,src,gofox,0.5000,bclean_keep
2190,flight,AA-4344-ORD-DTW,0.5000,bclean_keep
2190,act_dep_time,12:14 p.m.,0.0000,bclean_keep
2190,act_arr_time,2:01 p.m.,0.4164,bclean_keep
2191,src,gofox,0.5000,bclean_keep
2191,flight,UA-257-JFK-SFO,0.5000,bclean_keep
2191,sched_dep_time,2:30 p.m.,0.0042,bclean_keep
2191,sched_arr_time,6:15 p.m.,0.0002,bclean_keep
2191,act_arr_time,5:42 p.m.,0.0000,bclean_keep
2192,src,gofox,0.5000,bclean_keep
2192,flight,UA-2945-PHL-CLT,0.5000,bclean_keep
2192,sched_dep_time,12:00 p.m.,0.0034,bclean_keep
2192,act_dep_time,12:08 p.m.,0.0019,bclean_keep
2192,sched_arr_time,1:45 p.m.,0.0003,bclean_keep
2192,act_arr_time,1:14 p.m.,0.0000,bclean_keep
2193,src,gofox,0.5000,bclean_keep
2193,flight,CO-63-EWR-IAH,0.5000,bclean_keep
2193,act_dep_time,5:38 p.m.,0.0365,bclean_keep
2193,act_arr_time,8:03 p.m.,0.1525,bclean_keep
2194,src,gofox,0.5000,bclean_keep
2194,flight,CO-47-IAH-LAX,0.5000,bclean_keep
2194,act_dep_time,8:36 p.m.,0.0000,bclean_keep
2194,act_arr_time,9:38 p.m.,0.0000,bclean_keep
2195,src,gofox,0.5000,bclean_keep
2195,flight,AA-2050-ORD-MIA,0.5000,bclean_keep
2195,sched_dep_time,10:40 a.m.,0.0411,bclean_keep
2195,sched_arr_time,2:45 p.m.,0.0004,bclean_keep
2195,act_arr_time,2:46 p.m.,0.0276,bclean_keep
2196,src,gofox,0.5000,bclean_keep
2196,flight,UA-248-PHX-ORD,0.5000,bclean_keep
2196,act_arr_time,5:34 p.m.,0.5000,bclean_keep
2197,src,gofox,0.5000,bclean_keep
2197,flight,AA-4330-CVG-ORD,0.5000,bclean_keep
2197,act_dep_time,3:36 p.m.,0.0045,bclean_keep
2198,src,gofox,0.5000,bclean_keep
2198,flight,AA-1434-DFW-MCO,0.5000,bclean_keep
2198,sched_dep_time,7:15 a.m.,0.0000,bclean_keep
2198,act_dep_time,7:22 a.m.,0.3561,bclean_keep
2198,sched_arr_time,10:35 a.m.,0.0572,bclean_keep
2198,act_arr_time,10:29 a.m.,0.1168,bclean_keep
2199,src,gofox,0.5000,bclean_keep
2199,flight,AA-1640-MIA-MCO,0.5000,bclean_keep
2199,sched_dep_time,6:30 p.m.,0.0000,bclean_keep
2199,sched_arr_time,7:25 p.m.,0.1297,bclean_keep
2200,src,gofox,0.5000,bclean_keep
2200,flight,AA-4307-ORD-DTW,0.5000,bclean_keep
2200,sched_dep_time,6:45 p.m.,0.0002,bclean_keep
2200,act_dep_time,6:56 p.m.,0.0000,bclean_keep
2200,sched_arr_time,9:10 p.m.,0.0547,bclean_keep
2200,act_arr_time,8:43 p.m.,0.3203,bclean_keep
2201,src,gofox,0.5000,bclean_keep
2201,flight,CO-1694-LAX-IAH,0.5000,bclean_keep
2201,sched_dep_time,7:15 p.m.,0.0000,bclean_keep
2202,src,gofox,0.5000,bclean_keep
2202,flight,UA-843-LAX-ORD,0.5000,bclean_keep
2202,act_arr_time,7:58 p.m.,0.0000,bclean_keep
2203,src,gofox,0.5000,bclean_keep
2203,flight,CO-1193-EWR-MCO,0.5000,bclean_keep
2203,sched_dep_time,9:15 a.m.,0.0000,bclean_keep
2203,sched_arr_time,12:18 p.m.,0.0002,bclean_keep
2203,act_arr_time,12:09 p.m.,0.0000,bclean_keep
2204,src,gofox,0.5000,bclean_keep
2204,flight,AA-3842-MSP-ORD,0.5000,bclean_keep
2204,sched_dep_time,6:00 a.m.,0.0000,bclean_keep
2204,sched_arr_time,7:30 a.m.,0.0003,bclean_keep
2204,act_arr_time,7:51 a.m.,0.0506,bclean_keep
2205,src,gofox,0.5000,bclean_keep
2205,flight,AA-643-MIA-ORD,0.5000,bclean_keep
2205,sched_dep_time,7:10 a.m.,0.0000,bclean_keep
2205,act_dep_time,7:31 a.m.,0.0598,bclean_keep
2205,sched_arr_time,9:35 a.m.,0.0572,bclean_keep
2206,src,gofox,0.5000,bclean_keep
2206,flight,AA-1007-MIA-PHX,0.5000,bclean_keep
2206,act_dep_time,5:09 p.m.,0.2500,bclean_keep
2206,act_arr_time,7:53 p.m.,0.4376,bclean_keep
2207,src,gofox,0.5000,bclean_keep
2207,flight,UA-2906-PHL-MCO,0.5000,bclean_keep
2207,sched_dep_time,3:50 p.m.,0.0000,bclean_keep
2207,act_dep_time,4:46 p.m.,0.0000,bclean_keep
2207,sched_arr_time,6:23 p.m.,0.0004,bclean_keep
2207,act_arr_time,6:35 p.m.,0.0175,bclean_keep
2208,src,gofox,0.5000,bclean_keep
2208,flight,UA-938-DEN-ORD,0.5000,bclean_keep
2208,act_arr_time,7:36 p.m.,0.0000,bclean_keep
2209,src,gofox,0.5000,bclean_keep
2209,flight,AA-1221-MCO-ORD,0.5000,bclean_keep
2209,sched_dep_time,8:00 p.m.,0.0000,bclean_keep
2209,act_dep_time,8:23 p.m.,0.0000,bclean_keep
2209,sched_arr_time,9:45 p.m.,0.0126,bclean_keep
2210,src,gofox,0.5000,bclean_keep
2210,flight,CO-16-LAX-EWR,0.5000,bclean_keep
2210,act_arr_time,6:34 p.m.,0.0000,bclean_keep
2211,src,gofox,0.5000,bclean_keep
2211,flight,UA-2515-DFW-CLT,0.5000,bclean_keep
2211,act_dep_time,7:31 a.m.,0.0000,bclean_keep
2211,act_arr_time,10:45 a.m.,0.0000,bclean_keep
2212,src,gofox,0.5000,bclean_keep
2212,flight,AA-400-DFW-JFK,0.5000,bclean_keep
2212,sched_dep_time,10:40 a.m.,0.0000,bclean_keep
2212,act_dep_time,11:02 a.m.,0.4695,bclean_keep
2212,sched_arr_time,2:59 p.m.,0.0014,bclean_keep
2212,act_arr_time,3:04 p.m.,0.1652,bclean_keep
2213,src,gofox,0.5000,bclean_keep
2213,flight,UA-664-ORD-PHL,0.5000,bclean_keep
2213,sched_dep_time,1:33 p.m.,0.0000,bclean_keep
2213,sched_arr_time,4:31 p.m.,0.0293,bclean_keep
2213,act_arr_time,4:23 p.m.,0.0000,bclean_keep
2214,src,gofox,0.5000,bclean_keep
2214,flight,AA-3756-ORD-SLC,0.5000,bclean_keep
2214,sched_dep_time,12:15 p.m.,0.1671,bclean_keep
2214,act_dep_time,12:42 p.m.,0.0236,bclean_keep
2214,sched_arr_time,2:45 p.m.,0.0030,bclean_keep
2215,src,gofox,0.5000,bclean_keep
2215,flight,UA-37-EWR-MCO,0.5000,bclean_keep
2215,act_arr_time,4:17 p.m.,0.0000,bclean_keep
2216,src,gofox,0.5000,bclean_keep
2216,flight,AA-1522-SFO-ORD,0.5000,bclean_keep
2216,sched_dep_time,11:55 p.m.,0.0000,bclean_keep
2217,src,gofox,0.5000,bclean_keep
2217,flight,UA-233-LAX-JFK,0.5000,bclean_keep
2217,sched_dep_time,4:25 p.m.,0.0000,bclean_keep
2218,src,gofox,0.5000,bclean_keep
2218,flight,AA-3823-LAX-DEN,0.5000,bclean_keep
2218,sched_dep_time,9:00 p.m.,0.0000,bclean_keep
2219,src,gofox,0.5000,bclean_keep
2219,flight,AA-2312-DFW-DTW,0.5000,bclean_keep
2219,sched_dep_time,8:25 p.m.,0.0000,bclean_keep
2219,sched_arr_time,11:50 p.m.,0.1356,bclean_keep
2220,src,gofox,0.5000,bclean_keep
2220,flight,AA-1165-JFK-MIA,0.5000,bclean_keep
2220,sched_dep_time,6:59 a.m.,0.0000,bclean_keep
2220,sched_arr_time,10:34 a.m.,0.0010,bclean_keep
2220,act_arr_time,10:04 a.m.,0.0110,bclean_keep
2221,src,gofox,0.5000,bclean_keep
2221,flight,AA-431-MIA-SFO,0.5000,bclean_keep
2221,sched_dep_time,8:35 a.m.,0.0000,bclean_keep
2221,sched_arr_time,11:50 a.m.,0.0002,bclean_keep
2221,act_arr_time,11:44 a.m.,0.0249,bclean_keep
2222,src,gofox,0.5000,bclean_keep
2222,flight,UA-3373-IAD-PHL,0.5000,bclean_keep
2222,act_arr_time,9:13 a.m.,0.0000,bclean_keep
2223,src,gofox,0.5000,bclean_keep
2223,flight,AA-649-ORD-SNA,0.5000,bclean_keep
2224,src,gofox,0.5000,bclean_keep
2224,flight,CO-1250-MIA-IAH,0.5000,bclean_keep
2224,act_arr_time,4:59 p.m.,0.0000,bclean_keep
2225,src,gofox,0.5000,bclean_keep
2225,flight,UA-6273-YYC-SFO,0.5000,bclean_keep
2225,act_dep_time,7:41 a.m.,0.3636,bclean_keep
2225,act_arr_time,8:45 a.m.,0.4163,bclean_keep
2226,src,gofox,0.5000,bclean_keep
2226,flight,UA-828-SFO-ORD,0.5000,bclean_keep
2226,sched_dep_time,11:08 p.m.,0.0000,bclean_keep
2227,src,gofox,0.5000,bclean_keep
2227,flight,CO-4888-IAH-DAL,0.5000,bclean_keep
2227,sched_arr_time,6:40 p.m.,0.0387,bclean_keep
2228,src,gofox,0.5000,bclean_keep
2228,flight,UA-858-PVG-SFO,0.5000,bclean_keep
2228,act_dep_time,1:45 p.m.,0.4444,bclean_keep
2228,act_arr_time,8:02 a.m.,0.0000,bclean_keep
2229,src,gofox,0.5000,bclean_keep
2229,flight,UA-2704-DTW-PHX,0.5000,bclean_keep
2229,act_dep_time,11:47 a.m.,0.0000,bclean_keep
2229,act_arr_time,2:02 p.m.,0.3329,bclean_keep
2230,src,gofox,0.5000,bclean_keep
2230,flight,AA-3063-SLC-LAX,0.5000,bclean_keep
2230,act_dep_time,8:40 p.m.,0.0000,bclean_keep
2230,act_arr_time,9:11 p.m.,0.3329,bclean_keep
2231,src,gofox,0.5000,bclean_keep
2231,flight,UA-2708-EWR-CLT,0.5000,bclean_keep
2231,act_dep_time,3:04 p.m.,0.0000,bclean_keep
2231,act_arr_time,4:24 p.m.,0.3632,bclean_keep
2232,src,gofox,0.5000,bclean_keep
2232,flight,UA-62-IAH-EWR,0.5000,bclean_keep
2232,act_arr_time,7:10 p.m.,0.0000,bclean_keep
2233,src,gofox,0.5000,bclean_keep
2233,flight,UA-1500-IAH-GUA,0.5000,bclean_keep
2233,act_dep_time,9:43 a.m.,0.0000,bclean_keep
2233,act_arr_time,12:12 p.m.,0.3745,bclean_keep
2234,src,gofox,0.5000,bclean_keep
2234,flight,AA-3804-PHL-ORD,0.5000,bclean_keep
2234,sched_dep_time,2:35 p.m.,0.0000,bclean_keep
2234,act_dep_time,2:44 p.m.,0.0000,bclean_keep
2234,sched_arr_time,4:05 p.m.,0.0091,bclean_keep
2235,src,gofox,0.5000,bclean_keep
2235,flight,AA-1917-JFK-MCO,0.5000,bclean_keep
2235,sched_dep_time,2:55 p.m.,0.0000,bclean_keep
2235,act_dep_time,3:28 p.m.,0.1045,bclean_keep
2235,sched_arr_time,5:55 p.m.,0.0004,bclean_keep
2235,act_arr_time,5:34 p.m.,0.3863,bclean_keep
2236,src,gofox,0.5000,bclean_keep
2236,flight,AA-2268-PHX-ORD,0.5000,bclean_keep
2236,sched_dep_time,7:15 a.m.,0.0007,bclean_keep
2236,act_dep_time,7:23 a.m.,0.0000,bclean_keep
2236,sched_arr_time,11:35 a.m.,0.0283,bclean_keep
2236,act_arr_time,11:07 a.m.,0.2437,bclean_keep
2237,src,gofox,0.5000,bclean_keep
2237,flight,AA-4277-CVG-JFK,0.5000,bclean_keep
2237,sched_dep_time,12:10 p.m.,0.0000,bclean_keep
2237,sched_arr_time,2:15 p.m.,0.0002,bclean_keep
2237,act_arr_time,1:43 p.m.,0.0265,bclean_keep
2238,src,gofox,0.5000,bclean_keep
2238,flight,AA-2957-DFW-CVG,0.5000,bclean_keep
2238,sched_dep_time,7:55 a.m.,0.0000,bclean_keep
2238,act_dep_time,8:05 a.m.,0.0567,bclean_keep
2238,sched_arr_time,11:05 a.m.,0.0268,bclean_keep
2238,act_arr_time,11:00 a.m.,0.1362,bclean_keep
2239,src,gofox,0.5000,bclean_keep
2239,flight,UA-37-EDI-EWR,0.5000,bclean_keep
2239,act_arr_time,12:09 p.m.,0.5000,bclean_keep
2240,src,gofox,0.5000,bclean_keep
2240,flight,AA-789-ORD-DEN,0.5000,bclean_keep
2240,sched_dep_time,1:05 p.m.,0.0434,bclean_keep
2240,act_dep_time,1:20 p.m.,0.0000,bclean_keep
2240,sched_arr_time,2:35 p.m.,0.0009,bclean_keep
2240,act_arr_time,3:01 p.m.,0.3265,bclean_keep
2241,src,gofox,0.5000,bclean_keep
2241,flight,AA-415-BOS-ORD,0.5000,bclean_keep
2241,act_dep_time,8:56 a.m.,0.0000,bclean_keep
2242,src,gofox,0.5000,bclean_keep
2242,flight,AA-85-JFK-SFO,0.5000,bclean_keep
2242,sched_dep_time,3:05 p.m.,0.0204,bclean_keep
2242,sched_arr_time,6:30 p.m.,0.0003,bclean_keep
2242,act_arr_time,6:43 p.m.,0.0613,bclean_keep
2243,src,gofox,0.5000,bclean_keep
2243,flight,AA-3979-CVG-ORD,0.5000,bclean_keep
2243,sched_dep_time,7:30 a.m.,0.0000,bclean_keep
2243,act_dep_time,8:04 a.m.,0.0000,bclean_keep
2243,sched_arr_time,8:00 a.m.,0.0152,bclean_keep
2244,src,gofox,0.5000,bclean_keep
2244,flight,AA-1544-SAN-ORD,0.5000,bclean_keep
2244,act_arr_time,4:56 p.m.,0.0000,bclean_keep
2245,src,gofox,0.5000,bclean_keep
2245,flight,AA-3786-IAH-ORD,0.5000,bclean_keep
2245,sched_dep_time,4:00 p.m.,0.0008,bclean_keep
2245,act_dep_time,4:12 p.m.,0.0000,bclean_keep
2245,sched_arr_time,6:40 p.m.,0.0065,bclean_keep
2246,src,gofox,0.5000,bclean_keep
2246,flight,AA-271-MIA-LAX,0.5000,bclean_keep
2246,sched_dep_time,11:35 a.m.,0.0000,bclean_keep
2246,act_dep_time,11:52 a.m.,0.0236,bclean_keep
2246,sched_arr_time,2:25 p.m.,0.0125,bclean_keep
2246,act_arr_time,2:27 p.m.,0.0620,bclean_keep
2247,src,gofox,0.5000,bclean_keep
2247,flight,AA-2525-DFW-MIA,0.5000,bclean_keep
2247,sched_dep_time,7:25 a.m.,0.0000,bclean_keep
2247,sched_arr_time,11:10 a.m.,0.0004,bclean_keep
2247,act_arr_time,11:06 a.m.,0.1502,bclean_keep
2248,src,gofox,0.5000,bclean_keep
2248,flight,CO-50-CLE-EWR,0.5000,bclean_keep
2248,act_arr_time,5:26 p.m.,0.0000,bclean_keep
2249,src,gofox,0.5000,bclean_keep
2249,flight,UA-3099-PHX-PHL,0.5000,bclean_keep
2249,sched_dep_time,11:55 a.m.,0.0000,bclean_keep
2249,act_dep_time,11:55 a.m.,0.0000,bclean_keep
2249,sched_arr_time,6:17 p.m.,0.0281,bclean_keep
2249,act_arr_time,6:17 p.m.,0.2188,bclean_keep
2250,src,gofox,0.5000,bclean_keep
2250,flight,AA-4198-ORD-CLE,0.5000,bclean_keep
2250,sched_dep_time,10:40 a.m.,0.0000,bclean_keep
2250,act_dep_time,10:55 a.m.,0.0000,bclean_keep
2250,sched_arr_time,12:55 p.m.,0.0231,bclean_keep
2250,act_arr_time,12:48 p.m.,0.1689,bclean_keep
2251,src,gofox,0.5000,bclean_keep
2251,flight,AA-404-MIA-MCO,0.5000,bclean_keep
2251,sched_dep_time,6:45 a.m.,0.0000,bclean_keep
2251,act_dep_time,6:58 a.m.,0.0000,bclean_keep
2251,sched_arr_time,7:45 a.m.,0.0003,bclean_keep
2251,act_arr_time,7:32 a.m.,0.2328,bclean_keep
2252,src,gofox,0.5000,bclean_keep
2252,flight,CO-45-EWR-MIA,0.5000,bclean_keep
2252,sched_dep_time,4:00 p.m.,0.0000,bclean_keep
2252,sched_arr_time,7:05 p.m.,0.0002,bclean_keep
2252,act_arr_time,6:36 p.m.,0.0000,bclean_keep
2253,src,gofox,0.5000,bclean_keep
2253,flight,AA-3809-PHX-LAX,0.5000,bclean_keep
2253,sched_dep_time,6:00 a.m.,0.0000,bclean_keep
2253,sched_arr_time,6:40 a.m.,0.0002,bclean_keep
2253,act_arr_time,6:19 a.m.,0.0451,bclean_keep
2254,src,gofox,0.5000,bclean_keep
2254,flight,AA-59-JFK-SFO,0.5000,bclean_keep
2254,sched_dep_time,7:10 a.m.,0.0000,bclean_keep
2254,sched_arr_time,10:45 a.m.,0.0003,bclean_keep
2254,act_arr_time,11:12 a.m.,0.0484,bclean_keep
2255,src,gofox,0.5000,bclean_keep
2255,flight,AA-222-LAX-BOS,0.5000,bclean_keep
2255,sched_dep_time,7:10 a.m.,0.0002,bclean_keep
2255,sched_arr_time,3:30 p.m.,0.0223,bclean_keep
2255,act_arr_time,3:14 p.m.,0.0000,bclean_keep
2256,src,flightaware,0.5000,bclean_keep
2256,flight,AA-3859-IAH-ORD,0.5000,bclean_keep
2256,sched_dep_time,7:10 a.m.,0.0000,bclean_keep
2256,act_dep_time,7:16 a.m.,0.0000,bclean_keep
2256,act_arr_time,9:22 a.m.,0.3011,bclean_keep
2257,src,flightaware,0.5000,bclean_keep
2257,flight,AA-518-MIA-JFK,0.5000,bclean_keep
2257,sched_dep_time,6:40 a.m.,0.0051,bclean_keep
2257,act_dep_time,6:54 a.m.,0.0012,bclean_keep
2258,src,flightaware,0.5000,bclean_keep
2258,flight,CO-1586-IAH-MCO,0.5000,bclean_keep
2258,sched_dep_time,7:00 p.m.,0.0435,bclean_keep
2258,act_dep_time,7:42 p.m.,0.0000,bclean_keep
2259,src,flightaware,0.5000,bclean_keep
2259,flight,UA-3925-IAD-ORF,0.5000,bclean_keep
2259,sched_dep_time,8:41 a.m.,0.0000,bclean_keep
2259,act_dep_time,8:51 a.m.,0.0000,bclean_keep
2259,sched_arr_time,9:34 a.m.,0.0146,bclean_keep
2259,act_arr_time,9:44 a.m.,0.0000,bclean_keep
2260,src,flightaware,0.5000,bclean_keep
2260,flight,AA-1733-ORD-PHX,0.5000,bclean_keep
2260,sched_dep_time,7:45 p.m.,0.0000,bclean_keep
2260,act_dep_time,7:59 p.m.,0.0000,bclean_keep
2260,act_arr_time,10:28 p.m.,0.1736,bclean_keep
2261,src,flightaware,0.5000,bclean_keep
2261,flight,AA-204-LAX-MCO,0.5000,bclean_keep
2261,act_dep_time,11:57 p.m.,0.0000,bclean_keep
2261,sched_arr_time,6:30 a.m.,0.1376,bclean_keep
2261,act_arr_time,6:55 a.m.,0.0000,bclean_keep
2262,src,flightaware,0.5000,bclean_keep
2262,flight,UA-2726-FLL-PHL,0.5000,bclean_keep
2262,sched_dep_time,4:00 p.m.,0.0000,bclean_keep
2262,act_dep_time,4:10 p.m.,0.0000,bclean_keep
2263,src,flightaware,0.5000,bclean_keep
2263,flight,CO-52-IAH-LAX,0.5000,bclean_keep
2263,sched_dep_time,7:35 a.m.,0.0000,bclean_keep
2263,act_dep_time,7:56 a.m.,0.0000,bclean_keep
2263,sched_arr_time,9:11 a.m.,0.0314,bclean_keep
2263,act_arr_time,9:08 a.m.,0.0245,bclean_keep
2264,src,flightaware,0.5000,bclean_keep
2264,flight,AA-3468-CVG-MIA,0.5000,bclean_keep
2264,sched_dep_time,7:00 a.m.,0.0000,bclean_keep
2264,act_dep_time,7:25 a.m.,0.0353,bclean_keep
2265,src,flightaware,0.5000,bclean_keep
2265,flight,AA-484-DFW-MIA,0.5000,bclean_keep
2265,sched_dep_time,4:15 p.m.,0.0000,bclean_keep
2265,act_dep_time,4:29 p.m.,0.1041,bclean_keep
2266,src,flightaware,0.5000,bclean_keep
2266,flight,AA-616-DFW-DTW,0.5000,bclean_keep
2266,sched_dep_time,9:05 a.m.,0.0000,bclean_keep
2267,src,flightaware,0.5000,bclean_keep
2267,flight,AA-446-DFW-PHL,0.5000,bclean_keep
2267,sched_dep_time,11:50 a.m.,0.0657,bclean_keep
2267,act_dep_time,12:13 p.m.,0.0000,bclean_keep
2268,src,flightaware,0.5000,bclean_keep
2268,flight,CO-1023-IAH-DEN,0.5000,bclean_keep
2268,sched_dep_time,11:40 a.m.,0.0000,bclean_keep
2268,act_dep_time,12:06 p.m.,0.0000,bclean_keep
2268,sched_arr_time,12:51 p.m.,0.0314,bclean_keep
2269,src,flightaware,0.5000,bclean_keep
2269,flight,AA-466-IAH-MIA,0.5000,bclean_keep
2269,sched_dep_time,6:00 a.m.,0.0000,bclean_keep
2270,src,flightaware,0.5000,bclean_keep
2270,flight,UA-3050-PHX-CLT,0.5000,bclean_keep
2270,sched_dep_time,11:05 a.m.,0.0000,bclean_keep
2270,act_dep_time,11:45 a.m.,0.0000,bclean_keep
2271,src,flightaware,0.5000,bclean_keep
2271,flight,AA-2957-DFW-CVG,0.5000,bclean_keep
2271,sched_dep_time,7:55 a.m.,0.0000,bclean_keep
2272,src,flightaware,0.5000,bclean_keep
2272,flight,AA-1664-MIA-ATL,0.5000,bclean_keep
2272,sched_dep_time,10:15 a.m.,0.0000,bclean_keep
2272,act_dep_time,10:19 a.m.,0.0000,bclean_keep
2272,act_arr_time,11:50 a.m.,0.0000,bclean_keep
2273,src,flightaware,0.5000,bclean_keep
2273,flight,AA-3979-CVG-ORD,0.5000,bclean_keep
2273,sched_dep_time,7:30 a.m.,0.0000,bclean_keep
2273,act_dep_time,8:04 a.m.,0.0000,bclean_keep
2274,src,flightaware,0.5000,bclean_keep
2274,flight,AA-1279-DFW-PHX,0.5000,bclean_keep
2274,sched_dep_time,1:00 p.m.,0.3571,bclean_keep
2274,act_dep_time,2:04 p.m.,0.4336,bclean_keep
2275,src,flightaware,0.5000,bclean_keep
2275,flight,AA-404-MIA-MCO,0.5000,bclean_keep
2275,sched_dep_time,6:45 a.m.,0.0000,bclean_keep
2275,act_dep_time,6:57 a.m.,0.0000,bclean_keep
2276,src,flightaware,0.5000,bclean_keep
2276,flight,AA-3756-ORD-SLC,0.5000,bclean_keep
2276,sched_dep_time,12:15 p.m.,0.1525,bclean_keep
2276,act_dep_time,12:42 p.m.,0.0000,bclean_keep
2277,src,flightaware,0.5000,bclean_keep
2277,flight,UA-382-IAD-LAX,0.5000,bclean_keep
2277,sched_dep_time,12:30 p.m.,0.0000,bclean_keep
2277,act_dep_time,12:56 p.m.,0.0043,bclean_keep
2277,sched_arr_time,2:48 p.m.,0.0136,bclean_keep
2278,src,flightaware,0.5000,bclean_keep
2278,flight,UA-257-JFK-SFO,0.5000,bclean_keep
2278,sched_dep_time,2:30 p.m.,0.0078,bclean_keep
2278,act_dep_time,2:42 p.m.,0.0000,bclean_keep
2279,src,flightaware,0.5000,bclean_keep
2279,flight,UA-2945-PHL-CLT,0.5000,bclean_keep
2279,sched_dep_time,12:00 p.m.,0.0000,bclean_keep
2279,act_dep_time,12:07 p.m.,0.0000,bclean_keep
2279,sched_arr_time,1:35 p.m.,0.0691,bclean_keep
2279,act_arr_time,1:08 p.m.,0.1855,bclean_keep
2280,src,flightaware,0.5000,bclean_keep
2280,flight,CO-63-EWR-IAH,0.5000,bclean_keep
2280,sched_dep_time,5:25 p.m.,0.0000,bclean_keep
2280,act_dep_time,5:38 p.m.,0.1321,bclean_keep
2280,sched_arr_time,8:04 p.m.,0.0167,bclean_keep
2281,src,flightaware,0.5000,bclean_keep
2281,flight,AA-2525-DFW-MIA,0.5000,bclean_keep
2281,sched_dep_time,7:25 a.m.,0.0000,bclean_keep
2281,act_dep_time,7:39 a.m.,0.0999,bclean_keep
2282,src,flightaware,0.5000,bclean_keep
2282,flight,CO-47-IAH-LAX,0.5000,bclean_keep
2282,sched_dep_time,7:27 p.m.,0.0000,bclean_keep
2282,act_dep_time,7:27 p.m.,0.0000,bclean_keep
2282,sched_arr_time,8:46 p.m.,0.0000,bclean_keep
2282,act_arr_time,8:46 p.m.,0.0000,bclean_keep
2283,src,flightaware,0.5000,bclean_keep
2283,flight,AA-271-MIA-LAX,0.5000,bclean_keep
2283,sched_dep_time,11:35 a.m.,0.0000,bclean_keep
2283,act_dep_time,11:52 a.m.,0.0000,bclean_keep
2284,src,flightaware,0.5000,bclean_keep
2284,flight,AA-2050-ORD-MIA,0.5000,bclean_keep
2284,sched_dep_time,10:40 a.m.,0.0487,bclean_keep
2285,src,flightaware,0.5000,bclean_keep
2285,flight,AA-4330-CVG-ORD,0.5000,bclean_keep
2285,sched_dep_time,3:35 p.m.,0.0000,bclean_keep
2285,act_dep_time,3:36 p.m.,0.0000,bclean_keep
2286,src,flightaware,0.5000,bclean_keep
2286,flight,AA-1434-DFW-MCO,0.5000,bclean_keep
2286,sched_dep_time,7:15 a.m.,0.0000,bclean_keep
2286,act_arr_time,10:29 a.m.,0.1168,bclean_keep
2287,src,flightaware,0.5000,bclean_keep
2287,flight,AA-1640-MIA-MCO,0.5000,bclean_keep
2287,sched_dep_time,6:30 p.m.,0.0000,bclean_keep
2287,act_dep_time,6:47 p.m.,0.0000,bclean_keep
2287,act_arr_time,7:25 p.m.,0.0000,bclean_keep
2288,src,flightaware,0.5000,bclean_keep
2288,flight,AA-4307-ORD-DTW,0.5000,bclean_keep
2288,sched_dep_time,6:45 p.m.,0.0066,bclean_keep
2288,act_dep_time,6:56 p.m.,0.0000,bclean_keep
2289,src,flightaware,0.5000,bclean_keep
2289,flight,AA-3-JFK-LAX,0.5000,bclean_keep
2289,sched_dep_time,12:00 p.m.,0.0000,bclean_keep
2289,act_dep_time,12:12 p.m.,0.0708,bclean_keep
2290,src,flightaware,0.5000,bclean_keep
2290,flight,CO-1694-LAX-IAH,0.5000,bclean_keep
2290,sched_dep_time,7:15 p.m.,0.0000,bclean_keep
2290,act_dep_time,7:25 p.m.,0.0000,bclean_keep
2290,sched_arr_time,11:52 p.m.,0.0447,bclean_keep
2290,act_arr_time,12:02 a.m.,0.0000,bclean_keep
2291,src,flightaware,0.5000,bclean_keep
2291,flight,CO-1193-EWR-MCO,0.5000,bclean_keep
2291,sched_dep_time,9:15 a.m.,0.0000,bclean_keep
2291,act_dep_time,9:57 a.m.,0.0038,bclean_keep
2291,sched_arr_time,12:08 p.m.,0.0887,bclean_keep
2291,act_arr_time,12:02 p.m.,0.0000,bclean_keep
2292,src,flightaware,0.5000,bclean_keep
2292,flight,AA-3842-MSP-ORD,0.5000,bclean_keep
2292,sched_dep_time,6:00 a.m.,0.0000,bclean_keep
2292,act_dep_time,6:56 a.m.,0.4553,bclean_keep
2293,src,flightaware,0.5000,bclean_keep
2293,flight,AA-643-MIA-ORD,0.5000,bclean_keep
2293,sched_dep_time,7:10 a.m.,0.0000,bclean_keep
2293,act_dep_time,7:31 a.m.,0.0000,bclean_keep
2293,act_arr_time,9:26 a.m.,0.4159,bclean_keep
2294,src,flightaware,0.5000,bclean_keep
2294,flight,AA-1007-MIA-PHX,0.5000,bclean_keep
2294,sched_dep_time,4:55 p.m.,0.0000,bclean_keep
2294,act_dep_time,5:08 p.m.,0.2037,bclean_keep
2295,src,flightaware,0.5000,bclean_keep
2295,flight,UA-2906-PHL-MCO,0.5000,bclean_keep
2295,sched_dep_time,3:50 p.m.,0.0000,bclean_keep
2295,act_dep_time,4:45 p.m.,0.0261,bclean_keep
2295,sched_arr_time,6:00 p.m.,0.0770,bclean_keep
2295,act_arr_time,6:34 p.m.,0.0000,bclean_keep
2296,src,flightaware,0.5000,bclean_keep
2296,flight,AA-1221-MCO-ORD,0.5000,bclean_keep
2296,sched_dep_time,8:00 p.m.,0.0000,bclean_keep
2296,act_dep_time,8:23 p.m.,0.0000,bclean_keep
2297,src,flightaware,0.5000,bclean_keep
2297,flight,AA-400-DFW-JFK,0.5000,bclean_keep
2297,sched_dep_time,10:40 a.m.,0.0000,bclean_keep
2298,src,flightaware,0.5000,bclean_keep
2298,flight,UA-664-ORD-PHL,0.5000,bclean_keep
2298,sched_dep_time,1:33 p.m.,0.0000,bclean_keep
2298,act_dep_time,1:48 p.m.,0.0003,bclean_keep
2299,src,flightaware,0.5000,bclean_keep
2299,flight,UA-37-EWR-MCO,0.5000,bclean_keep
2299,sched_dep_time,1:29 p.m.,0.1697,bclean_keep
2299,act_dep_time,2:01 p.m.,0.0000,bclean_keep
2299,sched_arr_time,3:55 p.m.,0.0670,bclean_keep
2300,src,flightaware,0.5000,bclean_keep
2300,flight,UA-233-LAX-JFK,0.5000,bclean_keep
2300,sched_dep_time,4:25 p.m.,0.0000,bclean_keep
2300,act_dep_time,4:35 p.m.,0.0000,bclean_keep
2300,sched_arr_time,12:09 a.m.,0.0810,bclean_keep
2300,act_arr_time,12:19 a.m.,0.0000,bclean_keep
2301,src,flightaware,0.5000,bclean_keep
2301,flight,AA-3823-LAX-DEN,0.5000,bclean_keep
2301,sched_dep_time,9:00 p.m.,0.0000,bclean_keep
2301,act_dep_time,9:16 p.m.,0.0333,bclean_keep
2301,sched_arr_time,12:05 a.m.,0.0770,bclean_keep
2301,act_arr_time,12:01 a.m.,0.0000,bclean_keep
2302,src,flightaware,0.5000,bclean_keep
2302,flight,AA-2312-DFW-DTW,0.5000,bclean_keep
2302,sched_dep_time,8:25 p.m.,0.0000,bclean_keep
2302,act_dep_time,8:29 p.m.,0.0000,bclean_keep
2302,act_arr_time,11:35 p.m.,0.0000,bclean_keep
2303,src,flightaware,0.5000,bclean_keep
2303,flight,AA-1165-JFK-MIA,0.5000,bclean_keep
2303,sched_dep_time,6:59 a.m.,0.0000,bclean_keep
2304,src,flightaware,0.5000,bclean_keep
2304,flight,AA-431-MIA-SFO,0.5000,bclean_keep
2304,sched_dep_time,8:35 a.m.,0.0000,bclean_keep
2305,src,flightaware,0.5000,bclean_keep
2305,flight,AA-649-ORD-SNA,0.5000,bclean_keep
2305,sched_dep_time,1:30 p.m.,0.2205,bclean_keep
2305,act_dep_time,1:40 p.m.,0.0000,bclean_keep
2305,act_arr_time,3:40 p.m.,0.0000,bclean_keep
2306,src,flightaware,0.5000,bclean_keep
2306,flight,UA-828-SFO-ORD,0.5000,bclean_keep
2306,sched_dep_time,11:08 p.m.,0.0000,bclean_keep
2306,act_dep_time,11:35 p.m.,0.0000,bclean_keep
2306,sched_arr_time,5:08 a.m.,0.0810,bclean_keep
2306,act_arr_time,5:21 a.m.,0.0000,bclean_keep
2307,src,flightaware,0.5000,bclean_keep
2307,flight,CO-4888-IAH-DAL,0.5000,bclean_keep
2307,act_dep_time,6:11 p.m.,0.0000,bclean_keep
2307,sched_arr_time,6:15 p.m.,0.1857,bclean_keep
2307,act_arr_time,6:56 p.m.,0.0000,bclean_keep
2308,src,flightaware,0.5000,bclean_keep
2308,flight,AA-3063-SLC-LAX,0.5000,bclean_keep
2308,act_dep_time,8:40 p.m.,0.0000,bclean_keep
2308,sched_arr_time,9:10 p.m.,0.2605,bclean_keep
2308,act_arr_time,9:11 p.m.,0.0061,bclean_keep
2309,src,flightaware,0.5000,bclean_keep
2309,flight,AA-3804-PHL-ORD,0.5000,bclean_keep
2309,sched_dep_time,2:35 p.m.,0.0000,bclean_keep
2309,act_dep_time,2:44 p.m.,0.0000,bclean_keep
2310,src,flightaware,0.5000,bclean_keep
2310,flight,AA-1917-JFK-MCO,0.5000,bclean_keep
2310,sched_dep_time,2:55 p.m.,0.0000,bclean_keep
2311,src,flightaware,0.5000,bclean_keep
2311,flight,AA-2268-PHX-ORD,0.5000,bclean_keep
2311,sched_dep_time,7:15 a.m.,0.0007,bclean_keep
2311,act_dep_time,7:23 a.m.,0.4421,bclean_keep
2312,src,flightaware,0.5000,bclean_keep
2312,flight,AA-4277-CVG-JFK,0.5000,bclean_keep
2312,sched_dep_time,12:10 p.m.,0.0000,bclean_keep
2313,src,flightaware,0.5000,bclean_keep
2313,flight,AA-789-ORD-DEN,0.5000,bclean_keep
2313,sched_dep_time,1:05 p.m.,0.0400,bclean_keep
2314,src,flightaware,0.5000,bclean_keep
2314,flight,AA-85-JFK-SFO,0.5000,bclean_keep
2314,sched_dep_time,3:05 p.m.,0.0236,bclean_keep
2314,act_dep_time,3:36 p.m.,0.4908,bclean_keep
2315,src,flightaware,0.5000,bclean_keep
2315,flight,AA-3786-IAH-ORD,0.5000,bclean_keep
2315,sched_dep_time,4:00 p.m.,0.0312,bclean_keep
2315,act_dep_time,4:12 p.m.,0.0000,bclean_keep
2316,src,flightaware,0.5000,bclean_keep
2316,flight,AA-222-LAX-BOS,0.5000,bclean_keep
2316,sched_dep_time,7:10 a.m.,0.0071,bclean_keep
2316,act_dep_time,7:32 a.m.,0.0000,bclean_keep
2317,src,flightaware,0.5000,bclean_keep
2317,flight,UA-3099-PHX-PHL,0.5000,bclean_keep
2317,sched_dep_time,11:55 a.m.,0.0000,bclean_keep
2317,act_dep_time,11:55 a.m.,0.0026,bclean_keep
2318,src,flightaware,0.5000,bclean_keep
2318,flight,AA-4198-ORD-CLE,0.5000,bclean_keep
2318,sched_dep_time,10:40 a.m.,0.0000,bclean_keep
2318,act_dep_time,10:55 a.m.,0.0000,bclean_keep
2319,src,flightaware,0.5000,bclean_keep
2319,flight,CO-45-EWR-MIA,0.5000,bclean_keep
2319,sched_dep_time,4:00 p.m.,0.0000,bclean_keep
2320,src,flightaware,0.5000,bclean_keep
2320,flight,AA-3809-PHX-LAX,0.5000,bclean_keep
2320,sched_dep_time,6:00 a.m.,0.0000,bclean_keep
2320,act_dep_time,6:10 a.m.,0.0000,bclean_keep
2321,src,flightaware,0.5000,bclean_keep
2321,flight,AA-59-JFK-SFO,0.5000,bclean_keep
2321,sched_dep_time,7:10 a.m.,0.0000,bclean_keep
2322,src,world-flight-tracker,0.5000,bclean_keep
2322,flight,AA-3859-IAH-ORD,0.5000,bclean_keep
2322,sched_dep_time,7:10 a.m.,0.0000,bclean_keep
2322,act_dep_time,7:16 a.m.,0.0106,bclean_keep
2322,sched_arr_time,9:40 a.m.,0.0300,bclean_keep
2323,src,world-flight-tracker,0.5000,bclean_keep
2323,flight,AA-518-MIA-JFK,0.5000,bclean_keep
2323,sched_dep_time,6:40 a.m.,0.0046,bclean_keep
2323,act_dep_time,6:54 a.m.,0.0061,bclean_keep
2323,sched_arr_time,9:25 a.m.,0.0140,bclean_keep
2323,act_arr_time,9:28 a.m.,0.0268,bclean_keep
2324,src,world-flight-tracker,0.5000,bclean_keep
2324,flight,UA-397-JFK-SFO,0.5000,bclean_keep
2324,sched_dep_time,8:00 a.m.,0.0000,bclean_keep
2324,act_dep_time,8:29 a.m.,0.4158,bclean_keep
2324,sched_arr_time,11:55 a.m.,0.0000,bclean_keep
2324,act_arr_time,11:58 a.m.,0.0000,bclean_keep
2325,src,world-flight-tracker,0.5000,bclean_keep
2325,flight,AA-1733-ORD-PHX,0.5000,bclean_keep
2325,sched_dep_time,7:45 p.m.,0.0000,bclean_keep
2325,act_dep_time,7:58 p.m.,0.1299,bclean_keep
2325,sched_arr_time,10:30 p.m.,0.0001,bclean_keep
2326,src,world-flight-tracker,0.5000,bclean_keep
2326,flight,AA-1640-MIA-MCO,0.5000,bclean_keep
2326,sched_dep_time,6:30 p.m.,0.0000,bclean_keep
2326,sched_arr_time,7:25 p.m.,0.1267,bclean_keep
2327,src,world-flight-tracker,0.5000,bclean_keep
2327,flight,CO-1694-LAX-IAH,0.5000,bclean_keep
2327,sched_dep_time,7:15 p.m.,0.0000,bclean_keep
2327,sched_arr_time,12:21 a.m.,0.0004,bclean_keep
2328,src,world-flight-tracker,0.5000,bclean_keep
2328,flight,UA-2830-MCO-CLT,0.5000,bclean_keep
2328,sched_dep_time,3:27 p.m.,0.0000,bclean_keep
2328,act_dep_time,3:28 p.m.,0.3807,bclean_keep
2328,sched_arr_time,5:05 p.m.,0.0000,bclean_keep
2328,act_arr_time,5:17 p.m.,0.0000,bclean_keep
2329,src,world-flight-tracker,0.5000,bclean_keep
2329,flight,AA-204-LAX-MCO,0.5000,bclean_keep
2329,sched_dep_time,11:25 p.m.,0.0000,bclean_keep
2329,sched_arr_time,6:55 a.m.,0.0003,bclean_keep
2330,src,world-flight-tracker,0.5000,bclean_keep
2330,flight,UA-2726-FLL-PHL,0.5000,bclean_keep
2330,sched_dep_time,4:00 p.m.,0.0000,bclean_keep
2330,act_dep_time,3:58 p.m.,0.0106,bclean_keep
2330,sched_arr_time,6:46 p.m.,0.0003,bclean_keep
2330,act_arr_time,6:28 p.m.,0.0000,bclean_keep
2331,src,world-flight-tracker,0.5000,bclean_keep
2331,flight,AA-3468-CVG-MIA,0.5000,bclean_keep
2331,sched_dep_time,7:00 a.m.,0.0000,bclean_keep
2331,act_dep_time,7:25 a.m.,0.0119,bclean_keep
2331,sched_arr_time,9:55 a.m.,0.0104,bclean_keep
2331,act_arr_time,9:45 a.m.,0.0280,bclean_keep
2332,src,world-flight-tracker,0.5000,bclean_keep
2332,flight,AA-484-DFW-MIA,0.5000,bclean_keep
2332,sched_dep_time,4:15 p.m.,0.0000,bclean_keep
2332,act_dep_time,4:29 p.m.,0.3324,bclean_keep
2332,sched_arr_time,7:55 p.m.,0.0148,bclean_keep
2332,act_arr_time,7:39 p.m.,0.0804,bclean_keep
2333,src,world-flight-tracker,0.5000,bclean_keep
2333,flight,AA-616-DFW-DTW,0.5000,bclean_keep
2333,sched_dep_time,9:05 a.m.,0.0000,bclean_keep
2333,act_dep_time,10:10 a.m.,0.0508,bclean_keep
2333,sched_arr_time,12:35 p.m.,0.0204,bclean_keep
2333,act_arr_time,1:27 p.m.,0.0673,bclean_keep
2334,src,world-flight-tracker,0.5000,bclean_keep
2334,flight,AA-446-DFW-PHL,0.5000,bclean_keep
2334,sched_dep_time,11:50 a.m.,0.0470,bclean_keep
2334,act_dep_time,12:12 p.m.,0.3678,bclean_keep
2334,sched_arr_time,3:50 p.m.,0.0005,bclean_keep
2334,act_arr_time,4:09 p.m.,0.0000,bclean_keep
2335,src,world-flight-tracker,0.5000,bclean_keep
2335,flight,AA-466-IAH-MIA,0.5000,bclean_keep
2335,sched_dep_time,6:00 a.m.,0.0000,bclean_keep
2335,act_dep_time,6:08 a.m.,0.3873,bclean_keep
2335,sched_arr_time,9:20 a.m.,0.0157,bclean_keep
2335,act_arr_time,9:05 a.m.,0.0471,bclean_keep
2336,src,world-flight-tracker,0.5000,bclean_keep
2336,flight,UA-3050-PHX-CLT,0.5000,bclean_keep
2336,sched_dep_time,11:05 a.m.,0.0000,bclean_keep
2336,act_dep_time,11:30 a.m.,0.0000,bclean_keep
2336,sched_arr_time,4:57 p.m.,0.0006,bclean_keep
2336,act_arr_time,5:05 p.m.,0.0000,bclean_keep
2337,src,world-flight-tracker,0.5000,bclean_keep
2337,flight,AA-2957-DFW-CVG,0.5000,bclean_keep
2337,sched_dep_time,7:55 a.m.,0.0000,bclean_keep
2337,act_dep_time,8:04 a.m.,0.0226,bclean_keep
2337,sched_arr_time,11:05 a.m.,0.0003,bclean_keep
2337,act_arr_time,11:01 a.m.,0.0923,bclean_keep
2338,src,world-flight-tracker,0.5000,bclean_keep
2338,flight,AA-1664-MIA-ATL,0.5000,bclean_keep
2338,sched_dep_time,10:15 a.m.,0.0000,bclean_keep
2338,act_dep_time,10:18 a.m.,0.0785,bclean_keep
2338,sched_arr_time,12:10 p.m.,0.0003,bclean_keep
2338,act_arr_time,11:56 a.m.,0.0000,bclean_keep
2339,src,world-flight-tracker,0.5000,bclean_keep
2339,flight,AA-3979-CVG-ORD,0.5000,bclean_keep
2339,sched_dep_time,7:30 a.m.,0.0000,bclean_keep
2339,act_dep_time,8:04 a.m.,0.0095,bclean_keep
2339,sched_arr_time,8:00 a.m.,0.0139,bclean_keep
2339,act_arr_time,8:06 a.m.,0.3327,bclean_keep
2340,src,world-flight-tracker,0.5000,bclean_keep
2340,flight,AA-1279-DFW-PHX,0.5000,bclean_keep
2340,sched_dep_time,1:00 p.m.,0.0478,bclean_keep
2340,act_dep_time,2:04 p.m.,0.0005,bclean_keep
2340,sched_arr_time,2:35 p.m.,0.0337,bclean_keep
2341,src,world-flight-tracker,0.5000,bclean_keep
2341,flight,AA-404-MIA-MCO,0.5000,bclean_keep
2341,sched_dep_time,6:45 a.m.,0.0000,bclean_keep
2341,act_dep_time,6:57 a.m.,0.0588,bclean_keep
2341,sched_arr_time,7:45 a.m.,0.0163,bclean_keep
2341,act_arr_time,7:40 a.m.,0.0279,bclean_keep
2342,src,world-flight-tracker,0.5000,bclean_keep
2342,flight,AA-3756-ORD-SLC,0.5000,bclean_keep
2342,sched_dep_time,12:15 p.m.,0.0963,bclean_keep
2342,act_dep_time,12:41 p.m.,0.3522,bclean_keep
2342,sched_arr_time,2:45 p.m.,0.0016,bclean_keep
2342,act_arr_time,2:50 p.m.,0.0000,bclean_keep
2343,src,world-flight-tracker,0.5000,bclean_keep
2343,flight,UA-2945-PHL-CLT,0.5000,bclean_keep
2343,sched_dep_time,12:00 p.m.,0.0047,bclean_keep
2343,act_dep_time,11:51 a.m.,0.0224,bclean_keep
2343,sched_arr_time,1:45 p.m.,0.0003,bclean_keep
2343,act_arr_time,1:15 p.m.,0.0000,bclean_keep
2344,src,world-flight-tracker,0.5000,bclean_keep
2344,flight,AA-2525-DFW-MIA,0.5000,bclean_keep
2344,sched_dep_time,7:25 a.m.,0.0000,bclean_keep
2344,act_dep_time,7:39 a.m.,0.3569,bclean_keep
2344,sched_arr_time,11:10 a.m.,0.0390,bclean_keep
2344,act_arr_time,11:06 a.m.,0.1496,bclean_keep
2345,src,world-flight-tracker,0.5000,bclean_keep
2345,flight,AA-271-MIA-LAX,0.5000,bclean_keep
2345,sched_dep_time,11:35 a.m.,0.0000,bclean_keep
2345,act_dep_time,11:52 a.m.,0.0236,bclean_keep
2345,sched_arr_time,2:25 p.m.,0.0125,bclean_keep
2345,act_arr_time,2:27 p.m.,0.0620,bclean_keep
2346,src,world-flight-tracker,0.5000,bclean_keep
2346,flight,AA-2050-ORD-MIA,0.5000,bclean_keep
2346,sched_dep_time,10:40 a.m.,0.0406,bclean_keep
2346,act_dep_time,11:05 a.m.,0.3311,bclean_keep
2346,sched_arr_time,2:45 p.m.,0.0290,bclean_keep
2346,act_arr_time,2:46 p.m.,0.0276,bclean_keep
2347,src,world-flight-tracker,0.5000,bclean_keep
2347,flight,AA-1434-DFW-MCO,0.5000,bclean_keep
2347,sched_dep_time,7:15 a.m.,0.0000,bclean_keep
2347,act_dep_time,7:21 a.m.,0.0124,bclean_keep
2347,sched_arr_time,10:35 a.m.,0.0445,bclean_keep
2347,act_arr_time,10:36 a.m.,0.2412,bclean_keep
2348,src,world-flight-tracker,0.5000,bclean_keep
2348,flight,AA-4307-ORD-DTW,0.5000,bclean_keep
2348,sched_dep_time,6:45 p.m.,0.0002,bclean_keep
2348,act_dep_time,6:55 p.m.,0.1234,bclean_keep
2348,sched_arr_time,9:10 p.m.,0.0003,bclean_keep
2348,act_arr_time,8:53 p.m.,0.0000,bclean_keep
2349,src,world-flight-tracker,0.5000,bclean_keep
2349,flight,AA-3-JFK-LAX,0.5000,bclean_keep
2349,sched_dep_time,12:00 p.m.,0.0000,bclean_keep
2349,act_dep_time,12:11 p.m.,0.3771,bclean_keep
2349,sched_arr_time,3:15 p.m.,0.0002,bclean_keep
2349,act_arr_time,3:16 p.m.,0.0000,bclean_keep
2350,src,world-flight-tracker,0.5000,bclean_keep
2350,flight,CO-1193-EWR-MCO,0.5000,bclean_keep
2350,sched_dep_time,9:15 a.m.,0.0000,bclean_keep
2350,act_dep_time,9:14 a.m.,0.2700,bclean_keep
2350,sched_arr_time,12:18 p.m.,0.0002,bclean_keep
2350,act_arr_time,12:09 p.m.,0.0000,bclean_keep
2351,src,world-flight-tracker,0.5000,bclean_keep
2351,flight,AA-3842-MSP-ORD,0.5000,bclean_keep
2351,sched_dep_time,6:00 a.m.,0.0000,bclean_keep
2351,act_dep_time,6:56 a.m.,0.2734,bclean_keep
2351,sched_arr_time,7:30 a.m.,0.0302,bclean_keep
2351,act_arr_time,7:51 a.m.,0.0506,bclean_keep
2352,src,world-flight-tracker,0.5000,bclean_keep
2352,flight,AA-643-MIA-ORD,0.5000,bclean_keep
2352,sched_dep_time,7:10 a.m.,0.0000,bclean_keep
2352,act_dep_time,7:30 a.m.,0.0202,bclean_keep
2352,sched_arr_time,9:35 a.m.,0.0005,bclean_keep
2352,act_arr_time,9:31 a.m.,0.0000,bclean_keep
2353,src,world-flight-tracker,0.5000,bclean_keep
2353,flight,UA-2906-PHL-MCO,0.5000,bclean_keep
2353,sched_dep_time,3:50 p.m.,0.0000,bclean_keep
2353,act_dep_time,4:28 p.m.,0.0000,bclean_keep
2353,sched_arr_time,6:23 p.m.,0.0002,bclean_keep
2353,act_arr_time,6:38 p.m.,0.0000,bclean_keep
2354,src,world-flight-tracker,0.5000,bclean_keep
2354,flight,AA-1221-MCO-ORD,0.5000,bclean_keep
2354,sched_dep_time,8:00 p.m.,0.0000,bclean_keep
2354,act_dep_time,8:23 p.m.,0.0895,bclean_keep
2354,sched_arr_time,9:45 p.m.,0.0115,bclean_keep
2354,act_arr_time,9:53 p.m.,0.4112,bclean_keep
2355,src,world-flight-tracker,0.5000,bclean_keep
2355,flight,UA-664-ORD-PHL,0.5000,bclean_keep
2355,sched_dep_time,1:33 p.m.,0.0000,bclean_keep
2355,act_dep_time,1:31 p.m.,0.3137,bclean_keep
2355,sched_arr_time,4:31 p.m.,0.0003,bclean_keep
2355,act_arr_time,4:23 p.m.,0.0000,bclean_keep
2356,src,world-flight-tracker,0.5000,bclean_keep
2356,flight,AA-1522-SFO-ORD,0.5000,bclean_keep
2356,sched_dep_time,11:55 p.m.,0.0000,bclean_keep
2356,sched_arr_time,5:50 a.m.,0.0000,bclean_keep
2357,src,world-flight-tracker,0.5000,bclean_keep
2357,flight,UA-233-LAX-JFK,0.5000,bclean_keep
2357,sched_dep_time,4:25 p.m.,0.0000,bclean_keep
2357,sched_arr_time,12:29 a.m.,0.0004,bclean_keep
2358,src,world-flight-tracker,0.5000,bclean_keep
2358,flight,AA-3823-LAX-DEN,0.5000,bclean_keep
2358,sched_dep_time,9:00 p.m.,0.0000,bclean_keep
2358,sched_arr_time,12:15 a.m.,0.0005,bclean_keep
2359,src,world-flight-tracker,0.5000,bclean_keep
2359,flight,AA-2312-DFW-DTW,0.5000,bclean_keep
2359,sched_dep_time,8:25 p.m.,0.0000,bclean_keep
2359,sched_arr_time,11:50 p.m.,0.1040,bclean_keep
2360,src,world-flight-tracker,0.5000,bclean_keep
2360,flight,AA-1165-JFK-MIA,0.5000,bclean_keep
2360,sched_dep_time,6:59 a.m.,0.0000,bclean_keep
2360,act_dep_time,7:22 a.m.,0.3299,bclean_keep
2360,sched_arr_time,10:34 a.m.,0.0023,bclean_keep
2360,act_arr_time,10:04 a.m.,0.0110,bclean_keep
2361,src,world-flight-tracker,0.5000,bclean_keep
2361,flight,AA-431-MIA-SFO,0.5000,bclean_keep
2361,sched_dep_time,8:35 a.m.,0.0000,bclean_keep
2361,act_dep_time,8:51 a.m.,0.3062,bclean_keep
2361,sched_arr_time,11:50 a.m.,0.0144,bclean_keep
2361,act_arr_time,11:44 a.m.,0.0249,bclean_keep
2362,src,world-flight-tracker,0.5000,bclean_keep
2362,flight,UA-257-JFK-SFO,0.5000,bclean_keep
2362,sched_dep_time,2:30 p.m.,0.0042,bclean_keep
2362,act_dep_time,2:26 p.m.,0.4029,bclean_keep
2362,sched_arr_time,6:15 p.m.,0.0003,bclean_keep
2362,act_arr_time,5:42 p.m.,0.0000,bclean_keep
2363,src,world-flight-tracker,0.5000,bclean_keep
2363,flight,AA-649-ORD-SNA,0.5000,bclean_keep
2363,sched_dep_time,1:30 p.m.,0.2777,bclean_keep
2363,sched_arr_time,3:50 p.m.,0.0125,bclean_keep
2364,src,world-flight-tracker,0.5000,bclean_keep
2364,flight,AA-3804-PHL-ORD,0.5000,bclean_keep
2364,sched_dep_time,2:35 p.m.,0.0000,bclean_keep
2364,act_dep_time,2:44 p.m.,0.0312,bclean_keep
2364,sched_arr_time,4:05 p.m.,0.0057,bclean_keep
2364,act_arr_time,3:43 p.m.,0.4813,bclean_keep
2365,src,world-flight-tracker,0.5000,bclean_keep
2365,flight,AA-1917-JFK-MCO,0.5000,bclean_keep
2365,sched_dep_time,2:55 p.m.,0.0000,bclean_keep
2365,act_dep_time,3:27 p.m.,0.1073,bclean_keep
2365,sched_arr_time,5:55 p.m.,0.0161,bclean_keep
2365,act_arr_time,5:43 p.m.,0.0314,bclean_keep
2366,src,world-flight-tracker,0.5000,bclean_keep
2366,flight,AA-2268-PHX-ORD,0.5000,bclean_keep
2366,sched_dep_time,7:15 a.m.,0.0006,bclean_keep
2366,act_dep_time,7:22 a.m.,0.0981,bclean_keep
2366,sched_arr_time,11:35 a.m.,0.0004,bclean_keep
2366,act_arr_time,11:06 a.m.,0.3388,bclean_keep
2367,src,world-flight-tracker,0.5000,bclean_keep
2367,flight,AA-4277-CVG-JFK,0.5000,bclean_keep
2367,sched_dep_time,12:10 p.m.,0.0000,bclean_keep
2367,act_dep_time,12:10 p.m.,0.3326,bclean_keep
2367,sched_arr_time,2:15 p.m.,0.0126,bclean_keep
2367,act_arr_time,1:43 p.m.,0.0265,bclean_keep
2368,src,world-flight-tracker,0.5000,bclean_keep
2368,flight,AA-789-ORD-DEN,0.5000,bclean_keep
2368,sched_dep_time,1:05 p.m.,0.1050,bclean_keep
2368,act_dep_time,1:19 p.m.,0.2579,bclean_keep
2368,sched_arr_time,2:35 p.m.,0.0603,bclean_keep
2368,act_arr_time,3:13 p.m.,0.1275,bclean_keep
2369,src,world-flight-tracker,0.5000,bclean_keep
2369,flight,AA-85-JFK-SFO,0.5000,bclean_keep
2369,sched_dep_time,3:05 p.m.,0.0198,bclean_keep
2369,act_dep_time,3:36 p.m.,0.3418,bclean_keep
2369,sched_arr_time,6:30 p.m.,0.0356,bclean_keep
2369,act_arr_time,6:43 p.m.,0.0613,bclean_keep
2370,src,world-flight-tracker,0.5000,bclean_keep
2370,flight,AA-3786-IAH-ORD,0.5000,bclean_keep
2370,sched_dep_time,4:00 p.m.,0.0008,bclean_keep
2370,act_dep_time,4:12 p.m.,0.0759,bclean_keep
2370,sched_arr_time,6:40 p.m.,0.0056,bclean_keep
2370,act_arr_time,6:15 p.m.,0.2900,bclean_keep
2371,src,world-flight-tracker,0.5000,bclean_keep
2371,flight,AA-222-LAX-BOS,0.5000,bclean_keep
2371,sched_dep_time,7:10 a.m.,0.0048,bclean_keep
2371,act_dep_time,7:31 a.m.,0.3049,bclean_keep
2371,sched_arr_time,3:30 p.m.,0.0003,bclean_keep
2371,act_arr_time,3:14 p.m.,0.0000,bclean_keep
2372,src,world-flight-tracker,0.5000,bclean_keep
2372,flight,UA-3099-PHX-PHL,0.5000,bclean_keep
2372,sched_dep_time,11:55 a.m.,0.0000,bclean_keep
2372,act_dep_time,11:43 a.m.,0.1275,bclean_keep
2372,sched_arr_time,6:17 p.m.,0.0004,bclean_keep
2372,act_arr_time,5:38 p.m.,0.0000,bclean_keep
2373,src,world-flight-tracker,0.5000,bclean_keep
2373,flight,AA-4198-ORD-CLE,0.5000,bclean_keep
2373,sched_dep_time,10:40 a.m.,0.0000,bclean_keep
2373,act_dep_time,10:54 a.m.,0.0202,bclean_keep
2373,sched_arr_time,12:55 p.m.,0.0004,bclean_keep
2373,act_arr_time,12:50 p.m.,0.0000,bclean_keep
2374,src,world-flight-tracker,0.5000,bclean_keep
2374,flight,CO-45-EWR-MIA,0.5000,bclean_keep
2374,sched_dep_time,4:00 p.m.,0.0000,bclean_keep
2374,act_dep_time,3:58 p.m.,0.2132,bclean_keep
2374,sched_arr_time,7:05 p.m.,0.0002,bclean_keep
2374,act_arr_time,6:36 p.m.,0.0000,bclean_keep
2375,src,world-flight-tracker,0.5000,bclean_keep
2375,flight,AA-3809-PHX-LAX,0.5000,bclean_keep
2375,sched_dep_time,6:00 a.m.,0.0000,bclean_keep
2375,act_dep_time,6:10 a.m.,0.2014,bclean_keep
2375,sched_arr_time,6:40 a.m.,0.0169,bclean_keep
2375,act_arr_time,6:19 a.m.,0.0451,bclean_keep
2376,src,world-flight-tracker,0.5000,bclean_keep
2376,flight,AA-59-JFK-SFO,0.5000,bclean_keep
2376,sched_dep_time,7:10 a.m.,0.0000,bclean_keep
2376,act_dep_time,7:39 a.m.,0.3140,bclean_keep
2376,sched_arr_time,10:45 a.m.,0.0300,bclean_keep
2376,act_arr_time,11:12 a.m.,0.0484,bclean_keep
