row_id,column,value,confidence,source
1,MeasureName,surgery patients who were taking heart drugs called beta blockers before coming to the hospital who were kept on the beta blockers during the period just before and after their surgery,0.9987,bclean
4,City,birmingham,0.9990,bclean
8,City,birmingham,0.9990,bclean
11,City,sheffield,0.9977,bclean
14,ProviderNumber,10019,1.0000,bclean
22,Condition,heart attack,0.9997,bclean
23,HospitalOwner,government - hospital district or authority,0.9994,bclean
23,Condition,heart attack,0.9996,bclean
25,PhoneNumber,3347938701,1.0000,bclean
25,EmergencyService,yes,1.0000,bclean
27,HospitalName,southeast alabama medical center,0.9973,bclean
28,HospitalOwner,government - hospital district or authority,0.9994,bclean
32,HospitalOwner,government - hospital district or authority,0.9994,bclean
37,PhoneNumber,3347938701,1.0000,bclean
43,State,al,0.9995,bclean
43,HospitalOwner,government - hospital district or authority,0.9993,bclean
44,EmergencyService,yes,1.0000,bclean
45,ZipCode,35957,1.0000,bclean
46,ProviderNumber,10005,1.0000,bclean
47,State,al,0.9995,bclean
51,State,al,0.9995,bclean
52,EmergencyService,yes,1.0000,bclean
57,City,boaz,0.9978,bclean
57,Stateavg,al_pn-3b,0.9987,bclean
58,Address1,2505 u s highway 431 north,0.9977,bclean
58,PhoneNumber,2565938310,1.0000,bclean
61,PhoneNumber,2565938310,1.0000,bclean
64,ZipCode,35957,1.0000,bclean
66,PhoneNumber,2565938310,1.0000,bclean
68,CountyName,marshall,0.9986,bclean
70,Stateavg,al_ami-1,0.9983,bclean
71,ZipCode,35631,1.0000,bclean
73,CountyName,lauderdale,0.9973,bclean
74,Condition,heart attack,0.9997,bclean
78,CountyName,lauderdale,0.9973,bclean
80,City,florence,0.9973,bclean
82,ProviderNumber,10006,1.0000,bclean
84,State,al,0.9991,bclean
89,City,florence,0.9974,bclean
94,City,florence,0.9972,bclean
94,ZipCode,35631,1.0000,bclean
95,Address1,702 n main st,0.9977,bclean
95,MeasureName,heart attack patients given aspirin at arrival,0.9984,bclean
98,MeasureCode,ami-4,0.9986,bclean
99,State,al,0.9996,bclean
102,MeasureCode,hf-1,0.9949,bclean
102,PhoneNumber,3344933541,1.0000,bclean
107,Address1,702 n main st,0.9977,bclean
109,MeasureCode,pn-5c,0.9984,bclean
112,MeasureName,surgery patients who were taking heart drugs called beta blockers before coming to the hospital who were kept on the beta blockers during the period just before and after their surgery,0.9986,bclean
114,HospitalOwner,voluntary non-profit - private,0.9995,bclean
120,State,al,0.9996,bclean
120,MeasureName,heart attack patients given aspirin at arrival,0.9985,bclean
121,MeasureCode,ami-2,0.9987,bclean
128,Condition,heart failure,0.9996,bclean
132,HospitalName,crenshaw community hospital,0.9980,bclean
137,CountyName,crenshaw,0.9979,bclean
138,ZipCode,36049,1.0000,bclean
140,ZipCode,36049,1.0000,bclean
141,State,al,0.9992,bclean
146,MeasureName,heart attack patients given aspirin at discharge,0.9988,bclean
150,ZipCode,35640,1.0000,bclean
158,ZipCode,35640,1.0000,bclean
158,HospitalOwner,proprietary,0.9991,bclean
158,EmergencyService,yes,1.0000,bclean
160,HospitalOwner,proprietary,0.9992,bclean
162,Address1,201 pine street northwest,0.9976,bclean
163,HospitalOwner,proprietary,0.9991,bclean
165,HospitalOwner,proprietary,0.9990,bclean
166,State,al,0.9993,bclean
172,HospitalName,marshall medical center north,0.9981,bclean
176,Address1,8000 alabama highway 69,0.9978,bclean
178,MeasureCode,hf-2,0.9987,bclean
181,City,guntersville,0.9979,bclean
183,State,al,0.9995,bclean
191,MeasureCode,scip-inf-4,0.9984,bclean
194,Stateavg,al_scip-vte-2,0.9986,bclean
197,ZipCode,35235,1.0000,bclean
200,Condition,heart attack,0.9997,bclean
208,City,birmingham,0.9990,bclean
211,MeasureName,pneumonia patients assessed and given influenza vaccination,0.9987,bclean
213,City,birmingham,0.9990,bclean
214,ProviderNumber,10011,1.0000,bclean
214,Stateavg,al_scip-inf-2,0.9952,bclean
217,CountyName,jefferson,0.9997,bclean
217,HospitalOwner,voluntary non-profit - private,0.9995,bclean
218,PhoneNumber,2058383122,1.0000,bclean
219,HospitalOwner,voluntary non-profit - private,0.9995,bclean
220,MeasureName,heart attack patients given aspirin at arrival,0.9985,bclean
222,CountyName,de kalb,0.9896,bclean
222,HospitalOwner,voluntary non-profit - church,0.9988,bclean
224,CountyName,de kalb,0.9902,bclean
226,Condition,heart attack,0.9996,bclean
228,CountyName,de kalb,0.9902,bclean
229,State,al,0.9991,bclean
229,City,fort payne,0.9974,bclean
229,PhoneNumber,2568453150,1.0000,bclean
230,Condition,heart failure,0.9996,bclean
233,ZipCode,35968,1.0000,bclean
237,Condition,surgical infection prevention,0.9994,bclean
239,CountyName,de kalb,0.9896,bclean
239,HospitalOwner,voluntary non-profit - church,0.9988,bclean
240,Condition,surgical infection prevention,0.9998,bclean
244,HospitalName,dekalb regional medical center,0.9978,bclean
245,ProviderNumber,10015,1.0000,bclean
245,Stateavg,al_ami-1,0.9984,bclean
249,Stateavg,al_ami-5,0.9987,bclean
253,CountyName,clarke,0.9978,bclean
254,ProviderNumber,10015,1.0000,bclean
257,Condition,pneumonia,0.9997,bclean
257,MeasureName,pneumonia patients whose initial emergency room blood culture was performed prior to the administration of the first hospital dose of antibiotics,0.9989,bclean
261,Address1,33700 highway 43,0.9976,bclean
262,PhoneNumber,3346366221,1.0000,bclean
265,MeasureCode,scip-inf-3,0.9986,bclean
265,Address1,33700 highway 43,0.9977,bclean
268,ZipCode,36784,1.0000,bclean
270,Stateavg,al_ami-1,0.9983,bclean
274,ProviderNumber,10016,1.0000,bclean
276,Address1,1000 first street north,0.9979,bclean
279,State,al,0.9991,bclean
280,Condition,heart failure,0.9996,bclean
282,MeasureName,pneumonia patients whose initial emergency room blood culture was performed prior to the administration of the first hospital dose of antibiotics,0.9988,bclean
284,ZipCode,35007,1.0000,bclean
291,ZipCode,35007,1.0000,bclean
291,MeasureName,all heart surgery patients whose blood sugar (blood glucose) is kept under good control in the days right after surgery,0.9985,bclean
296,Address1,1720 university blvd,0.9979,bclean
312,City,anniston,0.9981,bclean
313,CountyName,calhoun,0.9980,bclean
314,HospitalOwner,proprietary,0.9993,bclean
315,ProviderNumber,10038,1.0000,bclean
317,Address1,301 east 18th st,0.9981,bclean
319,EmergencyService,yes,1.0000,bclean
322,PhoneNumber,2562358900,1.0000,bclean
325,CountyName,calhoun,0.9980,bclean
326,ZipCode,36201,1.0000,bclean
328,EmergencyService,yes,1.0000,bclean
333,ZipCode,36305,1.0000,bclean
333,HospitalOwner,proprietary,0.9998,bclean
333,EmergencyService,yes,1.0000,bclean
335,Address1,4370 west main street,0.9943,bclean
335,Stateavg,al_pn-2,0.9987,bclean
338,HospitalName,flowers hospital,0.9937,bclean
341,ZipCode,36305,1.0000,bclean
343,PhoneNumber,3347935000,1.0000,bclean
347,CountyName,houston,0.9987,bclean
347,MeasureName,surgery patients whose doctors ordered treatments to prevent blood clots after certain types of surgeries,0.9987,bclean
348,Stateavg,al_scip-vte-2,0.9986,bclean
350,MeasureCode,ami-2,0.9987,bclean
351,Address1,810 st vincents drive,0.9300,bclean
351,EmergencyService,yes,1.0000,bclean
357,State,al,0.9996,bclean
357,HospitalOwner,proprietary,0.9993,bclean
361,ProviderNumber,10086,1.0000,bclean
364,Address1,1530 u s highway 43,0.9978,bclean
367,ZipCode,35594,1.0000,bclean
367,Condition,pneumonia,0.9997,bclean
368,City,winfield,0.9979,bclean
370,Condition,pneumonia,0.9997,bclean
371,Stateavg,al_pn-7,0.9987,bclean
374,Stateavg,al_scip-inf-2,0.9957,bclean
375,EmergencyService,yes,1.0000,bclean
376,ZipCode,35594,1.0000,bclean
381,MeasureName,heart attack patients given aspirin at discharge,0.9988,bclean
382,PhoneNumber,2514717110,1.0000,bclean
385,HospitalName,univ of south alabama medical center,0.9505,bclean
385,PhoneNumber,2514717110,1.0000,bclean
386,HospitalName,univ of south alabama medical center,0.9885,bclean
387,State,al,0.9991,bclean
387,PhoneNumber,2514717110,1.0000,bclean
387,Condition,heart failure,0.9995,bclean
388,Stateavg,al_hf-2,0.9987,bclean
390,EmergencyService,yes,1.0000,bclean
390,MeasureName,heart failure patients given smoking cessation advice/counseling,0.9988,bclean
392,MeasureCode,pn-3b,0.9987,bclean
394,Address1,124 s memorial dr,0.9960,bclean
394,PhoneNumber,3343614267,1.0000,bclean
399,MeasureCode,hf-1,0.9970,bclean
401,Condition,heart failure,0.9996,bclean
403,State,al,0.9997,bclean
407,ZipCode,36067,1.0000,bclean
409,ProviderNumber,10108,1.0000,bclean
410,MeasureCode,scip-inf-1,0.9988,bclean
411,EmergencyService,yes,1.0000,bclean
412,Address1,124 s memorial dr,0.9960,bclean
416,Address1,315 w hickory st,0.9950,bclean
416,CountyName,talladega,0.9959,bclean
419,EmergencyService,no,1.0000,bclean
421,ZipCode,35150,1.0000,bclean
429,ZipCode,35150,1.0000,bclean
432,Address1,315 w hickory st,0.9952,bclean
435,MeasureName,heart failure patients given ace inhibitor or arb for left ventricular systolic dysfunction (lvsd),0.9984,bclean
438,City,anchorage,0.9958,bclean
448,MeasureName,surgery patients needing hair removed from the surgical area before surgery who had hair removed using a safer method (electric clippers or hair removal cream c not a razor),0.9982,bclean
449,HospitalName,alaska regional hospital,0.9962,bclean
450,HospitalOwner,proprietary,0.9992,bclean
457,CountyName,jefferson,0.9987,bclean
457,HospitalOwner,government - hospital district or authority,0.9995,bclean
458,CountyName,jefferson,0.9989,bclean
465,MeasureCode,scip-vte-1,0.9985,bclean
466,CountyName,jefferson,0.9987,bclean
468,Condition,heart attack,0.9996,bclean
472,PhoneNumber,3347742601,1.0000,bclean
473,Address1,126 hospital ave,0.9977,bclean
474,MeasureName,heart failure patients given discharge instructions,0.9987,bclean
475,City,ozark,0.9977,bclean
484,State,al,0.9995,bclean
485,Address1,126 hospital ave,0.9977,bclean
486,City,ozark,0.9978,bclean
491,ZipCode,36360,1.0000,bclean
493,EmergencyService,yes,1.0000,bclean
494,HospitalOwner,voluntary non-profit - private,0.9995,bclean
494,MeasureName,heart attack patients given ace inhibitor or arb for left ventricular systolic dysfunction (lvsd),0.9988,bclean
496,MeasureCode,ami-5,0.9987,bclean
500,ZipCode,35960,1.0000,bclean
503,CountyName,cherokee,0.9918,bclean
505,State,al,0.9996,bclean
507,Condition,pneumonia,0.9997,bclean
508,MeasureName,pneumonia patients assessed and given influenza vaccination,0.9987,bclean
514,CountyName,cherokee,0.9919,bclean
517,PhoneNumber,3342882100,1.0000,bclean
518,City,montgomery,0.9985,bclean
522,EmergencyService,yes,1.0000,bclean
527,HospitalOwner,voluntary non-profit - church,0.9988,bclean
528,CountyName,montgomery,0.9979,bclean
533,HospitalName,baptist medical center south,0.9975,bclean
533,MeasureName,pneumonia patients assessed and given influenza vaccination,0.9986,bclean
537,EmergencyService,yes,1.0000,bclean
541,CountyName,montgomery,0.9981,bclean
542,MeasureName,heart attack patients given aspirin at arrival,0.9985,bclean
545,ZipCode,36106,1.0000,bclean
546,MeasureName,heart attack patients given beta blocker at discharge,0.9988,bclean
549,PhoneNumber,3342938000,1.0000,bclean
552,CountyName,montgomery,0.9979,bclean
556,Condition,pneumonia,0.9997,bclean
556,Stateavg,al_pn-5c,0.9986,bclean
560,ProviderNumber,10024,1.0000,bclean
560,State,al,0.9996,bclean
561,HospitalName,jackson hospital & clinic inc,0.9977,bclean
562,PhoneNumber,3342938000,1.0000,bclean
563,PhoneNumber,3342938000,1.0000,bclean
563,MeasureName,all heart surgery patients whose blood sugar (blood glucose) is kept under good control in the days right after surgery,0.9985,bclean
565,EmergencyService,yes,1.0000,bclean
565,Stateavg,al_scip-vte-1,0.9985,bclean
568,Stateavg,al_ami-2,0.9987,bclean
573,State,al,0.9995,bclean
580,EmergencyService,yes,1.0000,bclean
581,MeasureCode,pn-5c,0.9986,bclean
588,EmergencyService,yes,1.0000,bclean
593,State,al,0.9997,bclean
594,PhoneNumber,3348972257,1.0000,bclean
600,Condition,heart failure,0.9996,bclean
602,City,elba,0.9979,bclean
603,CountyName,coffee,0.9984,bclean
609,ProviderNumber,10027,1.0000,bclean
609,Condition,surgical infection prevention,0.9994,bclean
613,MeasureName,all heart surgery patients whose blood sugar (blood glucose) is kept under good control in the days right after surgery,0.9984,bclean
623,Stateavg,al_ami-8a,0.9987,bclean
628,ProviderNumber,10029,1.0000,bclean
629,EmergencyService,yes,1.0000,bclean
632,Condition,pneumonia,0.9997,bclean
634,CountyName,lee,0.9979,bclean
640,ProviderNumber,10029,1.0000,bclean
640,MeasureCode,scip-vte-1,0.9985,bclean
646,ProviderNumber,10032,1.0000,bclean
647,Stateavg,al_ami-7a,0.9984,bclean
649,MeasureCode,hf-1,0.9948,bclean
651,MeasureName,heart failure patients given ace inhibitor or arb for left ventricular systolic dysfunction (lvsd),0.9986,bclean
652,MeasureName,heart failure patients given smoking cessation advice/counseling,0.9987,bclean
653,Address1,209 north main street,0.9978,bclean
654,EmergencyService,no,1.0000,bclean
656,ProviderNumber,10032,1.0000,bclean
667,PhoneNumber,2059344011,1.0000,bclean
673,CountyName,jefferson,0.9996,bclean
673,MeasureName,heart attack patients given pci within 90 minutes of arrival,0.9989,bclean
674,MeasureCode,hf-1,0.9972,bclean
675,EmergencyService,yes,1.0000,bclean
677,MeasureCode,hf-4,0.9987,bclean
679,Stateavg,al_pn-3b,0.9986,bclean
680,ZipCode,35233,1.0000,bclean
680,Condition,pneumonia,0.9997,bclean
686,ZipCode,35233,1.0000,bclean
690,CountyName,jefferson,0.9996,bclean
691,City,birmingham,0.9990,bclean
692,MeasureCode,ami-1,0.9938,bclean
693,CountyName,elmore,0.9975,bclean
695,MeasureCode,ami-4,0.9986,bclean
696,Condition,heart attack,0.9995,bclean
697,City,tallassee,0.9975,bclean
698,HospitalName,community hospital inc,0.9976,bclean
699,CountyName,elmore,0.9975,bclean
699,Condition,heart failure,0.9995,bclean
700,PhoneNumber,3342836541,1.0000,bclean
702,State,al,0.9995,bclean
705,ProviderNumber,10034,1.0000,bclean
706,MeasureName,pneumonia patients given initial antibiotic(s) within 6 hours after arrival,0.9984,bclean
707,MeasureName,pneumonia patients given the most appropriate initial antibiotic(s),0.9987,bclean
713,Condition,surgical infection prevention,0.9997,bclean
714,PhoneNumber,3342836541,1.0000,bclean
714,MeasureName,surgery patients needing hair removed from the surgical area before surgery who had hair removed using a safer method (electric clippers or hair removal cream c not a razor),0.9986,bclean
717,Condition,heart attack,0.9996,bclean
719,MeasureCode,ami-3,0.9988,bclean
722,ProviderNumber,10035,1.0000,bclean
722,Stateavg,al_ami-7a,0.9986,bclean
723,CountyName,cullman,0.9919,bclean
725,ProviderNumber,10035,1.0000,bclean
730,MeasureCode,pn-4,0.9952,bclean
731,HospitalName,cullman regional medical center,0.9975,bclean
731,CountyName,cullman,0.9919,bclean
734,Condition,surgical infection prevention,0.9994,bclean
736,MeasureCode,scip-inf-2,0.9986,bclean
737,Address1,1912 alabama highway 157,0.9976,bclean
737,City,cullman,0.9978,bclean
745,HospitalOwner,proprietary,0.9991,bclean
750,MeasureCode,hf-2,0.9985,bclean
751,ZipCode,36420,1.0000,bclean
752,PhoneNumber,3342228466,1.0000,bclean
753,CountyName,covington,0.9984,bclean
756,ProviderNumber,10036,1.0000,bclean
757,City,andalusia,0.9977,bclean
759,HospitalName,andalusia regional hospital,0.9975,bclean
761,Stateavg,al_scip-inf-2,0.9967,bclean
764,PhoneNumber,3342228466,1.0000,bclean
765,Stateavg,al_scip-vte-1,0.9460,bclean
766,HospitalName,andalusia regional hospital,0.9975,bclean
768,Address1,301 east 18th st,0.9982,bclean
773,City,anniston,0.9981,bclean
778,HospitalName,huntsville hospital,0.9983,bclean
781,ProviderNumber,10039,1.0000,bclean
781,Condition,heart attack,0.9997,bclean
785,HospitalOwner,government - hospital district or authority,0.9996,bclean
786,CountyName,madison,0.9982,bclean
786,MeasureName,heart failure patients given an evaluation of left ventricular systolic (lvs) function,0.9989,bclean
788,Stateavg,al_hf-4,0.9987,bclean
789,MeasureCode,pn-2,0.9988,bclean
790,ProviderNumber,10039,1.0000,bclean
792,State,al,0.9990,bclean
794,ProviderNumber,10039,1.0000,bclean
797,Stateavg,al_scip-inf-2,0.9966,bclean
798,EmergencyService,yes,1.0000,bclean
799,CountyName,madison,0.9982,bclean
803,MeasureName,heart attack patients given aspirin at arrival,0.9985,bclean
810,EmergencyService,yes,1.0000,bclean
816,ZipCode,35903,1.0000,bclean
817,MeasureName,pneumonia patients given initial antibiotic(s) within 6 hours after arrival,0.9987,bclean
822,City,gadsden,0.9988,bclean
825,PhoneNumber,2564944000,1.0000,bclean
828,Stateavg,al_ami-1,0.9983,bclean
847,HospitalOwner,voluntary non-profit - private,0.9995,bclean
850,Address1,1010 lay dam road,0.9979,bclean
852,Condition,surgical infection prevention,0.9998,bclean
856,City,hamilton,0.9978,bclean
856,PhoneNumber,2059216200,1.0000,bclean
858,Address1,1256 military street south,0.9979,bclean
860,ProviderNumber,10044,1.0000,bclean
866,MeasureCode,pn-4,0.9962,bclean
866,PhoneNumber,2059216200,1.0000,bclean
867,EmergencyService,yes,1.0000,bclean
869,HospitalOwner,voluntary non-profit - private,0.9995,bclean
870,Condition,surgical infection prevention,0.9994,bclean
873,HospitalOwner,voluntary non-profit - private,0.9994,bclean
879,ProviderNumber,10045,1.0000,bclean
882,PhoneNumber,2059325966,1.0000,bclean
884,PhoneNumber,2059325966,1.0000,bclean
885,State,al,0.9990,bclean
887,State,al,0.9990,bclean
889,ProviderNumber,10045,1.0000,bclean
890,EmergencyService,yes,1.0000,bclean
894,MeasureName,pneumonia patients assessed and given influenza vaccination,0.9987,bclean
903,MeasureName,children who received reliever medication while hospitalized for asthma,0.5334,bclean
904,HospitalName,riverview regional medical center,0.9980,bclean
916,Address1,600 south third street,0.9981,bclean
916,MeasureName,heart failure patients given smoking cessation advice/counseling,0.9988,bclean
917,PhoneNumber,2565435200,1.0000,bclean
918,CountyName,etowah,0.9994,bclean
920,EmergencyService,yes,1.0000,bclean
921,Stateavg,al_pn-6,0.9987,bclean
923,State,al,0.9996,bclean
923,HospitalName,riverview regional medical center,0.9982,bclean
924,ZipCode,35901,1.0000,bclean
931,MeasureCode,ami-1,0.9938,bclean
934,ProviderNumber,10047,1.0000,bclean
935,Address1,515 miranda st,0.9974,bclean
936,Address1,515 miranda st,0.9974,bclean
939,HospitalName,georgiana hospital,0.9977,bclean
944,CountyName,butler,0.9978,bclean
946,Address1,515 miranda st,0.9974,bclean
950,City,georgiana,0.9976,bclean
956,ProviderNumber,10049,1.0000,bclean
956,Condition,heart attack,0.9996,bclean
961,City,enterprise,0.9975,bclean
963,HospitalName,medical center enterprise,0.9977,bclean
967,CountyName,coffee,0.9984,bclean
969,City,enterprise,0.9975,bclean
975,Condition,surgical infection prevention,0.9998,bclean
986,City,oneonta,0.9966,bclean
987,Address1,150 gilbreath drive,0.9965,bclean
988,HospitalName,st vincents blount,0.9968,bclean
998,MeasureName,surgery patients who were taking heart drugs called beta blockers before coming to the hospital who were kept on the beta blockers during the period just before and after their surgery,0.9987,bclean
1,ProviderNumber,10018,0.0000,bclean_keep
1,HospitalName,callahan eye foundation hospital,0.0000,bclean_keep
1,Address1,1720 university blvd,0.0017,bclean_keep
1,City,birmingham,0.0009,bclean_keep
1,State,al,0.5000,bclean_keep
1,ZipCode,35233,0.0000,bclean_keep
1,CountyName,jefferson,0.0003,bclean_keep
1,PhoneNumber,2053258100,0.0000,bclean_keep
1,HospitalType,acute care hospitals,0.5000,bclean_keep
1,HospitalOwner,voluntary non-profit - private,0.0000,bclean_keep
1,EmergencyService,yes,0.5000,bclean_keep
1,Condition,surgical infection prevention,0.0005,bclean_keep
1,MeasureCode,scip-card-2,0.0000,bclean_keep
1,Stateavg,al_scip-card-2,0.0000,bclean_keep
2,ProviderNumber,10018,0.0000,bclean_keep
2,HospitalName,callahan eye foundation hospital,0.0000,bclean_keep
2,Address1,1720 university blvd,0.0017,bclean_keep
2,City,birmingham,0.0009,bclean_keep
2,State,al,0.5000,bclean_keep
2,ZipCode,35233,0.0000,bclean_keep
2,CountyName,jefferson,0.0003,bclean_keep
2,PhoneNumber,2053258100,0.0000,bclean_keep
2,HospitalType,acute care hospitals,0.5000,bclean_keep
2,HospitalOwner,voluntary non-profit - private,0.0000,bclean_keep
2,EmergencyService,yes,0.5000,bclean_keep
2,Condition,surgical infection prevention,0.0000,bclean_keep
2,MeasureCode,scip-inf-1,0.0007,bclean_keep
2,MeasureName,surgery patients who were given an antibiotic at the right time (within one hour before surgery) to help prevent infection,0.0000,bclean_keep
2,Stateavg,al_scip-inf-1,0.0000,bclean_keep
3,ProviderNumber,10018,0.0000,bclean_keep
3,HospitalName,callahan eye foundation hospital,0.0000,bclean_keep
3,Address1,1720 university blvd,0.0017,bclean_keep
3,City,birmingham,0.0009,bclean_keep
3,State,al,0.5000,bclean_keep
3,ZipCode,35233,0.0000,bclean_keep
3,CountyName,jefferson,0.0003,bclean_keep
3,PhoneNumber,2053258100,0.0000,bclean_keep
3,HospitalType,acute care hospitals,0.5000,bclean_keep
3,HospitalOwner,voluntary non-profit - private,0.0000,bclean_keep
3,EmergencyService,yes,0.5000,bclean_keep
3,Condition,surgical infection prevention,0.0001,bclean_keep
3,MeasureCode,scip-inf-2,0.0007,bclean_keep
3,MeasureName,surgery patients who were given the  right kind  of antibiotic to help prevent infection,0.0000,bclean_keep
3,Stateavg,al_scip-inf-2,0.0037,bclean_keep
4,ProviderNumber,10018,0.0000,bclean_keep
4,HospitalName,callahan eye foundation hospital,0.0000,bclean_keep
4,Address1,1720 university blvd,0.0017,bclean_keep
4,State,al,0.5000,bclean_keep
4,ZipCode,35233,0.0000,bclean_keep
4,CountyName,jefferson,0.0003,bclean_keep
4,PhoneNumber,2053258100,0.0000,bclean_keep
4,HospitalType,acute care hospitals,0.5000,bclean_keep
4,HospitalOwner,voluntary non-profit - private,0.0000,bclean_keep
4,EmergencyService,yes,0.0000,bclean_keep
4,Condition,surgical infection prevention,0.0001,bclean_keep
4,MeasureCode,scip-inf-3,0.0007,bclean_keep
4,MeasureName,surgery patients whose preventive antibiotics were stopped at the right time (within 24 hours after surgery),0.0000,bclean_keep
4,Stateavg,al_scip-inf-3,0.0000,bclean_keep
5,ProviderNumber,10018,0.0000,bclean_keep
5,HospitalName,callahan eye foundation hospital,0.0000,bclean_keep
5,Address1,1720 university blvd,0.0017,bclean_keep
5,City,birmingham,0.0009,bclean_keep
5,State,al,0.5000,bclean_keep
5,ZipCode,35233,0.0000,bclean_keep
5,CountyName,jefferson,0.0003,bclean_keep
5,PhoneNumber,2053258100,0.0000,bclean_keep
5,HospitalType,acute care hospitals,0.5000,bclean_keep
5,HospitalOwner,voluntary non-profit - private,0.0000,bclean_keep
5,EmergencyService,yes,0.5000,bclean_keep
5,Condition,surgical infection prevention,0.0001,bclean_keep
5,MeasureCode,scip-inf-4,0.0008,bclean_keep
5,MeasureName,all heart surgery patients whose blood sugar (blood glucose) is kept under good control in the days right after surgery,0.0011,bclean_keep
5,Stateavg,al_scip-inf-4,0.0000,bclean_keep
6,ProviderNumber,10018,0.0000,bclean_keep
6,HospitalName,callahan eye foundation hospital,0.0000,bclean_keep
6,Address1,1720 university blvd,0.0017,bclean_keep
6,City,birmingham,0.0009,bclean_keep
6,State,al,0.5000,bclean_keep
6,ZipCode,35233,0.0000,bclean_keep
6,CountyName,jefferson,0.0003,bclean_keep
6,PhoneNumber,2053258100,0.0000,bclean_keep
6,HospitalType,acute care hospitals,0.5000,bclean_keep
6,HospitalOwner,voluntary non-profit - private,0.0000,bclean_keep
6,EmergencyService,yes,0.5000,bclean_keep
6,Condition,surgical infection prevention,0.0000,bclean_keep
6,MeasureCode,scip-inf-6,0.0000,bclean_keep
6,MeasureName,surgery patients needing hair removed from the surgical area before surgery who had hair removed using a safer method (electric clippers or hair removal cream c not a razor),0.0008,bclean_keep
6,Stateavg,al_scip-inf-6,0.0000,bclean_keep
7,ProviderNumber,10018,0.0000,bclean_keep
7,HospitalName,callahan eye foundation hospital,0.0000,bclean_keep
7,Address1,1720 university blvd,0.0017,bclean_keep
7,City,birmingham,0.0009,bclean_keep
7,State,al,0.5000,bclean_keep
7,ZipCode,35233,0.0000,bclean_keep
7,CountyName,jefferson,0.0003,bclean_keep
7,PhoneNumber,2053258100,0.0000,bclean_keep
7,HospitalType,acute care hospitals,0.5000,bclean_keep
7,HospitalOwner,voluntary non-profit - private,0.0000,bclean_keep
7,EmergencyService,yes,0.5000,bclean_keep
7,Condition,surgical infection prevention,0.0000,bclean_keep
7,MeasureCode,scip-vte-1,0.0009,bclean_keep
7,MeasureName,surgery patients whose doctors ordered treatments to prevent blood clots after certain types of surgeries,0.0008,bclean_keep
7,Stateavg,al_scip-vte-1,0.0009,bclean_keep
8,ProviderNumber,10018,0.0000,bclean_keep
8,HospitalName,callahan eye foundation hospital,0.0000,bclean_keep
8,Address1,1720 university blvd,0.0017,bclean_keep
8,State,al,0.5000,bclean_keep
8,ZipCode,35233,0.0000,bclean_keep
8,CountyName,jefferson,0.0003,bclean_keep
8,PhoneNumber,2053258100,0.0000,bclean_keep
8,HospitalType,acute care hospitals,0.5000,bclean_keep
8,HospitalOwner,voluntary non-profit - private,0.0000,bclean_keep
8,EmergencyService,yes,0.5000,bclean_keep
8,Condition,surgical infection prevention,0.0001,bclean_keep
8,MeasureCode,scip-vte-2,0.0000,bclean_keep
8,MeasureName,patients who got treatment  at the right time (within 24 hours before or after their surgery) to help prevent blood clots after certain types of surgery,0.0000,bclean_keep
8,Stateavg,al_scip-vte-2,0.0008,bclean_keep
9,ProviderNumber,10019,0.0000,bclean_keep
9,HospitalName,helen keller memorial hospital,0.0000,bclean_keep
9,Address1,1300 south montgomery avenue,0.0000,bclean_keep
9,City,sheffield,0.0020,bclean_keep
9,State,al,0.5000,bclean_keep
9,ZipCode,35660,0.0000,bclean_keep
9,CountyName,jefferson,0.0011,bclean_keep
9,PhoneNumber,2563864556,0.0000,bclean_keep
9,HospitalType,acute care hospitals,0.5000,bclean_keep
9,HospitalOwner,government - hospital district or authority,0.0005,bclean_keep
9,EmergencyService,yes,0.5000,bclean_keep
9,Condition,heart attack,0.0004,bclean_keep
9,MeasureCode,ami-1,0.0031,bclean_keep
9,MeasureName,heart attack patients given aspirin at arrival,0.0009,bclean_keep
9,Stateavg,al_ami-1,0.0010,bclean_keep
10,ProviderNumber,10019,0.0000,bclean_keep
10,HospitalName,helen keller memorial hospital,0.0000,bclean_keep
10,Address1,1300 south montgomery avenue,0.0000,bclean_keep
10,City,sheffield,0.0020,bclean_keep
10,State,al,0.5000,bclean_keep
10,ZipCode,35660,0.0000,bclean_keep
10,CountyName,jefferson,0.0011,bclean_keep
10,PhoneNumber,2563864556,0.0000,bclean_keep
10,HospitalType,acute care hospitals,0.5000,bclean_keep
10,HospitalOwner,government - hospital district or authority,0.0005,bclean_keep
10,EmergencyService,yes,0.5000,bclean_keep
10,Condition,heart attack,0.0003,bclean_keep
10,MeasureCode,ami-2,0.0008,bclean_keep
10,MeasureName,heart attack patients given aspirin at discharge,0.0007,bclean_keep
10,Stateavg,al_ami-2,0.0008,bclean_keep
11,ProviderNumber,10019,0.0000,bclean_keep
11,HospitalName,helen keller memorial hospital,0.0000,bclean_keep
11,Address1,1300 south montgomery avenue,0.0000,bclean_keep
11,State,al,0.5000,bclean_keep
11,ZipCode,35660,0.0000,bclean_keep
11,CountyName,jefferson,0.0011,bclean_keep
11,PhoneNumber,2563864556,0.0000,bclean_keep
11,HospitalType,acute care hospitals,0.5000,bclean_keep
11,HospitalOwner,government - hospital district or authority,0.0005,bclean_keep
11,EmergencyService,yes,0.5000,bclean_keep
11,Condition,heart attack,0.0003,bclean_keep
11,MeasureCode,ami-3,0.0007,bclean_keep
11,MeasureName,heart attack patients given ace inhibitor or arb for left ventricular systolic dysfunction (lvsd),0.0006,bclean_keep
11,Stateavg,al_ami-3,0.0000,bclean_keep
12,ProviderNumber,10019,0.0000,bclean_keep
12,HospitalName,helen keller memorial hospital,0.0000,bclean_keep
12,Address1,1300 south montgomery avenue,0.0000,bclean_keep
12,City,sheffield,0.0020,bclean_keep
12,State,al,0.5000,bclean_keep
12,ZipCode,35660,0.0000,bclean_keep
12,CountyName,jefferson,0.0011,bclean_keep
12,PhoneNumber,2563864556,0.0000,bclean_keep
12,HospitalType,acute care hospitals,0.5000,bclean_keep
12,HospitalOwner,government - hospital district or authority,0.0005,bclean_keep
12,EmergencyService,yes,0.5000,bclean_keep
12,Condition,heart attack,0.0003,bclean_keep
12,MeasureCode,ami-4,0.0005,bclean_keep
12,MeasureName,heart attack patients given smoking cessation advice/counseling,0.0000,bclean_keep
12,Stateavg,al_ami-4,0.0000,bclean_keep
13,ProviderNumber,10019,0.0000,bclean_keep
13,HospitalName,helen keller memorial hospital,0.0000,bclean_keep
13,Address1,1300 south montgomery avenue,0.0000,bclean_keep
13,City,sheffield,0.0020,bclean_keep
13,State,al,0.5000,bclean_keep
13,ZipCode,35660,0.0000,bclean_keep
13,CountyName,jefferson,0.0011,bclean_keep
13,PhoneNumber,2563864556,0.0000,bclean_keep
13,HospitalType,acute care hospitals,0.5000,bclean_keep
13,HospitalOwner,government - hospital district or authority,0.0005,bclean_keep
13,EmergencyService,yes,0.5000,bclean_keep
13,Condition,heart attack,0.0003,bclean_keep
13,MeasureCode,ami-5,0.0007,bclean_keep
13,MeasureName,heart attack patients given beta blocker at discharge,0.0007,bclean_keep
13,Stateavg,al_ami-5,0.0007,bclean_keep
14,HospitalName,helen keller memorial hospital,0.0000,bclean_keep
14,Address1,1300 south montgomery avenue,0.0000,bclean_keep
14,City,sheffield,0.0020,bclean_keep
14,State,al,0.5000,bclean_keep
14,ZipCode,35660,0.0000,bclean_keep
14,CountyName,jefferson,0.0011,bclean_keep
14,PhoneNumber,2563864556,0.0000,bclean_keep
14,HospitalType,acute care hospitals,0.5000,bclean_keep
14,HospitalOwner,government - hospital district or authority,0.0005,bclean_keep
14,EmergencyService,yes,0.5000,bclean_keep
14,Condition,heart attack,0.0001,bclean_keep
14,MeasureCode,ami-7a,0.0000,bclean_keep
14,MeasureName,heart attack patients given fibrinolytic medication within 30 minutes of arrival,0.0000,bclean_keep
14,Stateavg,al_ami-7a,0.0009,bclean_keep
15,ProviderNumber,10019,0.0000,bclean_keep
15,HospitalName,helen keller memorial hospital,0.0000,bclean_keep
15,Address1,1300 south montgomery avenue,0.0000,bclean_keep
15,City,sheffield,0.0020,bclean_keep
15,State,al,0.5000,bclean_keep
15,ZipCode,35660,0.0000,bclean_keep
15,CountyName,jefferson,0.0012,bclean_keep
15,PhoneNumber,2563864556,0.0000,bclean_keep
15,HospitalType,acute care hospitals,0.5000,bclean_keep
15,HospitalOwner,government - hospital district or authority,0.0005,bclean_keep
15,EmergencyService,yes,0.5000,bclean_keep
15,Condition,heart attack,0.0003,bclean_keep
15,MeasureCode,ami-8a,0.0000,bclean_keep
15,MeasureName,heart attack patients given pci within 90 minutes of arrival,0.0007,bclean_keep
15,Stateavg,al_ami-8a,0.0009,bclean_keep
16,ProviderNumber,10019,0.0000,bclean_keep
16,HospitalName,helen keller memorial hospital,0.0000,bclean_keep
16,Address1,1300 south montgomery avenue,0.0000,bclean_keep
16,City,sheffield,0.0019,bclean_keep
16,State,al,0.5000,bclean_keep
16,ZipCode,35660,0.0000,bclean_keep
16,CountyName,jefferson,0.0011,bclean_keep
16,PhoneNumber,2563864556,0.0000,bclean_keep
16,HospitalType,acute care hospitals,0.5000,bclean_keep
16,HospitalOwner,government - hospital district or authority,0.0005,bclean_keep
16,EmergencyService,yes,0.5000,bclean_keep
16,Condition,heart failure,0.0004,bclean_keep
16,MeasureCode,hf-1,0.0028,bclean_keep
16,MeasureName,heart failure patients given discharge instructions,0.0009,bclean_keep
16,Stateavg,al_hf-1,0.0000,bclean_keep
17,ProviderNumber,10019,0.0000,bclean_keep
17,HospitalName,helen keller memorial hospital,0.0000,bclean_keep
17,Address1,1300 south montgomery avenue,0.0000,bclean_keep
17,City,sheffield,0.0019,bclean_keep
17,State,al,0.5000,bclean_keep
17,ZipCode,35660,0.0000,bclean_keep
17,CountyName,jefferson,0.0012,bclean_keep
17,PhoneNumber,2563864556,0.0000,bclean_keep
17,HospitalType,acuxe care hospixals,0.5000,bclean_keep
17,HospitalOwner,government - hospital district or authority,0.0005,bclean_keep
17,EmergencyService,yes,0.5000,bclean_keep
17,Condition,heart failure,0.0003,bclean_keep
17,MeasureCode,hf-2,0.0008,bclean_keep
17,MeasureName,heart failure patients given an evaluation of left ventricular systolic (lvs) function,0.0008,bclean_keep
17,Stateavg,al_hf-2,0.0008,bclean_keep
18,ProviderNumber,10019,0.0000,bclean_keep
18,HospitalName,helen keller memorial hospital,0.0000,bclean_keep
18,Address1,1300 south montgomery avenue,0.0000,bclean_keep
18,City,sheffield,0.0019,bclean_keep
18,State,al,0.5000,bclean_keep
18,ZipCode,35660,0.0000,bclean_keep
18,CountyName,jefferson,0.0011,bclean_keep
18,PhoneNumber,2563864556,0.0000,bclean_keep
18,HospitalType,acute care hospitals,0.5000,bclean_keep
18,HospitalOwner,government - hospital district or authority,0.0005,bclean_keep
18,EmergencyService,yes,0.5000,bclean_keep
18,Condition,heart failure,0.0003,bclean_keep
18,MeasureCode,hf-3,0.0000,bclean_keep
18,MeasureName,heart failure patients given ace inhibitor or arb for left ventricular systolic dysfunction (lvsd),0.0007,bclean_keep
18,Stateavg,al_hf-3,0.0000,bclean_keep
19,ProviderNumber,10019,0.0000,bclean_keep
19,HospitalName,helen keller memorial hospital,0.0000,bclean_keep
19,Address1,1300 south montgomery avenue,0.0000,bclean_keep
19,City,sheffield,0.0019,bclean_keep
19,State,al,0.5000,bclean_keep
19,ZipCode,35660,0.0000,bclean_keep
19,CountyName,jefferson,0.0011,bclean_keep
19,PhoneNumber,2563864556,0.0000,bclean_keep
19,HospitalType,acute care hospitals,0.5000,bclean_keep
19,HospitalOwner,government - hospital district or authority,0.0005,bclean_keep
19,EmergencyService,yes,0.5000,bclean_keep
19,Condition,heart failure,0.0002,bclean_keep
19,MeasureCode,hf-4,0.0008,bclean_keep
19,MeasureName,heart failure patients given smoking cessation advice/counseling,0.0008,bclean_keep
19,Stateavg,al_hf-4,0.0008,bclean_keep
20,ProviderNumber,10001,0.0000,bclean_keep
20,HospitalName,southeast alabama medical center,0.0019,bclean_keep
20,Address1,1108 ross clark circle,0.0000,bclean_keep
20,City,dothan,0.0000,bclean_keep
20,State,al,0.5000,bclean_keep
20,ZipCode,36302,0.0000,bclean_keep
20,CountyName,houston,0.0005,bclean_keep
20,PhoneNumber,3347938701,0.0000,bclean_keep
20,HospitalType,acute care hospitals,0.5000,bclean_keep
20,HospitalOwner,government - hospital district or authority,0.0006,bclean_keep
20,EmergencyService,yes,0.0000,bclean_keep
20,Condition,heart attack,0.0004,bclean_keep
20,MeasureCode,ami-1,0.0031,bclean_keep
20,MeasureName,heart attack patients given aspirin at arrival,0.0009,bclean_keep
20,Stateavg,al_ami-1,0.0010,bclean_keep
21,ProviderNumber,10001,0.0000,bclean_keep
21,HospitalName,southeast alabama medical center,0.0019,bclean_keep
21,Address1,1108 ross clark circle,0.0000,bclean_keep
21,City,dothan,0.0000,bclean_keep
21,State,al,0.5000,bclean_keep
21,ZipCode,36302,0.0000,bclean_keep
21,CountyName,houston,0.0005,bclean_keep
21,PhoneNumber,3347938701,0.0000,bclean_keep
21,HospitalType,acute care hospitals,0.5000,bclean_keep
21,HospitalOwner,government - hospital district or authority,0.0006,bclean_keep
21,EmergencyService,yes,0.0000,bclean_keep
21,Condition,heart attack,0.0003,bclean_keep
21,MeasureCode,ami-2,0.0007,bclean_keep
21,MeasureName,heart attack patients given aspirin at discharge,0.0007,bclean_keep
21,Stateavg,al_ami-2,0.0008,bclean_keep
22,ProviderNumber,10001,0.0000,bclean_keep
22,HospitalName,southeast alabama medical center,0.0019,bclean_keep
22,Address1,1108 ross clark circle,0.0000,bclean_keep
22,City,dothan,0.0000,bclean_keep
22,State,al,0.5000,bclean_keep
22,ZipCode,36302,0.0000,bclean_keep
22,CountyName,houston,0.0005,bclean_keep
22,PhoneNumber,3347938701,0.0000,bclean_keep
22,HospitalType,acute care hospitals,0.5000,bclean_keep
22,HospitalOwner,government - hospital district or authority,0.0006,bclean_keep
22,EmergencyService,yes,0.0000,bclean_keep
22,MeasureCode,ami-3,0.0000,bclean_keep
22,MeasureName,heart attack patients given ace inhibitor or arb for left ventricular systolic dysfunction (lvsd),0.0006,bclean_keep
22,Stateavg,al_ami-3,0.0000,bclean_keep
23,ProviderNumber,10001,0.0000,bclean_keep
23,HospitalName,southeast alabama medical center,0.0019,bclean_keep
23,Address1,1108 ross clark circle,0.0000,bclean_keep
23,City,dothan,0.0000,bclean_keep
23,State,al,0.5000,bclean_keep
23,ZipCode,36302,0.0000,bclean_keep
23,CountyName,houston,0.0006,bclean_keep
23,PhoneNumber,3347938701,0.0000,bclean_keep
23,HospitalType,acute care hospitals,0.5000,bclean_keep
23,EmergencyService,yes,0.5000,bclean_keep
23,MeasureCode,ami-4,0.0000,bclean_keep
23,MeasureName,heart attack patients given smoking cessation advice/counseling,0.0000,bclean_keep
23,Stateavg,al_ami-4,0.0000,bclean_keep
24,ProviderNumber,10001,0.0000,bclean_keep
24,HospitalName,southeast alabama medical center,0.0019,bclean_keep
24,Address1,1108 ross clark circle,0.0000,bclean_keep
24,City,dothan,0.0000,bclean_keep
24,State,al,0.5000,bclean_keep
24,ZipCode,36302,0.0000,bclean_keep
24,CountyName,houston,0.0005,bclean_keep
24,PhoneNumber,3347938701,0.0000,bclean_keep
24,HospitalType,acute care hospitals,0.5000,bclean_keep
24,HospitalOwner,government - hospital district or authority,0.0006,bclean_keep
24,EmergencyService,yes,0.0000,bclean_keep
24,Condition,heart attack,0.0003,bclean_keep
24,MeasureCode,ami-5,0.0007,bclean_keep
24,MeasureName,heart attack patients given beta blocker at discharge,0.0007,bclean_keep
24,Stateavg,al_ami-5,0.0007,bclean_keep
25,ProviderNumber,10001,0.0000,bclean_keep
25,HospitalName,southeast alabama medical center,0.0000,bclean_keep
25,Address1,1108 ross clark circle,0.0000,bclean_keep
25,City,dothan,0.0000,bclean_keep
25,State,al,0.5000,bclean_keep
25,ZipCode,36302,0.0000,bclean_keep
25,CountyName,houston,0.0005,bclean_keep
25,HospitalType,acute care hospitals,0.5000,bclean_keep
25,HospitalOwner,government - hospital district or authority,0.0006,bclean_keep
25,Condition,heart attack,0.0001,bclean_keep
25,MeasureCode,ami-7a,0.0000,bclean_keep
25,MeasureName,heart attack patients given fibrinolytic medication within 30 minutes of arrival,0.0000,bclean_keep
25,Stateavg,al_ami-7a,0.0009,bclean_keep
26,ProviderNumber,10001,0.0000,bclean_keep
26,HospitalName,southeast alabama medical center,0.0019,bclean_keep
26,Address1,1108 ross clark circle,0.0000,bclean_keep
26,City,dothan,0.0000,bclean_keep
26,State,al,0.5000,bclean_keep
26,ZipCode,36302,0.0000,bclean_keep
26,CountyName,houston,0.0005,bclean_keep
26,PhoneNumber,3347938701,0.0000,bclean_keep
26,HospitalType,acute care hospitals,0.5000,bclean_keep
26,HospitalOwner,government - hospital district or authority,0.0006,bclean_keep
26,EmergencyService,yes,0.0000,bclean_keep
26,Condition,heart attack,0.0003,bclean_keep
26,MeasureCode,ami-8a,0.0000,bclean_keep
26,MeasureName,heart attack patients given pci within 90 minutes of arrival,0.0007,bclean_keep
26,Stateavg,al_ami-8a,0.0009,bclean_keep
27,ProviderNumber,10001,0.0000,bclean_keep
27,Address1,1108 ross clark circle,0.0000,bclean_keep
27,City,dothan,0.0000,bclean_keep
27,State,al,0.5000,bclean_keep
27,ZipCode,36302,0.0000,bclean_keep
27,CountyName,houston,0.0005,bclean_keep
27,PhoneNumber,3347938701,0.0000,bclean_keep
27,HospitalType,acute care hospitals,0.5000,bclean_keep
27,HospitalOwner,government - hospital district or authority,0.0006,bclean_keep
27,EmergencyService,yes,0.0000,bclean_keep
27,Condition,heart failure,0.0004,bclean_keep
27,MeasureCode,hf-1,0.0028,bclean_keep
27,MeasureName,heart failure patients given discharge instructions,0.0009,bclean_keep
27,Stateavg,al_hf-1,0.0000,bclean_keep
28,ProviderNumber,10001,0.0000,bclean_keep
28,HospitalName,southeast alabama medical center,0.0021,bclean_keep
28,Address1,1108 ross clark circle,0.0000,bclean_keep
28,City,dothan,0.0000,bclean_keep
28,State,al,0.5000,bclean_keep
28,ZipCode,36302,0.0000,bclean_keep
28,CountyName,houston,0.0006,bclean_keep
28,PhoneNumber,3347938701,0.0000,bclean_keep
28,HospitalType,acute care hospitals,0.5000,bclean_keep
28,EmergencyService,yes,0.0000,bclean_keep
28,Condition,heart failure,0.0002,bclean_keep
28,MeasureCode,hf-2,0.0007,bclean_keep
28,MeasureName,heart failure patients given an evaluation of left ventricular systolic (lvs) function,0.0008,bclean_keep
28,Stateavg,al_hf-2,0.0007,bclean_keep
29,ProviderNumber,10001,0.0000,bclean_keep
29,HospitalName,southeast alabama medical center,0.0022,bclean_keep
29,Address1,1108 ross clark circle,0.0000,bclean_keep
29,City,dothan,0.0000,bclean_keep
29,State,al,0.5000,bclean_keep
29,ZipCode,36302,0.0000,bclean_keep
29,CountyName,houston,0.0005,bclean_keep
29,PhoneNumber,3347938701,0.0000,bclean_keep
29,HospitalType,acute care hospitals,0.5000,bclean_keep
29,HospitalOwner,government - hospital district or authority,0.0006,bclean_keep
29,EmergencyService,yes,0.0000,bclean_keep
29,Condition,heart failure,0.0003,bclean_keep
29,MeasureCode,hf-3,0.0000,bclean_keep
29,MeasureName,heart failure patients given ace inhibitor or arb for left ventricular systolic dysfunction (lvsd),0.0007,bclean_keep
29,Stateavg,al_hf-3,0.0000,bclean_keep
30,ProviderNumber,10001,0.0000,bclean_keep
30,HospitalName,southeast alabama medical center,0.0022,bclean_keep
30,Address1,1108 ross clark circle,0.0000,bclean_keep
30,City,dothan,0.0000,bclean_keep
30,State,al,0.5000,bclean_keep
30,ZipCode,36302,0.0000,bclean_keep
30,CountyName,houston,0.0005,bclean_keep
30,PhoneNumber,3347938701,0.0000,bclean_keep
30,HospitalType,acute care hospitals,0.5000,bclean_keep
30,HospitalOwner,government - hospital district or authority,0.0006,bclean_keep
30,EmergencyService,yes,0.0000,bclean_keep
30,Condition,heart failure,0.0002,bclean_keep
30,MeasureCode,hf-4,0.0007,bclean_keep
30,MeasureName,heart failure patients given smoking cessation advice/counseling,0.0008,bclean_keep
30,Stateavg,al_hf-4,0.0008,bclean_keep
31,ProviderNumber,10001,0.0000,bclean_keep
31,HospitalName,southeast alabama medical center,0.0019,bclean_keep
31,Address1,1108 ross clark circle,0.0000,bclean_keep
31,City,dothan,0.0000,bclean_keep
31,State,al,0.5000,bclean_keep
31,ZipCode,36302,0.0000,bclean_keep
31,CountyName,houston,0.0005,bclean_keep
31,PhoneNumber,3347938701,0.0000,bclean_keep
31,HospitalType,acute care hospitals,0.5000,bclean_keep
31,HospitalOwner,government - hospital district or authority,0.0006,bclean_keep
31,EmergencyService,yes,0.0000,bclean_keep
31,Condition,pneumonia,0.0000,bclean_keep
31,MeasureCode,pn-2,0.0007,bclean_keep
31,MeasureName,pneumonia patients assessed and given pneumococcal vaccination,0.0000,bclean_keep
31,Stateavg,al_pn-2,0.0009,bclean_keep
32,ProviderNumber,10001,0.0000,bclean_keep
32,HospitalName,southeast alabama medical center,0.0018,bclean_keep
32,Address1,1108 ross clark circle,0.0000,bclean_keep
32,City,dothan,0.0000,bclean_keep
32,State,al,0.5000,bclean_keep
32,ZipCode,36302,0.0000,bclean_keep
32,CountyName,houston,0.0006,bclean_keep
32,PhoneNumber,3347938701,0.0000,bclean_keep
32,HospitalType,acute care hospitals,0.5000,bclean_keep
32,EmergencyService,yes,0.0000,bclean_keep
32,Condition,pneumonia,0.0003,bclean_keep
32,MeasureCode,pn-3b,0.0007,bclean_keep
32,MeasureName,pneumonia patients whose initial emergency room blood culture was performed prior to the administration of the first hospital dose of antibiotics,0.0007,bclean_keep
32,Stateavg,al_pn-3b,0.0009,bclean_keep
33,ProviderNumber,10001,0.0000,bclean_keep
33,HospitalName,southeast alabama medical center,0.0019,bclean_keep
33,Address1,1108 ross clark circle,0.0000,bclean_keep
33,City,dothan,0.0000,bclean_keep
33,State,al,0.5000,bclean_keep
33,ZipCode,36302,0.0000,bclean_keep
33,CountyName,houston,0.0005,bclean_keep
33,PhoneNumber,3347938701,0.0000,bclean_keep
33,HospitalType,acute care hospitals,0.5000,bclean_keep
33,HospitalOwner,government - hospital district or authority,0.0006,bclean_keep
33,EmergencyService,yes,0.0000,bclean_keep
33,Condition,pneumonia,0.0003,bclean_keep
33,MeasureCode,pn-4,0.0029,bclean_keep
33,MeasureName,pneumonia patients given smoking cessation advice/counseling,0.0000,bclean_keep
33,Stateavg,al_pn-4,0.0000,bclean_keep
34,ProviderNumber,10001,0.0000,bclean_keep
34,HospitalName,southeast alabama medical center,0.0019,bclean_keep
34,Address1,1108 ross clark circle,0.0000,bclean_keep
34,City,dothan,0.0000,bclean_keep
34,State,al,0.5000,bclean_keep
34,ZipCode,36302,0.0000,bclean_keep
34,CountyName,houston,0.0005,bclean_keep
34,PhoneNumber,3347938701,0.0000,bclean_keep
34,HospitalType,acute care hospitals,0.5000,bclean_keep
34,HospitalOwner,government - hospital district or authority,0.0006,bclean_keep
34,EmergencyService,yes,0.0000,bclean_keep
34,Condition,pneumonia,0.0001,bclean_keep
34,MeasureCode,pn-5c,0.0007,bclean_keep
34,MeasureName,pneumonia patients given initial antibiotic(s) within 6 hours after arrival,0.0008,bclean_keep
34,Stateavg,al_pn-5c,0.0007,bclean_keep
35,ProviderNumber,10001,0.0000,bclean_keep
35,HospitalName,southeast alabama medical center,0.0019,bclean_keep
35,Address1,1108 ross clark circle,0.0000,bclean_keep
35,City,dothan,0.0000,bclean_keep
35,State,al,0.5000,bclean_keep
35,ZipCode,36302,0.0000,bclean_keep
35,CountyName,houston,0.0005,bclean_keep
35,PhoneNumber,3347938701,0.0000,bclean_keep
35,HospitalType,acute care hospitals,0.5000,bclean_keep
35,HospitalOwner,government - hospital district or authority,0.0007,bclean_keep
35,EmergencyService,yes,0.0000,bclean_keep
35,Condition,pneumonia,0.0002,bclean_keep
35,MeasureCode,pn-6,0.0000,bclean_keep
35,MeasureName,pneumonia patients given the most appropriate initial antibiotic(s),0.0006,bclean_keep
35,Stateavg,al_pn-6,0.0008,bclean_keep
36,ProviderNumber,10001,0.0000,bclean_keep
36,HospitalName,southeast alabama medical center,0.0019,bclean_keep
36,Address1,1108 ross clark circle,0.0000,bclean_keep
36,City,dothan,0.0000,bclean_keep
36,State,al,0.5000,bclean_keep
36,ZipCode,36302,0.0000,bclean_keep
36,CountyName,houston,0.0005,bclean_keep
36,PhoneNumber,3347938701,0.0000,bclean_keep
36,HospitalType,acute care hospitals,0.5000,bclean_keep
36,HospitalOwner,government - hospital district or authority,0.0006,bclean_keep
36,EmergencyService,yes,0.0000,bclean_keep
36,Condition,pneumonia,0.0000,bclean_keep
36,MeasureCode,pn-7,0.0000,bclean_keep
36,MeasureName,pneumonia patients assessed and given influenza vaccination,0.0008,bclean_keep
36,Stateavg,al_pn-7,0.0007,bclean_keep
37,ProviderNumber,10001,0.0000,bclean_keep
37,HospitalName,southeast alabama medical center,0.0000,bclean_keep
37,Address1,1108 ross clark circle,0.0000,bclean_keep
37,City,dothan,0.0000,bclean_keep
37,State,al,0.5000,bclean_keep
37,ZipCode,36302,0.0000,bclean_keep
37,CountyName,houston,0.0006,bclean_keep
37,HospitalType,acute care hospitals,0.5000,bclean_keep
37,HospitalOwner,government - hospital district or authority,0.0006,bclean_keep
37,EmergencyService,yes,0.0000,bclean_keep
37,Condition,surgical infection prevention,0.0005,bclean_keep
37,MeasureCode,scip-card-2,0.0000,bclean_keep
37,MeasureName,surgery patients who were taking heart drugs called beta blockers before coming to the hospital who were kept on the beta blockers during the period just before and after their surgery,0.0008,bclean_keep
37,Stateavg,al_scip-card-2,0.0000,bclean_keep
38,ProviderNumber,10001,0.0000,bclean_keep
38,HospitalName,southeast alabama medical center,0.0019,bclean_keep
38,Address1,1108 ross clark circle,0.0000,bclean_keep
38,City,dothan,0.0000,bclean_keep
38,State,al,0.5000,bclean_keep
38,ZipCode,36302,0.0000,bclean_keep
38,CountyName,houston,0.0006,bclean_keep
38,PhoneNumber,3347938701,0.0000,bclean_keep
38,HospitalType,acute care hospitals,0.5000,bclean_keep
38,HospitalOwner,government - hospital district or authority,0.0006,bclean_keep
38,EmergencyService,yes,0.0000,bclean_keep
38,Condition,surgical infection prevention,0.0000,bclean_keep
38,MeasureCode,scip-inf-1,0.0006,bclean_keep
38,MeasureName,surgery patients who were given an antibiotic at the right time (within one hour before surgery) to help prevent infection,0.0000,bclean_keep
38,Stateavg,al_scip-inf-1,0.0000,bclean_keep
39,ProviderNumber,10001,0.0000,bclean_keep
39,HospitalName,southeast alabama medical center,0.0019,bclean_keep
39,Address1,1108 ross clark circle,0.0000,bclean_keep
39,City,dothan,0.0000,bclean_keep
39,State,al,0.5000,bclean_keep
39,ZipCode,36302,0.0000,bclean_keep
39,CountyName,houston,0.0006,bclean_keep
39,PhoneNumber,3347938701,0.0000,bclean_keep
39,HospitalType,acute care hospitals,0.5000,bclean_keep
39,HospitalOwner,government - hospital district or authority,0.0006,bclean_keep
39,EmergencyService,yes,0.0000,bclean_keep
39,Condition,surgical infection prevention,0.0001,bclean_keep
39,MeasureCode,scip-inf-2,0.0009,bclean_keep
39,MeasureName,surgery patients who were given the  right kind  of antibiotic to help prevent infection,0.0000,bclean_keep
39,Stateavg,al_scip-inf-2,0.0034,bclean_keep
40,ProviderNumber,10001,0.0000,bclean_keep
40,HospitalName,southeast alabama medical center,0.0019,bclean_keep
40,Address1,1108 ross clark circle,0.0000,bclean_keep
40,City,dothan,0.0000,bclean_keep
40,State,al,0.5000,bclean_keep
40,ZipCode,36302,0.0000,bclean_keep
40,CountyName,houston,0.0006,bclean_keep
40,PhoneNumber,3347938701,0.0000,bclean_keep
40,HospitalType,acxte care hospitals,0.5000,bclean_keep
40,HospitalOwner,government - hospital district or authority,0.0007,bclean_keep
40,EmergencyService,yes,0.0000,bclean_keep
40,Condition,surgical infection prevention,0.0001,bclean_keep
40,MeasureCode,scip-inf-3,0.0007,bclean_keep
40,MeasureName,surgery patients whose preventive antibiotics were stopped at the right time (within 24 hours after surgery),0.0000,bclean_keep
40,Stateavg,al_scip-inf-3,0.0000,bclean_keep
41,ProviderNumber,10001,0.0000,bclean_keep
41,HospitalName,southeast alabama medical center,0.0019,bclean_keep
41,Address1,1108 ross clark circle,0.0000,bclean_keep
41,City,dothan,0.0000,bclean_keep
41,State,al,0.5000,bclean_keep
41,ZipCode,36302,0.0000,bclean_keep
41,CountyName,houston,0.0006,bclean_keep
41,PhoneNumber,3347938701,0.0000,bclean_keep
41,HospitalType,acute care hospitals,0.5000,bclean_keep
41,HospitalOwner,government - hospital district or authority,0.0006,bclean_keep
41,EmergencyService,yes,0.0000,bclean_keep
41,Condition,surgical infection prevention,0.0001,bclean_keep
41,MeasureCode,scip-inf-4,0.0010,bclean_keep
41,MeasureName,all heart surgery patients whose blood sugar (blood glucose) is kept under good control in the days right after surgery,0.0010,bclean_keep
41,Stateavg,al_scip-inf-4,0.0000,bclean_keep
42,ProviderNumber,10001,0.0000,bclean_keep
42,HospitalName,southeast alabama medical center,0.0019,bclean_keep
42,Address1,1108 ross clark circle,0.0000,bclean_keep
42,City,dothan,0.0000,bclean_keep
42,State,al,0.5000,bclean_keep
42,ZipCode,36302,0.0000,bclean_keep
42,CountyName,houston,0.0006,bclean_keep
42,PhoneNumber,3347938701,0.0000,bclean_keep
42,HospitalType,acute care hospitals,0.5000,bclean_keep
42,HospitalOwner,government - hospital district or authority,0.0006,bclean_keep
42,EmergencyService,yes,0.0000,bclean_keep
42,Condition,surgical infection prevention,0.0000,bclean_keep
42,MeasureCode,scip-inf-6,0.0000,bclean_keep
42,MeasureName,surgery patients needing hair removed from the surgical area before surgery who had hair removed using a safer method (electric clippers or hair removal cream c not a razor),0.0008,bclean_keep
42,Stateavg,al_scip-inf-6,0.0000,bclean_keep
43,ProviderNumber,10001,0.0000,bclean_keep
43,HospitalName,southeast alabama medical center,0.0018,bclean_keep
43,Address1,1108 ross clark circle,0.0000,bclean_keep
43,City,dothan,0.0000,bclean_keep
43,ZipCode,36302,0.0000,bclean_keep
43,CountyName,houston,0.0008,bclean_keep
43,PhoneNumber,3347938701,0.0000,bclean_keep
43,HospitalType,acute care hospitals,0.5000,bclean_keep
43,EmergencyService,yes,0.0000,bclean_keep
43,Condition,surgical infection prevention,0.0000,bclean_keep
43,MeasureCode,scip-vte-1,0.0008,bclean_keep
43,MeasureName,surgery patients whose doctors ordered treatments to prevent blood clots after certain types of surgeries,0.0009,bclean_keep
43,Stateavg,al_scip-vte-1,0.0008,bclean_keep
44,ProviderNumber,10001,0.0000,bclean_keep
44,HospitalName,southeast alabama medical center,0.0000,bclean_keep
44,Address1,1108 ross clark circle,0.0000,bclean_keep
44,City,dothan,0.0000,bclean_keep
44,State,al,0.5000,bclean_keep
44,ZipCode,36302,0.0000,bclean_keep
44,CountyName,houston,0.0006,bclean_keep
44,PhoneNumber,3347938701,0.0000,bclean_keep
44,HospitalType,acute care hospitals,0.5000,bclean_keep
44,HospitalOwner,government - hospital district or authority,0.0007,bclean_keep
44,Condition,surgical infection prevention,0.0001,bclean_keep
44,MeasureCode,scip-vte-2,0.0000,bclean_keep
44,MeasureName,patients who got treatment  at the right time (within 24 hours before or after their surgery) to help prevent blood clots after certain types of surgery,0.0000,bclean_keep
44,Stateavg,al_scip-vte-2,0.0010,bclean_keep
45,ProviderNumber,10005,0.0000,bclean_keep
45,HospitalName,marshall medical center south,0.0000,bclean_keep
45,Address1,2505 u s highway 431 north,0.0017,bclean_keep
45,City,boaz,0.0018,bclean_keep
45,State,al,0.5000,bclean_keep
45,CountyName,marshall,0.0012,bclean_keep
45,PhoneNumber,2565938310,0.0000,bclean_keep
45,HospitalType,acute care hospitals,0.5000,bclean_keep
45,HospitalOwner,government - hospital district or authority,0.0000,bclean_keep
45,EmergencyService,yes,0.5000,bclean_keep
45,Condition,heart attack,0.0004,bclean_keep
45,MeasureCode,ami-1,0.0031,bclean_keep
45,MeasureName,heart attack patients given aspirin at arrival,0.0009,bclean_keep
45,Stateavg,al_ami-1,0.0010,bclean_keep
46,HospitalName,marshall medical center south,0.0000,bclean_keep
46,Address1,2505 u s highway 431 north,0.0017,bclean_keep
46,City,boaz,0.0018,bclean_keep
46,State,al,0.5000,bclean_keep
46,ZipCode,35957,0.0000,bclean_keep
46,CountyName,marshall,0.0012,bclean_keep
46,PhoneNumber,2565938310,0.0000,bclean_keep
46,HospitalType,acute care hospitals,0.5000,bclean_keep
46,HospitalOwner,government - hospital district or authority,0.0000,bclean_keep
46,EmergencyService,yes,0.5000,bclean_keep
46,Condition,heart attack,0.0003,bclean_keep
46,MeasureCode,ami-2,0.0007,bclean_keep
46,MeasureName,heart attack patients given aspirin at discharge,0.0007,bclean_keep
46,Stateavg,al_ami-2,0.0008,bclean_keep
47,ProviderNumber,10005,0.0000,bclean_keep
47,HospitalName,marshall medical center south,0.0000,bclean_keep
47,Address1,2505 u s highway 431 north,0.0017,bclean_keep
47,City,boaz,0.0018,bclean_keep
47,ZipCode,35957,0.0000,bclean_keep
47,CountyName,marshall,0.0012,bclean_keep
47,PhoneNumber,2565938310,0.0000,bclean_keep
47,HospitalType,acute care hospitals,0.5000,bclean_keep
47,HospitalOwner,government - hospital district or authority,0.0000,bclean_keep
47,EmergencyService,yes,0.5000,bclean_keep
47,Condition,heart attack,0.0003,bclean_keep
47,MeasureCode,ami-3,0.0007,bclean_keep
47,MeasureName,heart attack patients given ace inhibitor or arb for left ventricular systolic dysfunction (lvsd),0.0006,bclean_keep
47,Stateavg,al_ami-3,0.0000,bclean_keep
48,ProviderNumber,10005,0.0000,bclean_keep
48,HospitalName,marshall medical center south,0.0000,bclean_keep
48,Address1,2505 u s highway 431 north,0.0017,bclean_keep
48,City,boaz,0.0018,bclean_keep
48,State,al,0.5000,bclean_keep
48,ZipCode,35957,0.0000,bclean_keep
48,CountyName,marshall,0.0012,bclean_keep
48,PhoneNumber,2565938310,0.0000,bclean_keep
48,HospitalType,acute care hospitals,0.5000,bclean_keep
48,HospitalOwner,government - hospital district or authority,0.0000,bclean_keep
48,EmergencyService,yes,0.5000,bclean_keep
48,Condition,heart attack,0.0003,bclean_keep
48,MeasureCode,ami-4,0.0005,bclean_keep
48,MeasureName,heart attack patients given smoking cessation advice/counseling,0.0000,bclean_keep
48,Stateavg,al_ami-4,0.0000,bclean_keep
49,ProviderNumber,10005,0.0000,bclean_keep
49,HospitalName,marshall medical center south,0.0000,bclean_keep
49,Address1,2505 u s highway 431 north,0.0017,bclean_keep
49,City,boaz,0.0018,bclean_keep
49,State,al,0.5000,bclean_keep
49,ZipCode,35957,0.0000,bclean_keep
49,CountyName,marshall,0.0012,bclean_keep
49,PhoneNumber,2565938310,0.0000,bclean_keep
49,HospitalType,acute care hospitals,0.5000,bclean_keep
49,HospitalOwner,government - hospital district or authority,0.0000,bclean_keep
49,EmergencyService,yes,0.5000,bclean_keep
49,Condition,heart attack,0.0003,bclean_keep
49,MeasureCode,ami-5,0.0007,bclean_keep
49,MeasureName,heart attack patients given beta blocker at discharge,0.0007,bclean_keep
49,Stateavg,al_ami-5,0.0007,bclean_keep
50,ProviderNumber,10005,0.0000,bclean_keep
50,HospitalName,marshall medical center south,0.0000,bclean_keep
50,Address1,2505 u s highway 431 north,0.0017,bclean_keep
50,City,boaz,0.0018,bclean_keep
50,State,al,0.5000,bclean_keep
50,ZipCode,35957,0.0000,bclean_keep
50,CountyName,marshall,0.0012,bclean_keep
50,PhoneNumber,2565938310,0.0000,bclean_keep
50,HospitalType,acute care hospitals,0.5000,bclean_keep
50,HospitalOwner,government - hospital district or authority,0.0000,bclean_keep
50,EmergencyService,yes,0.0000,bclean_keep
50,Condition,heart attack,0.0001,bclean_keep
50,MeasureCode,ami-7a,0.0000,bclean_keep
50,MeasureName,heart attack patients given fibrinolytic medication within 30 minutes of arrival,0.0000,bclean_keep
50,Stateavg,al_ami-7a,0.0009,bclean_keep
51,ProviderNumber,10005,0.0000,bclean_keep
51,HospitalName,marshall medical center south,0.0000,bclean_keep
51,Address1,2505 u s highway 431 north,0.0017,bclean_keep
51,City,boaz,0.0018,bclean_keep
51,ZipCode,35957,0.0000,bclean_keep
51,CountyName,marshall,0.0012,bclean_keep
51,PhoneNumber,2565938310,0.0000,bclean_keep
51,HospitalType,acute care hospitals,0.5000,bclean_keep
51,HospitalOwner,government - hospital district or authority,0.0000,bclean_keep
51,EmergencyService,yes,0.5000,bclean_keep
51,Condition,heart attack,0.0003,bclean_keep
51,MeasureCode,ami-8a,0.0000,bclean_keep
51,MeasureName,heart attack patients given pci within 90 minutes of arrival,0.0007,bclean_keep
51,Stateavg,al_ami-8a,0.0009,bclean_keep
52,ProviderNumber,10005,0.0000,bclean_keep
52,HospitalName,marshall medical center south,0.0000,bclean_keep
52,Address1,2505 u s highway 431 north,0.0017,bclean_keep
52,City,boaz,0.0018,bclean_keep
52,State,al,0.5000,bclean_keep
52,ZipCode,35957,0.0000,bclean_keep
52,CountyName,marshall,0.0013,bclean_keep
52,PhoneNumber,2565938310,0.0000,bclean_keep
52,HospitalType,acute care hospitals,0.5000,bclean_keep
52,HospitalOwner,government - hospital district or authority,0.0000,bclean_keep
52,Condition,heart failure,0.0004,bclean_keep
52,MeasureCode,hf-1,0.0033,bclean_keep
52,MeasureName,heart failure patients given discharge instructions,0.0009,bclean_keep
52,Stateavg,al_hf-1,0.0000,bclean_keep
53,ProviderNumber,10005,0.0000,bclean_keep
53,HospitalName,marshall medical center south,0.0000,bclean_keep
53,Address1,2505 u s highway 431 north,0.0017,bclean_keep
53,City,boaz,0.0018,bclean_keep
53,State,al,0.5000,bclean_keep
53,ZipCode,35957,0.0000,bclean_keep
53,CountyName,marshall,0.0012,bclean_keep
53,PhoneNumber,2565938310,0.0000,bclean_keep
53,HospitalType,acute care hospitals,0.5000,bclean_keep
53,HospitalOwner,government - hospital district or authority,0.0000,bclean_keep
53,EmergencyService,yes,0.5000,bclean_keep
53,Condition,heart failure,0.0002,bclean_keep
53,MeasureCode,hf-2,0.0009,bclean_keep
53,MeasureName,heart failure patients given an evaluation of left ventricular systolic (lvs) function,0.0008,bclean_keep
53,Stateavg,al_hf-2,0.0007,bclean_keep
54,ProviderNumber,10005,0.0000,bclean_keep
54,HospitalName,marshall medical center south,0.0000,bclean_keep
54,Address1,2505 u s highway 431 north,0.0017,bclean_keep
54,City,boaz,0.0018,bclean_keep
54,State,al,0.5000,bclean_keep
54,ZipCode,35957,0.0000,bclean_keep
54,CountyName,marshall,0.0012,bclean_keep
54,PhoneNumber,2565938310,0.0000,bclean_keep
54,HospitalType,acute care hospitals,0.5000,bclean_keep
54,HospitalOwner,government - hospital district or authority,0.0000,bclean_keep
54,EmergencyService,yes,0.5000,bclean_keep
54,Condition,heart failure,0.0003,bclean_keep
54,MeasureCode,hf-3,0.0000,bclean_keep
54,MeasureName,heart failure patients given ace inhibitor or arb for left ventricular systolic dysfunction (lvsd),0.0007,bclean_keep
54,Stateavg,al_hf-3,0.0000,bclean_keep
55,ProviderNumber,10005,0.0000,bclean_keep
55,HospitalName,marshall medical center south,0.0000,bclean_keep
55,Address1,2505 u s highway 431 north,0.0017,bclean_keep
55,City,boaz,0.0018,bclean_keep
55,State,al,0.5000,bclean_keep
55,ZipCode,35957,0.0000,bclean_keep
55,CountyName,marshall,0.0012,bclean_keep
55,PhoneNumber,2565938310,0.0000,bclean_keep
55,HospitalType,acute care hospitals,0.5000,bclean_keep
55,HospitalOwner,government - hospital district or authority,0.0000,bclean_keep
55,EmergencyService,yes,0.5000,bclean_keep
55,Condition,heart failure,0.0002,bclean_keep
55,MeasureCode,hf-4,0.0007,bclean_keep
55,MeasureName,heart failure patients given smoking cessation advice/counseling,0.0008,bclean_keep
55,Stateavg,al_hf-4,0.0008,bclean_keep
56,ProviderNumber,10005,0.0000,bclean_keep
56,HospitalName,marshall medical center south,0.0000,bclean_keep
56,Address1,2505 u s highway 431 north,0.0018,bclean_keep
56,City,boaz,0.0019,bclean_keep
56,State,al,0.5000,bclean_keep
56,ZipCode,35957,0.0000,bclean_keep
56,CountyName,marshall,0.0012,bclean_keep
56,PhoneNumber,2565938310,0.0000,bclean_keep
56,HospitalType,acute care hospitals,0.5000,bclean_keep
56,HospitalOwner,government - hospital district or authority,0.0000,bclean_keep
56,EmergencyService,yes,0.5000,bclean_keep
56,Condition,pneumonia,0.0000,bclean_keep
56,MeasureCode,pn-2,0.0007,bclean_keep
56,MeasureName,pneumonia patients assessed and given pneumococcal vaccination,0.0000,bclean_keep
56,Stateavg,al_pn-2,0.0008,bclean_keep
57,ProviderNumber,10005,0.0000,bclean_keep
57,HospitalName,marshall medical center south,0.0000,bclean_keep
57,Address1,2505 u s highway 431 north,0.0018,bclean_keep
57,State,al,0.5000,bclean_keep
57,ZipCode,35957,0.0000,bclean_keep
57,CountyName,marshall,0.0012,bclean_keep
57,PhoneNumber,2565938310,0.0000,bclean_keep
57,HospitalType,acute care hospitals,0.5000,bclean_keep
57,HospitalOwner,government - hospital district or authority,0.0000,bclean_keep
57,EmergencyService,yes,0.5000,bclean_keep
57,Condition,pneumonia,0.0002,bclean_keep
57,MeasureCode,pn-3b,0.0000,bclean_keep
57,MeasureName,pneumonia patients whose initial emergency room blood culture was performed prior to the administration of the first hospital dose of antibiotics,0.0007,bclean_keep
58,ProviderNumber,10005,0.0000,bclean_keep
58,HospitalName,marshall medical center south,0.0000,bclean_keep
58,City,boaz,0.0019,bclean_keep
58,State,al,0.5000,bclean_keep
58,ZipCode,35957,0.0000,bclean_keep
58,CountyName,marshall,0.0011,bclean_keep
58,HospitalType,acute care hospitals,0.5000,bclean_keep
58,HospitalOwner,government - hospital district or authority,0.0000,bclean_keep
58,EmergencyService,yes,0.5000,bclean_keep
58,Condition,pneumonia,0.0003,bclean_keep
58,MeasureCode,pn-4,0.0029,bclean_keep
58,MeasureName,pneumonia patients given smoking cessation advice/counseling,0.0000,bclean_keep
58,Stateavg,al_pn-4,0.0000,bclean_keep
59,ProviderNumber,10005,0.0000,bclean_keep
59,HospitalName,marshall medical center south,0.0000,bclean_keep
59,Address1,2505 u s highway 431 north,0.0018,bclean_keep
59,City,boaz,0.0019,bclean_keep
59,State,al,0.5000,bclean_keep
59,ZipCode,35957,0.0000,bclean_keep
59,CountyName,marshall,0.0012,bclean_keep
59,PhoneNumber,2565938310,0.0000,bclean_keep
59,HospitalType,acute care hospitals,0.5000,bclean_keep
59,HospitalOwner,government - hospital district or authority,0.0000,bclean_keep
59,EmergencyService,yes,0.0000,bclean_keep
59,Condition,pneumonia,0.0001,bclean_keep
59,MeasureCode,pn-5c,0.0007,bclean_keep
59,MeasureName,pneumonia patients given initial antibiotic(s) within 6 hours after arrival,0.0008,bclean_keep
59,Stateavg,al_pn-5c,0.0007,bclean_keep
60,ProviderNumber,10005,0.0000,bclean_keep
60,HospitalName,marshall medical center south,0.0000,bclean_keep
60,Address1,2505 u s highway 431 north,0.0018,bclean_keep
60,City,boaz,0.0019,bclean_keep
60,State,al,0.5000,bclean_keep
60,ZipCode,35957,0.0000,bclean_keep
60,CountyName,marshall,0.0012,bclean_keep
60,PhoneNumber,2565938310,0.0000,bclean_keep
60,HospitalType,acute care hospitals,0.5000,bclean_keep
60,HospitalOwner,government - hospital district or authority,0.0000,bclean_keep
60,EmergencyService,yes,0.5000,bclean_keep
60,Condition,pneumonia,0.0002,bclean_keep
60,MeasureCode,pn-6,0.0000,bclean_keep
60,MeasureName,pneumonia patients given the most appropriate initial antibiotic(s),0.0006,bclean_keep
60,Stateavg,al_pn-6,0.0008,bclean_keep
61,ProviderNumber,10005,0.0000,bclean_keep
61,HospitalName,marshall medical center south,0.0000,bclean_keep
61,Address1,2505 u s highway 431 north,0.0020,bclean_keep
61,City,boaz,0.0019,bclean_keep
61,State,al,0.5000,bclean_keep
61,ZipCode,35957,0.0000,bclean_keep
61,CountyName,marshall,0.0011,bclean_keep
61,HospitalType,acute care hospitals,0.5000,bclean_keep
61,HospitalOwner,government - hospital district or authority,0.0000,bclean_keep
61,EmergencyService,yes,0.5000,bclean_keep
61,Condition,pneumonia,0.0000,bclean_keep
61,MeasureCode,pn-7,0.0000,bclean_keep
61,MeasureName,pneumonia patients assessed and given influenza vaccination,0.0008,bclean_keep
61,Stateavg,al_pn-7,0.0007,bclean_keep
62,ProviderNumber,10005,0.0000,bclean_keep
62,HospitalName,marshall medical center south,0.0000,bclean_keep
62,Address1,2505 u s highway 431 north,0.0017,bclean_keep
62,City,boaz,0.0018,bclean_keep
62,State,al,0.5000,bclean_keep
62,ZipCode,35957,0.0000,bclean_keep
62,CountyName,marshall,0.0013,bclean_keep
62,PhoneNumber,2565938310,0.0000,bclean_keep
62,HospitalType,acute care hospitals,0.5000,bclean_keep
62,HospitalOwner,government - hospital district or authority,0.0000,bclean_keep
62,EmergencyService,yes,0.5000,bclean_keep
62,Condition,surgical infection prevention,0.0005,bclean_keep
62,MeasureCode,scip-card-2,0.0000,bclean_keep
62,MeasureName,surgery patients who were taking heart drugs called beta blockers before coming to the hospital who were kept on the beta blockers during the period just before and after their surgery,0.0008,bclean_keep
62,Stateavg,al_scip-card-2,0.0000,bclean_keep
63,ProviderNumber,10005,0.0000,bclean_keep
63,HospitalName,marshall medical center south,0.0000,bclean_keep
63,Address1,2505 u s highway 431 north,0.0017,bclean_keep
63,City,boaz,0.0018,bclean_keep
63,State,al,0.5000,bclean_keep
63,ZipCode,35957,0.0000,bclean_keep
63,CountyName,marshall,0.0013,bclean_keep
63,PhoneNumber,2565938310,0.0000,bclean_keep
63,HospitalType,acute care hospitals,0.5000,bclean_keep
63,HospitalOwner,government - hospital district or authority,0.0000,bclean_keep
63,EmergencyService,yes,0.5000,bclean_keep
63,Condition,surgical infection prevention,0.0000,bclean_keep
63,MeasureCode,scip-inf-1,0.0006,bclean_keep
63,MeasureName,surgery patients who were given an antibiotic at the right time (within one hour before surgery) to help prevent infection,0.0000,bclean_keep
63,Stateavg,al_scip-inf-1,0.0000,bclean_keep
64,ProviderNumber,10005,0.0000,bclean_keep
64,HospitalName,marshall medical center south,0.0000,bclean_keep
64,Address1,2505 u s highway 431 north,0.0017,bclean_keep
64,City,boaz,0.0018,bclean_keep
64,State,al,0.5000,bclean_keep
64,CountyName,marshall,0.0013,bclean_keep
64,PhoneNumber,2565938310,0.0000,bclean_keep
64,HospitalType,acute care hospitals,0.5000,bclean_keep
64,HospitalOwner,government - hospital district or authority,0.0000,bclean_keep
64,EmergencyService,yes,0.5000,bclean_keep
64,Condition,surgical infection prevention,0.0001,bclean_keep
64,MeasureCode,scip-inf-2,0.0009,bclean_keep
64,MeasureName,surgery patients who were given the  right kind  of antibiotic to help prevent infection,0.0000,bclean_keep
64,Stateavg,al_scip-inf-2,0.0034,bclean_keep
65,ProviderNumber,10005,0.0000,bclean_keep
65,HospitalName,marshall medical center south,0.0000,bclean_keep
65,Address1,2505 u s highway 431 north,0.0017,bclean_keep
65,City,boaz,0.0018,bclean_keep
65,State,al,0.5000,bclean_keep
65,ZipCode,35957,0.0000,bclean_keep
65,CountyName,marshall,0.0013,bclean_keep
65,PhoneNumber,2565938310,0.0000,bclean_keep
65,HospitalType,acute care hospitals,0.5000,bclean_keep
65,HospitalOwner,government - hospital district or authority,0.0000,bclean_keep
65,EmergencyService,yes,0.0000,bclean_keep
65,Condition,surgical infection prevention,0.0001,bclean_keep
65,MeasureCode,scip-inf-3,0.0007,bclean_keep
65,MeasureName,surgery patients whose preventive antibiotics were stopped at the right time (within 24 hours after surgery),0.0000,bclean_keep
65,Stateavg,al_scip-inf-3,0.0000,bclean_keep
66,ProviderNumber,10005,0.0000,bclean_keep
66,HospitalName,marshall medical center south,0.0000,bclean_keep
66,Address1,2505 u s highway 431 north,0.0018,bclean_keep
66,City,boaz,0.0018,bclean_keep
66,State,al,0.5000,bclean_keep
66,ZipCode,35957,0.0000,bclean_keep
66,CountyName,marshall,0.0012,bclean_keep
66,HospitalType,acute care hospitals,0.5000,bclean_keep
66,HospitalOwner,government - hospital district or authority,0.0000,bclean_keep
66,EmergencyService,yes,0.5000,bclean_keep
66,Condition,surgical infection prevention,0.0001,bclean_keep
66,MeasureCode,scip-inf-4,0.0011,bclean_keep
66,MeasureName,all heart surgery patients whose blood sugar (blood glucose) is kept under good control in the days right after surgery,0.0010,bclean_keep
66,Stateavg,al_scip-inf-4,0.0000,bclean_keep
67,ProviderNumber,10005,0.0000,bclean_keep
67,HospitalName,marshall medical center south,0.0000,bclean_keep
67,Address1,2505 u s highway 431 north,0.0017,bclean_keep
67,City,boaz,0.0018,bclean_keep
67,State,al,0.5000,bclean_keep
67,ZipCode,35957,0.0000,bclean_keep
67,CountyName,marshall,0.0013,bclean_keep
67,PhoneNumber,2565938310,0.0000,bclean_keep
67,HospitalType,acute care hospitals,0.5000,bclean_keep
67,HospitalOwner,government - hospital district or authority,0.0000,bclean_keep
67,EmergencyService,yes,0.5000,bclean_keep
67,Condition,surgical infection prevention,0.0000,bclean_keep
67,MeasureCode,scip-inf-6,0.0000,bclean_keep
67,MeasureName,surgery patients needing hair removed from the surgical area before surgery who had hair removed using a safer method (electric clippers or hair removal cream c not a razor),0.0008,bclean_keep
67,Stateavg,al_scip-inf-6,0.0000,bclean_keep
68,ProviderNumber,10005,0.0000,bclean_keep
68,HospitalName,marshall medical center south,0.0000,bclean_keep
68,Address1,2505 u s highway 431 north,0.0017,bclean_keep
68,City,boaz,0.0000,bclean_keep
68,State,al,0.5000,bclean_keep
68,ZipCode,35957,0.0000,bclean_keep
68,PhoneNumber,2565938310,0.0000,bclean_keep
68,HospitalType,acute care hospitals,0.5000,bclean_keep
68,HospitalOwner,government - hospital district or authority,0.0000,bclean_keep
68,EmergencyService,yes,0.5000,bclean_keep
68,Condition,surgical infection prevention,0.0000,bclean_keep
68,MeasureCode,scip-vte-1,0.0009,bclean_keep
68,MeasureName,surgery patients whose doctors ordered treatments to prevent blood clots after certain types of surgeries,0.0008,bclean_keep
68,Stateavg,al_scip-vte-1,0.0008,bclean_keep
69,ProviderNumber,10005,0.0000,bclean_keep
69,HospitalName,marshall medical center south,0.0000,bclean_keep
69,Address1,2505 u s highway 431 north,0.0017,bclean_keep
69,City,boaz,0.0018,bclean_keep
69,State,al,0.5000,bclean_keep
69,ZipCode,35957,0.0000,bclean_keep
69,CountyName,marshall,0.0013,bclean_keep
69,PhoneNumber,2565938310,0.0000,bclean_keep
69,HospitalType,acute care hospitals,0.5000,bclean_keep
69,HospitalOwner,government - hospital district or authority,0.0000,bclean_keep
69,EmergencyService,yes,0.5000,bclean_keep
69,Condition,surgical infection prevention,0.0001,bclean_keep
69,MeasureCode,scip-vte-2,0.0000,bclean_keep
69,MeasureName,patients who got treatment  at the right time (within 24 hours before or after their surgery) to help prevent blood clots after certain types of surgery,0.0000,bclean_keep
69,Stateavg,al_scip-vte-2,0.0010,bclean_keep
70,ProviderNumber,10006,0.0000,bclean_keep
70,HospitalName,eliza coffee memorial hospital,0.0000,bclean_keep
70,Address1,205 marengo street,0.0000,bclean_keep
70,City,florence,0.0022,bclean_keep
70,State,al,0.5000,bclean_keep
70,ZipCode,35631,0.0000,bclean_keep
70,CountyName,lauderdale,0.0023,bclean_keep
70,PhoneNumber,2567688400,0.0000,bclean_keep
70,HospitalType,acute care hospitals,0.5000,bclean_keep
70,HospitalOwner,voluntary non-profit - other,0.0000,bclean_keep
70,EmergencyService,yes,0.5000,bclean_keep
70,Condition,heart attack,0.0003,bclean_keep
70,MeasureCode,ami-1,0.0000,bclean_keep
70,MeasureName,heart attack patients given aspirin at arrival,0.0009,bclean_keep
71,ProviderNumber,10006,0.0000,bclean_keep
71,HospitalName,eliza coffee memorial hospital,0.0000,bclean_keep
71,Address1,205 marengo street,0.0000,bclean_keep
71,City,florence,0.0023,bclean_keep
71,State,al,0.5000,bclean_keep
71,CountyName,lauderdale,0.0023,bclean_keep
71,PhoneNumber,2567688400,0.0000,bclean_keep
71,HospitalType,acute care hospitals,0.5000,bclean_keep
71,HospitalOwner,voluntary non-profit - other,0.0000,bclean_keep
71,EmergencyService,yes,0.5000,bclean_keep
71,Condition,heart attack,0.0003,bclean_keep
71,MeasureCode,ami-2,0.0008,bclean_keep
71,MeasureName,heart attack patients given aspirin at discharge,0.0007,bclean_keep
71,Stateavg,al_ami-2,0.0009,bclean_keep
72,ProviderNumber,10006,0.0000,bclean_keep
72,HospitalName,eliza coffee memorial hospital,0.0000,bclean_keep
72,Address1,205 marengo street,0.0000,bclean_keep
72,City,florence,0.0022,bclean_keep
72,State,al,0.5000,bclean_keep
72,ZipCode,35631,0.0000,bclean_keep
72,CountyName,lauderdale,0.0023,bclean_keep
72,PhoneNumber,2567688400,0.0000,bclean_keep
72,HospitalType,acute care hospitals,0.5000,bclean_keep
72,HospitalOwner,voluntary non-profit - other,0.0000,bclean_keep
72,EmergencyService,yes,0.5000,bclean_keep
72,Condition,heart attack,0.0003,bclean_keep
72,MeasureCode,ami-3,0.0006,bclean_keep
72,MeasureName,heart attack patients given ace inhibitor or arb for left ventricular systolic dysfunction (lvsd),0.0006,bclean_keep
72,Stateavg,al_ami-3,0.0000,bclean_keep
73,ProviderNumber,10006,0.0000,bclean_keep
73,HospitalName,eliza coffee memorial hospital,0.0000,bclean_keep
73,Address1,205 marengo street,0.0000,bclean_keep
73,City,florence,0.0000,bclean_keep
73,State,al,0.5000,bclean_keep
73,ZipCode,35631,0.0000,bclean_keep
73,PhoneNumber,2567688400,0.0000,bclean_keep
73,HospitalType,acute care hospitals,0.5000,bclean_keep
73,HospitalOwner,voluntary non-profit - other,0.0000,bclean_keep
73,EmergencyService,yes,0.5000,bclean_keep
73,Condition,heart attack,0.0003,bclean_keep
73,MeasureCode,ami-4,0.0005,bclean_keep
73,MeasureName,heart attack patients given smoking cessation advice/counseling,0.0000,bclean_keep
73,Stateavg,al_ami-4,0.0000,bclean_keep
74,ProviderNumber,10006,0.0000,bclean_keep
74,HospitalName,eliza coffee memorial hospital,0.0000,bclean_keep
74,Address1,205 marengo street,0.0000,bclean_keep
74,City,florence,0.0022,bclean_keep
74,State,al,0.5000,bclean_keep
74,ZipCode,35631,0.0000,bclean_keep
74,CountyName,lauderdale,0.0022,bclean_keep
74,PhoneNumber,2567688400,0.0000,bclean_keep
74,HospitalType,acute care hospitals,0.5000,bclean_keep
74,HospitalOwner,voluntary non-profit - other,0.0000,bclean_keep
74,EmergencyService,yes,0.5000,bclean_keep
74,MeasureCode,ami-5,0.0000,bclean_keep
74,MeasureName,heart attack patients given beta blocker at discharge,0.0007,bclean_keep
74,Stateavg,al_ami-5,0.0007,bclean_keep
75,ProviderNumber,10006,0.0000,bclean_keep
75,HospitalName,eliza coffee memorial hospital,0.0000,bclean_keep
75,Address1,205 marengo street,0.0000,bclean_keep
75,City,florence,0.0022,bclean_keep
75,State,al,0.5000,bclean_keep
75,ZipCode,35631,0.0000,bclean_keep
75,CountyName,lauderdale,0.0023,bclean_keep
75,PhoneNumber,2567688400,0.0000,bclean_keep
75,HospitalType,acute care hospitals,0.5000,bclean_keep
75,HospitalOwner,voluntary non-profit - other,0.0000,bclean_keep
75,EmergencyService,yes,0.5000,bclean_keep
75,Condition,heart attack,0.0001,bclean_keep
75,MeasureCode,ami-7a,0.0000,bclean_keep
75,MeasureName,heart attack patients given fibrinolytic medication within 30 minutes of arrival,0.0000,bclean_keep
75,Stateavg,al_ami-7a,0.0008,bclean_keep
76,ProviderNumber,10006,0.0000,bclean_keep
76,HospitalName,eliza coffee memorial hospital,0.0000,bclean_keep
76,Address1,205 marengo street,0.0000,bclean_keep
76,City,florence,0.0022,bclean_keep
76,State,al,0.5000,bclean_keep
76,ZipCode,35631,0.0000,bclean_keep
76,CountyName,lauderdale,0.0023,bclean_keep
76,PhoneNumber,2567688400,0.0000,bclean_keep
76,HospitalType,acute care hospitals,0.5000,bclean_keep
76,HospitalOwner,voluntary non-profit - other,0.0000,bclean_keep
76,EmergencyService,yes,0.5000,bclean_keep
76,Condition,heart attack,0.0003,bclean_keep
76,MeasureCode,ami-8a,0.0000,bclean_keep
76,MeasureName,heart attack patients given pci within 90 minutes of arrival,0.0007,bclean_keep
76,Stateavg,al_ami-8a,0.0008,bclean_keep
77,ProviderNumber,10006,0.0000,bclean_keep
77,HospitalName,eliza coffee memorial hospital,0.0000,bclean_keep
77,Address1,205 marengo street,0.0000,bclean_keep
77,City,florence,0.0023,bclean_keep
77,State,al,0.5000,bclean_keep
77,ZipCode,35631,0.0000,bclean_keep
77,CountyName,lauderdale,0.0023,bclean_keep
77,PhoneNumber,2567688400,0.0000,bclean_keep
77,HospitalType,acute care hospitals,0.5000,bclean_keep
77,HospitalOwner,voluntary non-profit - other,0.0000,bclean_keep
77,EmergencyService,yes,0.5000,bclean_keep
77,Condition,heart failure,0.0004,bclean_keep
77,MeasureCode,hf-1,0.0028,bclean_keep
77,MeasureName,heart failure patients given discharge instructions,0.0008,bclean_keep
77,Stateavg,al_hf-1,0.0000,bclean_keep
78,ProviderNumber,10006,0.0000,bclean_keep
78,HospitalName,eliza coffee memorial hospital,0.0000,bclean_keep
78,Address1,205 marengo street,0.0000,bclean_keep
78,City,florence,0.0000,bclean_keep
78,State,al,0.5000,bclean_keep
78,ZipCode,35631,0.0000,bclean_keep
78,PhoneNumber,2567688400,0.0000,bclean_keep
78,HospitalType,acute care hospitals,0.5000,bclean_keep
78,HospitalOwner,voluntary non-profit - other,0.0000,bclean_keep
78,EmergencyService,yes,0.5000,bclean_keep
78,Condition,heart failure,0.0003,bclean_keep
78,MeasureCode,hf-2,0.0007,bclean_keep
78,MeasureName,heart failure patients given an evaluation of left ventricular systolic (lvs) function,0.0007,bclean_keep
78,Stateavg,al_hf-2,0.0007,bclean_keep
79,ProviderNumber,10006,0.0000,bclean_keep
79,HospitalName,eliza coffee memorial hospital,0.0000,bclean_keep
79,Address1,205 marengo street,0.0000,bclean_keep
79,City,florence,0.0023,bclean_keep
79,State,al,0.5000,bclean_keep
79,ZipCode,35631,0.0000,bclean_keep
79,CountyName,lauderdale,0.0023,bclean_keep
79,PhoneNumber,2567688400,0.0000,bclean_keep
79,HospitalType,acute care hospitals,0.5000,bclean_keep
79,HospitalOwner,voluntary non-profit - other,0.0000,bclean_keep
79,EmergencyService,yes,0.5000,bclean_keep
79,Condition,heart failure,0.0003,bclean_keep
79,MeasureCode,hf-3,0.0000,bclean_keep
79,MeasureName,heart failure patients given ace inhibitor or arb for left ventricular systolic dysfunction (lvsd),0.0007,bclean_keep
79,Stateavg,al_hf-3,0.0000,bclean_keep
80,ProviderNumber,10006,0.0000,bclean_keep
80,HospitalName,eliza coffee memorial hospital,0.0000,bclean_keep
80,Address1,205 marengo street,0.0000,bclean_keep
80,State,al,0.5000,bclean_keep
80,ZipCode,35631,0.0000,bclean_keep
80,CountyName,lauderdale,0.0023,bclean_keep
80,PhoneNumber,2567688400,0.0000,bclean_keep
80,HospitalType,acute care hospitals,0.5000,bclean_keep
80,HospitalOwner,voluntary non-profit - other,0.0000,bclean_keep
80,EmergencyService,yes,0.5000,bclean_keep
80,Condition,heart failure,0.0002,bclean_keep
80,MeasureCode,hf-4,0.0007,bclean_keep
80,MeasureName,heart failure patients given smoking cessation advice/counseling,0.0008,bclean_keep
80,Stateavg,al_hf-4,0.0007,bclean_keep
81,ProviderNumber,10006,0.0000,bclean_keep
81,HospitalName,eliza coffee memorial hospital,0.0000,bclean_keep
81,Address1,205 marengo street,0.0000,bclean_keep
81,City,florence,0.0022,bclean_keep
81,State,al,0.5000,bclean_keep
81,ZipCode,35631,0.0000,bclean_keep
81,CountyName,lauderdale,0.0022,bclean_keep
81,PhoneNumber,2567688400,0.0000,bclean_keep
81,HospitalType,acute care hospitals,0.5000,bclean_keep
81,HospitalOwner,voluntary non-profit - other,0.0000,bclean_keep
81,EmergencyService,yes,0.5000,bclean_keep
81,Condition,pneumonia,0.0000,bclean_keep
81,MeasureCode,pn-2,0.0006,bclean_keep
81,MeasureName,pneumonia patients assessed and given pneumococcal vaccination,0.0000,bclean_keep
81,Stateavg,al_pn-2,0.0008,bclean_keep
82,HospitalName,eliza coffee memorial hospital,0.0000,bclean_keep
82,Address1,205 marengo street,0.0000,bclean_keep
82,City,florence,0.0022,bclean_keep
82,State,al,0.5000,bclean_keep
82,ZipCode,35631,0.0000,bclean_keep
82,CountyName,lauderdale,0.0022,bclean_keep
82,PhoneNumber,2567688400,0.0000,bclean_keep
82,HospitalType,acute care hospitals,0.5000,bclean_keep
82,HospitalOwner,voluntary non-profit - other,0.0000,bclean_keep
82,EmergencyService,yes,0.5000,bclean_keep
82,Condition,pneumonia,0.0003,bclean_keep
82,MeasureCode,pn-3b,0.0007,bclean_keep
82,MeasureName,pneumonia patients whose initial emergency room blood culture was performed prior to the administration of the first hospital dose of antibiotics,0.0007,bclean_keep
82,Stateavg,al_pn-3b,0.0008,bclean_keep
83,ProviderNumber,10006,0.0000,bclean_keep
83,HospitalName,eliza coffee memorial hospital,0.0000,bclean_keep
83,Address1,205 marengo street,0.0000,bclean_keep
83,City,florence,0.0022,bclean_keep
83,State,al,0.5000,bclean_keep
83,ZipCode,35631,0.0000,bclean_keep
83,CountyName,lauderdale,0.0022,bclean_keep
83,PhoneNumber,2567688400,0.0000,bclean_keep
83,HospitalType,acute care hospitals,0.5000,bclean_keep
83,HospitalOwner,voluntary non-profit - other,0.0000,bclean_keep
83,EmergencyService,yes,0.5000,bclean_keep
83,Condition,pneumonia,0.0003,bclean_keep
83,MeasureCode,pn-4,0.0028,bclean_keep
83,MeasureName,pneumonia patients given smoking cessation advice/counseling,0.0000,bclean_keep
83,Stateavg,al_pn-4,0.0000,bclean_keep
84,ProviderNumber,10006,0.0000,bclean_keep
84,HospitalName,eliza coffee memorial hospital,0.0000,bclean_keep
84,Address1,205 marengo street,0.0000,bclean_keep
84,City,florence,0.0022,bclean_keep
84,ZipCode,35631,0.0000,bclean_keep
84,CountyName,lauderdale,0.0022,bclean_keep
84,PhoneNumber,2567688400,0.0000,bclean_keep
84,HospitalType,acute care hospitals,0.5000,bclean_keep
84,HospitalOwner,voluntary non-profit - other,0.0000,bclean_keep
84,EmergencyService,yes,0.5000,bclean_keep
84,Condition,pneumonia,0.0001,bclean_keep
84,MeasureCode,pn-5c,0.0009,bclean_keep
84,MeasureName,pneumonia patients given initial antibiotic(s) within 6 hours after arrival,0.0008,bclean_keep
84,Stateavg,al_pn-5c,0.0007,bclean_keep
85,ProviderNumber,10006,0.0000,bclean_keep
85,HospitalName,eliza coffee memorial hospital,0.0000,bclean_keep
85,Address1,205 marengo street,0.0000,bclean_keep
85,City,florence,0.0022,bclean_keep
85,State,al,0.5000,bclean_keep
85,ZipCode,35631,0.0000,bclean_keep
85,CountyName,lauderdale,0.0022,bclean_keep
85,PhoneNumber,2567688400,0.0000,bclean_keep
85,HospitalType,acute care hospitals,0.5000,bclean_keep
85,HospitalOwner,voluntary non-profit - other,0.0000,bclean_keep
85,EmergencyService,yes,0.5000,bclean_keep
85,Condition,pneumonia,0.0002,bclean_keep
85,MeasureCode,pn-6,0.0000,bclean_keep
85,MeasureName,pneumonia patients given the most appropriate initial antibiotic(s),0.0006,bclean_keep
85,Stateavg,al_pn-6,0.0008,bclean_keep
86,ProviderNumber,10006,0.0000,bclean_keep
86,HospitalName,eliza coffee memorial hospital,0.0000,bclean_keep
86,Address1,205 marengo street,0.0000,bclean_keep
86,City,florence,0.0022,bclean_keep
86,State,al,0.5000,bclean_keep
86,ZipCode,35631,0.0000,bclean_keep
86,CountyName,lauderdale,0.0022,bclean_keep
86,PhoneNumber,2567688400,0.0000,bclean_keep
86,HospitalType,acute care hospitals,0.5000,bclean_keep
86,HospitalOwner,voluntary non-profit - other,0.0000,bclean_keep
86,EmergencyService,yes,0.5000,bclean_keep
86,Condition,pneumonia,0.0000,bclean_keep
86,MeasureCode,pn-7,0.0000,bclean_keep
86,MeasureName,pneumonia patients assessed and given influenza vaccination,0.0009,bclean_keep
86,Stateavg,al_pn-7,0.0007,bclean_keep
87,ProviderNumber,10006,0.0000,bclean_keep
87,HospitalName,eliza coffee memorial hospital,0.0000,bclean_keep
87,Address1,205 marengo street,0.0000,bclean_keep
87,City,florence,0.0023,bclean_keep
87,State,al,0.5000,bclean_keep
87,ZipCode,35631,0.0000,bclean_keep
87,CountyName,lauderdale,0.0022,bclean_keep
87,PhoneNumber,2567688400,0.0000,bclean_keep
87,HospitalType,acute care hospitals,0.5000,bclean_keep
87,HospitalOwner,voluntary non-profit - other,0.0000,bclean_keep
87,EmergencyService,yes,0.5000,bclean_keep
87,Condition,surgical infection prevention,0.0005,bclean_keep
87,MeasureCode,scip-card-2,0.0000,bclean_keep
87,MeasureName,surgery patients who were taking heart drugs called beta blockers before coming to the hospital who were kept on the beta blockers during the period just before and after their surgery,0.0008,bclean_keep
87,Stateavg,al_scip-card-2,0.0000,bclean_keep
88,ProviderNumber,10006,0.0000,bclean_keep
88,HospitalName,eliza coffee memorial hospital,0.0000,bclean_keep
88,Address1,205 marengo street,0.0000,bclean_keep
88,City,florence,0.0023,bclean_keep
88,State,al,0.5000,bclean_keep
88,ZipCode,35631,0.0000,bclean_keep
88,CountyName,lauderdale,0.0022,bclean_keep
88,PhoneNumber,2567688400,0.0000,bclean_keep
88,HospitalType,acute care hospitals,0.5000,bclean_keep
88,HospitalOwner,voluntary non-profit - other,0.0000,bclean_keep
88,EmergencyService,yes,0.5000,bclean_keep
88,Condition,surgical infection prevention,0.0000,bclean_keep
88,MeasureCode,scip-inf-1,0.0006,bclean_keep
88,MeasureName,surgery patients who were given an antibiotic at the right time (within one hour before surgery) to help prevent infection,0.0000,bclean_keep
88,Stateavg,al_scip-inf-1,0.0000,bclean_keep
89,ProviderNumber,10006,0.0000,bclean_keep
89,HospitalName,eliza coffee memorial hospital,0.0000,bclean_keep
89,Address1,205 marengo street,0.0000,bclean_keep
89,State,al,0.5000,bclean_keep
89,ZipCode,35631,0.0000,bclean_keep
89,CountyName,lauderdale,0.0022,bclean_keep
89,PhoneNumber,2567688400,0.0000,bclean_keep
89,HospitalType,acute care hospitals,0.5000,bclean_keep
89,HospitalOwner,voluntary non-profit - other,0.0000,bclean_keep
89,EmergencyService,yes,0.5000,bclean_keep
89,Condition,surgical infection prevention,0.0001,bclean_keep
89,MeasureCode,scip-inf-2,0.0008,bclean_keep
89,MeasureName,surgery patients who were given the  right kind  of antibiotic to help prevent infection,0.0000,bclean_keep
89,Stateavg,al_scip-inf-2,0.0034,bclean_keep
90,ProviderNumber,10006,0.0000,bclean_keep
90,HospitalName,eliza coffee memorial hospital,0.0000,bclean_keep
90,Address1,205 marengo street,0.0000,bclean_keep
90,City,florence,0.0023,bclean_keep
90,State,al,0.5000,bclean_keep
90,ZipCode,35631,0.0000,bclean_keep
90,CountyName,lauderdale,0.0022,bclean_keep
90,PhoneNumber,2567688400,0.0000,bclean_keep
90,HospitalType,acute care hospitals,0.5000,bclean_keep
90,HospitalOwner,voluntary non-profit - other,0.0000,bclean_keep
90,EmergencyService,yes,0.5000,bclean_keep
90,Condition,surgical infection prevention,0.0001,bclean_keep
90,MeasureCode,scip-inf-3,0.0007,bclean_keep
90,MeasureName,surgery patients whose preventive antibiotics were stopped at the right time (within 24 hours after surgery),0.0000,bclean_keep
90,Stateavg,al_scip-inf-3,0.0000,bclean_keep
91,ProviderNumber,10006,0.0000,bclean_keep
91,HospitalName,eliza coffee memorial hospital,0.0000,bclean_keep
91,Address1,205 marengo street,0.0000,bclean_keep
91,City,florence,0.0023,bclean_keep
91,State,al,0.5000,bclean_keep
91,ZipCode,35631,0.0000,bclean_keep
91,CountyName,lauderdale,0.0022,bclean_keep
91,PhoneNumber,2567688400,0.0000,bclean_keep
91,HospitalType,acute care hospitals,0.5000,bclean_keep
91,HospitalOwner,voluntary non-profit - other,0.0000,bclean_keep
91,EmergencyService,yes,0.5000,bclean_keep
91,Condition,surgical infection prevention,0.0001,bclean_keep
91,MeasureCode,scip-inf-4,0.0008,bclean_keep
91,MeasureName,all heart surgery patients whose blood sugar (blood glucose) is kept under good control in the days right after surgery,0.0011,bclean_keep
91,Stateavg,al_scip-inf-4,0.0000,bclean_keep
92,ProviderNumber,10006,0.0000,bclean_keep
92,HospitalName,eliza coffee memorial hospital,0.0000,bclean_keep
92,Address1,205 marengo street,0.0000,bclean_keep
92,City,florence,0.0023,bclean_keep
92,State,al,0.5000,bclean_keep
92,ZipCode,35631,0.0000,bclean_keep
92,CountyName,lauderdale,0.0022,bclean_keep
92,PhoneNumber,2567688400,0.0000,bclean_keep
92,HospitalType,acute care hospitals,0.5000,bclean_keep
92,HospitalOwner,voluntary non-profit - other,0.0000,bclean_keep
92,EmergencyService,yes,0.5000,bclean_keep
92,Condition,surgical infection prevention,0.0000,bclean_keep
92,MeasureCode,scip-inf-6,0.0000,bclean_keep
92,MeasureName,surgery patients needing hair removed from the surgical area before surgery who had hair removed using a safer method (electric clippers or hair removal cream c not a razor),0.0008,bclean_keep
92,Stateavg,al_scip-inf-6,0.0000,bclean_keep
93,ProviderNumber,10006,0.0000,bclean_keep
93,HospitalName,eliza coffee memorial hospital,0.0000,bclean_keep
93,Address1,205 marengo street,0.0000,bclean_keep
93,City,florence,0.0023,bclean_keep
93,State,al,0.5000,bclean_keep
93,ZipCode,35631,0.0000,bclean_keep
93,CountyName,lauderdale,0.0022,bclean_keep
93,PhoneNumber,2567688400,0.0000,bclean_keep
93,HospitalType,acute care hospitals,0.5000,bclean_keep
93,HospitalOwner,voluntary non-profit - other,0.0000,bclean_keep
93,EmergencyService,yes,0.5000,bclean_keep
93,Condition,surgical infection prevention,0.0000,bclean_keep
93,MeasureCode,scip-vte-1,0.0008,bclean_keep
93,MeasureName,surgery patients whose doctors ordered treatments to prevent blood clots after certain types of surgeries,0.0008,bclean_keep
93,Stateavg,al_scip-vte-1,0.0008,bclean_keep
94,ProviderNumber,10006,0.0000,bclean_keep
94,HospitalName,eliza coffee memorial hospital,0.0000,bclean_keep
94,Address1,205 marengo street,0.0000,bclean_keep
94,State,al,0.5000,bclean_keep
94,CountyName,lauderdale,0.0022,bclean_keep
94,PhoneNumber,2567688400,0.0000,bclean_keep
94,HospitalType,acute care hospitals,0.5000,bclean_keep
94,HospitalOwner,voluntary non-profit - other,0.0000,bclean_keep
94,EmergencyService,yes,0.5000,bclean_keep
94,Condition,surgical infection prevention,0.0001,bclean_keep
94,MeasureCode,scip-vte-2,0.0000,bclean_keep
94,MeasureName,patients who got treatment  at the right time (within 24 hours before or after their surgery) to help prevent blood clots after certain types of surgery,0.0000,bclean_keep
94,Stateavg,al_scip-vte-2,0.0008,bclean_keep
95,ProviderNumber,10007,0.0000,bclean_keep
95,HospitalName,mizell memorial hospital,0.0000,bclean_keep
95,City,opp,0.0000,bclean_keep
95,State,al,0.5000,bclean_keep
95,ZipCode,36467,0.0000,bclean_keep
95,CountyName,covington,0.0000,bclean_keep
95,PhoneNumber,3344933541,0.0000,bclean_keep
95,HospitalType,acute care hospitals,0.5000,bclean_keep
95,HospitalOwner,voluntary non-profit - private,0.0005,bclean_keep
95,EmergencyService,no,0.0000,bclean_keep
95,Condition,heart attack,0.0003,bclean_keep
95,MeasureCode,ami-1,0.0000,bclean_keep
95,Stateavg,al_ami-1,0.0011,bclean_keep
96,ProviderNumber,10007,0.0000,bclean_keep
96,HospitalName,mizell memorial hospital,0.0000,bclean_keep
96,Address1,702 n main st,0.0020,bclean_keep
96,City,opp,0.0000,bclean_keep
96,State,al,0.5000,bclean_keep
96,ZipCode,36467,0.0000,bclean_keep
96,CountyName,covington,0.0000,bclean_keep
96,PhoneNumber,3344933541,0.0000,bclean_keep
96,HospitalType,acute care hospitals,0.5000,bclean_keep
96,HospitalOwner,voluntary non-profit - private,0.0005,bclean_keep
96,EmergencyService,no,0.0000,bclean_keep
96,Condition,heart attack,0.0003,bclean_keep
96,MeasureCode,ami-2,0.0006,bclean_keep
96,MeasureName,heart attack patients given aspirin at discharge,0.0007,bclean_keep
96,Stateavg,al_ami-2,0.0007,bclean_keep
97,ProviderNumber,10007,0.0000,bclean_keep
97,HospitalName,mizell memorial hospital,0.0000,bclean_keep
97,Address1,702 n main st,0.0020,bclean_keep
97,City,opp,0.0000,bclean_keep
97,State,al,0.5000,bclean_keep
97,ZipCode,36467,0.0000,bclean_keep
97,CountyName,covington,0.0000,bclean_keep
97,PhoneNumber,3344933541,0.0000,bclean_keep
97,HospitalType,acute care hospitals,0.5000,bclean_keep
97,HospitalOwner,voluntary non-profit - private,0.0005,bclean_keep
97,EmergencyService,no,0.0000,bclean_keep
97,Condition,heart attack,0.0003,bclean_keep
97,MeasureCode,ami-3,0.0006,bclean_keep
97,MeasureName,heart attack patients given ace inhibitor or arb for left ventricular systolic dysfunction (lvsd),0.0006,bclean_keep
97,Stateavg,al_ami-3,0.0000,bclean_keep
98,ProviderNumber,10007,0.0000,bclean_keep
98,HospitalName,mizell memorial hospital,0.0000,bclean_keep
98,Address1,702 n main st,0.0020,bclean_keep
98,City,opp,0.0000,bclean_keep
98,State,al,0.5000,bclean_keep
98,ZipCode,36467,0.0000,bclean_keep
98,CountyName,covington,0.0000,bclean_keep
98,PhoneNumber,3344933541,0.0000,bclean_keep
98,HospitalType,acute care hospitals,0.5000,bclean_keep
98,HospitalOwner,voluntary non-profit - private,0.0005,bclean_keep
98,EmergencyService,no,0.0000,bclean_keep
98,Condition,heart attack,0.0003,bclean_keep
98,MeasureName,heart attack patients given smoking cessation advice/counseling,0.0000,bclean_keep
98,Stateavg,al_ami-4,0.0000,bclean_keep
99,ProviderNumber,10007,0.0000,bclean_keep
99,HospitalName,mizell memorial hospital,0.0000,bclean_keep
99,Address1,702 n main st,0.0020,bclean_keep
99,City,opp,0.0000,bclean_keep
99,ZipCode,36467,0.0000,bclean_keep
99,CountyName,covington,0.0000,bclean_keep
99,PhoneNumber,3344933541,0.0000,bclean_keep
99,HospitalType,acute care hosxitals,0.5000,bclean_keep
99,HospitalOwner,voluntary non-profit - private,0.0005,bclean_keep
99,EmergencyService,no,0.0000,bclean_keep
99,Condition,heart attack,0.0004,bclean_keep
99,MeasureCode,ami-5,0.0009,bclean_keep
99,MeasureName,heart attack patients given beta blocker at discharge,0.0008,bclean_keep
99,Stateavg,al_ami-5,0.0007,bclean_keep
100,ProviderNumber,10007,0.0000,bclean_keep
100,HospitalName,mizell memorial hospital,0.0000,bclean_keep
100,Address1,702 n main st,0.0020,bclean_keep
100,City,opp,0.0000,bclean_keep
100,State,al,0.5000,bclean_keep
100,ZipCode,36467,0.0000,bclean_keep
100,CountyName,covington,0.0000,bclean_keep
100,PhoneNumber,3344933541,0.0000,bclean_keep
100,HospitalType,acute care hospitals,0.5000,bclean_keep
100,HospitalOwner,voluntary non-profit - private,0.0005,bclean_keep
100,EmergencyService,no,0.0000,bclean_keep
100,Condition,heart attack,0.0001,bclean_keep
100,MeasureCode,ami-7a,0.0000,bclean_keep
100,MeasureName,heart attack patients given fibrinolytic medication within 30 minutes of arrival,0.0000,bclean_keep
100,Stateavg,al_ami-7a,0.0009,bclean_keep
101,ProviderNumber,10007,0.0000,bclean_keep
101,HospitalName,mizell memorial hospital,0.0000,bclean_keep
101,Address1,702 n main st,0.0020,bclean_keep
101,City,opp,0.0000,bclean_keep
101,State,al,0.5000,bclean_keep
101,ZipCode,36467,0.0000,bclean_keep
101,CountyName,covington,0.0000,bclean_keep
101,PhoneNumber,3344933541,0.0000,bclean_keep
101,HospitalType,acute care hospitals,0.5000,bclean_keep
101,HospitalOwner,voluntary non-profit - private,0.0005,bclean_keep
101,EmergencyService,no,0.0000,bclean_keep
101,Condition,heart attack,0.0003,bclean_keep
101,MeasureCode,ami-8a,0.0000,bclean_keep
101,MeasureName,heart attack patients given pci within 90 minutes of arrival,0.0007,bclean_keep
101,Stateavg,al_ami-8a,0.0007,bclean_keep
102,ProviderNumber,10007,0.0000,bclean_keep
102,HospitalName,mizell memorial hospital,0.0000,bclean_keep
102,Address1,702 n main st,0.0019,bclean_keep
102,City,opp,0.0000,bclean_keep
102,State,al,0.5000,bclean_keep
102,ZipCode,36467,0.0000,bclean_keep
102,CountyName,covington,0.0000,bclean_keep
102,HospitalType,acute care hospitals,0.5000,bclean_keep
102,HospitalOwner,voluntary non-profit - private,0.0005,bclean_keep
102,EmergencyService,no,0.0000,bclean_keep
102,Condition,heart failure,0.0004,bclean_keep
102,MeasureName,heart failure patients given discharge instructions,0.0008,bclean_keep
102,Stateavg,al_hf-1,0.0000,bclean_keep
103,ProviderNumber,10007,0.0000,bclean_keep
103,HospitalName,mizell memorial hospital,0.0000,bclean_keep
103,Address1,702 n main st,0.0019,bclean_keep
103,City,opp,0.0000,bclean_keep
103,State,al,0.5000,bclean_keep
103,ZipCode,36467,0.0000,bclean_keep
103,CountyName,covington,0.0000,bclean_keep
103,PhoneNumber,3344933541,0.0000,bclean_keep
103,HospitalType,acute care hospitals,0.5000,bclean_keep
103,HospitalOwner,voluntary non-profit - private,0.0005,bclean_keep
103,EmergencyService,no,0.0000,bclean_keep
103,Condition,heart failure,0.0002,bclean_keep
103,MeasureCode,hf-2,0.0009,bclean_keep
103,MeasureName,heart failure patients given an evaluation of left ventricular systolic (lvs) function,0.0007,bclean_keep
103,Stateavg,al_hf-2,0.0007,bclean_keep
104,ProviderNumber,10007,0.0000,bclean_keep
104,HospitalName,mizell memorial hospital,0.0000,bclean_keep
104,Address1,702 n main st,0.0019,bclean_keep
104,City,opp,0.0000,bclean_keep
104,State,al,0.5000,bclean_keep
104,ZipCode,36467,0.0000,bclean_keep
104,CountyName,covington,0.0000,bclean_keep
104,PhoneNumber,3344933541,0.0000,bclean_keep
104,HospitalType,acute care hospitals,0.5000,bclean_keep
104,HospitalOwner,voluntary non-profit - private,0.0005,bclean_keep
104,EmergencyService,no,0.0000,bclean_keep
104,Condition,heart failure,0.0003,bclean_keep
104,MeasureCode,hf-3,0.0000,bclean_keep
104,MeasureName,heart failure patients given ace inhibitor or arb for left ventricular systolic dysfunction (lvsd),0.0008,bclean_keep
104,Stateavg,al_hf-3,0.0000,bclean_keep
105,ProviderNumber,10007,0.0000,bclean_keep
105,HospitalName,mizell memorial hospital,0.0000,bclean_keep
105,Address1,702 n main st,0.0019,bclean_keep
105,City,opp,0.0000,bclean_keep
105,State,al,0.5000,bclean_keep
105,ZipCode,36467,0.0000,bclean_keep
105,CountyName,covington,0.0000,bclean_keep
105,PhoneNumber,3344933541,0.0000,bclean_keep
105,HospitalType,acute care hospitals,0.5000,bclean_keep
105,HospitalOwner,voluntary non-profit - private,0.0005,bclean_keep
105,EmergencyService,no,0.0000,bclean_keep
105,Condition,heart failure,0.0002,bclean_keep
105,MeasureCode,hf-4,0.0006,bclean_keep
105,MeasureName,heart failure patients given smoking cessation advice/counseling,0.0008,bclean_keep
105,Stateavg,al_hf-4,0.0007,bclean_keep
106,ProviderNumber,10007,0.0000,bclean_keep
106,HospitalName,mizell memorial hospital,0.0000,bclean_keep
106,Address1,702 n main st,0.0020,bclean_keep
106,City,opp,0.0000,bclean_keep
106,State,al,0.5000,bclean_keep
106,ZipCode,36467,0.0000,bclean_keep
106,CountyName,covington,0.0000,bclean_keep
106,PhoneNumber,3344933541,0.0000,bclean_keep
106,HospitalType,acute care hospitals,0.5000,bclean_keep
106,HospitalOwner,voluntary non-profit - private,0.0005,bclean_keep
106,EmergencyService,no,0.0000,bclean_keep
106,Condition,pneumonia,0.0000,bclean_keep
106,MeasureCode,pn-2,0.0006,bclean_keep
106,MeasureName,pneumonia patients assessed and given pneumococcal vaccination,0.0000,bclean_keep
106,Stateavg,al_pn-2,0.0007,bclean_keep
107,ProviderNumber,10007,0.0000,bclean_keep
107,HospitalName,mizell memorial hospital,0.0000,bclean_keep
107,City,opp,0.0000,bclean_keep
107,State,al,0.5000,bclean_keep
107,ZipCode,36467,0.0000,bclean_keep
107,CountyName,covington,0.0000,bclean_keep
107,PhoneNumber,3344933541,0.0000,bclean_keep
107,HospitalType,acute care hospitals,0.5000,bclean_keep
107,HospitalOwner,voluntary non-profit - private,0.0005,bclean_keep
107,EmergencyService,no,0.0000,bclean_keep
107,Condition,pneumonia,0.0002,bclean_keep
107,MeasureCode,pn-3b,0.0006,bclean_keep
107,MeasureName,pneumonia patients whose initial emergency room blood culture was performed prior to the administration of the first hospital dose of antibiotics,0.0007,bclean_keep
107,Stateavg,al_pn-3b,0.0007,bclean_keep
108,ProviderNumber,10007,0.0000,bclean_keep
108,HospitalName,mizell memorial hospital,0.0000,bclean_keep
108,Address1,702 n main st,0.0020,bclean_keep
108,City,opp,0.0000,bclean_keep
108,State,al,0.5000,bclean_keep
108,ZipCode,36467,0.0000,bclean_keep
108,CountyName,covington,0.0000,bclean_keep
108,PhoneNumber,3344933541,0.0000,bclean_keep
108,HospitalType,acute care hospitals,0.5000,bclean_keep
108,HospitalOwner,voluntary non-profit - private,0.0005,bclean_keep
108,EmergencyService,no,0.0000,bclean_keep
108,Condition,pneumonia,0.0003,bclean_keep
108,MeasureCode,pn-4,0.0026,bclean_keep
108,MeasureName,pneumonia patients given smoking cessation advice/counseling,0.0000,bclean_keep
108,Stateavg,al_pn-4,0.0000,bclean_keep
109,ProviderNumber,10007,0.0000,bclean_keep
109,HospitalName,mizell memorial hospital,0.0000,bclean_keep
109,Address1,702 n main st,0.0020,bclean_keep
109,City,opp,0.0000,bclean_keep
109,State,al,0.5000,bclean_keep
109,ZipCode,36467,0.0000,bclean_keep
109,CountyName,covington,0.0000,bclean_keep
109,PhoneNumber,3344933541,0.0000,bclean_keep
109,HospitalType,acute care hospitals,0.5000,bclean_keep
109,HospitalOwner,voluntary non-profit - private,0.0005,bclean_keep
109,EmergencyService,no,0.0000,bclean_keep
109,Condition,pneumonia,0.0002,bclean_keep
109,MeasureName,pneumonia patients given initial antibiotic(s) within 6 hours after arrival,0.0008,bclean_keep
109,Stateavg,al_pn-5c,0.0008,bclean_keep
110,ProviderNumber,10007,0.0000,bclean_keep
110,HospitalName,mizell memorial hospital,0.0000,bclean_keep
110,Address1,702 n main st,0.0020,bclean_keep
110,City,opp,0.0000,bclean_keep
110,State,al,0.5000,bclean_keep
110,ZipCode,36467,0.0000,bclean_keep
110,CountyName,covington,0.0000,bclean_keep
110,PhoneNumber,3344933541,0.0000,bclean_keep
110,HospitalType,acute care hospitals,0.5000,bclean_keep
110,HospitalOwner,voluntary non-profit - private,0.0005,bclean_keep
110,EmergencyService,no,0.0000,bclean_keep
110,Condition,pneumonia,0.0002,bclean_keep
110,MeasureCode,pn-6,0.0000,bclean_keep
110,MeasureName,pneumonia patients given the most appropriate initial antibiotic(s),0.0009,bclean_keep
110,Stateavg,al_pn-6,0.0007,bclean_keep
111,ProviderNumber,10007,0.0000,bclean_keep
111,HospitalName,mizell memorial hospital,0.0000,bclean_keep
111,Address1,702 n main st,0.0020,bclean_keep
111,City,opp,0.0000,bclean_keep
111,State,al,0.5000,bclean_keep
111,ZipCode,36467,0.0000,bclean_keep
111,CountyName,covington,0.0000,bclean_keep
111,PhoneNumber,3344933541,0.0000,bclean_keep
111,HospitalType,acute care hospitals,0.5000,bclean_keep
111,HospitalOwner,voluntary non-profit - private,0.0005,bclean_keep
111,EmergencyService,no,0.0000,bclean_keep
111,Condition,pneumonia,0.0000,bclean_keep
111,MeasureCode,pn-7,0.0000,bclean_keep
111,MeasureName,pneumonia patients assessed and given influenza vaccination,0.0009,bclean_keep
111,Stateavg,al_pn-7,0.0007,bclean_keep
112,ProviderNumber,10007,0.0000,bclean_keep
112,HospitalName,mizell memorial hospital,0.0000,bclean_keep
112,Address1,702 n main st,0.0019,bclean_keep
112,City,opp,0.0000,bclean_keep
112,State,al,0.5000,bclean_keep
112,ZipCode,36467,0.0000,bclean_keep
112,CountyName,covington,0.0000,bclean_keep
112,PhoneNumber,3344933541,0.0000,bclean_keep
112,HospitalType,acute care hospitals,0.5000,bclean_keep
112,HospitalOwner,voluntary non-profit - private,0.0005,bclean_keep
112,EmergencyService,no,0.0000,bclean_keep
112,Condition,surgical infection prevention,0.0005,bclean_keep
112,MeasureCode,scip-card-2,0.0000,bclean_keep
112,Stateavg,al_scip-card-2,0.0000,bclean_keep
113,ProviderNumber,10007,0.0000,bclean_keep
113,HospitalName,mizell memorial hospital,0.0000,bclean_keep
113,Address1,702 n main st,0.0019,bclean_keep
113,City,opp,0.0000,bclean_keep
113,State,al,0.5000,bclean_keep
113,ZipCode,36467,0.0000,bclean_keep
113,CountyName,covington,0.0000,bclean_keep
113,PhoneNumber,3344933541,0.0000,bclean_keep
113,HospitalType,acute care hospitals,0.5000,bclean_keep
113,HospitalOwner,voluntary non-profit - private,0.0005,bclean_keep
113,EmergencyService,no,0.0000,bclean_keep
113,Condition,surgical infection prevention,0.0000,bclean_keep
113,MeasureCode,scip-inf-1,0.0008,bclean_keep
113,MeasureName,surgery patients who were given an antibiotic at the right time (within one hour before surgery) to help prevent infection,0.0000,bclean_keep
113,Stateavg,al_scip-inf-1,0.0000,bclean_keep
114,ProviderNumber,10007,0.0000,bclean_keep
114,HospitalName,mizell memorial hospital,0.0000,bclean_keep
114,Address1,702 n main st,0.0019,bclean_keep
114,City,opp,0.0000,bclean_keep
114,State,al,0.5000,bclean_keep
114,ZipCode,36467,0.0000,bclean_keep
114,CountyName,covington,0.0000,bclean_keep
114,PhoneNumber,3344933541,0.0000,bclean_keep
114,HospitalType,acute care hospitals,0.5000,bclean_keep
114,EmergencyService,no,0.0000,bclean_keep
114,Condition,surgical infection prevention,0.0001,bclean_keep
114,MeasureCode,scip-inf-2,0.0007,bclean_keep
114,MeasureName,surgery patients who were given the  right kind  of antibiotic to help prevent infection,0.0000,bclean_keep
114,Stateavg,al_scip-inf-2,0.0033,bclean_keep
115,ProviderNumber,10007,0.0000,bclean_keep
115,HospitalName,mizell memorial hospital,0.0000,bclean_keep
115,Address1,702 n main st,0.0019,bclean_keep
115,City,opp,0.0000,bclean_keep
115,State,al,0.5000,bclean_keep
115,ZipCode,36467,0.0000,bclean_keep
115,CountyName,covington,0.0000,bclean_keep
115,PhoneNumber,3344933541,0.0000,bclean_keep
115,HospitalType,acute care hospitals,0.5000,bclean_keep
115,HospitalOwner,voluntary non-profit - private,0.0005,bclean_keep
115,EmergencyService,no,0.0000,bclean_keep
115,Condition,surgical infection prevention,0.0001,bclean_keep
115,MeasureCode,scip-inf-3,0.0007,bclean_keep
115,MeasureName,surgery patients whose preventive antibiotics were stopped at the right time (within 24 hours after surgery),0.0000,bclean_keep
115,Stateavg,al_scip-inf-3,0.0000,bclean_keep
116,ProviderNumber,10007,0.0000,bclean_keep
116,HospitalName,mizell memorial hospital,0.0000,bclean_keep
116,Address1,702 n main st,0.0019,bclean_keep
116,City,opp,0.0000,bclean_keep
116,State,al,0.5000,bclean_keep
116,ZipCode,36467,0.0000,bclean_keep
116,CountyName,covington,0.0000,bclean_keep
116,PhoneNumber,3344933541,0.0000,bclean_keep
116,HospitalType,acute care hospitals,0.5000,bclean_keep
116,HospitalOwner,voluntary non-profit - private,0.0005,bclean_keep
116,EmergencyService,no,0.0000,bclean_keep
116,Condition,surgical infection prevention,0.0002,bclean_keep
116,MeasureCode,scip-inf-4,0.0008,bclean_keep
116,MeasureName,all heart surgery patients whose blood sugar (blood glucose) is kept under good control in the days right after surgery,0.0010,bclean_keep
116,Stateavg,al_scip-inf-4,0.0000,bclean_keep
117,ProviderNumber,10007,0.0000,bclean_keep
117,HospitalName,mizell memorial hospital,0.0000,bclean_keep
117,Address1,702 n main st,0.0019,bclean_keep
117,City,opp,0.0000,bclean_keep
117,State,al,0.5000,bclean_keep
117,ZipCode,36467,0.0000,bclean_keep
117,CountyName,covington,0.0000,bclean_keep
117,PhoneNumber,3344933541,0.0000,bclean_keep
117,HospitalType,acute care hospitals,0.5000,bclean_keep
117,HospitalOwner,voluntary non-profit - private,0.0005,bclean_keep
117,EmergencyService,no,0.0000,bclean_keep
117,Condition,surgical infection prevention,0.0000,bclean_keep
117,MeasureCode,scip-inf-6,0.0000,bclean_keep
117,MeasureName,surgery patients needing hair removed from the surgical area before surgery who had hair removed using a safer method (electric clippers or hair removal cream c not a razor),0.0010,bclean_keep
117,Stateavg,al_scip-inf-6,0.0000,bclean_keep
118,ProviderNumber,10007,0.0000,bclean_keep
118,HospitalName,mizell memorial hospital,0.0000,bclean_keep
118,Address1,702 n main st,0.0019,bclean_keep
118,City,opp,0.0000,bclean_keep
118,State,al,0.5000,bclean_keep
118,ZipCode,36467,0.0000,bclean_keep
118,CountyName,covington,0.0000,bclean_keep
118,PhoneNumber,3344933541,0.0000,bclean_keep
118,HospitalType,acute care hospitals,0.5000,bclean_keep
118,HospitalOwner,voluntary non-profit - private,0.0005,bclean_keep
118,EmergencyService,no,0.0000,bclean_keep
118,Condition,surgical infection prevention,0.0000,bclean_keep
118,MeasureCode,scip-vte-1,0.0007,bclean_keep
118,MeasureName,surgery patients whose doctors ordered treatments to prevent blood clots after certain types of surgeries,0.0008,bclean_keep
118,Stateavg,al_scip-vte-1,0.0010,bclean_keep
119,ProviderNumber,10007,0.0000,bclean_keep
119,HospitalName,mizell memorial hospital,0.0000,bclean_keep
119,Address1,702 n main st,0.0019,bclean_keep
119,City,opp,0.0000,bclean_keep
119,State,al,0.5000,bclean_keep
119,ZipCode,36467,0.0000,bclean_keep
119,CountyName,covington,0.0000,bclean_keep
119,PhoneNumber,3344933541,0.0000,bclean_keep
119,HospitalType,acute care hospitals,0.5000,bclean_keep
119,HospitalOwner,voluntary non-profit - private,0.0005,bclean_keep
119,EmergencyService,no,0.0000,bclean_keep
119,Condition,surgical infection prevention,0.0001,bclean_keep
119,MeasureCode,scip-vte-2,0.0000,bclean_keep
119,MeasureName,patients who got treatment  at the right time (within 24 hours before or after their surgery) to help prevent blood clots after certain types of surgery,0.0000,bclean_keep
119,Stateavg,al_scip-vte-2,0.0008,bclean_keep
120,ProviderNumber,10008,0.0000,bclean_keep
120,HospitalName,crenshaw community hospital,0.0014,bclean_keep
120,Address1,101 hospital circle,0.0000,bclean_keep
120,City,luverne,0.0000,bclean_keep
120,ZipCode,36049,0.0000,bclean_keep
120,CountyName,crenshaw,0.0018,bclean_keep
120,PhoneNumber,3343353374,0.0000,bclean_keep
120,HospitalType,acute care hospitals,0.5000,bclean_keep
120,HospitalOwner,government - federal,0.0000,bclean_keep
120,EmergencyService,yes,0.5000,bclean_keep
120,Condition,heart attack,0.0003,bclean_keep
120,MeasureCode,ami-1,0.0000,bclean_keep
120,Stateavg,al_ami-1,0.0011,bclean_keep
121,ProviderNumber,10008,0.0000,bclean_keep
121,HospitalName,crenshaw community hospital,0.0014,bclean_keep
121,Address1,101 hospital circle,0.0000,bclean_keep
121,City,luverne,0.0000,bclean_keep
121,State,al,0.5000,bclean_keep
121,ZipCode,36049,0.0000,bclean_keep
121,CountyName,crenshaw,0.0018,bclean_keep
121,PhoneNumber,3343353374,0.0000,bclean_keep
121,HospitalType,acute care hospitals,0.5000,bclean_keep
121,HospitalOwner,government - federal,0.0000,bclean_keep
121,EmergencyService,yes,0.5000,bclean_keep
121,Condition,heart attack,0.0003,bclean_keep
121,MeasureName,heart attack patients given aspirin at discharge,0.0007,bclean_keep
121,Stateavg,al_ami-2,0.0008,bclean_keep
122,ProviderNumber,10008,0.0000,bclean_keep
122,HospitalName,crenshaw community hospital,0.0014,bclean_keep
122,Address1,101 hospital circle,0.0000,bclean_keep
122,City,luverne,0.0000,bclean_keep
122,State,al,0.5000,bclean_keep
122,ZipCode,36049,0.0000,bclean_keep
122,CountyName,crenshaw,0.0018,bclean_keep
122,PhoneNumber,3343353374,0.0000,bclean_keep
122,HospitalType,acute care hospitals,0.5000,bclean_keep
122,HospitalOwner,government - federal,0.0000,bclean_keep
122,EmergencyService,yes,0.5000,bclean_keep
122,Condition,heart attack,0.0003,bclean_keep
122,MeasureCode,ami-3,0.0006,bclean_keep
122,MeasureName,heart attack patients given ace inhibitor or arb for left ventricular systolic dysfunction (lvsd),0.0006,bclean_keep
122,Stateavg,al_ami-3,0.0000,bclean_keep
123,ProviderNumber,10008,0.0000,bclean_keep
123,HospitalName,crenshaw community hospital,0.0014,bclean_keep
123,Address1,101 hospital circle,0.0000,bclean_keep
123,City,luverne,0.0000,bclean_keep
123,State,al,0.5000,bclean_keep
123,ZipCode,36049,0.0000,bclean_keep
123,CountyName,crenshaw,0.0018,bclean_keep
123,PhoneNumber,3343353374,0.0000,bclean_keep
123,HospitalType,acute care hospitals,0.5000,bclean_keep
123,HospitalOwner,government - federal,0.0000,bclean_keep
123,EmergencyService,yes,0.5000,bclean_keep
123,Condition,heart attack,0.0003,bclean_keep
123,MeasureCode,ami-4,0.0005,bclean_keep
123,MeasureName,heart attack patients given smoking cessation advice/counseling,0.0000,bclean_keep
123,Stateavg,al_ami-4,0.0000,bclean_keep
124,ProviderNumber,10008,0.0000,bclean_keep
124,HospitalName,crenshaw community hospital,0.0014,bclean_keep
124,Address1,101 hospital circle,0.0000,bclean_keep
124,City,luverne,0.0000,bclean_keep
124,State,al,0.5000,bclean_keep
124,ZipCode,36049,0.0000,bclean_keep
124,CountyName,crenshaw,0.0018,bclean_keep
124,PhoneNumber,3343353374,0.0000,bclean_keep
124,HospitalType,acute care hospitals,0.5000,bclean_keep
124,HospitalOwner,government - federal,0.0000,bclean_keep
124,EmergencyService,yes,0.5000,bclean_keep
124,Condition,heart attack,0.0003,bclean_keep
124,MeasureCode,ami-5,0.0007,bclean_keep
124,MeasureName,heart attack patients given beta blocker at discharge,0.0007,bclean_keep
124,Stateavg,al_ami-5,0.0008,bclean_keep
125,ProviderNumber,10008,0.0000,bclean_keep
125,HospitalName,crenshaw community hospital,0.0014,bclean_keep
125,Address1,101 hospital circle,0.0000,bclean_keep
125,City,luverne,0.0000,bclean_keep
125,State,al,0.5000,bclean_keep
125,ZipCode,36049,0.0000,bclean_keep
125,CountyName,crenshaw,0.0018,bclean_keep
125,PhoneNumber,3343353374,0.0000,bclean_keep
125,HospitalType,acute care hospitals,0.5000,bclean_keep
125,HospitalOwner,government - federal,0.0000,bclean_keep
125,EmergencyService,yes,0.5000,bclean_keep
125,Condition,heart attack,0.0001,bclean_keep
125,MeasureCode,ami-7a,0.0000,bclean_keep
125,MeasureName,heart attack patients given fibrinolytic medication within 30 minutes of arrival,0.0000,bclean_keep
125,Stateavg,al_ami-7a,0.0008,bclean_keep
126,ProviderNumber,10008,0.0000,bclean_keep
126,HospitalName,crenshaw community hospital,0.0014,bclean_keep
126,Address1,101 hospital circle,0.0000,bclean_keep
126,City,luverne,0.0000,bclean_keep
126,State,al,0.5000,bclean_keep
126,ZipCode,36049,0.0000,bclean_keep
126,CountyName,crenshaw,0.0018,bclean_keep
126,PhoneNumber,3343353374,0.0000,bclean_keep
126,HospitalType,acute care hospitals,0.5000,bclean_keep
126,HospitalOwner,government - federal,0.0000,bclean_keep
126,EmergencyService,yes,0.5000,bclean_keep
126,Condition,heart attack,0.0003,bclean_keep
126,MeasureCode,ami-8a,0.0000,bclean_keep
126,MeasureName,heart attack patients given pci within 90 minutes of arrival,0.0007,bclean_keep
126,Stateavg,al_ami-8a,0.0008,bclean_keep
127,ProviderNumber,10008,0.0000,bclean_keep
127,HospitalName,crenshaw community hospital,0.0014,bclean_keep
127,Address1,101 hospital circle,0.0000,bclean_keep
127,City,luverne,0.0000,bclean_keep
127,State,al,0.5000,bclean_keep
127,ZipCode,36049,0.0000,bclean_keep
127,CountyName,crenshaw,0.0018,bclean_keep
127,PhoneNumber,3343353374,0.0000,bclean_keep
127,HospitalType,acute care hospitals,0.5000,bclean_keep
127,HospitalOwner,government - federal,0.0000,bclean_keep
127,EmergencyService,yes,0.5000,bclean_keep
127,Condition,heart failure,0.0004,bclean_keep
127,MeasureCode,hf-1,0.0028,bclean_keep
127,MeasureName,heart failure patients given discharge instructions,0.0008,bclean_keep
127,Stateavg,al_hf-1,0.0000,bclean_keep
128,ProviderNumber,10008,0.0000,bclean_keep
128,HospitalName,crenshaw community hospital,0.0014,bclean_keep
128,Address1,101 hospital circle,0.0000,bclean_keep
128,City,luverne,0.0000,bclean_keep
128,State,al,0.5000,bclean_keep
128,ZipCode,36049,0.0000,bclean_keep
128,CountyName,crenshaw,0.0018,bclean_keep
128,PhoneNumber,3343353374,0.0000,bclean_keep
128,HospitalType,acute care hospitals,0.5000,bclean_keep
128,HospitalOwner,government - federal,0.0000,bclean_keep
128,EmergencyService,yes,0.5000,bclean_keep
128,MeasureCode,hf-2,0.0000,bclean_keep
128,MeasureName,heart failure patients given an evaluation of left ventricular systolic (lvs) function,0.0007,bclean_keep
128,Stateavg,al_hf-2,0.0007,bclean_keep
129,ProviderNumber,10008,0.0000,bclean_keep
129,HospitalName,crenshaw community hospital,0.0014,bclean_keep
129,Address1,101 hospital circle,0.0000,bclean_keep
129,City,luverne,0.0000,bclean_keep
129,State,al,0.5000,bclean_keep
129,ZipCode,36049,0.0000,bclean_keep
129,CountyName,crenshaw,0.0018,bclean_keep
129,PhoneNumber,3343353374,0.0000,bclean_keep
129,HospitalType,acute care hospitals,0.5000,bclean_keep
129,HospitalOwner,government - federal,0.0000,bclean_keep
129,EmergencyService,yes,0.5000,bclean_keep
129,Condition,heart failure,0.0003,bclean_keep
129,MeasureCode,hf-3,0.0000,bclean_keep
129,MeasureName,heart failure patients given ace inhibitor or arb for left ventricular systolic dysfunction (lvsd),0.0007,bclean_keep
129,Stateavg,al_hf-3,0.0000,bclean_keep
130,ProviderNumber,10008,0.0000,bclean_keep
130,HospitalName,crenshaw community hospital,0.0014,bclean_keep
130,Address1,101 hospital circle,0.0000,bclean_keep
130,City,luverne,0.0000,bclean_keep
130,State,al,0.5000,bclean_keep
130,ZipCode,36049,0.0000,bclean_keep
130,CountyName,crenshaw,0.0018,bclean_keep
130,PhoneNumber,3343353374,0.0000,bclean_keep
130,HospitalType,acute care hospitals,0.5000,bclean_keep
130,HospitalOwner,government - federal,0.0000,bclean_keep
130,EmergencyService,yes,0.5000,bclean_keep
130,Condition,heart failure,0.0002,bclean_keep
130,MeasureCode,hf-4,0.0007,bclean_keep
130,MeasureName,heart failure patients given smoking cessation advice/counseling,0.0008,bclean_keep
130,Stateavg,al_hf-4,0.0007,bclean_keep
131,ProviderNumber,10008,0.0000,bclean_keep
131,HospitalName,crenshaw community hospital,0.0016,bclean_keep
131,Address1,101 hospital circle,0.0000,bclean_keep
131,City,luverne,0.0000,bclean_keep
131,State,al,0.5000,bclean_keep
131,ZipCode,36049,0.0000,bclean_keep
131,CountyName,crenshaw,0.0018,bclean_keep
131,PhoneNumber,3343353374,0.0000,bclean_keep
131,HospitalType,acute care hospitals,0.5000,bclean_keep
131,HospitalOwner,government - federal,0.0000,bclean_keep
131,EmergencyService,yes,0.5000,bclean_keep
131,Condition,pneumonia,0.0000,bclean_keep
131,MeasureCode,pn-2,0.0006,bclean_keep
131,MeasureName,pneumonia patients assessed and given pneumococcal vaccination,0.0000,bclean_keep
131,Stateavg,al_pn-2,0.0008,bclean_keep
132,ProviderNumber,10008,0.0000,bclean_keep
132,Address1,101 hospital circle,0.0000,bclean_keep
132,City,luverne,0.0000,bclean_keep
132,State,al,0.5000,bclean_keep
132,ZipCode,36049,0.0000,bclean_keep
132,CountyName,crenshaw,0.0018,bclean_keep
132,PhoneNumber,3343353374,0.0000,bclean_keep
132,HospitalType,acute care hospitals,0.5000,bclean_keep
132,HospitalOwner,government - federal,0.0000,bclean_keep
132,EmergencyService,yes,0.5000,bclean_keep
132,Condition,pneumonia,0.0003,bclean_keep
132,MeasureCode,pn-3b,0.0007,bclean_keep
132,MeasureName,pneumonia patients whose initial emergency room blood culture was performed prior to the administration of the first hospital dose of antibiotics,0.0007,bclean_keep
132,Stateavg,al_pn-3b,0.0008,bclean_keep
133,ProviderNumber,10008,0.0000,bclean_keep
133,HospitalName,crenshaw community hospital,0.0016,bclean_keep
133,Address1,101 hospital circle,0.0000,bclean_keep
133,City,luverne,0.0000,bclean_keep
133,State,al,0.5000,bclean_keep
133,ZipCode,36049,0.0000,bclean_keep
133,CountyName,crenshaw,0.0018,bclean_keep
133,PhoneNumber,3343353374,0.0000,bclean_keep
133,HospitalType,acute care hospitals,0.5000,bclean_keep
133,HospitalOwner,government - federal,0.0000,bclean_keep
133,EmergencyService,yes,0.5000,bclean_keep
133,Condition,pneumonia,0.0003,bclean_keep
133,MeasureCode,pn-4,0.0028,bclean_keep
133,MeasureName,pneumonia patients given smoking cessation advice/counseling,0.0000,bclean_keep
133,Stateavg,al_pn-4,0.0000,bclean_keep
134,ProviderNumber,10008,0.0000,bclean_keep
134,HospitalName,crenshaw community hospital,0.0016,bclean_keep
134,Address1,101 hospital circle,0.0000,bclean_keep
134,City,luverne,0.0000,bclean_keep
134,State,al,0.5000,bclean_keep
134,ZipCode,36049,0.0000,bclean_keep
134,CountyName,crenshaw,0.0018,bclean_keep
134,PhoneNumber,3343353374,0.0000,bclean_keep
134,HospitalType,acute care hospitals,0.5000,bclean_keep
134,HospitalOwner,government - federal,0.0000,bclean_keep
134,EmergencyService,yes,0.5000,bclean_keep
134,Condition,pneumonia,0.0001,bclean_keep
134,MeasureCode,pn-5c,0.0007,bclean_keep
134,MeasureName,pneumonia patients given initial antibiotic(s) within 6 hours after arrival,0.0008,bclean_keep
134,Stateavg,al_pn-5c,0.0007,bclean_keep
135,ProviderNumber,10008,0.0000,bclean_keep
135,HospitalName,crenshaw community hospital,0.0016,bclean_keep
135,Address1,101 hospital circle,0.0000,bclean_keep
135,City,luverne,0.0000,bclean_keep
135,State,al,0.5000,bclean_keep
135,ZipCode,36049,0.0000,bclean_keep
135,CountyName,crenshaw,0.0018,bclean_keep
135,PhoneNumber,3343353374,0.0000,bclean_keep
135,HospitalType,acute care hospitals,0.5000,bclean_keep
135,HospitalOwner,government - federal,0.0000,bclean_keep
135,EmergencyService,yes,0.5000,bclean_keep
135,Condition,pneumonia,0.0002,bclean_keep
135,MeasureCode,pn-6,0.0000,bclean_keep
135,MeasureName,pneumonia patients given the most appropriate initial antibiotic(s),0.0006,bclean_keep
135,Stateavg,al_pn-6,0.0008,bclean_keep
136,ProviderNumber,10008,0.0000,bclean_keep
136,HospitalName,crenshaw community hospital,0.0016,bclean_keep
136,Address1,101 hospital circle,0.0000,bclean_keep
136,City,luverne,0.0000,bclean_keep
136,State,al,0.5000,bclean_keep
136,ZipCode,36049,0.0000,bclean_keep
136,CountyName,crenshaw,0.0018,bclean_keep
136,PhoneNumber,3343353374,0.0000,bclean_keep
136,HospitalType,acute care hospitals,0.5000,bclean_keep
136,HospitalOwner,government - federal,0.0000,bclean_keep
136,EmergencyService,yes,0.5000,bclean_keep
136,Condition,pneumonia,0.0000,bclean_keep
136,MeasureCode,pn-7,0.0000,bclean_keep
136,MeasureName,pneumonia patients assessed and given influenza vaccination,0.0008,bclean_keep
136,Stateavg,al_pn-7,0.0008,bclean_keep
137,ProviderNumber,10008,0.0000,bclean_keep
137,HospitalName,crenshaw community hospital,0.0014,bclean_keep
137,Address1,101 hospital circle,0.0000,bclean_keep
137,City,luverne,0.0000,bclean_keep
137,State,al,0.5000,bclean_keep
137,ZipCode,36049,0.0000,bclean_keep
137,PhoneNumber,3343353374,0.0000,bclean_keep
137,HospitalType,acute care hospitals,0.5000,bclean_keep
137,HospitalOwner,government - federal,0.0000,bclean_keep
137,EmergencyService,yes,0.5000,bclean_keep
137,Condition,surgical infection prevention,0.0005,bclean_keep
137,MeasureCode,scip-card-2,0.0000,bclean_keep
137,MeasureName,surgery patients who were taking heart drugs called beta blockers before coming to the hospital who were kept on the beta blockers during the period just before and after their surgery,0.0008,bclean_keep
137,Stateavg,al_scip-card-2,0.0000,bclean_keep
138,ProviderNumber,10008,0.0000,bclean_keep
138,HospitalName,crenshaw community hospital,0.0000,bclean_keep
138,Address1,101 hospital circle,0.0000,bclean_keep
138,City,luverne,0.0000,bclean_keep
138,State,al,0.5000,bclean_keep
138,CountyName,crenshaw,0.0019,bclean_keep
138,PhoneNumber,3343353374,0.0000,bclean_keep
138,HospitalType,acute care hospitals,0.5000,bclean_keep
138,HospitalOwner,government - federal,0.0000,bclean_keep
138,EmergencyService,yes,0.5000,bclean_keep
138,Condition,surgical infection prevention,0.0000,bclean_keep
138,MeasureCode,scip-inf-1,0.0006,bclean_keep
138,MeasureName,surgery patients who were given an antibiotic at the right time (within one hour before surgery) to help prevent infection,0.0000,bclean_keep
138,Stateavg,al_scip-inf-1,0.0000,bclean_keep
139,ProviderNumber,10008,0.0000,bclean_keep
139,HospitalName,crenshaw community hospital,0.0014,bclean_keep
139,Address1,101 hospital circle,0.0000,bclean_keep
139,City,luverne,0.0000,bclean_keep
139,State,al,0.5000,bclean_keep
139,ZipCode,36049,0.0000,bclean_keep
139,CountyName,crenshaw,0.0019,bclean_keep
139,PhoneNumber,3343353374,0.0000,bclean_keep
139,HospitalType,acute care hospitals,0.5000,bclean_keep
139,HospitalOwner,government - federal,0.0000,bclean_keep
139,EmergencyService,yes,0.5000,bclean_keep
139,Condition,surgical infection prevention,0.0001,bclean_keep
139,MeasureCode,scip-inf-2,0.0008,bclean_keep
139,MeasureName,surgery patients who were given the  right kind  of antibiotic to help prevent infection,0.0000,bclean_keep
139,Stateavg,al_scip-inf-2,0.0034,bclean_keep
140,ProviderNumber,10008,0.0000,bclean_keep
140,HospitalName,crenshaw community hospital,0.0000,bclean_keep
140,Address1,101 hospital circle,0.0000,bclean_keep
140,City,luverne,0.0000,bclean_keep
140,State,al,0.5000,bclean_keep
140,CountyName,crenshaw,0.0019,bclean_keep
140,PhoneNumber,3343353374,0.0000,bclean_keep
140,HospitalType,acute care hospitals,0.5000,bclean_keep
140,HospitalOwner,government - federal,0.0000,bclean_keep
140,EmergencyService,yes,0.5000,bclean_keep
140,Condition,surgical infection prevention,0.0001,bclean_keep
140,MeasureCode,scip-inf-3,0.0008,bclean_keep
140,MeasureName,surgery patients whose preventive antibiotics were stopped at the right time (within 24 hours after surgery),0.0000,bclean_keep
140,Stateavg,al_scip-inf-3,0.0000,bclean_keep
141,ProviderNumber,10008,0.0000,bclean_keep
141,HospitalName,crenshaw community hospital,0.0014,bclean_keep
141,Address1,101 hospital circle,0.0000,bclean_keep
141,City,luverne,0.0000,bclean_keep
141,ZipCode,36049,0.0000,bclean_keep
141,CountyName,crenshaw,0.0019,bclean_keep
141,PhoneNumber,3343353374,0.0000,bclean_keep
141,HospitalType,acute care hospitals,0.5000,bclean_keep
141,HospitalOwner,government - federal,0.0000,bclean_keep
141,EmergencyService,yes,0.5000,bclean_keep
141,Condition,surgical infection prevention,0.0001,bclean_keep
141,MeasureCode,scip-inf-4,0.0008,bclean_keep
141,MeasureName,all heart surgery patients whose blood sugar (blood glucose) is kept under good control in the days right after surgery,0.0010,bclean_keep
141,Stateavg,al_scip-inf-4,0.0000,bclean_keep
142,ProviderNumber,10008,0.0000,bclean_keep
142,HospitalName,crenshaw community hospital,0.0014,bclean_keep
142,Address1,101 hospital circle,0.0000,bclean_keep
142,City,luverne,0.0000,bclean_keep
142,State,al,0.5000,bclean_keep
142,ZipCode,36049,0.0000,bclean_keep
142,CountyName,crenshaw,0.0019,bclean_keep
142,PhoneNumber,3343353374,0.0000,bclean_keep
142,HospitalType,acute care hospitals,0.5000,bclean_keep
142,HospitalOwner,government - federal,0.0000,bclean_keep
142,EmergencyService,yes,0.5000,bclean_keep
142,Condition,surgical infection prevention,0.0000,bclean_keep
142,MeasureCode,scip-inf-6,0.0000,bclean_keep
142,MeasureName,surgery patients needing hair removed from the surgical area before surgery who had hair removed using a safer method (electric clippers or hair removal cream c not a razor),0.0008,bclean_keep
142,Stateavg,al_scip-inf-6,0.0000,bclean_keep
143,ProviderNumber,10008,0.0000,bclean_keep
143,HospitalName,crenshaw community hospital,0.0014,bclean_keep
143,Address1,101 hospital circle,0.0000,bclean_keep
143,City,luverne,0.0000,bclean_keep
143,State,al,0.5000,bclean_keep
143,ZipCode,36049,0.0000,bclean_keep
143,CountyName,crenshaw,0.0019,bclean_keep
143,PhoneNumber,3343353374,0.0000,bclean_keep
143,HospitalType,acute care hospitals,0.5000,bclean_keep
143,HospitalOwner,government - federal,0.0000,bclean_keep
143,EmergencyService,yes,0.5000,bclean_keep
143,Condition,surgical infection prevention,0.0000,bclean_keep
143,MeasureCode,scip-vte-1,0.0008,bclean_keep
143,MeasureName,surgery patients whose doctors ordered treatments to prevent blood clots after certain types of surgeries,0.0008,bclean_keep
143,Stateavg,al_scip-vte-1,0.0008,bclean_keep
144,ProviderNumber,10008,0.0000,bclean_keep
144,HospitalName,crenshaw community hospital,0.0014,bclean_keep
144,Address1,101 hospital circle,0.0000,bclean_keep
144,City,luverne,0.0000,bclean_keep
144,State,al,0.5000,bclean_keep
144,ZipCode,36049,0.0000,bclean_keep
144,CountyName,crenshaw,0.0019,bclean_keep
144,PhoneNumber,3343353374,0.0000,bclean_keep
144,HospitalType,acute care hospitals,0.5000,bclean_keep
144,HospitalOwner,government - federal,0.0000,bclean_keep
144,EmergencyService,yes,0.5000,bclean_keep
144,Condition,surgical infection prevention,0.0001,bclean_keep
144,MeasureCode,scip-vte-2,0.0000,bclean_keep
144,MeasureName,patients who got treatment  at the right time (within 24 hours before or after their surgery) to help prevent blood clots after certain types of surgery,0.0000,bclean_keep
144,Stateavg,al_scip-vte-2,0.0008,bclean_keep
145,ProviderNumber,10009,0.0000,bclean_keep
145,HospitalName,hartselle medical center,0.0000,bclean_keep
145,Address1,201 pine street northwest,0.0020,bclean_keep
145,City,hartselle,0.0000,bclean_keep
145,State,al,0.5000,bclean_keep
145,ZipCode,35640,0.0000,bclean_keep
145,CountyName,morgan,0.0000,bclean_keep
145,PhoneNumber,2567736511,0.0000,bclean_keep
145,HospitalType,acute care hospitals,0.5000,bclean_keep
145,HospitalOwner,proprietary,0.0009,bclean_keep
145,EmergencyService,yes,0.5000,bclean_keep
145,Condition,heart attack,0.0004,bclean_keep
145,MeasureCode,ami-1,0.0031,bclean_keep
145,MeasureName,heart attack patients given aspirin at arrival,0.0010,bclean_keep
145,Stateavg,al_ami-1,0.0010,bclean_keep
146,ProviderNumber,10009,0.0000,bclean_keep
146,HospitalName,hartselle medical center,0.0000,bclean_keep
146,Address1,201 pine street northwest,0.0020,bclean_keep
146,City,hartselle,0.0000,bclean_keep
146,State,al,0.5000,bclean_keep
146,ZipCode,35640,0.0000,bclean_keep
146,CountyName,morgan,0.0000,bclean_keep
146,PhoneNumber,2567736511,0.0000,bclean_keep
146,HospitalType,acute care hospitals,0.5000,bclean_keep
146,HospitalOwner,proprietary,0.0009,bclean_keep
146,EmergencyService,yes,0.5000,bclean_keep
146,Condition,heart attack,0.0003,bclean_keep
146,MeasureCode,ami-2,0.0000,bclean_keep
146,Stateavg,al_ami-2,0.0008,bclean_keep
147,ProviderNumber,10009,0.0000,bclean_keep
147,HospitalName,hartselle medical center,0.0000,bclean_keep
147,Address1,201 pine street northwest,0.0020,bclean_keep
147,City,hartselle,0.0000,bclean_keep
147,State,al,0.5000,bclean_keep
147,ZipCode,35640,0.0000,bclean_keep
147,CountyName,morgan,0.0000,bclean_keep
147,PhoneNumber,2567736511,0.0000,bclean_keep
147,HospitalType,acute care hospitals,0.5000,bclean_keep
147,HospitalOwner,proprietary,0.0009,bclean_keep
147,EmergencyService,yes,0.0000,bclean_keep
147,Condition,heart attack,0.0003,bclean_keep
147,MeasureCode,ami-3,0.0006,bclean_keep
147,MeasureName,heart attack patients given ace inhibitor or arb for left ventricular systolic dysfunction (lvsd),0.0006,bclean_keep
147,Stateavg,al_ami-3,0.0000,bclean_keep
148,ProviderNumber,10009,0.0000,bclean_keep
148,HospitalName,hartselle medical center,0.0000,bclean_keep
148,Address1,201 pine street northwest,0.0020,bclean_keep
148,City,hartselle,0.0000,bclean_keep
148,State,al,0.5000,bclean_keep
148,ZipCode,35640,0.0000,bclean_keep
148,CountyName,morgan,0.0000,bclean_keep
148,PhoneNumber,2567736511,0.0000,bclean_keep
148,HospitalType,acute care hospitals,0.5000,bclean_keep
148,HospitalOwner,proprietary,0.0009,bclean_keep
148,EmergencyService,yes,0.5000,bclean_keep
148,Condition,heart attack,0.0003,bclean_keep
148,MeasureCode,ami-4,0.0005,bclean_keep
148,MeasureName,heart attack patients given smoking cessation advice/counseling,0.0000,bclean_keep
148,Stateavg,al_ami-4,0.0000,bclean_keep
149,ProviderNumber,10009,0.0000,bclean_keep
149,HospitalName,hartselle medical center,0.0000,bclean_keep
149,Address1,201 pine street northwest,0.0020,bclean_keep
149,City,hartselle,0.0000,bclean_keep
149,State,al,0.5000,bclean_keep
149,ZipCode,35640,0.0000,bclean_keep
149,CountyName,morgan,0.0000,bclean_keep
149,PhoneNumber,2567736511,0.0000,bclean_keep
149,HospitalType,acute care hospitals,0.5000,bclean_keep
149,HospitalOwner,proprietary,0.0009,bclean_keep
149,EmergencyService,yes,0.5000,bclean_keep
149,Condition,heart attack,0.0003,bclean_keep
149,MeasureCode,ami-5,0.0007,bclean_keep
149,MeasureName,heart attack patients given beta blocker at discharge,0.0007,bclean_keep
149,Stateavg,al_ami-5,0.0007,bclean_keep
150,ProviderNumber,10009,0.0000,bclean_keep
150,HospitalName,hartselle medical center,0.0000,bclean_keep
150,Address1,201 pine street northwest,0.0020,bclean_keep
150,City,hartselle,0.0000,bclean_keep
150,State,al,0.5000,bclean_keep
150,CountyName,morgan,0.0000,bclean_keep
150,PhoneNumber,2567736511,0.0000,bclean_keep
150,HospitalType,acute care hospitals,0.5000,bclean_keep
150,HospitalOwner,proprietary,0.0009,bclean_keep
150,EmergencyService,yes,0.0000,bclean_keep
150,Condition,heart attack,0.0001,bclean_keep
150,MeasureCode,ami-7a,0.0000,bclean_keep
150,MeasureName,heart attack patients given fibrinolytic medication within 30 minutes of arrival,0.0000,bclean_keep
150,Stateavg,al_ami-7a,0.0008,bclean_keep
151,ProviderNumber,10009,0.0000,bclean_keep
151,HospitalName,hartselle medical center,0.0000,bclean_keep
151,Address1,201 pine street northwest,0.0020,bclean_keep
151,City,hartselle,0.0000,bclean_keep
151,State,al,0.5000,bclean_keep
151,ZipCode,35640,0.0000,bclean_keep
151,CountyName,morgan,0.0000,bclean_keep
151,PhoneNumber,2567736511,0.0000,bclean_keep
151,HospitalType,acute care hospitals,0.5000,bclean_keep
151,HospitalOwner,proprietary,0.0009,bclean_keep
151,EmergencyService,yes,0.5000,bclean_keep
151,Condition,heart attack,0.0003,bclean_keep
151,MeasureCode,ami-8a,0.0000,bclean_keep
151,MeasureName,heart attack patients given pci within 90 minutes of arrival,0.0007,bclean_keep
151,Stateavg,al_ami-8a,0.0008,bclean_keep
152,ProviderNumber,10009,0.0000,bclean_keep
152,HospitalName,hartselle medical center,0.0000,bclean_keep
152,Address1,201 pine street northwest,0.0020,bclean_keep
152,City,hartselle,0.0000,bclean_keep
152,State,al,0.5000,bclean_keep
152,ZipCode,35640,0.0000,bclean_keep
152,CountyName,morgan,0.0000,bclean_keep
152,PhoneNumber,2567736511,0.0000,bclean_keep
152,HospitalType,acute care hospitals,0.5000,bclean_keep
152,HospitalOwner,proprietary,0.0009,bclean_keep
152,EmergencyService,yes,0.0000,bclean_keep
152,Condition,heart failure,0.0004,bclean_keep
152,MeasureCode,hf-1,0.0028,bclean_keep
152,MeasureName,heart failure patients given discharge instructions,0.0008,bclean_keep
152,Stateavg,al_hf-1,0.0000,bclean_keep
153,ProviderNumber,10009,0.0000,bclean_keep
153,HospitalName,hartselle medical center,0.0000,bclean_keep
153,Address1,201 pine street northwest,0.0020,bclean_keep
153,City,hartselle,0.0000,bclean_keep
153,State,al,0.5000,bclean_keep
153,ZipCode,35640,0.0000,bclean_keep
153,CountyName,morgan,0.0000,bclean_keep
153,PhoneNumber,2567736511,0.0000,bclean_keep
153,HospitalType,acute care hospitals,0.5000,bclean_keep
153,HospitalOwner,proprietary,0.0009,bclean_keep
153,EmergencyService,yes,0.0000,bclean_keep
153,Condition,heart failure,0.0002,bclean_keep
153,MeasureCode,hf-2,0.0007,bclean_keep
153,MeasureName,heart failure patients given an evaluation of left ventricular systolic (lvs) function,0.0007,bclean_keep
153,Stateavg,al_hf-2,0.0007,bclean_keep
154,ProviderNumber,10009,0.0000,bclean_keep
154,HospitalName,hartselle medical center,0.0000,bclean_keep
154,Address1,201 pine street northwest,0.0020,bclean_keep
154,City,hartselle,0.0000,bclean_keep
154,State,al,0.5000,bclean_keep
154,ZipCode,35640,0.0000,bclean_keep
154,CountyName,morgan,0.0000,bclean_keep
154,PhoneNumber,2567736511,0.0000,bclean_keep
154,HospitalType,acute care hospitals,0.5000,bclean_keep
154,HospitalOwner,proprietary,0.0009,bclean_keep
154,EmergencyService,yes,0.0000,bclean_keep
154,Condition,heart failure,0.0003,bclean_keep
154,MeasureCode,hf-3,0.0000,bclean_keep
154,MeasureName,heart failure patients given ace inhibitor or arb for left ventricular systolic dysfunction (lvsd),0.0007,bclean_keep
154,Stateavg,al_hf-3,0.0000,bclean_keep
155,ProviderNumber,10009,0.0000,bclean_keep
155,HospitalName,hartselle medical center,0.0000,bclean_keep
155,Address1,201 pine street northwest,0.0020,bclean_keep
155,City,hartselle,0.0000,bclean_keep
155,State,al,0.5000,bclean_keep
155,ZipCode,35640,0.0000,bclean_keep
155,CountyName,morgan,0.0000,bclean_keep
155,PhoneNumber,2567736511,0.0000,bclean_keep
155,HospitalType,acute care hospitals,0.5000,bclean_keep
155,HospitalOwner,proprietary,0.0009,bclean_keep
155,EmergencyService,yes,0.5000,bclean_keep
155,Condition,heart failure,0.0002,bclean_keep
155,MeasureCode,hf-4,0.0007,bclean_keep
155,MeasureName,heart failure patients given smoking cessation advice/counseling,0.0008,bclean_keep
155,Stateavg,al_hf-4,0.0007,bclean_keep
156,ProviderNumber,10009,0.0000,bclean_keep
156,HospitalName,hartselle medical center,0.0000,bclean_keep
156,Address1,201 pine street northwest,0.0020,bclean_keep
156,City,hartselle,0.0000,bclean_keep
156,State,al,0.5000,bclean_keep
156,ZipCode,35640,0.0000,bclean_keep
156,CountyName,morgan,0.0000,bclean_keep
156,PhoneNumber,2567736511,0.0000,bclean_keep
156,HospitalType,acute care hospitals,0.5000,bclean_keep
156,HospitalOwner,proprietary,0.0008,bclean_keep
156,EmergencyService,yes,0.5000,bclean_keep
156,Condition,pneumonia,0.0000,bclean_keep
156,MeasureCode,pn-2,0.0006,bclean_keep
156,MeasureName,pneumonia patients assessed and given pneumococcal vaccination,0.0000,bclean_keep
156,Stateavg,al_pn-2,0.0009,bclean_keep
157,ProviderNumber,10009,0.0000,bclean_keep
157,HospitalName,hartselle medical center,0.0000,bclean_keep
157,Address1,201 pine street northwest,0.0020,bclean_keep
157,City,hartselle,0.0000,bclean_keep
157,State,al,0.5000,bclean_keep
157,ZipCode,35640,0.0000,bclean_keep
157,CountyName,morgan,0.0000,bclean_keep
157,PhoneNumber,2567736511,0.0000,bclean_keep
157,HospitalType,acute care hospitals,0.5000,bclean_keep
157,HospitalOwner,proprietary,0.0008,bclean_keep
157,EmergencyService,yes,0.0000,bclean_keep
157,Condition,pneumonia,0.0003,bclean_keep
157,MeasureCode,pn-3b,0.0007,bclean_keep
157,MeasureName,pneumonia patients whose initial emergency room blood culture was performed prior to the administration of the first hospital dose of antibiotics,0.0007,bclean_keep
157,Stateavg,al_pn-3b,0.0008,bclean_keep
158,ProviderNumber,10009,0.0000,bclean_keep
158,HospitalName,hartselle medical center,0.0000,bclean_keep
158,Address1,201 pine street northwest,0.0021,bclean_keep
158,City,hartselle,0.0000,bclean_keep
158,State,al,0.5000,bclean_keep
158,CountyName,morgan,0.0000,bclean_keep
158,PhoneNumber,2567736511,0.0000,bclean_keep
158,HospitalType,acute care hospitals,0.5000,bclean_keep
158,Condition,pneumonia,0.0003,bclean_keep
158,MeasureCode,pn-4,0.0025,bclean_keep
158,MeasureName,pneumonia patients given smoking cessation advice/counseling,0.0000,bclean_keep
158,Stateavg,al_pn-4,0.0000,bclean_keep
159,ProviderNumber,10009,0.0000,bclean_keep
159,HospitalName,hartselle medical center,0.0000,bclean_keep
159,Address1,201 pine street northwest,0.0020,bclean_keep
159,City,hartselle,0.0000,bclean_keep
159,State,al,0.5000,bclean_keep
159,ZipCode,35640,0.0000,bclean_keep
159,CountyName,morgan,0.0000,bclean_keep
159,PhoneNumber,2567736511,0.0000,bclean_keep
159,HospitalType,acute care hospitals,0.5000,bclean_keep
159,HospitalOwner,proprietary,0.0008,bclean_keep
159,EmergencyService,yes,0.0000,bclean_keep
159,Condition,pneumonia,0.0001,bclean_keep
159,MeasureCode,pn-5c,0.0007,bclean_keep
159,MeasureName,pneumonia patients given initial antibiotic(s) within 6 hours after arrival,0.0009,bclean_keep
159,Stateavg,al_pn-5c,0.0007,bclean_keep
160,ProviderNumber,10009,0.0000,bclean_keep
160,HospitalName,hartselle medical center,0.0000,bclean_keep
160,Address1,201 pine street northwest,0.0020,bclean_keep
160,City,hartselle,0.0000,bclean_keep
160,State,al,0.5000,bclean_keep
160,ZipCode,35640,0.0000,bclean_keep
160,CountyName,morgan,0.0000,bclean_keep
160,PhoneNumber,2567736511,0.0000,bclean_keep
160,HospitalType,acute care hospitals,0.5000,bclean_keep
160,EmergencyService,yes,0.0000,bclean_keep
160,Condition,pneumonia,0.0002,bclean_keep
160,MeasureCode,pn-6,0.0000,bclean_keep
160,MeasureName,pneumonia patients given the most appropriate initial antibiotic(s),0.0006,bclean_keep
160,Stateavg,al_pn-6,0.0009,bclean_keep
161,ProviderNumber,10009,0.0000,bclean_keep
161,HospitalName,hartselle medical center,0.0000,bclean_keep
161,Address1,201 pine street northwest,0.0020,bclean_keep
161,City,hartselle,0.0000,bclean_keep
161,State,al,0.5000,bclean_keep
161,ZipCode,35640,0.0000,bclean_keep
161,CountyName,morgan,0.0000,bclean_keep
161,PhoneNumber,2567736511,0.0000,bclean_keep
161,HospitalType,acute care hospitals,0.5000,bclean_keep
161,HospitalOwner,proprietary,0.0008,bclean_keep
161,EmergencyService,yes,0.0000,bclean_keep
161,Condition,pneumonia,0.0000,bclean_keep
161,MeasureCode,pn-7,0.0000,bclean_keep
161,MeasureName,pneumonia patients assessed and given influenza vaccination,0.0008,bclean_keep
161,Stateavg,al_pn-7,0.0008,bclean_keep
162,ProviderNumber,10009,0.0000,bclean_keep
162,HospitalName,hartselle medical center,0.0000,bclean_keep
162,City,hartselle,0.0000,bclean_keep
162,State,al,0.5000,bclean_keep
162,ZipCode,35640,0.0000,bclean_keep
162,CountyName,morgan,0.0000,bclean_keep
162,PhoneNumber,2567736511,0.0000,bclean_keep
162,HospitalType,acute care hospitals,0.5000,bclean_keep
162,HospitalOwner,proprietary,0.0009,bclean_keep
162,EmergencyService,yes,0.5000,bclean_keep
162,Condition,surgical infection prevention,0.0005,bclean_keep
162,MeasureCode,scip-card-2,0.0000,bclean_keep
162,MeasureName,surgery patients who were taking heart drugs called beta blockers before coming to the hospital who were kept on the beta blockers during the period just before and after their surgery,0.0008,bclean_keep
162,Stateavg,al_scip-card-2,0.0000,bclean_keep
163,ProviderNumber,10009,0.0000,bclean_keep
163,HospitalName,hartselle medical center,0.0000,bclean_keep
163,Address1,201 pine street northwest,0.0021,bclean_keep
163,City,hartselle,0.0000,bclean_keep
163,State,al,0.5000,bclean_keep
163,ZipCode,35640,0.0000,bclean_keep
163,CountyName,morgan,0.0000,bclean_keep
163,PhoneNumber,2567736511,0.0000,bclean_keep
163,HospitalType,acute care hospitals,0.5000,bclean_keep
163,EmergencyService,yes,0.5000,bclean_keep
163,Condition,surgical infection prevention,0.0000,bclean_keep
163,MeasureCode,scip-inf-1,0.0006,bclean_keep
163,MeasureName,surgery patients who were given an antibiotic at the right time (within one hour before surgery) to help prevent infection,0.0000,bclean_keep
163,Stateavg,al_scip-inf-1,0.0000,bclean_keep
164,ProviderNumber,10009,0.0000,bclean_keep
164,HospitalName,hartselle medical center,0.0000,bclean_keep
164,Address1,201 pine street northwest,0.0021,bclean_keep
164,City,hartselle,0.0000,bclean_keep
164,State,al,0.5000,bclean_keep
164,ZipCode,35640,0.0000,bclean_keep
164,CountyName,morgan,0.0000,bclean_keep
164,PhoneNumber,2567736511,0.0000,bclean_keep
164,HospitalType,acute care hospitals,0.5000,bclean_keep
164,HospitalOwner,proprietary,0.0009,bclean_keep
164,EmergencyService,yes,0.5000,bclean_keep
164,Condition,surgical infection prevention,0.0001,bclean_keep
164,MeasureCode,scip-inf-2,0.0007,bclean_keep
164,MeasureName,surgery patients who were given the  right kind  of antibiotic to help prevent infection,0.0000,bclean_keep
164,Stateavg,al_scip-inf-2,0.0035,bclean_keep
165,ProviderNumber,10009,0.0000,bclean_keep
165,HospitalName,hartselle medical center,0.0000,bclean_keep
165,Address1,201 pine street northwest,0.0021,bclean_keep
165,City,hartselle,0.0000,bclean_keep
165,State,al,0.5000,bclean_keep
165,ZipCode,35640,0.0000,bclean_keep
165,CountyName,morgan,0.0000,bclean_keep
165,PhoneNumber,2567736511,0.0000,bclean_keep
165,HospitalType,acute care hospitals,0.5000,bclean_keep
165,EmergencyService,yes,0.0000,bclean_keep
165,Condition,surgical infection prevention,0.0001,bclean_keep
165,MeasureCode,scip-inf-3,0.0007,bclean_keep
165,MeasureName,surgery patients whose preventive antibiotics were stopped at the right time (within 24 hours after surgery),0.0000,bclean_keep
165,Stateavg,al_scip-inf-3,0.0000,bclean_keep
166,ProviderNumber,10009,0.0000,bclean_keep
166,HospitalName,hartselle medical center,0.0000,bclean_keep
166,Address1,201 pine street northwest,0.0021,bclean_keep
166,City,hartselle,0.0000,bclean_keep
166,ZipCode,35640,0.0000,bclean_keep
166,CountyName,morgan,0.0000,bclean_keep
166,PhoneNumber,2567736511,0.0000,bclean_keep
166,HospitalType,acute care hospitals,0.5000,bclean_keep
166,HospitalOwner,proprietary,0.0009,bclean_keep
166,EmergencyService,yes,0.5000,bclean_keep
166,Condition,surgical infection prevention,0.0001,bclean_keep
166,MeasureCode,scip-inf-4,0.0008,bclean_keep
166,MeasureName,all heart surgery patients whose blood sugar (blood glucose) is kept under good control in the days right after surgery,0.0010,bclean_keep
166,Stateavg,al_scip-inf-4,0.0000,bclean_keep
167,ProviderNumber,10009,0.0000,bclean_keep
167,HospitalName,hartselle medical center,0.0000,bclean_keep
167,Address1,201 pine street northwest,0.0021,bclean_keep
167,City,hartselle,0.0000,bclean_keep
167,State,al,0.5000,bclean_keep
167,ZipCode,35640,0.0000,bclean_keep
167,CountyName,morgan,0.0000,bclean_keep
167,PhoneNumber,2567736511,0.0000,bclean_keep
167,HospitalType,acute care hospitals,0.5000,bclean_keep
167,HospitalOwner,proprietary,0.0009,bclean_keep
167,EmergencyService,yes,0.5000,bclean_keep
167,Condition,surgical infection prevention,0.0000,bclean_keep
167,MeasureCode,scip-inf-6,0.0000,bclean_keep
167,MeasureName,surgery patients needing hair removed from the surgical area before surgery who had hair removed using a safer method (electric clippers or hair removal cream c not a razor),0.0008,bclean_keep
167,Stateavg,al_scip-inf-6,0.0000,bclean_keep
168,ProviderNumber,10009,0.0000,bclean_keep
168,HospitalName,hartselle medical center,0.0000,bclean_keep
168,Address1,201 pine street northwest,0.0021,bclean_keep
168,City,hartselle,0.0000,bclean_keep
168,State,al,0.5000,bclean_keep
168,ZipCode,35640,0.0000,bclean_keep
168,CountyName,morgan,0.0000,bclean_keep
168,PhoneNumber,2567736511,0.0000,bclean_keep
168,HospitalType,acute care hospitals,0.5000,bclean_keep
168,HospitalOwner,proprietary,0.0009,bclean_keep
168,EmergencyService,yes,0.5000,bclean_keep
168,Condition,surgical infection prevention,0.0000,bclean_keep
168,MeasureCode,scip-vte-1,0.0008,bclean_keep
168,MeasureName,surgery patients whose doctors ordered treatments to prevent blood clots after certain types of surgeries,0.0009,bclean_keep
168,Stateavg,al_scip-vte-1,0.0008,bclean_keep
169,ProviderNumber,10009,0.0000,bclean_keep
169,HospitalName,hartselle medical center,0.0000,bclean_keep
169,Address1,201 pine street northwest,0.0021,bclean_keep
169,City,hartselle,0.0000,bclean_keep
169,State,al,0.5000,bclean_keep
169,ZipCode,35640,0.0000,bclean_keep
169,CountyName,morgan,0.0000,bclean_keep
169,PhoneNumber,2567736511,0.0000,bclean_keep
169,HospitalType,acute care hospitals,0.5000,bclean_keep
169,HospitalOwner,proprietary,0.0009,bclean_keep
169,EmergencyService,yes,0.5000,bclean_keep
169,Condition,surgical infection prevention,0.0001,bclean_keep
169,MeasureCode,scip-vte-2,0.0000,bclean_keep
169,MeasureName,patients who got treatment  at the right time (within 24 hours before or after their surgery) to help prevent blood clots after certain types of surgery,0.0000,bclean_keep
169,Stateavg,al_scip-vte-2,0.0009,bclean_keep
170,ProviderNumber,10010,0.0000,bclean_keep
170,HospitalName,marshall medical center north,0.0015,bclean_keep
170,Address1,8000 alabama highway 69,0.0019,bclean_keep
170,City,guntersville,0.0017,bclean_keep
170,State,al,0.5000,bclean_keep
170,ZipCode,35976,0.0000,bclean_keep
170,CountyName,marshall,0.0000,bclean_keep
170,PhoneNumber,2565718000,0.0000,bclean_keep
170,HospitalType,acute care hospitals,0.5000,bclean_keep
170,HospitalOwner,government - hospital district or authority,0.0000,bclean_keep
170,EmergencyService,yes,0.5000,bclean_keep
170,Condition,heart attack,0.0004,bclean_keep
170,MeasureCode,ami-1,0.0031,bclean_keep
170,MeasureName,heart attack patients given aspirin at arrival,0.0009,bclean_keep
170,Stateavg,al_ami-1,0.0010,bclean_keep
171,ProviderNumber,10010,0.0000,bclean_keep
171,HospitalName,marshall medical center north,0.0015,bclean_keep
171,Address1,8000 alabama highway 69,0.0019,bclean_keep
171,City,guntersville,0.0017,bclean_keep
171,State,al,0.5000,bclean_keep
171,ZipCode,35976,0.0000,bclean_keep
171,CountyName,marshall,0.0000,bclean_keep
171,PhoneNumber,2565718000,0.0000,bclean_keep
171,HospitalType,acute care hospitals,0.5000,bclean_keep
171,HospitalOwner,government - hospital district or authority,0.0000,bclean_keep
171,EmergencyService,yes,0.5000,bclean_keep
171,Condition,heart attack,0.0003,bclean_keep
171,MeasureCode,ami-2,0.0007,bclean_keep
171,MeasureName,heart attack patients given aspirin at discharge,0.0007,bclean_keep
171,Stateavg,al_ami-2,0.0008,bclean_keep
172,ProviderNumber,10010,0.0000,bclean_keep
172,Address1,8000 alabama highway 69,0.0019,bclean_keep
172,City,guntersville,0.0017,bclean_keep
172,State,al,0.5000,bclean_keep
172,ZipCode,35976,0.0000,bclean_keep
172,CountyName,marshall,0.0000,bclean_keep
172,PhoneNumber,2565718000,0.0000,bclean_keep
172,HospitalType,acute care hospitals,0.5000,bclean_keep
172,HospitalOwner,government - hospital district or authority,0.0000,bclean_keep
172,EmergencyService,yes,0.5000,bclean_keep
172,Condition,heart attack,0.0003,bclean_keep
172,MeasureCode,ami-3,0.0007,bclean_keep
172,MeasureName,heart attack patients given ace inhibitor or arb for left ventricular systolic dysfunction (lvsd),0.0006,bclean_keep
172,Stateavg,al_ami-3,0.0000,bclean_keep
173,ProviderNumber,10010,0.0000,bclean_keep
173,HospitalName,marshall medical center north,0.0015,bclean_keep
173,Address1,8000 alabama highway 69,0.0019,bclean_keep
173,City,guntersville,0.0017,bclean_keep
173,State,al,0.5000,bclean_keep
173,ZipCode,35976,0.0000,bclean_keep
173,CountyName,marshall,0.0000,bclean_keep
173,PhoneNumber,2565718000,0.0000,bclean_keep
173,HospitalType,acute care hospitals,0.5000,bclean_keep
173,HospitalOwner,government - hospital district or authority,0.0000,bclean_keep
173,EmergencyService,yes,0.5000,bclean_keep
173,Condition,heart attack,0.0003,bclean_keep
173,MeasureCode,ami-4,0.0005,bclean_keep
173,MeasureName,heart attack patients given smoking cessation advice/counseling,0.0000,bclean_keep
173,Stateavg,al_ami-4,0.0000,bclean_keep
174,ProviderNumber,10010,0.0000,bclean_keep
174,HospitalName,marshall medical center north,0.0015,bclean_keep
174,Address1,8000 alabama highway 69,0.0019,bclean_keep
174,City,guntersville,0.0017,bclean_keep
174,State,al,0.5000,bclean_keep
174,ZipCode,35976,0.0000,bclean_keep
174,CountyName,marshall,0.0000,bclean_keep
174,PhoneNumber,2565718000,0.0000,bclean_keep
174,HospitalType,acute care hospitals,0.5000,bclean_keep
174,HospitalOwner,government - hospital district or authority,0.0000,bclean_keep
174,EmergencyService,yes,0.5000,bclean_keep
174,Condition,heart attack,0.0003,bclean_keep
174,MeasureCode,ami-5,0.0007,bclean_keep
174,MeasureName,heart attack patients given beta blocker at discharge,0.0007,bclean_keep
174,Stateavg,al_ami-5,0.0007,bclean_keep
175,ProviderNumber,10010,0.0000,bclean_keep
175,HospitalName,marshall medical center north,0.0015,bclean_keep
175,Address1,8000 alabama highway 69,0.0019,bclean_keep
175,City,guntersville,0.0017,bclean_keep
175,State,al,0.5000,bclean_keep
175,ZipCode,35976,0.0000,bclean_keep
175,CountyName,marshall,0.0000,bclean_keep
175,PhoneNumber,2565718000,0.0000,bclean_keep
175,HospitalType,acute care hospitals,0.5000,bclean_keep
175,HospitalOwner,government - hospital district or authority,0.0000,bclean_keep
175,EmergencyService,yes,0.5000,bclean_keep
175,Condition,heart attack,0.0001,bclean_keep
175,MeasureCode,ami-7a,0.0000,bclean_keep
175,MeasureName,heart attack patients given fibrinolytic medication within 30 minutes of arrival,0.0000,bclean_keep
175,Stateavg,al_ami-7a,0.0009,bclean_keep
176,ProviderNumber,10010,0.0000,bclean_keep
176,HospitalName,marshall medical center north,0.0000,bclean_keep
176,City,guntersville,0.0017,bclean_keep
176,State,al,0.5000,bclean_keep
176,ZipCode,35976,0.0000,bclean_keep
176,CountyName,marshall,0.0000,bclean_keep
176,PhoneNumber,2565718000,0.0000,bclean_keep
176,HospitalType,acute care hospitals,0.5000,bclean_keep
176,HospitalOwner,government - hospital district or authority,0.0000,bclean_keep
176,EmergencyService,yes,0.5000,bclean_keep
176,Condition,heart attack,0.0003,bclean_keep
176,MeasureCode,ami-8a,0.0000,bclean_keep
176,MeasureName,heart attack patients given pci within 90 minutes of arrival,0.0007,bclean_keep
176,Stateavg,al_ami-8a,0.0009,bclean_keep
177,ProviderNumber,10010,0.0000,bclean_keep
177,HospitalName,marshall medical center north,0.0014,bclean_keep
177,Address1,8000 alabama highway 69,0.0018,bclean_keep
177,City,guntersville,0.0017,bclean_keep
177,State,al,0.5000,bclean_keep
177,ZipCode,35976,0.0000,bclean_keep
177,CountyName,marshall,0.0000,bclean_keep
177,PhoneNumber,2565718000,0.0000,bclean_keep
177,HospitalType,acute care hospitals,0.5000,bclean_keep
177,HospitalOwner,government - hospital district or authority,0.0000,bclean_keep
177,EmergencyService,yes,0.5000,bclean_keep
177,Condition,heart failure,0.0004,bclean_keep
177,MeasureCode,hf-1,0.0028,bclean_keep
177,MeasureName,heart failure patients given discharge instructions,0.0009,bclean_keep
177,Stateavg,al_hf-1,0.0000,bclean_keep
178,ProviderNumber,10010,0.0000,bclean_keep
178,HospitalName,marshall medical center north,0.0014,bclean_keep
178,Address1,8000 alabama highway 69,0.0018,bclean_keep
178,City,guntersville,0.0017,bclean_keep
178,State,al,0.5000,bclean_keep
178,ZipCode,35976,0.0000,bclean_keep
178,CountyName,marshall,0.0000,bclean_keep
178,PhoneNumber,2565718000,0.0000,bclean_keep
178,HospitalType,acute care hospitals,0.5000,bclean_keep
178,HospitalOwner,government - hospital district or authority,0.0000,bclean_keep
178,EmergencyService,yes,0.5000,bclean_keep
178,Condition,heart failure,0.0002,bclean_keep
178,MeasureName,heart failure patients given an evaluation of left ventricular systolic (lvs) function,0.0008,bclean_keep
178,Stateavg,al_hf-2,0.0007,bclean_keep
179,ProviderNumber,10010,0.0000,bclean_keep
179,HospitalName,marshall medical center north,0.0014,bclean_keep
179,Address1,8000 alabama highway 69,0.0018,bclean_keep
179,City,guntersville,0.0017,bclean_keep
179,State,al,0.5000,bclean_keep
179,ZipCode,35976,0.0000,bclean_keep
179,CountyName,marshall,0.0000,bclean_keep
179,PhoneNumber,2565718000,0.0000,bclean_keep
179,HospitalType,acute care hospitals,0.5000,bclean_keep
179,HospitalOwner,government - hospital district or authority,0.0000,bclean_keep
179,EmergencyService,yes,0.5000,bclean_keep
179,Condition,heart failure,0.0003,bclean_keep
179,MeasureCode,hf-3,0.0000,bclean_keep
179,MeasureName,heart failure patients given ace inhibitor or arb for left ventricular systolic dysfunction (lvsd),0.0007,bclean_keep
179,Stateavg,al_hf-3,0.0000,bclean_keep
180,ProviderNumber,10010,0.0000,bclean_keep
180,HospitalName,marshall medical center north,0.0014,bclean_keep
180,Address1,8000 alabama highway 69,0.0018,bclean_keep
180,City,guntersville,0.0017,bclean_keep
180,State,al,0.5000,bclean_keep
180,ZipCode,35976,0.0000,bclean_keep
180,CountyName,marshall,0.0000,bclean_keep
180,PhoneNumber,2565718000,0.0000,bclean_keep
180,HospitalType,acute care hospitals,0.5000,bclean_keep
180,HospitalOwner,government - hospital district or authority,0.0000,bclean_keep
180,EmergencyService,yes,0.5000,bclean_keep
180,Condition,heart failure,0.0002,bclean_keep
180,MeasureCode,hf-4,0.0007,bclean_keep
180,MeasureName,heart failure patients given smoking cessation advice/counseling,0.0008,bclean_keep
180,Stateavg,al_hf-4,0.0008,bclean_keep
181,ProviderNumber,10010,0.0000,bclean_keep
181,HospitalName,marshall medical center north,0.0000,bclean_keep
181,Address1,8000 alabama highway 69,0.0018,bclean_keep
181,State,al,0.5000,bclean_keep
181,ZipCode,35976,0.0000,bclean_keep
181,CountyName,marshall,0.0000,bclean_keep
181,PhoneNumber,2565718000,0.0000,bclean_keep
181,HospitalType,acute care hospitals,0.5000,bclean_keep
181,HospitalOwner,government - hospital district or authority,0.0000,bclean_keep
181,EmergencyService,yes,0.5000,bclean_keep
181,Condition,pneumonia,0.0000,bclean_keep
181,MeasureCode,pn-2,0.0007,bclean_keep
181,MeasureName,pneumonia patients assessed and given pneumococcal vaccination,0.0000,bclean_keep
181,Stateavg,al_pn-2,0.0008,bclean_keep
182,ProviderNumber,10010,0.0000,bclean_keep
182,HospitalName,marshall medical center north,0.0014,bclean_keep
182,Address1,8000 alabama highway 69,0.0018,bclean_keep
182,City,guntersville,0.0018,bclean_keep
182,State,al,0.5000,bclean_keep
182,ZipCode,35976,0.0000,bclean_keep
182,CountyName,marshall,0.0000,bclean_keep
182,PhoneNumber,2565718000,0.0000,bclean_keep
182,HospitalType,acute care hospitals,0.5000,bclean_keep
182,HospitalOwner,government - hospital district or authority,0.0000,bclean_keep
182,EmergencyService,yes,0.5000,bclean_keep
182,Condition,pneumonia,0.0003,bclean_keep
182,MeasureCode,pn-3b,0.0007,bclean_keep
182,MeasureName,pneumonia patients whose initial emergency room blood culture was performed prior to the administration of the first hospital dose of antibiotics,0.0007,bclean_keep
182,Stateavg,al_pn-3b,0.0010,bclean_keep
183,ProviderNumber,10010,0.0000,bclean_keep
183,HospitalName,marshall medical center north,0.0014,bclean_keep
183,Address1,8000 alabama highway 69,0.0018,bclean_keep
183,City,guntersville,0.0018,bclean_keep
183,ZipCode,35976,0.0000,bclean_keep
183,CountyName,marshall,0.0000,bclean_keep
183,PhoneNumber,2565718000,0.0000,bclean_keep
183,HospitalType,acute care hospitals,0.5000,bclean_keep
183,HospitalOwner,government - hospital district or authority,0.0000,bclean_keep
183,EmergencyService,yes,0.5000,bclean_keep
183,Condition,pneumonia,0.0003,bclean_keep
183,MeasureCode,pn-4,0.0029,bclean_keep
183,MeasureName,pneumonia patients given smoking cessation advice/counseling,0.0000,bclean_keep
183,Stateavg,al_pn-4,0.0000,bclean_keep
184,ProviderNumber,10010,0.0000,bclean_keep
184,HospitalName,marshall medical center north,0.0014,bclean_keep
184,Address1,8000 alabama highway 69,0.0018,bclean_keep
184,City,guntersville,0.0018,bclean_keep
184,State,al,0.5000,bclean_keep
184,ZipCode,35976,0.0000,bclean_keep
184,CountyName,marshall,0.0000,bclean_keep
184,PhoneNumber,2565718000,0.0000,bclean_keep
184,HospitalType,acute care hospitals,0.5000,bclean_keep
184,HospitalOwner,government - hospital district or authority,0.0000,bclean_keep
184,EmergencyService,yes,0.5000,bclean_keep
184,Condition,pneumonia,0.0001,bclean_keep
184,MeasureCode,pn-5c,0.0007,bclean_keep
184,MeasureName,pneumonia patients given initial antibiotic(s) within 6 hours after arrival,0.0008,bclean_keep
184,Stateavg,al_pn-5c,0.0007,bclean_keep
185,ProviderNumber,10010,0.0000,bclean_keep
185,HospitalName,marshall medical center north,0.0014,bclean_keep
185,Address1,8000 alabama highway 69,0.0018,bclean_keep
185,City,guntersville,0.0018,bclean_keep
185,State,al,0.5000,bclean_keep
185,ZipCode,35976,0.0000,bclean_keep
185,CountyName,marshall,0.0000,bclean_keep
185,PhoneNumber,2565718000,0.0000,bclean_keep
185,HospitalType,acute care hospitals,0.5000,bclean_keep
185,HospitalOwner,government - hospital district or authority,0.0000,bclean_keep
185,EmergencyService,yes,0.5000,bclean_keep
185,Condition,pneumonia,0.0002,bclean_keep
185,MeasureCode,pn-6,0.0000,bclean_keep
185,MeasureName,pneumonia patients given the most appropriate initial antibiotic(s),0.0006,bclean_keep
185,Stateavg,al_pn-6,0.0008,bclean_keep
186,ProviderNumber,10010,0.0000,bclean_keep
186,HospitalName,marshall medical center north,0.0014,bclean_keep
186,Address1,8000 alabama highway 69,0.0018,bclean_keep
186,City,guntersville,0.0018,bclean_keep
186,State,al,0.5000,bclean_keep
186,ZipCode,35976,0.0000,bclean_keep
186,CountyName,marshall,0.0000,bclean_keep
186,PhoneNumber,2565718000,0.0000,bclean_keep
186,HospitalType,acute care hospitals,0.5000,bclean_keep
186,HospitalOwner,government - hospital district or authority,0.0000,bclean_keep
186,EmergencyService,yes,0.5000,bclean_keep
186,Condition,pneumonia,0.0000,bclean_keep
186,MeasureCode,pn-7,0.0000,bclean_keep
186,MeasureName,pneumonia patients assessed and given influenza vaccination,0.0008,bclean_keep
186,Stateavg,al_pn-7,0.0007,bclean_keep
187,ProviderNumber,10010,0.0000,bclean_keep
187,HospitalName,marshall medical center north,0.0014,bclean_keep
187,Address1,8000 alabama highway 69,0.0018,bclean_keep
187,City,guntersville,0.0017,bclean_keep
187,State,al,0.5000,bclean_keep
187,ZipCode,35976,0.0000,bclean_keep
187,CountyName,marshall,0.0000,bclean_keep
187,PhoneNumber,2565718000,0.0000,bclean_keep
187,HospitalType,acute care hospitals,0.5000,bclean_keep
187,HospitalOwner,government - hospital district or authority,0.0000,bclean_keep
187,EmergencyService,yes,0.5000,bclean_keep
187,Condition,surgical infection prevention,0.0005,bclean_keep
187,MeasureCode,scip-card-2,0.0000,bclean_keep
187,MeasureName,surgery patients who were taking heart drugs called beta blockers before coming to the hospital who were kept on the beta blockers during the period just before and after their surgery,0.0008,bclean_keep
187,Stateavg,al_scip-card-2,0.0000,bclean_keep
188,ProviderNumber,10010,0.0000,bclean_keep
188,HospitalName,marshall medical center north,0.0014,bclean_keep
188,Address1,8000 alabama highway 69,0.0018,bclean_keep
188,City,guntersville,0.0017,bclean_keep
188,State,al,0.5000,bclean_keep
188,ZipCode,35976,0.0000,bclean_keep
188,CountyName,marshall,0.0000,bclean_keep
188,PhoneNumber,2565718000,0.0000,bclean_keep
188,HospitalType,acute care hospitals,0.5000,bclean_keep
188,HospitalOwner,government - hospital district or authority,0.0000,bclean_keep
188,EmergencyService,yes,0.5000,bclean_keep
188,Condition,surgical infection prevention,0.0000,bclean_keep
188,MeasureCode,scip-inf-1,0.0006,bclean_keep
188,MeasureName,surgery patients who were given an antibiotic at the right time (within one hour before surgery) to help prevent infection,0.0000,bclean_keep
188,Stateavg,al_scip-inf-1,0.0000,bclean_keep
189,ProviderNumber,10010,0.0000,bclean_keep
189,HospitalName,marshall medical center north,0.0014,bclean_keep
189,Address1,8000 alabama highway 69,0.0018,bclean_keep
189,City,guntersville,0.0017,bclean_keep
189,State,al,0.5000,bclean_keep
189,ZipCode,35976,0.0000,bclean_keep
189,CountyName,marshall,0.0000,bclean_keep
189,PhoneNumber,2565718000,0.0000,bclean_keep
189,HospitalType,acute care hospitals,0.5000,bclean_keep
189,HospitalOwner,government - hospital district or authority,0.0000,bclean_keep
189,EmergencyService,yes,0.5000,bclean_keep
189,Condition,surgical infection prevention,0.0001,bclean_keep
189,MeasureCode,scip-inf-2,0.0009,bclean_keep
189,MeasureName,surgery patients who were given the  right kind  of antibiotic to help prevent infection,0.0000,bclean_keep
189,Stateavg,al_scip-inf-2,0.0034,bclean_keep
190,ProviderNumber,10010,0.0000,bclean_keep
190,HospitalName,marshall medical center north,0.0014,bclean_keep
190,Address1,8000 alabama highway 69,0.0018,bclean_keep
190,City,guntersville,0.0017,bclean_keep
190,State,al,0.5000,bclean_keep
190,ZipCode,35976,0.0000,bclean_keep
190,CountyName,marshall,0.0000,bclean_keep
190,PhoneNumber,2565718000,0.0000,bclean_keep
190,HospitalType,acute care hospitals,0.5000,bclean_keep
190,HospitalOwner,government - hospital district or authority,0.0000,bclean_keep
190,EmergencyService,yes,0.5000,bclean_keep
190,Condition,surgical infection prevention,0.0001,bclean_keep
190,MeasureCode,scip-inf-3,0.0007,bclean_keep
190,MeasureName,surgery patients whose preventive antibiotics were stopped at the right time (within 24 hours after surgery),0.0000,bclean_keep
190,Stateavg,al_scip-inf-3,0.0000,bclean_keep
191,ProviderNumber,10010,0.0000,bclean_keep
191,HospitalName,marshall medical center north,0.0014,bclean_keep
191,Address1,8000 alabama highway 69,0.0018,bclean_keep
191,City,guntersville,0.0017,bclean_keep
191,State,al,0.5000,bclean_keep
191,ZipCode,35976,0.0000,bclean_keep
191,CountyName,marshall,0.0000,bclean_keep
191,PhoneNumber,2565718000,0.0000,bclean_keep
191,HospitalType,acute care hospitals,0.5000,bclean_keep
191,HospitalOwner,government - hospital district or authority,0.0000,bclean_keep
191,EmergencyService,yes,0.5000,bclean_keep
191,Condition,surgical infection prevention,0.0001,bclean_keep
191,MeasureName,all heart surgery patients whose blood sugar (blood glucose) is kept under good control in the days right after surgery,0.0010,bclean_keep
191,Stateavg,al_scip-inf-4,0.0000,bclean_keep
192,ProviderNumber,10010,0.0000,bclean_keep
192,HospitalName,marshall medical center north,0.0014,bclean_keep
192,Address1,8000 alabama highway 69,0.0018,bclean_keep
192,City,guntersville,0.0017,bclean_keep
192,State,al,0.5000,bclean_keep
192,ZipCode,35976,0.0000,bclean_keep
192,CountyName,marshall,0.0000,bclean_keep
192,PhoneNumber,2565718000,0.0000,bclean_keep
192,HospitalType,acute care hospitals,0.5000,bclean_keep
192,HospitalOwner,government - hospital district or authority,0.0000,bclean_keep
192,EmergencyService,yes,0.5000,bclean_keep
192,Condition,surgical infection prevention,0.0000,bclean_keep
192,MeasureCode,scip-inf-6,0.0000,bclean_keep
192,MeasureName,surgery patients needing hair removed from the surgical area before surgery who had hair removed using a safer method (electric clippers or hair removal cream c not a razor),0.0008,bclean_keep
192,Stateavg,al_scip-inf-6,0.0000,bclean_keep
193,ProviderNumber,10010,0.0000,bclean_keep
193,HospitalName,marshall medical center north,0.0014,bclean_keep
193,Address1,8000 alabama highway 69,0.0018,bclean_keep
193,City,guntersville,0.0017,bclean_keep
193,State,al,0.5000,bclean_keep
193,ZipCode,35976,0.0000,bclean_keep
193,CountyName,marshall,0.0000,bclean_keep
193,PhoneNumber,2565718000,0.0000,bclean_keep
193,HospitalType,acute care hospitals,0.5000,bclean_keep
193,HospitalOwner,government - hospital district or authority,0.0000,bclean_keep
193,EmergencyService,yes,0.5000,bclean_keep
193,Condition,surgical infection prevention,0.0000,bclean_keep
193,MeasureCode,scip-vte-1,0.0009,bclean_keep
193,MeasureName,surgery patients whose doctors ordered treatments to prevent blood clots after certain types of surgeries,0.0008,bclean_keep
193,Stateavg,al_scip-vte-1,0.0008,bclean_keep
194,ProviderNumber,10010,0.0000,bclean_keep
194,HospitalName,marshall medical center north,0.0014,bclean_keep
194,Address1,8000 alabama highway 69,0.0018,bclean_keep
194,City,guntersville,0.0017,bclean_keep
194,State,al,0.5000,bclean_keep
194,ZipCode,35976,0.0000,bclean_keep
194,CountyName,marshall,0.0000,bclean_keep
194,PhoneNumber,2565718000,0.0000,bclean_keep
194,HospitalType,acute care hospitals,0.5000,bclean_keep
194,HospitalOwner,government - hospital district or authority,0.0000,bclean_keep
194,EmergencyService,yes,0.5000,bclean_keep
194,Condition,surgical infection prevention,0.0001,bclean_keep
194,MeasureCode,scip-vte-2,0.0000,bclean_keep
194,MeasureName,patients who got treatment  at the right time (within 24 hours before or after their surgery) to help prevent blood clots after certain types of surgery,0.0000,bclean_keep
195,ProviderNumber,10011,0.0000,bclean_keep
195,HospitalName,st vincents east,0.0000,bclean_keep
195,Address1,50 medical park east drive,0.0000,bclean_keep
195,City,birmingham,0.0008,bclean_keep
195,State,al,0.5000,bclean_keep
195,ZipCode,35235,0.0000,bclean_keep
195,CountyName,jefferson,0.0003,bclean_keep
195,PhoneNumber,2058383122,0.0000,bclean_keep
195,HospitalType,acute care hospitals,0.5000,bclean_keep
195,HospitalOwner,voluntary non-profit - private,0.0004,bclean_keep
195,EmergencyService,yes,0.5000,bclean_keep
195,Condition,heart attack,0.0003,bclean_keep
195,MeasureCode,ami-1,0.0038,bclean_keep
195,MeasureName,heart attack patients given aspirin at arrival,0.0010,bclean_keep
195,Stateavg,al_ami-1,0.0011,bclean_keep
196,ProviderNumber,10011,0.0000,bclean_keep
196,HospitalName,st vincents east,0.0000,bclean_keep
196,Address1,50 medical park east drive,0.0000,bclean_keep
196,City,birmingham,0.0008,bclean_keep
196,State,al,0.5000,bclean_keep
196,ZipCode,35235,0.0000,bclean_keep
196,CountyName,jefferson,0.0003,bclean_keep
196,PhoneNumber,2058383122,0.0000,bclean_keep
196,HospitalType,acute care hospitals,0.5000,bclean_keep
196,HospitalOwner,voluntary non-profit - private,0.0004,bclean_keep
196,EmergencyService,yes,0.0000,bclean_keep
196,Condition,heart attack,0.0003,bclean_keep
196,MeasureCode,ami-2,0.0009,bclean_keep
196,MeasureName,heart attack patients given aspirin at discharge,0.0007,bclean_keep
196,Stateavg,al_ami-2,0.0008,bclean_keep
197,ProviderNumber,10011,0.0000,bclean_keep
197,HospitalName,st vincents east,0.0000,bclean_keep
197,Address1,50 medical park east drive,0.0000,bclean_keep
197,City,birmingham,0.0008,bclean_keep
197,State,al,0.5000,bclean_keep
197,CountyName,jefferson,0.0003,bclean_keep
197,PhoneNumber,2058383122,0.0000,bclean_keep
197,HospitalType,acute care hospitals,0.5000,bclean_keep
197,HospitalOwner,voluntary non-profit - private,0.0004,bclean_keep
197,EmergencyService,yes,0.0000,bclean_keep
197,Condition,heart attack,0.0003,bclean_keep
197,MeasureCode,ami-3,0.0006,bclean_keep
197,MeasureName,heart attack patients given ace inhibitor or arb for left ventricular systolic dysfunction (lvsd),0.0006,bclean_keep
197,Stateavg,al_ami-3,0.0000,bclean_keep
198,ProviderNumber,10011,0.0000,bclean_keep
198,HospitalName,st vincents east,0.0000,bclean_keep
198,Address1,50 medical park east drive,0.0000,bclean_keep
198,City,birmingham,0.0008,bclean_keep
198,State,al,0.5000,bclean_keep
198,ZipCode,35235,0.0000,bclean_keep
198,CountyName,jefferson,0.0003,bclean_keep
198,PhoneNumber,2058383122,0.0000,bclean_keep
198,HospitalType,acute care hospitals,0.5000,bclean_keep
198,HospitalOwner,voluntary non-profit - private,0.0004,bclean_keep
198,EmergencyService,yes,0.5000,bclean_keep
198,Condition,heart attack,0.0003,bclean_keep
198,MeasureCode,ami-4,0.0006,bclean_keep
198,MeasureName,heart attack patients given smoking cessation advice/counseling,0.0000,bclean_keep
198,Stateavg,al_ami-4,0.0000,bclean_keep
199,ProviderNumber,10011,0.0000,bclean_keep
199,HospitalName,st vincents east,0.0000,bclean_keep
199,Address1,50 medical park east drive,0.0000,bclean_keep
199,City,birmingham,0.0008,bclean_keep
199,State,al,0.5000,bclean_keep
199,ZipCode,35235,0.0000,bclean_keep
199,CountyName,jefferson,0.0003,bclean_keep
199,PhoneNumber,2058383122,0.0000,bclean_keep
199,HospitalType,acute care hospitals,0.5000,bclean_keep
199,HospitalOwner,voluntary non-profit - private,0.0004,bclean_keep
199,EmergencyService,yes,0.5000,bclean_keep
199,Condition,heart attack,0.0003,bclean_keep
199,MeasureCode,ami-5,0.0008,bclean_keep
199,MeasureName,heart attack patients given beta blocker at discharge,0.0008,bclean_keep
199,Stateavg,al_ami-5,0.0007,bclean_keep
200,ProviderNumber,10011,0.0000,bclean_keep
200,HospitalName,st vincents east,0.0000,bclean_keep
200,Address1,50 medical park east drive,0.0000,bclean_keep
200,City,birmingham,0.0009,bclean_keep
200,State,al,0.5000,bclean_keep
200,ZipCode,35235,0.0000,bclean_keep
200,CountyName,jefferson,0.0003,bclean_keep
200,PhoneNumber,2058383122,0.0000,bclean_keep
200,HospitalType,acute care hosxitals,0.5000,bclean_keep
200,HospitalOwner,voluntary non-profit - private,0.0004,bclean_keep
200,EmergencyService,yes,0.0000,bclean_keep
200,MeasureCode,ami-7a,0.0000,bclean_keep
200,MeasureName,heart attack patients given fibrinolytic medication within 30 minutes of arrival,0.0000,bclean_keep
200,Stateavg,al_ami-7a,0.0008,bclean_keep
201,ProviderNumber,10011,0.0000,bclean_keep
201,HospitalName,st vincents east,0.0000,bclean_keep
201,Address1,50 medical park east drive,0.0000,bclean_keep
201,City,birmingham,0.0008,bclean_keep
201,State,al,0.5000,bclean_keep
201,ZipCode,35235,0.0000,bclean_keep
201,CountyName,jefferson,0.0003,bclean_keep
201,PhoneNumber,2058383122,0.0000,bclean_keep
201,HospitalType,acute care hospitals,0.5000,bclean_keep
201,HospitalOwner,voluntary non-profit - private,0.0004,bclean_keep
201,EmergencyService,yes,0.5000,bclean_keep
201,Condition,heart attack,0.0003,bclean_keep
201,MeasureCode,ami-8a,0.0000,bclean_keep
201,MeasureName,heart attack patients given pci within 90 minutes of arrival,0.0008,bclean_keep
201,Stateavg,al_ami-8a,0.0008,bclean_keep
202,ProviderNumber,10011,0.0000,bclean_keep
202,HospitalName,st vincents east,0.0000,bclean_keep
202,Address1,50 medical park east drive,0.0000,bclean_keep
202,City,birmingham,0.0008,bclean_keep
202,State,al,0.5000,bclean_keep
202,ZipCode,35235,0.0000,bclean_keep
202,CountyName,jefferson,0.0003,bclean_keep
202,PhoneNumber,2058383122,0.0000,bclean_keep
202,HospitalType,acute care hospitals,0.5000,bclean_keep
202,HospitalOwner,voluntary non-profit - private,0.0004,bclean_keep
202,EmergencyService,yes,0.0000,bclean_keep
202,Condition,heart failure,0.0004,bclean_keep
202,MeasureCode,hf-1,0.0030,bclean_keep
202,MeasureName,heart failure patients given discharge instructions,0.0008,bclean_keep
202,Stateavg,al_hf-1,0.0000,bclean_keep
203,ProviderNumber,10011,0.0000,bclean_keep
203,HospitalName,st vincents east,0.0000,bclean_keep
203,Address1,50 medical park east drive,0.0000,bclean_keep
203,City,birmingham,0.0008,bclean_keep
203,State,al,0.5000,bclean_keep
203,ZipCode,35235,0.0000,bclean_keep
203,CountyName,jefferson,0.0003,bclean_keep
203,PhoneNumber,2058383122,0.0000,bclean_keep
203,HospitalType,acute care hospitals,0.5000,bclean_keep
203,HospitalOwner,voluntary non-profit - private,0.0004,bclean_keep
203,EmergencyService,yes,0.5000,bclean_keep
203,Condition,heart failure,0.0002,bclean_keep
203,MeasureCode,hf-2,0.0007,bclean_keep
203,MeasureName,heart failure patients given an evaluation of left ventricular systolic (lvs) function,0.0007,bclean_keep
203,Stateavg,al_hf-2,0.0007,bclean_keep
204,ProviderNumber,10011,0.0000,bclean_keep
204,HospitalName,st vincents east,0.0000,bclean_keep
204,Address1,50 medical park east drive,0.0000,bclean_keep
204,City,birmingham,0.0008,bclean_keep
204,State,al,0.5000,bclean_keep
204,ZipCode,35235,0.0000,bclean_keep
204,CountyName,jefferson,0.0003,bclean_keep
204,PhoneNumber,2058383122,0.0000,bclean_keep
204,HospitalType,acute care hospitals,0.5000,bclean_keep
204,HospitalOwner,voluntary non-profit - private,0.0004,bclean_keep
204,EmergencyService,yes,0.5000,bclean_keep
204,Condition,heart failure,0.0003,bclean_keep
204,MeasureCode,hf-3,0.0000,bclean_keep
204,MeasureName,heart failure patients given ace inhibitor or arb for left ventricular systolic dysfunction (lvsd),0.0007,bclean_keep
204,Stateavg,al_hf-3,0.0000,bclean_keep
205,ProviderNumber,10011,0.0000,bclean_keep
205,HospitalName,st vincents east,0.0000,bclean_keep
205,Address1,50 medical park east drive,0.0000,bclean_keep
205,City,birmingham,0.0008,bclean_keep
205,State,al,0.5000,bclean_keep
205,ZipCode,35235,0.0000,bclean_keep
205,CountyName,jefferson,0.0003,bclean_keep
205,PhoneNumber,2058383122,0.0000,bclean_keep
205,HospitalType,acute care hospitals,0.5000,bclean_keep
205,HospitalOwner,voluntary non-profit - private,0.0004,bclean_keep
205,EmergencyService,yes,0.5000,bclean_keep
205,Condition,heart failure,0.0002,bclean_keep
205,MeasureCode,hf-4,0.0009,bclean_keep
205,MeasureName,heart failure patients given smoking cessation advice/counseling,0.0007,bclean_keep
205,Stateavg,al_hf-4,0.0007,bclean_keep
206,ProviderNumber,10011,0.0000,bclean_keep
206,HospitalName,st vincents east,0.0000,bclean_keep
206,Address1,50 medical park east drive,0.0000,bclean_keep
206,City,birmingham,0.0009,bclean_keep
206,State,al,0.5000,bclean_keep
206,ZipCode,35235,0.0000,bclean_keep
206,CountyName,jefferson,0.0003,bclean_keep
206,PhoneNumber,2058383122,0.0000,bclean_keep
206,HospitalType,acute care hospitals,0.5000,bclean_keep
206,HospitalOwner,voluntary non-profit - private,0.0004,bclean_keep
206,EmergencyService,yes,0.5000,bclean_keep
206,Condition,pneumonia,0.0000,bclean_keep
206,MeasureCode,pn-2,0.0006,bclean_keep
206,MeasureName,pneumonia patients assessed and given pneumococcal vaccination,0.0000,bclean_keep
206,Stateavg,al_pn-2,0.0008,bclean_keep
207,ProviderNumber,10011,0.0000,bclean_keep
207,HospitalName,st vincents east,0.0000,bclean_keep
207,Address1,50 medical park east drive,0.0000,bclean_keep
207,City,birmingham,0.0009,bclean_keep
207,State,al,0.5000,bclean_keep
207,ZipCode,35235,0.0000,bclean_keep
207,CountyName,jefferson,0.0003,bclean_keep
207,PhoneNumber,2058383122,0.0000,bclean_keep
207,HospitalType,acute care hospitals,0.5000,bclean_keep
207,HospitalOwner,voluntary non-profit - private,0.0004,bclean_keep
207,EmergencyService,yes,0.0000,bclean_keep
207,Condition,pneumonia,0.0003,bclean_keep
207,MeasureCode,pn-3b,0.0007,bclean_keep
207,MeasureName,pneumonia patients whose initial emergency room blood culture was performed prior to the administration of the first hospital dose of antibiotics,0.0007,bclean_keep
207,Stateavg,al_pn-3b,0.0009,bclean_keep
208,ProviderNumber,10011,0.0000,bclean_keep
208,HospitalName,st vincents east,0.0000,bclean_keep
208,Address1,50 medical park east drive,0.0000,bclean_keep
208,State,al,0.5000,bclean_keep
208,ZipCode,35235,0.0000,bclean_keep
208,CountyName,jefferson,0.0003,bclean_keep
208,PhoneNumber,2058383122,0.0000,bclean_keep
208,HospitalType,acute care hospitals,0.5000,bclean_keep
208,HospitalOwner,voluntary non-profit - private,0.0004,bclean_keep
208,EmergencyService,yes,0.0000,bclean_keep
208,Condition,pneumonia,0.0003,bclean_keep
208,MeasureCode,pn-4,0.0029,bclean_keep
208,MeasureName,pneumonia patients given smoking cessation advice/counseling,0.0000,bclean_keep
208,Stateavg,al_pn-4,0.0000,bclean_keep
209,ProviderNumber,10011,0.0000,bclean_keep
209,HospitalName,st vincents east,0.0000,bclean_keep
209,Address1,50 medical park east drive,0.0000,bclean_keep
209,City,birmingham,0.0009,bclean_keep
209,State,al,0.5000,bclean_keep
209,ZipCode,35235,0.0000,bclean_keep
209,CountyName,jefferson,0.0003,bclean_keep
209,PhoneNumber,2058383122,0.0000,bclean_keep
209,HospitalType,acute care hospitals,0.5000,bclean_keep
209,HospitalOwner,voluntary non-profit - private,0.0004,bclean_keep
209,EmergencyService,yes,0.0000,bclean_keep
209,Condition,pneumonia,0.0002,bclean_keep
209,MeasureCode,pn-5c,0.0007,bclean_keep
209,MeasureName,pneumonia patients given initial antibiotic(s) within 6 hours after arrival,0.0008,bclean_keep
209,Stateavg,al_pn-5c,0.0008,bclean_keep
210,ProviderNumber,10011,0.0000,bclean_keep
210,HospitalName,st vincents east,0.0000,bclean_keep
210,Address1,50 medical park east drive,0.0000,bclean_keep
210,City,birmingham,0.0009,bclean_keep
210,State,al,0.5000,bclean_keep
210,ZipCode,35235,0.0000,bclean_keep
210,CountyName,jefferson,0.0003,bclean_keep
210,PhoneNumber,2058383122,0.0000,bclean_keep
210,HospitalType,acute care hospitals,0.5000,bclean_keep
210,HospitalOwner,voluntary non-profit - private,0.0004,bclean_keep
210,EmergencyService,yes,0.5000,bclean_keep
210,Condition,pneumonia,0.0002,bclean_keep
210,MeasureCode,pn-6,0.0000,bclean_keep
210,MeasureName,pneumonia patients given the most appropriate initial antibiotic(s),0.0007,bclean_keep
210,Stateavg,al_pn-6,0.0008,bclean_keep
211,ProviderNumber,10011,0.0000,bclean_keep
211,HospitalName,st vincents east,0.0000,bclean_keep
211,Address1,50 medical park east drive,0.0000,bclean_keep
211,City,birmingham,0.0009,bclean_keep
211,State,al,0.5000,bclean_keep
211,ZipCode,35235,0.0000,bclean_keep
211,CountyName,jefferson,0.0003,bclean_keep
211,PhoneNumber,2058383122,0.0000,bclean_keep
211,HospitalType,acute care hospitals,0.5000,bclean_keep
211,HospitalOwner,voluntary non-profit - private,0.0004,bclean_keep
211,EmergencyService,yes,0.5000,bclean_keep
211,Condition,pneumonia,0.0000,bclean_keep
211,MeasureCode,pn-7,0.0000,bclean_keep
211,Stateavg,al_pn-7,0.0007,bclean_keep
212,ProviderNumber,10011,0.0000,bclean_keep
212,HospitalName,st vincents east,0.0000,bclean_keep
212,Address1,50 medical park east drive,0.0000,bclean_keep
212,City,birmingham,0.0009,bclean_keep
212,State,al,0.5000,bclean_keep
212,ZipCode,35235,0.0000,bclean_keep
212,CountyName,jefferson,0.0003,bclean_keep
212,PhoneNumber,2058383122,0.0000,bclean_keep
212,HospitalType,acute care hospitals,0.5000,bclean_keep
212,HospitalOwner,voluntary non-profit - private,0.0005,bclean_keep
212,EmergencyService,yes,0.5000,bclean_keep
212,Condition,surgical infection prevention,0.0005,bclean_keep
212,MeasureCode,scip-card-2,0.0000,bclean_keep
212,MeasureName,surgery patients who were taking heart drugs called beta blockers before coming to the hospital who were kept on the beta blockers during the period just before and after their surgery,0.0010,bclean_keep
212,Stateavg,al_scip-card-2,0.0000,bclean_keep
213,ProviderNumber,10011,0.0000,bclean_keep
213,HospitalName,st vincents east,0.0000,bclean_keep
213,Address1,50 medical park east drive,0.0000,bclean_keep
213,State,al,0.5000,bclean_keep
213,ZipCode,35235,0.0000,bclean_keep
213,CountyName,jefferson,0.0003,bclean_keep
213,PhoneNumber,2058383122,0.0000,bclean_keep
213,HospitalType,acute care hospitals,0.5000,bclean_keep
213,HospitalOwner,voluntary non-profit - private,0.0005,bclean_keep
213,EmergencyService,yes,0.5000,bclean_keep
213,Condition,surgical infection prevention,0.0000,bclean_keep
213,MeasureCode,scip-inf-1,0.0007,bclean_keep
213,MeasureName,surgery patients who were given an antibiotic at the right time (within one hour before surgery) to help prevent infection,0.0000,bclean_keep
213,Stateavg,al_scip-inf-1,0.0000,bclean_keep
214,HospitalName,st vincents east,0.0000,bclean_keep
214,Address1,50 medical park east drive,0.0000,bclean_keep
214,City,birmingham,0.0010,bclean_keep
214,State,al,0.5000,bclean_keep
214,ZipCode,35235,0.0000,bclean_keep
214,CountyName,jefferson,0.0003,bclean_keep
214,PhoneNumber,2058383122,0.0000,bclean_keep
214,HospitalType,acutx carx hospitals,0.5000,bclean_keep
214,HospitalOwner,voluntary non-profit - private,0.0006,bclean_keep
214,EmergencyService,yes,0.5000,bclean_keep
214,Condition,surgical infection prevention,0.0001,bclean_keep
214,MeasureCode,scip-inf-2,0.0000,bclean_keep
214,MeasureName,surgery patients who were given the  right kind  of antibiotic to help prevent infection,0.0000,bclean_keep
215,ProviderNumber,10011,0.0000,bclean_keep
215,HospitalName,st vincents east,0.0000,bclean_keep
215,Address1,50 medical park east drive,0.0000,bclean_keep
215,City,birmingham,0.0009,bclean_keep
215,State,al,0.5000,bclean_keep
215,ZipCode,35235,0.0000,bclean_keep
215,CountyName,jefferson,0.0003,bclean_keep
215,PhoneNumber,2058383122,0.0000,bclean_keep
215,HospitalType,acute care hospitals,0.5000,bclean_keep
215,HospitalOwner,voluntary non-profit - private,0.0005,bclean_keep
215,EmergencyService,yes,0.0000,bclean_keep
215,Condition,surgical infection prevention,0.0001,bclean_keep
215,MeasureCode,scip-inf-3,0.0007,bclean_keep
215,MeasureName,surgery patients whose preventive antibiotics were stopped at the right time (within 24 hours after surgery),0.0000,bclean_keep
215,Stateavg,al_scip-inf-3,0.0000,bclean_keep
216,ProviderNumber,10011,0.0000,bclean_keep
216,HospitalName,st vincents east,0.0000,bclean_keep
216,Address1,50 medical park east drive,0.0000,bclean_keep
216,City,birmingham,0.0009,bclean_keep
216,State,al,0.5000,bclean_keep
216,ZipCode,35235,0.0000,bclean_keep
216,CountyName,jefferson,0.0003,bclean_keep
216,PhoneNumber,2058383122,0.0000,bclean_keep
216,HospitalType,acute care hospitals,0.5000,bclean_keep
216,HospitalOwner,voluntary non-profit - private,0.0005,bclean_keep
216,EmergencyService,yes,0.5000,bclean_keep
216,Condition,surgical infection prevention,0.0001,bclean_keep
216,MeasureCode,scip-inf-4,0.0008,bclean_keep
216,MeasureName,all heart surgery patients whose blood sugar (blood glucose) is kept under good control in the days right after surgery,0.0011,bclean_keep
216,Stateavg,al_scip-inf-4,0.0000,bclean_keep
217,ProviderNumber,10011,0.0000,bclean_keep
217,HospitalName,st vincents east,0.0000,bclean_keep
217,Address1,50 medical park east drive,0.0000,bclean_keep
217,City,birmingham,0.0000,bclean_keep
217,State,al,0.5000,bclean_keep
217,ZipCode,35235,0.0000,bclean_keep
217,PhoneNumber,2058383122,0.0000,bclean_keep
217,HospitalType,acute care hospitals,0.5000,bclean_keep
217,EmergencyService,yes,0.0000,bclean_keep
217,Condition,surgical infection prevention,0.0000,bclean_keep
217,MeasureCode,scip-inf-6,0.0000,bclean_keep
217,MeasureName,surgery patients needing hair removed from the surgical area before surgery who had hair removed using a safer method (electric clippers or hair removal cream c not a razor),0.0008,bclean_keep
217,Stateavg,al_scip-inf-6,0.0000,bclean_keep
218,ProviderNumber,10011,0.0000,bclean_keep
218,HospitalName,st vincents east,0.0000,bclean_keep
218,Address1,50 medical park east drive,0.0000,bclean_keep
218,City,birmingham,0.0008,bclean_keep
218,State,al,0.5000,bclean_keep
218,ZipCode,35235,0.0000,bclean_keep
218,CountyName,jefferson,0.0003,bclean_keep
218,HospitalType,acute care hospitals,0.5000,bclean_keep
218,HospitalOwner,voluntary non-profit - private,0.0005,bclean_keep
218,EmergencyService,yes,0.5000,bclean_keep
218,Condition,surgical infection prevention,0.0000,bclean_keep
218,MeasureCode,scip-vte-1,0.0009,bclean_keep
218,MeasureName,surgery patients whose doctors ordered treatments to prevent blood clots after certain types of surgeries,0.0008,bclean_keep
218,Stateavg,al_scip-vte-1,0.0009,bclean_keep
219,ProviderNumber,10011,0.0000,bclean_keep
219,HospitalName,st vincents east,0.0000,bclean_keep
219,Address1,50 medical park east drive,0.0000,bclean_keep
219,City,birmingham,0.0009,bclean_keep
219,State,al,0.5000,bclean_keep
219,ZipCode,35235,0.0000,bclean_keep
219,CountyName,jefferson,0.0003,bclean_keep
219,PhoneNumber,2058383122,0.0000,bclean_keep
219,HospitalType,acute care hospitals,0.5000,bclean_keep
219,EmergencyService,yes,0.5000,bclean_keep
219,Condition,surgical infection prevention,0.0001,bclean_keep
219,MeasureCode,scip-vte-2,0.0000,bclean_keep
219,MeasureName,patients who got treatment  at the right time (within 24 hours before or after their surgery) to help prevent blood clots after certain types of surgery,0.0000,bclean_keep
219,Stateavg,al_scip-vte-2,0.0008,bclean_keep
220,ProviderNumber,10012,0.0000,bclean_keep
220,HospitalName,dekalb regional medical center,0.0015,bclean_keep
220,Address1,200 med center drive,0.0000,bclean_keep
220,City,fort payne,0.0018,bclean_keep
220,State,al,0.5000,bclean_keep
220,ZipCode,35968,0.0000,bclean_keep
220,CountyName,de kalb,0.0094,bclean_keep
220,PhoneNumber,2568453150,0.0000,bclean_keep
220,HospitalType,acute care hospitals,0.5000,bclean_keep
220,HospitalOwner,voluntary non-profit - church,0.0010,bclean_keep
220,EmergencyService,yes,0.5000,bclean_keep
220,Condition,heart attack,0.0004,bclean_keep
220,MeasureCode,ami-1,0.0000,bclean_keep
220,Stateavg,al_ami-1,0.0011,bclean_keep
221,ProviderNumber,10012,0.0000,bclean_keep
221,HospitalName,dekalb regional medical center,0.0015,bclean_keep
221,Address1,200 med center drive,0.0000,bclean_keep
221,City,fort payne,0.0018,bclean_keep
221,State,al,0.5000,bclean_keep
221,ZipCode,35968,0.0000,bclean_keep
221,CountyName,de kalb,0.0094,bclean_keep
221,PhoneNumber,2568453150,0.0000,bclean_keep
221,HospitalType,acute care hospitals,0.5000,bclean_keep
221,HospitalOwner,voluntary non-profit - church,0.0010,bclean_keep
221,EmergencyService,yes,0.5000,bclean_keep
221,Condition,heart attack,0.0004,bclean_keep
221,MeasureCode,ami-2,0.0007,bclean_keep
221,MeasureName,heart attack patients given aspirin at discharge,0.0007,bclean_keep
221,Stateavg,al_ami-2,0.0008,bclean_keep
222,ProviderNumber,10012,0.0000,bclean_keep
222,HospitalName,dekalb regional medical center,0.0014,bclean_keep
222,Address1,200 med center drive,0.0000,bclean_keep
222,City,fort payne,0.0000,bclean_keep
222,State,al,0.5000,bclean_keep
222,ZipCode,35968,0.0000,bclean_keep
222,PhoneNumber,2568453150,0.0000,bclean_keep
222,HospitalType,acute care hospitals,0.5000,bclean_keep
222,EmergencyService,yes,0.5000,bclean_keep
222,Condition,heart attack,0.0003,bclean_keep
222,MeasureCode,ami-3,0.0006,bclean_keep
222,MeasureName,heart attack patients given ace inhibitor or arb for left ventricular systolic dysfunction (lvsd),0.0006,bclean_keep
222,Stateavg,al_ami-3,0.0000,bclean_keep
223,ProviderNumber,10012,0.0000,bclean_keep
223,HospitalName,dekalb regional medical center,0.0015,bclean_keep
223,Address1,200 med center drive,0.0000,bclean_keep
223,City,fort payne,0.0018,bclean_keep
223,State,al,0.5000,bclean_keep
223,ZipCode,35968,0.0000,bclean_keep
223,CountyName,de kalb,0.0094,bclean_keep
223,PhoneNumber,2568453150,0.0000,bclean_keep
223,HospitalType,acute care hospitals,0.5000,bclean_keep
223,HospitalOwner,voluntary non-profit - church,0.0010,bclean_keep
223,EmergencyService,yes,0.5000,bclean_keep
223,Condition,heart attack,0.0003,bclean_keep
223,MeasureCode,ami-4,0.0005,bclean_keep
223,MeasureName,heart attack patients given smoking cessation advice/counseling,0.0000,bclean_keep
223,Stateavg,al_ami-4,0.0000,bclean_keep
224,ProviderNumber,10012,0.0000,bclean_keep
224,HospitalName,dekalb regional medical center,0.0015,bclean_keep
224,Address1,200 med center drive,0.0000,bclean_keep
224,City,fort payne,0.0000,bclean_keep
224,State,al,0.5000,bclean_keep
224,ZipCode,35968,0.0000,bclean_keep
224,PhoneNumber,2568453150,0.0000,bclean_keep
224,HospitalType,acute care hospitals,0.5000,bclean_keep
224,HospitalOwner,voluntary non-profit - church,0.0010,bclean_keep
224,EmergencyService,yes,0.5000,bclean_keep
224,Condition,heart attack,0.0003,bclean_keep
224,MeasureCode,ami-5,0.0007,bclean_keep
224,MeasureName,heart attack patients given beta blocker at discharge,0.0007,bclean_keep
224,Stateavg,al_ami-5,0.0007,bclean_keep
225,ProviderNumber,10012,0.0000,bclean_keep
225,HospitalName,dekalb regional medical center,0.0015,bclean_keep
225,Address1,200 med center drive,0.0000,bclean_keep
225,City,fort payne,0.0018,bclean_keep
225,State,al,0.5000,bclean_keep
225,ZipCode,35968,0.0000,bclean_keep
225,CountyName,de kalb,0.0094,bclean_keep
225,PhoneNumber,2568453150,0.0000,bclean_keep
225,HospitalType,acute care hospitals,0.5000,bclean_keep
225,HospitalOwner,voluntary non-profit - church,0.0010,bclean_keep
225,EmergencyService,yes,0.5000,bclean_keep
225,Condition,heart attack,0.0001,bclean_keep
225,MeasureCode,ami-7a,0.0000,bclean_keep
225,MeasureName,heart attack patients given fibrinolytic medication within 30 minutes of arrival,0.0000,bclean_keep
225,Stateavg,al_ami-7a,0.0008,bclean_keep
226,ProviderNumber,10012,0.0000,bclean_keep
226,HospitalName,dekalb regional medical center,0.0015,bclean_keep
226,Address1,200 med center drive,0.0000,bclean_keep
226,City,fort payne,0.0018,bclean_keep
226,State,al,0.5000,bclean_keep
226,ZipCode,35968,0.0000,bclean_keep
226,CountyName,de kalb,0.0092,bclean_keep
226,PhoneNumber,2568453150,0.0000,bclean_keep
226,HospitalType,acute care hospitals,0.5000,bclean_keep
226,HospitalOwner,voluntary non-profit - church,0.0010,bclean_keep
226,EmergencyService,yes,0.5000,bclean_keep
226,MeasureCode,ami-8a,0.0000,bclean_keep
226,MeasureName,heart attack patients given pci within 90 minutes of arrival,0.0007,bclean_keep
226,Stateavg,al_ami-8a,0.0008,bclean_keep
227,ProviderNumber,10012,0.0000,bclean_keep
227,HospitalName,dekalb regional medical center,0.0015,bclean_keep
227,Address1,200 med center drive,0.0000,bclean_keep
227,City,fort payne,0.0019,bclean_keep
227,State,al,0.5000,bclean_keep
227,ZipCode,35968,0.0000,bclean_keep
227,CountyName,de kalb,0.0094,bclean_keep
227,PhoneNumber,2568453150,0.0000,bclean_keep
227,HospitalType,acute care hospitals,0.5000,bclean_keep
227,HospitalOwner,voluntary non-profit - church,0.0010,bclean_keep
227,EmergencyService,yes,0.5000,bclean_keep
227,Condition,heart failure,0.0004,bclean_keep
227,MeasureCode,hf-1,0.0028,bclean_keep
227,MeasureName,heart failure patients given discharge instructions,0.0008,bclean_keep
227,Stateavg,al_hf-1,0.0000,bclean_keep
228,ProviderNumber,10012,0.0000,bclean_keep
228,HospitalName,dekalb regional medical center,0.0015,bclean_keep
228,Address1,200 med center drive,0.0000,bclean_keep
228,City,fort payne,0.0000,bclean_keep
228,State,al,0.5000,bclean_keep
228,ZipCode,35968,0.0000,bclean_keep
228,PhoneNumber,2568453150,0.0000,bclean_keep
228,HospitalType,acute care hospitals,0.5000,bclean_keep
228,HospitalOwner,voluntary non-profit - church,0.0010,bclean_keep
228,EmergencyService,yes,0.5000,bclean_keep
228,Condition,heart failure,0.0002,bclean_keep
228,MeasureCode,hf-2,0.0007,bclean_keep
228,MeasureName,heart failure patients given an evaluation of left ventricular systolic (lvs) function,0.0007,bclean_keep
228,Stateavg,al_hf-2,0.0007,bclean_keep
229,ProviderNumber,10012,0.0000,bclean_keep
229,HospitalName,dekalb regional medical center,0.0000,bclean_keep
229,Address1,200 med center drive,0.0000,bclean_keep
229,ZipCode,35968,0.0000,bclean_keep
229,CountyName,de kalb,0.0093,bclean_keep
229,HospitalType,acute care hospitals,0.5000,bclean_keep
229,HospitalOwner,voluntary non-profit - church,0.0010,bclean_keep
229,EmergencyService,yes,0.5000,bclean_keep
229,Condition,heart failure,0.0003,bclean_keep
229,MeasureCode,hf-3,0.0000,bclean_keep
229,MeasureName,heart failure patients given ace inhibitor or arb for left ventricular systolic dysfunction (lvsd),0.0007,bclean_keep
229,Stateavg,al_hf-3,0.0000,bclean_keep
230,ProviderNumber,10012,0.0000,bclean_keep
230,HospitalName,dekalb regional medical center,0.0015,bclean_keep
230,Address1,200 med center drive,0.0000,bclean_keep
230,City,fort payne,0.0018,bclean_keep
230,State,al,0.5000,bclean_keep
230,ZipCode,35968,0.0000,bclean_keep
230,CountyName,de kalb,0.0092,bclean_keep
230,PhoneNumber,2568453150,0.0000,bclean_keep
230,HospitalType,acute care hospitals,0.5000,bclean_keep
230,HospitalOwner,voluntary non-profit - church,0.0010,bclean_keep
230,EmergencyService,yes,0.5000,bclean_keep
230,MeasureCode,hf-4,0.0000,bclean_keep
230,MeasureName,heart failure patients given smoking cessation advice/counseling,0.0008,bclean_keep
230,Stateavg,al_hf-4,0.0007,bclean_keep
231,ProviderNumber,10012,0.0000,bclean_keep
231,HospitalName,dekalb regional medical center,0.0015,bclean_keep
231,Address1,200 med center drive,0.0000,bclean_keep
231,City,fort payne,0.0018,bclean_keep
231,State,al,0.5000,bclean_keep
231,ZipCode,35968,0.0000,bclean_keep
231,CountyName,de kalb,0.0092,bclean_keep
231,PhoneNumber,2568453150,0.0000,bclean_keep
231,HospitalType,acute care hospitals,0.5000,bclean_keep
231,HospitalOwner,voluntary non-profit - church,0.0010,bclean_keep
231,EmergencyService,yes,0.5000,bclean_keep
231,Condition,pneumonia,0.0000,bclean_keep
231,MeasureCode,pn-2,0.0006,bclean_keep
231,MeasureName,pneumonia patients assessed and given pneumococcal vaccination,0.0000,bclean_keep
231,Stateavg,al_pn-2,0.0008,bclean_keep
232,ProviderNumber,10012,0.0000,bclean_keep
232,HospitalName,dekalb regional medical center,0.0015,bclean_keep
232,Address1,200 med center drive,0.0000,bclean_keep
232,City,fort payne,0.0018,bclean_keep
232,State,al,0.5000,bclean_keep
232,ZipCode,35968,0.0000,bclean_keep
232,CountyName,de kalb,0.0092,bclean_keep
232,PhoneNumber,2568453150,0.0000,bclean_keep
232,HospitalType,acute care hospitals,0.5000,bclean_keep
232,HospitalOwner,voluntary non-profit - church,0.0010,bclean_keep
232,EmergencyService,yes,0.5000,bclean_keep
232,Condition,pneumonia,0.0003,bclean_keep
232,MeasureCode,pn-3b,0.0007,bclean_keep
232,MeasureName,pneumonia patients whose initial emergency room blood culture was performed prior to the administration of the first hospital dose of antibiotics,0.0008,bclean_keep
232,Stateavg,al_pn-3b,0.0008,bclean_keep
233,ProviderNumber,10012,0.0000,bclean_keep
233,HospitalName,dekalb regional medical center,0.0000,bclean_keep
233,Address1,200 med center drive,0.0000,bclean_keep
233,City,fort payne,0.0017,bclean_keep
233,State,al,0.5000,bclean_keep
233,CountyName,de kalb,0.0092,bclean_keep
233,PhoneNumber,2568453150,0.0000,bclean_keep
233,HospitalType,acute care hospitals,0.5000,bclean_keep
233,HospitalOwner,voluntary non-profit - church,0.0010,bclean_keep
233,EmergencyService,yes,0.5000,bclean_keep
233,Condition,pneumonia,0.0003,bclean_keep
233,MeasureCode,pn-4,0.0028,bclean_keep
233,MeasureName,pneumonia patients given smoking cessation advice/counseling,0.0000,bclean_keep
233,Stateavg,al_pn-4,0.0000,bclean_keep
234,ProviderNumber,10012,0.0000,bclean_keep
234,HospitalName,dekalb regional medical center,0.0015,bclean_keep
234,Address1,200 med center drive,0.0000,bclean_keep
234,City,fort payne,0.0018,bclean_keep
234,State,al,0.5000,bclean_keep
234,ZipCode,35968,0.0000,bclean_keep
234,CountyName,de kalb,0.0092,bclean_keep
234,PhoneNumber,2568453150,0.0000,bclean_keep
234,HospitalType,acute care hospitals,0.5000,bclean_keep
234,HospitalOwner,voluntary non-profit - church,0.0010,bclean_keep
234,EmergencyService,yes,0.5000,bclean_keep
234,Condition,pneumonia,0.0001,bclean_keep
234,MeasureCode,pn-5c,0.0007,bclean_keep
234,MeasureName,pneumonia patients given initial antibiotic(s) within 6 hours after arrival,0.0008,bclean_keep
234,Stateavg,al_pn-5c,0.0007,bclean_keep
235,ProviderNumber,10012,0.0000,bclean_keep
235,HospitalName,dekalb regional medical center,0.0015,bclean_keep
235,Address1,200 med center drive,0.0000,bclean_keep
235,City,fort payne,0.0018,bclean_keep
235,State,al,0.5000,bclean_keep
235,ZipCode,35968,0.0000,bclean_keep
235,CountyName,de kalb,0.0092,bclean_keep
235,PhoneNumber,2568453150,0.0000,bclean_keep
235,HospitalType,acute care hospitals,0.5000,bclean_keep
235,HospitalOwner,voluntary non-profit - church,0.0010,bclean_keep
235,EmergencyService,yes,0.5000,bclean_keep
235,Condition,pneumonia,0.0002,bclean_keep
235,MeasureCode,pn-6,0.0000,bclean_keep
235,MeasureName,pneumonia patients given the most appropriate initial antibiotic(s),0.0006,bclean_keep
235,Stateavg,al_pn-6,0.0008,bclean_keep
236,ProviderNumber,10012,0.0000,bclean_keep
236,HospitalName,dekalb regional medical center,0.0015,bclean_keep
236,Address1,200 med center drive,0.0000,bclean_keep
236,City,fort payne,0.0018,bclean_keep
236,State,al,0.5000,bclean_keep
236,ZipCode,35968,0.0000,bclean_keep
236,CountyName,de kalb,0.0092,bclean_keep
236,PhoneNumber,2568453150,0.0000,bclean_keep
236,HospitalType,acute care hospitals,0.5000,bclean_keep
236,HospitalOwner,voluntary non-profit - church,0.0010,bclean_keep
236,EmergencyService,yes,0.5000,bclean_keep
236,Condition,pneumonia,0.0000,bclean_keep
236,MeasureCode,pn-7,0.0000,bclean_keep
236,MeasureName,pneumonia patients assessed and given influenza vaccination,0.0008,bclean_keep
236,Stateavg,al_pn-7,0.0007,bclean_keep
237,ProviderNumber,10012,0.0000,bclean_keep
237,HospitalName,dekalb regional medical center,0.0015,bclean_keep
237,Address1,200 med center drive,0.0000,bclean_keep
237,City,fort payne,0.0018,bclean_keep
237,State,al,0.5000,bclean_keep
237,ZipCode,35968,0.0000,bclean_keep
237,CountyName,de kalb,0.0092,bclean_keep
237,PhoneNumber,2568453150,0.0000,bclean_keep
237,HospitalType,acute care hospitals,0.5000,bclean_keep
237,HospitalOwner,voluntary non-profit - church,0.0010,bclean_keep
237,EmergencyService,yes,0.5000,bclean_keep
237,MeasureCode,scip-card-2,0.0000,bclean_keep
237,MeasureName,surgery patients who were taking heart drugs called beta blockers before coming to the hospital who were kept on the beta blockers during the period just before and after their surgery,0.0008,bclean_keep
237,Stateavg,al_scip-card-2,0.0000,bclean_keep
238,ProviderNumber,10012,0.0000,bclean_keep
238,HospitalName,dekalb regional medical center,0.0017,bclean_keep
238,Address1,200 med center drive,0.0000,bclean_keep
238,City,fort payne,0.0018,bclean_keep
238,State,al,0.5000,bclean_keep
238,ZipCode,35968,0.0000,bclean_keep
238,CountyName,de kalb,0.0093,bclean_keep
238,PhoneNumber,2568453150,0.0000,bclean_keep
238,HospitalType,acute care hospitals,0.5000,bclean_keep
238,HospitalOwner,voluntary non-profit - church,0.0010,bclean_keep
238,EmergencyService,yes,0.5000,bclean_keep
238,Condition,surgical infection prevention,0.0000,bclean_keep
238,MeasureCode,scip-inf-1,0.0006,bclean_keep
238,MeasureName,surgery patients who were given an antibiotic at the right time (within one hour before surgery) to help prevent infection,0.0000,bclean_keep
238,Stateavg,al_scip-inf-1,0.0000,bclean_keep
239,ProviderNumber,10012,0.0000,bclean_keep
239,HospitalName,dekalb regional medical center,0.0018,bclean_keep
239,Address1,200 med center drive,0.0000,bclean_keep
239,City,fort payne,0.0000,bclean_keep
239,State,al,0.5000,bclean_keep
239,ZipCode,35968,0.0000,bclean_keep
239,PhoneNumber,2568453150,0.0000,bclean_keep
239,HospitalType,acute care hospitals,0.5000,bclean_keep
239,EmergencyService,yes,0.5000,bclean_keep
239,Condition,surgical infection prevention,0.0001,bclean_keep
239,MeasureCode,scip-inf-2,0.0008,bclean_keep
239,MeasureName,surgery patients who were given the  right kind  of antibiotic to help prevent infection,0.0000,bclean_keep
239,Stateavg,al_scip-inf-2,0.0034,bclean_keep
240,ProviderNumber,10012,0.0000,bclean_keep
240,HospitalName,dekalb regional medical center,0.0015,bclean_keep
240,Address1,200 med center drive,0.0000,bclean_keep
240,City,fort payne,0.0018,bclean_keep
240,State,al,0.5000,bclean_keep
240,ZipCode,35968,0.0000,bclean_keep
240,CountyName,de kalb,0.0092,bclean_keep
240,PhoneNumber,2568453150,0.0000,bclean_keep
240,HospitalType,acute care hospitals,0.5000,bclean_keep
240,HospitalOwner,voluntary non-profit - church,0.0010,bclean_keep
240,EmergencyService,yes,0.5000,bclean_keep
240,MeasureCode,scip-inf-3,0.0000,bclean_keep
240,MeasureName,surgery patients whose preventive antibiotics were stopped at the right time (within 24 hours after surgery),0.0000,bclean_keep
240,Stateavg,al_scip-inf-3,0.0000,bclean_keep
241,ProviderNumber,10012,0.0000,bclean_keep
241,HospitalName,dekalb regional medical center,0.0017,bclean_keep
241,Address1,200 med center drive,0.0000,bclean_keep
241,City,fort payne,0.0018,bclean_keep
241,State,al,0.5000,bclean_keep
241,ZipCode,35968,0.0000,bclean_keep
241,CountyName,de kalb,0.0093,bclean_keep
241,PhoneNumber,2568453150,0.0000,bclean_keep
241,HospitalType,acute care hospitals,0.5000,bclean_keep
241,HospitalOwner,voluntary non-profit - church,0.0010,bclean_keep
241,EmergencyService,yes,0.5000,bclean_keep
241,Condition,surgical infection prevention,0.0001,bclean_keep
241,MeasureCode,scip-inf-4,0.0008,bclean_keep
241,MeasureName,all heart surgery patients whose blood sugar (blood glucose) is kept under good control in the days right after surgery,0.0011,bclean_keep
241,Stateavg,al_scip-inf-4,0.0000,bclean_keep
242,ProviderNumber,10012,0.0000,bclean_keep
242,HospitalName,dekalb regional medical center,0.0017,bclean_keep
242,Address1,200 med center drive,0.0000,bclean_keep
242,City,fort payne,0.0018,bclean_keep
242,State,al,0.5000,bclean_keep
242,ZipCode,35968,0.0000,bclean_keep
242,CountyName,de kalb,0.0093,bclean_keep
242,PhoneNumber,2568453150,0.0000,bclean_keep
242,HospitalType,acute care hospitals,0.5000,bclean_keep
242,HospitalOwner,voluntary non-profit - church,0.0010,bclean_keep
242,EmergencyService,yes,0.5000,bclean_keep
242,Condition,surgical infection prevention,0.0000,bclean_keep
242,MeasureCode,scip-inf-6,0.0000,bclean_keep
242,MeasureName,surgery patients needing hair removed from the surgical area before surgery who had hair removed using a safer method (electric clippers or hair removal cream c not a razor),0.0008,bclean_keep
242,Stateavg,al_scip-inf-6,0.0000,bclean_keep
243,ProviderNumber,10012,0.0000,bclean_keep
243,HospitalName,dekalb regional medical center,0.0017,bclean_keep
243,Address1,200 med center drive,0.0000,bclean_keep
243,City,fort payne,0.0018,bclean_keep
243,State,al,0.5000,bclean_keep
243,ZipCode,35968,0.0000,bclean_keep
243,CountyName,de kalb,0.0093,bclean_keep
243,PhoneNumber,2568453150,0.0000,bclean_keep
243,HospitalType,acute care hospitals,0.5000,bclean_keep
243,HospitalOwner,voluntary non-profit - church,0.0010,bclean_keep
243,EmergencyService,yes,0.5000,bclean_keep
243,Condition,surgical infection prevention,0.0000,bclean_keep
243,MeasureCode,scip-vte-1,0.0008,bclean_keep
243,MeasureName,surgery patients whose doctors ordered treatments to prevent blood clots after certain types of surgeries,0.0008,bclean_keep
243,Stateavg,al_scip-vte-1,0.0008,bclean_keep
244,ProviderNumber,10012,0.0000,bclean_keep
244,Address1,200 med center drive,0.0000,bclean_keep
244,City,fort payne,0.0018,bclean_keep
244,State,al,0.5000,bclean_keep
244,ZipCode,35968,0.0000,bclean_keep
244,CountyName,de kalb,0.0093,bclean_keep
244,PhoneNumber,2568453150,0.0000,bclean_keep
244,HospitalType,acute care hospitals,0.5000,bclean_keep
244,HospitalOwner,voluntary non-profit - church,0.0010,bclean_keep
244,EmergencyService,yes,0.5000,bclean_keep
244,Condition,surgical infection prevention,0.0001,bclean_keep
244,MeasureCode,scip-vte-2,0.0000,bclean_keep
244,MeasureName,patients who got treatment  at the right time (within 24 hours before or after their surgery) to help prevent blood clots after certain types of surgery,0.0000,bclean_keep
244,Stateavg,al_scip-vte-2,0.0008,bclean_keep
245,HospitalName,southwest alabama medical center,0.0000,bclean_keep
245,Address1,33700 highway 43,0.0020,bclean_keep
245,City,thomasville,0.0000,bclean_keep
245,State,al,0.5000,bclean_keep
245,ZipCode,36784,0.0000,bclean_keep
245,CountyName,clarke,0.0018,bclean_keep
245,PhoneNumber,3346366221,0.0000,bclean_keep
245,HospitalType,acute care hospitals,0.5000,bclean_keep
245,HospitalOwner,government - federal,0.0000,bclean_keep
245,EmergencyService,yes,0.5000,bclean_keep
245,Condition,heart attack,0.0003,bclean_keep
245,MeasureCode,ami-1,0.0000,bclean_keep
245,MeasureName,heart attack patients given aspirin at arrival,0.0009,bclean_keep
246,ProviderNumber,10015,0.0000,bclean_keep
246,HospitalName,southwest alabama medical center,0.0000,bclean_keep
246,Address1,33700 highway 43,0.0020,bclean_keep
246,City,thomasville,0.0000,bclean_keep
246,State,al,0.5000,bclean_keep
246,ZipCode,36784,0.0000,bclean_keep
246,CountyName,clarke,0.0018,bclean_keep
246,PhoneNumber,3346366221,0.0000,bclean_keep
246,HospitalType,acute care hospitals,0.5000,bclean_keep
246,HospitalOwner,government - federal,0.0000,bclean_keep
246,EmergencyService,yes,0.5000,bclean_keep
246,Condition,heart attack,0.0003,bclean_keep
246,MeasureCode,ami-2,0.0008,bclean_keep
246,MeasureName,heart attack patients given aspirin at discharge,0.0007,bclean_keep
246,Stateavg,al_ami-2,0.0008,bclean_keep
247,ProviderNumber,10015,0.0000,bclean_keep
247,HospitalName,southwest alabama medical center,0.0000,bclean_keep
247,Address1,33700 highway 43,0.0020,bclean_keep
247,City,thomasville,0.0000,bclean_keep
247,State,al,0.5000,bclean_keep
247,ZipCode,36784,0.0000,bclean_keep
247,CountyName,clarke,0.0018,bclean_keep
247,PhoneNumber,3346366221,0.0000,bclean_keep
247,HospitalType,acute care hospitals,0.5000,bclean_keep
247,HospitalOwner,government - federal,0.0000,bclean_keep
247,EmergencyService,yes,0.5000,bclean_keep
247,Condition,heart attack,0.0003,bclean_keep
247,MeasureCode,ami-3,0.0006,bclean_keep
247,MeasureName,heart attack patients given ace inhibitor or arb for left ventricular systolic dysfunction (lvsd),0.0006,bclean_keep
247,Stateavg,al_ami-3,0.0000,bclean_keep
248,ProviderNumber,10015,0.0000,bclean_keep
248,HospitalName,southwest alabama medical center,0.0000,bclean_keep
248,Address1,33700 highway 43,0.0019,bclean_keep
248,City,thomasville,0.0000,bclean_keep
248,State,al,0.5000,bclean_keep
248,ZipCode,36784,0.0000,bclean_keep
248,CountyName,clarke,0.0018,bclean_keep
248,PhoneNumber,xx46x66221,0.5000,bclean_keep
248,HospitalType,acute care hospitals,0.5000,bclean_keep
248,HospitalOwner,governxent - federal,0.0000,bclean_keep
248,EmergencyService,yes,0.5000,bclean_keep
248,Condition,heart attack,0.0003,bclean_keep
248,MeasureCode,ami-4,0.0005,bclean_keep
248,MeasureName,heart attack patients given smoking cessation advice/counseling,0.0000,bclean_keep
248,Stateavg,al_ami-4,0.0000,bclean_keep
249,ProviderNumber,10015,0.0000,bclean_keep
249,HospitalName,southwest alabama medical center,0.0000,bclean_keep
249,Address1,33700 highway 43,0.0020,bclean_keep
249,City,thomasville,0.0000,bclean_keep
249,State,al,0.5000,bclean_keep
249,ZipCode,36784,0.0000,bclean_keep
249,CountyName,clarke,0.0018,bclean_keep
249,PhoneNumber,3346366221,0.0000,bclean_keep
249,HospitalType,acute care hospitals,0.5000,bclean_keep
249,HospitalOwner,government - federal,0.0000,bclean_keep
249,EmergencyService,yes,0.5000,bclean_keep
249,Condition,heart attack,0.0003,bclean_keep
249,MeasureCode,ami-5,0.0000,bclean_keep
249,MeasureName,heart attack patients given beta blocker at discharge,0.0007,bclean_keep
250,ProviderNumber,10015,0.0000,bclean_keep
250,HospitalName,southwest alabama medical center,0.0000,bclean_keep
250,Address1,33700 highway 43,0.0020,bclean_keep
250,City,thomasville,0.0000,bclean_keep
250,State,al,0.5000,bclean_keep
250,ZipCode,36784,0.0000,bclean_keep
250,CountyName,clarke,0.0018,bclean_keep
250,PhoneNumber,3346366221,0.0000,bclean_keep
250,HospitalType,acute care hospitals,0.5000,bclean_keep
250,HospitalOwner,government - federal,0.0000,bclean_keep
250,EmergencyService,yes,0.5000,bclean_keep
250,Condition,heart attack,0.0001,bclean_keep
250,MeasureCode,ami-7a,0.0000,bclean_keep
250,MeasureName,heart attack patients given fibrinolytic medication within 30 minutes of arrival,0.0000,bclean_keep
250,Stateavg,al_ami-7a,0.0008,bclean_keep
251,ProviderNumber,10015,0.0000,bclean_keep
251,HospitalName,southwest alabama medical center,0.0000,bclean_keep
251,Address1,33700 highway 43,0.0020,bclean_keep
251,City,thomasville,0.0000,bclean_keep
251,State,al,0.5000,bclean_keep
251,ZipCode,36784,0.0000,bclean_keep
251,CountyName,clarke,0.0018,bclean_keep
251,PhoneNumber,3346366221,0.0000,bclean_keep
251,HospitalType,acute care hospitals,0.5000,bclean_keep
251,HospitalOwner,government - federal,0.0000,bclean_keep
251,EmergencyService,yes,0.5000,bclean_keep
251,Condition,heart attack,0.0003,bclean_keep
251,MeasureCode,ami-8a,0.0000,bclean_keep
251,MeasureName,heart attack patients given pci within 90 minutes of arrival,0.0007,bclean_keep
251,Stateavg,al_ami-8a,0.0008,bclean_keep
252,ProviderNumber,10015,0.0000,bclean_keep
252,HospitalName,southwest alabama medical center,0.0000,bclean_keep
252,Address1,33700 highway 43,0.0020,bclean_keep
252,City,thomasville,0.0000,bclean_keep
252,State,al,0.5000,bclean_keep
252,ZipCode,36784,0.0000,bclean_keep
252,CountyName,clarke,0.0019,bclean_keep
252,PhoneNumber,3346366221,0.0000,bclean_keep
252,HospitalType,acute care hospitals,0.5000,bclean_keep
252,HospitalOwner,government - federal,0.0000,bclean_keep
252,EmergencyService,yes,0.5000,bclean_keep
252,Condition,heart failure,0.0004,bclean_keep
252,MeasureCode,hf-1,0.0028,bclean_keep
252,MeasureName,heart failure patients given discharge instructions,0.0008,bclean_keep
252,Stateavg,al_hf-1,0.0000,bclean_keep
253,ProviderNumber,10015,0.0000,bclean_keep
253,HospitalName,southwest alabama medical center,0.0000,bclean_keep
253,Address1,33700 highway 43,0.0020,bclean_keep
253,City,thomasville,0.0000,bclean_keep
253,State,al,0.5000,bclean_keep
253,ZipCode,36784,0.0000,bclean_keep
253,PhoneNumber,3346366221,0.0000,bclean_keep
253,HospitalType,acute care hospitals,0.5000,bclean_keep
253,HospitalOwner,government - federal,0.0000,bclean_keep
253,EmergencyService,yes,0.5000,bclean_keep
253,Condition,heart failure,0.0003,bclean_keep
253,MeasureCode,hf-2,0.0007,bclean_keep
253,MeasureName,heart failure patients given an evaluation of left ventricular systolic (lvs) function,0.0007,bclean_keep
253,Stateavg,al_hf-2,0.0007,bclean_keep
254,HospitalName,southwest alabama medical center,0.0000,bclean_keep
254,Address1,33700 highway 43,0.0020,bclean_keep
254,City,thomasville,0.0000,bclean_keep
254,State,al,0.5000,bclean_keep
254,ZipCode,36784,0.0000,bclean_keep
254,CountyName,clarke,0.0019,bclean_keep
254,PhoneNumber,3346366221,0.0000,bclean_keep
254,HospitalType,acute care hospitals,0.5000,bclean_keep
254,HospitalOwner,government - federal,0.0000,bclean_keep
254,EmergencyService,yes,0.5000,bclean_keep
254,Condition,heart failure,0.0003,bclean_keep
254,MeasureCode,hf-3,0.0000,bclean_keep
254,MeasureName,heart failure patients given ace inhibitor or arb for left ventricular systolic dysfunction (lvsd),0.0007,bclean_keep
254,Stateavg,al_hf-3,0.0000,bclean_keep
255,ProviderNumber,10015,0.0000,bclean_keep
255,HospitalName,southwest alabama medical center,0.0000,bclean_keep
255,Address1,33700 highway 43,0.0020,bclean_keep
255,City,thomasville,0.0000,bclean_keep
255,State,al,0.5000,bclean_keep
255,ZipCode,36784,0.0000,bclean_keep
255,CountyName,clarke,0.0019,bclean_keep
255,PhoneNumber,3346366221,0.0000,bclean_keep
255,HospitalType,acute care hospitals,0.5000,bclean_keep
255,HospitalOwner,government - federal,0.0000,bclean_keep
255,EmergencyService,yes,0.5000,bclean_keep
255,Condition,heart failure,0.0002,bclean_keep
255,MeasureCode,hf-4,0.0007,bclean_keep
255,MeasureName,heart failure patients given smoking cessation advice/counseling,0.0008,bclean_keep
255,Stateavg,al_hf-4,0.0007,bclean_keep
256,ProviderNumber,10015,0.0000,bclean_keep
256,HospitalName,southwest alabama medical center,0.0000,bclean_keep
256,Address1,33700 highway 43,0.0021,bclean_keep
256,City,thomasville,0.0000,bclean_keep
256,State,al,0.5000,bclean_keep
256,ZipCode,36784,0.0000,bclean_keep
256,CountyName,clarke,0.0018,bclean_keep
256,PhoneNumber,3346366221,0.0000,bclean_keep
256,HospitalType,acute care hospitals,0.5000,bclean_keep
256,HospitalOwner,government - federal,0.0000,bclean_keep
256,EmergencyService,yes,0.5000,bclean_keep
256,Condition,pneumonia,0.0000,bclean_keep
256,MeasureCode,pn-2,0.0006,bclean_keep
256,MeasureName,pneumonia patients assessed and given pneumococcal vaccination,0.0000,bclean_keep
256,Stateavg,al_pn-2,0.0008,bclean_keep
257,ProviderNumber,10015,0.0000,bclean_keep
257,HospitalName,southwest alabama medical center,0.0000,bclean_keep
257,Address1,33700 highway 43,0.0020,bclean_keep
257,City,thomasville,0.0000,bclean_keep
257,State,al,0.5000,bclean_keep
257,ZipCode,36784,0.0000,bclean_keep
257,CountyName,clarke,0.0018,bclean_keep
257,PhoneNumber,3346366221,0.0000,bclean_keep
257,HospitalType,acute care hospitals,0.5000,bclean_keep
257,HospitalOwner,government - federal,0.0000,bclean_keep
257,EmergencyService,yes,0.5000,bclean_keep
257,MeasureCode,pn-3b,0.0000,bclean_keep
257,Stateavg,al_pn-3b,0.0008,bclean_keep
258,ProviderNumber,10015,0.0000,bclean_keep
258,HospitalName,southwest alabama medical center,0.0000,bclean_keep
258,Address1,33700 highway 43,0.0021,bclean_keep
258,City,thomasville,0.0000,bclean_keep
258,State,al,0.5000,bclean_keep
258,ZipCode,36784,0.0000,bclean_keep
258,CountyName,clarke,0.0018,bclean_keep
258,PhoneNumber,3346366221,0.0000,bclean_keep
258,HospitalType,acute care hospitals,0.5000,bclean_keep
258,HospitalOwner,government - federal,0.0000,bclean_keep
258,EmergencyService,yes,0.5000,bclean_keep
258,Condition,pneumonia,0.0003,bclean_keep
258,MeasureCode,pn-4,0.0028,bclean_keep
258,MeasureName,pneumonia patients given smoking cessation advice/counseling,0.0000,bclean_keep
258,Stateavg,al_pn-4,0.0000,bclean_keep
259,ProviderNumber,10015,0.0000,bclean_keep
259,HospitalName,southwest alabama medical center,0.0000,bclean_keep
259,Address1,33700 highway 43,0.0021,bclean_keep
259,City,thomasville,0.0000,bclean_keep
259,State,al,0.5000,bclean_keep
259,ZipCode,36784,0.0000,bclean_keep
259,CountyName,clarke,0.0018,bclean_keep
259,PhoneNumber,3346366221,0.0000,bclean_keep
259,HospitalType,acute care hospitals,0.5000,bclean_keep
259,HospitalOwner,government - federal,0.0000,bclean_keep
259,EmergencyService,yes,0.5000,bclean_keep
259,Condition,pneumonia,0.0001,bclean_keep
259,MeasureCode,pn-5c,0.0007,bclean_keep
259,MeasureName,pneumonia patients given initial antibiotic(s) within 6 hours after arrival,0.0008,bclean_keep
259,Stateavg,al_pn-5c,0.0007,bclean_keep
260,ProviderNumber,10015,0.0000,bclean_keep
260,HospitalName,southwest alabama medical center,0.0000,bclean_keep
260,Address1,33700 highway 43,0.0021,bclean_keep
260,City,thomasville,0.0000,bclean_keep
260,State,al,0.5000,bclean_keep
260,ZipCode,36784,0.0000,bclean_keep
260,CountyName,clarke,0.0018,bclean_keep
260,PhoneNumber,3346366221,0.0000,bclean_keep
260,HospitalType,acute care hospitals,0.5000,bclean_keep
260,HospitalOwner,government - federal,0.0000,bclean_keep
260,EmergencyService,yes,0.5000,bclean_keep
260,Condition,pneumonia,0.0002,bclean_keep
260,MeasureCode,pn-6,0.0000,bclean_keep
260,MeasureName,pneumonia patients given the most appropriate initial antibiotic(s),0.0006,bclean_keep
260,Stateavg,al_pn-6,0.0008,bclean_keep
261,ProviderNumber,10015,0.0000,bclean_keep
261,HospitalName,southwest alabama medical center,0.0000,bclean_keep
261,City,thomasville,0.0000,bclean_keep
261,State,al,0.5000,bclean_keep
261,ZipCode,36784,0.0000,bclean_keep
261,CountyName,clarke,0.0018,bclean_keep
261,PhoneNumber,3346366221,0.0000,bclean_keep
261,HospitalType,acute care hospitals,0.5000,bclean_keep
261,HospitalOwner,government - federal,0.0000,bclean_keep
261,EmergencyService,yes,0.5000,bclean_keep
261,Condition,pneumonia,0.0000,bclean_keep
261,MeasureCode,pn-7,0.0000,bclean_keep
261,MeasureName,pneumonia patients assessed and given influenza vaccination,0.0008,bclean_keep
261,Stateavg,al_pn-7,0.0008,bclean_keep
262,ProviderNumber,10015,0.0000,bclean_keep
262,HospitalName,southwest alabama medical center,0.0000,bclean_keep
262,Address1,33700 highway 43,0.0021,bclean_keep
262,City,thomasville,0.0000,bclean_keep
262,State,al,0.5000,bclean_keep
262,ZipCode,36784,0.0000,bclean_keep
262,CountyName,clarke,0.0018,bclean_keep
262,HospitalType,acute care hospitals,0.5000,bclean_keep
262,HospitalOwner,government - federal,0.0000,bclean_keep
262,EmergencyService,yes,0.5000,bclean_keep
262,Condition,surgical infection prevention,0.0005,bclean_keep
262,MeasureCode,scip-card-2,0.0000,bclean_keep
262,MeasureName,surgery patients who were taking heart drugs called beta blockers before coming to the hospital who were kept on the beta blockers during the period just before and after their surgery,0.0008,bclean_keep
262,Stateavg,al_scip-card-2,0.0000,bclean_keep
263,ProviderNumber,10015,0.0000,bclean_keep
263,HospitalName,southwest alabama medical center,0.0000,bclean_keep
263,Address1,33700 highway 43,0.0021,bclean_keep
263,City,thomasville,0.0000,bclean_keep
263,State,al,0.5000,bclean_keep
263,ZipCode,36784,0.0000,bclean_keep
263,CountyName,clarke,0.0018,bclean_keep
263,PhoneNumber,3346366221,0.0000,bclean_keep
263,HospitalType,acute care hospitals,0.5000,bclean_keep
263,HospitalOwner,government - federal,0.0000,bclean_keep
263,EmergencyService,yes,0.5000,bclean_keep
263,Condition,surgical infection prevention,0.0000,bclean_keep
263,MeasureCode,scip-inf-1,0.0006,bclean_keep
263,MeasureName,surgery patients who were given an antibiotic at the right time (within one hour before surgery) to help prevent infection,0.0000,bclean_keep
263,Stateavg,al_scip-inf-1,0.0000,bclean_keep
264,ProviderNumber,10015,0.0000,bclean_keep
264,HospitalName,southwest alabama medical center,0.0000,bclean_keep
264,Address1,33700 highway 43,0.0021,bclean_keep
264,City,thomasville,0.0000,bclean_keep
264,State,al,0.5000,bclean_keep
264,ZipCode,36784,0.0000,bclean_keep
264,CountyName,clarke,0.0018,bclean_keep
264,PhoneNumber,3346366221,0.0000,bclean_keep
264,HospitalType,acute care hospitals,0.5000,bclean_keep
264,HospitalOwner,government - federal,0.0000,bclean_keep
264,EmergencyService,yes,0.5000,bclean_keep
264,Condition,surgical infection prevention,0.0001,bclean_keep
264,MeasureCode,scip-inf-2,0.0008,bclean_keep
264,MeasureName,surgery patients who were given the  right kind  of antibiotic to help prevent infection,0.0000,bclean_keep
264,Stateavg,al_scip-inf-2,0.0034,bclean_keep
265,ProviderNumber,10015,0.0000,bclean_keep
265,HospitalName,southwest alabama medical center,0.0000,bclean_keep
265,City,thomasville,0.0000,bclean_keep
265,State,al,0.5000,bclean_keep
265,ZipCode,36784,0.0000,bclean_keep
265,CountyName,clarke,0.0018,bclean_keep
265,PhoneNumber,3346366221,0.0000,bclean_keep
265,HospitalType,acute care hospitals,0.5000,bclean_keep
265,HospitalOwner,government - federal,0.0000,bclean_keep
265,EmergencyService,yes,0.5000,bclean_keep
265,Condition,surgical infection prevention,0.0001,bclean_keep
265,MeasureName,surgery patients whose preventive antibiotics were stopped at the right time (within 24 hours after surgery),0.0000,bclean_keep
265,Stateavg,al_scip-inf-3,0.0000,bclean_keep
266,ProviderNumber,10015,0.0000,bclean_keep
266,HospitalName,southwest alabama medical center,0.0000,bclean_keep
266,Address1,33700 highway 43,0.0021,bclean_keep
266,City,thomasville,0.0000,bclean_keep
266,State,al,0.5000,bclean_keep
266,ZipCode,36784,0.0000,bclean_keep
266,CountyName,clarke,0.0018,bclean_keep
266,PhoneNumber,3346366221,0.0000,bclean_keep
266,HospitalType,acute care hospitals,0.5000,bclean_keep
266,HospitalOwner,government - federal,0.0000,bclean_keep
266,EmergencyService,yes,0.5000,bclean_keep
266,Condition,surgical infection prevention,0.0001,bclean_keep
266,MeasureCode,scip-inf-4,0.0008,bclean_keep
266,MeasureName,all heart surgery patients whose blood sugar (blood glucose) is kept under good control in the days right after surgery,0.0010,bclean_keep
266,Stateavg,al_scip-inf-4,0.0000,bclean_keep
267,ProviderNumber,10015,0.0000,bclean_keep
267,HospitalName,southwest alabama medical center,0.0000,bclean_keep
267,Address1,33700 highway 43,0.0021,bclean_keep
267,City,thomasville,0.0000,bclean_keep
267,State,al,0.5000,bclean_keep
267,ZipCode,36784,0.0000,bclean_keep
267,CountyName,clarke,0.0018,bclean_keep
267,PhoneNumber,3346366221,0.0000,bclean_keep
267,HospitalType,acuxe care hospixals,0.5000,bclean_keep
267,HospitalOwner,government - federal,0.0000,bclean_keep
267,EmergencyService,yes,0.5000,bclean_keep
267,Condition,surgical infection prevention,0.0000,bclean_keep
267,MeasureCode,scip-inf-6,0.0000,bclean_keep
267,MeasureName,surgery patients needing hair removed from the surgical area before surgery who had hair removed using a safer method (electric clippers or hair removal cream c not a razor),0.0007,bclean_keep
267,Stateavg,al_scip-inf-6,0.0000,bclean_keep
268,ProviderNumber,10015,0.0000,bclean_keep
268,HospitalName,southwest alabama medical center,0.0000,bclean_keep
268,Address1,33700 highway 43,0.0021,bclean_keep
268,City,thomasville,0.0000,bclean_keep
268,State,al,0.5000,bclean_keep
268,CountyName,clarke,0.0018,bclean_keep
268,PhoneNumber,3346366221,0.0000,bclean_keep
268,HospitalType,acute care hospitals,0.5000,bclean_keep
268,HospitalOwner,government - federal,0.0000,bclean_keep
268,EmergencyService,yes,0.5000,bclean_keep
268,Condition,surgical infection prevention,0.0000,bclean_keep
268,MeasureCode,scip-vte-1,0.0008,bclean_keep
268,MeasureName,surgery patients whose doctors ordered treatments to prevent blood clots after certain types of surgeries,0.0008,bclean_keep
268,Stateavg,al_scip-vte-1,0.0008,bclean_keep
269,ProviderNumber,10015,0.0000,bclean_keep
269,HospitalName,southwest alabama medical center,0.0000,bclean_keep
269,Address1,33700 highway 43,0.0021,bclean_keep
269,City,thomasville,0.0000,bclean_keep
269,State,al,0.5000,bclean_keep
269,ZipCode,36784,0.0000,bclean_keep
269,CountyName,clarke,0.0018,bclean_keep
269,PhoneNumber,3346366221,0.0000,bclean_keep
269,HospitalType,acute care hospitals,0.5000,bclean_keep
269,HospitalOwner,government - federal,0.0000,bclean_keep
269,EmergencyService,yes,0.5000,bclean_keep
269,Condition,surgical infection prevention,0.0001,bclean_keep
269,MeasureCode,scip-vte-2,0.0000,bclean_keep
269,MeasureName,patients who got treatment  at the right time (within 24 hours before or after their surgery) to help prevent blood clots after certain types of surgery,0.0000,bclean_keep
269,Stateavg,al_scip-vte-2,0.0008,bclean_keep
270,ProviderNumber,10016,0.0000,bclean_keep
270,HospitalName,shelby baptist medical center,0.0000,bclean_keep
270,Address1,1000 first street north,0.0019,bclean_keep
270,City,alabaster,0.0000,bclean_keep
270,State,al,0.5000,bclean_keep
270,ZipCode,35007,0.0000,bclean_keep
270,CountyName,shelby,0.0000,bclean_keep
270,PhoneNumber,2056208100,0.0000,bclean_keep
270,HospitalType,acute care hospitals,0.5000,bclean_keep
270,HospitalOwner,voluntary non-profit - church,0.0000,bclean_keep
270,EmergencyService,yes,0.5000,bclean_keep
270,Condition,heart attack,0.0004,bclean_keep
270,MeasureCode,ami-1,0.0000,bclean_keep
270,MeasureName,heart attack patients given aspirin at arrival,0.0010,bclean_keep
271,ProviderNumber,10016,0.0000,bclean_keep
271,HospitalName,shelby baptist medical center,0.0000,bclean_keep
271,Address1,1000 first street north,0.0019,bclean_keep
271,City,alabaster,0.0000,bclean_keep
271,State,al,0.5000,bclean_keep
271,ZipCode,35007,0.0000,bclean_keep
271,CountyName,shelby,0.0000,bclean_keep
271,PhoneNumber,2056208100,0.0000,bclean_keep
271,HospitalType,acute care hospitals,0.5000,bclean_keep
271,HospitalOwner,voluntary non-profit - church,0.0000,bclean_keep
271,EmergencyService,yes,0.5000,bclean_keep
271,Condition,heart attack,0.0003,bclean_keep
271,MeasureCode,ami-2,0.0007,bclean_keep
271,MeasureName,heart attack patients given aspirin at discharge,0.0007,bclean_keep
271,Stateavg,al_ami-2,0.0008,bclean_keep
272,ProviderNumber,10016,0.0000,bclean_keep
272,HospitalName,shelby baptist medical center,0.0000,bclean_keep
272,Address1,1000 first street north,0.0019,bclean_keep
272,City,alabaster,0.0000,bclean_keep
272,State,al,0.5000,bclean_keep
272,ZipCode,35007,0.0000,bclean_keep
272,CountyName,shelby,0.0000,bclean_keep
272,PhoneNumber,2056208100,0.0000,bclean_keep
272,HospitalType,acute care hospitals,0.5000,bclean_keep
272,HospitalOwner,voluntary non-profit - church,0.0000,bclean_keep
272,EmergencyService,yes,0.5000,bclean_keep
272,Condition,heart attack,0.0003,bclean_keep
272,MeasureCode,ami-3,0.0006,bclean_keep
272,MeasureName,heart attack patients given ace inhibitor or arb for left ventricular systolic dysfunction (lvsd),0.0006,bclean_keep
272,Stateavg,al_ami-3,0.0000,bclean_keep
273,ProviderNumber,10016,0.0000,bclean_keep
273,HospitalName,shelby baptist medical center,0.0000,bclean_keep
273,Address1,1000 first street north,0.0019,bclean_keep
273,City,alabaster,0.0000,bclean_keep
273,State,al,0.5000,bclean_keep
273,ZipCode,35007,0.0000,bclean_keep
273,CountyName,shelby,0.0000,bclean_keep
273,PhoneNumber,2056208100,0.0000,bclean_keep
273,HospitalType,acute care hospitals,0.5000,bclean_keep
273,HospitalOwner,voluntary non-profit - church,0.0000,bclean_keep
273,EmergencyService,yes,0.5000,bclean_keep
273,Condition,heart attack,0.0003,bclean_keep
273,MeasureCode,ami-4,0.0005,bclean_keep
273,MeasureName,heart attack patients given smoking cessation advice/counseling,0.0000,bclean_keep
273,Stateavg,al_ami-4,0.0000,bclean_keep
274,HospitalName,shelby baptist medical center,0.0000,bclean_keep
274,Address1,1000 first street north,0.0019,bclean_keep
274,City,alabaster,0.0000,bclean_keep
274,State,al,0.5000,bclean_keep
274,ZipCode,35007,0.0000,bclean_keep
274,CountyName,shelby,0.0000,bclean_keep
274,PhoneNumber,2056208100,0.0000,bclean_keep
274,HospitalType,acute care hospitals,0.5000,bclean_keep
274,HospitalOwner,voluntary non-profit - church,0.0000,bclean_keep
274,EmergencyService,yes,0.5000,bclean_keep
274,Condition,heart attack,0.0003,bclean_keep
274,MeasureCode,ami-5,0.0007,bclean_keep
274,MeasureName,heart attack patients given beta blocker at discharge,0.0007,bclean_keep
274,Stateavg,al_ami-5,0.0007,bclean_keep
275,ProviderNumber,10016,0.0000,bclean_keep
275,HospitalName,shelby baptist medical center,0.0000,bclean_keep
275,Address1,1000 first street north,0.0019,bclean_keep
275,City,alabaster,0.0000,bclean_keep
275,State,al,0.5000,bclean_keep
275,ZipCode,35007,0.0000,bclean_keep
275,CountyName,shelby,0.0000,bclean_keep
275,PhoneNumber,2056208100,0.0000,bclean_keep
275,HospitalType,acute care hospitals,0.5000,bclean_keep
275,HospitalOwner,voluntary non-profit - church,0.0000,bclean_keep
275,EmergencyService,yes,0.5000,bclean_keep
275,Condition,heart attack,0.0001,bclean_keep
275,MeasureCode,ami-7a,0.0000,bclean_keep
275,MeasureName,heart attack patients given fibrinolytic medication within 30 minutes of arrival,0.0000,bclean_keep
275,Stateavg,al_ami-7a,0.0008,bclean_keep
276,ProviderNumber,10016,0.0000,bclean_keep
276,HospitalName,shelby baptist medical center,0.0000,bclean_keep
276,City,alabaster,0.0000,bclean_keep
276,State,al,0.5000,bclean_keep
276,ZipCode,35007,0.0000,bclean_keep
276,CountyName,shelby,0.0000,bclean_keep
276,PhoneNumber,2056208100,0.0000,bclean_keep
276,HospitalType,acute care hospitals,0.5000,bclean_keep
276,HospitalOwner,voluntary non-profit - church,0.0000,bclean_keep
276,EmergencyService,yes,0.5000,bclean_keep
276,Condition,heart attack,0.0003,bclean_keep
276,MeasureCode,ami-8a,0.0000,bclean_keep
276,MeasureName,heart attack patients given pci within 90 minutes of arrival,0.0007,bclean_keep
276,Stateavg,al_ami-8a,0.0008,bclean_keep
277,ProviderNumber,10016,0.0000,bclean_keep
277,HospitalName,shelby baptist medical center,0.0000,bclean_keep
277,Address1,1000 first street north,0.0018,bclean_keep
277,City,alabaster,0.0000,bclean_keep
277,State,al,0.5000,bclean_keep
277,ZipCode,35007,0.0000,bclean_keep
277,CountyName,shelby,0.0000,bclean_keep
277,PhoneNumber,2056208100,0.0000,bclean_keep
277,HospitalType,acute care hospitals,0.5000,bclean_keep
277,HospitalOwner,voluntary non-profit - church,0.0000,bclean_keep
277,EmergencyService,yes,0.5000,bclean_keep
277,Condition,heart failure,0.0004,bclean_keep
277,MeasureCode,hf-1,0.0028,bclean_keep
277,MeasureName,heart failure patients given discharge instructions,0.0008,bclean_keep
277,Stateavg,al_hf-1,0.0000,bclean_keep
278,ProviderNumber,10016,0.0000,bclean_keep
278,HospitalName,shelby baptist medical center,0.0000,bclean_keep
278,Address1,1000 first street north,0.0018,bclean_keep
278,City,alabaster,0.0000,bclean_keep
278,State,al,0.5000,bclean_keep
278,ZipCode,35007,0.0000,bclean_keep
278,CountyName,shelby,0.0000,bclean_keep
278,PhoneNumber,2056208100,0.0000,bclean_keep
278,HospitalType,acute care hospitals,0.5000,bclean_keep
278,HospitalOwner,voluntary non-profit - church,0.0000,bclean_keep
278,EmergencyService,yes,0.5000,bclean_keep
278,Condition,heart failure,0.0002,bclean_keep
278,MeasureCode,hf-2,0.0007,bclean_keep
278,MeasureName,heart failure patients given an evaluation of left ventricular systolic (lvs) function,0.0007,bclean_keep
278,Stateavg,al_hf-2,0.0007,bclean_keep
279,ProviderNumber,10016,0.0000,bclean_keep
279,HospitalName,shelby baptist medical center,0.0000,bclean_keep
279,Address1,1000 first street north,0.0018,bclean_keep
279,City,alabaster,0.0000,bclean_keep
279,ZipCode,35007,0.0000,bclean_keep
279,CountyName,shelby,0.0000,bclean_keep
279,PhoneNumber,2056208100,0.0000,bclean_keep
279,HospitalType,acute care hospitals,0.5000,bclean_keep
279,HospitalOwner,voluntary non-profit - church,0.0000,bclean_keep
279,EmergencyService,yes,0.5000,bclean_keep
279,Condition,heart failure,0.0003,bclean_keep
279,MeasureCode,hf-3,0.0000,bclean_keep
279,MeasureName,heart failure patients given ace inhibitor or arb for left ventricular systolic dysfunction (lvsd),0.0007,bclean_keep
279,Stateavg,al_hf-3,0.0000,bclean_keep
280,ProviderNumber,10016,0.0000,bclean_keep
280,HospitalName,shelby baptist medical center,0.0000,bclean_keep
280,Address1,1000 first street north,0.0018,bclean_keep
280,City,alabaster,0.0000,bclean_keep
280,State,al,0.5000,bclean_keep
280,ZipCode,35007,0.0000,bclean_keep
280,CountyName,shelby,0.0000,bclean_keep
280,PhoneNumber,2056208100,0.0000,bclean_keep
280,HospitalType,acute care hospitals,0.5000,bclean_keep
280,HospitalOwner,voluntary non-profit - church,0.0000,bclean_keep
280,EmergencyService,yes,0.5000,bclean_keep
280,MeasureCode,hf-4,0.0000,bclean_keep
280,MeasureName,heart failure patients given smoking cessation advice/counseling,0.0008,bclean_keep
280,Stateavg,al_hf-4,0.0007,bclean_keep
281,ProviderNumber,10016,0.0000,bclean_keep
281,HospitalName,shelby baptist medical center,0.0000,bclean_keep
281,Address1,1000 first street north,0.0018,bclean_keep
281,City,alabaster,0.0000,bclean_keep
281,State,al,0.5000,bclean_keep
281,ZipCode,35007,0.0000,bclean_keep
281,CountyName,shelby,0.0000,bclean_keep
281,PhoneNumber,2056208100,0.0000,bclean_keep
281,HospitalType,acutexcarexhospitals,0.5000,bclean_keep
281,HospitalOwner,voluntary non-profit - church,0.0000,bclean_keep
281,EmergencyService,yes,0.5000,bclean_keep
281,Condition,pneumonia,0.0000,bclean_keep
281,MeasureCode,pn-2,0.0006,bclean_keep
281,MeasureName,pneumonia patients assessed and given pneumococcal vaccination,0.0000,bclean_keep
281,Stateavg,al_pn-2,0.0008,bclean_keep
282,ProviderNumber,10016,0.0000,bclean_keep
282,HospitalName,shelby baptist medical center,0.0000,bclean_keep
282,Address1,1000 first street north,0.0018,bclean_keep
282,City,alabaster,0.0000,bclean_keep
282,State,al,0.5000,bclean_keep
282,ZipCode,35007,0.0000,bclean_keep
282,CountyName,shelby,0.0000,bclean_keep
282,PhoneNumber,2056208100,0.0000,bclean_keep
282,HospitalType,acute care hospitals,0.5000,bclean_keep
282,HospitalOwner,voluntary non-profit - church,0.0000,bclean_keep
282,EmergencyService,yes,0.5000,bclean_keep
282,Condition,pneumonia,0.0003,bclean_keep
282,MeasureCode,pn-3b,0.0000,bclean_keep
282,Stateavg,al_pn-3b,0.0008,bclean_keep
283,ProviderNumber,10016,0.0000,bclean_keep
283,HospitalName,shelby baptist medical center,0.0000,bclean_keep
283,Address1,1000 first street north,0.0018,bclean_keep
283,City,alabaster,0.0000,bclean_keep
283,State,al,0.5000,bclean_keep
283,ZipCode,35007,0.0000,bclean_keep
283,CountyName,shelby,0.0000,bclean_keep
283,PhoneNumber,2056208100,0.0000,bclean_keep
283,HospitalType,acute care hospitals,0.5000,bclean_keep
283,HospitalOwner,voluntary non-profit - church,0.0000,bclean_keep
283,EmergencyService,yes,0.5000,bclean_keep
283,Condition,pneumonia,0.0003,bclean_keep
283,MeasureCode,pn-4,0.0028,bclean_keep
283,MeasureName,pneumonia patients given smoking cessation advice/counseling,0.0000,bclean_keep
283,Stateavg,al_pn-4,0.0000,bclean_keep
284,ProviderNumber,10016,0.0000,bclean_keep
284,HospitalName,shelby baptist medical center,0.0000,bclean_keep
284,Address1,1000 first street north,0.0018,bclean_keep
284,City,alabaster,0.0000,bclean_keep
284,State,al,0.5000,bclean_keep
284,CountyName,shelby,0.0000,bclean_keep
284,PhoneNumber,2056208100,0.0000,bclean_keep
284,HospitalType,acute care hospitals,0.5000,bclean_keep
284,HospitalOwner,voluntary non-profit - church,0.0000,bclean_keep
284,EmergencyService,yes,0.5000,bclean_keep
284,Condition,pneumonia,0.0001,bclean_keep
284,MeasureCode,pn-5c,0.0007,bclean_keep
284,MeasureName,pneumonia patients given initial antibiotic(s) within 6 hours after arrival,0.0008,bclean_keep
284,Stateavg,al_pn-5c,0.0007,bclean_keep
285,ProviderNumber,10016,0.0000,bclean_keep
285,HospitalName,shelby baptist medical center,0.0000,bclean_keep
285,Address1,1000 first street north,0.0018,bclean_keep
285,City,alabaster,0.0000,bclean_keep
285,State,al,0.5000,bclean_keep
285,ZipCode,35007,0.0000,bclean_keep
285,CountyName,shelby,0.0000,bclean_keep
285,PhoneNumber,2056208100,0.0000,bclean_keep
285,HospitalType,acute care hospitals,0.5000,bclean_keep
285,HospitalOwner,voluntary non-profit - church,0.0000,bclean_keep
285,EmergencyService,yes,0.5000,bclean_keep
285,Condition,pneumonia,0.0002,bclean_keep
285,MeasureCode,pn-6,0.0000,bclean_keep
285,MeasureName,pneumonia patients given the most appropriate initial antibiotic(s),0.0006,bclean_keep
285,Stateavg,al_pn-6,0.0008,bclean_keep
286,ProviderNumber,10016,0.0000,bclean_keep
286,HospitalName,shelby baptist medical center,0.0000,bclean_keep
286,Address1,1000 first street north,0.0018,bclean_keep
286,City,alabaster,0.0000,bclean_keep
286,State,al,0.5000,bclean_keep
286,ZipCode,35007,0.0000,bclean_keep
286,CountyName,shelby,0.0000,bclean_keep
286,PhoneNumber,2056208100,0.0000,bclean_keep
286,HospitalType,acute care hospitals,0.5000,bclean_keep
286,HospitalOwner,voluntary non-profit - church,0.0000,bclean_keep
286,EmergencyService,yes,0.5000,bclean_keep
286,Condition,pneumonia,0.0000,bclean_keep
286,MeasureCode,pn-7,0.0000,bclean_keep
286,MeasureName,pneumonia patients assessed and given influenza vaccination,0.0008,bclean_keep
286,Stateavg,al_pn-7,0.0007,bclean_keep
287,ProviderNumber,10016,0.0000,bclean_keep
287,HospitalName,shelby baptist medical center,0.0000,bclean_keep
287,Address1,1000 first street north,0.0018,bclean_keep
287,City,alabaster,0.0000,bclean_keep
287,State,al,0.5000,bclean_keep
287,ZipCode,35007,0.0000,bclean_keep
287,CountyName,shelby,0.0000,bclean_keep
287,PhoneNumber,2056208100,0.0000,bclean_keep
287,HospitalType,acute care hospitals,0.5000,bclean_keep
287,HospitalOwner,voluntary non-profit - church,0.0000,bclean_keep
287,EmergencyService,yes,0.5000,bclean_keep
287,Condition,surgical infection prevention,0.0005,bclean_keep
287,MeasureCode,scip-card-2,0.0000,bclean_keep
287,MeasureName,surgery patients who were taking heart drugs called beta blockers before coming to the hospital who were kept on the beta blockers during the period just before and after their surgery,0.0008,bclean_keep
287,Stateavg,al_scip-card-2,0.0000,bclean_keep
288,ProviderNumber,10016,0.0000,bclean_keep
288,HospitalName,shelby baptist medical center,0.0000,bclean_keep
288,Address1,1000 first street north,0.0018,bclean_keep
288,City,alabaster,0.0000,bclean_keep
288,State,al,0.5000,bclean_keep
288,ZipCode,35007,0.0000,bclean_keep
288,CountyName,shelby,0.0000,bclean_keep
288,PhoneNumber,2056208100,0.0000,bclean_keep
288,HospitalType,acute care hospitals,0.5000,bclean_keep
288,HospitalOwner,voluntary non-profit - church,0.0000,bclean_keep
288,EmergencyService,yes,0.5000,bclean_keep
288,Condition,surgical infection prevention,0.0000,bclean_keep
288,MeasureCode,scip-inf-1,0.0006,bclean_keep
288,MeasureName,surgery patients who were given an antibiotic at the right time (within one hour before surgery) to help prevent infection,0.0000,bclean_keep
288,Stateavg,al_scip-inf-1,0.0000,bclean_keep
289,ProviderNumber,10016,0.0000,bclean_keep
289,HospitalName,shelby baptist medical center,0.0000,bclean_keep
289,Address1,1000 first street north,0.0018,bclean_keep
289,City,alabaster,0.0000,bclean_keep
289,State,al,0.5000,bclean_keep
289,ZipCode,35007,0.0000,bclean_keep
289,CountyName,shelby,0.0000,bclean_keep
289,PhoneNumber,2056208100,0.0000,bclean_keep
289,HospitalType,acute care hospitals,0.5000,bclean_keep
289,HospitalOwner,voluntary non-profit - church,0.0000,bclean_keep
289,EmergencyService,yes,0.5000,bclean_keep
289,Condition,surgical infection prevention,0.0001,bclean_keep
289,MeasureCode,scip-inf-2,0.0008,bclean_keep
289,MeasureName,surgery patients who were given the  right kind  of antibiotic to help prevent infection,0.0000,bclean_keep
289,Stateavg,al_scip-inf-2,0.0034,bclean_keep
290,ProviderNumber,10016,0.0000,bclean_keep
290,HospitalName,shelby baptist medical center,0.0000,bclean_keep
290,Address1,1000 first street north,0.0018,bclean_keep
290,City,alabaster,0.0000,bclean_keep
290,State,al,0.5000,bclean_keep
290,ZipCode,35007,0.0000,bclean_keep
290,CountyName,shelby,0.0000,bclean_keep
290,PhoneNumber,2056208100,0.0000,bclean_keep
290,HospitalType,acute care hospitals,0.5000,bclean_keep
290,HospitalOwner,voluntary non-profit - church,0.0000,bclean_keep
290,EmergencyService,yes,0.5000,bclean_keep
290,Condition,surgical infection prevention,0.0001,bclean_keep
290,MeasureCode,scip-inf-3,0.0007,bclean_keep
290,MeasureName,surgery patients whose preventive antibiotics were stopped at the right time (within 24 hours after surgery),0.0000,bclean_keep
290,Stateavg,al_scip-inf-3,0.0000,bclean_keep
291,ProviderNumber,10016,0.0000,bclean_keep
291,HospitalName,shelby baptist medical center,0.0000,bclean_keep
291,Address1,1000 first street north,0.0018,bclean_keep
291,City,alabaster,0.0000,bclean_keep
291,State,al,0.5000,bclean_keep
291,CountyName,shelby,0.0000,bclean_keep
291,PhoneNumber,2056208100,0.0000,bclean_keep
291,HospitalType,acute care hospitals,0.5000,bclean_keep
291,HospitalOwner,voluntary non-profit - church,0.0000,bclean_keep
291,EmergencyService,yes,0.5000,bclean_keep
291,Condition,surgical infection prevention,0.0001,bclean_keep
291,MeasureCode,scip-inf-4,0.0000,bclean_keep
291,Stateavg,al_scip-inf-4,0.0000,bclean_keep
292,ProviderNumber,10016,0.0000,bclean_keep
292,HospitalName,shelby baptist medical center,0.0000,bclean_keep
292,Address1,1000 first street north,0.0018,bclean_keep
292,City,alabaster,0.0000,bclean_keep
292,State,al,0.5000,bclean_keep
292,ZipCode,35007,0.0000,bclean_keep
292,CountyName,shelby,0.0000,bclean_keep
292,PhoneNumber,2056208100,0.0000,bclean_keep
292,HospitalType,acute care hospitals,0.5000,bclean_keep
292,HospitalOwner,voluntary non-profit - church,0.0000,bclean_keep
292,EmergencyService,yes,0.5000,bclean_keep
292,Condition,surgical infection prevention,0.0000,bclean_keep
292,MeasureCode,scip-inf-6,0.0000,bclean_keep
292,MeasureName,surgery patients needing hair removed from the surgical area before surgery who had hair removed using a safer method (electric clippers or hair removal cream c not a razor),0.0008,bclean_keep
292,Stateavg,al_scip-inf-6,0.0000,bclean_keep
293,ProviderNumber,10016,0.0000,bclean_keep
293,HospitalName,shelby baptist medical center,0.0000,bclean_keep
293,Address1,1000 first street north,0.0018,bclean_keep
293,City,alabaster,0.0000,bclean_keep
293,State,al,0.5000,bclean_keep
293,ZipCode,35007,0.0000,bclean_keep
293,CountyName,shelby,0.0000,bclean_keep
293,PhoneNumber,2056208100,0.0000,bclean_keep
293,HospitalType,acute care hospitals,0.5000,bclean_keep
293,HospitalOwner,voluntary non-profit - church,0.0000,bclean_keep
293,EmergencyService,yes,0.5000,bclean_keep
293,Condition,surgical infection prevention,0.0000,bclean_keep
293,MeasureCode,scip-vte-1,0.0008,bclean_keep
293,MeasureName,surgery patients whose doctors ordered treatments to prevent blood clots after certain types of surgeries,0.0008,bclean_keep
293,Stateavg,al_scip-vte-1,0.0008,bclean_keep
294,ProviderNumber,10016,0.0000,bclean_keep
294,HospitalName,shelby baptist medical center,0.0000,bclean_keep
294,Address1,1000 first street north,0.0018,bclean_keep
294,City,alabaster,0.0000,bclean_keep
294,State,al,0.5000,bclean_keep
294,ZipCode,35007,0.0000,bclean_keep
294,CountyName,shelby,0.0000,bclean_keep
294,PhoneNumber,2056208100,0.0000,bclean_keep
294,HospitalType,acuxe care hospixals,0.5000,bclean_keep
294,HospitalOwner,voluntary non-profit - church,0.0000,bclean_keep
294,EmergencyService,yes,0.5000,bclean_keep
294,Condition,surgical infection prevention,0.0001,bclean_keep
294,MeasureCode,scip-vte-2,0.0000,bclean_keep
294,MeasureName,patients who got treatment  at the right time (within 24 hours before or after their surgery) to help prevent blood clots after certain types of surgery,0.0000,bclean_keep
294,Stateavg,al_scip-vte-2,0.0008,bclean_keep
295,ProviderNumber,10018,0.0000,bclean_keep
295,HospitalName,callahan eye foundation hospital,0.0000,bclean_keep
295,Address1,1720 university blvd,0.0018,bclean_keep
295,City,birmingham,0.0008,bclean_keep
295,State,al,0.5000,bclean_keep
295,ZipCode,35233,0.0000,bclean_keep
295,CountyName,jefferson,0.0003,bclean_keep
295,PhoneNumber,2053258100,0.0000,bclean_keep
295,HospitalType,acute care hospitals,0.5000,bclean_keep
295,HospitalOwner,voluntary non-profit - private,0.0000,bclean_keep
295,EmergencyService,yes,0.5000,bclean_keep
295,Condition,heart attack,0.0003,bclean_keep
295,MeasureCode,ami-1,0.0038,bclean_keep
295,MeasureName,heart attack patients given aspirin at arrival,0.0010,bclean_keep
295,Stateavg,al_ami-1,0.0011,bclean_keep
296,ProviderNumber,10018,0.0000,bclean_keep
296,HospitalName,callahan eye foundation hospital,0.0000,bclean_keep
296,City,birmingham,0.0008,bclean_keep
296,State,al,0.5000,bclean_keep
296,ZipCode,35233,0.0000,bclean_keep
296,CountyName,jefferson,0.0003,bclean_keep
296,PhoneNumber,2053258100,0.0000,bclean_keep
296,HospitalType,acute care hospitals,0.5000,bclean_keep
296,HospitalOwner,voluntary non-profit - private,0.0000,bclean_keep
296,EmergencyService,yes,0.0000,bclean_keep
296,Condition,heart attack,0.0003,bclean_keep
296,MeasureCode,ami-2,0.0009,bclean_keep
296,MeasureName,heart attack patients given aspirin at discharge,0.0007,bclean_keep
296,Stateavg,al_ami-2,0.0008,bclean_keep
297,ProviderNumber,10018,0.0000,bclean_keep
297,HospitalName,callahan eye foundation hospital,0.0000,bclean_keep
297,Address1,1720 university blvd,0.0018,bclean_keep
297,City,birmingham,0.0008,bclean_keep
297,State,al,0.5000,bclean_keep
297,ZipCode,35233,0.0000,bclean_keep
297,CountyName,jefferson,0.0003,bclean_keep
297,PhoneNumber,2053258100,0.0000,bclean_keep
297,HospitalType,acute care hospitals,0.5000,bclean_keep
297,HospitalOwner,voluntary non-profit - private,0.0000,bclean_keep
297,EmergencyService,yes,0.0000,bclean_keep
297,Condition,heart attack,0.0003,bclean_keep
297,MeasureCode,ami-3,0.0006,bclean_keep
297,MeasureName,heart attack patients given ace inhibitor or arb for left ventricular systolic dysfunction (lvsd),0.0006,bclean_keep
297,Stateavg,al_ami-3,0.0000,bclean_keep
298,ProviderNumber,10018,0.0000,bclean_keep
298,HospitalName,callahan eye foundation hospital,0.0000,bclean_keep
298,Address1,1720 university blvd,0.0018,bclean_keep
298,City,birmingham,0.0008,bclean_keep
298,State,al,0.5000,bclean_keep
298,ZipCode,35233,0.0000,bclean_keep
298,CountyName,jefferson,0.0003,bclean_keep
298,PhoneNumber,2053258100,0.0000,bclean_keep
298,HospitalType,acute care hospitals,0.5000,bclean_keep
298,HospitalOwner,voluntary non-profit - private,0.0000,bclean_keep
298,EmergencyService,yes,0.5000,bclean_keep
298,Condition,heart attack,0.0003,bclean_keep
298,MeasureCode,ami-4,0.0006,bclean_keep
298,MeasureName,heart attack patients given smoking cessation advice/counseling,0.0000,bclean_keep
298,Stateavg,al_ami-4,0.0000,bclean_keep
299,ProviderNumber,10018,0.0000,bclean_keep
299,HospitalName,callahan eye foundation hospital,0.0000,bclean_keep
299,Address1,1720 university blvd,0.0018,bclean_keep
299,City,birmingham,0.0008,bclean_keep
299,State,al,0.5000,bclean_keep
299,ZipCode,35233,0.0000,bclean_keep
299,CountyName,jefferson,0.0003,bclean_keep
299,PhoneNumber,2053258100,0.0000,bclean_keep
299,HospitalType,acute care hospitals,0.5000,bclean_keep
299,HospitalOwner,voluntary non-profit - private,0.0000,bclean_keep
299,EmergencyService,yes,0.5000,bclean_keep
299,Condition,heart attack,0.0003,bclean_keep
299,MeasureCode,ami-5,0.0008,bclean_keep
299,MeasureName,heart attack patients given beta blocker at discharge,0.0008,bclean_keep
299,Stateavg,al_ami-5,0.0007,bclean_keep
300,ProviderNumber,10018,0.0000,bclean_keep
300,HospitalName,callahan eye foundation hospital,0.0000,bclean_keep
300,Address1,1720 university blvd,0.0018,bclean_keep
300,City,birmingham,0.0008,bclean_keep
300,State,al,0.5000,bclean_keep
300,ZipCode,35233,0.0000,bclean_keep
300,CountyName,jefferson,0.0003,bclean_keep
300,PhoneNumber,2053258100,0.0000,bclean_keep
300,HospitalType,acute care hospitals,0.5000,bclean_keep
300,HospitalOwner,voluntary non-profit - private,0.0000,bclean_keep
300,EmergencyService,yes,0.0000,bclean_keep
300,Condition,heart attack,0.0002,bclean_keep
300,MeasureCode,ami-7a,0.0000,bclean_keep
300,MeasureName,heart attack patients given fibrinolytic medication within 30 minutes of arrival,0.0000,bclean_keep
300,Stateavg,al_ami-7a,0.0008,bclean_keep
301,ProviderNumber,10018,0.0000,bclean_keep
301,HospitalName,callahan eye foundation hospital,0.0000,bclean_keep
301,Address1,1720 university blvd,0.0018,bclean_keep
301,City,birmingham,0.0008,bclean_keep
301,State,al,0.5000,bclean_keep
301,ZipCode,35233,0.0000,bclean_keep
301,CountyName,jefferson,0.0003,bclean_keep
301,PhoneNumber,2053258100,0.0000,bclean_keep
301,HospitalType,acute care hospitals,0.5000,bclean_keep
301,HospitalOwner,voluntary non-profit - private,0.0000,bclean_keep
301,EmergencyService,yes,0.5000,bclean_keep
301,Condition,heart attack,0.0003,bclean_keep
301,MeasureCode,ami-8a,0.0000,bclean_keep
301,MeasureName,heart attack patients given pci within 90 minutes of arrival,0.0009,bclean_keep
301,Stateavg,al_ami-8a,0.0008,bclean_keep
302,ProviderNumber,10018,0.0000,bclean_keep
302,HospitalName,callahan eye foundation hospital,0.0000,bclean_keep
302,Address1,1720 university blvd,0.0017,bclean_keep
302,City,birmingham,0.0008,bclean_keep
302,State,al,0.5000,bclean_keep
302,ZipCode,35233,0.0000,bclean_keep
302,CountyName,jefferson,0.0003,bclean_keep
302,PhoneNumber,2053258100,0.0000,bclean_keep
302,HospitalType,acute care hospitals,0.5000,bclean_keep
302,HospitalOwner,voluntary non-profit - private,0.0000,bclean_keep
302,EmergencyService,yes,0.0000,bclean_keep
302,Condition,heart failure,0.0004,bclean_keep
302,MeasureCode,hf-1,0.0030,bclean_keep
302,MeasureName,heart failure patients given discharge instructions,0.0008,bclean_keep
302,Stateavg,al_hf-1,0.0000,bclean_keep
303,ProviderNumber,10018,0.0000,bclean_keep
303,HospitalName,callahan eye foundation hospital,0.0000,bclean_keep
303,Address1,1720 university blvd,0.0017,bclean_keep
303,City,birmingham,0.0008,bclean_keep
303,State,al,0.5000,bclean_keep
303,ZipCode,35233,0.0000,bclean_keep
303,CountyName,jefferson,0.0003,bclean_keep
303,PhoneNumber,2053258100,0.0000,bclean_keep
303,HospitalType,acute care hospitals,0.5000,bclean_keep
303,HospitalOwner,voluntary non-profit - private,0.0000,bclean_keep
303,EmergencyService,yes,0.0000,bclean_keep
303,Condition,heart failure,0.0002,bclean_keep
303,MeasureCode,hf-2,0.0007,bclean_keep
303,MeasureName,heart failure patients given an evaluation of left ventricular systolic (lvs) function,0.0007,bclean_keep
303,Stateavg,al_hf-2,0.0007,bclean_keep
304,ProviderNumber,10018,0.0000,bclean_keep
304,HospitalName,callahan eye foundation hospital,0.0000,bclean_keep
304,Address1,1720 university blvd,0.0017,bclean_keep
304,City,birmingham,0.0008,bclean_keep
304,State,al,0.5000,bclean_keep
304,ZipCode,35233,0.0000,bclean_keep
304,CountyName,jefferson,0.0003,bclean_keep
304,PhoneNumber,2053258100,0.0000,bclean_keep
304,HospitalType,acute care hospitals,0.5000,bclean_keep
304,HospitalOwner,voluntary non-profit - private,0.0000,bclean_keep
304,EmergencyService,yes,0.5000,bclean_keep
304,Condition,heart failure,0.0003,bclean_keep
304,MeasureCode,hf-3,0.0000,bclean_keep
304,MeasureName,heart failure patients given ace inhibitor or arb for left ventricular systolic dysfunction (lvsd),0.0007,bclean_keep
304,Stateavg,al_hf-3,0.0000,bclean_keep
305,ProviderNumber,10018,0.0000,bclean_keep
305,HospitalName,callahan eye foundation hospital,0.0000,bclean_keep
305,Address1,1720 university blvd,0.0017,bclean_keep
305,City,birmingham,0.0008,bclean_keep
305,State,al,0.5000,bclean_keep
305,ZipCode,35233,0.0000,bclean_keep
305,CountyName,jefferson,0.0003,bclean_keep
305,PhoneNumber,2053258100,0.0000,bclean_keep
305,HospitalType,acute care hospitals,0.5000,bclean_keep
305,HospitalOwner,voluntary non-profit - private,0.0000,bclean_keep
305,EmergencyService,yes,0.5000,bclean_keep
305,Condition,heart failure,0.0002,bclean_keep
305,MeasureCode,hf-4,0.0010,bclean_keep
305,MeasureName,heart failure patients given smoking cessation advice/counseling,0.0007,bclean_keep
305,Stateavg,al_hf-4,0.0007,bclean_keep
306,ProviderNumber,10018,0.0000,bclean_keep
306,HospitalName,callahan eye foundation hospital,0.0000,bclean_keep
306,Address1,1720 university blvd,0.0017,bclean_keep
306,City,birmingham,0.0008,bclean_keep
306,State,al,0.5000,bclean_keep
306,ZipCode,35233,0.0000,bclean_keep
306,CountyName,jefferson,0.0003,bclean_keep
306,PhoneNumber,2053258100,0.0000,bclean_keep
306,HospitalType,acute care hospitals,0.5000,bclean_keep
306,HospitalOwner,voluntary non-profit - private,0.0000,bclean_keep
306,EmergencyService,yes,0.5000,bclean_keep
306,Condition,pneumonia,0.0000,bclean_keep
306,MeasureCode,pn-2,0.0006,bclean_keep
306,MeasureName,pneumonia patients assessed and given pneumococcal vaccination,0.0000,bclean_keep
306,Stateavg,al_pn-2,0.0008,bclean_keep
307,ProviderNumber,10018,0.0000,bclean_keep
307,HospitalName,callahan eye foundation hospital,0.0000,bclean_keep
307,Address1,1720 university blvd,0.0017,bclean_keep
307,City,birmingham,0.0008,bclean_keep
307,State,al,0.5000,bclean_keep
307,ZipCode,35233,0.0000,bclean_keep
307,CountyName,jefferson,0.0003,bclean_keep
307,PhoneNumber,2053258100,0.0000,bclean_keep
307,HospitalType,acute care hospitals,0.5000,bclean_keep
307,HospitalOwner,voluntary non-profit - private,0.0000,bclean_keep
307,EmergencyService,yes,0.0000,bclean_keep
307,Condition,pneumonia,0.0003,bclean_keep
307,MeasureCode,pn-3b,0.0007,bclean_keep
307,MeasureName,pneumonia patients whose initial emergency room blood culture was performed prior to the administration of the first hospital dose of antibiotics,0.0007,bclean_keep
307,Stateavg,al_pn-3b,0.0010,bclean_keep
308,ProviderNumber,10018,0.0000,bclean_keep
308,HospitalName,callahan eye foundation hospital,0.0000,bclean_keep
308,Address1,1720 university blvd,0.0017,bclean_keep
308,City,birmingham,0.0008,bclean_keep
308,State,al,0.5000,bclean_keep
308,ZipCode,35233,0.0000,bclean_keep
308,CountyName,jefferson,0.0003,bclean_keep
308,PhoneNumber,2053258100,0.0000,bclean_keep
308,HospitalType,acute care hospitals,0.5000,bclean_keep
308,HospitalOwner,voluntary non-profit - private,0.0000,bclean_keep
308,EmergencyService,yes,0.0000,bclean_keep
308,Condition,pneumonia,0.0003,bclean_keep
308,MeasureCode,pn-4,0.0029,bclean_keep
308,MeasureName,pneumonia patients given smoking cessation advice/counseling,0.0000,bclean_keep
308,Stateavg,al_pn-4,0.0000,bclean_keep
309,ProviderNumber,10018,0.0000,bclean_keep
309,HospitalName,callahan eye foundation hospital,0.0000,bclean_keep
309,Address1,1720 university blvd,0.0017,bclean_keep
309,City,birmingham,0.0008,bclean_keep
309,State,al,0.5000,bclean_keep
309,ZipCode,35233,0.0000,bclean_keep
309,CountyName,jefferson,0.0003,bclean_keep
309,PhoneNumber,2053258100,0.0000,bclean_keep
309,HospitalType,acute care hospitals,0.5000,bclean_keep
309,HospitalOwner,voluntary non-profit - private,0.0000,bclean_keep
309,EmergencyService,yes,0.0000,bclean_keep
309,Condition,pneumonia,0.0002,bclean_keep
309,MeasureCode,pn-5c,0.0007,bclean_keep
309,MeasureName,pneumonia patients given initial antibiotic(s) within 6 hours after arrival,0.0008,bclean_keep
309,Stateavg,al_pn-5c,0.0008,bclean_keep
310,ProviderNumber,10018,0.0000,bclean_keep
310,HospitalName,callahan eye foundation hospital,0.0000,bclean_keep
310,Address1,1720 university blvd,0.0017,bclean_keep
310,City,birmingham,0.0008,bclean_keep
310,State,al,0.5000,bclean_keep
310,ZipCode,35233,0.0000,bclean_keep
310,CountyName,jefferson,0.0003,bclean_keep
310,PhoneNumber,2053258100,0.0000,bclean_keep
310,HospitalType,acute care hospitals,0.5000,bclean_keep
310,HospitalOwner,voluntary non-profit - private,0.0000,bclean_keep
310,EmergencyService,yes,0.5000,bclean_keep
310,Condition,pneumonia,0.0002,bclean_keep
310,MeasureCode,pn-6,0.0000,bclean_keep
310,MeasureName,pneumonia patients given the most appropriate initial antibiotic(s),0.0007,bclean_keep
310,Stateavg,al_pn-6,0.0008,bclean_keep
311,ProviderNumber,10018,0.0000,bclean_keep
311,HospitalName,callahan eye foundation hospital,0.0000,bclean_keep
311,Address1,1720 university blvd,0.0017,bclean_keep
311,City,birmingham,0.0008,bclean_keep
311,State,al,0.5000,bclean_keep
311,ZipCode,35233,0.0000,bclean_keep
311,CountyName,jefferson,0.0003,bclean_keep
311,PhoneNumber,2053258100,0.0000,bclean_keep
311,HospitalType,acute care hospitals,0.5000,bclean_keep
311,HospitalOwner,voluntary non-profit - private,0.0000,bclean_keep
311,EmergencyService,yes,0.0000,bclean_keep
311,Condition,pneumonia,0.0000,bclean_keep
311,MeasureCode,pn-7,0.0000,bclean_keep
311,MeasureName,pneumonia patients assessed and given influenza vaccination,0.0010,bclean_keep
311,Stateavg,al_pn-7,0.0007,bclean_keep
312,ProviderNumber,10038,0.0000,bclean_keep
312,HospitalName,stringfellow memorial hospital,0.0000,bclean_keep
312,Address1,301 east 18th st,0.0015,bclean_keep
312,State,al,0.5000,bclean_keep
312,ZipCode,36201,0.0000,bclean_keep
312,CountyName,calhoun,0.0017,bclean_keep
312,PhoneNumber,2562358900,0.0000,bclean_keep
312,HospitalType,acute care hospitals,0.5000,bclean_keep
312,HospitalOwner,proprietary,0.0006,bclean_keep
312,EmergencyService,yes,0.5000,bclean_keep
312,Condition,children s asthma care,0.0000,bclean_keep
312,MeasureCode,cac-2,0.0000,bclean_keep
312,MeasureName,children who received systemic corticosteroid medication (oral and iv medication that reduces inflammation and controls symptoms) while hospitalized for asthma,0.0000,bclean_keep
312,Stateavg,al_cac-2,0.0000,bclean_keep
313,ProviderNumber,10038,0.0000,bclean_keep
313,HospitalName,stringfellow memorial hospital,0.0000,bclean_keep
313,Address1,301 east 18th st,0.0015,bclean_keep
313,City,anniston,0.0000,bclean_keep
313,State,al,0.5000,bclean_keep
313,ZipCode,36201,0.0000,bclean_keep
313,PhoneNumber,2562358900,0.0000,bclean_keep
313,HospitalType,acute care hospitals,0.5000,bclean_keep
313,HospitalOwner,proprietary,0.0006,bclean_keep
313,EmergencyService,yes,0.5000,bclean_keep
313,Condition,children s asthma care,0.0000,bclean_keep
313,MeasureCode,cac-3,0.0000,bclean_keep
313,MeasureName,children and their caregivers who received a home management plan of care document while hospitalized for asthma,0.0000,bclean_keep
313,Stateavg,al_cac-3,0.0000,bclean_keep
314,ProviderNumber,10038,0.0000,bclean_keep
314,HospitalName,stringfellow memorial hospital,0.0000,bclean_keep
314,Address1,301 east 18th st,0.0016,bclean_keep
314,City,anniston,0.0016,bclean_keep
314,State,al,0.5000,bclean_keep
314,ZipCode,36201,0.0000,bclean_keep
314,CountyName,calhoun,0.0017,bclean_keep
314,PhoneNumber,2562358900,0.0000,bclean_keep
314,HospitalType,acute care hospitals,0.5000,bclean_keep
314,EmergencyService,yes,0.0000,bclean_keep
314,Condition,heart attack,0.0004,bclean_keep
314,MeasureCode,ami-1,0.0031,bclean_keep
314,MeasureName,heart attack patients given aspirin at arrival,0.0010,bclean_keep
314,Stateavg,al_ami-1,0.0010,bclean_keep
315,HospitalName,stringfellow memorial hospital,0.0000,bclean_keep
315,Address1,301 east 18th st,0.0016,bclean_keep
315,City,anniston,0.0016,bclean_keep
315,State,al,0.5000,bclean_keep
315,ZipCode,36201,0.0000,bclean_keep
315,CountyName,calhoun,0.0017,bclean_keep
315,PhoneNumber,2562358900,0.0000,bclean_keep
315,HospitalType,acute care hospitals,0.5000,bclean_keep
315,HospitalOwner,proprietary,0.0006,bclean_keep
315,EmergencyService,yes,0.0000,bclean_keep
315,Condition,heart attack,0.0003,bclean_keep
315,MeasureCode,ami-2,0.0007,bclean_keep
315,MeasureName,heart attack patients given aspirin at discharge,0.0008,bclean_keep
315,Stateavg,al_ami-2,0.0008,bclean_keep
316,ProviderNumber,10038,0.0000,bclean_keep
316,HospitalName,stringfellow memorial hospital,0.0000,bclean_keep
316,Address1,301 east 18th st,0.0016,bclean_keep
316,City,anniston,0.0016,bclean_keep
316,State,al,0.5000,bclean_keep
316,ZipCode,36201,0.0000,bclean_keep
316,CountyName,calhoun,0.0017,bclean_keep
316,PhoneNumber,2562358900,0.0000,bclean_keep
316,HospitalType,acute care hospitals,0.5000,bclean_keep
316,HospitalOwner,proprietary,0.0007,bclean_keep
316,EmergencyService,yes,0.0000,bclean_keep
316,Condition,heart attack,0.0003,bclean_keep
316,MeasureCode,ami-3,0.0006,bclean_keep
316,MeasureName,heart attack patients given ace inhibitor or arb for left ventricular systolic dysfunction (lvsd),0.0006,bclean_keep
316,Stateavg,al_ami-3,0.0000,bclean_keep
317,ProviderNumber,10038,0.0000,bclean_keep
317,HospitalName,stringfellow memorial hospital,0.0000,bclean_keep
317,City,anniston,0.0016,bclean_keep
317,State,al,0.5000,bclean_keep
317,ZipCode,36201,0.0000,bclean_keep
317,CountyName,calhoun,0.0017,bclean_keep
317,PhoneNumber,2562358900,0.0000,bclean_keep
317,HospitalType,acute care hospitals,0.5000,bclean_keep
317,HospitalOwner,proprietary,0.0007,bclean_keep
317,EmergencyService,yes,0.0000,bclean_keep
317,Condition,heart attack,0.0003,bclean_keep
317,MeasureCode,ami-4,0.0005,bclean_keep
317,MeasureName,heart attack patients given smoking cessation advice/counseling,0.0000,bclean_keep
317,Stateavg,al_ami-4,0.0000,bclean_keep
318,ProviderNumber,10038,0.0000,bclean_keep
318,HospitalName,stringfellow memorial hospital,0.0000,bclean_keep
318,Address1,301 east 18th st,0.0016,bclean_keep
318,City,anniston,0.0016,bclean_keep
318,State,al,0.5000,bclean_keep
318,ZipCode,36201,0.0000,bclean_keep
318,CountyName,calhoun,0.0017,bclean_keep
318,PhoneNumber,2562358900,0.0000,bclean_keep
318,HospitalType,acute care hospitals,0.5000,bclean_keep
318,HospitalOwner,proprietary,0.0006,bclean_keep
318,EmergencyService,yes,0.0000,bclean_keep
318,Condition,heart attack,0.0003,bclean_keep
318,MeasureCode,ami-5,0.0007,bclean_keep
318,MeasureName,heart attack patients given beta blocker at discharge,0.0007,bclean_keep
318,Stateavg,al_ami-5,0.0007,bclean_keep
319,ProviderNumber,10038,0.0000,bclean_keep
319,HospitalName,stringfellow memorial hospital,0.0000,bclean_keep
319,Address1,301 east 18th st,0.0016,bclean_keep
319,City,anniston,0.0015,bclean_keep
319,State,al,0.5000,bclean_keep
319,ZipCode,36201,0.0000,bclean_keep
319,CountyName,calhoun,0.0016,bclean_keep
319,PhoneNumber,2562358900,0.0000,bclean_keep
319,HospitalType,acute care hospitals,0.5000,bclean_keep
319,HospitalOwner,proprietary,0.0007,bclean_keep
319,Condition,heart attack,0.0001,bclean_keep
319,MeasureCode,ami-7a,0.0000,bclean_keep
319,MeasureName,heart attack patients given fibrinolytic medication within 30 minutes of arrival,0.0000,bclean_keep
319,Stateavg,al_ami-7a,0.0008,bclean_keep
320,ProviderNumber,10038,0.0000,bclean_keep
320,HospitalName,stringfellow memorial hospital,0.0000,bclean_keep
320,Address1,301 east 18th st,0.0016,bclean_keep
320,City,anniston,0.0016,bclean_keep
320,State,al,0.5000,bclean_keep
320,ZipCode,36201,0.0000,bclean_keep
320,CountyName,calhoun,0.0017,bclean_keep
320,PhoneNumber,2562358900,0.0000,bclean_keep
320,HospitalType,acute care hospitals,0.5000,bclean_keep
320,HospitalOwner,proprietary,0.0006,bclean_keep
320,EmergencyService,yes,0.0000,bclean_keep
320,Condition,heart attack,0.0003,bclean_keep
320,MeasureCode,ami-8a,0.0000,bclean_keep
320,MeasureName,heart attack patients given pci within 90 minutes of arrival,0.0007,bclean_keep
320,Stateavg,al_ami-8a,0.0008,bclean_keep
321,ProviderNumber,10038,0.0000,bclean_keep
321,HospitalName,stringfellow memorial hospital,0.0000,bclean_keep
321,Address1,301 east 18th st,0.0015,bclean_keep
321,City,anniston,0.0016,bclean_keep
321,State,al,0.5000,bclean_keep
321,ZipCode,36201,0.0000,bclean_keep
321,CountyName,calhoun,0.0017,bclean_keep
321,PhoneNumber,2562358900,0.0000,bclean_keep
321,HospitalType,acute care hospitals,0.5000,bclean_keep
321,HospitalOwner,proprietary,0.0005,bclean_keep
321,EmergencyService,yes,0.0000,bclean_keep
321,Condition,heart failure,0.0004,bclean_keep
321,MeasureCode,hf-1,0.0028,bclean_keep
321,MeasureName,heart failure patients given discharge instructions,0.0008,bclean_keep
321,Stateavg,al_hf-1,0.0000,bclean_keep
322,ProviderNumber,10038,0.0000,bclean_keep
322,HospitalName,stringfellow memorial hospital,0.0000,bclean_keep
322,Address1,301 east 18th st,0.0015,bclean_keep
322,City,anniston,0.0016,bclean_keep
322,State,al,0.5000,bclean_keep
322,ZipCode,36201,0.0000,bclean_keep
322,CountyName,calhoun,0.0017,bclean_keep
322,HospitalType,acute care hospitals,0.5000,bclean_keep
322,HospitalOwner,proprietary,0.0005,bclean_keep
322,EmergencyService,yes,0.0000,bclean_keep
322,Condition,heart failure,0.0002,bclean_keep
322,MeasureCode,hf-2,0.0007,bclean_keep
322,MeasureName,heart failure patients given an evaluation of left ventricular systolic (lvs) function,0.0007,bclean_keep
322,Stateavg,al_hf-2,0.0007,bclean_keep
323,ProviderNumber,10038,0.0000,bclean_keep
323,HospitalName,stringfellow memorial hospital,0.0000,bclean_keep
323,Address1,301 east 18th st,0.0015,bclean_keep
323,City,anniston,0.0016,bclean_keep
323,State,al,0.5000,bclean_keep
323,ZipCode,36201,0.0000,bclean_keep
323,CountyName,calhoun,0.0017,bclean_keep
323,PhoneNumber,2562358900,0.0000,bclean_keep
323,HospitalType,acute care hospitals,0.5000,bclean_keep
323,HospitalOwner,proprietary,0.0005,bclean_keep
323,EmergencyService,yes,0.0000,bclean_keep
323,Condition,heart failure,0.0003,bclean_keep
323,MeasureCode,hf-3,0.0000,bclean_keep
323,MeasureName,heart failure patients given ace inhibitor or arb for left ventricular systolic dysfunction (lvsd),0.0007,bclean_keep
323,Stateavg,al_hf-3,0.0000,bclean_keep
324,ProviderNumber,10038,0.0000,bclean_keep
324,HospitalName,stringfellow memorial hospital,0.0000,bclean_keep
324,Address1,301 east 18th st,0.0015,bclean_keep
324,City,anniston,0.0016,bclean_keep
324,State,al,0.5000,bclean_keep
324,ZipCode,36201,0.0000,bclean_keep
324,CountyName,calhoun,0.0017,bclean_keep
324,PhoneNumber,2562358900,0.0000,bclean_keep
324,HospitalType,acute care hospitals,0.5000,bclean_keep
324,HospitalOwner,proprietary,0.0005,bclean_keep
324,EmergencyService,yes,0.0000,bclean_keep
324,Condition,heart failure,0.0002,bclean_keep
324,MeasureCode,hf-4,0.0007,bclean_keep
324,MeasureName,heart failure patients given smoking cessation advice/counseling,0.0008,bclean_keep
324,Stateavg,al_hf-4,0.0007,bclean_keep
325,ProviderNumber,10038,0.0000,bclean_keep
325,HospitalName,stringfellow memorial hospital,0.0000,bclean_keep
325,Address1,301 east 18th st,0.0015,bclean_keep
325,City,anniston,0.0000,bclean_keep
325,State,al,0.5000,bclean_keep
325,ZipCode,36201,0.0000,bclean_keep
325,PhoneNumber,2562358900,0.0000,bclean_keep
325,HospitalType,acute care hospitals,0.5000,bclean_keep
325,HospitalOwner,proprietary,0.0005,bclean_keep
325,EmergencyService,yes,0.0000,bclean_keep
325,Condition,pneumonia,0.0000,bclean_keep
325,MeasureCode,pn-2,0.0006,bclean_keep
325,MeasureName,pneumonia patients assessed and given pneumococcal vaccination,0.0000,bclean_keep
325,Stateavg,al_pn-2,0.0009,bclean_keep
326,ProviderNumber,10038,0.0000,bclean_keep
326,HospitalName,stringfellow memorial hospital,0.0000,bclean_keep
326,Address1,301 east 18th st,0.0015,bclean_keep
326,City,anniston,0.0016,bclean_keep
326,State,al,0.5000,bclean_keep
326,CountyName,calhoun,0.0017,bclean_keep
326,PhoneNumber,2562358900,0.0000,bclean_keep
326,HospitalType,acute care hospitals,0.5000,bclean_keep
326,HospitalOwner,proprietary,0.0005,bclean_keep
326,EmergencyService,yes,0.0000,bclean_keep
326,Condition,pneumonia,0.0003,bclean_keep
326,MeasureCode,pn-3b,0.0007,bclean_keep
326,MeasureName,pneumonia patients whose initial emergency room blood culture was performed prior to the administration of the first hospital dose of antibiotics,0.0007,bclean_keep
326,Stateavg,al_pn-3b,0.0008,bclean_keep
327,ProviderNumber,10038,0.0000,bclean_keep
327,HospitalName,stringfellow memorial hospital,0.0000,bclean_keep
327,Address1,301 east 18th st,0.0015,bclean_keep
327,City,anniston,0.0016,bclean_keep
327,State,al,0.5000,bclean_keep
327,ZipCode,36201,0.0000,bclean_keep
327,CountyName,calhoun,0.0017,bclean_keep
327,PhoneNumber,2562358900,0.0000,bclean_keep
327,HospitalType,acute care hospitals,0.5000,bclean_keep
327,HospitalOwner,proprietary,0.0005,bclean_keep
327,EmergencyService,yes,0.0000,bclean_keep
327,Condition,pneumonia,0.0003,bclean_keep
327,MeasureCode,pn-4,0.0028,bclean_keep
327,MeasureName,pneumonia patients given smoking cessation advice/counseling,0.0000,bclean_keep
327,Stateavg,al_pn-4,0.0000,bclean_keep
328,ProviderNumber,10038,0.0000,bclean_keep
328,HospitalName,stringfellow memorial hospital,0.0000,bclean_keep
328,Address1,301 east 18th st,0.0015,bclean_keep
328,City,anniston,0.0015,bclean_keep
328,State,al,0.5000,bclean_keep
328,ZipCode,36201,0.0000,bclean_keep
328,CountyName,calhoun,0.0017,bclean_keep
328,PhoneNumber,2562358900,0.0000,bclean_keep
328,HospitalType,acute care hospitals,0.5000,bclean_keep
328,HospitalOwner,proprietary,0.0006,bclean_keep
328,Condition,pneumonia,0.0001,bclean_keep
328,MeasureCode,pn-5c,0.0007,bclean_keep
328,MeasureName,pneumonia patients given initial antibiotic(s) within 6 hours after arrival,0.0009,bclean_keep
328,Stateavg,al_pn-5c,0.0007,bclean_keep
329,ProviderNumber,10038,0.0000,bclean_keep
329,HospitalName,stringfellow memorial hospital,0.0000,bclean_keep
329,Address1,301 east 18th st,0.0015,bclean_keep
329,City,anniston,0.0016,bclean_keep
329,State,al,0.5000,bclean_keep
329,ZipCode,36201,0.0000,bclean_keep
329,CountyName,calhoun,0.0017,bclean_keep
329,PhoneNumber,2562358900,0.0000,bclean_keep
329,HospitalType,acute care hospitals,0.5000,bclean_keep
329,HospitalOwner,proprietary,0.0005,bclean_keep
329,EmergencyService,yes,0.0000,bclean_keep
329,Condition,pneumonia,0.0002,bclean_keep
329,MeasureCode,pn-6,0.0000,bclean_keep
329,MeasureName,pneumonia patients given the most appropriate initial antibiotic(s),0.0006,bclean_keep
329,Stateavg,al_pn-6,0.0009,bclean_keep
330,ProviderNumber,10038,0.0000,bclean_keep
330,HospitalName,stringfellow memorial hospital,0.0000,bclean_keep
330,Address1,301 east 18th st,0.0015,bclean_keep
330,City,anniston,0.0016,bclean_keep
330,State,al,0.5000,bclean_keep
330,ZipCode,36201,0.0000,bclean_keep
330,CountyName,calhoun,0.0017,bclean_keep
330,PhoneNumber,2562358900,0.0000,bclean_keep
330,HospitalType,acute care hospitals,0.5000,bclean_keep
330,HospitalOwner,proprietary,0.0005,bclean_keep
330,EmergencyService,yes,0.0000,bclean_keep
330,Condition,pneumonia,0.0000,bclean_keep
330,MeasureCode,pn-7,0.0000,bclean_keep
330,MeasureName,pneumonia patients assessed and given influenza vaccination,0.0008,bclean_keep
330,Stateavg,al_pn-7,0.0008,bclean_keep
331,ProviderNumber,10038,0.0000,bclean_keep
331,HospitalName,stringfellow memorial hospital,0.0000,bclean_keep
331,Address1,301 east 18th st,0.0016,bclean_keep
331,City,anniston,0.0017,bclean_keep
331,State,al,0.5000,bclean_keep
331,ZipCode,36201,0.0000,bclean_keep
331,CountyName,calhoun,0.0017,bclean_keep
331,PhoneNumber,2562358900,0.0000,bclean_keep
331,HospitalType,acute care hospitals,0.5000,bclean_keep
331,HospitalOwner,proprietary,0.0005,bclean_keep
331,EmergencyService,yes,0.0000,bclean_keep
331,Condition,surgical infection prevention,0.0005,bclean_keep
331,MeasureCode,scip-card-2,0.0000,bclean_keep
331,MeasureName,surgery patients who were taking heart drugs called beta blockers before coming to the hospital who were kept on the beta blockers during the period just before and after their surgery,0.0008,bclean_keep
331,Stateavg,al_scip-card-2,0.0000,bclean_keep
332,ProviderNumber,10055,0.0000,bclean_keep
332,HospitalName,flowers hospital,0.0045,bclean_keep
332,Address1,4370 west main street,0.0047,bclean_keep
332,City,dothan,0.0000,bclean_keep
332,State,al,0.5000,bclean_keep
332,ZipCode,36305,0.0000,bclean_keep
332,CountyName,houston,0.0011,bclean_keep
332,PhoneNumber,3347935000,0.0000,bclean_keep
332,HospitalType,acute care hospitals,0.5000,bclean_keep
332,HospitalOwner,proprietary,0.0004,bclean_keep
332,EmergencyService,yes,0.0000,bclean_keep
332,Condition,heart failure,0.0002,bclean_keep
332,MeasureCode,hf-2,0.0007,bclean_keep
332,MeasureName,heart failure patients given an evaluation of left ventricular systolic (lvs) function,0.0007,bclean_keep
332,Stateavg,al_hf-2,0.0007,bclean_keep
333,ProviderNumber,10055,0.0000,bclean_keep
333,HospitalName,flowers hospital,0.0000,bclean_keep
333,Address1,4370 west main street,0.0049,bclean_keep
333,City,dothan,0.0000,bclean_keep
333,State,al,0.5000,bclean_keep
333,CountyName,houston,0.0012,bclean_keep
333,PhoneNumber,3347935000,0.0000,bclean_keep
333,HospitalType,acute care hospitals,0.5000,bclean_keep
333,Condition,heart failure,0.0003,bclean_keep
333,MeasureCode,hf-3,0.0000,bclean_keep
333,MeasureName,heart failure patients given ace inhibitor or arb for left ventricular systolic dysfunction (lvsd),0.0007,bclean_keep
333,Stateavg,al_hf-3,0.0000,bclean_keep
334,ProviderNumber,10055,0.0000,bclean_keep
334,HospitalName,flowers hospital,0.0045,bclean_keep
334,Address1,4370 west main street,0.0047,bclean_keep
334,City,dothan,0.0000,bclean_keep
334,State,al,0.5000,bclean_keep
334,ZipCode,36305,0.0000,bclean_keep
334,CountyName,houston,0.0011,bclean_keep
334,PhoneNumber,3347935000,0.0000,bclean_keep
334,HospitalType,acute care hospitals,0.5000,bclean_keep
334,HospitalOwner,proprietary,0.0004,bclean_keep
334,EmergencyService,yes,0.0000,bclean_keep
334,Condition,heart failure,0.0002,bclean_keep
334,MeasureCode,hf-4,0.0007,bclean_keep
334,MeasureName,heart failure patients given smoking cessation advice/counseling,0.0008,bclean_keep
334,Stateavg,al_hf-4,0.0007,bclean_keep
335,ProviderNumber,10055,0.0000,bclean_keep
335,HospitalName,flowers hospital,0.0000,bclean_keep
335,City,dothan,0.0000,bclean_keep
335,State,al,0.5000,bclean_keep
335,ZipCode,36305,0.0000,bclean_keep
335,CountyName,houston,0.0011,bclean_keep
335,PhoneNumber,3347935000,0.0000,bclean_keep
335,HospitalType,acute care hospitals,0.5000,bclean_keep
335,HospitalOwner,proprietary,0.0005,bclean_keep
335,EmergencyService,yes,0.5000,bclean_keep
335,Condition,pneumonia,0.0000,bclean_keep
335,MeasureCode,pn-2,0.0000,bclean_keep
335,MeasureName,pneumonia patients assessed and given pneumococcal vaccination,0.0000,bclean_keep
336,ProviderNumber,10055,0.0000,bclean_keep
336,HospitalName,flowers hospital,0.0050,bclean_keep
336,Address1,4370 west main street,0.0050,bclean_keep
336,City,dothan,0.0000,bclean_keep
336,State,al,0.5000,bclean_keep
336,ZipCode,36305,0.0000,bclean_keep
336,CountyName,houston,0.0011,bclean_keep
336,PhoneNumber,3347935000,0.0000,bclean_keep
336,HospitalType,acute care hospitals,0.5000,bclean_keep
336,HospitalOwner,proprietary,0.0005,bclean_keep
336,EmergencyService,yes,0.0000,bclean_keep
336,Condition,pneumonia,0.0003,bclean_keep
336,MeasureCode,pn-3b,0.0007,bclean_keep
336,MeasureName,pneumonia patients whose initial emergency room blood culture was performed prior to the administration of the first hospital dose of antibiotics,0.0007,bclean_keep
336,Stateavg,al_pn-3b,0.0008,bclean_keep
337,ProviderNumber,10055,0.0000,bclean_keep
337,HospitalName,flowers hospital,0.0050,bclean_keep
337,Address1,4370 west main street,0.0050,bclean_keep
337,City,dothan,0.0000,bclean_keep
337,State,al,0.5000,bclean_keep
337,ZipCode,36305,0.0000,bclean_keep
337,CountyName,houston,0.0011,bclean_keep
337,PhoneNumber,3347935000,0.0000,bclean_keep
337,HospitalType,acute care hospitals,0.5000,bclean_keep
337,HospitalOwner,proprietary,0.0005,bclean_keep
337,EmergencyService,yes,0.0000,bclean_keep
337,Condition,pneumonia,0.0003,bclean_keep
337,MeasureCode,pn-4,0.0028,bclean_keep
337,MeasureName,pneumonia patients given smoking cessation advice/counseling,0.0000,bclean_keep
337,Stateavg,al_pn-4,0.0000,bclean_keep
338,ProviderNumber,10055,0.0000,bclean_keep
338,Address1,4370 west main street,0.0050,bclean_keep
338,City,dothan,0.0000,bclean_keep
338,State,al,0.5000,bclean_keep
338,ZipCode,36305,0.0000,bclean_keep
338,CountyName,houston,0.0011,bclean_keep
338,PhoneNumber,3347935000,0.0000,bclean_keep
338,HospitalType,acute care hospitals,0.5000,bclean_keep
338,HospitalOwner,proprietary,0.0005,bclean_keep
338,EmergencyService,yes,0.0000,bclean_keep
338,Condition,pneumonia,0.0001,bclean_keep
338,MeasureCode,pn-5c,0.0007,bclean_keep
338,MeasureName,pneumonia patients given initial antibiotic(s) within 6 hours after arrival,0.0009,bclean_keep
338,Stateavg,al_pn-5c,0.0007,bclean_keep
339,ProviderNumber,10055,0.0000,bclean_keep
339,HospitalName,flowers hospital,0.0050,bclean_keep
339,Address1,4370 west main street,0.0050,bclean_keep
339,City,dothan,0.0000,bclean_keep
339,State,al,0.5000,bclean_keep
339,ZipCode,36305,0.0000,bclean_keep
339,CountyName,houston,0.0011,bclean_keep
339,PhoneNumber,3347935000,0.0000,bclean_keep
339,HospitalType,acute care hospitals,0.5000,bclean_keep
339,HospitalOwner,proprietary,0.0006,bclean_keep
339,EmergencyService,yes,0.0000,bclean_keep
339,Condition,pneumonia,0.0002,bclean_keep
339,MeasureCode,pn-6,0.0000,bclean_keep
339,MeasureName,pneumonia patients given the most appropriate initial antibiotic(s),0.0006,bclean_keep
339,Stateavg,al_pn-6,0.0009,bclean_keep
340,ProviderNumber,10055,0.0000,bclean_keep
340,HospitalName,flowers hospital,0.0050,bclean_keep
340,Address1,4370 west main street,0.0050,bclean_keep
340,City,dothan,0.0000,bclean_keep
340,State,al,0.5000,bclean_keep
340,ZipCode,36305,0.0000,bclean_keep
340,CountyName,houston,0.0011,bclean_keep
340,PhoneNumber,3347935000,0.0000,bclean_keep
340,HospitalType,acute care hospitals,0.5000,bclean_keep
340,HospitalOwner,proprietary,0.0005,bclean_keep
340,EmergencyService,yes,0.0000,bclean_keep
340,Condition,pneumonia,0.0000,bclean_keep
340,MeasureCode,pn-7,0.0000,bclean_keep
340,MeasureName,pneumonia patients assessed and given influenza vaccination,0.0008,bclean_keep
340,Stateavg,al_pn-7,0.0008,bclean_keep
341,ProviderNumber,10055,0.0000,bclean_keep
341,HospitalName,flowers hospital,0.0000,bclean_keep
341,Address1,4370 west main street,0.0046,bclean_keep
341,City,dothan,0.0000,bclean_keep
341,State,al,0.5000,bclean_keep
341,CountyName,houston,0.0011,bclean_keep
341,PhoneNumber,3347935000,0.0000,bclean_keep
341,HospitalType,acute care hospitals,0.5000,bclean_keep
341,HospitalOwner,proprietary,0.0005,bclean_keep
341,EmergencyService,yes,0.0000,bclean_keep
341,Condition,surgical infection prevention,0.0005,bclean_keep
341,MeasureCode,scip-card-2,0.0000,bclean_keep
341,MeasureName,surgery patients who were taking heart drugs called beta blockers before coming to the hospital who were kept on the beta blockers during the period just before and after their surgery,0.0008,bclean_keep
341,Stateavg,al_scip-card-2,0.0000,bclean_keep
342,ProviderNumber,10055,0.0000,bclean_keep
342,HospitalName,flowers hospital,0.0043,bclean_keep
342,Address1,4370 west main street,0.0047,bclean_keep
342,City,dothan,0.0000,bclean_keep
342,State,al,0.5000,bclean_keep
342,ZipCode,36305,0.0000,bclean_keep
342,CountyName,houston,0.0011,bclean_keep
342,PhoneNumber,3347935000,0.0000,bclean_keep
342,HospitalType,acute care hospitals,0.5000,bclean_keep
342,HospitalOwner,proprietary,0.0005,bclean_keep
342,EmergencyService,yes,0.0000,bclean_keep
342,Condition,surgical infection prevention,0.0000,bclean_keep
342,MeasureCode,scip-inf-1,0.0006,bclean_keep
342,MeasureName,surgery patients who were given an antibiotic at the right time (within one hour before surgery) to help prevent infection,0.0000,bclean_keep
342,Stateavg,al_scip-inf-1,0.0000,bclean_keep
343,ProviderNumber,10055,0.0000,bclean_keep
343,HospitalName,flowers hospital,0.0000,bclean_keep
343,Address1,4370 west main street,0.0046,bclean_keep
343,City,dothan,0.0000,bclean_keep
343,State,al,0.5000,bclean_keep
343,ZipCode,36305,0.0000,bclean_keep
343,CountyName,houston,0.0011,bclean_keep
343,HospitalType,acute care hospitals,0.5000,bclean_keep
343,HospitalOwner,proprietary,0.0005,bclean_keep
343,EmergencyService,yes,0.0000,bclean_keep
343,Condition,surgical infection prevention,0.0001,bclean_keep
343,MeasureCode,scip-inf-2,0.0007,bclean_keep
343,MeasureName,surgery patients who were given the  right kind  of antibiotic to help prevent infection,0.0000,bclean_keep
343,Stateavg,al_scip-inf-2,0.0035,bclean_keep
344,ProviderNumber,10055,0.0000,bclean_keep
344,HospitalName,flowers hospital,0.0043,bclean_keep
344,Address1,4370 west main street,0.0047,bclean_keep
344,City,dothan,0.0000,bclean_keep
344,State,al,0.5000,bclean_keep
344,ZipCode,36305,0.0000,bclean_keep
344,CountyName,houston,0.0011,bclean_keep
344,PhoneNumber,3347935000,0.0000,bclean_keep
344,HospitalType,acute care hospitals,0.5000,bclean_keep
344,HospitalOwner,proprietary,0.0005,bclean_keep
344,EmergencyService,yes,0.0000,bclean_keep
344,Condition,surgical infection prevention,0.0001,bclean_keep
344,MeasureCode,scip-inf-3,0.0007,bclean_keep
344,MeasureName,surgery patients whose preventive antibiotics were stopped at the right time (within 24 hours after surgery),0.0000,bclean_keep
344,Stateavg,al_scip-inf-3,0.0000,bclean_keep
345,ProviderNumber,10055,0.0000,bclean_keep
345,HospitalName,flowers hospital,0.0043,bclean_keep
345,Address1,4370 west main street,0.0047,bclean_keep
345,City,dothan,0.0000,bclean_keep
345,State,al,0.5000,bclean_keep
345,ZipCode,36305,0.0000,bclean_keep
345,CountyName,houston,0.0011,bclean_keep
345,PhoneNumber,3347935000,0.0000,bclean_keep
345,HospitalType,acute care hospitals,0.5000,bclean_keep
345,HospitalOwner,proprietary,0.0005,bclean_keep
345,EmergencyService,yes,0.0000,bclean_keep
345,Condition,surgical infection prevention,0.0001,bclean_keep
345,MeasureCode,scip-inf-4,0.0008,bclean_keep
345,MeasureName,all heart surgery patients whose blood sugar (blood glucose) is kept under good control in the days right after surgery,0.0010,bclean_keep
345,Stateavg,al_scip-inf-4,0.0000,bclean_keep
346,ProviderNumber,10055,0.0000,bclean_keep
346,HospitalName,flowers hospital,0.0043,bclean_keep
346,Address1,4370 west main street,0.0047,bclean_keep
346,City,dothan,0.0000,bclean_keep
346,State,al,0.5000,bclean_keep
346,ZipCode,36305,0.0000,bclean_keep
346,CountyName,houston,0.0011,bclean_keep
346,PhoneNumber,3347935000,0.0000,bclean_keep
346,HospitalType,acute care hospitals,0.5000,bclean_keep
346,HospitalOwner,proprietary,0.0005,bclean_keep
346,EmergencyService,yes,0.0000,bclean_keep
346,Condition,surgical infection prevention,0.0000,bclean_keep
346,MeasureCode,scip-inf-6,0.0000,bclean_keep
346,MeasureName,surgery patients needing hair removed from the surgical area before surgery who had hair removed using a safer method (electric clippers or hair removal cream c not a razor),0.0008,bclean_keep
346,Stateavg,al_scip-inf-6,0.0000,bclean_keep
347,ProviderNumber,10055,0.0000,bclean_keep
347,HospitalName,flowers hospital,0.0042,bclean_keep
347,Address1,4370 west main street,0.0046,bclean_keep
347,City,dothan,0.0000,bclean_keep
347,State,al,0.5000,bclean_keep
347,ZipCode,36305,0.0000,bclean_keep
347,PhoneNumber,3347935000,0.0000,bclean_keep
347,HospitalType,acute care hospitals,0.5000,bclean_keep
347,HospitalOwner,proprietary,0.0005,bclean_keep
347,EmergencyService,yes,0.5000,bclean_keep
347,Condition,surgical infection prevention,0.0000,bclean_keep
347,MeasureCode,scip-vte-1,0.0000,bclean_keep
347,Stateavg,al_scip-vte-1,0.0008,bclean_keep
348,ProviderNumber,10055,0.0000,bclean_keep
348,HospitalName,flowers hospital,0.0043,bclean_keep
348,Address1,4370 west main street,0.0047,bclean_keep
348,City,dothan,0.0000,bclean_keep
348,State,al,0.5000,bclean_keep
348,ZipCode,36305,0.0000,bclean_keep
348,CountyName,houston,0.0011,bclean_keep
348,PhoneNumber,3347935000,0.0000,bclean_keep
348,HospitalType,acute care hospitals,0.5000,bclean_keep
348,HospitalOwner,proprietary,0.0006,bclean_keep
348,EmergencyService,yes,0.5000,bclean_keep
348,Condition,surgical infection prevention,0.0001,bclean_keep
348,MeasureCode,scip-vte-2,0.0000,bclean_keep
348,MeasureName,patients who got treatment  at the right time (within 24 hours before or after their surgery) to help prevent blood clots after certain types of surgery,0.0000,bclean_keep
349,ProviderNumber,10056,0.0000,bclean_keep
349,HospitalName,st vincents hospital,0.0000,bclean_keep
349,Address1,810 st vincents drive,0.0556,bclean_keep
349,City,birmingham,0.0000,bclean_keep
349,State,al,0.5000,bclean_keep
349,ZipCode,35205,0.0000,bclean_keep
349,CountyName,jefferson,0.0003,bclean_keep
349,PhoneNumber,2059397000,0.0000,bclean_keep
349,HospitalType,acute care hospitals,0.5000,bclean_keep
349,HospitalOwner,voluntary non-profit - other,0.0000,bclean_keep
349,EmergencyService,yes,0.0000,bclean_keep
349,Condition,heart attack,0.0003,bclean_keep
349,MeasureCode,ami-1,0.0031,bclean_keep
349,MeasureName,heart attack patients given aspirin at arrival,0.0009,bclean_keep
349,Stateavg,al_ami-1,0.0011,bclean_keep
350,ProviderNumber,10056,0.0000,bclean_keep
350,HospitalName,st vincents hospital,0.0000,bclean_keep
350,Address1,810 st vincents drive,0.0557,bclean_keep
350,City,birmingham,0.0000,bclean_keep
350,State,al,0.5000,bclean_keep
350,ZipCode,35205,0.0000,bclean_keep
350,CountyName,jefferson,0.0003,bclean_keep
350,PhoneNumber,2059397000,0.0000,bclean_keep
350,HospitalType,acute care hospitals,0.5000,bclean_keep
350,HospitalOwner,voluntary non-profit - other,0.0000,bclean_keep
350,EmergencyService,yes,0.0000,bclean_keep
350,Condition,heart attack,0.0003,bclean_keep
350,MeasureName,heart attack patients given aspirin at discharge,0.0007,bclean_keep
350,Stateavg,al_ami-2,0.0009,bclean_keep
351,ProviderNumber,10056,0.0000,bclean_keep
351,HospitalName,st vincents hospital,0.0000,bclean_keep
351,City,birmingham,0.0000,bclean_keep
351,State,al,0.5000,bclean_keep
351,ZipCode,35205,0.0000,bclean_keep
351,CountyName,jefferson,0.0003,bclean_keep
351,PhoneNumber,2059397000,0.0000,bclean_keep
351,HospitalType,acute care hospitals,0.5000,bclean_keep
351,HospitalOwner,voluntary non-profit - other,0.0000,bclean_keep
351,Condition,heart attack,0.0003,bclean_keep
351,MeasureCode,ami-3,0.0006,bclean_keep
351,MeasureName,heart attack patients given ace inhibitor or arb for left ventricular systolic dysfunction (lvsd),0.0006,bclean_keep
351,Stateavg,al_ami-3,0.0000,bclean_keep
352,ProviderNumber,10056,0.0000,bclean_keep
352,HospitalName,st vincents hospital,0.0000,bclean_keep
352,Address1,810 st vincents drive,0.0556,bclean_keep
352,City,birmingham,0.0000,bclean_keep
352,State,al,0.5000,bclean_keep
352,ZipCode,35205,0.0000,bclean_keep
352,CountyName,jefferson,0.0003,bclean_keep
352,PhoneNumber,2059397000,0.0000,bclean_keep
352,HospitalType,acute care hospitals,0.5000,bclean_keep
352,HospitalOwner,voluntary non-profit - other,0.0000,bclean_keep
352,EmergencyService,yes,0.0000,bclean_keep
352,Condition,heart attack,0.0003,bclean_keep
352,MeasureCode,ami-4,0.0005,bclean_keep
352,MeasureName,heart attack patients given smoking cessation advice/counseling,0.0000,bclean_keep
352,Stateavg,al_ami-4,0.0000,bclean_keep
353,ProviderNumber,10056,0.0000,bclean_keep
353,HospitalName,st vincents hospital,0.0000,bclean_keep
353,Address1,810 st vincents drive,0.0556,bclean_keep
353,City,birmingham,0.0000,bclean_keep
353,State,al,0.5000,bclean_keep
353,ZipCode,35205,0.0000,bclean_keep
353,CountyName,jefferson,0.0003,bclean_keep
353,PhoneNumber,2059397000,0.0000,bclean_keep
353,HospitalType,acute care hospitals,0.5000,bclean_keep
353,HospitalOwner,voluntary non-profit - other,0.0000,bclean_keep
353,EmergencyService,yes,0.0000,bclean_keep
353,Condition,heart attack,0.0003,bclean_keep
353,MeasureCode,ami-5,0.0007,bclean_keep
353,MeasureName,heart attack patients given beta blocker at discharge,0.0007,bclean_keep
353,Stateavg,al_ami-5,0.0007,bclean_keep
354,ProviderNumber,10085,0.0000,bclean_keep
354,HospitalName,decatur general hospital,0.0000,bclean_keep
354,Address1,1201 7th street se,0.0000,bclean_keep
354,City,decatur,0.0000,bclean_keep
354,State,al,0.5000,bclean_keep
354,ZipCode,35609,0.0000,bclean_keep
354,CountyName,morgan,0.0000,bclean_keep
354,PhoneNumber,2563412000,0.0000,bclean_keep
354,HospitalType,acute care hospitals,0.5000,bclean_keep
354,HospitalOwner,government - hospital district or authority,0.0000,bclean_keep
354,EmergencyService,yes,0.5000,bclean_keep
354,Condition,surgical infection prevention,0.0001,bclean_keep
354,MeasureCode,scip-vte-2,0.0000,bclean_keep
354,MeasureName,patients who got treatment  at the right time (within 24 hours before or after their surgery) to help prevent blood clots after certain types of surgery,0.0000,bclean_keep
354,Stateavg,al_scip-vte-2,0.0009,bclean_keep
355,ProviderNumber,10086,0.0000,bclean_keep
355,HospitalName,northwest medical center,0.0000,bclean_keep
355,Address1,1530 u s highway 43,0.0018,bclean_keep
355,City,winfield,0.0017,bclean_keep
355,State,al,0.5000,bclean_keep
355,ZipCode,35594,0.0000,bclean_keep
355,CountyName,marion,0.0000,bclean_keep
355,PhoneNumber,2054877736,0.0000,bclean_keep
355,HospitalType,acute care hospitals,0.5000,bclean_keep
355,HospitalOwner,proprietary,0.0007,bclean_keep
355,EmergencyService,yes,0.0000,bclean_keep
355,Condition,heart attack,0.0004,bclean_keep
355,MeasureCode,ami-1,0.0031,bclean_keep
355,MeasureName,heart attack patients given aspirin at arrival,0.0010,bclean_keep
355,Stateavg,al_ami-1,0.0010,bclean_keep
356,ProviderNumber,10086,0.0000,bclean_keep
356,HospitalName,northwest medical center,0.0000,bclean_keep
356,Address1,1530 u s highway 43,0.0018,bclean_keep
356,City,winfield,0.0017,bclean_keep
356,State,al,0.5000,bclean_keep
356,ZipCode,35594,0.0000,bclean_keep
356,CountyName,marion,0.0000,bclean_keep
356,PhoneNumber,2054877736,0.0000,bclean_keep
356,HospitalType,acute care hospitals,0.5000,bclean_keep
356,HospitalOwner,proprietary,0.0007,bclean_keep
356,EmergencyService,yes,0.0000,bclean_keep
356,Condition,heart attack,0.0003,bclean_keep
356,MeasureCode,ami-2,0.0007,bclean_keep
356,MeasureName,heart attack patients given aspirin at discharge,0.0008,bclean_keep
356,Stateavg,al_ami-2,0.0008,bclean_keep
357,ProviderNumber,10086,0.0000,bclean_keep
357,HospitalName,northwest medical center,0.0000,bclean_keep
357,Address1,1530 u s highway 43,0.0018,bclean_keep
357,City,winfield,0.0017,bclean_keep
357,ZipCode,35594,0.0000,bclean_keep
357,CountyName,marion,0.0000,bclean_keep
357,PhoneNumber,2054877736,0.0000,bclean_keep
357,HospitalType,acute care hospitals,0.5000,bclean_keep
357,EmergencyService,yes,0.0000,bclean_keep
357,Condition,heart attack,0.0003,bclean_keep
357,MeasureCode,ami-3,0.0006,bclean_keep
357,MeasureName,heart attack patients given ace inhibitor or arb for left ventricular systolic dysfunction (lvsd),0.0006,bclean_keep
357,Stateavg,al_ami-3,0.0000,bclean_keep
358,ProviderNumber,10086,0.0000,bclean_keep
358,HospitalName,northwest medical center,0.0000,bclean_keep
358,Address1,1530 u s highway 43,0.0018,bclean_keep
358,City,winfield,0.0017,bclean_keep
358,State,al,0.5000,bclean_keep
358,ZipCode,35594,0.0000,bclean_keep
358,CountyName,marion,0.0000,bclean_keep
358,PhoneNumber,2054877736,0.0000,bclean_keep
358,HospitalType,acute care hospitals,0.5000,bclean_keep
358,HospitalOwner,proprietary,0.0007,bclean_keep
358,EmergencyService,yes,0.5000,bclean_keep
358,Condition,heart attack,0.0003,bclean_keep
358,MeasureCode,ami-4,0.0005,bclean_keep
358,MeasureName,heart attack patients given smoking cessation advice/counseling,0.0000,bclean_keep
358,Stateavg,al_ami-4,0.0000,bclean_keep
359,ProviderNumber,10086,0.0000,bclean_keep
359,HospitalName,northwest medical center,0.0000,bclean_keep
359,Address1,1530 u s highway 43,0.0018,bclean_keep
359,City,winfield,0.0017,bclean_keep
359,State,al,0.5000,bclean_keep
359,ZipCode,35594,0.0000,bclean_keep
359,CountyName,marion,0.0000,bclean_keep
359,PhoneNumber,2054877736,0.0000,bclean_keep
359,HospitalType,acute care hospitals,0.5000,bclean_keep
359,HospitalOwner,proprietary,0.0007,bclean_keep
359,EmergencyService,yes,0.0000,bclean_keep
359,Condition,heart attack,0.0003,bclean_keep
359,MeasureCode,ami-5,0.0007,bclean_keep
359,MeasureName,heart attack patients given beta blocker at discharge,0.0007,bclean_keep
359,Stateavg,al_ami-5,0.0007,bclean_keep
360,ProviderNumber,10086,0.0000,bclean_keep
360,HospitalName,northwest medical center,0.0000,bclean_keep
360,Address1,1530 u s highway 43,0.0018,bclean_keep
360,City,winfield,0.0017,bclean_keep
360,State,al,0.5000,bclean_keep
360,ZipCode,35594,0.0000,bclean_keep
360,CountyName,marion,0.0000,bclean_keep
360,PhoneNumber,2054877736,0.0000,bclean_keep
360,HospitalType,acute care hospitals,0.5000,bclean_keep
360,HospitalOwner,proprietary,0.0007,bclean_keep
360,EmergencyService,yes,0.0000,bclean_keep
360,Condition,heart attack,0.0001,bclean_keep
360,MeasureCode,ami-7a,0.0000,bclean_keep
360,MeasureName,heart attack patients given fibrinolytic medication within 30 minutes of arrival,0.0000,bclean_keep
360,Stateavg,al_ami-7a,0.0008,bclean_keep
361,HospitalName,northwest medical center,0.0000,bclean_keep
361,Address1,1530 u s highway 43,0.0018,bclean_keep
361,City,winfield,0.0017,bclean_keep
361,State,al,0.5000,bclean_keep
361,ZipCode,35594,0.0000,bclean_keep
361,CountyName,marion,0.0000,bclean_keep
361,PhoneNumber,2054877736,0.0000,bclean_keep
361,HospitalType,acute care hospitals,0.5000,bclean_keep
361,HospitalOwner,proprietary,0.0007,bclean_keep
361,EmergencyService,yes,0.5000,bclean_keep
361,Condition,heart attack,0.0003,bclean_keep
361,MeasureCode,ami-8a,0.0000,bclean_keep
361,MeasureName,heart attack patients given pci within 90 minutes of arrival,0.0007,bclean_keep
361,Stateavg,al_ami-8a,0.0008,bclean_keep
362,ProviderNumber,10086,0.0000,bclean_keep
362,HospitalName,northwest medical center,0.0000,bclean_keep
362,Address1,1530 u s highway 43,0.0019,bclean_keep
362,City,winfield,0.0017,bclean_keep
362,State,al,0.5000,bclean_keep
362,ZipCode,35594,0.0000,bclean_keep
362,CountyName,marion,0.0000,bclean_keep
362,PhoneNumber,2054877736,0.0000,bclean_keep
362,HospitalType,acute care hospitals,0.5000,bclean_keep
362,HospitalOwner,proprietary,0.0006,bclean_keep
362,EmergencyService,yes,0.0000,bclean_keep
362,Condition,heart failure,0.0004,bclean_keep
362,MeasureCode,hf-1,0.0028,bclean_keep
362,MeasureName,heart failure patients given discharge instructions,0.0008,bclean_keep
362,Stateavg,al_hf-1,0.0000,bclean_keep
363,ProviderNumber,10086,0.0000,bclean_keep
363,HospitalName,northwest medical center,0.0000,bclean_keep
363,Address1,1530 u s highway 43,0.0019,bclean_keep
363,City,winfield,0.0017,bclean_keep
363,State,al,0.5000,bclean_keep
363,ZipCode,35594,0.0000,bclean_keep
363,CountyName,marion,0.0000,bclean_keep
363,PhoneNumber,2054877736,0.0000,bclean_keep
363,HospitalType,acute care hospitals,0.5000,bclean_keep
363,HospitalOwner,proprietary,0.0006,bclean_keep
363,EmergencyService,yes,0.0000,bclean_keep
363,Condition,heart failure,0.0002,bclean_keep
363,MeasureCode,hf-2,0.0007,bclean_keep
363,MeasureName,heart failure patients given an evaluation of left ventricular systolic (lvs) function,0.0007,bclean_keep
363,Stateavg,al_hf-2,0.0007,bclean_keep
364,ProviderNumber,10086,0.0000,bclean_keep
364,HospitalName,northwest medical center,0.0000,bclean_keep
364,City,winfield,0.0017,bclean_keep
364,State,al,0.5000,bclean_keep
364,ZipCode,35594,0.0000,bclean_keep
364,CountyName,marion,0.0000,bclean_keep
364,PhoneNumber,2054877736,0.0000,bclean_keep
364,HospitalType,acute care hospitals,0.5000,bclean_keep
364,HospitalOwner,proprietary,0.0006,bclean_keep
364,EmergencyService,yes,0.0000,bclean_keep
364,Condition,heart failure,0.0003,bclean_keep
364,MeasureCode,hf-3,0.0000,bclean_keep
364,MeasureName,heart failure patients given ace inhibitor or arb for left ventricular systolic dysfunction (lvsd),0.0007,bclean_keep
364,Stateavg,al_hf-3,0.0000,bclean_keep
365,ProviderNumber,10086,0.0000,bclean_keep
365,HospitalName,northwest medical center,0.0000,bclean_keep
365,Address1,1530 u s highway 43,0.0019,bclean_keep
365,City,winfield,0.0017,bclean_keep
365,State,al,0.5000,bclean_keep
365,ZipCode,35594,0.0000,bclean_keep
365,CountyName,marion,0.0000,bclean_keep
365,PhoneNumber,2054877736,0.0000,bclean_keep
365,HospitalType,acute care hospitals,0.5000,bclean_keep
365,HospitalOwner,proprietary,0.0006,bclean_keep
365,EmergencyService,yes,0.0000,bclean_keep
365,Condition,heart failure,0.0002,bclean_keep
365,MeasureCode,hf-4,0.0007,bclean_keep
365,MeasureName,heart failure patients given smoking cessation advice/counseling,0.0008,bclean_keep
365,Stateavg,al_hf-4,0.0007,bclean_keep
366,ProviderNumber,10086,0.0000,bclean_keep
366,HospitalName,northwest medical center,0.0000,bclean_keep
366,Address1,1530 u s highway 43,0.0018,bclean_keep
366,City,winfield,0.0018,bclean_keep
366,State,al,0.5000,bclean_keep
366,ZipCode,35594,0.0000,bclean_keep
366,CountyName,marion,0.0000,bclean_keep
366,PhoneNumber,2054877736,0.0000,bclean_keep
366,HospitalType,acute care hospitals,0.5000,bclean_keep
366,HospitalOwner,proprietary,0.0006,bclean_keep
366,EmergencyService,yes,0.0000,bclean_keep
366,Condition,pneumonia,0.0000,bclean_keep
366,MeasureCode,pn-2,0.0006,bclean_keep
366,MeasureName,pneumonia patients assessed and given pneumococcal vaccination,0.0000,bclean_keep
366,Stateavg,al_pn-2,0.0009,bclean_keep
367,ProviderNumber,10086,0.0000,bclean_keep
367,HospitalName,northwest medical center,0.0000,bclean_keep
367,Address1,1530 u s highway 43,0.0018,bclean_keep
367,City,winfield,0.0017,bclean_keep
367,State,al,0.5000,bclean_keep
367,CountyName,marion,0.0000,bclean_keep
367,PhoneNumber,2054877736,0.0000,bclean_keep
367,HospitalType,acute care hospitals,0.5000,bclean_keep
367,HospitalOwner,proprietary,0.0006,bclean_keep
367,EmergencyService,yes,0.5000,bclean_keep
367,MeasureCode,pn-3b,0.0000,bclean_keep
367,MeasureName,pneumonia patients whose initial emergency room blood culture was performed prior to the administration of the first hospital dose of antibiotics,0.0007,bclean_keep
367,Stateavg,al_pn-3b,0.0008,bclean_keep
368,ProviderNumber,10086,0.0000,bclean_keep
368,HospitalName,northwest medical center,0.0000,bclean_keep
368,Address1,1530 u s highway 43,0.0018,bclean_keep
368,State,al,0.5000,bclean_keep
368,ZipCode,35594,0.0000,bclean_keep
368,CountyName,marion,0.0000,bclean_keep
368,PhoneNumber,2054877736,0.0000,bclean_keep
368,HospitalType,acute care hospitals,0.5000,bclean_keep
368,HospitalOwner,proprietary,0.0006,bclean_keep
368,EmergencyService,yes,0.0000,bclean_keep
368,Condition,pneumonia,0.0003,bclean_keep
368,MeasureCode,pn-4,0.0029,bclean_keep
368,MeasureName,pneumonia patients given smoking cessation advice/counseling,0.0000,bclean_keep
368,Stateavg,al_pn-4,0.0000,bclean_keep
369,ProviderNumber,10086,0.0000,bclean_keep
369,HospitalName,northwest medical center,0.0000,bclean_keep
369,Address1,1530 u s highway 43,0.0018,bclean_keep
369,City,winfield,0.0018,bclean_keep
369,State,al,0.5000,bclean_keep
369,ZipCode,35594,0.0000,bclean_keep
369,CountyName,marion,0.0000,bclean_keep
369,PhoneNumber,2054877736,0.0000,bclean_keep
369,HospitalType,acute care hospitals,0.5000,bclean_keep
369,HospitalOwner,proprietary,0.0006,bclean_keep
369,EmergencyService,yes,0.0000,bclean_keep
369,Condition,pneumonia,0.0001,bclean_keep
369,MeasureCode,pn-5c,0.0007,bclean_keep
369,MeasureName,pneumonia patients given initial antibiotic(s) within 6 hours after arrival,0.0009,bclean_keep
369,Stateavg,al_pn-5c,0.0007,bclean_keep
370,ProviderNumber,10086,0.0000,bclean_keep
370,HospitalName,northwest medical center,0.0000,bclean_keep
370,Address1,1530 u s highway 43,0.0018,bclean_keep
370,City,winfield,0.0017,bclean_keep
370,State,al,0.5000,bclean_keep
370,ZipCode,35594,0.0000,bclean_keep
370,CountyName,marion,0.0000,bclean_keep
370,PhoneNumber,2054877736,0.0000,bclean_keep
370,HospitalType,acute care hospitals,0.5000,bclean_keep
370,HospitalOwner,proprietary,0.0006,bclean_keep
370,EmergencyService,yes,0.5000,bclean_keep
370,MeasureCode,pn-6,0.0000,bclean_keep
370,MeasureName,pneumonia patients given the most appropriate initial antibiotic(s),0.0006,bclean_keep
370,Stateavg,al_pn-6,0.0009,bclean_keep
371,ProviderNumber,10086,0.0000,bclean_keep
371,HospitalName,northwest medical center,0.0000,bclean_keep
371,Address1,1530 u s highway 43,0.0018,bclean_keep
371,City,winfield,0.0018,bclean_keep
371,State,al,0.5000,bclean_keep
371,ZipCode,35594,0.0000,bclean_keep
371,CountyName,marion,0.0000,bclean_keep
371,PhoneNumber,2054877736,0.0000,bclean_keep
371,HospitalType,acute care hospitals,0.5000,bclean_keep
371,HospitalOwner,proprietary,0.0006,bclean_keep
371,EmergencyService,yes,0.5000,bclean_keep
371,Condition,pneumonia,0.0000,bclean_keep
371,MeasureCode,pn-7,0.0000,bclean_keep
371,MeasureName,pneumonia patients assessed and given influenza vaccination,0.0008,bclean_keep
372,ProviderNumber,10086,0.0000,bclean_keep
372,HospitalName,northwest medical center,0.0000,bclean_keep
372,Address1,1530 u s highway 43,0.0018,bclean_keep
372,City,winfield,0.0017,bclean_keep
372,State,al,0.5000,bclean_keep
372,ZipCode,35594,0.0000,bclean_keep
372,CountyName,marion,0.0000,bclean_keep
372,PhoneNumber,2054877736,0.0000,bclean_keep
372,HospitalType,acute care hospitals,0.5000,bclean_keep
372,HospitalOwner,proprietary,0.0006,bclean_keep
372,EmergencyService,yes,0.5000,bclean_keep
372,Condition,surgical infection prevention,0.0005,bclean_keep
372,MeasureCode,scip-card-2,0.0000,bclean_keep
372,MeasureName,surgery patients who were taking heart drugs called beta blockers before coming to the hospital who were kept on the beta blockers during the period just before and after their surgery,0.0008,bclean_keep
372,Stateavg,al_scip-card-2,0.0000,bclean_keep
373,ProviderNumber,10086,0.0000,bclean_keep
373,HospitalName,northwest medical center,0.0000,bclean_keep
373,Address1,1530 u s highway 43,0.0018,bclean_keep
373,City,winfield,0.0017,bclean_keep
373,State,al,0.5000,bclean_keep
373,ZipCode,35594,0.0000,bclean_keep
373,CountyName,marion,0.0000,bclean_keep
373,PhoneNumber,2054877736,0.0000,bclean_keep
373,HospitalType,acute care hospitals,0.5000,bclean_keep
373,HospitalOwner,proprietary,0.0006,bclean_keep
373,EmergencyService,yes,0.5000,bclean_keep
373,Condition,surgical infection prevention,0.0000,bclean_keep
373,MeasureCode,scip-inf-1,0.0006,bclean_keep
373,MeasureName,surgery patients who were given an antibiotic at the right time (within one hour before surgery) to help prevent infection,0.0000,bclean_keep
373,Stateavg,al_scip-inf-1,0.0000,bclean_keep
374,ProviderNumber,10086,0.0000,bclean_keep
374,HospitalName,northwest medical center,0.0000,bclean_keep
374,Address1,1530 u s highway 43,0.0018,bclean_keep
374,City,winfield,0.0017,bclean_keep
374,State,al,0.5000,bclean_keep
374,ZipCode,35594,0.0000,bclean_keep
374,CountyName,marion,0.0000,bclean_keep
374,PhoneNumber,2054877736,0.0000,bclean_keep
374,HospitalType,acute care hospitals,0.5000,bclean_keep
374,HospitalOwner,proprietary,0.0006,bclean_keep
374,EmergencyService,yes,0.5000,bclean_keep
374,Condition,surgical infection prevention,0.0001,bclean_keep
374,MeasureCode,scip-inf-2,0.0000,bclean_keep
374,MeasureName,surgery patients who were given the  right kind  of antibiotic to help prevent infection,0.0000,bclean_keep
375,ProviderNumber,10086,0.0000,bclean_keep
375,HospitalName,northwest medical center,0.0000,bclean_keep
375,Address1,1530 u s highway 43,0.0018,bclean_keep
375,City,winfield,0.0017,bclean_keep
375,State,al,0.5000,bclean_keep
375,ZipCode,35594,0.0000,bclean_keep
375,CountyName,marion,0.0000,bclean_keep
375,PhoneNumber,2054877736,0.0000,bclean_keep
375,HospitalType,acute care hospitals,0.5000,bclean_keep
375,HospitalOwner,proprietary,0.0006,bclean_keep
375,Condition,surgical infection prevention,0.0001,bclean_keep
375,MeasureCode,scip-inf-3,0.0007,bclean_keep
375,MeasureName,surgery patients whose preventive antibiotics were stopped at the right time (within 24 hours after surgery),0.0000,bclean_keep
375,Stateavg,al_scip-inf-3,0.0000,bclean_keep
376,ProviderNumber,10086,0.0000,bclean_keep
376,HospitalName,northwest medical center,0.0000,bclean_keep
376,Address1,1530 u s highway 43,0.0018,bclean_keep
376,City,winfield,0.0017,bclean_keep
376,State,al,0.5000,bclean_keep
376,CountyName,marion,0.0000,bclean_keep
376,PhoneNumber,2054877736,0.0000,bclean_keep
376,HospitalType,acute care hospitals,0.5000,bclean_keep
376,HospitalOwner,proprietary,0.0006,bclean_keep
376,EmergencyService,yes,0.5000,bclean_keep
376,Condition,surgical infection prevention,0.0001,bclean_keep
376,MeasureCode,scip-inf-4,0.0008,bclean_keep
376,MeasureName,all heart surgery patients whose blood sugar (blood glucose) is kept under good control in the days right after surgery,0.0010,bclean_keep
376,Stateavg,al_scip-inf-4,0.0000,bclean_keep
377,ProviderNumber,10086,0.0000,bclean_keep
377,HospitalName,northwest medical center,0.0000,bclean_keep
377,Address1,1530 u s highway 43,0.0018,bclean_keep
377,City,winfield,0.0017,bclean_keep
377,State,al,0.5000,bclean_keep
377,ZipCode,35594,0.0000,bclean_keep
377,CountyName,marion,0.0000,bclean_keep
377,PhoneNumber,2054877736,0.0000,bclean_keep
377,HospitalType,acute care hospitals,0.5000,bclean_keep
377,HospitalOwner,proprietary,0.0006,bclean_keep
377,EmergencyService,yes,0.5000,bclean_keep
377,Condition,surgical infection prevention,0.0000,bclean_keep
377,MeasureCode,scip-inf-6,0.0000,bclean_keep
377,MeasureName,surgery patients needing hair removed from the surgical area before surgery who had hair removed using a safer method (electric clippers or hair removal cream c not a razor),0.0008,bclean_keep
377,Stateavg,al_scip-inf-6,0.0000,bclean_keep
378,ProviderNumber,10086,0.0000,bclean_keep
378,HospitalName,northwest medical center,0.0000,bclean_keep
378,Address1,1530 u s highway 43,0.0018,bclean_keep
378,City,winfield,0.0017,bclean_keep
378,State,al,0.5000,bclean_keep
378,ZipCode,35594,0.0000,bclean_keep
378,CountyName,marion,0.0000,bclean_keep
378,PhoneNumber,2054877736,0.0000,bclean_keep
378,HospitalType,acute care hospitals,0.5000,bclean_keep
378,HospitalOwner,proprietary,0.0006,bclean_keep
378,EmergencyService,yes,0.5000,bclean_keep
378,Condition,surgical infection prevention,0.0000,bclean_keep
378,MeasureCode,scip-vte-1,0.0008,bclean_keep
378,MeasureName,surgery patients whose doctors ordered treatments to prevent blood clots after certain types of surgeries,0.0009,bclean_keep
378,Stateavg,al_scip-vte-1,0.0008,bclean_keep
379,ProviderNumber,10086,0.0000,bclean_keep
379,HospitalName,northwest medical center,0.0000,bclean_keep
379,Address1,1530 u s highway 43,0.0018,bclean_keep
379,City,winfield,0.0017,bclean_keep
379,State,al,0.5000,bclean_keep
379,ZipCode,35594,0.0000,bclean_keep
379,CountyName,marion,0.0000,bclean_keep
379,PhoneNumber,2054877736,0.0000,bclean_keep
379,HospitalType,acute care hospitals,0.5000,bclean_keep
379,HospitalOwner,proprietary,0.0006,bclean_keep
379,EmergencyService,yes,0.0000,bclean_keep
379,Condition,surgical infection prevention,0.0001,bclean_keep
379,MeasureCode,scip-vte-2,0.0000,bclean_keep
379,MeasureName,patients who got treatment  at the right time (within 24 hours before or after their surgery) to help prevent blood clots after certain types of surgery,0.0000,bclean_keep
379,Stateavg,al_scip-vte-2,0.0009,bclean_keep
380,ProviderNumber,10087,0.0000,bclean_keep
380,HospitalName,univ of south alabama medical center,0.0091,bclean_keep
380,Address1,2451 fillingim street,0.0000,bclean_keep
380,City,mobile,0.0000,bclean_keep
380,State,al,0.5000,bclean_keep
380,ZipCode,36617,0.0000,bclean_keep
380,CountyName,mobile,0.0000,bclean_keep
380,PhoneNumber,2514717110,0.0000,bclean_keep
380,HospitalType,acute care hospitals,0.5000,bclean_keep
380,HospitalOwner,government - state,0.0000,bclean_keep
380,EmergencyService,yes,0.0000,bclean_keep
380,Condition,heart attack,0.0004,bclean_keep
380,MeasureCode,ami-1,0.0031,bclean_keep
380,MeasureName,heart attack patients given aspirin at arrival,0.0009,bclean_keep
380,Stateavg,al_ami-1,0.0010,bclean_keep
381,ProviderNumber,10087,0.0000,bclean_keep
381,HospitalName,univ of south alabama medical center,0.0091,bclean_keep
381,Address1,2451 fillingim street,0.0000,bclean_keep
381,City,mobile,0.0000,bclean_keep
381,State,al,0.5000,bclean_keep
381,ZipCode,36617,0.0000,bclean_keep
381,CountyName,mobile,0.0000,bclean_keep
381,PhoneNumber,2514717110,0.0000,bclean_keep
381,HospitalType,acute care hospitals,0.5000,bclean_keep
381,HospitalOwner,government - state,0.0000,bclean_keep
381,EmergencyService,yes,0.0000,bclean_keep
381,Condition,heart attack,0.0003,bclean_keep
381,MeasureCode,ami-2,0.0000,bclean_keep
381,Stateavg,al_ami-2,0.0008,bclean_keep
382,ProviderNumber,10087,0.0000,bclean_keep
382,HospitalName,univ of south alabama medical center,0.0395,bclean_keep
382,Address1,2451 fillingim street,0.0000,bclean_keep
382,City,mobile,0.0000,bclean_keep
382,State,al,0.5000,bclean_keep
382,ZipCode,36617,0.0000,bclean_keep
382,CountyName,mobile,0.0000,bclean_keep
382,HospitalType,acute care hospitals,0.5000,bclean_keep
382,HospitalOwner,government - state,0.0000,bclean_keep
382,EmergencyService,yes,0.0000,bclean_keep
382,Condition,heart attack,0.0003,bclean_keep
382,MeasureCode,ami-3,0.0006,bclean_keep
382,MeasureName,heart attack patients given ace inhibitor or arb for left ventricular systolic dysfunction (lvsd),0.0006,bclean_keep
382,Stateavg,al_ami-3,0.0000,bclean_keep
383,ProviderNumber,10087,0.0000,bclean_keep
383,HospitalName,univ of south alabama medical center,0.0091,bclean_keep
383,Address1,2451 fillingim street,0.0000,bclean_keep
383,City,mobile,0.0000,bclean_keep
383,State,al,0.5000,bclean_keep
383,ZipCode,36617,0.0000,bclean_keep
383,CountyName,mobile,0.0000,bclean_keep
383,PhoneNumber,2514717110,0.0000,bclean_keep
383,HospitalType,acute care hospitals,0.5000,bclean_keep
383,HospitalOwner,government - state,0.0000,bclean_keep
383,EmergencyService,yes,0.0000,bclean_keep
383,Condition,heart attack,0.0003,bclean_keep
383,MeasureCode,ami-4,0.0005,bclean_keep
383,MeasureName,heart attack patients given smoking cessation advice/counseling,0.0000,bclean_keep
383,Stateavg,al_ami-4,0.0000,bclean_keep
384,ProviderNumber,10087,0.0000,bclean_keep
384,HospitalName,univ of south alabama medical center,0.0091,bclean_keep
384,Address1,2451 fillingim street,0.0000,bclean_keep
384,City,mobile,0.0000,bclean_keep
384,State,al,0.5000,bclean_keep
384,ZipCode,36617,0.0000,bclean_keep
384,CountyName,mobile,0.0000,bclean_keep
384,PhoneNumber,2514717110,0.0000,bclean_keep
384,HospitalType,acute care hospitals,0.5000,bclean_keep
384,HospitalOwner,government - state,0.0000,bclean_keep
384,EmergencyService,yes,0.0000,bclean_keep
384,Condition,heart attack,0.0003,bclean_keep
384,MeasureCode,ami-5,0.0007,bclean_keep
384,MeasureName,heart attack patients given beta blocker at discharge,0.0007,bclean_keep
384,Stateavg,al_ami-5,0.0007,bclean_keep
385,ProviderNumber,10087,0.0000,bclean_keep
385,Address1,2451 fillingim street,0.0000,bclean_keep
385,City,mobile,0.0000,bclean_keep
385,State,al,0.5000,bclean_keep
385,ZipCode,36617,0.0000,bclean_keep
385,CountyName,mobile,0.0000,bclean_keep
385,HospitalType,acute care hospitals,0.5000,bclean_keep
385,HospitalOwner,government - state,0.0000,bclean_keep
385,EmergencyService,yes,0.0000,bclean_keep
385,Condition,heart attack,0.0001,bclean_keep
385,MeasureCode,ami-7a,0.0000,bclean_keep
385,MeasureName,heart attack patients given fibrinolytic medication within 30 minutes of arrival,0.0000,bclean_keep
385,Stateavg,al_ami-7a,0.0008,bclean_keep
386,ProviderNumber,10087,0.0000,bclean_keep
386,Address1,2451 fillingim street,0.0000,bclean_keep
386,City,mobile,0.0000,bclean_keep
386,State,al,0.5000,bclean_keep
386,ZipCode,36617,0.0000,bclean_keep
386,CountyName,mobile,0.0000,bclean_keep
386,PhoneNumber,2514717110,0.0000,bclean_keep
386,HospitalType,acute care hospitals,0.5000,bclean_keep
386,HospitalOwner,government - state,0.0000,bclean_keep
386,EmergencyService,yes,0.0000,bclean_keep
386,Condition,heart attack,0.0003,bclean_keep
386,MeasureCode,ami-8a,0.0000,bclean_keep
386,MeasureName,heart attack patients given pci within 90 minutes of arrival,0.0008,bclean_keep
386,Stateavg,al_ami-8a,0.0008,bclean_keep
387,ProviderNumber,10087,0.0000,bclean_keep
387,HospitalName,univ of south alabama medical center,0.0363,bclean_keep
387,Address1,2451 fillingim street,0.0000,bclean_keep
387,City,mobile,0.0000,bclean_keep
387,ZipCode,36617,0.0000,bclean_keep
387,CountyName,mobile,0.0000,bclean_keep
387,HospitalType,acute care hospitals,0.5000,bclean_keep
387,HospitalOwner,government - state,0.0000,bclean_keep
387,EmergencyService,yes,0.0000,bclean_keep
387,MeasureCode,hf-1,0.0000,bclean_keep
387,MeasureName,heart failure patients given discharge instructions,0.0008,bclean_keep
387,Stateavg,al_hf-1,0.0000,bclean_keep
388,ProviderNumber,10087,0.0000,bclean_keep
388,HospitalName,univ of south alabama medical center,0.0082,bclean_keep
388,Address1,2451 fillingim street,0.0000,bclean_keep
388,City,mobile,0.0000,bclean_keep
388,State,al,0.5000,bclean_keep
388,ZipCode,36617,0.0000,bclean_keep
388,CountyName,mobile,0.0000,bclean_keep
388,PhoneNumber,2514717110,0.0000,bclean_keep
388,HospitalType,acute care hospitals,0.5000,bclean_keep
388,HospitalOwner,government - state,0.0000,bclean_keep
388,EmergencyService,yes,0.0000,bclean_keep
388,Condition,heart failure,0.0002,bclean_keep
388,MeasureCode,hf-2,0.0000,bclean_keep
388,MeasureName,heart failure patients given an evaluation of left ventricular systolic (lvs) function,0.0007,bclean_keep
389,ProviderNumber,10087,0.0000,bclean_keep
389,HospitalName,univ of south alabama medical center,0.0082,bclean_keep
389,Address1,2451 fillingim street,0.0000,bclean_keep
389,City,mobile,0.0000,bclean_keep
389,State,al,0.5000,bclean_keep
389,ZipCode,36617,0.0000,bclean_keep
389,CountyName,mobile,0.0000,bclean_keep
389,PhoneNumber,2514717110,0.0000,bclean_keep
389,HospitalType,acute care hospitals,0.5000,bclean_keep
389,HospitalOwner,government - state,0.0000,bclean_keep
389,EmergencyService,yes,0.0000,bclean_keep
389,Condition,heart failure,0.0004,bclean_keep
389,MeasureCode,hf-3,0.0000,bclean_keep
389,MeasureName,heart failure patients given ace inhibitor or arb for left ventricular systolic dysfunction (lvsd),0.0007,bclean_keep
389,Stateavg,al_hf-3,0.0000,bclean_keep
390,ProviderNumber,10087,0.0000,bclean_keep
390,HospitalName,univ of south alabama medical center,0.0000,bclean_keep
390,Address1,2451 fillingim street,0.0000,bclean_keep
390,City,mobile,0.0000,bclean_keep
390,State,al,0.5000,bclean_keep
390,ZipCode,36617,0.0000,bclean_keep
390,CountyName,mobile,0.0000,bclean_keep
390,PhoneNumber,2514717110,0.0000,bclean_keep
390,HospitalType,acute care hospitals,0.5000,bclean_keep
390,HospitalOwner,government - state,0.0000,bclean_keep
390,Condition,heart failure,0.0002,bclean_keep
390,MeasureCode,hf-4,0.0000,bclean_keep
390,Stateavg,al_hf-4,0.0007,bclean_keep
391,ProviderNumber,10087,0.0000,bclean_keep
391,HospitalName,univ of south alabama medical center,0.0083,bclean_keep
391,Address1,2451 fillingim street,0.0000,bclean_keep
391,City,mobile,0.0000,bclean_keep
391,State,al,0.5000,bclean_keep
391,ZipCode,36617,0.0000,bclean_keep
391,CountyName,mobile,0.0000,bclean_keep
391,PhoneNumber,2514717110,0.0000,bclean_keep
391,HospitalType,acute care hospitals,0.5000,bclean_keep
391,HospitalOwner,government - state,0.0000,bclean_keep
391,EmergencyService,yes,0.0000,bclean_keep
391,Condition,pneumonia,0.0000,bclean_keep
391,MeasureCode,pn-2,0.0006,bclean_keep
391,MeasureName,pneumonia patients assessed and given pneumococcal vaccination,0.0000,bclean_keep
391,Stateavg,al_pn-2,0.0008,bclean_keep
392,ProviderNumber,10087,0.0000,bclean_keep
392,HospitalName,univ of south alabama medical center,0.0083,bclean_keep
392,Address1,2451 fillingim street,0.0000,bclean_keep
392,City,mobile,0.0000,bclean_keep
392,State,al,0.5000,bclean_keep
392,ZipCode,36617,0.0000,bclean_keep
392,CountyName,mobile,0.0000,bclean_keep
392,PhoneNumber,2514717110,0.0000,bclean_keep
392,HospitalType,acute care hospitals,0.5000,bclean_keep
392,HospitalOwner,government - state,0.0000,bclean_keep
392,EmergencyService,yes,0.0000,bclean_keep
392,Condition,pneumonia,0.0003,bclean_keep
392,MeasureName,pneumonia patients whose initial emergency room blood culture was performed prior to the administration of the first hospital dose of antibiotics,0.0007,bclean_keep
392,Stateavg,al_pn-3b,0.0009,bclean_keep
393,ProviderNumber,10108,0.0000,bclean_keep
393,HospitalName,prattville baptist hospital,0.0000,bclean_keep
393,Address1,124 s memorial dr,0.0031,bclean_keep
393,City,prattville,0.0000,bclean_keep
393,State,al,0.5000,bclean_keep
393,ZipCode,36067,0.0000,bclean_keep
393,CountyName,autauga,0.0000,bclean_keep
393,PhoneNumber,3343614267,0.0000,bclean_keep
393,HospitalType,acute care hospitals,0.5000,bclean_keep
393,HospitalOwner,voluntary non-profit - private,0.0000,bclean_keep
393,EmergencyService,yes,0.0000,bclean_keep
393,Condition,heart attack,0.0003,bclean_keep
393,MeasureCode,ami-2,0.0007,bclean_keep
393,MeasureName,heart attack patients given aspirin at discharge,0.0007,bclean_keep
393,Stateavg,al_ami-2,0.0008,bclean_keep
394,ProviderNumber,10108,0.0000,bclean_keep
394,HospitalName,prattville baptist hospital,0.0000,bclean_keep
394,City,prattville,0.0000,bclean_keep
394,State,al,0.5000,bclean_keep
394,ZipCode,36067,0.0000,bclean_keep
394,CountyName,autauga,0.0000,bclean_keep
394,HospitalType,acute care hospitals,0.5000,bclean_keep
394,HospitalOwner,voluntary non-profit - private,0.0000,bclean_keep
394,EmergencyService,yes,0.0000,bclean_keep
394,Condition,heart attack,0.0003,bclean_keep
394,MeasureCode,ami-3,0.0006,bclean_keep
394,MeasureName,heart attack patients given ace inhibitor or arb for left ventricular systolic dysfunction (lvsd),0.0006,bclean_keep
394,Stateavg,al_ami-3,0.0000,bclean_keep
395,ProviderNumber,10108,0.0000,bclean_keep
395,HospitalName,prattville baptist hospital,0.0000,bclean_keep
395,Address1,124 s memorial dr,0.0031,bclean_keep
395,City,prattville,0.0000,bclean_keep
395,State,al,0.5000,bclean_keep
395,ZipCode,36067,0.0000,bclean_keep
395,CountyName,autauga,0.0000,bclean_keep
395,PhoneNumber,3343614267,0.0000,bclean_keep
395,HospitalType,acute care hospitals,0.5000,bclean_keep
395,HospitalOwner,voluntary non-profit - private,0.0000,bclean_keep
395,EmergencyService,yes,0.0000,bclean_keep
395,Condition,heart attack,0.0003,bclean_keep
395,MeasureCode,ami-4,0.0006,bclean_keep
395,MeasureName,heart attack patients given smoking cessation advice/counseling,0.0000,bclean_keep
395,Stateavg,al_ami-4,0.0000,bclean_keep
396,ProviderNumber,10108,0.0000,bclean_keep
396,HospitalName,prattville baptist hospital,0.0000,bclean_keep
396,Address1,124 s memorial dr,0.0031,bclean_keep
396,City,prattville,0.0000,bclean_keep
396,State,al,0.5000,bclean_keep
396,ZipCode,36067,0.0000,bclean_keep
396,CountyName,autauga,0.0000,bclean_keep
396,PhoneNumber,3343614267,0.0000,bclean_keep
396,HospitalType,acute care hospitals,0.5000,bclean_keep
396,HospitalOwner,voluntary non-profit - private,0.0000,bclean_keep
396,EmergencyService,yes,0.0000,bclean_keep
396,Condition,heart attack,0.0003,bclean_keep
396,MeasureCode,ami-5,0.0008,bclean_keep
396,MeasureName,heart attack patients given beta blocker at discharge,0.0008,bclean_keep
396,Stateavg,al_ami-5,0.0007,bclean_keep
397,ProviderNumber,10108,0.0000,bclean_keep
397,HospitalName,prattville baptist hospital,0.0000,bclean_keep
397,Address1,124 s memorial dr,0.0031,bclean_keep
397,City,prattville,0.0000,bclean_keep
397,State,al,0.5000,bclean_keep
397,ZipCode,36067,0.0000,bclean_keep
397,CountyName,autauga,0.0000,bclean_keep
397,PhoneNumber,3343614267,0.0000,bclean_keep
397,HospitalType,acute care hospitals,0.5000,bclean_keep
397,HospitalOwner,voluntary non-profit - private,0.0000,bclean_keep
397,EmergencyService,yes,0.0000,bclean_keep
397,Condition,heart attack,0.0001,bclean_keep
397,MeasureCode,ami-7a,0.0000,bclean_keep
397,MeasureName,heart attack patients given fibrinolytic medication within 30 minutes of arrival,0.0000,bclean_keep
397,Stateavg,al_ami-7a,0.0008,bclean_keep
398,ProviderNumber,10108,0.0000,bclean_keep
398,HospitalName,prattville baptist hospital,0.0000,bclean_keep
398,Address1,124 s memorial dr,0.0031,bclean_keep
398,City,prattville,0.0000,bclean_keep
398,State,al,0.5000,bclean_keep
398,ZipCode,36067,0.0000,bclean_keep
398,CountyName,autauga,0.0000,bclean_keep
398,PhoneNumber,3343614267,0.0000,bclean_keep
398,HospitalType,acute care hospitals,0.5000,bclean_keep
398,HospitalOwner,voluntary non-profit - private,0.0000,bclean_keep
398,EmergencyService,yes,0.0000,bclean_keep
398,Condition,heart attack,0.0003,bclean_keep
398,MeasureCode,ami-8a,0.0000,bclean_keep
398,MeasureName,heart attack patients given pci within 90 minutes of arrival,0.0007,bclean_keep
398,Stateavg,al_ami-8a,0.0008,bclean_keep
399,ProviderNumber,10108,0.0000,bclean_keep
399,HospitalName,prattville baptist hospital,0.0000,bclean_keep
399,Address1,124 s memorial dr,0.0030,bclean_keep
399,City,prattville,0.0000,bclean_keep
399,State,al,0.5000,bclean_keep
399,ZipCode,36067,0.0000,bclean_keep
399,CountyName,autauga,0.0000,bclean_keep
399,PhoneNumber,3343614267,0.0000,bclean_keep
399,HospitalType,acute care hospitals,0.5000,bclean_keep
399,HospitalOwner,voluntary non-profit - private,0.0000,bclean_keep
399,EmergencyService,yes,0.0000,bclean_keep
399,Condition,heart failure,0.0005,bclean_keep
399,MeasureName,heart failure patients given discharge instructions,0.0008,bclean_keep
399,Stateavg,al_hf-1,0.0000,bclean_keep
400,ProviderNumber,10108,0.0000,bclean_keep
400,HospitalName,prattville baptist hospital,0.0000,bclean_keep
400,Address1,124 s memorial dr,0.0030,bclean_keep
400,City,prattville,0.0000,bclean_keep
400,State,al,0.5000,bclean_keep
400,ZipCode,36067,0.0000,bclean_keep
400,CountyName,autauga,0.0000,bclean_keep
400,PhoneNumber,3343614267,0.0000,bclean_keep
400,HospitalType,acute care hospitals,0.5000,bclean_keep
400,HospitalOwner,voluntary non-profit - private,0.0000,bclean_keep
400,EmergencyService,yes,0.0000,bclean_keep
400,Condition,heart failure,0.0002,bclean_keep
400,MeasureCode,hf-2,0.0007,bclean_keep
400,MeasureName,heart failure patients given an evaluation of left ventricular systolic (lvs) function,0.0007,bclean_keep
400,Stateavg,al_hf-2,0.0007,bclean_keep
401,ProviderNumber,10108,0.0000,bclean_keep
401,HospitalName,prattville baptist hospital,0.0000,bclean_keep
401,Address1,124 s memorial dr,0.0030,bclean_keep
401,City,prattville,0.0000,bclean_keep
401,State,al,0.5000,bclean_keep
401,ZipCode,36067,0.0000,bclean_keep
401,CountyName,autauga,0.0000,bclean_keep
401,PhoneNumber,3343614267,0.0000,bclean_keep
401,HospitalType,acute care hospitals,0.5000,bclean_keep
401,HospitalOwner,voluntary non-profit - private,0.0000,bclean_keep
401,EmergencyService,yes,0.0000,bclean_keep
401,MeasureCode,hf-3,0.0000,bclean_keep
401,MeasureName,heart failure patients given ace inhibitor or arb for left ventricular systolic dysfunction (lvsd),0.0007,bclean_keep
401,Stateavg,al_hf-3,0.0000,bclean_keep
402,ProviderNumber,10108,0.0000,bclean_keep
402,HospitalName,prattville baptist hospital,0.0000,bclean_keep
402,Address1,124 s memorial dr,0.0030,bclean_keep
402,City,prattville,0.0000,bclean_keep
402,State,al,0.5000,bclean_keep
402,ZipCode,36067,0.0000,bclean_keep
402,CountyName,autauga,0.0000,bclean_keep
402,PhoneNumber,3343614267,0.0000,bclean_keep
402,HospitalType,acute care hospitals,0.5000,bclean_keep
402,HospitalOwner,voluntary non-profit - private,0.0000,bclean_keep
402,EmergencyService,yes,0.0000,bclean_keep
402,Condition,heart failure,0.0002,bclean_keep
402,MeasureCode,hf-4,0.0007,bclean_keep
402,MeasureName,heart failure patients given smoking cessation advice/counseling,0.0007,bclean_keep
402,Stateavg,al_hf-4,0.0007,bclean_keep
403,ProviderNumber,10108,0.0000,bclean_keep
403,HospitalName,prattville baptist hospital,0.0000,bclean_keep
403,Address1,124 s memorial dr,0.0030,bclean_keep
403,City,prattville,0.0000,bclean_keep
403,ZipCode,36067,0.0000,bclean_keep
403,CountyName,autauga,0.0000,bclean_keep
403,PhoneNumber,3343614267,0.0000,bclean_keep
403,HospitalType,acute care hospitals,0.5000,bclean_keep
403,HospitalOwner,voluntary non-profit - private,0.0000,bclean_keep
403,EmergencyService,yes,0.0000,bclean_keep
403,Condition,pneumonia,0.0000,bclean_keep
403,MeasureCode,pn-2,0.0006,bclean_keep
403,MeasureName,pneumonia patients assessed and given pneumococcal vaccination,0.0000,bclean_keep
403,Stateavg,al_pn-2,0.0008,bclean_keep
404,ProviderNumber,10108,0.0000,bclean_keep
404,HospitalName,prattville baptist hospital,0.0000,bclean_keep
404,Address1,124 s memorial dr,0.0030,bclean_keep
404,City,prattville,0.0000,bclean_keep
404,State,al,0.5000,bclean_keep
404,ZipCode,36067,0.0000,bclean_keep
404,CountyName,autauga,0.0000,bclean_keep
404,PhoneNumber,3343614267,0.0000,bclean_keep
404,HospitalType,acute care hospitals,0.5000,bclean_keep
404,HospitalOwner,voluntary non-profit - private,0.0000,bclean_keep
404,EmergencyService,yes,0.0000,bclean_keep
404,Condition,pneumonia,0.0003,bclean_keep
404,MeasureCode,pn-3b,0.0007,bclean_keep
404,MeasureName,pneumonia patients whose initial emergency room blood culture was performed prior to the administration of the first hospital dose of antibiotics,0.0007,bclean_keep
404,Stateavg,al_pn-3b,0.0008,bclean_keep
405,ProviderNumber,10108,0.0000,bclean_keep
405,HospitalName,prattville baptist hospital,0.0000,bclean_keep
405,Address1,124 s memorial dr,0.0030,bclean_keep
405,City,prattville,0.0000,bclean_keep
405,State,al,0.5000,bclean_keep
405,ZipCode,36067,0.0000,bclean_keep
405,CountyName,autauga,0.0000,bclean_keep
405,PhoneNumber,3343614267,0.0000,bclean_keep
405,HospitalType,acute care hospitals,0.5000,bclean_keep
405,HospitalOwner,voluntary non-profit - private,0.0000,bclean_keep
405,EmergencyService,yes,0.0000,bclean_keep
405,Condition,pneumonia,0.0003,bclean_keep
405,MeasureCode,pn-4,0.0029,bclean_keep
405,MeasureName,pneumonia patients given smoking cessation advice/counseling,0.0000,bclean_keep
405,Stateavg,al_pn-4,0.0000,bclean_keep
406,ProviderNumber,10108,0.0000,bclean_keep
406,HospitalName,prattville baptist hospital,0.0000,bclean_keep
406,Address1,124 s memorial dr,0.0030,bclean_keep
406,City,prattville,0.0000,bclean_keep
406,State,al,0.5000,bclean_keep
406,ZipCode,36067,0.0000,bclean_keep
406,CountyName,autauga,0.0000,bclean_keep
406,PhoneNumber,3343614267,0.0000,bclean_keep
406,HospitalType,acute care hospitals,0.5000,bclean_keep
406,HospitalOwner,voluntary non-profit - private,0.0000,bclean_keep
406,EmergencyService,yes,0.0000,bclean_keep
406,Condition,pneumonia,0.0002,bclean_keep
406,MeasureCode,pn-5c,0.0007,bclean_keep
406,MeasureName,pneumonia patients given initial antibiotic(s) within 6 hours after arrival,0.0008,bclean_keep
406,Stateavg,al_pn-5c,0.0008,bclean_keep
407,ProviderNumber,10108,0.0000,bclean_keep
407,HospitalName,prattville baptist hospital,0.0000,bclean_keep
407,Address1,124 s memorial dr,0.0029,bclean_keep
407,City,prattville,0.0000,bclean_keep
407,State,al,0.5000,bclean_keep
407,CountyName,autauga,0.0000,bclean_keep
407,PhoneNumber,3343614267,0.0000,bclean_keep
407,HospitalType,acute care hospitals,0.5000,bclean_keep
407,HospitalOwner,voluntary non-profit - private,0.0000,bclean_keep
407,EmergencyService,yes,0.0000,bclean_keep
407,Condition,pneumonia,0.0002,bclean_keep
407,MeasureCode,pn-6,0.0000,bclean_keep
407,MeasureName,pneumonia patients given the most appropriate initial antibiotic(s),0.0007,bclean_keep
407,Stateavg,al_pn-6,0.0008,bclean_keep
408,ProviderNumber,10108,0.0000,bclean_keep
408,HospitalName,prattville baptist hospital,0.0000,bclean_keep
408,Address1,124 s memorial dr,0.0030,bclean_keep
408,City,prattville,0.0000,bclean_keep
408,State,al,0.5000,bclean_keep
408,ZipCode,36067,0.0000,bclean_keep
408,CountyName,autauga,0.0000,bclean_keep
408,PhoneNumber,3343614267,0.0000,bclean_keep
408,HospitalType,acute care hospitals,0.5000,bclean_keep
408,HospitalOwner,voluntary non-profit - private,0.0000,bclean_keep
408,EmergencyService,yes,0.0000,bclean_keep
408,Condition,pneumonia,0.0000,bclean_keep
408,MeasureCode,pn-7,0.0000,bclean_keep
408,MeasureName,pneumonia patients assessed and given influenza vaccination,0.0009,bclean_keep
408,Stateavg,al_pn-7,0.0007,bclean_keep
409,HospitalName,prattville baptist hospital,0.0000,bclean_keep
409,Address1,124 s memorial dr,0.0032,bclean_keep
409,City,prattville,0.0000,bclean_keep
409,State,al,0.5000,bclean_keep
409,ZipCode,36067,0.0000,bclean_keep
409,CountyName,autauga,0.0000,bclean_keep
409,PhoneNumber,3343614267,0.0000,bclean_keep
409,HospitalType,acute care hospitals,0.5000,bclean_keep
409,HospitalOwner,voluntary non-profit - private,0.0000,bclean_keep
409,EmergencyService,yes,0.0000,bclean_keep
409,Condition,surgical infection prevention,0.0005,bclean_keep
409,MeasureCode,scip-card-2,0.0000,bclean_keep
409,MeasureName,surgery patients who were taking heart drugs called beta blockers before coming to the hospital who were kept on the beta blockers during the period just before and after their surgery,0.0009,bclean_keep
409,Stateavg,al_scip-card-2,0.0000,bclean_keep
410,ProviderNumber,10108,0.0000,bclean_keep
410,HospitalName,prattville baptist hospital,0.0000,bclean_keep
410,Address1,124 s memorial dr,0.0032,bclean_keep
410,City,prattville,0.0000,bclean_keep
410,State,al,0.5000,bclean_keep
410,ZipCode,36067,0.0000,bclean_keep
410,CountyName,autauga,0.0000,bclean_keep
410,PhoneNumber,3343614267,0.0000,bclean_keep
410,HospitalType,acute care hospitals,0.5000,bclean_keep
410,HospitalOwner,voluntary non-profit - private,0.0000,bclean_keep
410,EmergencyService,yes,0.0000,bclean_keep
410,Condition,surgical infection prevention,0.0000,bclean_keep
410,MeasureName,surgery patients who were given an antibiotic at the right time (within one hour before surgery) to help prevent infection,0.0000,bclean_keep
410,Stateavg,al_scip-inf-1,0.0000,bclean_keep
411,ProviderNumber,10108,0.0000,bclean_keep
411,HospitalName,prattville baptist hospital,0.0000,bclean_keep
411,Address1,124 s memorial dr,0.0031,bclean_keep
411,City,prattville,0.0000,bclean_keep
411,State,al,0.5000,bclean_keep
411,ZipCode,36067,0.0000,bclean_keep
411,CountyName,autauga,0.0000,bclean_keep
411,PhoneNumber,3343614267,0.0000,bclean_keep
411,HospitalType,acute care hospitals,0.5000,bclean_keep
411,HospitalOwner,voluntary non-profit - private,0.0000,bclean_keep
411,Condition,surgical infection prevention,0.0001,bclean_keep
411,MeasureCode,scip-inf-2,0.0007,bclean_keep
411,MeasureName,surgery patients who were given the  right kind  of antibiotic to help prevent infection,0.0000,bclean_keep
411,Stateavg,al_scip-inf-2,0.0035,bclean_keep
412,ProviderNumber,10108,0.0000,bclean_keep
412,HospitalName,prattville baptist hospital,0.0000,bclean_keep
412,City,prattville,0.0000,bclean_keep
412,State,al,0.5000,bclean_keep
412,ZipCode,36067,0.0000,bclean_keep
412,CountyName,autauga,0.0000,bclean_keep
412,PhoneNumber,3343614267,0.0000,bclean_keep
412,HospitalType,acute care hosxitals,0.5000,bclean_keep
412,HospitalOwner,voluntary non-profit - private,0.0000,bclean_keep
412,EmergencyService,yes,0.0000,bclean_keep
412,Condition,surgical infection prevention,0.0001,bclean_keep
412,MeasureCode,scip-inf-3,0.0007,bclean_keep
412,MeasureName,surgery patients whose preventive antibiotics were stopped at the right time (within 24 hours after surgery),0.0000,bclean_keep
412,Stateavg,al_scip-inf-3,0.0000,bclean_keep
413,ProviderNumber,10158,0.0000,bclean_keep
413,HospitalName,russellville hospital,0.0000,bclean_keep
413,Address1,15155 highway 43,0.0000,bclean_keep
413,City,russellville,0.0000,bclean_keep
413,State,al,0.5000,bclean_keep
413,ZipCode,35653,0.0000,bclean_keep
413,CountyName,franklin,0.0000,bclean_keep
413,PhoneNumber,2563321611,0.0000,bclean_keep
413,HospitalType,acute care hospitals,0.5000,bclean_keep
413,HospitalOwner,proprietary,0.0000,bclean_keep
413,EmergencyService,yes,0.5000,bclean_keep
413,Condition,surgical infection prevention,0.0000,bclean_keep
413,MeasureCode,scip-vte-1,0.0008,bclean_keep
413,MeasureName,surgery patients whose doctors ordered treatments to prevent blood clots after certain types of surgeries,0.0009,bclean_keep
413,Stateavg,al_scip-vte-1,0.0008,bclean_keep
414,ProviderNumber,10158,0.0000,bclean_keep
414,HospitalName,russellville hospital,0.0000,bclean_keep
414,Address1,15155 highway 43,0.0000,bclean_keep
414,City,russellville,0.0000,bclean_keep
414,State,al,0.5000,bclean_keep
414,ZipCode,35653,0.0000,bclean_keep
414,CountyName,franklin,0.0000,bclean_keep
414,PhoneNumber,2563321611,0.0000,bclean_keep
414,HospitalType,acuxe care hospixals,0.5000,bclean_keep
414,HospitalOwner,proprietary,0.0000,bclean_keep
414,EmergencyService,yes,0.5000,bclean_keep
414,Condition,surgical infection prevention,0.0001,bclean_keep
414,MeasureCode,scip-vte-2,0.0000,bclean_keep
414,MeasureName,patients who got treatment  at the right time (within 24 hours before or after their surgery) to help prevent blood clots after certain types of surgery,0.0000,bclean_keep
414,Stateavg,al_scip-vte-2,0.0009,bclean_keep
415,ProviderNumber,10164,0.0000,bclean_keep
415,HospitalName,coosa valley medical center,0.0000,bclean_keep
415,Address1,315 w hickory st,0.0039,bclean_keep
415,City,sylacauga,0.0000,bclean_keep
415,State,al,0.5000,bclean_keep
415,ZipCode,35150,0.0000,bclean_keep
415,CountyName,talladega,0.0035,bclean_keep
415,PhoneNumber,2562495000,0.0000,bclean_keep
415,HospitalType,acute care hospitals,0.5000,bclean_keep
415,HospitalOwner,voluntary non-profit - other,0.0000,bclean_keep
415,EmergencyService,no,0.0000,bclean_keep
415,Condition,heart attack,0.0003,bclean_keep
415,MeasureCode,ami-1,0.0045,bclean_keep
415,MeasureName,heart attack patients given aspirin at arrival,0.0010,bclean_keep
415,Stateavg,al_ami-1,0.0011,bclean_keep
416,ProviderNumber,10164,0.0000,bclean_keep
416,HospitalName,coosa valley medical center,0.0000,bclean_keep
416,City,sylacauga,0.0000,bclean_keep
416,State,al,0.5000,bclean_keep
416,ZipCode,35150,0.0000,bclean_keep
416,PhoneNumber,2562495000,0.0000,bclean_keep
416,HospitalType,acute care hospitals,0.5000,bclean_keep
416,HospitalOwner,voluntary non-profit - other,0.0000,bclean_keep
416,EmergencyService,no,0.0000,bclean_keep
416,Condition,heart attack,0.0003,bclean_keep
416,MeasureCode,ami-2,0.0008,bclean_keep
416,MeasureName,heart attack patients given aspirin at discharge,0.0007,bclean_keep
416,Stateavg,al_ami-2,0.0008,bclean_keep
417,ProviderNumber,10164,0.0000,bclean_keep
417,HospitalName,coosa valley medical center,0.0000,bclean_keep
417,Address1,315 w hickory st,0.0039,bclean_keep
417,City,sylacauga,0.0000,bclean_keep
417,State,al,0.5000,bclean_keep
417,ZipCode,35150,0.0000,bclean_keep
417,CountyName,talladega,0.0035,bclean_keep
417,PhoneNumber,2562495000,0.0000,bclean_keep
417,HospitalType,acute care hospitals,0.5000,bclean_keep
417,HospitalOwner,voluntary non-profit - other,0.0000,bclean_keep
417,EmergencyService,no,0.0000,bclean_keep
417,Condition,heart attack,0.0003,bclean_keep
417,MeasureCode,ami-3,0.0006,bclean_keep
417,MeasureName,heart attack patients given ace inhibitor or arb for left ventricular systolic dysfunction (lvsd),0.0006,bclean_keep
417,Stateavg,al_ami-3,0.0000,bclean_keep
418,ProviderNumber,10164,0.0000,bclean_keep
418,HospitalName,coosa valley medical center,0.0000,bclean_keep
418,Address1,315 w hickory st,0.0039,bclean_keep
418,City,sylacauga,0.0000,bclean_keep
418,State,al,0.5000,bclean_keep
418,ZipCode,35150,0.0000,bclean_keep
418,CountyName,talladega,0.0035,bclean_keep
418,PhoneNumber,2562495000,0.0000,bclean_keep
418,HospitalType,acute care hospitals,0.5000,bclean_keep
418,HospitalOwner,voluntary non-profit - other,0.0000,bclean_keep
418,EmergencyService,no,0.0000,bclean_keep
418,Condition,heart attack,0.0003,bclean_keep
418,MeasureCode,ami-4,0.0008,bclean_keep
418,MeasureName,heart attack patients given smoking cessation advice/counseling,0.0000,bclean_keep
418,Stateavg,al_ami-4,0.0000,bclean_keep
419,ProviderNumber,10164,0.0000,bclean_keep
419,HospitalName,coosa valley medical center,0.0000,bclean_keep
419,Address1,315 w hickory st,0.0039,bclean_keep
419,City,sylacauga,0.0000,bclean_keep
419,State,al,0.5000,bclean_keep
419,ZipCode,35150,0.0000,bclean_keep
419,CountyName,talladega,0.0035,bclean_keep
419,PhoneNumber,2562495000,0.0000,bclean_keep
419,HospitalType,acute care hospitals,0.5000,bclean_keep
419,HospitalOwner,voluntary non-profit - other,0.0000,bclean_keep
419,Condition,heart attack,0.0003,bclean_keep
419,MeasureCode,ami-5,0.0006,bclean_keep
419,MeasureName,heart attack patients given beta blocker at discharge,0.0007,bclean_keep
419,Stateavg,al_ami-5,0.0007,bclean_keep
420,ProviderNumber,10164,0.0000,bclean_keep
420,HospitalName,coosa valley medical center,0.0000,bclean_keep
420,Address1,315 w hickory st,0.0039,bclean_keep
420,City,sylacauga,0.0000,bclean_keep
420,State,al,0.5000,bclean_keep
420,ZipCode,35150,0.0000,bclean_keep
420,CountyName,talladega,0.0035,bclean_keep
420,PhoneNumber,2562495000,0.0000,bclean_keep
420,HospitalType,acute care hospitals,0.5000,bclean_keep
420,HospitalOwner,voluntary non-profit - other,0.0000,bclean_keep
420,EmergencyService,no,0.0000,bclean_keep
420,Condition,heart attack,0.0001,bclean_keep
420,MeasureCode,ami-7a,0.0000,bclean_keep
420,MeasureName,heart attack patients given fibrinolytic medication within 30 minutes of arrival,0.0000,bclean_keep
420,Stateavg,al_ami-7a,0.0009,bclean_keep
421,ProviderNumber,10164,0.0000,bclean_keep
421,HospitalName,coosa valley medical center,0.0000,bclean_keep
421,Address1,315 w hickory st,0.0039,bclean_keep
421,City,sylacauga,0.0000,bclean_keep
421,State,al,0.5000,bclean_keep
421,CountyName,talladega,0.0035,bclean_keep
421,PhoneNumber,2562495000,0.0000,bclean_keep
421,HospitalType,acute care hospitals,0.5000,bclean_keep
421,HospitalOwner,voluntary non-profit - other,0.0000,bclean_keep
421,EmergencyService,no,0.0000,bclean_keep
421,Condition,heart attack,0.0003,bclean_keep
421,MeasureCode,ami-8a,0.0000,bclean_keep
421,MeasureName,heart attack patients given pci within 90 minutes of arrival,0.0007,bclean_keep
421,Stateavg,al_ami-8a,0.0007,bclean_keep
422,ProviderNumber,10164,0.0000,bclean_keep
422,HospitalName,coosa valley medical center,0.0000,bclean_keep
422,Address1,315 w hickory st,0.0040,bclean_keep
422,City,sylacauga,0.0000,bclean_keep
422,State,al,0.5000,bclean_keep
422,ZipCode,35150,0.0000,bclean_keep
422,CountyName,talladega,0.0033,bclean_keep
422,PhoneNumber,2562495000,0.0000,bclean_keep
422,HospitalType,acute care hospitals,0.5000,bclean_keep
422,HospitalOwner,voluntary non-profit - other,0.0000,bclean_keep
422,EmergencyService,no,0.0000,bclean_keep
422,Condition,heart failure,0.0004,bclean_keep
422,MeasureCode,hf-1,0.0040,bclean_keep
422,MeasureName,heart failure patients given discharge instructions,0.0008,bclean_keep
422,Stateavg,al_hf-1,0.0000,bclean_keep
423,ProviderNumber,10164,0.0000,bclean_keep
423,HospitalName,coosa valley medical center,0.0000,bclean_keep
423,Address1,315 w hickory st,0.0040,bclean_keep
423,City,sylacauga,0.0000,bclean_keep
423,State,al,0.5000,bclean_keep
423,ZipCode,35150,0.0000,bclean_keep
423,CountyName,talladega,0.0033,bclean_keep
423,PhoneNumber,2562495000,0.0000,bclean_keep
423,HospitalType,acute care hospitals,0.5000,bclean_keep
423,HospitalOwner,voluntary non-profit - other,0.0000,bclean_keep
423,EmergencyService,no,0.0000,bclean_keep
423,Condition,heart failure,0.0003,bclean_keep
423,MeasureCode,hf-2,0.0008,bclean_keep
423,MeasureName,heart failure patients given an evaluation of left ventricular systolic (lvs) function,0.0007,bclean_keep
423,Stateavg,al_hf-2,0.0007,bclean_keep
424,ProviderNumber,10164,0.0000,bclean_keep
424,HospitalName,coosa valley medical center,0.0000,bclean_keep
424,Address1,315 w hickory st,0.0040,bclean_keep
424,City,sylacauga,0.0000,bclean_keep
424,State,al,0.5000,bclean_keep
424,ZipCode,35150,0.0000,bclean_keep
424,CountyName,talladega,0.0033,bclean_keep
424,PhoneNumber,2562495000,0.0000,bclean_keep
424,HospitalType,acute care hospitals,0.5000,bclean_keep
424,HospitalOwner,voluntary non-profit - other,0.0000,bclean_keep
424,EmergencyService,no,0.0000,bclean_keep
424,Condition,heart failure,0.0003,bclean_keep
424,MeasureCode,hf-3,0.0000,bclean_keep
424,MeasureName,heart failure patients given ace inhibitor or arb for left ventricular systolic dysfunction (lvsd),0.0008,bclean_keep
424,Stateavg,al_hf-3,0.0000,bclean_keep
425,ProviderNumber,10164,0.0000,bclean_keep
425,HospitalName,coosa valley medical center,0.0000,bclean_keep
425,Address1,315 w hickory st,0.0040,bclean_keep
425,City,sylacauga,0.0000,bclean_keep
425,State,al,0.5000,bclean_keep
425,ZipCode,35150,0.0000,bclean_keep
425,CountyName,talladega,0.0033,bclean_keep
425,PhoneNumber,2562495000,0.0000,bclean_keep
425,HospitalType,acute care hospitals,0.5000,bclean_keep
425,HospitalOwner,voluntary non-profit - other,0.0000,bclean_keep
425,EmergencyService,no,0.0000,bclean_keep
425,Condition,heart failure,0.0002,bclean_keep
425,MeasureCode,hf-4,0.0006,bclean_keep
425,MeasureName,heart failure patients given smoking cessation advice/counseling,0.0008,bclean_keep
425,Stateavg,al_hf-4,0.0007,bclean_keep
426,ProviderNumber,10164,0.0000,bclean_keep
426,HospitalName,coosa valley medical center,0.0000,bclean_keep
426,Address1,315 w hickory st,0.0039,bclean_keep
426,City,sylacauga,0.0000,bclean_keep
426,State,al,0.5000,bclean_keep
426,ZipCode,35150,0.0000,bclean_keep
426,CountyName,talladega,0.0033,bclean_keep
426,PhoneNumber,2562495000,0.0000,bclean_keep
426,HospitalType,acute care hospitals,0.5000,bclean_keep
426,HospitalOwner,voluntary non-profit - other,0.0000,bclean_keep
426,EmergencyService,no,0.0000,bclean_keep
426,Condition,pneumonia,0.0000,bclean_keep
426,MeasureCode,pn-2,0.0006,bclean_keep
426,MeasureName,pneumonia patients assessed and given pneumococcal vaccination,0.0000,bclean_keep
426,Stateavg,al_pn-2,0.0007,bclean_keep
427,ProviderNumber,10164,0.0000,bclean_keep
427,HospitalName,coosa valley medical center,0.0000,bclean_keep
427,Address1,315 w hickory st,0.0039,bclean_keep
427,City,sylacauga,0.0000,bclean_keep
427,State,al,0.5000,bclean_keep
427,ZipCode,35150,0.0000,bclean_keep
427,CountyName,talladega,0.0033,bclean_keep
427,PhoneNumber,2562495000,0.0000,bclean_keep
427,HospitalType,acute care hospitals,0.5000,bclean_keep
427,HospitalOwner,voluntary non-profit - other,0.0000,bclean_keep
427,EmergencyService,no,0.0000,bclean_keep
427,Condition,pneumonia,0.0002,bclean_keep
427,MeasureCode,pn-3b,0.0007,bclean_keep
427,MeasureName,pneumonia patients whose initial emergency room blood culture was performed prior to the administration of the first hospital dose of antibiotics,0.0007,bclean_keep
427,Stateavg,al_pn-3b,0.0007,bclean_keep
428,ProviderNumber,10164,0.0000,bclean_keep
428,HospitalName,coosa valley medical center,0.0000,bclean_keep
428,Address1,315 w hickory st,0.0039,bclean_keep
428,City,sylacauga,0.0000,bclean_keep
428,State,al,0.5000,bclean_keep
428,ZipCode,35150,0.0000,bclean_keep
428,CountyName,talladega,0.0033,bclean_keep
428,PhoneNumber,2562495000,0.0000,bclean_keep
428,HospitalType,acute care hospitals,0.5000,bclean_keep
428,HospitalOwner,voluntary non-profit - other,0.0000,bclean_keep
428,EmergencyService,no,0.0000,bclean_keep
428,Condition,pneumonia,0.0003,bclean_keep
428,MeasureCode,pn-4,0.0024,bclean_keep
428,MeasureName,pneumonia patients given smoking cessation advice/counseling,0.0000,bclean_keep
428,Stateavg,al_pn-4,0.0000,bclean_keep
429,ProviderNumber,10164,0.0000,bclean_keep
429,HospitalName,coosa valley medical center,0.0000,bclean_keep
429,Address1,315 w hickory st,0.0039,bclean_keep
429,City,sylacauga,0.0000,bclean_keep
429,State,al,0.5000,bclean_keep
429,CountyName,talladega,0.0033,bclean_keep
429,PhoneNumber,2562495000,0.0000,bclean_keep
429,HospitalType,acute care hospitals,0.5000,bclean_keep
429,HospitalOwner,voluntary non-profit - other,0.0000,bclean_keep
429,EmergencyService,no,0.0000,bclean_keep
429,Condition,pneumonia,0.0001,bclean_keep
429,MeasureCode,pn-5c,0.0009,bclean_keep
429,MeasureName,pneumonia patients given initial antibiotic(s) within 6 hours after arrival,0.0008,bclean_keep
429,Stateavg,al_pn-5c,0.0006,bclean_keep
430,ProviderNumber,10164,0.0000,bclean_keep
430,HospitalName,coosa valley medical center,0.0000,bclean_keep
430,Address1,315 w hickory st,0.0039,bclean_keep
430,City,sylacauga,0.0000,bclean_keep
430,State,al,0.5000,bclean_keep
430,ZipCode,35150,0.0000,bclean_keep
430,CountyName,talladega,0.0033,bclean_keep
430,PhoneNumber,2562495000,0.0000,bclean_keep
430,HospitalType,acute care hospitals,0.5000,bclean_keep
430,HospitalOwner,voluntary non-profit - other,0.0000,bclean_keep
430,EmergencyService,no,0.0000,bclean_keep
430,Condition,pneumonia,0.0002,bclean_keep
430,MeasureCode,pn-6,0.0000,bclean_keep
430,MeasureName,pneumonia patients given the most appropriate initial antibiotic(s),0.0008,bclean_keep
430,Stateavg,al_pn-6,0.0008,bclean_keep
431,ProviderNumber,10164,0.0000,bclean_keep
431,HospitalName,coosa valley medical center,0.0000,bclean_keep
431,Address1,315 w hickory st,0.0039,bclean_keep
431,City,sylacauga,0.0000,bclean_keep
431,State,al,0.5000,bclean_keep
431,ZipCode,35150,0.0000,bclean_keep
431,CountyName,talladega,0.0033,bclean_keep
431,PhoneNumber,2562495000,0.0000,bclean_keep
431,HospitalType,acute care hospitals,0.5000,bclean_keep
431,HospitalOwner,voluntary non-profit - other,0.0000,bclean_keep
431,EmergencyService,no,0.0000,bclean_keep
431,Condition,pneumonia,0.0000,bclean_keep
431,MeasureCode,pn-7,0.0000,bclean_keep
431,MeasureName,pneumonia patients assessed and given influenza vaccination,0.0009,bclean_keep
431,Stateavg,al_pn-7,0.0007,bclean_keep
432,ProviderNumber,10164,0.0000,bclean_keep
432,HospitalName,coosa valley medical center,0.0000,bclean_keep
432,City,sylacauga,0.0000,bclean_keep
432,State,al,0.5000,bclean_keep
432,ZipCode,35150,0.0000,bclean_keep
432,CountyName,talladega,0.0033,bclean_keep
432,PhoneNumber,2562495000,0.0000,bclean_keep
432,HospitalType,acute care hospitals,0.5000,bclean_keep
432,HospitalOwner,voluntary non-profit - other,0.0000,bclean_keep
432,EmergencyService,no,0.0000,bclean_keep
432,Condition,surgical infection prevention,0.0006,bclean_keep
432,MeasureCode,scip-card-2,0.0000,bclean_keep
432,MeasureName,surgery patients who were taking heart drugs called beta blockers before coming to the hospital who were kept on the beta blockers during the period just before and after their surgery,0.0009,bclean_keep
432,Stateavg,al_scip-card-2,0.0000,bclean_keep
433,ProviderNumber,20017,0.0000,bclean_keep
433,HospitalName,alaska regional hospital,0.0027,bclean_keep
433,Address1,2801 debarr road,0.0000,bclean_keep
433,City,anchorage,0.0035,bclean_keep
433,State,ak,0.0000,bclean_keep
433,ZipCode,99508,0.0000,bclean_keep
433,CountyName,anchorage,0.0000,bclean_keep
433,PhoneNumber,9072761131,0.0000,bclean_keep
433,HospitalType,acute care hospitals,0.5000,bclean_keep
433,HospitalOwner,proprietary,0.0007,bclean_keep
433,EmergencyService,yes,0.5000,bclean_keep
433,Condition,heart failure,0.0004,bclean_keep
433,MeasureCode,hf-1,0.0000,bclean_keep
433,MeasureName,heart failure patients given discharge instructions,0.0008,bclean_keep
433,Stateavg,ak_hf-1,0.0000,bclean_keep
434,ProviderNumber,20017,0.0000,bclean_keep
434,HospitalName,alaska regional hospital,0.0027,bclean_keep
434,Address1,2801 debarr road,0.0000,bclean_keep
434,City,anchorage,0.0035,bclean_keep
434,State,ak,0.0000,bclean_keep
434,ZipCode,99508,0.0000,bclean_keep
434,CountyName,anchorage,0.0000,bclean_keep
434,PhoneNumber,9072761131,0.0000,bclean_keep
434,HospitalType,acute care hospitals,0.5000,bclean_keep
434,HospitalOwner,proprietary,0.0007,bclean_keep
434,EmergencyService,yes,0.5000,bclean_keep
434,Condition,heart failure,0.0002,bclean_keep
434,MeasureCode,hf-2,0.0000,bclean_keep
434,MeasureName,heart failure patients given an evaluation of left ventricular systolic (lvs) function,0.0007,bclean_keep
434,Stateavg,ak_hf-2,0.0000,bclean_keep
435,ProviderNumber,20017,0.0000,bclean_keep
435,HospitalName,alaska regional hospital,0.0027,bclean_keep
435,Address1,2801 debarr road,0.0000,bclean_keep
435,City,anchorage,0.0035,bclean_keep
435,State,ak,0.0000,bclean_keep
435,ZipCode,99508,0.0000,bclean_keep
435,CountyName,anchorage,0.0000,bclean_keep
435,PhoneNumber,9072761131,0.0000,bclean_keep
435,HospitalType,acute care hospitals,0.5000,bclean_keep
435,HospitalOwner,proprietary,0.0007,bclean_keep
435,EmergencyService,yes,0.5000,bclean_keep
435,Condition,heart failure,0.0004,bclean_keep
435,MeasureCode,hf-3,0.0000,bclean_keep
435,Stateavg,ak_hf-3,0.0000,bclean_keep
436,ProviderNumber,20017,0.0000,bclean_keep
436,HospitalName,alaska regional hospital,0.0027,bclean_keep
436,Address1,2801 debarr road,0.0000,bclean_keep
436,City,anchorage,0.0035,bclean_keep
436,State,ak,0.0000,bclean_keep
436,ZipCode,99508,0.0000,bclean_keep
436,CountyName,anchorage,0.0000,bclean_keep
436,PhoneNumber,9072761131,0.0000,bclean_keep
436,HospitalType,acute care hospitals,0.5000,bclean_keep
436,HospitalOwner,proprietary,0.0007,bclean_keep
436,EmergencyService,yes,0.5000,bclean_keep
436,Condition,heart failure,0.0002,bclean_keep
436,MeasureCode,hf-4,0.0000,bclean_keep
436,MeasureName,heart failure patients given smoking cessation advice/counseling,0.0009,bclean_keep
436,Stateavg,ak_hf-4,0.0000,bclean_keep
437,ProviderNumber,20017,0.0000,bclean_keep
437,HospitalName,alaska regional hospital,0.0027,bclean_keep
437,Address1,2801 debarr road,0.0000,bclean_keep
437,City,anchorage,0.0037,bclean_keep
437,State,ak,0.0000,bclean_keep
437,ZipCode,99508,0.0000,bclean_keep
437,CountyName,anchorage,0.0000,bclean_keep
437,PhoneNumber,9072761131,0.0000,bclean_keep
437,HospitalType,acute care hospitals,0.5000,bclean_keep
437,HospitalOwner,proprietary,0.0008,bclean_keep
437,EmergencyService,yes,0.5000,bclean_keep
437,Condition,pneumonia,0.0000,bclean_keep
437,MeasureCode,pn-2,0.0000,bclean_keep
437,MeasureName,pneumonia patients assessed and given pneumococcal vaccination,0.0000,bclean_keep
437,Stateavg,ak_pn-2,0.0000,bclean_keep
438,ProviderNumber,20017,0.0000,bclean_keep
438,HospitalName,alaska regional hospital,0.0000,bclean_keep
438,Address1,2801 debarr road,0.0000,bclean_keep
438,State,ak,0.0000,bclean_keep
438,ZipCode,99508,0.0000,bclean_keep
438,CountyName,anchorage,0.0000,bclean_keep
438,PhoneNumber,9072761131,0.0000,bclean_keep
438,HospitalType,acute care hospitals,0.5000,bclean_keep
438,HospitalOwner,proprietary,0.0008,bclean_keep
438,EmergencyService,yes,0.5000,bclean_keep
438,Condition,pneumonia,0.0002,bclean_keep
438,MeasureCode,pn-3b,0.0000,bclean_keep
438,MeasureName,pneumonia patients whose initial emergency room blood culture was performed prior to the administration of the first hospital dose of antibiotics,0.0007,bclean_keep
438,Stateavg,ak_pn-3b,0.0000,bclean_keep
439,ProviderNumber,20017,0.0000,bclean_keep
439,HospitalName,alaska regional hospital,0.0027,bclean_keep
439,Address1,2801 debarr road,0.0000,bclean_keep
439,City,anchorage,0.0037,bclean_keep
439,State,ak,0.0000,bclean_keep
439,ZipCode,99508,0.0000,bclean_keep
439,CountyName,anchorage,0.0000,bclean_keep
439,PhoneNumber,9072761131,0.0000,bclean_keep
439,HospitalType,acute care hospitals,0.5000,bclean_keep
439,HospitalOwner,proprietary,0.0008,bclean_keep
439,EmergencyService,yes,0.5000,bclean_keep
439,Condition,pneumonia,0.0003,bclean_keep
439,MeasureCode,pn-4,0.0000,bclean_keep
439,MeasureName,pneumonia patients given smoking cessation advice/counseling,0.0000,bclean_keep
439,Stateavg,ak_pn-4,0.0000,bclean_keep
440,ProviderNumber,20017,0.0000,bclean_keep
440,HospitalName,alaska regional hospital,0.0027,bclean_keep
440,Address1,2801 debarr road,0.0000,bclean_keep
440,City,anchorage,0.0037,bclean_keep
440,State,ak,0.0000,bclean_keep
440,ZipCode,99508,0.0000,bclean_keep
440,CountyName,anchorage,0.0000,bclean_keep
440,PhoneNumber,9072761131,0.0000,bclean_keep
440,HospitalType,acute care hospitals,0.5000,bclean_keep
440,HospitalOwner,proprietary,0.0008,bclean_keep
440,EmergencyService,yes,0.5000,bclean_keep
440,Condition,pneumonia,0.0002,bclean_keep
440,MeasureCode,pn-5c,0.0000,bclean_keep
440,MeasureName,pneumonia patients given initial antibiotic(s) within 6 hours after arrival,0.0009,bclean_keep
440,Stateavg,ak_pn-5c,0.0000,bclean_keep
441,ProviderNumber,20017,0.0000,bclean_keep
441,HospitalName,alaska regional hospital,0.0027,bclean_keep
441,Address1,2801 debarr road,0.0000,bclean_keep
441,City,anchorage,0.0037,bclean_keep
441,State,ak,0.0000,bclean_keep
441,ZipCode,99508,0.0000,bclean_keep
441,CountyName,anchorage,0.0000,bclean_keep
441,PhoneNumber,9072761131,0.0000,bclean_keep
441,HospitalType,acute care hospitals,0.5000,bclean_keep
441,HospitalOwner,proprietary,0.0008,bclean_keep
441,EmergencyService,yes,0.5000,bclean_keep
441,Condition,pneumonia,0.0002,bclean_keep
441,MeasureCode,pn-6,0.0000,bclean_keep
441,MeasureName,pneumonia patients given the most appropriate initial antibiotic(s),0.0006,bclean_keep
441,Stateavg,ak_pn-6,0.0000,bclean_keep
442,ProviderNumber,20017,0.0000,bclean_keep
442,HospitalName,alaska regional hospital,0.0027,bclean_keep
442,Address1,2801 debarr road,0.0000,bclean_keep
442,City,anchorage,0.0037,bclean_keep
442,State,ak,0.0000,bclean_keep
442,ZipCode,99508,0.0000,bclean_keep
442,CountyName,anchorage,0.0000,bclean_keep
442,PhoneNumber,9072761131,0.0000,bclean_keep
442,HospitalType,acute care hospitals,0.5000,bclean_keep
442,HospitalOwner,proprietary,0.0008,bclean_keep
442,EmergencyService,yes,0.5000,bclean_keep
442,Condition,pneumonia,0.0000,bclean_keep
442,MeasureCode,pn-7,0.0000,bclean_keep
442,MeasureName,pneumonia patients assessed and given influenza vaccination,0.0008,bclean_keep
442,Stateavg,ak_pn-7,0.0000,bclean_keep
443,ProviderNumber,20017,0.0000,bclean_keep
443,HospitalName,alaska regional hospital,0.0030,bclean_keep
443,Address1,2801 debarr road,0.0000,bclean_keep
443,City,anchorage,0.0034,bclean_keep
443,State,ak,0.0000,bclean_keep
443,ZipCode,99508,0.0000,bclean_keep
443,CountyName,anchorage,0.0000,bclean_keep
443,PhoneNumber,9072761131,0.0000,bclean_keep
443,HospitalType,acute care hospitals,0.5000,bclean_keep
443,HospitalOwner,proprietary,0.0008,bclean_keep
443,EmergencyService,yes,0.5000,bclean_keep
443,Condition,surgical infection prevention,0.0005,bclean_keep
443,MeasureCode,scip-card-2,0.0000,bclean_keep
443,MeasureName,surgery patients who were taking heart drugs called beta blockers before coming to the hospital who were kept on the beta blockers during the period just before and after their surgery,0.0008,bclean_keep
443,Stateavg,ak_scip-card-2,0.0000,bclean_keep
444,ProviderNumber,20017,0.0000,bclean_keep
444,HospitalName,alaska regional hospital,0.0030,bclean_keep
444,Address1,2801 debarr road,0.0000,bclean_keep
444,City,anchorage,0.0034,bclean_keep
444,State,ak,0.0000,bclean_keep
444,ZipCode,99508,0.0000,bclean_keep
444,CountyName,anchorage,0.0000,bclean_keep
444,PhoneNumber,9072761131,0.0000,bclean_keep
444,HospitalType,acute care hospitals,0.5000,bclean_keep
444,HospitalOwner,proprietary,0.0008,bclean_keep
444,EmergencyService,yes,0.5000,bclean_keep
444,Condition,surgical infection prevention,0.0000,bclean_keep
444,MeasureCode,scip-inf-1,0.0000,bclean_keep
444,MeasureName,surgery patients who were given an antibiotic at the right time (within one hour before surgery) to help prevent infection,0.0000,bclean_keep
444,Stateavg,ak_scip-inf-1,0.0000,bclean_keep
445,ProviderNumber,20017,0.0000,bclean_keep
445,HospitalName,alaska regional hospital,0.0030,bclean_keep
445,Address1,2801 debarr road,0.0000,bclean_keep
445,City,anchorage,0.0034,bclean_keep
445,State,ak,0.0000,bclean_keep
445,ZipCode,99508,0.0000,bclean_keep
445,CountyName,anchorage,0.0000,bclean_keep
445,PhoneNumber,9072761131,0.0000,bclean_keep
445,HospitalType,acute care hospitals,0.5000,bclean_keep
445,HospitalOwner,proprietary,0.0008,bclean_keep
445,EmergencyService,yes,0.5000,bclean_keep
445,Condition,surgical infection prevention,0.0001,bclean_keep
445,MeasureCode,scip-inf-2,0.0000,bclean_keep
445,MeasureName,surgery patients who were given the  right kind  of antibiotic to help prevent infection,0.0000,bclean_keep
445,Stateavg,ak_scip-inf-2,0.0000,bclean_keep
446,ProviderNumber,20017,0.0000,bclean_keep
446,HospitalName,alaska regional hospital,0.0030,bclean_keep
446,Address1,2801 debarr road,0.0000,bclean_keep
446,City,anchorage,0.0034,bclean_keep
446,State,ak,0.0000,bclean_keep
446,ZipCode,99508,0.0000,bclean_keep
446,CountyName,anchorage,0.0000,bclean_keep
446,PhoneNumber,9072761131,0.0000,bclean_keep
446,HospitalType,acute care hospitals,0.5000,bclean_keep
446,HospitalOwner,proprietary,0.0008,bclean_keep
446,EmergencyService,yes,0.5000,bclean_keep
446,Condition,surgical infection prevention,0.0001,bclean_keep
446,MeasureCode,scip-inf-3,0.0000,bclean_keep
446,MeasureName,surgery patients whose preventive antibiotics were stopped at the right time (within 24 hours after surgery),0.0000,bclean_keep
446,Stateavg,ak_scip-inf-3,0.0000,bclean_keep
447,ProviderNumber,20017,0.0000,bclean_keep
447,HospitalName,alaska regional hospital,0.0030,bclean_keep
447,Address1,2801 debarr road,0.0000,bclean_keep
447,City,anchorage,0.0034,bclean_keep
447,State,ak,0.0000,bclean_keep
447,ZipCode,99508,0.0000,bclean_keep
447,CountyName,anchorage,0.0000,bclean_keep
447,PhoneNumber,9072761131,0.0000,bclean_keep
447,HospitalType,acute care hospitals,0.5000,bclean_keep
447,HospitalOwner,proprietary,0.0008,bclean_keep
447,EmergencyService,yes,0.5000,bclean_keep
447,Condition,surgical infection prevention,0.0001,bclean_keep
447,MeasureCode,scip-inf-4,0.0000,bclean_keep
447,MeasureName,all heart surgery patients whose blood sugar (blood glucose) is kept under good control in the days right after surgery,0.0010,bclean_keep
447,Stateavg,ak_scip-inf-4,0.0000,bclean_keep
448,ProviderNumber,20017,0.0000,bclean_keep
448,HospitalName,alaska regional hospital,0.0030,bclean_keep
448,Address1,2801 debarr road,0.0000,bclean_keep
448,City,anchorage,0.0034,bclean_keep
448,State,ak,0.0000,bclean_keep
448,ZipCode,99508,0.0000,bclean_keep
448,CountyName,anchorage,0.0000,bclean_keep
448,PhoneNumber,9072761131,0.0000,bclean_keep
448,HospitalType,acute care hospitals,0.5000,bclean_keep
448,HospitalOwner,proprietary,0.0008,bclean_keep
448,EmergencyService,yes,0.5000,bclean_keep
448,Condition,surgical infection prevention,0.0000,bclean_keep
448,MeasureCode,scip-inf-6,0.0000,bclean_keep
448,Stateavg,ak_scip-inf-6,0.0000,bclean_keep
449,ProviderNumber,20017,0.0000,bclean_keep
449,Address1,2801 debarr road,0.0000,bclean_keep
449,City,anchorage,0.0034,bclean_keep
449,State,ak,0.0000,bclean_keep
449,ZipCode,99508,0.0000,bclean_keep
449,CountyName,anchorage,0.0000,bclean_keep
449,PhoneNumber,9072761131,0.0000,bclean_keep
449,HospitalType,acute care hospitals,0.5000,bclean_keep
449,HospitalOwner,proprietary,0.0008,bclean_keep
449,EmergencyService,yes,0.5000,bclean_keep
449,Condition,surgical infection prevention,0.0000,bclean_keep
449,MeasureCode,scip-vte-1,0.0000,bclean_keep
449,MeasureName,surgery patients whose doctors ordered treatments to prevent blood clots after certain types of surgeries,0.0009,bclean_keep
449,Stateavg,ak_scip-vte-1,0.0000,bclean_keep
450,ProviderNumber,20017,0.0000,bclean_keep
450,HospitalName,alaska regional hospital,0.0030,bclean_keep
450,Address1,2801 debarr road,0.0000,bclean_keep
450,City,anchorage,0.0034,bclean_keep
450,State,ak,0.0000,bclean_keep
450,ZipCode,99508,0.0000,bclean_keep
450,CountyName,anchorage,0.0000,bclean_keep
450,PhoneNumber,9072761131,0.0000,bclean_keep
450,HospitalType,acute care hospitals,0.5000,bclean_keep
450,EmergencyService,yes,0.5000,bclean_keep
450,Condition,surgical infection prevention,0.0001,bclean_keep
450,MeasureCode,scip-vte-2,0.0000,bclean_keep
450,MeasureName,patients who got treatment  at the right time (within 24 hours before or after their surgery) to help prevent blood clots after certain types of surgery,0.0000,bclean_keep
450,Stateavg,ak_scip-vte-2,0.0000,bclean_keep
451,ProviderNumber,20018,0.0000,bclean_keep
451,HospitalName,yukon kuskokwim delta reg hospital,0.0000,bclean_keep
451,Address1,po box 287,0.4673,bclean_keep
451,City,bethel,0.0000,bclean_keep
451,State,ak,0.0000,bclean_keep
451,ZipCode,99559,0.0000,bclean_keep
451,CountyName,bethel,0.0000,bclean_keep
451,PhoneNumber,9075436300,0.0000,bclean_keep
451,HospitalType,acute care hospitals,0.5000,bclean_keep
451,HospitalOwner,government - federal,0.0000,bclean_keep
451,EmergencyService,no,0.0000,bclean_keep
451,Condition,heart attack,0.0003,bclean_keep
451,MeasureCode,ami-1,0.0000,bclean_keep
451,MeasureName,heart attack patients given aspirin at arrival,0.0011,bclean_keep
451,Stateavg,ak_ami-1,0.0000,bclean_keep
452,ProviderNumber,20018,0.0000,bclean_keep
452,HospitalName,yukon kuskokwim delta reg hospital,0.0000,bclean_keep
452,Address1,poxboxx287,0.4673,bclean_keep
452,City,bethel,0.0000,bclean_keep
452,State,ak,0.0000,bclean_keep
452,ZipCode,99559,0.0000,bclean_keep
452,CountyName,bethel,0.0000,bclean_keep
452,PhoneNumber,9075436300,0.0000,bclean_keep
452,HospitalType,acute care hospitals,0.5000,bclean_keep
452,HospitalOwner,government - federal,0.0000,bclean_keep
452,EmergencyService,no,0.0000,bclean_keep
452,Condition,heart attack,0.0003,bclean_keep
452,MeasureCode,ami-2,0.0000,bclean_keep
452,MeasureName,heart attack patients given aspirin at discharge,0.0007,bclean_keep
452,Stateavg,ak_ami-2,0.0000,bclean_keep
453,ProviderNumber,10019,0.0000,bclean_keep
453,HospitalName,helen keller memorial hospital,0.0000,bclean_keep
453,Address1,1300 south montgomery avenue,0.0000,bclean_keep
453,City,sheffield,0.0019,bclean_keep
453,State,al,0.5000,bclean_keep
453,ZipCode,35660,0.0000,bclean_keep
453,CountyName,jefferson,0.0011,bclean_keep
453,PhoneNumber,2563864556,0.0000,bclean_keep
453,HospitalType,acute care hospitals,0.5000,bclean_keep
453,HospitalOwner,government - hospital district or authority,0.0005,bclean_keep
453,EmergencyService,yes,0.5000,bclean_keep
453,Condition,pneumonia,0.0000,bclean_keep
453,MeasureCode,pn-2,0.0007,bclean_keep
453,MeasureName,pneumonia patients assessed and given pneumococcal vaccination,0.0000,bclean_keep
453,Stateavg,al_pn-2,0.0008,bclean_keep
454,ProviderNumber,10019,0.0000,bclean_keep
454,HospitalName,helen keller memorial hospital,0.0000,bclean_keep
454,Address1,1300 south montgomery avenue,0.0000,bclean_keep
454,City,sheffield,0.0019,bclean_keep
454,State,al,0.5000,bclean_keep
454,ZipCode,35660,0.0000,bclean_keep
454,CountyName,jefferson,0.0012,bclean_keep
454,PhoneNumber,2563864556,0.0000,bclean_keep
454,HospitalType,acute care hospitaxs,0.5000,bclean_keep
454,HospitalOwner,government - hospital district or authority,0.0005,bclean_keep
454,EmergencyService,yes,0.5000,bclean_keep
454,Condition,pneumonia,0.0003,bclean_keep
454,MeasureCode,pn-3b,0.0007,bclean_keep
454,MeasureName,pneumonia patients whose initial emergency room blood culture was performed prior to the administration of the first hospital dose of antibiotics,0.0007,bclean_keep
454,Stateavg,al_pn-3b,0.0009,bclean_keep
455,ProviderNumber,10019,0.0000,bclean_keep
455,HospitalName,helen keller memorial hospital,0.0000,bclean_keep
455,Address1,1300 south montgomery avenue,0.0000,bclean_keep
455,City,sheffield,0.0019,bclean_keep
455,State,al,0.5000,bclean_keep
455,ZipCode,35660,0.0000,bclean_keep
455,CountyName,jefferson,0.0011,bclean_keep
455,PhoneNumber,2563864556,0.0000,bclean_keep
455,HospitalType,acute care hospitals,0.5000,bclean_keep
455,HospitalOwner,government - hospital district or authority,0.0005,bclean_keep
455,EmergencyService,yes,0.5000,bclean_keep
455,Condition,pneumonia,0.0003,bclean_keep
455,MeasureCode,pn-4,0.0029,bclean_keep
455,MeasureName,pneumonia patients given smoking cessation advice/counseling,0.0000,bclean_keep
455,Stateavg,al_pn-4,0.0000,bclean_keep
456,ProviderNumber,10019,0.0000,bclean_keep
456,HospitalName,helen keller memorial hospital,0.0000,bclean_keep
456,Address1,1300 south montgomery avenue,0.0000,bclean_keep
456,City,sheffield,0.0019,bclean_keep
456,State,al,0.5000,bclean_keep
456,ZipCode,35660,0.0000,bclean_keep
456,CountyName,jefferson,0.0011,bclean_keep
456,PhoneNumber,2563864556,0.0000,bclean_keep
456,HospitalType,acute care hospitals,0.5000,bclean_keep
456,HospitalOwner,government - hospital district or authority,0.0005,bclean_keep
456,EmergencyService,yes,0.5000,bclean_keep
456,Condition,pneumonia,0.0001,bclean_keep
456,MeasureCode,pn-5c,0.0007,bclean_keep
456,MeasureName,pneumonia patients given initial antibiotic(s) within 6 hours after arrival,0.0008,bclean_keep
456,Stateavg,al_pn-5c,0.0007,bclean_keep
457,ProviderNumber,10019,0.0000,bclean_keep
457,HospitalName,helen keller memorial hospital,0.0000,bclean_keep
457,Address1,1300 south montgomery avenue,0.0000,bclean_keep
457,City,sheffield,0.0000,bclean_keep
457,State,al,0.5000,bclean_keep
457,ZipCode,35660,0.0000,bclean_keep
457,PhoneNumber,2563864556,0.0000,bclean_keep
457,HospitalType,acute care hospitals,0.5000,bclean_keep
457,EmergencyService,yes,0.5000,bclean_keep
457,Condition,pneumonia,0.0002,bclean_keep
457,MeasureCode,pn-6,0.0000,bclean_keep
457,MeasureName,pneumonia patients given the most appropriate initial antibiotic(s),0.0006,bclean_keep
457,Stateavg,al_pn-6,0.0008,bclean_keep
458,ProviderNumber,10019,0.0000,bclean_keep
458,HospitalName,helen keller memorial hospital,0.0000,bclean_keep
458,Address1,1300 south montgomery avenue,0.0000,bclean_keep
458,City,sheffield,0.0000,bclean_keep
458,State,al,0.5000,bclean_keep
458,ZipCode,35660,0.0000,bclean_keep
458,PhoneNumber,2563864556,0.0000,bclean_keep
458,HospitalType,acute care hospitals,0.5000,bclean_keep
458,HospitalOwner,government - hospital district or authority,0.0005,bclean_keep
458,EmergencyService,yes,0.5000,bclean_keep
458,Condition,pneumonia,0.0000,bclean_keep
458,MeasureCode,pn-7,0.0000,bclean_keep
458,MeasureName,pneumonia patients assessed and given influenza vaccination,0.0009,bclean_keep
458,Stateavg,al_pn-7,0.0007,bclean_keep
459,ProviderNumber,10019,0.0000,bclean_keep
459,HospitalName,helen keller memorial hospital,0.0000,bclean_keep
459,Address1,1300 south montgomery avenue,0.0000,bclean_keep
459,City,sheffield,0.0019,bclean_keep
459,State,al,0.5000,bclean_keep
459,ZipCode,35660,0.0000,bclean_keep
459,CountyName,jefferson,0.0012,bclean_keep
459,PhoneNumber,2563864556,0.0000,bclean_keep
459,HospitalType,acute care hospitals,0.5000,bclean_keep
459,HospitalOwner,government - hospital district or authority,0.0005,bclean_keep
459,EmergencyService,yes,0.5000,bclean_keep
459,Condition,surgical infection prevention,0.0005,bclean_keep
459,MeasureCode,scip-card-2,0.0000,bclean_keep
459,MeasureName,surgery patients who were taking heart drugs called beta blockers before coming to the hospital who were kept on the beta blockers during the period just before and after their surgery,0.0009,bclean_keep
459,Stateavg,al_scip-card-2,0.0000,bclean_keep
460,ProviderNumber,10019,0.0000,bclean_keep
460,HospitalName,helen keller memorial hospital,0.0000,bclean_keep
460,Address1,1300 south montgomery avenue,0.0000,bclean_keep
460,City,sheffield,0.0019,bclean_keep
460,State,al,0.5000,bclean_keep
460,ZipCode,35660,0.0000,bclean_keep
460,CountyName,jefferson,0.0012,bclean_keep
460,PhoneNumber,2563864556,0.0000,bclean_keep
460,HospitalType,acute care hospitals,0.5000,bclean_keep
460,HospitalOwner,government - hospital district or authority,0.0005,bclean_keep
460,EmergencyService,yes,0.5000,bclean_keep
460,Condition,surgical infection prevention,0.0000,bclean_keep
460,MeasureCode,scip-inf-1,0.0006,bclean_keep
460,MeasureName,surgery patients who were given an antibiotic at the right time (within one hour before surgery) to help prevent infection,0.0000,bclean_keep
460,Stateavg,al_scip-inf-1,0.0000,bclean_keep
461,ProviderNumber,10019,0.0000,bclean_keep
461,HospitalName,helen keller memorial hospital,0.0000,bclean_keep
461,Address1,1300 south montgomery avenue,0.0000,bclean_keep
461,City,sheffield,0.0019,bclean_keep
461,State,al,0.5000,bclean_keep
461,ZipCode,35660,0.0000,bclean_keep
461,CountyName,jefferson,0.0012,bclean_keep
461,PhoneNumber,2563864556,0.0000,bclean_keep
461,HospitalType,acute care hospitals,0.5000,bclean_keep
461,HospitalOwner,government - hospital district or authority,0.0005,bclean_keep
461,EmergencyService,yes,0.5000,bclean_keep
461,Condition,surgical infection prevention,0.0001,bclean_keep
461,MeasureCode,scip-inf-2,0.0009,bclean_keep
461,MeasureName,surgery patients who were given the  right kind  of antibiotic to help prevent infection,0.0000,bclean_keep
461,Stateavg,al_scip-inf-2,0.0035,bclean_keep
462,ProviderNumber,10019,0.0000,bclean_keep
462,HospitalName,helen keller memorial hospital,0.0000,bclean_keep
462,Address1,1300 south montgomery avenue,0.0000,bclean_keep
462,City,sheffield,0.0019,bclean_keep
462,State,al,0.5000,bclean_keep
462,ZipCode,35660,0.0000,bclean_keep
462,CountyName,jefferson,0.0012,bclean_keep
462,PhoneNumber,2563864556,0.0000,bclean_keep
462,HospitalType,acute care hospitals,0.5000,bclean_keep
462,HospitalOwner,government - hospital district or authority,0.0005,bclean_keep
462,EmergencyService,yes,0.5000,bclean_keep
462,Condition,surgical infection prevention,0.0001,bclean_keep
462,MeasureCode,scip-inf-3,0.0007,bclean_keep
462,MeasureName,surgery patients whose preventive antibiotics were stopped at the right time (within 24 hours after surgery),0.0000,bclean_keep
462,Stateavg,al_scip-inf-3,0.0000,bclean_keep
463,ProviderNumber,10019,0.0000,bclean_keep
463,HospitalName,helen keller memorial hospital,0.0000,bclean_keep
463,Address1,1300 south montgomery avenue,0.0000,bclean_keep
463,City,sheffield,0.0019,bclean_keep
463,State,al,0.5000,bclean_keep
463,ZipCode,35660,0.0000,bclean_keep
463,CountyName,jefferson,0.0012,bclean_keep
463,PhoneNumber,2563864556,0.0000,bclean_keep
463,HospitalType,acute care hospitals,0.5000,bclean_keep
463,HospitalOwner,government - hospital district or authority,0.0005,bclean_keep
463,EmergencyService,yes,0.5000,bclean_keep
463,Condition,surgical infection prevention,0.0001,bclean_keep
463,MeasureCode,scip-inf-4,0.0010,bclean_keep
463,MeasureName,all heart surgery patients whose blood sugar (blood glucose) is kept under good control in the days right after surgery,0.0010,bclean_keep
463,Stateavg,al_scip-inf-4,0.0000,bclean_keep
464,ProviderNumber,10019,0.0000,bclean_keep
464,HospitalName,helen keller memorial hospital,0.0000,bclean_keep
464,Address1,1300 south montgomery avenue,0.0000,bclean_keep
464,City,sheffield,0.0019,bclean_keep
464,State,al,0.5000,bclean_keep
464,ZipCode,35660,0.0000,bclean_keep
464,CountyName,jefferson,0.0013,bclean_keep
464,PhoneNumber,2563864556,0.0000,bclean_keep
464,HospitalType,acute care hospitals,0.5000,bclean_keep
464,HospitalOwner,government - hospital district or authority,0.0005,bclean_keep
464,EmergencyService,yes,0.5000,bclean_keep
464,Condition,surgical infection prevention,0.0000,bclean_keep
464,MeasureCode,scip-inf-6,0.0000,bclean_keep
464,MeasureName,surgery patients needing hair removed from the surgical area before surgery who had hair removed using a safer method (electric clippers or hair removal cream c not a razor),0.0008,bclean_keep
464,Stateavg,al_scip-inf-6,0.0000,bclean_keep
465,ProviderNumber,10019,0.0000,bclean_keep
465,HospitalName,helen keller memorial hospital,0.0000,bclean_keep
465,Address1,1300 south montgomery avenue,0.0000,bclean_keep
465,City,sheffield,0.0019,bclean_keep
465,State,al,0.5000,bclean_keep
465,ZipCode,35660,0.0000,bclean_keep
465,CountyName,jefferson,0.0013,bclean_keep
465,PhoneNumber,2563864556,0.0000,bclean_keep
465,HospitalType,acute care hospitals,0.5000,bclean_keep
465,HospitalOwner,government - hospital district or authority,0.0005,bclean_keep
465,EmergencyService,yes,0.5000,bclean_keep
465,Condition,surgical infection prevention,0.0000,bclean_keep
465,MeasureName,surgery patients whose doctors ordered treatments to prevent blood clots after certain types of surgeries,0.0008,bclean_keep
465,Stateavg,al_scip-vte-1,0.0008,bclean_keep
466,ProviderNumber,10019,0.0000,bclean_keep
466,HospitalName,helen keller memorial hospital,0.0000,bclean_keep
466,Address1,1300 south montgomery avenue,0.0000,bclean_keep
466,City,sheffield,0.0000,bclean_keep
466,State,al,0.5000,bclean_keep
466,ZipCode,35660,0.0000,bclean_keep
466,PhoneNumber,2563864556,0.0000,bclean_keep
466,HospitalType,acute care hospitals,0.5000,bclean_keep
466,HospitalOwner,government - hospital district or authority,0.0005,bclean_keep
466,EmergencyService,yes,0.5000,bclean_keep
466,Condition,surgical infection prevention,0.0001,bclean_keep
466,MeasureCode,scip-vte-2,0.0000,bclean_keep
466,MeasureName,patients who got treatment  at the right time (within 24 hours before or after their surgery) to help prevent blood clots after certain types of surgery,0.0000,bclean_keep
466,Stateavg,al_scip-vte-2,0.0009,bclean_keep
467,ProviderNumber,10021,0.0000,bclean_keep
467,HospitalName,dale medical center,0.0000,bclean_keep
467,Address1,126 hospital ave,0.0021,bclean_keep
467,City,ozark,0.0018,bclean_keep
467,State,al,0.5000,bclean_keep
467,ZipCode,36360,0.0000,bclean_keep
467,CountyName,dale,0.0000,bclean_keep
467,PhoneNumber,3347742601,0.0000,bclean_keep
467,HospitalType,acute care hospitals,0.5000,bclean_keep
467,HospitalOwner,government - hospital district or authority,0.0000,bclean_keep
467,EmergencyService,yes,0.5000,bclean_keep
467,Condition,heart attack,0.0004,bclean_keep
467,MeasureCode,ami-1,0.0031,bclean_keep
467,MeasureName,heart attack patients given aspirin at arrival,0.0009,bclean_keep
467,Stateavg,al_ami-1,0.0010,bclean_keep
468,ProviderNumber,10021,0.0000,bclean_keep
468,HospitalName,dale medical center,0.0000,bclean_keep
468,Address1,126 hospital ave,0.0020,bclean_keep
468,City,ozark,0.0018,bclean_keep
468,State,al,0.5000,bclean_keep
468,ZipCode,36360,0.0000,bclean_keep
468,CountyName,dale,0.0000,bclean_keep
468,PhoneNumber,3347742601,0.0000,bclean_keep
468,HospitalType,acute care hospitals,0.5000,bclean_keep
468,HospitalOwner,government - hospital district or authority,0.0000,bclean_keep
468,EmergencyService,yes,0.5000,bclean_keep
468,MeasureCode,ami-2,0.0000,bclean_keep
468,MeasureName,heart attack patients given aspirin at discharge,0.0007,bclean_keep
468,Stateavg,al_ami-2,0.0008,bclean_keep
469,ProviderNumber,10021,0.0000,bclean_keep
469,HospitalName,dale medical center,0.0000,bclean_keep
469,Address1,126 hospital ave,0.0021,bclean_keep
469,City,ozark,0.0018,bclean_keep
469,State,al,0.5000,bclean_keep
469,ZipCode,36360,0.0000,bclean_keep
469,CountyName,dale,0.0000,bclean_keep
469,PhoneNumber,3347742601,0.0000,bclean_keep
469,HospitalType,acute care hospitals,0.5000,bclean_keep
469,HospitalOwner,government - hospital district or authority,0.0000,bclean_keep
469,EmergencyService,yes,0.5000,bclean_keep
469,Condition,heart attack,0.0003,bclean_keep
469,MeasureCode,ami-3,0.0007,bclean_keep
469,MeasureName,heart attack patients given ace inhibitor or arb for left ventricular systolic dysfunction (lvsd),0.0006,bclean_keep
469,Stateavg,al_ami-3,0.0000,bclean_keep
470,ProviderNumber,10021,0.0000,bclean_keep
470,HospitalName,dale medical center,0.0000,bclean_keep
470,Address1,126 hospital ave,0.0021,bclean_keep
470,City,ozark,0.0018,bclean_keep
470,State,al,0.5000,bclean_keep
470,ZipCode,36360,0.0000,bclean_keep
470,CountyName,dale,0.0000,bclean_keep
470,PhoneNumber,3347742601,0.0000,bclean_keep
470,HospitalType,acute care hospitals,0.5000,bclean_keep
470,HospitalOwner,government - hospital district or authority,0.0000,bclean_keep
470,EmergencyService,yes,0.5000,bclean_keep
470,Condition,heart attack,0.0003,bclean_keep
470,MeasureCode,ami-4,0.0005,bclean_keep
470,MeasureName,heart attack patients given smoking cessation advice/counseling,0.0000,bclean_keep
470,Stateavg,al_ami-4,0.0000,bclean_keep
471,ProviderNumber,10021,0.0000,bclean_keep
471,HospitalName,dale medical center,0.0000,bclean_keep
471,Address1,126 hospital ave,0.0021,bclean_keep
471,City,ozark,0.0018,bclean_keep
471,State,al,0.5000,bclean_keep
471,ZipCode,36360,0.0000,bclean_keep
471,CountyName,dale,0.0000,bclean_keep
471,PhoneNumber,3347742601,0.0000,bclean_keep
471,HospitalType,acute care hospitals,0.5000,bclean_keep
471,HospitalOwner,government - hospital district or authority,0.0000,bclean_keep
471,EmergencyService,yes,0.5000,bclean_keep
471,Condition,heart attack,0.0003,bclean_keep
471,MeasureCode,ami-5,0.0007,bclean_keep
471,MeasureName,heart attack patients given beta blocker at discharge,0.0007,bclean_keep
471,Stateavg,al_ami-5,0.0007,bclean_keep
472,ProviderNumber,10021,0.0000,bclean_keep
472,HospitalName,dale medical center,0.0000,bclean_keep
472,Address1,126 hospital ave,0.0021,bclean_keep
472,City,ozark,0.0018,bclean_keep
472,State,al,0.5000,bclean_keep
472,ZipCode,36360,0.0000,bclean_keep
472,CountyName,dale,0.0000,bclean_keep
472,HospitalType,acute care hospitals,0.5000,bclean_keep
472,HospitalOwner,government - hospital district or authority,0.0000,bclean_keep
472,EmergencyService,yes,0.5000,bclean_keep
472,Condition,heart attack,0.0001,bclean_keep
472,MeasureCode,ami-7a,0.0000,bclean_keep
472,MeasureName,heart attack patients given fibrinolytic medication within 30 minutes of arrival,0.0000,bclean_keep
472,Stateavg,al_ami-7a,0.0009,bclean_keep
473,ProviderNumber,10021,0.0000,bclean_keep
473,HospitalName,dale medical center,0.0000,bclean_keep
473,City,ozark,0.0018,bclean_keep
473,State,al,0.5000,bclean_keep
473,ZipCode,36360,0.0000,bclean_keep
473,CountyName,dale,0.0000,bclean_keep
473,PhoneNumber,3347742601,0.0000,bclean_keep
473,HospitalType,acute care hospitals,0.5000,bclean_keep
473,HospitalOwner,government - hospital district or authority,0.0000,bclean_keep
473,EmergencyService,yes,0.5000,bclean_keep
473,Condition,heart attack,0.0004,bclean_keep
473,MeasureCode,ami-8a,0.0000,bclean_keep
473,MeasureName,heart attack patients given pci within 90 minutes of arrival,0.0007,bclean_keep
473,Stateavg,al_ami-8a,0.0009,bclean_keep
474,ProviderNumber,10021,0.0000,bclean_keep
474,HospitalName,dale medical center,0.0000,bclean_keep
474,Address1,126 hospital ave,0.0020,bclean_keep
474,City,ozark,0.0020,bclean_keep
474,State,al,0.5000,bclean_keep
474,ZipCode,36360,0.0000,bclean_keep
474,CountyName,dale,0.0000,bclean_keep
474,PhoneNumber,3347742601,0.0000,bclean_keep
474,HospitalType,acute care hospitals,0.5000,bclean_keep
474,HospitalOwner,government - hospital district or authority,0.0000,bclean_keep
474,EmergencyService,yes,0.5000,bclean_keep
474,Condition,heart failure,0.0004,bclean_keep
474,MeasureCode,hf-1,0.0000,bclean_keep
474,Stateavg,al_hf-1,0.0000,bclean_keep
475,ProviderNumber,10021,0.0000,bclean_keep
475,HospitalName,dale medical center,0.0000,bclean_keep
475,Address1,126 hospital ave,0.0019,bclean_keep
475,State,al,0.5000,bclean_keep
475,ZipCode,36360,0.0000,bclean_keep
475,CountyName,dale,0.0000,bclean_keep
475,PhoneNumber,3347742601,0.0000,bclean_keep
475,HospitalType,acute care hospitals,0.5000,bclean_keep
475,HospitalOwner,government - hospital district or authority,0.0000,bclean_keep
475,EmergencyService,yes,0.5000,bclean_keep
475,Condition,heart failure,0.0002,bclean_keep
475,MeasureCode,hf-2,0.0008,bclean_keep
475,MeasureName,heart failure patients given an evaluation of left ventricular systolic (lvs) function,0.0008,bclean_keep
475,Stateavg,al_hf-2,0.0007,bclean_keep
476,ProviderNumber,10021,0.0000,bclean_keep
476,HospitalName,dale medical center,0.0000,bclean_keep
476,Address1,126 hospital ave,0.0020,bclean_keep
476,City,ozark,0.0020,bclean_keep
476,State,al,0.5000,bclean_keep
476,ZipCode,36360,0.0000,bclean_keep
476,CountyName,dale,0.0000,bclean_keep
476,PhoneNumber,3347742601,0.0000,bclean_keep
476,HospitalType,acute care hospitals,0.5000,bclean_keep
476,HospitalOwner,government - hospital district or authority,0.0000,bclean_keep
476,EmergencyService,yes,0.5000,bclean_keep
476,Condition,heart failure,0.0003,bclean_keep
476,MeasureCode,hf-3,0.0000,bclean_keep
476,MeasureName,heart failure patients given ace inhibitor or arb for left ventricular systolic dysfunction (lvsd),0.0007,bclean_keep
476,Stateavg,al_hf-3,0.0000,bclean_keep
477,ProviderNumber,10021,0.0000,bclean_keep
477,HospitalName,dale medical center,0.0000,bclean_keep
477,Address1,126 hospital ave,0.0020,bclean_keep
477,City,ozark,0.0020,bclean_keep
477,State,al,0.5000,bclean_keep
477,ZipCode,36360,0.0000,bclean_keep
477,CountyName,dale,0.0000,bclean_keep
477,PhoneNumber,3347742601,0.0000,bclean_keep
477,HospitalType,acute care hospitals,0.5000,bclean_keep
477,HospitalOwner,government - hospital district or authority,0.0000,bclean_keep
477,EmergencyService,yes,0.5000,bclean_keep
477,Condition,heart failure,0.0002,bclean_keep
477,MeasureCode,hf-4,0.0007,bclean_keep
477,MeasureName,heart failure patients given smoking cessation advice/counseling,0.0008,bclean_keep
477,Stateavg,al_hf-4,0.0008,bclean_keep
478,ProviderNumber,10021,0.0000,bclean_keep
478,HospitalName,dale medical center,0.0000,bclean_keep
478,Address1,126 hospital ave,0.0019,bclean_keep
478,City,ozark,0.0018,bclean_keep
478,State,xl,0.0000,bclean_keep
478,ZipCode,36360,0.0000,bclean_keep
478,CountyName,dale,0.0000,bclean_keep
478,PhoneNumber,3347742601,0.0000,bclean_keep
478,HospitalType,acute care hospitals,0.5000,bclean_keep
478,HospitalOwner,government - hospital district or authority,0.0000,bclean_keep
478,EmergencyService,yes,0.5000,bclean_keep
478,Condition,pneumonia,0.0000,bclean_keep
478,MeasureCode,pn-2,0.0000,bclean_keep
478,MeasureName,pneumonia patients assessed and given pneumococcal vaccination,0.0000,bclean_keep
478,Stateavg,ax_pn-2,0.0000,bclean_keep
479,ProviderNumber,10021,0.0000,bclean_keep
479,HospitalName,dale medical center,0.0000,bclean_keep
479,Address1,126 hospital ave,0.0019,bclean_keep
479,City,ozark,0.0018,bclean_keep
479,State,al,0.5000,bclean_keep
479,ZipCode,36360,0.0000,bclean_keep
479,CountyName,dale,0.0000,bclean_keep
479,PhoneNumber,3347742601,0.0000,bclean_keep
479,HospitalType,acute care hospitals,0.5000,bclean_keep
479,HospitalOwner,government - hospital district or authority,0.0000,bclean_keep
479,EmergencyService,yes,0.5000,bclean_keep
479,Condition,pneumonia,0.0003,bclean_keep
479,MeasureCode,pn-3b,0.0007,bclean_keep
479,MeasureName,pneumonia patients whose initial emergency room blood culture was performed prior to the administration of the first hospital dose of antibiotics,0.0007,bclean_keep
479,Stateavg,al_pn-3b,0.0009,bclean_keep
480,ProviderNumber,10021,0.0000,bclean_keep
480,HospitalName,dale medical center,0.0000,bclean_keep
480,Address1,126 hospital ave,0.0019,bclean_keep
480,City,ozark,0.0018,bclean_keep
480,State,al,0.5000,bclean_keep
480,ZipCode,36360,0.0000,bclean_keep
480,CountyName,dale,0.0000,bclean_keep
480,PhoneNumber,3347742601,0.0000,bclean_keep
480,HospitalType,acute care hospitals,0.5000,bclean_keep
480,HospitalOwner,government - hospital district or authority,0.0000,bclean_keep
480,EmergencyService,yes,0.5000,bclean_keep
480,Condition,pneumonia,0.0003,bclean_keep
480,MeasureCode,pn-4,0.0029,bclean_keep
480,MeasureName,pneumonia patients given smoking cessation advice/counseling,0.0000,bclean_keep
480,Stateavg,al_pn-4,0.0000,bclean_keep
481,ProviderNumber,10021,0.0000,bclean_keep
481,HospitalName,dale medical center,0.0000,bclean_keep
481,Address1,126 hospital ave,0.0019,bclean_keep
481,City,ozark,0.0018,bclean_keep
481,State,al,0.5000,bclean_keep
481,ZipCode,36360,0.0000,bclean_keep
481,CountyName,dale,0.0000,bclean_keep
481,PhoneNumber,3347742601,0.0000,bclean_keep
481,HospitalType,acute care hospitals,0.5000,bclean_keep
481,HospitalOwner,government - hospital district or authority,0.0000,bclean_keep
481,EmergencyService,yes,0.5000,bclean_keep
481,Condition,pneumonia,0.0001,bclean_keep
481,MeasureCode,pn-5c,0.0007,bclean_keep
481,MeasureName,pneumonia patients given initial antibiotic(s) within 6 hours after arrival,0.0008,bclean_keep
481,Stateavg,al_pn-5c,0.0007,bclean_keep
482,ProviderNumber,10021,0.0000,bclean_keep
482,HospitalName,dale medical center,0.0000,bclean_keep
482,Address1,126 hospital ave,0.0019,bclean_keep
482,City,ozark,0.0018,bclean_keep
482,State,al,0.5000,bclean_keep
482,ZipCode,36360,0.0000,bclean_keep
482,CountyName,dale,0.0000,bclean_keep
482,PhoneNumber,3347742601,0.0000,bclean_keep
482,HospitalType,acute care hospitals,0.5000,bclean_keep
482,HospitalOwner,government - hospital district or authority,0.0000,bclean_keep
482,EmergencyService,yes,0.5000,bclean_keep
482,Condition,pneumonia,0.0002,bclean_keep
482,MeasureCode,pn-6,0.0000,bclean_keep
482,MeasureName,pneumonia patients given the most appropriate initial antibiotic(s),0.0006,bclean_keep
482,Stateavg,al_pn-6,0.0008,bclean_keep
483,ProviderNumber,10021,0.0000,bclean_keep
483,HospitalName,dale medical center,0.0000,bclean_keep
483,Address1,126 hospital ave,0.0019,bclean_keep
483,City,ozark,0.0018,bclean_keep
483,State,al,0.5000,bclean_keep
483,ZipCode,36360,0.0000,bclean_keep
483,CountyName,dale,0.0000,bclean_keep
483,PhoneNumber,3347742601,0.0000,bclean_keep
483,HospitalType,acute care hospitals,0.5000,bclean_keep
483,HospitalOwner,government - hospital district or authority,0.0000,bclean_keep
483,EmergencyService,yes,0.5000,bclean_keep
483,Condition,pneumonia,0.0000,bclean_keep
483,MeasureCode,pn-7,0.0000,bclean_keep
483,MeasureName,pneumonia patients assessed and given influenza vaccination,0.0008,bclean_keep
483,Stateavg,al_pn-7,0.0007,bclean_keep
484,ProviderNumber,10021,0.0000,bclean_keep
484,HospitalName,dale medical center,0.0000,bclean_keep
484,Address1,126 hospital ave,0.0020,bclean_keep
484,City,ozark,0.0019,bclean_keep
484,ZipCode,36360,0.0000,bclean_keep
484,CountyName,dale,0.0000,bclean_keep
484,PhoneNumber,3347742601,0.0000,bclean_keep
484,HospitalType,acute care hospitals,0.5000,bclean_keep
484,HospitalOwner,government - hospital district or authority,0.0000,bclean_keep
484,EmergencyService,yes,0.5000,bclean_keep
484,Condition,surgical infection prevention,0.0005,bclean_keep
484,MeasureCode,scip-card-2,0.0000,bclean_keep
484,MeasureName,surgery patients who were taking heart drugs called beta blockers before coming to the hospital who were kept on the beta blockers during the period just before and after their surgery,0.0008,bclean_keep
484,Stateavg,al_scip-card-2,0.0000,bclean_keep
485,ProviderNumber,10021,0.0000,bclean_keep
485,HospitalName,dale medical center,0.0000,bclean_keep
485,City,ozark,0.0019,bclean_keep
485,State,al,0.5000,bclean_keep
485,ZipCode,36360,0.0000,bclean_keep
485,CountyName,dale,0.0000,bclean_keep
485,PhoneNumber,3347742601,0.0000,bclean_keep
485,HospitalType,acute care hospitals,0.5000,bclean_keep
485,HospitalOwner,government - hospital district or authority,0.0000,bclean_keep
485,EmergencyService,yes,0.5000,bclean_keep
485,Condition,surgical infection prevention,0.0000,bclean_keep
485,MeasureCode,scip-inf-1,0.0006,bclean_keep
485,MeasureName,surgery patients who were given an antibiotic at the right time (within one hour before surgery) to help prevent infection,0.0000,bclean_keep
485,Stateavg,al_scip-inf-1,0.0000,bclean_keep
486,ProviderNumber,10021,0.0000,bclean_keep
486,HospitalName,dale medical center,0.0000,bclean_keep
486,Address1,126 hospital ave,0.0020,bclean_keep
486,State,al,0.5000,bclean_keep
486,ZipCode,36360,0.0000,bclean_keep
486,CountyName,dale,0.0000,bclean_keep
486,PhoneNumber,3347742601,0.0000,bclean_keep
486,HospitalType,acute care hospitals,0.5000,bclean_keep
486,HospitalOwner,government - hospital district or authority,0.0000,bclean_keep
486,EmergencyService,yes,0.5000,bclean_keep
486,Condition,surgical infection prevention,0.0001,bclean_keep
486,MeasureCode,scip-inf-2,0.0009,bclean_keep
486,MeasureName,surgery patients who were given the  right kind  of antibiotic to help prevent infection,0.0000,bclean_keep
486,Stateavg,al_scip-inf-2,0.0034,bclean_keep
487,ProviderNumber,10021,0.0000,bclean_keep
487,HospitalName,dale medical center,0.0000,bclean_keep
487,Address1,126 hospital ave,0.0020,bclean_keep
487,City,ozark,0.0019,bclean_keep
487,State,al,0.5000,bclean_keep
487,ZipCode,36360,0.0000,bclean_keep
487,CountyName,dale,0.0000,bclean_keep
487,PhoneNumber,3347742601,0.0000,bclean_keep
487,HospitalType,acute care hospitals,0.5000,bclean_keep
487,HospitalOwner,government - hospital district or authority,0.0000,bclean_keep
487,EmergencyService,yes,0.5000,bclean_keep
487,Condition,surgical infection prevention,0.0001,bclean_keep
487,MeasureCode,scip-inf-3,0.0007,bclean_keep
487,MeasureName,surgery patients whose preventive antibiotics were stopped at the right time (within 24 hours after surgery),0.0000,bclean_keep
487,Stateavg,al_scip-inf-3,0.0000,bclean_keep
488,ProviderNumber,10021,0.0000,bclean_keep
488,HospitalName,dale medical center,0.0000,bclean_keep
488,Address1,126 hospital ave,0.0020,bclean_keep
488,City,ozark,0.0019,bclean_keep
488,State,al,0.5000,bclean_keep
488,ZipCode,36360,0.0000,bclean_keep
488,CountyName,dale,0.0000,bclean_keep
488,PhoneNumber,3347742601,0.0000,bclean_keep
488,HospitalType,acute care hospitals,0.5000,bclean_keep
488,HospitalOwner,government - hospital district or authority,0.0000,bclean_keep
488,EmergencyService,yes,0.5000,bclean_keep
488,Condition,surgical infection prevention,0.0001,bclean_keep
488,MeasureCode,scip-inf-4,0.0010,bclean_keep
488,MeasureName,all heart surgery patients whose blood sugar (blood glucose) is kept under good control in the days right after surgery,0.0010,bclean_keep
488,Stateavg,al_scip-inf-4,0.0000,bclean_keep
489,ProviderNumber,10021,0.0000,bclean_keep
489,HospitalName,dale medical center,0.0000,bclean_keep
489,Address1,126 hospital ave,0.0020,bclean_keep
489,City,ozark,0.0019,bclean_keep
489,State,al,0.5000,bclean_keep
489,ZipCode,36360,0.0000,bclean_keep
489,CountyName,dale,0.0000,bclean_keep
489,PhoneNumber,3347742601,0.0000,bclean_keep
489,HospitalType,acute care hospitals,0.5000,bclean_keep
489,HospitalOwner,government - hospital district or authority,0.0000,bclean_keep
489,EmergencyService,yes,0.5000,bclean_keep
489,Condition,surgical infection prevention,0.0000,bclean_keep
489,MeasureCode,scip-inf-6,0.0000,bclean_keep
489,MeasureName,surgery patients needing hair removed from the surgical area before surgery who had hair removed using a safer method (electric clippers or hair removal cream c not a razor),0.0008,bclean_keep
489,Stateavg,al_scip-inf-6,0.0000,bclean_keep
490,ProviderNumber,10021,0.0000,bclean_keep
490,HospitalName,dale medical center,0.0000,bclean_keep
490,Address1,126 hospital ave,0.0020,bclean_keep
490,City,ozark,0.0019,bclean_keep
490,State,al,0.5000,bclean_keep
490,ZipCode,36360,0.0000,bclean_keep
490,CountyName,dale,0.0000,bclean_keep
490,PhoneNumber,3347742601,0.0000,bclean_keep
490,HospitalType,acute care hospitals,0.5000,bclean_keep
490,HospitalOwner,government - hospital district or authority,0.0000,bclean_keep
490,EmergencyService,yes,0.5000,bclean_keep
490,Condition,surgical infection prevention,0.0000,bclean_keep
490,MeasureCode,scip-vte-1,0.0009,bclean_keep
490,MeasureName,surgery patients whose doctors ordered treatments to prevent blood clots after certain types of surgeries,0.0008,bclean_keep
490,Stateavg,al_scip-vte-1,0.0008,bclean_keep
491,ProviderNumber,10021,0.0000,bclean_keep
491,HospitalName,dale medical center,0.0000,bclean_keep
491,Address1,126 hospital ave,0.0021,bclean_keep
491,City,ozark,0.0020,bclean_keep
491,State,al,0.5000,bclean_keep
491,CountyName,dale,0.0000,bclean_keep
491,PhoneNumber,3347742601,0.0000,bclean_keep
491,HospitalType,acute caxe hospitals,0.5000,bclean_keep
491,HospitalOwner,government - hospital district or authority,0.0000,bclean_keep
491,EmergencyService,yes,0.5000,bclean_keep
491,Condition,surgical infection prevention,0.0001,bclean_keep
491,MeasureCode,scip-vte-2,0.0000,bclean_keep
491,MeasureName,patients who got treatment  at the right time (within 24 hours before or after their surgery) to help prevent blood clots after certain types of surgery,0.0000,bclean_keep
491,Stateavg,al_scip-vte-2,0.0009,bclean_keep
492,ProviderNumber,10022,0.0000,bclean_keep
492,HospitalName,cherokee medical center,0.0000,bclean_keep
492,Address1,400 northwood dr,0.0000,bclean_keep
492,City,centre,0.0000,bclean_keep
492,State,al,0.5000,bclean_keep
492,ZipCode,35960,0.0000,bclean_keep
492,CountyName,cherokee,0.0077,bclean_keep
492,PhoneNumber,2569275531,0.0000,bclean_keep
492,HospitalType,acute care hospitals,0.5000,bclean_keep
492,HospitalOwner,voluntary non-profit - private,0.0003,bclean_keep
492,EmergencyService,yes,0.0000,bclean_keep
492,Condition,heart attack,0.0003,bclean_keep
492,MeasureCode,ami-1,0.0038,bclean_keep
492,MeasureName,heart attack patients given aspirin at arrival,0.0010,bclean_keep
492,Stateavg,al_ami-1,0.0011,bclean_keep
493,ProviderNumber,10022,0.0000,bclean_keep
493,HospitalName,cherokee medical center,0.0000,bclean_keep
493,Address1,400 northwood dr,0.0000,bclean_keep
493,City,centre,0.0000,bclean_keep
493,State,al,0.5000,bclean_keep
493,ZipCode,35960,0.0000,bclean_keep
493,CountyName,cherokee,0.0077,bclean_keep
493,PhoneNumber,2569275531,0.0000,bclean_keep
493,HospitalType,acute care hospitals,0.5000,bclean_keep
493,HospitalOwner,voluntary non-profit - private,0.0003,bclean_keep
493,Condition,heart attack,0.0003,bclean_keep
493,MeasureCode,ami-2,0.0006,bclean_keep
493,MeasureName,heart attack patients given aspirin at discharge,0.0007,bclean_keep
493,Stateavg,al_ami-2,0.0008,bclean_keep
494,ProviderNumber,10022,0.0000,bclean_keep
494,HospitalName,cherokee medical center,0.0000,bclean_keep
494,Address1,400 northwood dr,0.0000,bclean_keep
494,City,centre,0.0000,bclean_keep
494,State,al,0.5000,bclean_keep
494,ZipCode,35960,0.0000,bclean_keep
494,CountyName,cherokee,0.0076,bclean_keep
494,PhoneNumber,2569275531,0.0000,bclean_keep
494,HospitalType,acute care hxspitals,0.5000,bclean_keep
494,EmergencyService,yes,0.5000,bclean_keep
494,Condition,heart attack,0.0003,bclean_keep
494,MeasureCode,ami-3,0.0000,bclean_keep
494,Stateavg,al_ami-3,0.0000,bclean_keep
495,ProviderNumber,10022,0.0000,bclean_keep
495,HospitalName,cherokee medical center,0.0000,bclean_keep
495,Address1,400 northwood dr,0.0000,bclean_keep
495,City,centre,0.0000,bclean_keep
495,State,al,0.5000,bclean_keep
495,ZipCode,35960,0.0000,bclean_keep
495,CountyName,cherokee,0.0077,bclean_keep
495,PhoneNumber,2569275531,0.0000,bclean_keep
495,HospitalType,acute care hospitals,0.5000,bclean_keep
495,HospitalOwner,voluntary non-profit - private,0.0003,bclean_keep
495,EmergencyService,yes,0.0000,bclean_keep
495,Condition,heart attack,0.0003,bclean_keep
495,MeasureCode,ami-4,0.0006,bclean_keep
495,MeasureName,heart attack patients given smoking cessation advice/counseling,0.0000,bclean_keep
495,Stateavg,al_ami-4,0.0000,bclean_keep
496,ProviderNumber,10022,0.0000,bclean_keep
496,HospitalName,cherokee medical center,0.0000,bclean_keep
496,Address1,400 northwood dr,0.0000,bclean_keep
496,City,centre,0.0000,bclean_keep
496,State,al,0.5000,bclean_keep
496,ZipCode,35960,0.0000,bclean_keep
496,CountyName,cherokee,0.0077,bclean_keep
496,PhoneNumber,2569275531,0.0000,bclean_keep
496,HospitalType,acute care hospitals,0.5000,bclean_keep
496,HospitalOwner,voluntary non-profit - private,0.0003,bclean_keep
496,EmergencyService,yes,0.0000,bclean_keep
496,Condition,heart attack,0.0003,bclean_keep
496,MeasureName,heart attack patients given beta blocker at discharge,0.0008,bclean_keep
496,Stateavg,al_ami-5,0.0007,bclean_keep
497,ProviderNumber,10022,0.0000,bclean_keep
497,HospitalName,cherokee medical center,0.0000,bclean_keep
497,Address1,400 northwood dr,0.0000,bclean_keep
497,City,centre,0.0000,bclean_keep
497,State,al,0.5000,bclean_keep
497,ZipCode,35960,0.0000,bclean_keep
497,CountyName,cherokee,0.0077,bclean_keep
497,PhoneNumber,2569275531,0.0000,bclean_keep
497,HospitalType,acute care hospitals,0.5000,bclean_keep
497,HospitalOwner,voluntary non-profit - private,0.0003,bclean_keep
497,EmergencyService,yes,0.0000,bclean_keep
497,Condition,heart attack,0.0001,bclean_keep
497,MeasureCode,ami-7a,0.0000,bclean_keep
497,MeasureName,heart attack patients given fibrinolytic medication within 30 minutes of arrival,0.0000,bclean_keep
497,Stateavg,al_ami-7a,0.0008,bclean_keep
498,ProviderNumber,10022,0.0000,bclean_keep
498,HospitalName,cherokee medical center,0.0000,bclean_keep
498,Address1,400 northwood dr,0.0000,bclean_keep
498,City,centre,0.0000,bclean_keep
498,State,al,0.5000,bclean_keep
498,ZipCode,35960,0.0000,bclean_keep
498,CountyName,cherokee,0.0076,bclean_keep
498,PhoneNumber,2569275531,0.0000,bclean_keep
498,HospitalType,acutx carx hospitals,0.5000,bclean_keep
498,HospitalOwner,voluntary non-profit - private,0.0004,bclean_keep
498,EmergencyService,yes,0.0000,bclean_keep
498,Condition,heart attack,0.0003,bclean_keep
498,MeasureCode,ami-8a,0.0000,bclean_keep
498,MeasureName,heart attack patients given pci within 90 minutes of arrival,0.0007,bclean_keep
498,Stateavg,al_ami-8a,0.0008,bclean_keep
499,ProviderNumber,10022,0.0000,bclean_keep
499,HospitalName,cherokee medical center,0.0000,bclean_keep
499,Address1,400 northwood dr,0.0000,bclean_keep
499,City,centre,0.0000,bclean_keep
499,State,al,0.5000,bclean_keep
499,ZipCode,35960,0.0000,bclean_keep
499,CountyName,cherokee,0.0078,bclean_keep
499,PhoneNumber,2569275531,0.0000,bclean_keep
499,HospitalType,acute care hospitals,0.5000,bclean_keep
499,HospitalOwner,voluntary non-profit - private,0.0003,bclean_keep
499,EmergencyService,yes,0.0000,bclean_keep
499,Condition,heart failure,0.0004,bclean_keep
499,MeasureCode,hf-1,0.0030,bclean_keep
499,MeasureName,heart failure patients given discharge instructions,0.0008,bclean_keep
499,Stateavg,al_hf-1,0.0000,bclean_keep
500,ProviderNumber,10022,0.0000,bclean_keep
500,HospitalName,cherokee medical center,0.0000,bclean_keep
500,Address1,400 northwood dr,0.0000,bclean_keep
500,City,centre,0.0000,bclean_keep
500,State,al,0.5000,bclean_keep
500,CountyName,cherokee,0.0078,bclean_keep
500,PhoneNumber,2569275531,0.0000,bclean_keep
500,HospitalType,acute care hospitals,0.5000,bclean_keep
500,HospitalOwner,voluntary non-profit - private,0.0003,bclean_keep
500,EmergencyService,yes,0.0000,bclean_keep
500,Condition,heart failure,0.0002,bclean_keep
500,MeasureCode,hf-2,0.0007,bclean_keep
500,MeasureName,heart failure patients given an evaluation of left ventricular systolic (lvs) function,0.0007,bclean_keep
500,Stateavg,al_hf-2,0.0007,bclean_keep
501,ProviderNumber,10022,0.0000,bclean_keep
501,HospitalName,cherokee medical center,0.0000,bclean_keep
501,Address1,400 northwood dr,0.0000,bclean_keep
501,City,centre,0.0000,bclean_keep
501,State,al,0.5000,bclean_keep
501,ZipCode,35960,0.0000,bclean_keep
501,CountyName,cherokee,0.0078,bclean_keep
501,PhoneNumber,2569275531,0.0000,bclean_keep
501,HospitalType,acute care hospitals,0.5000,bclean_keep
501,HospitalOwner,voluntary non-profit - private,0.0003,bclean_keep
501,EmergencyService,yes,0.0000,bclean_keep
501,Condition,heart failure,0.0003,bclean_keep
501,MeasureCode,hf-3,0.0000,bclean_keep
501,MeasureName,heart failure patients given ace inhibitor or arb for left ventricular systolic dysfunction (lvsd),0.0007,bclean_keep
501,Stateavg,al_hf-3,0.0000,bclean_keep
502,ProviderNumber,10022,0.0000,bclean_keep
502,HospitalName,cherokee medical center,0.0000,bclean_keep
502,Address1,400 northwood dr,0.0000,bclean_keep
502,City,centre,0.0000,bclean_keep
502,State,al,0.5000,bclean_keep
502,ZipCode,35960,0.0000,bclean_keep
502,CountyName,cherokee,0.0078,bclean_keep
502,PhoneNumber,2569275531,0.0000,bclean_keep
502,HospitalType,acute care hospitals,0.5000,bclean_keep
502,HospitalOwner,voluntary non-profit - private,0.0003,bclean_keep
502,EmergencyService,yes,0.0000,bclean_keep
502,Condition,heart failure,0.0002,bclean_keep
502,MeasureCode,hf-4,0.0007,bclean_keep
502,MeasureName,heart failure patients given smoking cessation advice/counseling,0.0007,bclean_keep
502,Stateavg,al_hf-4,0.0007,bclean_keep
503,ProviderNumber,10022,0.0000,bclean_keep
503,HospitalName,cherokee medical center,0.0000,bclean_keep
503,Address1,400 northwood dr,0.0000,bclean_keep
503,City,centre,0.0000,bclean_keep
503,State,al,0.5000,bclean_keep
503,ZipCode,35960,0.0000,bclean_keep
503,PhoneNumber,2569275531,0.0000,bclean_keep
503,HospitalType,acute care hospitals,0.5000,bclean_keep
503,HospitalOwner,voluntary non-profit - private,0.0003,bclean_keep
503,EmergencyService,yes,0.0000,bclean_keep
503,Condition,pneumonia,0.0000,bclean_keep
503,MeasureCode,pn-2,0.0006,bclean_keep
503,MeasureName,pneumonia patients assessed and given pneumococcal vaccination,0.0000,bclean_keep
503,Stateavg,al_pn-2,0.0008,bclean_keep
504,ProviderNumber,10022,0.0000,bclean_keep
504,HospitalName,cherokee medical center,0.0000,bclean_keep
504,Address1,400 northwood dr,0.0000,bclean_keep
504,City,centre,0.0000,bclean_keep
504,State,al,0.5000,bclean_keep
504,ZipCode,35960,0.0000,bclean_keep
504,CountyName,cherokee,0.0079,bclean_keep
504,PhoneNumber,2569275531,0.0000,bclean_keep
504,HospitalType,acute care hospitals,0.5000,bclean_keep
504,HospitalOwner,voluntary non-profit - private,0.0003,bclean_keep
504,EmergencyService,yes,0.0000,bclean_keep
504,Condition,pneumonia,0.0003,bclean_keep
504,MeasureCode,pn-3b,0.0007,bclean_keep
504,MeasureName,pneumonia patients whose initial emergency room blood culture was performed prior to the administration of the first hospital dose of antibiotics,0.0007,bclean_keep
504,Stateavg,al_pn-3b,0.0008,bclean_keep
505,ProviderNumber,10022,0.0000,bclean_keep
505,HospitalName,cherokee medical center,0.0000,bclean_keep
505,Address1,400 northwood dr,0.0000,bclean_keep
505,City,centre,0.0000,bclean_keep
505,ZipCode,35960,0.0000,bclean_keep
505,CountyName,cherokee,0.0079,bclean_keep
505,PhoneNumber,2569275531,0.0000,bclean_keep
505,HospitalType,acute care hospitals,0.5000,bclean_keep
505,HospitalOwner,voluntary non-profit - private,0.0003,bclean_keep
505,EmergencyService,yes,0.0000,bclean_keep
505,Condition,pneumonia,0.0003,bclean_keep
505,MeasureCode,pn-4,0.0029,bclean_keep
505,MeasureName,pneumonia patients given smoking cessation advice/counseling,0.0000,bclean_keep
505,Stateavg,al_pn-4,0.0000,bclean_keep
506,ProviderNumber,10022,0.0000,bclean_keep
506,HospitalName,cherokee medical center,0.0000,bclean_keep
506,Address1,400 northwood dr,0.0000,bclean_keep
506,City,centre,0.0000,bclean_keep
506,State,al,0.5000,bclean_keep
506,ZipCode,35960,0.0000,bclean_keep
506,CountyName,cherokee,0.0079,bclean_keep
506,PhoneNumber,2569275531,0.0000,bclean_keep
506,HospitalType,acute care hospitals,0.5000,bclean_keep
506,HospitalOwner,voluntary non-profit - private,0.0003,bclean_keep
506,EmergencyService,yes,0.0000,bclean_keep
506,Condition,pneumonia,0.0002,bclean_keep
506,MeasureCode,pn-5c,0.0007,bclean_keep
506,MeasureName,pneumonia patients given initial antibiotic(s) within 6 hours after arrival,0.0008,bclean_keep
506,Stateavg,al_pn-5c,0.0008,bclean_keep
507,ProviderNumber,10022,0.0000,bclean_keep
507,HospitalName,cherokee medical center,0.0000,bclean_keep
507,Address1,400 northwood dr,0.0000,bclean_keep
507,City,centre,0.0000,bclean_keep
507,State,al,0.5000,bclean_keep
507,ZipCode,35960,0.0000,bclean_keep
507,CountyName,cherokee,0.0078,bclean_keep
507,PhoneNumber,2569275531,0.0000,bclean_keep
507,HospitalType,acute care hospitals,0.5000,bclean_keep
507,HospitalOwner,voluntary non-profit - private,0.0003,bclean_keep
507,EmergencyService,yes,0.5000,bclean_keep
507,MeasureCode,pn-6,0.0000,bclean_keep
507,MeasureName,pneumonia patients given the most appropriate initial antibiotic(s),0.0007,bclean_keep
507,Stateavg,al_pn-6,0.0008,bclean_keep
508,ProviderNumber,10022,0.0000,bclean_keep
508,HospitalName,cherokee medical center,0.0000,bclean_keep
508,Address1,400 northwood dr,0.0000,bclean_keep
508,City,centre,0.0000,bclean_keep
508,State,al,0.5000,bclean_keep
508,ZipCode,35960,0.0000,bclean_keep
508,CountyName,cherokee,0.0079,bclean_keep
508,PhoneNumber,2569275531,0.0000,bclean_keep
508,HospitalType,acute care hospitals,0.5000,bclean_keep
508,HospitalOwner,voluntary non-profit - private,0.0003,bclean_keep
508,EmergencyService,yes,0.0000,bclean_keep
508,Condition,pneumonia,0.0000,bclean_keep
508,MeasureCode,pn-7,0.0000,bclean_keep
508,Stateavg,al_pn-7,0.0007,bclean_keep
509,ProviderNumber,10022,0.0000,bclean_keep
509,HospitalName,cherokee medical center,0.0000,bclean_keep
509,Address1,400 northwood dr,0.0000,bclean_keep
509,City,centre,0.0000,bclean_keep
509,State,al,0.5000,bclean_keep
509,ZipCode,35960,0.0000,bclean_keep
509,CountyName,cherokee,0.0078,bclean_keep
509,PhoneNumber,2569275531,0.0000,bclean_keep
509,HospitalType,acute care hospitals,0.5000,bclean_keep
509,HospitalOwner,voluntary non-profit - private,0.0003,bclean_keep
509,EmergencyService,yes,0.0000,bclean_keep
509,Condition,surgical infection prevention,0.0005,bclean_keep
509,MeasureCode,scip-card-2,0.0000,bclean_keep
509,MeasureName,surgery patients who were taking heart drugs called beta blockers before coming to the hospital who were kept on the beta blockers during the period just before and after their surgery,0.0009,bclean_keep
509,Stateavg,al_scip-card-2,0.0000,bclean_keep
510,ProviderNumber,10022,0.0000,bclean_keep
510,HospitalName,cherokee medical center,0.0000,bclean_keep
510,Address1,400 northwood dr,0.0000,bclean_keep
510,City,centre,0.0000,bclean_keep
510,State,al,0.5000,bclean_keep
510,ZipCode,35960,0.0000,bclean_keep
510,CountyName,cherokee,0.0078,bclean_keep
510,PhoneNumber,2569275531,0.0000,bclean_keep
510,HospitalType,acute care hospitals,0.5000,bclean_keep
510,HospitalOwner,voluntary non-profit - private,0.0003,bclean_keep
510,EmergencyService,yes,0.0000,bclean_keep
510,Condition,surgical infection prevention,0.0000,bclean_keep
510,MeasureCode,scip-inf-1,0.0007,bclean_keep
510,MeasureName,surgery patients who were given an antibiotic at the right time (within one hour before surgery) to help prevent infection,0.0000,bclean_keep
510,Stateavg,al_scip-inf-1,0.0000,bclean_keep
511,ProviderNumber,10022,0.0000,bclean_keep
511,HospitalName,cherokee medical center,0.0000,bclean_keep
511,Address1,400 northwood dr,0.0000,bclean_keep
511,City,centre,0.0000,bclean_keep
511,State,al,0.5000,bclean_keep
511,ZipCode,35960,0.0000,bclean_keep
511,CountyName,cherokee,0.0078,bclean_keep
511,PhoneNumber,2569275531,0.0000,bclean_keep
511,HospitalType,acute care hospitals,0.5000,bclean_keep
511,HospitalOwner,voluntary non-profit - private,0.0003,bclean_keep
511,EmergencyService,yes,0.0000,bclean_keep
511,Condition,surgical infection prevention,0.0001,bclean_keep
511,MeasureCode,scip-inf-2,0.0007,bclean_keep
511,MeasureName,surgery patients who were given the  right kind  of antibiotic to help prevent infection,0.0000,bclean_keep
511,Stateavg,al_scip-inf-2,0.0035,bclean_keep
512,ProviderNumber,10022,0.0000,bclean_keep
512,HospitalName,cherokee medical center,0.0000,bclean_keep
512,Address1,400 northwood dr,0.0000,bclean_keep
512,City,centre,0.0000,bclean_keep
512,State,al,0.5000,bclean_keep
512,ZipCode,35960,0.0000,bclean_keep
512,CountyName,cherokee,0.0077,bclean_keep
512,PhoneNumber,2569275531,0.0000,bclean_keep
512,HospitalType,acuxe care hospixals,0.5000,bclean_keep
512,HospitalOwner,voluntary non-profit - private,0.0004,bclean_keep
512,EmergencyService,yes,0.0000,bclean_keep
512,Condition,surgical infection prevention,0.0001,bclean_keep
512,MeasureCode,scip-inf-3,0.0007,bclean_keep
512,MeasureName,surgery patients whose preventive antibiotics were stopped at the right time (within 24 hours after surgery),0.0000,bclean_keep
512,Stateavg,al_scip-inf-3,0.0000,bclean_keep
513,ProviderNumber,10022,0.0000,bclean_keep
513,HospitalName,cherokee medical center,0.0000,bclean_keep
513,Address1,400 northwood dr,0.0000,bclean_keep
513,City,centre,0.0000,bclean_keep
513,State,al,0.5000,bclean_keep
513,ZipCode,35960,0.0000,bclean_keep
513,CountyName,cherokee,0.0078,bclean_keep
513,PhoneNumber,2569275531,0.0000,bclean_keep
513,HospitalType,acute care hospitals,0.5000,bclean_keep
513,HospitalOwner,voluntary non-profit - private,0.0003,bclean_keep
513,EmergencyService,yes,0.0000,bclean_keep
513,Condition,surgical infection prevention,0.0001,bclean_keep
513,MeasureCode,scip-inf-4,0.0008,bclean_keep
513,MeasureName,all heart surgery patients whose blood sugar (blood glucose) is kept under good control in the days right after surgery,0.0011,bclean_keep
513,Stateavg,al_scip-inf-4,0.0000,bclean_keep
514,ProviderNumber,10022,0.0000,bclean_keep
514,HospitalName,cherokee medical center,0.0000,bclean_keep
514,Address1,400 northwood dr,0.0000,bclean_keep
514,City,centre,0.0000,bclean_keep
514,State,al,0.5000,bclean_keep
514,ZipCode,35960,0.0000,bclean_keep
514,PhoneNumber,2569275531,0.0000,bclean_keep
514,HospitalType,acute care hospitals,0.5000,bclean_keep
514,HospitalOwner,voluntary non-profit - private,0.0003,bclean_keep
514,EmergencyService,yes,0.0000,bclean_keep
514,Condition,surgical infection prevention,0.0000,bclean_keep
514,MeasureCode,scip-inf-6,0.0000,bclean_keep
514,MeasureName,surgery patients needing hair removed from the surgical area before surgery who had hair removed using a safer method (electric clippers or hair removal cream c not a razor),0.0008,bclean_keep
514,Stateavg,al_scip-inf-6,0.0000,bclean_keep
515,ProviderNumber,10022,0.0000,bclean_keep
515,HospitalName,cherokee medical center,0.0000,bclean_keep
515,Address1,400 northwood dr,0.0000,bclean_keep
515,City,centre,0.0000,bclean_keep
515,State,al,0.5000,bclean_keep
515,ZipCode,35960,0.0000,bclean_keep
515,CountyName,cherokee,0.0078,bclean_keep
515,PhoneNumber,2569275531,0.0000,bclean_keep
515,HospitalType,acute care hospitals,0.5000,bclean_keep
515,HospitalOwner,voluntary non-profit - private,0.0003,bclean_keep
515,EmergencyService,yes,0.0000,bclean_keep
515,Condition,surgical infection prevention,0.0000,bclean_keep
515,MeasureCode,scip-vte-1,0.0008,bclean_keep
515,MeasureName,surgery patients whose doctors ordered treatments to prevent blood clots after certain types of surgeries,0.0008,bclean_keep
515,Stateavg,al_scip-vte-1,0.0009,bclean_keep
516,ProviderNumber,10022,0.0000,bclean_keep
516,HospitalName,cherokee medical center,0.0000,bclean_keep
516,Address1,400 northwood dr,0.0000,bclean_keep
516,City,centre,0.0000,bclean_keep
516,State,al,0.5000,bclean_keep
516,ZipCode,35960,0.0000,bclean_keep
516,CountyName,cherokee,0.0078,bclean_keep
516,PhoneNumber,2569275531,0.0000,bclean_keep
516,HospitalType,acute care hospitals,0.5000,bclean_keep
516,HospitalOwner,voluntary non-profit - private,0.0003,bclean_keep
516,EmergencyService,yes,0.0000,bclean_keep
516,Condition,surgical infection prevention,0.0001,bclean_keep
516,MeasureCode,scip-vte-2,0.0000,bclean_keep
516,MeasureName,patients who got treatment  at the right time (within 24 hours before or after their surgery) to help prevent blood clots after certain types of surgery,0.0000,bclean_keep
516,Stateavg,al_scip-vte-2,0.0008,bclean_keep
517,ProviderNumber,10023,0.0000,bclean_keep
517,HospitalName,baptist medical center south,0.0000,bclean_keep
517,Address1,2105 east south boulevard,0.0000,bclean_keep
517,City,montgomery,0.0013,bclean_keep
517,State,al,0.5000,bclean_keep
517,ZipCode,36116,0.0000,bclean_keep
517,CountyName,montgomery,0.0019,bclean_keep
517,HospitalType,acute care hospitals,0.5000,bclean_keep
517,HospitalOwner,voluntary non-profit - church,0.0010,bclean_keep
517,EmergencyService,yes,0.0000,bclean_keep
517,Condition,heart attack,0.0004,bclean_keep
517,MeasureCode,ami-1,0.0031,bclean_keep
517,MeasureName,heart attack patients given aspirin at arrival,0.0011,bclean_keep
517,Stateavg,al_ami-1,0.0011,bclean_keep
518,ProviderNumber,10023,0.0000,bclean_keep
518,HospitalName,baptist medical center south,0.0000,bclean_keep
518,Address1,2105 east south boulevard,0.0000,bclean_keep
518,State,al,0.5000,bclean_keep
518,ZipCode,36116,0.0000,bclean_keep
518,CountyName,montgomery,0.0019,bclean_keep
518,PhoneNumber,3342882100,0.0000,bclean_keep
518,HospitalType,acute care hospitals,0.5000,bclean_keep
518,HospitalOwner,voluntary non-profit - church,0.0010,bclean_keep
518,EmergencyService,yes,0.0000,bclean_keep
518,Condition,heart attack,0.0003,bclean_keep
518,MeasureCode,ami-2,0.0007,bclean_keep
518,MeasureName,heart attack patients given aspirin at discharge,0.0007,bclean_keep
518,Stateavg,al_ami-2,0.0008,bclean_keep
519,ProviderNumber,10023,0.0000,bclean_keep
519,HospitalName,baptist medical center south,0.0013,bclean_keep
519,Address1,2105 east south boulevard,0.0000,bclean_keep
519,City,montgomery,0.0013,bclean_keep
519,State,al,0.5000,bclean_keep
519,ZipCode,36116,0.0000,bclean_keep
519,CountyName,montgomery,0.0019,bclean_keep
519,PhoneNumber,3342882100,0.0000,bclean_keep
519,HospitalType,acute care hospitals,0.5000,bclean_keep
519,HospitalOwner,voluntary non-profit - church,0.0010,bclean_keep
519,EmergencyService,yes,0.0000,bclean_keep
519,Condition,heart attack,0.0003,bclean_keep
519,MeasureCode,ami-3,0.0006,bclean_keep
519,MeasureName,heart attack patients given ace inhibitor or arb for left ventricular systolic dysfunction (lvsd),0.0006,bclean_keep
519,Stateavg,al_ami-3,0.0000,bclean_keep
520,ProviderNumber,10023,0.0000,bclean_keep
520,HospitalName,baptist medical center south,0.0013,bclean_keep
520,Address1,2105 east south boulevard,0.0000,bclean_keep
520,City,montgomery,0.0013,bclean_keep
520,State,al,0.5000,bclean_keep
520,ZipCode,36116,0.0000,bclean_keep
520,CountyName,montgomery,0.0019,bclean_keep
520,PhoneNumber,3342882100,0.0000,bclean_keep
520,HospitalType,acute care hospitals,0.5000,bclean_keep
520,HospitalOwner,voluntary non-profit - church,0.0010,bclean_keep
520,EmergencyService,yes,0.0000,bclean_keep
520,Condition,heart attack,0.0003,bclean_keep
520,MeasureCode,ami-4,0.0005,bclean_keep
520,MeasureName,heart attack patients given smoking cessation advice/counseling,0.0000,bclean_keep
520,Stateavg,al_ami-4,0.0000,bclean_keep
521,ProviderNumber,10023,0.0000,bclean_keep
521,HospitalName,baptist medical center south,0.0013,bclean_keep
521,Address1,2105 east south boulevard,0.0000,bclean_keep
521,City,montgomery,0.0013,bclean_keep
521,State,al,0.5000,bclean_keep
521,ZipCode,36116,0.0000,bclean_keep
521,CountyName,montgomery,0.0019,bclean_keep
521,PhoneNumber,3342882100,0.0000,bclean_keep
521,HospitalType,acute care hospitals,0.5000,bclean_keep
521,HospitalOwner,voluntary non-profit - church,0.0010,bclean_keep
521,EmergencyService,yes,0.0000,bclean_keep
521,Condition,heart attack,0.0003,bclean_keep
521,MeasureCode,ami-5,0.0007,bclean_keep
521,MeasureName,heart attack patients given beta blocker at discharge,0.0009,bclean_keep
521,Stateavg,al_ami-5,0.0007,bclean_keep
522,ProviderNumber,10023,0.0000,bclean_keep
522,HospitalName,baptist medical center south,0.0000,bclean_keep
522,Address1,2105 east south boulevard,0.0000,bclean_keep
522,City,montgomery,0.0014,bclean_keep
522,State,al,0.5000,bclean_keep
522,ZipCode,36116,0.0000,bclean_keep
522,CountyName,montgomery,0.0019,bclean_keep
522,PhoneNumber,3342882100,0.0000,bclean_keep
522,HospitalType,acute care hospitals,0.5000,bclean_keep
522,HospitalOwner,voluntary non-profit - church,0.0011,bclean_keep
522,Condition,heart attack,0.0001,bclean_keep
522,MeasureCode,ami-7a,0.0000,bclean_keep
522,MeasureName,heart attack patients given fibrinolytic medication within 30 minutes of arrival,0.0000,bclean_keep
522,Stateavg,al_ami-7a,0.0008,bclean_keep
523,ProviderNumber,10023,0.0000,bclean_keep
523,HospitalName,baptist medical center south,0.0013,bclean_keep
523,Address1,2105 east south boulevard,0.0000,bclean_keep
523,City,montgomery,0.0013,bclean_keep
523,State,al,0.5000,bclean_keep
523,ZipCode,36116,0.0000,bclean_keep
523,CountyName,montgomery,0.0019,bclean_keep
523,PhoneNumber,3342882100,0.0000,bclean_keep
523,HospitalType,acute care hospitals,0.5000,bclean_keep
523,HospitalOwner,voluntary non-profit - church,0.0010,bclean_keep
523,EmergencyService,yes,0.0000,bclean_keep
523,Condition,heart attack,0.0003,bclean_keep
523,MeasureCode,ami-8a,0.0000,bclean_keep
523,MeasureName,heart attack patients given pci within 90 minutes of arrival,0.0007,bclean_keep
523,Stateavg,al_ami-8a,0.0008,bclean_keep
524,ProviderNumber,10023,0.0000,bclean_keep
524,HospitalName,baptist medical center south,0.0013,bclean_keep
524,Address1,2105 east south boulevard,0.0000,bclean_keep
524,City,montgomery,0.0013,bclean_keep
524,State,al,0.5000,bclean_keep
524,ZipCode,36116,0.0000,bclean_keep
524,CountyName,montgomery,0.0020,bclean_keep
524,PhoneNumber,3342882100,0.0000,bclean_keep
524,HospitalType,acute care hospitals,0.5000,bclean_keep
524,HospitalOwner,voluntary non-profit - church,0.0010,bclean_keep
524,EmergencyService,yes,0.0000,bclean_keep
524,Condition,heart failure,0.0004,bclean_keep
524,MeasureCode,hf-1,0.0028,bclean_keep
524,MeasureName,heart failure patients given discharge instructions,0.0008,bclean_keep
524,Stateavg,al_hf-1,0.0000,bclean_keep
525,ProviderNumber,10023,0.0000,bclean_keep
525,HospitalName,baptist medical center south,0.0013,bclean_keep
525,Address1,2105 east south boulevard,0.0000,bclean_keep
525,City,montgomery,0.0013,bclean_keep
525,State,al,0.5000,bclean_keep
525,ZipCode,36116,0.0000,bclean_keep
525,CountyName,montgomery,0.0020,bclean_keep
525,PhoneNumber,3342882100,0.0000,bclean_keep
525,HospitalType,acute care hospitals,0.5000,bclean_keep
525,HospitalOwner,voluntary non-profit - church,0.0010,bclean_keep
525,EmergencyService,yes,0.0000,bclean_keep
525,Condition,heart failure,0.0002,bclean_keep
525,MeasureCode,hf-2,0.0007,bclean_keep
525,MeasureName,heart failure patients given an evaluation of left ventricular systolic (lvs) function,0.0007,bclean_keep
525,Stateavg,al_hf-2,0.0007,bclean_keep
526,ProviderNumber,10023,0.0000,bclean_keep
526,HospitalName,baptist medical center south,0.0013,bclean_keep
526,Address1,2105 east south boulevard,0.0000,bclean_keep
526,City,montgomery,0.0013,bclean_keep
526,State,al,0.5000,bclean_keep
526,ZipCode,36116,0.0000,bclean_keep
526,CountyName,montgomery,0.0020,bclean_keep
526,PhoneNumber,3342882100,0.0000,bclean_keep
526,HospitalType,acute care hospitals,0.5000,bclean_keep
526,HospitalOwner,voluntary non-profit - church,0.0010,bclean_keep
526,EmergencyService,yes,0.0000,bclean_keep
526,Condition,heart failure,0.0003,bclean_keep
526,MeasureCode,hf-3,0.0000,bclean_keep
526,MeasureName,heart failure patients given ace inhibitor or arb for left ventricular systolic dysfunction (lvsd),0.0007,bclean_keep
526,Stateavg,al_hf-3,0.0000,bclean_keep
527,ProviderNumber,10023,0.0000,bclean_keep
527,HospitalName,baptist medical center south,0.0013,bclean_keep
527,Address1,2105 east south boulevard,0.0000,bclean_keep
527,City,montgomery,0.0012,bclean_keep
527,State,al,0.5000,bclean_keep
527,ZipCode,36116,0.0000,bclean_keep
527,CountyName,montgomery,0.0021,bclean_keep
527,PhoneNumber,3342882100,0.0000,bclean_keep
527,HospitalType,acute care hospitals,0.5000,bclean_keep
527,EmergencyService,yes,0.0000,bclean_keep
527,Condition,heart failure,0.0003,bclean_keep
527,MeasureCode,hf-4,0.0007,bclean_keep
527,MeasureName,heart failure patients given smoking cessation advice/counseling,0.0008,bclean_keep
527,Stateavg,al_hf-4,0.0007,bclean_keep
528,ProviderNumber,10023,0.0000,bclean_keep
528,HospitalName,baptist medical center south,0.0015,bclean_keep
528,Address1,2105 east south boulevard,0.0000,bclean_keep
528,City,montgomery,0.0000,bclean_keep
528,State,al,0.5000,bclean_keep
528,ZipCode,36116,0.0000,bclean_keep
528,PhoneNumber,3342882100,0.0000,bclean_keep
528,HospitalType,acute care hospitals,0.5000,bclean_keep
528,HospitalOwner,voluntary non-profit - church,0.0010,bclean_keep
528,EmergencyService,yes,0.0000,bclean_keep
528,Condition,pneumonia,0.0000,bclean_keep
528,MeasureCode,pn-2,0.0006,bclean_keep
528,MeasureName,pneumonia patients assessed and given pneumococcal vaccination,0.0000,bclean_keep
528,Stateavg,al_pn-2,0.0008,bclean_keep
529,ProviderNumber,10023,0.0000,bclean_keep
529,HospitalName,baptist medical center south,0.0015,bclean_keep
529,Address1,2105 east south boulevard,0.0000,bclean_keep
529,City,montgomery,0.0013,bclean_keep
529,State,al,0.5000,bclean_keep
529,ZipCode,36116,0.0000,bclean_keep
529,CountyName,montgomery,0.0020,bclean_keep
529,PhoneNumber,3342882100,0.0000,bclean_keep
529,HospitalType,acute care hospitals,0.5000,bclean_keep
529,HospitalOwner,voluntary non-profit - church,0.0010,bclean_keep
529,EmergencyService,yes,0.0000,bclean_keep
529,Condition,pneumonia,0.0003,bclean_keep
529,MeasureCode,pn-3b,0.0007,bclean_keep
529,MeasureName,pneumonia patients whose initial emergency room blood culture was performed prior to the administration of the first hospital dose of antibiotics,0.0008,bclean_keep
529,Stateavg,al_pn-3b,0.0008,bclean_keep
530,ProviderNumber,10023,0.0000,bclean_keep
530,HospitalName,baptist medical center south,0.0015,bclean_keep
530,Address1,2105 east south boulevard,0.0000,bclean_keep
530,City,montgomery,0.0013,bclean_keep
530,State,al,0.5000,bclean_keep
530,ZipCode,36116,0.0000,bclean_keep
530,CountyName,montgomery,0.0020,bclean_keep
530,PhoneNumber,3342882100,0.0000,bclean_keep
530,HospitalType,acute care hospitals,0.5000,bclean_keep
530,HospitalOwner,voluntary non-profit - church,0.0010,bclean_keep
530,EmergencyService,yes,0.0000,bclean_keep
530,Condition,pneumonia,0.0003,bclean_keep
530,MeasureCode,pn-4,0.0028,bclean_keep
530,MeasureName,pneumonia patients given smoking cessation advice/counseling,0.0000,bclean_keep
530,Stateavg,al_pn-4,0.0000,bclean_keep
531,ProviderNumber,10023,0.0000,bclean_keep
531,HospitalName,baptist medical center south,0.0015,bclean_keep
531,Address1,2105 east south boulevard,0.0000,bclean_keep
531,City,montgomery,0.0013,bclean_keep
531,State,al,0.5000,bclean_keep
531,ZipCode,36116,0.0000,bclean_keep
531,CountyName,montgomery,0.0020,bclean_keep
531,PhoneNumber,3342882100,0.0000,bclean_keep
531,HospitalType,acute care hospitals,0.5000,bclean_keep
531,HospitalOwner,voluntary non-profit - church,0.0010,bclean_keep
531,EmergencyService,yes,0.0000,bclean_keep
531,Condition,pneumonia,0.0002,bclean_keep
531,MeasureCode,pn-5c,0.0007,bclean_keep
531,MeasureName,pneumonia patients given initial antibiotic(s) within 6 hours after arrival,0.0008,bclean_keep
531,Stateavg,al_pn-5c,0.0009,bclean_keep
532,ProviderNumber,10023,0.0000,bclean_keep
532,HospitalName,baptist medical center south,0.0015,bclean_keep
532,Address1,2105 east south boulevard,0.0000,bclean_keep
532,City,montgomery,0.0013,bclean_keep
532,State,al,0.5000,bclean_keep
532,ZipCode,36116,0.0000,bclean_keep
532,CountyName,montgomery,0.0020,bclean_keep
532,PhoneNumber,3342882100,0.0000,bclean_keep
532,HospitalType,acute care hospitals,0.5000,bclean_keep
532,HospitalOwner,voluntary non-profit - church,0.0010,bclean_keep
532,EmergencyService,yes,0.0000,bclean_keep
532,Condition,pneumonia,0.0002,bclean_keep
532,MeasureCode,pn-6,0.0000,bclean_keep
532,MeasureName,pneumonia patients given the most appropriate initial antibiotic(s),0.0006,bclean_keep
532,Stateavg,al_pn-6,0.0008,bclean_keep
533,ProviderNumber,10023,0.0000,bclean_keep
533,Address1,2105 east south boulevard,0.0000,bclean_keep
533,City,montgomery,0.0013,bclean_keep
533,State,al,0.5000,bclean_keep
533,ZipCode,36116,0.0000,bclean_keep
533,CountyName,montgomery,0.0020,bclean_keep
533,PhoneNumber,3342882100,0.0000,bclean_keep
533,HospitalType,acute care hosxitals,0.5000,bclean_keep
533,HospitalOwner,voluntary non-profit - church,0.0011,bclean_keep
533,EmergencyService,yes,0.0000,bclean_keep
533,Condition,pneumonia,0.0000,bclean_keep
533,MeasureCode,pn-7,0.0000,bclean_keep
533,Stateavg,al_pn-7,0.0008,bclean_keep
534,ProviderNumber,10023,0.0000,bclean_keep
534,HospitalName,baptist medical center south,0.0013,bclean_keep
534,Address1,2105 east south boulevard,0.0000,bclean_keep
534,City,montgomery,0.0012,bclean_keep
534,State,al,0.5000,bclean_keep
534,ZipCode,36116,0.0000,bclean_keep
534,CountyName,montgomery,0.0019,bclean_keep
534,PhoneNumber,3342882100,0.0000,bclean_keep
534,HospitalType,acute care hospitals,0.5000,bclean_keep
534,HospitalOwner,voluntary non-profit - church,0.0010,bclean_keep
534,EmergencyService,yes,0.0000,bclean_keep
534,Condition,surgical infection prevention,0.0005,bclean_keep
534,MeasureCode,scip-card-2,0.0000,bclean_keep
534,MeasureName,surgery patients who were taking heart drugs called beta blockers before coming to the hospital who were kept on the beta blockers during the period just before and after their surgery,0.0008,bclean_keep
534,Stateavg,al_scip-card-2,0.0000,bclean_keep
535,ProviderNumber,10023,0.0000,bclean_keep
535,HospitalName,baptist medical center south,0.0013,bclean_keep
535,Address1,2105 east south boulevard,0.0000,bclean_keep
535,City,montgomery,0.0012,bclean_keep
535,State,al,0.5000,bclean_keep
535,ZipCode,36116,0.0000,bclean_keep
535,CountyName,montgomery,0.0019,bclean_keep
535,PhoneNumber,3342882100,0.0000,bclean_keep
535,HospitalType,acute care hospitals,0.5000,bclean_keep
535,HospitalOwner,voluntary non-profit - church,0.0010,bclean_keep
535,EmergencyService,yes,0.0000,bclean_keep
535,Condition,surgical infection prevention,0.0000,bclean_keep
535,MeasureCode,scip-inf-1,0.0006,bclean_keep
535,MeasureName,surgery patients who were given an antibiotic at the right time (within one hour before surgery) to help prevent infection,0.0000,bclean_keep
535,Stateavg,al_scip-inf-1,0.0000,bclean_keep
536,ProviderNumber,10023,0.0000,bclean_keep
536,HospitalName,baptist medical center south,0.0013,bclean_keep
536,Address1,2105 east south boulevard,0.0000,bclean_keep
536,City,montgomery,0.0012,bclean_keep
536,State,al,0.5000,bclean_keep
536,ZipCode,36116,0.0000,bclean_keep
536,CountyName,montgomery,0.0019,bclean_keep
536,PhoneNumber,3342882100,0.0000,bclean_keep
536,HospitalType,acute care hospitals,0.5000,bclean_keep
536,HospitalOwner,voluntary non-profit - church,0.0010,bclean_keep
536,EmergencyService,yes,0.0000,bclean_keep
536,Condition,surgical infection prevention,0.0001,bclean_keep
536,MeasureCode,scip-inf-2,0.0008,bclean_keep
536,MeasureName,surgery patients who were given the  right kind  of antibiotic to help prevent infection,0.0000,bclean_keep
536,Stateavg,al_scip-inf-2,0.0034,bclean_keep
537,ProviderNumber,10023,0.0000,bclean_keep
537,HospitalName,baptist medical center south,0.0000,bclean_keep
537,Address1,2105 east south boulevard,0.0000,bclean_keep
537,City,montgomery,0.0013,bclean_keep
537,State,al,0.5000,bclean_keep
537,ZipCode,36116,0.0000,bclean_keep
537,CountyName,montgomery,0.0019,bclean_keep
537,PhoneNumber,3342882100,0.0000,bclean_keep
537,HospitalType,acute care hospitals,0.5000,bclean_keep
537,HospitalOwner,voluntary non-profit - church,0.0011,bclean_keep
537,Condition,surgical infection prevention,0.0001,bclean_keep
537,MeasureCode,scip-inf-3,0.0007,bclean_keep
537,MeasureName,surgery patients whose preventive antibiotics were stopped at the right time (within 24 hours after surgery),0.0000,bclean_keep
537,Stateavg,al_scip-inf-3,0.0000,bclean_keep
538,ProviderNumber,10023,0.0000,bclean_keep
538,HospitalName,baptist medical center south,0.0013,bclean_keep
538,Address1,2105 east south boulevard,0.0000,bclean_keep
538,City,montgomery,0.0012,bclean_keep
538,State,al,0.5000,bclean_keep
538,ZipCode,36116,0.0000,bclean_keep
538,CountyName,montgomery,0.0019,bclean_keep
538,PhoneNumber,3342882100,0.0000,bclean_keep
538,HospitalType,acute care hospitals,0.5000,bclean_keep
538,HospitalOwner,voluntary non-profit - church,0.0010,bclean_keep
538,EmergencyService,yes,0.0000,bclean_keep
538,Condition,surgical infection prevention,0.0001,bclean_keep
538,MeasureCode,scip-inf-4,0.0008,bclean_keep
538,MeasureName,all heart surgery patients whose blood sugar (blood glucose) is kept under good control in the days right after surgery,0.0011,bclean_keep
538,Stateavg,al_scip-inf-4,0.0000,bclean_keep
539,ProviderNumber,10023,0.0000,bclean_keep
539,HospitalName,baptist medical center south,0.0013,bclean_keep
539,Address1,2105 east south boulevard,0.0000,bclean_keep
539,City,montgomery,0.0012,bclean_keep
539,State,al,0.5000,bclean_keep
539,ZipCode,36116,0.0000,bclean_keep
539,CountyName,montgomery,0.0019,bclean_keep
539,PhoneNumber,3342882100,0.0000,bclean_keep
539,HospitalType,acute care hospitals,0.5000,bclean_keep
539,HospitalOwner,voluntary non-profit - church,0.0010,bclean_keep
539,EmergencyService,yes,0.0000,bclean_keep
539,Condition,surgical infection prevention,0.0000,bclean_keep
539,MeasureCode,scip-inf-6,0.0000,bclean_keep
539,MeasureName,surgery patients needing hair removed from the surgical area before surgery who had hair removed using a safer method (electric clippers or hair removal cream c not a razor),0.0008,bclean_keep
539,Stateavg,al_scip-inf-6,0.0000,bclean_keep
540,ProviderNumber,10023,0.0000,bclean_keep
540,HospitalName,baptist medical center south,0.0013,bclean_keep
540,Address1,2105 east south boulevard,0.0000,bclean_keep
540,City,montgomery,0.0012,bclean_keep
540,State,al,0.5000,bclean_keep
540,ZipCode,36116,0.0000,bclean_keep
540,CountyName,montgomery,0.0019,bclean_keep
540,PhoneNumber,3342882100,0.0000,bclean_keep
540,HospitalType,acute care hospitals,0.5000,bclean_keep
540,HospitalOwner,voluntary non-profit - church,0.0010,bclean_keep
540,EmergencyService,yes,0.0000,bclean_keep
540,Condition,surgical infection prevention,0.0000,bclean_keep
540,MeasureCode,scip-vte-1,0.0008,bclean_keep
540,MeasureName,surgery patients whose doctors ordered treatments to prevent blood clots after certain types of surgeries,0.0008,bclean_keep
540,Stateavg,al_scip-vte-1,0.0010,bclean_keep
541,ProviderNumber,10023,0.0000,bclean_keep
541,HospitalName,baptist medical center south,0.0012,bclean_keep
541,Address1,2105 east south boulevard,0.0000,bclean_keep
541,City,montgomery,0.0000,bclean_keep
541,State,al,0.5000,bclean_keep
541,ZipCode,36116,0.0000,bclean_keep
541,PhoneNumber,3342882100,0.0000,bclean_keep
541,HospitalType,acute care hospitals,0.5000,bclean_keep
541,HospitalOwner,voluntary non-profit - church,0.0010,bclean_keep
541,EmergencyService,yes,0.0000,bclean_keep
541,Condition,surgical infection prevention,0.0001,bclean_keep
541,MeasureCode,scip-vte-2,0.0000,bclean_keep
541,MeasureName,patients who got treatment  at the right time (within 24 hours before or after their surgery) to help prevent blood clots after certain types of surgery,0.0000,bclean_keep
541,Stateavg,al_scip-vte-2,0.0008,bclean_keep
542,ProviderNumber,10024,0.0000,bclean_keep
542,HospitalName,jackson hospital & clinic inc,0.0017,bclean_keep
542,Address1,1725 pine street,0.0000,bclean_keep
542,City,montgomery,0.0000,bclean_keep
542,State,al,0.5000,bclean_keep
542,ZipCode,36106,0.0000,bclean_keep
542,CountyName,montgomery,0.0019,bclean_keep
542,PhoneNumber,3342938000,0.0000,bclean_keep
542,HospitalType,acute care hospitals,0.5000,bclean_keep
542,HospitalOwner,voluntary non-profit - private,0.0000,bclean_keep
542,EmergencyService,yes,0.0000,bclean_keep
542,Condition,heart attack,0.0003,bclean_keep
542,MeasureCode,ami-1,0.0000,bclean_keep
542,Stateavg,al_ami-1,0.0011,bclean_keep
543,ProviderNumber,10024,0.0000,bclean_keep
543,HospitalName,jackson hospital & clinic inc,0.0017,bclean_keep
543,Address1,1725 pine street,0.0000,bclean_keep
543,City,montgomery,0.0000,bclean_keep
543,State,al,0.5000,bclean_keep
543,ZipCode,36106,0.0000,bclean_keep
543,CountyName,montgomery,0.0019,bclean_keep
543,PhoneNumber,3342938000,0.0000,bclean_keep
543,HospitalType,acute care hospitals,0.5000,bclean_keep
543,HospitalOwner,voluntary non-profit - private,0.0000,bclean_keep
543,EmergencyService,yes,0.0000,bclean_keep
543,Condition,heart attack,0.0003,bclean_keep
543,MeasureCode,ami-2,0.0007,bclean_keep
543,MeasureName,heart attack patients given aspirin at discharge,0.0007,bclean_keep
543,Stateavg,al_ami-2,0.0008,bclean_keep
544,ProviderNumber,10024,0.0000,bclean_keep
544,HospitalName,jackson hospital & clinic inc,0.0017,bclean_keep
544,Address1,1725 pine street,0.0000,bclean_keep
544,City,montgomery,0.0000,bclean_keep
544,State,al,0.5000,bclean_keep
544,ZipCode,36106,0.0000,bclean_keep
544,CountyName,montgomery,0.0019,bclean_keep
544,PhoneNumber,3342938000,0.0000,bclean_keep
544,HospitalType,acute care hospitals,0.5000,bclean_keep
544,HospitalOwner,voluntary non-profit - private,0.0000,bclean_keep
544,EmergencyService,yes,0.0000,bclean_keep
544,Condition,heart attack,0.0003,bclean_keep
544,MeasureCode,ami-3,0.0006,bclean_keep
544,MeasureName,heart attack patients given ace inhibitor or arb for left ventricular systolic dysfunction (lvsd),0.0006,bclean_keep
544,Stateavg,al_ami-3,0.0000,bclean_keep
545,ProviderNumber,10024,0.0000,bclean_keep
545,HospitalName,jackson hospital & clinic inc,0.0000,bclean_keep
545,Address1,1725 pine street,0.0000,bclean_keep
545,City,montgomery,0.0000,bclean_keep
545,State,al,0.5000,bclean_keep
545,CountyName,montgomery,0.0019,bclean_keep
545,PhoneNumber,3342938000,0.0000,bclean_keep
545,HospitalType,acute care hospitals,0.5000,bclean_keep
545,HospitalOwner,voluntary non-profit - private,0.0000,bclean_keep
545,EmergencyService,yes,0.0000,bclean_keep
545,Condition,heart attack,0.0003,bclean_keep
545,MeasureCode,ami-4,0.0006,bclean_keep
545,MeasureName,heart attack patients given smoking cessation advice/counseling,0.0000,bclean_keep
545,Stateavg,al_ami-4,0.0000,bclean_keep
546,ProviderNumber,10024,0.0000,bclean_keep
546,HospitalName,jackson hospital & clinic inc,0.0017,bclean_keep
546,Address1,1725 pine street,0.0000,bclean_keep
546,City,montgomery,0.0000,bclean_keep
546,State,al,0.5000,bclean_keep
546,ZipCode,36106,0.0000,bclean_keep
546,CountyName,montgomery,0.0019,bclean_keep
546,PhoneNumber,3342938000,0.0000,bclean_keep
546,HospitalType,acute care hospitals,0.5000,bclean_keep
546,HospitalOwner,voluntary non-profit - private,0.0000,bclean_keep
546,EmergencyService,yes,0.0000,bclean_keep
546,Condition,heart attack,0.0003,bclean_keep
546,MeasureCode,ami-5,0.0000,bclean_keep
546,Stateavg,al_ami-5,0.0007,bclean_keep
547,ProviderNumber,10024,0.0000,bclean_keep
547,HospitalName,jackson hospital & clinic inc,0.0017,bclean_keep
547,Address1,1725 pine street,0.0000,bclean_keep
547,City,montgomery,0.0000,bclean_keep
547,State,al,0.5000,bclean_keep
547,ZipCode,36106,0.0000,bclean_keep
547,CountyName,montgomery,0.0019,bclean_keep
547,PhoneNumber,3342938000,0.0000,bclean_keep
547,HospitalType,acute care hospitals,0.5000,bclean_keep
547,HospitalOwner,voluntary non-profit - private,0.0000,bclean_keep
547,EmergencyService,yes,0.0000,bclean_keep
547,Condition,heart attack,0.0001,bclean_keep
547,MeasureCode,ami-7a,0.0000,bclean_keep
547,MeasureName,heart attack patients given fibrinolytic medication within 30 minutes of arrival,0.0000,bclean_keep
547,Stateavg,al_ami-7a,0.0008,bclean_keep
548,ProviderNumber,10024,0.0000,bclean_keep
548,HospitalName,jackson hospital & clinic inc,0.0017,bclean_keep
548,Address1,1725 pine street,0.0000,bclean_keep
548,City,montgomery,0.0000,bclean_keep
548,State,al,0.5000,bclean_keep
548,ZipCode,36106,0.0000,bclean_keep
548,CountyName,montgomery,0.0019,bclean_keep
548,PhoneNumber,3342938000,0.0000,bclean_keep
548,HospitalType,acute care hospitals,0.5000,bclean_keep
548,HospitalOwner,voluntary non-profit - private,0.0000,bclean_keep
548,EmergencyService,yes,0.0000,bclean_keep
548,Condition,heart attack,0.0003,bclean_keep
548,MeasureCode,ami-8a,0.0000,bclean_keep
548,MeasureName,heart attack patients given pci within 90 minutes of arrival,0.0007,bclean_keep
548,Stateavg,al_ami-8a,0.0008,bclean_keep
549,ProviderNumber,10024,0.0000,bclean_keep
549,HospitalName,jackson hospital & clinic inc,0.0000,bclean_keep
549,Address1,1725 pine street,0.0000,bclean_keep
549,City,montgomery,0.0000,bclean_keep
549,State,al,0.5000,bclean_keep
549,ZipCode,36106,0.0000,bclean_keep
549,CountyName,montgomery,0.0019,bclean_keep
549,HospitalType,acute care hospitals,0.5000,bclean_keep
549,HospitalOwner,voluntary non-profit - private,0.0000,bclean_keep
549,EmergencyService,yes,0.0000,bclean_keep
549,Condition,heart failure,0.0004,bclean_keep
549,MeasureCode,hf-1,0.0030,bclean_keep
549,MeasureName,heart failure patients given discharge instructions,0.0008,bclean_keep
549,Stateavg,al_hf-1,0.0000,bclean_keep
550,ProviderNumber,10024,0.0000,bclean_keep
550,HospitalName,jackson hospital & clinic inc,0.0017,bclean_keep
550,Address1,1725 pine street,0.0000,bclean_keep
550,City,montgomery,0.0000,bclean_keep
550,State,al,0.5000,bclean_keep
550,ZipCode,36106,0.0000,bclean_keep
550,CountyName,montgomery,0.0020,bclean_keep
550,PhoneNumber,3342938000,0.0000,bclean_keep
550,HospitalType,acute care hospitals,0.5000,bclean_keep
550,HospitalOwner,voluntary non-profit - private,0.0000,bclean_keep
550,EmergencyService,yes,0.0000,bclean_keep
550,Condition,heart failure,0.0002,bclean_keep
550,MeasureCode,hf-2,0.0007,bclean_keep
550,MeasureName,heart failure patients given an evaluation of left ventricular systolic (lvs) function,0.0007,bclean_keep
550,Stateavg,al_hf-2,0.0007,bclean_keep
551,ProviderNumber,10024,0.0000,bclean_keep
551,HospitalName,jackson hospital & clinic inc,0.0017,bclean_keep
551,Address1,1725 pine street,0.0000,bclean_keep
551,City,montgomery,0.0000,bclean_keep
551,State,al,0.5000,bclean_keep
551,ZipCode,36106,0.0000,bclean_keep
551,CountyName,montgomery,0.0020,bclean_keep
551,PhoneNumber,3342938000,0.0000,bclean_keep
551,HospitalType,acute care hospitals,0.5000,bclean_keep
551,HospitalOwner,voluntary non-profit - private,0.0000,bclean_keep
551,EmergencyService,yes,0.0000,bclean_keep
551,Condition,heart failure,0.0003,bclean_keep
551,MeasureCode,hf-3,0.0000,bclean_keep
551,MeasureName,heart failure patients given ace inhibitor or arb for left ventricular systolic dysfunction (lvsd),0.0007,bclean_keep
551,Stateavg,al_hf-3,0.0000,bclean_keep
552,ProviderNumber,10024,0.0000,bclean_keep
552,HospitalName,jackson hospital & clinic inc,0.0017,bclean_keep
552,Address1,1725 pine street,0.0000,bclean_keep
552,City,montgomery,0.0000,bclean_keep
552,State,al,0.5000,bclean_keep
552,ZipCode,36106,0.0000,bclean_keep
552,PhoneNumber,3342938000,0.0000,bclean_keep
552,HospitalType,acute care hospitals,0.5000,bclean_keep
552,HospitalOwner,voluntary non-profit - private,0.0000,bclean_keep
552,EmergencyService,yes,0.0000,bclean_keep
552,Condition,heart failure,0.0002,bclean_keep
552,MeasureCode,hf-4,0.0007,bclean_keep
552,MeasureName,heart failure patients given smoking cessation advice/counseling,0.0007,bclean_keep
552,Stateavg,al_hf-4,0.0007,bclean_keep
553,ProviderNumber,10024,0.0000,bclean_keep
553,HospitalName,jackson hospital & clinic inc,0.0017,bclean_keep
553,Address1,1725 pine street,0.0000,bclean_keep
553,City,montgomery,0.0000,bclean_keep
553,State,al,0.5000,bclean_keep
553,ZipCode,36106,0.0000,bclean_keep
553,CountyName,montgomery,0.0021,bclean_keep
553,PhoneNumber,3342938000,0.0000,bclean_keep
553,HospitalType,acute care hospitals,0.5000,bclean_keep
553,HospitalOwner,voluntary non-profit - private,0.0000,bclean_keep
553,EmergencyService,yes,0.0000,bclean_keep
553,Condition,pneumonia,0.0000,bclean_keep
553,MeasureCode,pn-2,0.0006,bclean_keep
553,MeasureName,pneumonia patients assessed and given pneumococcal vaccination,0.0000,bclean_keep
553,Stateavg,al_pn-2,0.0008,bclean_keep
554,ProviderNumber,10024,0.0000,bclean_keep
554,HospitalName,jackson hospital & clinic inc,0.0017,bclean_keep
554,Address1,1725 pine street,0.0000,bclean_keep
554,City,montgomery,0.0000,bclean_keep
554,State,al,0.5000,bclean_keep
554,ZipCode,36106,0.0000,bclean_keep
554,CountyName,montgomery,0.0019,bclean_keep
554,PhoneNumber,3342938000,0.0000,bclean_keep
554,HospitalType,acute care hospitals,0.5000,bclean_keep
554,HospitalOwner,voluntary non-profit - private,0.0000,bclean_keep
554,EmergencyService,yes,0.0000,bclean_keep
554,Condition,pneumonia,0.0003,bclean_keep
554,MeasureCode,pn-3b,0.0007,bclean_keep
554,MeasureName,pneumonia patients whose initial emergency room blood culture was performed prior to the administration of the first hospital dose of antibiotics,0.0007,bclean_keep
554,Stateavg,al_pn-3b,0.0008,bclean_keep
555,ProviderNumber,10024,0.0000,bclean_keep
555,HospitalName,jackson hospital & clinic inc,0.0017,bclean_keep
555,Address1,1725 pine street,0.0000,bclean_keep
555,City,montgomery,0.0000,bclean_keep
555,State,al,0.5000,bclean_keep
555,ZipCode,36106,0.0000,bclean_keep
555,CountyName,montgomery,0.0019,bclean_keep
555,PhoneNumber,3342938000,0.0000,bclean_keep
555,HospitalType,acute care hospitals,0.5000,bclean_keep
555,HospitalOwner,voluntary non-profit - private,0.0000,bclean_keep
555,EmergencyService,yes,0.0000,bclean_keep
555,Condition,pneumonia,0.0003,bclean_keep
555,MeasureCode,pn-4,0.0029,bclean_keep
555,MeasureName,pneumonia patients given smoking cessation advice/counseling,0.0000,bclean_keep
555,Stateavg,al_pn-4,0.0000,bclean_keep
556,ProviderNumber,10024,0.0000,bclean_keep
556,HospitalName,jackson hospital & clinic inc,0.0017,bclean_keep
556,Address1,1725 pine street,0.0000,bclean_keep
556,City,montgomery,0.0000,bclean_keep
556,State,al,0.5000,bclean_keep
556,ZipCode,36106,0.0000,bclean_keep
556,CountyName,montgomery,0.0019,bclean_keep
556,PhoneNumber,3342938000,0.0000,bclean_keep
556,HospitalType,acute care hospitals,0.5000,bclean_keep
556,HospitalOwner,voluntary non-profit - private,0.0000,bclean_keep
556,EmergencyService,yes,0.0000,bclean_keep
556,MeasureCode,pn-5c,0.0000,bclean_keep
556,MeasureName,pneumonia patients given initial antibiotic(s) within 6 hours after arrival,0.0008,bclean_keep
557,ProviderNumber,10024,0.0000,bclean_keep
557,HospitalName,jackson hospital & clinic inc,0.0017,bclean_keep
557,Address1,1725 pine street,0.0000,bclean_keep
557,City,montgomery,0.0000,bclean_keep
557,State,al,0.5000,bclean_keep
557,ZipCode,36106,0.0000,bclean_keep
557,CountyName,montgomery,0.0019,bclean_keep
557,PhoneNumber,3342938000,0.0000,bclean_keep
557,HospitalType,acute care hospitals,0.5000,bclean_keep
557,HospitalOwner,voluntary non-profit - private,0.0000,bclean_keep
557,EmergencyService,yes,0.0000,bclean_keep
557,Condition,pneumonia,0.0002,bclean_keep
557,MeasureCode,pn-6,0.0000,bclean_keep
557,MeasureName,pneumonia patients given the most appropriate initial antibiotic(s),0.0007,bclean_keep
557,Stateavg,al_pn-6,0.0008,bclean_keep
558,ProviderNumber,10024,0.0000,bclean_keep
558,HospitalName,jackson hospital & clinic inc,0.0017,bclean_keep
558,Address1,1725 pine street,0.0000,bclean_keep
558,City,montgomery,0.0000,bclean_keep
558,State,al,0.5000,bclean_keep
558,ZipCode,36106,0.0000,bclean_keep
558,CountyName,montgomery,0.0019,bclean_keep
558,PhoneNumber,3342938000,0.0000,bclean_keep
558,HospitalType,acute care hospitals,0.5000,bclean_keep
558,HospitalOwner,voluntary non-profit - private,0.0000,bclean_keep
558,EmergencyService,yes,0.0000,bclean_keep
558,Condition,pneumonia,0.0000,bclean_keep
558,MeasureCode,pn-7,0.0000,bclean_keep
558,MeasureName,pneumonia patients assessed and given influenza vaccination,0.0009,bclean_keep
558,Stateavg,al_pn-7,0.0007,bclean_keep
559,ProviderNumber,10024,0.0000,bclean_keep
559,HospitalName,jackson hospital & clinic inc,0.0018,bclean_keep
559,Address1,1725 pine street,0.0000,bclean_keep
559,City,montgomery,0.0000,bclean_keep
559,State,al,0.5000,bclean_keep
559,ZipCode,36106,0.0000,bclean_keep
559,CountyName,montgomery,0.0019,bclean_keep
559,PhoneNumber,3342938000,0.0000,bclean_keep
559,HospitalType,acute care hospitals,0.5000,bclean_keep
559,HospitalOwner,voluntary non-profit - private,0.0000,bclean_keep
559,EmergencyService,yes,0.0000,bclean_keep
559,Condition,surgical infection prevention,0.0005,bclean_keep
559,MeasureCode,scip-card-2,0.0000,bclean_keep
559,MeasureName,surgery patients who were taking heart drugs called beta blockers before coming to the hospital who were kept on the beta blockers during the period just before and after their surgery,0.0009,bclean_keep
559,Stateavg,al_scip-card-2,0.0000,bclean_keep
560,HospitalName,jackson hospital & clinic inc,0.0018,bclean_keep
560,Address1,1725 pine street,0.0000,bclean_keep
560,City,montgomery,0.0000,bclean_keep
560,ZipCode,36106,0.0000,bclean_keep
560,CountyName,montgomery,0.0019,bclean_keep
560,PhoneNumber,3342938000,0.0000,bclean_keep
560,HospitalType,acute care hospitals,0.5000,bclean_keep
560,HospitalOwner,voluntary non-profit - private,0.0000,bclean_keep
560,EmergencyService,yes,0.0000,bclean_keep
560,Condition,surgical infection prevention,0.0000,bclean_keep
560,MeasureCode,scip-inf-1,0.0007,bclean_keep
560,MeasureName,surgery patients who were given an antibiotic at the right time (within one hour before surgery) to help prevent infection,0.0000,bclean_keep
560,Stateavg,al_scip-inf-1,0.0000,bclean_keep
561,ProviderNumber,10024,0.0000,bclean_keep
561,Address1,1725 pine street,0.0000,bclean_keep
561,City,montgomery,0.0000,bclean_keep
561,State,al,0.5000,bclean_keep
561,ZipCode,36106,0.0000,bclean_keep
561,CountyName,montgomery,0.0019,bclean_keep
561,PhoneNumber,3342938000,0.0000,bclean_keep
561,HospitalType,acute care hospitals,0.5000,bclean_keep
561,HospitalOwner,voluntary non-profit - private,0.0000,bclean_keep
561,EmergencyService,yes,0.0000,bclean_keep
561,Condition,surgical infection prevention,0.0001,bclean_keep
561,MeasureCode,scip-inf-2,0.0007,bclean_keep
561,MeasureName,surgery patients who were given the  right kind  of antibiotic to help prevent infection,0.0000,bclean_keep
561,Stateavg,al_scip-inf-2,0.0035,bclean_keep
562,ProviderNumber,10024,0.0000,bclean_keep
562,HospitalName,jackson hospital & clinic inc,0.0000,bclean_keep
562,Address1,1725 pine street,0.0000,bclean_keep
562,City,montgomery,0.0000,bclean_keep
562,State,al,0.5000,bclean_keep
562,ZipCode,36106,0.0000,bclean_keep
562,CountyName,montgomery,0.0019,bclean_keep
562,HospitalType,acute care hospitals,0.5000,bclean_keep
562,HospitalOwner,voluntary non-profit - private,0.0000,bclean_keep
562,EmergencyService,yes,0.0000,bclean_keep
562,Condition,surgical infection prevention,0.0001,bclean_keep
562,MeasureCode,scip-inf-3,0.0007,bclean_keep
562,MeasureName,surgery patients whose preventive antibiotics were stopped at the right time (within 24 hours after surgery),0.0000,bclean_keep
562,Stateavg,al_scip-inf-3,0.0000,bclean_keep
563,ProviderNumber,10024,0.0000,bclean_keep
563,HospitalName,jackson hospital & clinic inc,0.0000,bclean_keep
563,Address1,1725 pine street,0.0000,bclean_keep
563,City,montgomery,0.0000,bclean_keep
563,State,al,0.5000,bclean_keep
563,ZipCode,36106,0.0000,bclean_keep
563,CountyName,montgomery,0.0019,bclean_keep
563,HospitalType,acute care hospitals,0.5000,bclean_keep
563,HospitalOwner,voluntary non-profit - private,0.0000,bclean_keep
563,EmergencyService,yes,0.0000,bclean_keep
563,Condition,surgical infection prevention,0.0001,bclean_keep
563,MeasureCode,scip-inf-4,0.0000,bclean_keep
563,Stateavg,al_scip-inf-4,0.0000,bclean_keep
564,ProviderNumber,10024,0.0000,bclean_keep
564,HospitalName,jackson hospital & clinic inc,0.0018,bclean_keep
564,Address1,1725 pine street,0.0000,bclean_keep
564,City,montgomery,0.0000,bclean_keep
564,State,al,0.5000,bclean_keep
564,ZipCode,36106,0.0000,bclean_keep
564,CountyName,montgomery,0.0019,bclean_keep
564,PhoneNumber,3342938000,0.0000,bclean_keep
564,HospitalType,acute care hospitals,0.5000,bclean_keep
564,HospitalOwner,voluntary non-profit - private,0.0000,bclean_keep
564,EmergencyService,yes,0.0000,bclean_keep
564,Condition,surgical infection prevention,0.0000,bclean_keep
564,MeasureCode,scip-inf-6,0.0000,bclean_keep
564,MeasureName,surgery patients needing hair removed from the surgical area before surgery who had hair removed using a safer method (electric clippers or hair removal cream c not a razor),0.0008,bclean_keep
564,Stateavg,al_scip-inf-6,0.0000,bclean_keep
565,ProviderNumber,10024,0.0000,bclean_keep
565,HospitalName,jackson hospital & clinic inc,0.0000,bclean_keep
565,Address1,1725 pine street,0.0000,bclean_keep
565,City,montgomery,0.0000,bclean_keep
565,State,al,0.5000,bclean_keep
565,ZipCode,36106,0.0000,bclean_keep
565,CountyName,montgomery,0.0019,bclean_keep
565,PhoneNumber,3342938000,0.0000,bclean_keep
565,HospitalType,acute care hospitals,0.5000,bclean_keep
565,HospitalOwner,voluntary non-profit - private,0.0000,bclean_keep
565,Condition,surgical infection prevention,0.0000,bclean_keep
565,MeasureCode,scip-vte-1,0.0000,bclean_keep
565,MeasureName,surgery patients whose doctors ordered treatments to prevent blood clots after certain types of surgeries,0.0008,bclean_keep
566,ProviderNumber,10024,0.0000,bclean_keep
566,HospitalName,jackson hospital & clinic inc,0.0018,bclean_keep
566,Address1,1725 pine street,0.0000,bclean_keep
566,City,montgomery,0.0000,bclean_keep
566,State,al,0.5000,bclean_keep
566,ZipCode,36106,0.0000,bclean_keep
566,CountyName,montgomery,0.0019,bclean_keep
566,PhoneNumber,3342938000,0.0000,bclean_keep
566,HospitalType,acute care hospitals,0.5000,bclean_keep
566,HospitalOwner,voluntary non-profit - private,0.0000,bclean_keep
566,EmergencyService,yes,0.0000,bclean_keep
566,Condition,surgical infection prevention,0.0001,bclean_keep
566,MeasureCode,scip-vte-2,0.0000,bclean_keep
566,MeasureName,patients who got treatment  at the right time (within 24 hours before or after their surgery) to help prevent blood clots after certain types of surgery,0.0000,bclean_keep
566,Stateavg,al_scip-vte-2,0.0008,bclean_keep
567,ProviderNumber,10025,0.0000,bclean_keep
567,HospitalName,g h lanier memorial hospital,0.0000,bclean_keep
567,Address1,4800 48th st,0.0000,bclean_keep
567,City,valley,0.0000,bclean_keep
567,State,al,0.5000,bclean_keep
567,ZipCode,36854,0.0000,bclean_keep
567,CountyName,chambers,0.0000,bclean_keep
567,PhoneNumber,3347561400,0.0000,bclean_keep
567,HospitalType,acute care hospitals,0.5000,bclean_keep
567,HospitalOwner,voluntary non-profit - other,0.0000,bclean_keep
567,EmergencyService,yes,0.0000,bclean_keep
567,Condition,heart attack,0.0003,bclean_keep
567,MeasureCode,ami-1,0.0031,bclean_keep
567,MeasureName,heart attack patients given aspirin at arrival,0.0009,bclean_keep
567,Stateavg,al_ami-1,0.0011,bclean_keep
568,ProviderNumber,10025,0.0000,bclean_keep
568,HospitalName,g h lanier memorial hospital,0.0000,bclean_keep
568,Address1,4800 48th st,0.0000,bclean_keep
568,City,valley,0.0000,bclean_keep
568,State,al,0.5000,bclean_keep
568,ZipCode,36854,0.0000,bclean_keep
568,CountyName,chambers,0.0000,bclean_keep
568,PhoneNumber,3347561400,0.0000,bclean_keep
568,HospitalType,acute care hospitals,0.5000,bclean_keep
568,HospitalOwner,voluntary non-profit - other,0.0000,bclean_keep
568,EmergencyService,yes,0.0000,bclean_keep
568,Condition,heart attack,0.0003,bclean_keep
568,MeasureCode,ami-2,0.0000,bclean_keep
568,MeasureName,heart attack patients given aspirin at discharge,0.0007,bclean_keep
569,ProviderNumber,10025,0.0000,bclean_keep
569,HospitalName,g h lanier memorial hospital,0.0000,bclean_keep
569,Address1,4800 48th st,0.0000,bclean_keep
569,City,valley,0.0000,bclean_keep
569,State,al,0.5000,bclean_keep
569,ZipCode,36854,0.0000,bclean_keep
569,CountyName,chambers,0.0000,bclean_keep
569,PhoneNumber,3347561400,0.0000,bclean_keep
569,HospitalType,acute care hospitals,0.5000,bclean_keep
569,HospitalOwner,voluntary non-profit - other,0.0000,bclean_keep
569,EmergencyService,yes,0.0000,bclean_keep
569,Condition,heart attack,0.0003,bclean_keep
569,MeasureCode,ami-3,0.0006,bclean_keep
569,MeasureName,heart attack patients given ace inhibitor or arb for left ventricular systolic dysfunction (lvsd),0.0006,bclean_keep
569,Stateavg,al_ami-3,0.0000,bclean_keep
570,ProviderNumber,10025,0.0000,bclean_keep
570,HospitalName,g h lanier memorial hospital,0.0000,bclean_keep
570,Address1,4800 48th st,0.0000,bclean_keep
570,City,valley,0.0000,bclean_keep
570,State,al,0.5000,bclean_keep
570,ZipCode,36854,0.0000,bclean_keep
570,CountyName,chambers,0.0000,bclean_keep
570,PhoneNumber,3347561400,0.0000,bclean_keep
570,HospitalType,acute care hospitals,0.5000,bclean_keep
570,HospitalOwner,voluntary non-profit - other,0.0000,bclean_keep
570,EmergencyService,yes,0.0000,bclean_keep
570,Condition,heart attack,0.0003,bclean_keep
570,MeasureCode,ami-4,0.0005,bclean_keep
570,MeasureName,heart attack patients given smoking cessation advice/counseling,0.0000,bclean_keep
570,Stateavg,al_ami-4,0.0000,bclean_keep
571,ProviderNumber,10025,0.0000,bclean_keep
571,HospitalName,g h lanier memorial hospital,0.0000,bclean_keep
571,Address1,4800 48th st,0.0000,bclean_keep
571,City,valley,0.0000,bclean_keep
571,State,al,0.5000,bclean_keep
571,ZipCode,36854,0.0000,bclean_keep
571,CountyName,chambers,0.0000,bclean_keep
571,PhoneNumber,3347561400,0.0000,bclean_keep
571,HospitalType,acute care hospitals,0.5000,bclean_keep
571,HospitalOwner,voluntary non-profit - other,0.0000,bclean_keep
571,EmergencyService,yes,0.0000,bclean_keep
571,Condition,heart attack,0.0003,bclean_keep
571,MeasureCode,ami-5,0.0007,bclean_keep
571,MeasureName,heart attack patients given beta blocker at discharge,0.0007,bclean_keep
571,Stateavg,al_ami-5,0.0007,bclean_keep
572,ProviderNumber,10025,0.0000,bclean_keep
572,HospitalName,g h lanier memorial hospital,0.0000,bclean_keep
572,Address1,4800 48th st,0.0000,bclean_keep
572,City,valley,0.0000,bclean_keep
572,State,al,0.5000,bclean_keep
572,ZipCode,36854,0.0000,bclean_keep
572,CountyName,chambers,0.0000,bclean_keep
572,PhoneNumber,3347561400,0.0000,bclean_keep
572,HospitalType,acute care hospitals,0.5000,bclean_keep
572,HospitalOwner,voluntary non-profit - other,0.0000,bclean_keep
572,EmergencyService,yes,0.0000,bclean_keep
572,Condition,heart attack,0.0001,bclean_keep
572,MeasureCode,ami-7a,0.0000,bclean_keep
572,MeasureName,heart attack patients given fibrinolytic medication within 30 minutes of arrival,0.0000,bclean_keep
572,Stateavg,al_ami-7a,0.0008,bclean_keep
573,ProviderNumber,10025,0.0000,bclean_keep
573,HospitalName,g h lanier memorial hospital,0.0000,bclean_keep
573,Address1,4800 48th st,0.0000,bclean_keep
573,City,valley,0.0000,bclean_keep
573,ZipCode,36854,0.0000,bclean_keep
573,CountyName,chambers,0.0000,bclean_keep
573,PhoneNumber,334x561400,0.5000,bclean_keep
573,HospitalType,acute care hospitals,0.5000,bclean_keep
573,HospitalOwner,voluntary non-profit - otxer,0.0000,bclean_keep
573,EmergencyService,yes,0.5000,bclean_keep
573,Condition,heart attack,0.0003,bclean_keep
573,MeasureCode,ami-8a,0.0000,bclean_keep
573,MeasureName,heart attack patients given pci within 90 minutes of arrival,0.0007,bclean_keep
573,Stateavg,al_ami-8a,0.0008,bclean_keep
574,ProviderNumber,10025,0.0000,bclean_keep
574,HospitalName,g h lanier memorial hospital,0.0000,bclean_keep
574,Address1,4800 48th st,0.0000,bclean_keep
574,City,valley,0.0000,bclean_keep
574,State,al,0.5000,bclean_keep
574,ZipCode,36854,0.0000,bclean_keep
574,CountyName,chambers,0.0000,bclean_keep
574,PhoneNumber,3347561400,0.0000,bclean_keep
574,HospitalType,acute care hospitals,0.5000,bclean_keep
574,HospitalOwner,voluntary non-profit - other,0.0000,bclean_keep
574,EmergencyService,yes,0.0000,bclean_keep
574,Condition,heart failure,0.0004,bclean_keep
574,MeasureCode,hf-1,0.0028,bclean_keep
574,MeasureName,heart failure patients given discharge instructions,0.0008,bclean_keep
574,Stateavg,al_hf-1,0.0000,bclean_keep
575,ProviderNumber,10025,0.0000,bclean_keep
575,HospitalName,g h lanier memorial hospital,0.0000,bclean_keep
575,Address1,4800 48th st,0.0000,bclean_keep
575,City,valley,0.0000,bclean_keep
575,State,al,0.5000,bclean_keep
575,ZipCode,36854,0.0000,bclean_keep
575,CountyName,chambers,0.0000,bclean_keep
575,PhoneNumber,3347561400,0.0000,bclean_keep
575,HospitalType,acute care hospitals,0.5000,bclean_keep
575,HospitalOwner,voluntary non-profit - other,0.0000,bclean_keep
575,EmergencyService,yes,0.0000,bclean_keep
575,Condition,heart failure,0.0003,bclean_keep
575,MeasureCode,hf-2,0.0007,bclean_keep
575,MeasureName,heart failure patients given an evaluation of left ventricular systolic (lvs) function,0.0007,bclean_keep
575,Stateavg,al_hf-2,0.0007,bclean_keep
576,ProviderNumber,10025,0.0000,bclean_keep
576,HospitalName,g h lanier memorial hospital,0.0000,bclean_keep
576,Address1,4800 48th st,0.0000,bclean_keep
576,City,valley,0.0000,bclean_keep
576,State,al,0.5000,bclean_keep
576,ZipCode,36854,0.0000,bclean_keep
576,CountyName,chambers,0.0000,bclean_keep
576,PhoneNumber,3347561400,0.0000,bclean_keep
576,HospitalType,acute care hospitals,0.5000,bclean_keep
576,HospitalOwner,voluntary non-profit - other,0.0000,bclean_keep
576,EmergencyService,yes,0.0000,bclean_keep
576,Condition,heart failure,0.0003,bclean_keep
576,MeasureCode,hf-3,0.0000,bclean_keep
576,MeasureName,heart failure patients given ace inhibitor or arb for left ventricular systolic dysfunction (lvsd),0.0007,bclean_keep
576,Stateavg,al_hf-3,0.0000,bclean_keep
577,ProviderNumber,10025,0.0000,bclean_keep
577,HospitalName,g h lanier memorial hospital,0.0000,bclean_keep
577,Address1,4800 48th st,0.0000,bclean_keep
577,City,valley,0.0000,bclean_keep
577,State,al,0.5000,bclean_keep
577,ZipCode,36854,0.0000,bclean_keep
577,CountyName,chambers,0.0000,bclean_keep
577,PhoneNumber,3347561400,0.0000,bclean_keep
577,HospitalType,acute care hospitals,0.5000,bclean_keep
577,HospitalOwner,voluntary non-profit - other,0.0000,bclean_keep
577,EmergencyService,yes,0.0000,bclean_keep
577,Condition,heart failure,0.0002,bclean_keep
577,MeasureCode,hf-4,0.0007,bclean_keep
577,MeasureName,heart failure patients given smoking cessation advice/counseling,0.0008,bclean_keep
577,Stateavg,al_hf-4,0.0007,bclean_keep
578,ProviderNumber,10025,0.0000,bclean_keep
578,HospitalName,g h lanier memorial hospital,0.0000,bclean_keep
578,Address1,4800 48th st,0.0000,bclean_keep
578,City,valley,0.0000,bclean_keep
578,State,al,0.5000,bclean_keep
578,ZipCode,36854,0.0000,bclean_keep
578,CountyName,chambers,0.0000,bclean_keep
578,PhoneNumber,3347561400,0.0000,bclean_keep
578,HospitalType,acute care hospitals,0.5000,bclean_keep
578,HospitalOwner,voluntary non-profit - other,0.0000,bclean_keep
578,EmergencyService,yes,0.0000,bclean_keep
578,Condition,pneumonia,0.0000,bclean_keep
578,MeasureCode,pn-2,0.0006,bclean_keep
578,MeasureName,pneumonia patients assessed and given pneumococcal vaccination,0.0000,bclean_keep
578,Stateavg,al_pn-2,0.0008,bclean_keep
579,ProviderNumber,10025,0.0000,bclean_keep
579,HospitalName,g h lanier memorial hospital,0.0000,bclean_keep
579,Address1,4800 48th st,0.0000,bclean_keep
579,City,vallex,0.0000,bclean_keep
579,State,al,0.5000,bclean_keep
579,ZipCode,36854,0.0000,bclean_keep
579,CountyName,xhambers,0.0000,bclean_keep
579,PhoneNumber,3347561400,0.0000,bclean_keep
579,HospitalType,acute care hospitals,0.5000,bclean_keep
579,HospitalOwner,voluntary non-profit - other,0.0000,bclean_keep
579,EmergencyService,yes,0.0000,bclean_keep
579,Condition,pneumonia,0.0003,bclean_keep
579,MeasureCode,pn-3b,0.0007,bclean_keep
579,MeasureName,pneumonia patients whose initial emergency room blood culture was performed prior to the administration of the first hospital dose of antibiotics,0.0007,bclean_keep
579,Stateavg,al_pn-3b,0.0008,bclean_keep
580,ProviderNumber,10025,0.0000,bclean_keep
580,HospitalName,g h lanier memorial hospital,0.0000,bclean_keep
580,Address1,4800 48th st,0.0000,bclean_keep
580,City,valley,0.0000,bclean_keep
580,State,al,0.5000,bclean_keep
580,ZipCode,36854,0.0000,bclean_keep
580,CountyName,chambers,0.0000,bclean_keep
580,PhoneNumber,3347561400,0.0000,bclean_keep
580,HospitalType,acute care hospitals,0.5000,bclean_keep
580,HospitalOwner,voluntary non-profit - other,0.0000,bclean_keep
580,Condition,pneumonia,0.0003,bclean_keep
580,MeasureCode,pn-4,0.0025,bclean_keep
580,MeasureName,pneumonia patients given smoking cessation advice/counseling,0.0000,bclean_keep
580,Stateavg,al_pn-4,0.0000,bclean_keep
581,ProviderNumber,10025,0.0000,bclean_keep
581,HospitalName,g h lanier memorial hospital,0.0000,bclean_keep
581,Address1,4800 48th st,0.0000,bclean_keep
581,City,valley,0.0000,bclean_keep
581,State,al,0.5000,bclean_keep
581,ZipCode,36854,0.0000,bclean_keep
581,CountyName,chambers,0.0000,bclean_keep
581,PhoneNumber,3347561400,0.0000,bclean_keep
581,HospitalType,acute care hospitals,0.5000,bclean_keep
581,HospitalOwner,voluntary non-profit - other,0.0000,bclean_keep
581,EmergencyService,yes,0.0000,bclean_keep
581,Condition,pneumonia,0.0001,bclean_keep
581,MeasureName,pneumonia patients given initial antibiotic(s) within 6 hours after arrival,0.0008,bclean_keep
581,Stateavg,al_pn-5c,0.0007,bclean_keep
582,ProviderNumber,10025,0.0000,bclean_keep
582,HospitalName,g h lanier memorial hospital,0.0000,bclean_keep
582,Address1,4800 48th st,0.0000,bclean_keep
582,City,valley,0.0000,bclean_keep
582,State,al,0.5000,bclean_keep
582,ZipCode,36854,0.0000,bclean_keep
582,CountyName,chambers,0.0000,bclean_keep
582,PhoneNumber,3347561400,0.0000,bclean_keep
582,HospitalType,acute care hospitals,0.5000,bclean_keep
582,HospitalOwner,voluntary non-profit - other,0.0000,bclean_keep
582,EmergencyService,yes,0.0000,bclean_keep
582,Condition,pneumonia,0.0002,bclean_keep
582,MeasureCode,pn-6,0.0000,bclean_keep
582,MeasureName,pneumonia patients given the most appropriate initial antibiotic(s),0.0006,bclean_keep
582,Stateavg,al_pn-6,0.0008,bclean_keep
583,ProviderNumber,10025,0.0000,bclean_keep
583,HospitalName,g h lanier memorial hospital,0.0000,bclean_keep
583,Address1,4800 48th st,0.0000,bclean_keep
583,City,valley,0.0000,bclean_keep
583,State,al,0.5000,bclean_keep
583,ZipCode,36854,0.0000,bclean_keep
583,CountyName,chambers,0.0000,bclean_keep
583,PhoneNumber,3347561400,0.0000,bclean_keep
583,HospitalType,acute care hospitals,0.5000,bclean_keep
583,HospitalOwner,voluntary non-profit - other,0.0000,bclean_keep
583,EmergencyService,yes,0.0000,bclean_keep
583,Condition,pneumonia,0.0000,bclean_keep
583,MeasureCode,pn-7,0.0000,bclean_keep
583,MeasureName,pneumonia patients assessed and given influenza vaccination,0.0009,bclean_keep
583,Stateavg,al_pn-7,0.0007,bclean_keep
584,ProviderNumber,10025,0.0000,bclean_keep
584,HospitalName,g h lanier memorial hospital,0.0000,bclean_keep
584,Address1,4800 48th st,0.0000,bclean_keep
584,City,valley,0.0000,bclean_keep
584,State,al,0.5000,bclean_keep
584,ZipCode,36854,0.0000,bclean_keep
584,CountyName,chambers,0.0000,bclean_keep
584,PhoneNumber,3347561400,0.0000,bclean_keep
584,HospitalType,acute care hospitals,0.5000,bclean_keep
584,HospitalOwner,voluntary non-profit - other,0.0000,bclean_keep
584,EmergencyService,yes,0.0000,bclean_keep
584,Condition,surgical infection prevention,0.0005,bclean_keep
584,MeasureCode,scip-card-2,0.0000,bclean_keep
584,MeasureName,surgery patients who were taking heart drugs called beta blockers before coming to the hospital who were kept on the beta blockers during the period just before and after their surgery,0.0008,bclean_keep
584,Stateavg,al_scip-card-2,0.0000,bclean_keep
585,ProviderNumber,10025,0.0000,bclean_keep
585,HospitalName,g h lanier memorial hospital,0.0000,bclean_keep
585,Address1,4800 48th st,0.0000,bclean_keep
585,City,valley,0.0000,bclean_keep
585,State,al,0.5000,bclean_keep
585,ZipCode,36854,0.0000,bclean_keep
585,CountyName,chambers,0.0000,bclean_keep
585,PhoneNumber,3347561400,0.0000,bclean_keep
585,HospitalType,acute care hospitals,0.5000,bclean_keep
585,HospitalOwner,voluntary non-profit - other,0.0000,bclean_keep
585,EmergencyService,yes,0.0000,bclean_keep
585,Condition,surgical infection prevention,0.0000,bclean_keep
585,MeasureCode,scip-inf-1,0.0006,bclean_keep
585,MeasureName,surgery patients who were given an antibiotic at the right time (within one hour before surgery) to help prevent infection,0.0000,bclean_keep
585,Stateavg,al_scip-inf-1,0.0000,bclean_keep
586,ProviderNumber,10025,0.0000,bclean_keep
586,HospitalName,g h lanier memorial hospital,0.0000,bclean_keep
586,Address1,4800 48th st,0.0000,bclean_keep
586,City,valley,0.0000,bclean_keep
586,State,al,0.5000,bclean_keep
586,ZipCode,36854,0.0000,bclean_keep
586,CountyName,chambers,0.0000,bclean_keep
586,PhoneNumber,3347561400,0.0000,bclean_keep
586,HospitalType,acute care hospitals,0.5000,bclean_keep
586,HospitalOwner,voluntary non-profit - other,0.0000,bclean_keep
586,EmergencyService,yes,0.0000,bclean_keep
586,Condition,surgical infection prevention,0.0001,bclean_keep
586,MeasureCode,scip-inf-2,0.0008,bclean_keep
586,MeasureName,surgery patients who were given the  right kind  of antibiotic to help prevent infection,0.0000,bclean_keep
586,Stateavg,al_scip-inf-2,0.0034,bclean_keep
587,ProviderNumber,10025,0.0000,bclean_keep
587,HospitalName,g h lanier memorial hospital,0.0000,bclean_keep
587,Address1,4800 48th st,0.0000,bclean_keep
587,City,valley,0.0000,bclean_keep
587,State,al,0.5000,bclean_keep
587,ZipCode,36854,0.0000,bclean_keep
587,CountyName,chambers,0.0000,bclean_keep
587,PhoneNumber,3347561400,0.0000,bclean_keep
587,HospitalType,acute care hospitals,0.5000,bclean_keep
587,HospitalOwner,voluntary non-profit - other,0.0000,bclean_keep
587,EmergencyService,yes,0.0000,bclean_keep
587,Condition,surgical infection prevention,0.0001,bclean_keep
587,MeasureCode,scip-inf-3,0.0007,bclean_keep
587,MeasureName,surgery patients whose preventive antibiotics were stopped at the right time (within 24 hours after surgery),0.0000,bclean_keep
587,Stateavg,al_scip-inf-3,0.0000,bclean_keep
588,ProviderNumber,10025,0.0000,bclean_keep
588,HospitalName,g h lanier memorial hospital,0.0000,bclean_keep
588,Address1,4800 48th st,0.0000,bclean_keep
588,City,valley,0.0000,bclean_keep
588,State,al,0.5000,bclean_keep
588,ZipCode,36854,0.0000,bclean_keep
588,CountyName,chambers,0.0000,bclean_keep
588,PhoneNumber,3347561400,0.0000,bclean_keep
588,HospitalType,acute care hospitals,0.5000,bclean_keep
588,HospitalOwner,voluntary non-profit - other,0.0000,bclean_keep
588,Condition,surgical infection prevention,0.0001,bclean_keep
588,MeasureCode,scip-inf-4,0.0008,bclean_keep
588,MeasureName,all heart surgery patients whose blood sugar (blood glucose) is kept under good control in the days right after surgery,0.0011,bclean_keep
588,Stateavg,al_scip-inf-4,0.0000,bclean_keep
589,ProviderNumber,10025,0.0000,bclean_keep
589,HospitalName,g h lanier memorial hospital,0.0000,bclean_keep
589,Address1,4800 48th st,0.0000,bclean_keep
589,City,valley,0.0000,bclean_keep
589,State,al,0.5000,bclean_keep
589,ZipCode,36854,0.0000,bclean_keep
589,CountyName,chambers,0.0000,bclean_keep
589,PhoneNumber,3347561400,0.0000,bclean_keep
589,HospitalType,acuxe care hospixals,0.5000,bclean_keep
589,HospitalOwner,voluntary non-profit - other,0.0000,bclean_keep
589,EmergencyService,yes,0.0000,bclean_keep
589,Condition,surgical infection prevention,0.0000,bclean_keep
589,MeasureCode,scip-inf-6,0.0000,bclean_keep
589,MeasureName,surgery patients needing hair removed from the surgical area before surgery who had hair removed using a safer method (electric clippers or hair removal cream c not a razor),0.0007,bclean_keep
589,Stateavg,al_scip-inf-6,0.0000,bclean_keep
590,ProviderNumber,10025,0.0000,bclean_keep
590,HospitalName,g h lanier memorial hospital,0.0000,bclean_keep
590,Address1,4800 48th st,0.0000,bclean_keep
590,City,valley,0.0000,bclean_keep
590,State,al,0.5000,bclean_keep
590,ZipCode,36854,0.0000,bclean_keep
590,CountyName,chambers,0.0000,bclean_keep
590,PhoneNumber,3347561400,0.0000,bclean_keep
590,HospitalType,acute care hospitals,0.5000,bclean_keep
590,HospitalOwner,voluntary non-profit - other,0.0000,bclean_keep
590,EmergencyService,yes,0.0000,bclean_keep
590,Condition,surgical infection prevention,0.0000,bclean_keep
590,MeasureCode,scip-vte-1,0.0008,bclean_keep
590,MeasureName,surgery patients whose doctors ordered treatments to prevent blood clots after certain types of surgeries,0.0008,bclean_keep
590,Stateavg,al_scip-vte-1,0.0008,bclean_keep
591,ProviderNumber,10025,0.0000,bclean_keep
591,HospitalName,g h lanier memorial hospital,0.0000,bclean_keep
591,Address1,4800 48th st,0.0000,bclean_keep
591,City,vxlley,0.0000,bclean_keep
591,State,al,0.5000,bclean_keep
591,ZipCode,36854,0.0000,bclean_keep
591,CountyName,chaxbers,0.0000,bclean_keep
591,PhoneNumber,3347561400,0.0000,bclean_keep
591,HospitalType,acute care hospitals,0.5000,bclean_keep
591,HospitalOwner,voluntary non-profit - other,0.0000,bclean_keep
591,EmergencyService,yes,0.0000,bclean_keep
591,Condition,surgical infection prevention,0.0001,bclean_keep
591,MeasureCode,scip-vte-2,0.0000,bclean_keep
591,MeasureName,patients who got treatment  at the right time (within 24 hours before or after their surgery) to help prevent blood clots after certain types of surgery,0.0000,bclean_keep
591,Stateavg,al_scip-vte-2,0.0008,bclean_keep
592,ProviderNumber,10027,0.0000,bclean_keep
592,HospitalName,elba general hospital,0.0000,bclean_keep
592,Address1,987 drayton street,0.0000,bclean_keep
592,City,elba,0.0017,bclean_keep
592,State,al,0.5000,bclean_keep
592,ZipCode,36323,0.0000,bclean_keep
592,CountyName,coffee,0.0013,bclean_keep
592,PhoneNumber,3348972257,0.0000,bclean_keep
592,HospitalType,acute care hospitals,0.5000,bclean_keep
592,HospitalOwner,voluntary non-profit - other,0.0000,bclean_keep
592,EmergencyService,yes,0.5000,bclean_keep
592,Condition,heart attack,0.0004,bclean_keep
592,MeasureCode,ami-1,0.0031,bclean_keep
592,MeasureName,heart attack patients given aspirin at arrival,0.0009,bclean_keep
592,Stateavg,al_ami-1,0.0011,bclean_keep
593,ProviderNumber,10027,0.0000,bclean_keep
593,HospitalName,elba general hospital,0.0000,bclean_keep
593,Address1,987 drayton street,0.0000,bclean_keep
593,City,elba,0.0017,bclean_keep
593,ZipCode,36323,0.0000,bclean_keep
593,CountyName,coffee,0.0013,bclean_keep
593,PhoneNumber,3348972257,0.0000,bclean_keep
593,HospitalType,acute care hospitals,0.5000,bclean_keep
593,HospitalOwner,voluntary non-profit - other,0.0000,bclean_keep
593,EmergencyService,yes,0.5000,bclean_keep
593,Condition,heart attack,0.0003,bclean_keep
593,MeasureCode,ami-2,0.0008,bclean_keep
593,MeasureName,heart attack patients given aspirin at discharge,0.0007,bclean_keep
593,Stateavg,al_ami-2,0.0009,bclean_keep
594,ProviderNumber,10027,0.0000,bclean_keep
594,HospitalName,elba general hospital,0.0000,bclean_keep
594,Address1,987 drayton street,0.0000,bclean_keep
594,City,elba,0.0017,bclean_keep
594,State,al,0.5000,bclean_keep
594,ZipCode,36323,0.0000,bclean_keep
594,CountyName,coffee,0.0013,bclean_keep
594,HospitalType,acute care hospitals,0.5000,bclean_keep
594,HospitalOwner,voluntary non-profit - other,0.0000,bclean_keep
594,EmergencyService,yes,0.5000,bclean_keep
594,Condition,heart attack,0.0003,bclean_keep
594,MeasureCode,ami-3,0.0006,bclean_keep
594,MeasureName,heart attack patients given ace inhibitor or arb for left ventricular systolic dysfunction (lvsd),0.0006,bclean_keep
594,Stateavg,al_ami-3,0.0000,bclean_keep
595,ProviderNumber,10027,0.0000,bclean_keep
595,HospitalName,elba general hospital,0.0000,bclean_keep
595,Address1,987 drayton street,0.0000,bclean_keep
595,City,elba,0.0017,bclean_keep
595,State,al,0.5000,bclean_keep
595,ZipCode,36323,0.0000,bclean_keep
595,CountyName,coffee,0.0013,bclean_keep
595,PhoneNumber,3348972257,0.0000,bclean_keep
595,HospitalType,acute care hospitals,0.5000,bclean_keep
595,HospitalOwner,voluntary non-profit - other,0.0000,bclean_keep
595,EmergencyService,yes,0.5000,bclean_keep
595,Condition,heart attack,0.0003,bclean_keep
595,MeasureCode,ami-4,0.0005,bclean_keep
595,MeasureName,heart attack patients given smoking cessation advice/counseling,0.0000,bclean_keep
595,Stateavg,al_ami-4,0.0000,bclean_keep
596,ProviderNumber,10027,0.0000,bclean_keep
596,HospitalName,elba general hospital,0.0000,bclean_keep
596,Address1,987 drayton street,0.0000,bclean_keep
596,City,elba,0.0017,bclean_keep
596,State,al,0.5000,bclean_keep
596,ZipCode,36323,0.0000,bclean_keep
596,CountyName,coffee,0.0013,bclean_keep
596,PhoneNumber,3348972257,0.0000,bclean_keep
596,HospitalType,acute care hospitals,0.5000,bclean_keep
596,HospitalOwner,voluntary non-profit - other,0.0000,bclean_keep
596,EmergencyService,yes,0.5000,bclean_keep
596,Condition,heart attack,0.0003,bclean_keep
596,MeasureCode,ami-5,0.0007,bclean_keep
596,MeasureName,heart attack patients given beta blocker at discharge,0.0007,bclean_keep
596,Stateavg,al_ami-5,0.0007,bclean_keep
597,ProviderNumber,10027,0.0000,bclean_keep
597,HospitalName,elba general hospital,0.0000,bclean_keep
597,Address1,987 drayton street,0.0000,bclean_keep
597,City,elba,0.0017,bclean_keep
597,State,al,0.5000,bclean_keep
597,ZipCode,36323,0.0000,bclean_keep
597,CountyName,coffee,0.0013,bclean_keep
597,PhoneNumber,3348972257,0.0000,bclean_keep
597,HospitalType,acute care hospitals,0.5000,bclean_keep
597,HospitalOwner,voluntary non-profit - other,0.0000,bclean_keep
597,EmergencyService,yes,0.5000,bclean_keep
597,Condition,heart attack,0.0001,bclean_keep
597,MeasureCode,ami-7a,0.0000,bclean_keep
597,MeasureName,heart attack patients given fibrinolytic medication within 30 minutes of arrival,0.0000,bclean_keep
597,Stateavg,al_ami-7a,0.0008,bclean_keep
598,ProviderNumber,10027,0.0000,bclean_keep
598,HospitalName,elba general hospital,0.0000,bclean_keep
598,Address1,987 drayton street,0.0000,bclean_keep
598,City,elba,0.0017,bclean_keep
598,State,al,0.5000,bclean_keep
598,ZipCode,36323,0.0000,bclean_keep
598,CountyName,coffee,0.0013,bclean_keep
598,PhoneNumber,3348972257,0.0000,bclean_keep
598,HospitalType,acute care hospitals,0.5000,bclean_keep
598,HospitalOwner,voluntary non-profit - other,0.0000,bclean_keep
598,EmergencyService,yes,0.5000,bclean_keep
598,Condition,heart attack,0.0003,bclean_keep
598,MeasureCode,ami-8a,0.0000,bclean_keep
598,MeasureName,heart attack patients given pci within 90 minutes of arrival,0.0007,bclean_keep
598,Stateavg,al_ami-8a,0.0008,bclean_keep
599,ProviderNumber,10027,0.0000,bclean_keep
599,HospitalName,elba general hospital,0.0000,bclean_keep
599,Address1,987 drayton street,0.0000,bclean_keep
599,City,elba,0.0018,bclean_keep
599,State,al,0.5000,bclean_keep
599,ZipCode,36323,0.0000,bclean_keep
599,CountyName,coffee,0.0013,bclean_keep
599,PhoneNumber,3348972257,0.0000,bclean_keep
599,HospitalType,acute care hospitals,0.5000,bclean_keep
599,HospitalOwner,voluntary non-profit - other,0.0000,bclean_keep
599,EmergencyService,yes,0.5000,bclean_keep
599,Condition,heart failure,0.0004,bclean_keep
599,MeasureCode,hf-1,0.0028,bclean_keep
599,MeasureName,heart failure patients given discharge instructions,0.0008,bclean_keep
599,Stateavg,al_hf-1,0.0000,bclean_keep
600,ProviderNumber,10027,0.0000,bclean_keep
600,HospitalName,elba general hospital,0.0000,bclean_keep
600,Address1,987 drayton street,0.0000,bclean_keep
600,City,elba,0.0017,bclean_keep
600,State,al,0.5000,bclean_keep
600,ZipCode,36323,0.0000,bclean_keep
600,CountyName,coffee,0.0013,bclean_keep
600,PhoneNumber,3348972257,0.0000,bclean_keep
600,HospitalType,acute care hospitals,0.5000,bclean_keep
600,HospitalOwner,voluntary non-profit - other,0.0000,bclean_keep
600,EmergencyService,yes,0.5000,bclean_keep
600,MeasureCode,hf-2,0.0000,bclean_keep
600,MeasureName,heart failure patients given an evaluation of left ventricular systolic (lvs) function,0.0007,bclean_keep
600,Stateavg,al_hf-2,0.0007,bclean_keep
601,ProviderNumber,10027,0.0000,bclean_keep
601,HospitalName,elba general hospital,0.0000,bclean_keep
601,Address1,987 drayton street,0.0000,bclean_keep
601,City,elba,0.0018,bclean_keep
601,State,al,0.5000,bclean_keep
601,ZipCode,36323,0.0000,bclean_keep
601,CountyName,coffee,0.0013,bclean_keep
601,PhoneNumber,3348972257,0.0000,bclean_keep
601,HospitalType,acute care hospitals,0.5000,bclean_keep
601,HospitalOwner,voluntary non-profit - other,0.0000,bclean_keep
601,EmergencyService,yes,0.5000,bclean_keep
601,Condition,heart failure,0.0003,bclean_keep
601,MeasureCode,hf-3,0.0000,bclean_keep
601,MeasureName,heart failure patients given ace inhibitor or arb for left ventricular systolic dysfunction (lvsd),0.0007,bclean_keep
601,Stateavg,al_hf-3,0.0000,bclean_keep
602,ProviderNumber,10027,0.0000,bclean_keep
602,HospitalName,elba general hospital,0.0000,bclean_keep
602,Address1,987 drayton street,0.0000,bclean_keep
602,State,al,0.5000,bclean_keep
602,ZipCode,36323,0.0000,bclean_keep
602,CountyName,coffee,0.0013,bclean_keep
602,PhoneNumber,3348972257,0.0000,bclean_keep
602,HospitalType,acute care hospitals,0.5000,bclean_keep
602,HospitalOwner,voluntary non-profit - other,0.0000,bclean_keep
602,EmergencyService,yes,0.5000,bclean_keep
602,Condition,heart failure,0.0002,bclean_keep
602,MeasureCode,hf-4,0.0007,bclean_keep
602,MeasureName,heart failure patients given smoking cessation advice/counseling,0.0008,bclean_keep
602,Stateavg,al_hf-4,0.0007,bclean_keep
603,ProviderNumber,10027,0.0000,bclean_keep
603,HospitalName,elba general hospital,0.0000,bclean_keep
603,Address1,987 drayton street,0.0000,bclean_keep
603,City,elba,0.0000,bclean_keep
603,State,al,0.5000,bclean_keep
603,ZipCode,36323,0.0000,bclean_keep
603,PhoneNumber,3348972257,0.0000,bclean_keep
603,HospitalType,acute care hospitals,0.5000,bclean_keep
603,HospitalOwner,voluntary non-profit - other,0.0000,bclean_keep
603,EmergencyService,yes,0.5000,bclean_keep
603,Condition,pneumonia,0.0000,bclean_keep
603,MeasureCode,pn-2,0.0006,bclean_keep
603,MeasureName,pneumonia patients assessed and given pneumococcal vaccination,0.0000,bclean_keep
603,Stateavg,al_pn-2,0.0008,bclean_keep
604,ProviderNumber,10027,0.0000,bclean_keep
604,HospitalName,elba general hospital,0.0000,bclean_keep
604,Address1,987 drayton street,0.0000,bclean_keep
604,City,elba,0.0017,bclean_keep
604,State,al,0.5000,bclean_keep
604,ZipCode,36323,0.0000,bclean_keep
604,CountyName,coffee,0.0014,bclean_keep
604,PhoneNumber,3348972257,0.0000,bclean_keep
604,HospitalType,acute care hospitals,0.5000,bclean_keep
604,HospitalOwner,voluntary non-profit - other,0.0000,bclean_keep
604,EmergencyService,yes,0.5000,bclean_keep
604,Condition,pneumonia,0.0003,bclean_keep
604,MeasureCode,pn-3b,0.0007,bclean_keep
604,MeasureName,pneumonia patients whose initial emergency room blood culture was performed prior to the administration of the first hospital dose of antibiotics,0.0007,bclean_keep
604,Stateavg,al_pn-3b,0.0008,bclean_keep
605,ProviderNumber,10027,0.0000,bclean_keep
605,HospitalName,elba general hospital,0.0000,bclean_keep
605,Address1,987 drayton street,0.0000,bclean_keep
605,City,elba,0.0017,bclean_keep
605,State,al,0.5000,bclean_keep
605,ZipCode,36323,0.0000,bclean_keep
605,CountyName,coffee,0.0014,bclean_keep
605,PhoneNumber,3348972257,0.0000,bclean_keep
605,HospitalType,acute care hospitals,0.5000,bclean_keep
605,HospitalOwner,voluntary non-profit - other,0.0000,bclean_keep
605,EmergencyService,yes,0.5000,bclean_keep
605,Condition,pneumonia,0.0003,bclean_keep
605,MeasureCode,pn-4,0.0028,bclean_keep
605,MeasureName,pneumonia patients given smoking cessation advice/counseling,0.0000,bclean_keep
605,Stateavg,al_pn-4,0.0000,bclean_keep
606,ProviderNumber,10027,0.0000,bclean_keep
606,HospitalName,elba general hospital,0.0000,bclean_keep
606,Address1,987 drayton street,0.0000,bclean_keep
606,City,elba,0.0017,bclean_keep
606,State,al,0.5000,bclean_keep
606,ZipCode,36323,0.0000,bclean_keep
606,CountyName,coffee,0.0014,bclean_keep
606,PhoneNumber,3348972257,0.0000,bclean_keep
606,HospitalType,acute care hospitals,0.5000,bclean_keep
606,HospitalOwner,voluntary non-profit - other,0.0000,bclean_keep
606,EmergencyService,yes,0.5000,bclean_keep
606,Condition,pneumonia,0.0001,bclean_keep
606,MeasureCode,pn-5c,0.0009,bclean_keep
606,MeasureName,pneumonia patients given initial antibiotic(s) within 6 hours after arrival,0.0008,bclean_keep
606,Stateavg,al_pn-5c,0.0007,bclean_keep
607,ProviderNumber,10027,0.0000,bclean_keep
607,HospitalName,elba general hospital,0.0000,bclean_keep
607,Address1,987 drayton street,0.0000,bclean_keep
607,City,elba,0.0017,bclean_keep
607,State,al,0.5000,bclean_keep
607,ZipCode,36323,0.0000,bclean_keep
607,CountyName,coffee,0.0014,bclean_keep
607,PhoneNumber,3348972257,0.0000,bclean_keep
607,HospitalType,acute care hospitals,0.5000,bclean_keep
607,HospitalOwner,voluntary non-profit - other,0.0000,bclean_keep
607,EmergencyService,yes,0.5000,bclean_keep
607,Condition,pneumonia,0.0002,bclean_keep
607,MeasureCode,pn-6,0.0000,bclean_keep
607,MeasureName,pneumonia patients given the most appropriate initial antibiotic(s),0.0006,bclean_keep
607,Stateavg,al_pn-6,0.0008,bclean_keep
608,ProviderNumber,10027,0.0000,bclean_keep
608,HospitalName,elba general hospital,0.0000,bclean_keep
608,Address1,987 drayton street,0.0000,bclean_keep
608,City,elba,0.0017,bclean_keep
608,State,al,0.5000,bclean_keep
608,ZipCode,36323,0.0000,bclean_keep
608,CountyName,coffee,0.0014,bclean_keep
608,PhoneNumber,3348972257,0.0000,bclean_keep
608,HospitalType,acute care hospitals,0.5000,bclean_keep
608,HospitalOwner,voluntary non-profit - other,0.0000,bclean_keep
608,EmergencyService,yes,0.5000,bclean_keep
608,Condition,pneumonia,0.0000,bclean_keep
608,MeasureCode,pn-7,0.0000,bclean_keep
608,MeasureName,pneumonia patients assessed and given influenza vaccination,0.0009,bclean_keep
608,Stateavg,al_pn-7,0.0007,bclean_keep
609,HospitalName,elba general hospital,0.0000,bclean_keep
609,Address1,987 drayton street,0.0000,bclean_keep
609,City,elba,0.0017,bclean_keep
609,State,al,0.5000,bclean_keep
609,ZipCode,36323,0.0000,bclean_keep
609,CountyName,coffee,0.0013,bclean_keep
609,PhoneNumber,3348972257,0.0000,bclean_keep
609,HospitalType,acute care hospitals,0.5000,bclean_keep
609,HospitalOwner,voluntary non-profit - other,0.0000,bclean_keep
609,EmergencyService,yes,0.5000,bclean_keep
609,MeasureCode,scip-card-2,0.0000,bclean_keep
609,MeasureName,surgery patients who were taking heart drugs called beta blockers before coming to the hospital who were kept on the beta blockers during the period just before and after their surgery,0.0008,bclean_keep
609,Stateavg,al_scip-card-2,0.0000,bclean_keep
610,ProviderNumber,10027,0.0000,bclean_keep
610,HospitalName,elba general hospital,0.0000,bclean_keep
610,Address1,987 drayton street,0.0000,bclean_keep
610,City,elba,0.0017,bclean_keep
610,State,al,0.5000,bclean_keep
610,ZipCode,36323,0.0000,bclean_keep
610,CountyName,coffee,0.0013,bclean_keep
610,PhoneNumber,3348972257,0.0000,bclean_keep
610,HospitalType,acute care hospitals,0.5000,bclean_keep
610,HospitalOwner,voluntary non-profit - other,0.0000,bclean_keep
610,EmergencyService,yes,0.5000,bclean_keep
610,Condition,surgical infection prevention,0.0000,bclean_keep
610,MeasureCode,scip-inf-1,0.0006,bclean_keep
610,MeasureName,surgery patients who were given an antibiotic at the right time (within one hour before surgery) to help prevent infection,0.0000,bclean_keep
610,Stateavg,al_scip-inf-1,0.0000,bclean_keep
611,ProviderNumber,10027,0.0000,bclean_keep
611,HospitalName,elba general hospital,0.0000,bclean_keep
611,Address1,987 drayton street,0.0000,bclean_keep
611,City,elba,0.0017,bclean_keep
611,State,al,0.5000,bclean_keep
611,ZipCode,36323,0.0000,bclean_keep
611,CountyName,coffee,0.0013,bclean_keep
611,PhoneNumber,3348972257,0.0000,bclean_keep
611,HospitalType,acute care hospitals,0.5000,bclean_keep
611,HospitalOwner,voluntary non-profit - other,0.0000,bclean_keep
611,EmergencyService,yes,0.5000,bclean_keep
611,Condition,surgical infection prevention,0.0001,bclean_keep
611,MeasureCode,scip-inf-2,0.0008,bclean_keep
611,MeasureName,surgery patients who were given the  right kind  of antibiotic to help prevent infection,0.0000,bclean_keep
611,Stateavg,al_scip-inf-2,0.0034,bclean_keep
612,ProviderNumber,10027,0.0000,bclean_keep
612,HospitalName,elba general hospital,0.0000,bclean_keep
612,Address1,987 drayton street,0.0000,bclean_keep
612,City,elba,0.0017,bclean_keep
612,State,al,0.5000,bclean_keep
612,ZipCode,36323,0.0000,bclean_keep
612,CountyName,coffee,0.0013,bclean_keep
612,PhoneNumber,3348972257,0.0000,bclean_keep
612,HospitalType,acute care hospitals,0.5000,bclean_keep
612,HospitalOwner,voluntary non-profit - other,0.0000,bclean_keep
612,EmergencyService,yes,0.5000,bclean_keep
612,Condition,surgical infection prevention,0.0001,bclean_keep
612,MeasureCode,scip-inf-3,0.0007,bclean_keep
612,MeasureName,surgery patients whose preventive antibiotics were stopped at the right time (within 24 hours after surgery),0.0000,bclean_keep
612,Stateavg,al_scip-inf-3,0.0000,bclean_keep
613,ProviderNumber,10027,0.0000,bclean_keep
613,HospitalName,elba general hospital,0.0000,bclean_keep
613,Address1,987 drayton street,0.0000,bclean_keep
613,City,elba,0.0017,bclean_keep
613,State,al,0.5000,bclean_keep
613,ZipCode,36323,0.0000,bclean_keep
613,CountyName,coffee,0.0013,bclean_keep
613,PhoneNumber,3348972257,0.0000,bclean_keep
613,HospitalType,acute care hospitals,0.5000,bclean_keep
613,HospitalOwner,voluntary non-profit - other,0.0000,bclean_keep
613,EmergencyService,yes,0.5000,bclean_keep
613,Condition,surgical infection prevention,0.0001,bclean_keep
613,MeasureCode,scip-inf-4,0.0000,bclean_keep
613,Stateavg,al_scip-inf-4,0.0000,bclean_keep
614,ProviderNumber,10027,0.0000,bclean_keep
614,HospitalName,elba general hospital,0.0000,bclean_keep
614,Address1,987 drayton street,0.0000,bclean_keep
614,City,elba,0.0017,bclean_keep
614,State,al,0.5000,bclean_keep
614,ZipCode,36323,0.0000,bclean_keep
614,CountyName,coffee,0.0013,bclean_keep
614,PhoneNumber,3348972257,0.0000,bclean_keep
614,HospitalType,acute care hospitals,0.5000,bclean_keep
614,HospitalOwner,voluntary non-profit - other,0.0000,bclean_keep
614,EmergencyService,yes,0.5000,bclean_keep
614,Condition,surgical infection prevention,0.0000,bclean_keep
614,MeasureCode,scip-inf-6,0.0000,bclean_keep
614,MeasureName,surgery patients needing hair removed from the surgical area before surgery who had hair removed using a safer method (electric clippers or hair removal cream c not a razor),0.0008,bclean_keep
614,Stateavg,al_scip-inf-6,0.0000,bclean_keep
615,ProviderNumber,10027,0.0000,bclean_keep
615,HospitalName,elba general hospital,0.0000,bclean_keep
615,Address1,987 drayton street,0.0000,bclean_keep
615,City,elba,0.0017,bclean_keep
615,State,al,0.5000,bclean_keep
615,ZipCode,36323,0.0000,bclean_keep
615,CountyName,coffee,0.0013,bclean_keep
615,PhoneNumber,3348972257,0.0000,bclean_keep
615,HospitalType,acute care hospitals,0.5000,bclean_keep
615,HospitalOwner,voluntary non-profit - other,0.0000,bclean_keep
615,EmergencyService,yes,0.5000,bclean_keep
615,Condition,surgical infection prevention,0.0000,bclean_keep
615,MeasureCode,scip-vte-1,0.0008,bclean_keep
615,MeasureName,surgery patients whose doctors ordered treatments to prevent blood clots after certain types of surgeries,0.0008,bclean_keep
615,Stateavg,al_scip-vte-1,0.0008,bclean_keep
616,ProviderNumber,10027,0.0000,bclean_keep
616,HospitalName,elba general hospital,0.0000,bclean_keep
616,Address1,987 drayton street,0.0000,bclean_keep
616,City,elba,0.0017,bclean_keep
616,State,al,0.5000,bclean_keep
616,ZipCode,36323,0.0000,bclean_keep
616,CountyName,coffee,0.0013,bclean_keep
616,PhoneNumber,3348972257,0.0000,bclean_keep
616,HospitalType,acute care hospitals,0.5000,bclean_keep
616,HospitalOwner,voluntary non-profit - other,0.0000,bclean_keep
616,EmergencyService,yes,0.5000,bclean_keep
616,Condition,surgical infection prevention,0.0001,bclean_keep
616,MeasureCode,scip-vte-2,0.0000,bclean_keep
616,MeasureName,patients who got treatment  at the right time (within 24 hours before or after their surgery) to help prevent blood clots after certain types of surgery,0.0000,bclean_keep
616,Stateavg,al_scip-vte-2,0.0008,bclean_keep
617,ProviderNumber,10029,0.0000,bclean_keep
617,HospitalName,east alabama medical center and snf,0.0000,bclean_keep
617,Address1,2000 pepperell parkway,0.0000,bclean_keep
617,City,opelika,0.0000,bclean_keep
617,State,al,0.5000,bclean_keep
617,ZipCode,36801,0.0000,bclean_keep
617,CountyName,lee,0.0018,bclean_keep
617,PhoneNumber,3347493411,0.0000,bclean_keep
617,HospitalType,acute care hospitals,0.5000,bclean_keep
617,HospitalOwner,government - hospital district or authority,0.0000,bclean_keep
617,EmergencyService,yes,0.5000,bclean_keep
617,Condition,heart attack,0.0004,bclean_keep
617,MeasureCode,ami-1,0.0031,bclean_keep
617,MeasureName,heart attack patients given aspirin at arrival,0.0009,bclean_keep
617,Stateavg,al_ami-1,0.0010,bclean_keep
618,ProviderNumber,10029,0.0000,bclean_keep
618,HospitalName,east alabama medical center and snf,0.0000,bclean_keep
618,Address1,2000 pepperell parkway,0.0000,bclean_keep
618,City,opelika,0.0000,bclean_keep
618,State,al,0.5000,bclean_keep
618,ZipCode,36801,0.0000,bclean_keep
618,CountyName,lee,0.0018,bclean_keep
618,PhoneNumber,3347493411,0.0000,bclean_keep
618,HospitalType,acute care hospitals,0.5000,bclean_keep
618,HospitalOwner,government - hospital district or authority,0.0000,bclean_keep
618,EmergencyService,yes,0.0000,bclean_keep
618,Condition,heart attack,0.0003,bclean_keep
618,MeasureCode,ami-2,0.0007,bclean_keep
618,MeasureName,heart attack patients given aspirin at discharge,0.0007,bclean_keep
618,Stateavg,al_ami-2,0.0008,bclean_keep
619,ProviderNumber,10029,0.0000,bclean_keep
619,HospitalName,east alabama medical center and snf,0.0000,bclean_keep
619,Address1,2000 pepperell parkway,0.0000,bclean_keep
619,City,opelika,0.0000,bclean_keep
619,State,al,0.5000,bclean_keep
619,ZipCode,36801,0.0000,bclean_keep
619,CountyName,lee,0.0018,bclean_keep
619,PhoneNumber,3347493411,0.0000,bclean_keep
619,HospitalType,acute care hospitals,0.5000,bclean_keep
619,HospitalOwner,government - hospital district or authority,0.0000,bclean_keep
619,EmergencyService,yes,0.5000,bclean_keep
619,Condition,heart attack,0.0003,bclean_keep
619,MeasureCode,ami-3,0.0007,bclean_keep
619,MeasureName,heart attack patients given ace inhibitor or arb for left ventricular systolic dysfunction (lvsd),0.0006,bclean_keep
619,Stateavg,al_ami-3,0.0000,bclean_keep
620,ProviderNumber,10029,0.0000,bclean_keep
620,HospitalName,east alabama medical center and snf,0.0000,bclean_keep
620,Address1,2000 pepperell parkway,0.0000,bclean_keep
620,City,opelika,0.0000,bclean_keep
620,State,al,0.5000,bclean_keep
620,ZipCode,36801,0.0000,bclean_keep
620,CountyName,lee,0.0018,bclean_keep
620,PhoneNumber,3347493411,0.0000,bclean_keep
620,HospitalType,acute care hospitals,0.5000,bclean_keep
620,HospitalOwner,government - hospital district or authority,0.0000,bclean_keep
620,EmergencyService,yes,0.5000,bclean_keep
620,Condition,heart attack,0.0003,bclean_keep
620,MeasureCode,ami-4,0.0005,bclean_keep
620,MeasureName,heart attack patients given smoking cessation advice/counseling,0.0000,bclean_keep
620,Stateavg,al_ami-4,0.0000,bclean_keep
621,ProviderNumber,10029,0.0000,bclean_keep
621,HospitalName,east alabama medical center and snf,0.0000,bclean_keep
621,Address1,2000 pepperell parkway,0.0000,bclean_keep
621,City,opelika,0.0000,bclean_keep
621,State,al,0.5000,bclean_keep
621,ZipCode,36801,0.0000,bclean_keep
621,CountyName,lee,0.0018,bclean_keep
621,PhoneNumber,3347493411,0.0000,bclean_keep
621,HospitalType,acute care hospitals,0.5000,bclean_keep
621,HospitalOwner,government - hospital district or authority,0.0000,bclean_keep
621,EmergencyService,yes,0.5000,bclean_keep
621,Condition,heart attack,0.0003,bclean_keep
621,MeasureCode,ami-5,0.0007,bclean_keep
621,MeasureName,heart attack patients given beta blocker at discharge,0.0007,bclean_keep
621,Stateavg,al_ami-5,0.0007,bclean_keep
622,ProviderNumber,10029,0.0000,bclean_keep
622,HospitalName,east alabama medical center and snf,0.0000,bclean_keep
622,Address1,2000 pepperell parkway,0.0000,bclean_keep
622,City,opelika,0.0000,bclean_keep
622,State,al,0.5000,bclean_keep
622,ZipCode,36801,0.0000,bclean_keep
622,CountyName,lee,0.0018,bclean_keep
622,PhoneNumber,3347493411,0.0000,bclean_keep
622,HospitalType,acute care hospitals,0.5000,bclean_keep
622,HospitalOwner,government - hospital district or authority,0.0000,bclean_keep
622,EmergencyService,yes,0.0000,bclean_keep
622,Condition,heart attack,0.0001,bclean_keep
622,MeasureCode,ami-7a,0.0000,bclean_keep
622,MeasureName,heart attack patients given fibrinolytic medication within 30 minutes of arrival,0.0000,bclean_keep
622,Stateavg,al_ami-7a,0.0009,bclean_keep
623,ProviderNumber,10029,0.0000,bclean_keep
623,HospitalName,east alabama medical center and snf,0.0000,bclean_keep
623,Address1,2000 pepperell parkway,0.0000,bclean_keep
623,City,opelika,0.0000,bclean_keep
623,State,al,0.5000,bclean_keep
623,ZipCode,36801,0.0000,bclean_keep
623,CountyName,lee,0.0018,bclean_keep
623,PhoneNumber,3347493411,0.0000,bclean_keep
623,HospitalType,acute care hospitals,0.5000,bclean_keep
623,HospitalOwner,government - hospital district or authority,0.0000,bclean_keep
623,EmergencyService,yes,0.5000,bclean_keep
623,Condition,heart attack,0.0003,bclean_keep
623,MeasureCode,ami-8a,0.0000,bclean_keep
623,MeasureName,heart attack patients given pci within 90 minutes of arrival,0.0007,bclean_keep
624,ProviderNumber,10029,0.0000,bclean_keep
624,HospitalName,east alabama medical center and snf,0.0000,bclean_keep
624,Address1,2000 pepperell parkway,0.0000,bclean_keep
624,City,opelika,0.0000,bclean_keep
624,State,al,0.5000,bclean_keep
624,ZipCode,36801,0.0000,bclean_keep
624,CountyName,lee,0.0018,bclean_keep
624,PhoneNumber,3347493411,0.0000,bclean_keep
624,HospitalType,acute care hospitals,0.5000,bclean_keep
624,HospitalOwner,government - hospital district or authority,0.0000,bclean_keep
624,EmergencyService,yes,0.0000,bclean_keep
624,Condition,heart failure,0.0004,bclean_keep
624,MeasureCode,hf-1,0.0028,bclean_keep
624,MeasureName,heart failure patients given discharge instructions,0.0009,bclean_keep
624,Stateavg,al_hf-1,0.0000,bclean_keep
625,ProviderNumber,10029,0.0000,bclean_keep
625,HospitalName,east alabama medical center and snf,0.0000,bclean_keep
625,Address1,2000 pepperell parkway,0.0000,bclean_keep
625,City,opelika,0.0000,bclean_keep
625,State,al,0.5000,bclean_keep
625,ZipCode,36801,0.0000,bclean_keep
625,CountyName,lee,0.0018,bclean_keep
625,PhoneNumber,3347493411,0.0000,bclean_keep
625,HospitalType,acute care hospitals,0.5000,bclean_keep
625,HospitalOwner,government - hospital district or authority,0.0000,bclean_keep
625,EmergencyService,yes,0.5000,bclean_keep
625,Condition,heart failure,0.0002,bclean_keep
625,MeasureCode,hf-2,0.0008,bclean_keep
625,MeasureName,heart failure patients given an evaluation of left ventricular systolic (lvs) function,0.0008,bclean_keep
625,Stateavg,al_hf-2,0.0007,bclean_keep
626,ProviderNumber,10029,0.0000,bclean_keep
626,HospitalName,east alabama medical center and snf,0.0000,bclean_keep
626,Address1,2000 pepperell parkway,0.0000,bclean_keep
626,City,opelika,0.0000,bclean_keep
626,State,al,0.5000,bclean_keep
626,ZipCode,36801,0.0000,bclean_keep
626,CountyName,lee,0.0018,bclean_keep
626,PhoneNumber,3347493411,0.0000,bclean_keep
626,HospitalType,acute care hospitals,0.5000,bclean_keep
626,HospitalOwner,government - hospital district or authority,0.0000,bclean_keep
626,EmergencyService,yes,0.5000,bclean_keep
626,Condition,heart failure,0.0003,bclean_keep
626,MeasureCode,hf-3,0.0000,bclean_keep
626,MeasureName,heart failure patients given ace inhibitor or arb for left ventricular systolic dysfunction (lvsd),0.0007,bclean_keep
626,Stateavg,al_hf-3,0.0000,bclean_keep
627,ProviderNumber,10029,0.0000,bclean_keep
627,HospitalName,east alabama medical center and snf,0.0000,bclean_keep
627,Address1,2000 pepperell parkway,0.0000,bclean_keep
627,City,opelika,0.0000,bclean_keep
627,State,al,0.5000,bclean_keep
627,ZipCode,36801,0.0000,bclean_keep
627,CountyName,lee,0.0018,bclean_keep
627,PhoneNumber,3347493411,0.0000,bclean_keep
627,HospitalType,acute care hospitals,0.5000,bclean_keep
627,HospitalOwner,government - hospital district or authority,0.0000,bclean_keep
627,EmergencyService,yes,0.5000,bclean_keep
627,Condition,heart failure,0.0002,bclean_keep
627,MeasureCode,hf-4,0.0007,bclean_keep
627,MeasureName,heart failure patients given smoking cessation advice/counseling,0.0008,bclean_keep
627,Stateavg,al_hf-4,0.0008,bclean_keep
628,HospitalName,east alabama medical center and snf,0.0000,bclean_keep
628,Address1,2000 pepperell parkway,0.0000,bclean_keep
628,City,opelika,0.0000,bclean_keep
628,State,al,0.5000,bclean_keep
628,ZipCode,36801,0.0000,bclean_keep
628,CountyName,lee,0.0018,bclean_keep
628,PhoneNumber,3347493411,0.0000,bclean_keep
628,HospitalType,acute care hospitals,0.5000,bclean_keep
628,HospitalOwner,government - hospital district or authority,0.0000,bclean_keep
628,EmergencyService,yes,0.5000,bclean_keep
628,Condition,pneumonia,0.0000,bclean_keep
628,MeasureCode,pn-2,0.0007,bclean_keep
628,MeasureName,pneumonia patients assessed and given pneumococcal vaccination,0.0000,bclean_keep
628,Stateavg,al_pn-2,0.0008,bclean_keep
629,ProviderNumber,10029,0.0000,bclean_keep
629,HospitalName,east alabama medical center and snf,0.0000,bclean_keep
629,Address1,2000 pepperell parkway,0.0000,bclean_keep
629,City,opelika,0.0000,bclean_keep
629,State,al,0.5000,bclean_keep
629,ZipCode,36801,0.0000,bclean_keep
629,CountyName,lee,0.0018,bclean_keep
629,PhoneNumber,3347493411,0.0000,bclean_keep
629,HospitalType,acute care hospitals,0.5000,bclean_keep
629,HospitalOwner,government - hospital district or authority,0.0000,bclean_keep
629,Condition,pneumonia,0.0003,bclean_keep
629,MeasureCode,pn-3b,0.0007,bclean_keep
629,MeasureName,pneumonia patients whose initial emergency room blood culture was performed prior to the administration of the first hospital dose of antibiotics,0.0007,bclean_keep
629,Stateavg,al_pn-3b,0.0009,bclean_keep
630,ProviderNumber,10029,0.0000,bclean_keep
630,HospitalName,east alabama medical center and snf,0.0000,bclean_keep
630,Address1,2000 pepperell parkway,0.0000,bclean_keep
630,City,opelika,0.0000,bclean_keep
630,State,al,0.5000,bclean_keep
630,ZipCode,36801,0.0000,bclean_keep
630,CountyName,lee,0.0018,bclean_keep
630,PhoneNumber,3347493411,0.0000,bclean_keep
630,HospitalType,acute care hospitals,0.5000,bclean_keep
630,HospitalOwner,government - hospital district or authority,0.0000,bclean_keep
630,EmergencyService,yes,0.0000,bclean_keep
630,Condition,pneumonia,0.0003,bclean_keep
630,MeasureCode,pn-4,0.0029,bclean_keep
630,MeasureName,pneumonia patients given smoking cessation advice/counseling,0.0000,bclean_keep
630,Stateavg,al_pn-4,0.0000,bclean_keep
631,ProviderNumber,10029,0.0000,bclean_keep
631,HospitalName,east alabama medical center and snf,0.0000,bclean_keep
631,Address1,2000 pepperell parkway,0.0000,bclean_keep
631,City,opelika,0.0000,bclean_keep
631,State,al,0.5000,bclean_keep
631,ZipCode,36801,0.0000,bclean_keep
631,CountyName,lee,0.0018,bclean_keep
631,PhoneNumber,3347493411,0.0000,bclean_keep
631,HospitalType,acute care hospitals,0.5000,bclean_keep
631,HospitalOwner,government - hospital district or authority,0.0000,bclean_keep
631,EmergencyService,yes,0.0000,bclean_keep
631,Condition,pneumonia,0.0001,bclean_keep
631,MeasureCode,pn-5c,0.0007,bclean_keep
631,MeasureName,pneumonia patients given initial antibiotic(s) within 6 hours after arrival,0.0008,bclean_keep
631,Stateavg,al_pn-5c,0.0007,bclean_keep
632,ProviderNumber,10029,0.0000,bclean_keep
632,HospitalName,east alabama medical center and snf,0.0000,bclean_keep
632,Address1,2000 pepperell parkway,0.0000,bclean_keep
632,City,opelika,0.0000,bclean_keep
632,State,al,0.5000,bclean_keep
632,ZipCode,36801,0.0000,bclean_keep
632,CountyName,lee,0.0018,bclean_keep
632,PhoneNumber,3347493411,0.0000,bclean_keep
632,HospitalType,acute care hospitals,0.5000,bclean_keep
632,HospitalOwner,government - hospital district or authority,0.0000,bclean_keep
632,EmergencyService,yes,0.5000,bclean_keep
632,MeasureCode,pn-6,0.0000,bclean_keep
632,MeasureName,pneumonia patients given the most appropriate initial antibiotic(s),0.0006,bclean_keep
632,Stateavg,al_pn-6,0.0008,bclean_keep
633,ProviderNumber,10029,0.0000,bclean_keep
633,HospitalName,east alabama medical center and snf,0.0000,bclean_keep
633,Address1,2000 pepperell parkway,0.0000,bclean_keep
633,City,opelika,0.0000,bclean_keep
633,State,al,0.5000,bclean_keep
633,ZipCode,36801,0.0000,bclean_keep
633,CountyName,lee,0.0018,bclean_keep
633,PhoneNumber,3347493411,0.0000,bclean_keep
633,HospitalType,acute care hospitals,0.5000,bclean_keep
633,HospitalOwner,government - hospital district or authority,0.0000,bclean_keep
633,EmergencyService,yes,0.5000,bclean_keep
633,Condition,pneumonia,0.0000,bclean_keep
633,MeasureCode,pn-7,0.0000,bclean_keep
633,MeasureName,pneumonia patients assessed and given influenza vaccination,0.0008,bclean_keep
633,Stateavg,al_pn-7,0.0007,bclean_keep
634,ProviderNumber,10029,0.0000,bclean_keep
634,HospitalName,east alabama medical center and snf,0.0000,bclean_keep
634,Address1,2000 pepperell parkway,0.0000,bclean_keep
634,City,opelika,0.0000,bclean_keep
634,State,al,0.5000,bclean_keep
634,ZipCode,36801,0.0000,bclean_keep
634,PhoneNumber,3347493411,0.0000,bclean_keep
634,HospitalType,acute care hospitals,0.5000,bclean_keep
634,HospitalOwner,government - hospital district or authority,0.0000,bclean_keep
634,EmergencyService,yes,0.5000,bclean_keep
634,Condition,surgical infection prevention,0.0005,bclean_keep
634,MeasureCode,scip-card-2,0.0000,bclean_keep
634,MeasureName,surgery patients who were taking heart drugs called beta blockers before coming to the hospital who were kept on the beta blockers during the period just before and after their surgery,0.0008,bclean_keep
634,Stateavg,al_scip-card-2,0.0000,bclean_keep
635,ProviderNumber,10029,0.0000,bclean_keep
635,HospitalName,east alabama medical center and snf,0.0000,bclean_keep
635,Address1,2000 pepperell parkway,0.0000,bclean_keep
635,City,opelika,0.0000,bclean_keep
635,State,al,0.5000,bclean_keep
635,ZipCode,36801,0.0000,bclean_keep
635,CountyName,lee,0.0019,bclean_keep
635,PhoneNumber,3347493411,0.0000,bclean_keep
635,HospitalType,acuxe care hospixals,0.5000,bclean_keep
635,HospitalOwner,government - hospital district or authority,0.0000,bclean_keep
635,EmergencyService,yes,0.5000,bclean_keep
635,Condition,surgical infection prevention,0.0000,bclean_keep
635,MeasureCode,scip-inf-1,0.0007,bclean_keep
635,MeasureName,surgery patients who were given an antibiotic at the right time (within one hour before surgery) to help prevent infection,0.0000,bclean_keep
635,Stateavg,al_scip-inf-1,0.0000,bclean_keep
636,ProviderNumber,10029,0.0000,bclean_keep
636,HospitalName,east alabama medical center and snf,0.0000,bclean_keep
636,Address1,2000 pepperell parkway,0.0000,bclean_keep
636,City,opelika,0.0000,bclean_keep
636,State,al,0.5000,bclean_keep
636,ZipCode,36801,0.0000,bclean_keep
636,CountyName,lee,0.0019,bclean_keep
636,PhoneNumber,3347493411,0.0000,bclean_keep
636,HospitalType,acute care hospitals,0.5000,bclean_keep
636,HospitalOwner,government - hospital district or authority,0.0000,bclean_keep
636,EmergencyService,yes,0.5000,bclean_keep
636,Condition,surgical infection prevention,0.0001,bclean_keep
636,MeasureCode,scip-inf-2,0.0009,bclean_keep
636,MeasureName,surgery patients who were given the  right kind  of antibiotic to help prevent infection,0.0000,bclean_keep
636,Stateavg,al_scip-inf-2,0.0034,bclean_keep
637,ProviderNumber,10029,0.0000,bclean_keep
637,HospitalName,east alabama medical center and snf,0.0000,bclean_keep
637,Address1,2000 pepperell parkway,0.0000,bclean_keep
637,City,opelika,0.0000,bclean_keep
637,State,al,0.5000,bclean_keep
637,ZipCode,36801,0.0000,bclean_keep
637,CountyName,lee,0.0019,bclean_keep
637,PhoneNumber,3347493411,0.0000,bclean_keep
637,HospitalType,acute care hospitals,0.5000,bclean_keep
637,HospitalOwner,government - hospital district or authority,0.0000,bclean_keep
637,EmergencyService,yes,0.0000,bclean_keep
637,Condition,surgical infection prevention,0.0001,bclean_keep
637,MeasureCode,scip-inf-3,0.0007,bclean_keep
637,MeasureName,surgery patients whose preventive antibiotics were stopped at the right time (within 24 hours after surgery),0.0000,bclean_keep
637,Stateavg,al_scip-inf-3,0.0000,bclean_keep
638,ProviderNumber,10029,0.0000,bclean_keep
638,HospitalName,east alabama medical center and snf,0.0000,bclean_keep
638,Address1,2000 pepperell parkway,0.0000,bclean_keep
638,City,opelika,0.0000,bclean_keep
638,State,al,0.5000,bclean_keep
638,ZipCode,36801,0.0000,bclean_keep
638,CountyName,lee,0.0019,bclean_keep
638,PhoneNumber,3347493411,0.0000,bclean_keep
638,HospitalType,acute care hospitals,0.5000,bclean_keep
638,HospitalOwner,government - hospital district or authority,0.0000,bclean_keep
638,EmergencyService,yes,0.5000,bclean_keep
638,Condition,surgical infection prevention,0.0001,bclean_keep
638,MeasureCode,scip-inf-4,0.0010,bclean_keep
638,MeasureName,all heart surgery patients whose blood sugar (blood glucose) is kept under good control in the days right after surgery,0.0010,bclean_keep
638,Stateavg,al_scip-inf-4,0.0000,bclean_keep
639,ProviderNumber,10029,0.0000,bclean_keep
639,HospitalName,east alabama medical center and snf,0.0000,bclean_keep
639,Address1,2000 pepperell parkway,0.0000,bclean_keep
639,City,opelika,0.0000,bclean_keep
639,State,al,0.5000,bclean_keep
639,ZipCode,36801,0.0000,bclean_keep
639,CountyName,lee,0.0019,bclean_keep
639,PhoneNumber,3347493411,0.0000,bclean_keep
639,HospitalType,acute care hospitals,0.5000,bclean_keep
639,HospitalOwner,government - hospital district or authority,0.0000,bclean_keep
639,EmergencyService,yes,0.5000,bclean_keep
639,Condition,surgical infection prevention,0.0000,bclean_keep
639,MeasureCode,scip-inf-6,0.0000,bclean_keep
639,MeasureName,surgery patients needing hair removed from the surgical area before surgery who had hair removed using a safer method (electric clippers or hair removal cream c not a razor),0.0008,bclean_keep
639,Stateavg,al_scip-inf-6,0.0000,bclean_keep
640,HospitalName,east alabama medical center and snf,0.0000,bclean_keep
640,Address1,2000 pepperell parkway,0.0000,bclean_keep
640,City,opelika,0.0000,bclean_keep
640,State,al,0.5000,bclean_keep
640,ZipCode,36801,0.0000,bclean_keep
640,CountyName,lee,0.0019,bclean_keep
640,PhoneNumber,3347493411,0.0000,bclean_keep
640,HospitalType,acute care hospitals,0.5000,bclean_keep
640,HospitalOwner,government - hospital district or authority,0.0000,bclean_keep
640,EmergencyService,yes,0.5000,bclean_keep
640,Condition,surgical infection prevention,0.0000,bclean_keep
640,MeasureName,surgery patients whose doctors ordered treatments to prevent blood clots after certain types of surgeries,0.0008,bclean_keep
640,Stateavg,al_scip-vte-1,0.0008,bclean_keep
641,ProviderNumber,10029,0.0000,bclean_keep
641,HospitalName,east alabama medical center and snf,0.0000,bclean_keep
641,Address1,2000 pepperell parkway,0.0000,bclean_keep
641,City,opelika,0.0000,bclean_keep
641,State,al,0.5000,bclean_keep
641,ZipCode,36801,0.0000,bclean_keep
641,CountyName,lee,0.0019,bclean_keep
641,PhoneNumber,3347493411,0.0000,bclean_keep
641,HospitalType,acute care hospitals,0.5000,bclean_keep
641,HospitalOwner,government - hospital district or authority,0.0000,bclean_keep
641,EmergencyService,yes,0.5000,bclean_keep
641,Condition,surgical infection prevention,0.0001,bclean_keep
641,MeasureCode,scip-vte-2,0.0000,bclean_keep
641,MeasureName,patients who got treatment  at the right time (within 24 hours before or after their surgery) to help prevent blood clots after certain types of surgery,0.0000,bclean_keep
641,Stateavg,al_scip-vte-2,0.0009,bclean_keep
642,ProviderNumber,10032,0.0000,bclean_keep
642,HospitalName,wedowee hospital,0.0000,bclean_keep
642,Address1,209 north main street,0.0018,bclean_keep
642,City,wedowee,0.0000,bclean_keep
642,State,al,0.5000,bclean_keep
642,ZipCode,36278,0.0000,bclean_keep
642,CountyName,randolph,0.0000,bclean_keep
642,PhoneNumber,2563572111,0.0000,bclean_keep
642,HospitalType,acute care hospitals,0.5000,bclean_keep
642,HospitalOwner,government - local,0.0000,bclean_keep
642,EmergencyService,no,0.0000,bclean_keep
642,Condition,heart attack,0.0003,bclean_keep
642,MeasureCode,ami-1,0.0045,bclean_keep
642,MeasureName,heart attack patients given aspirin at arrival,0.0010,bclean_keep
642,Stateavg,al_ami-1,0.0010,bclean_keep
643,ProviderNumber,10032,0.0000,bclean_keep
643,HospitalName,wedowee hospital,0.0000,bclean_keep
643,Address1,209 north main street,0.0018,bclean_keep
643,City,wedowee,0.0000,bclean_keep
643,State,al,0.5000,bclean_keep
643,ZipCode,36278,0.0000,bclean_keep
643,CountyName,randolph,0.0000,bclean_keep
643,PhoneNumber,2563572111,0.0000,bclean_keep
643,HospitalType,acute care hospitals,0.5000,bclean_keep
643,HospitalOwner,government - local,0.0000,bclean_keep
643,EmergencyService,no,0.0000,bclean_keep
643,Condition,heart attack,0.0003,bclean_keep
643,MeasureCode,ami-2,0.0007,bclean_keep
643,MeasureName,heart attack patients given aspirin at discharge,0.0007,bclean_keep
643,Stateavg,al_ami-2,0.0007,bclean_keep
644,ProviderNumber,10032,0.0000,bclean_keep
644,HospitalName,wedowee hospital,0.0000,bclean_keep
644,Address1,209 north main street,0.0018,bclean_keep
644,City,wedowee,0.0000,bclean_keep
644,State,al,0.5000,bclean_keep
644,ZipCode,36278,0.0000,bclean_keep
644,CountyName,randolph,0.0000,bclean_keep
644,PhoneNumber,2563572111,0.0000,bclean_keep
644,HospitalType,acute care hospitals,0.5000,bclean_keep
644,HospitalOwner,government - local,0.0000,bclean_keep
644,EmergencyService,no,0.0000,bclean_keep
644,Condition,heart attack,0.0003,bclean_keep
644,MeasureCode,ami-3,0.0006,bclean_keep
644,MeasureName,heart attack patients given ace inhibitor or arb for left ventricular systolic dysfunction (lvsd),0.0006,bclean_keep
644,Stateavg,al_ami-3,0.0000,bclean_keep
645,ProviderNumber,10032,0.0000,bclean_keep
645,HospitalName,wedowee hospital,0.0000,bclean_keep
645,Address1,209 north main street,0.0018,bclean_keep
645,City,wedowee,0.0000,bclean_keep
645,State,al,0.5000,bclean_keep
645,ZipCode,36278,0.0000,bclean_keep
645,CountyName,randolph,0.0000,bclean_keep
645,PhoneNumber,2563572111,0.0000,bclean_keep
645,HospitalType,acute care hospitals,0.5000,bclean_keep
645,HospitalOwner,government - local,0.0000,bclean_keep
645,EmergencyService,no,0.0000,bclean_keep
645,Condition,heart attack,0.0003,bclean_keep
645,MeasureCode,ami-4,0.0008,bclean_keep
645,MeasureName,heart attack patients given smoking cessation advice/counseling,0.0000,bclean_keep
645,Stateavg,al_ami-4,0.0000,bclean_keep
646,HospitalName,wedowee hospital,0.0000,bclean_keep
646,Address1,209 north main street,0.0018,bclean_keep
646,City,wedowee,0.0000,bclean_keep
646,State,al,0.5000,bclean_keep
646,ZipCode,36278,0.0000,bclean_keep
646,CountyName,randolph,0.0000,bclean_keep
646,PhoneNumber,2563572111,0.0000,bclean_keep
646,HospitalType,acute care hospitals,0.5000,bclean_keep
646,HospitalOwner,government - local,0.0000,bclean_keep
646,EmergencyService,no,0.0000,bclean_keep
646,Condition,heart attack,0.0003,bclean_keep
646,MeasureCode,ami-5,0.0006,bclean_keep
646,MeasureName,heart attack patients given beta blocker at discharge,0.0007,bclean_keep
646,Stateavg,al_ami-5,0.0007,bclean_keep
647,ProviderNumber,10032,0.0000,bclean_keep
647,HospitalName,wedowee hospital,0.0000,bclean_keep
647,Address1,209 north main street,0.0018,bclean_keep
647,City,wedowee,0.0000,bclean_keep
647,State,al,0.5000,bclean_keep
647,ZipCode,36278,0.0000,bclean_keep
647,CountyName,randolph,0.0000,bclean_keep
647,PhoneNumber,2563572111,0.0000,bclean_keep
647,HospitalType,acute care hospitals,0.5000,bclean_keep
647,HospitalOwner,government - local,0.0000,bclean_keep
647,EmergencyService,no,0.0000,bclean_keep
647,Condition,heart attack,0.0001,bclean_keep
647,MeasureCode,ami-7a,0.0000,bclean_keep
647,MeasureName,heart attack patients given fibrinolytic medication within 30 minutes of arrival,0.0000,bclean_keep
648,ProviderNumber,10032,0.0000,bclean_keep
648,HospitalName,wedowee hospital,0.0000,bclean_keep
648,Address1,209 north main street,0.0018,bclean_keep
648,City,wedowee,0.0000,bclean_keep
648,State,al,0.5000,bclean_keep
648,ZipCode,36278,0.0000,bclean_keep
648,CountyName,randolph,0.0000,bclean_keep
648,PhoneNumber,2563572111,0.0000,bclean_keep
648,HospitalType,acute care hospitals,0.5000,bclean_keep
648,HospitalOwner,government - local,0.0000,bclean_keep
648,EmergencyService,no,0.0000,bclean_keep
648,Condition,heart attack,0.0003,bclean_keep
648,MeasureCode,ami-8a,0.0000,bclean_keep
648,MeasureName,heart attack patients given pci within 90 minutes of arrival,0.0007,bclean_keep
648,Stateavg,al_ami-8a,0.0007,bclean_keep
649,ProviderNumber,10032,0.0000,bclean_keep
649,HospitalName,wedowee hospital,0.0000,bclean_keep
649,Address1,209 north main street,0.0018,bclean_keep
649,City,wedowee,0.0000,bclean_keep
649,State,al,0.5000,bclean_keep
649,ZipCode,36278,0.0000,bclean_keep
649,CountyName,randolph,0.0000,bclean_keep
649,PhoneNumber,2563572111,0.0000,bclean_keep
649,HospitalType,acute care hospitals,0.5000,bclean_keep
649,HospitalOwner,government - local,0.0000,bclean_keep
649,EmergencyService,no,0.0000,bclean_keep
649,Condition,heart failure,0.0004,bclean_keep
649,MeasureName,heart failure patients given discharge instructions,0.0008,bclean_keep
649,Stateavg,al_hf-1,0.0000,bclean_keep
650,ProviderNumber,10032,0.0000,bclean_keep
650,HospitalName,wedowee hospital,0.0000,bclean_keep
650,Address1,209 north main street,0.0018,bclean_keep
650,City,wedowee,0.0000,bclean_keep
650,State,al,0.5000,bclean_keep
650,ZipCode,36278,0.0000,bclean_keep
650,CountyName,randolph,0.0000,bclean_keep
650,PhoneNumber,2563572111,0.0000,bclean_keep
650,HospitalType,acute care hospitals,0.5000,bclean_keep
650,HospitalOwner,government - local,0.0000,bclean_keep
650,EmergencyService,no,0.0000,bclean_keep
650,Condition,heart failure,0.0003,bclean_keep
650,MeasureCode,hf-2,0.0008,bclean_keep
650,MeasureName,heart failure patients given an evaluation of left ventricular systolic (lvs) function,0.0007,bclean_keep
650,Stateavg,al_hf-2,0.0007,bclean_keep
651,ProviderNumber,10032,0.0000,bclean_keep
651,HospitalName,wedowee hospital,0.0000,bclean_keep
651,Address1,209 north main street,0.0018,bclean_keep
651,City,wedowee,0.0000,bclean_keep
651,State,al,0.5000,bclean_keep
651,ZipCode,36278,0.0000,bclean_keep
651,CountyName,randolph,0.0000,bclean_keep
651,PhoneNumber,2563572111,0.0000,bclean_keep
651,HospitalType,acute care hospitals,0.5000,bclean_keep
651,HospitalOwner,government - local,0.0000,bclean_keep
651,EmergencyService,no,0.0000,bclean_keep
651,Condition,heart failure,0.0003,bclean_keep
651,MeasureCode,hf-3,0.0000,bclean_keep
651,Stateavg,al_hf-3,0.0000,bclean_keep
652,ProviderNumber,10032,0.0000,bclean_keep
652,HospitalName,wedowee hospital,0.0000,bclean_keep
652,Address1,209 north main street,0.0018,bclean_keep
652,City,wedowee,0.0000,bclean_keep
652,State,al,0.5000,bclean_keep
652,ZipCode,36278,0.0000,bclean_keep
652,CountyName,randolph,0.0000,bclean_keep
652,PhoneNumber,2563572111,0.0000,bclean_keep
652,HospitalType,acute care hospitals,0.5000,bclean_keep
652,HospitalOwner,government - local,0.0000,bclean_keep
652,EmergencyService,no,0.0000,bclean_keep
652,Condition,heart failure,0.0002,bclean_keep
652,MeasureCode,hf-4,0.0000,bclean_keep
652,Stateavg,al_hf-4,0.0007,bclean_keep
653,ProviderNumber,10032,0.0000,bclean_keep
653,HospitalName,wedowee hospital,0.0000,bclean_keep
653,City,wedowee,0.0000,bclean_keep
653,State,al,0.5000,bclean_keep
653,ZipCode,36278,0.0000,bclean_keep
653,CountyName,randolph,0.0000,bclean_keep
653,PhoneNumber,2563572111,0.0000,bclean_keep
653,HospitalType,acute care hospitals,0.5000,bclean_keep
653,HospitalOwner,government - local,0.0000,bclean_keep
653,EmergencyService,no,0.0000,bclean_keep
653,Condition,pneumonia,0.0000,bclean_keep
653,MeasureCode,pn-2,0.0006,bclean_keep
653,MeasureName,pneumonia patients assessed and given pneumococcal vaccination,0.0000,bclean_keep
653,Stateavg,al_pn-2,0.0007,bclean_keep
654,ProviderNumber,10032,0.0000,bclean_keep
654,HospitalName,wedowee hospital,0.0000,bclean_keep
654,Address1,209 north main street,0.0019,bclean_keep
654,City,wedowee,0.0000,bclean_keep
654,State,al,0.5000,bclean_keep
654,ZipCode,36278,0.0000,bclean_keep
654,CountyName,randolph,0.0000,bclean_keep
654,PhoneNumber,2563572111,0.0000,bclean_keep
654,HospitalType,acute care hospitals,0.5000,bclean_keep
654,HospitalOwner,government - local,0.0000,bclean_keep
654,Condition,pneumonia,0.0002,bclean_keep
654,MeasureCode,pn-3b,0.0007,bclean_keep
654,MeasureName,pneumonia patients whose initial emergency room blood culture was performed prior to the administration of the first hospital dose of antibiotics,0.0007,bclean_keep
654,Stateavg,al_pn-3b,0.0007,bclean_keep
655,ProviderNumber,10032,0.0000,bclean_keep
655,HospitalName,wedowee hosxital,0.0000,bclean_keep
655,Address1,209 north main street,0.0000,bclean_keep
655,City,wxdowxx,0.0000,bclean_keep
655,State,al,0.5000,bclean_keep
655,ZipCode,36278,0.0000,bclean_keep
655,CountyName,randolph,0.0000,bclean_keep
655,PhoneNumber,2563572111,0.0000,bclean_keep
655,HospitalType,acute care hospitals,0.5000,bclean_keep
655,HospitalOwner,government - local,0.0000,bclean_keep
655,EmergencyService,no,0.0000,bclean_keep
655,Condition,pneumonia,0.0003,bclean_keep
655,MeasureCode,pn-4,0.0025,bclean_keep
655,MeasureName,pneumonia patients given smoking cessation advice/counseling,0.0000,bclean_keep
655,Stateavg,al_pn-4,0.0000,bclean_keep
656,HospitalName,wedowee hospital,0.0000,bclean_keep
656,Address1,209 north main street,0.0019,bclean_keep
656,City,wedowee,0.0000,bclean_keep
656,State,al,0.5000,bclean_keep
656,ZipCode,36278,0.0000,bclean_keep
656,CountyName,randolph,0.0000,bclean_keep
656,PhoneNumber,2563572111,0.0000,bclean_keep
656,HospitalType,acute care hospitals,0.5000,bclean_keep
656,HospitalOwner,government - local,0.0000,bclean_keep
656,EmergencyService,no,0.0000,bclean_keep
656,Condition,pneumonia,0.0001,bclean_keep
656,MeasureCode,pn-5c,0.0009,bclean_keep
656,MeasureName,pneumonia patients given initial antibiotic(s) within 6 hours after arrival,0.0008,bclean_keep
656,Stateavg,al_pn-5c,0.0006,bclean_keep
657,ProviderNumber,10032,0.0000,bclean_keep
657,HospitalName,wedowee hospital,0.0000,bclean_keep
657,Address1,209 north main street,0.0019,bclean_keep
657,City,wedowee,0.0000,bclean_keep
657,State,al,0.5000,bclean_keep
657,ZipCode,36278,0.0000,bclean_keep
657,CountyName,randolph,0.0000,bclean_keep
657,PhoneNumber,2563572111,0.0000,bclean_keep
657,HospitalType,acute care hospitals,0.5000,bclean_keep
657,HospitalOwner,government - local,0.0000,bclean_keep
657,EmergencyService,no,0.0000,bclean_keep
657,Condition,pneumonia,0.0002,bclean_keep
657,MeasureCode,pn-6,0.0000,bclean_keep
657,MeasureName,pneumonia patients given the most appropriate initial antibiotic(s),0.0008,bclean_keep
657,Stateavg,al_pn-6,0.0008,bclean_keep
658,ProviderNumber,10032,0.0000,bclean_keep
658,HospitalName,wedowee hospital,0.0000,bclean_keep
658,Address1,209 north main street,0.0019,bclean_keep
658,City,wedowee,0.0000,bclean_keep
658,State,al,0.5000,bclean_keep
658,ZipCode,36278,0.0000,bclean_keep
658,CountyName,randolph,0.0000,bclean_keep
658,PhoneNumber,2563572111,0.0000,bclean_keep
658,HospitalType,acute care hospitals,0.5000,bclean_keep
658,HospitalOwner,government - local,0.0000,bclean_keep
658,EmergencyService,no,0.0000,bclean_keep
658,Condition,pneumonia,0.0000,bclean_keep
658,MeasureCode,pn-7,0.0000,bclean_keep
658,MeasureName,pneumonia patients assessed and given influenza vaccination,0.0008,bclean_keep
658,Stateavg,al_pn-7,0.0007,bclean_keep
659,ProviderNumber,10032,0.0000,bclean_keep
659,HospitalName,wedowee hospital,0.0000,bclean_keep
659,Address1,209 north main street,0.0018,bclean_keep
659,City,wedowee,0.0000,bclean_keep
659,State,al,0.5000,bclean_keep
659,ZipCode,36278,0.0000,bclean_keep
659,CountyName,randolph,0.0000,bclean_keep
659,PhoneNumber,2563572111,0.0000,bclean_keep
659,HospitalType,acute care hospitals,0.5000,bclean_keep
659,HospitalOwner,government - local,0.0000,bclean_keep
659,EmergencyService,no,0.0000,bclean_keep
659,Condition,surgical infection prevention,0.0005,bclean_keep
659,MeasureCode,scip-card-2,0.0000,bclean_keep
659,MeasureName,surgery patients who were taking heart drugs called beta blockers before coming to the hospital who were kept on the beta blockers during the period just before and after their surgery,0.0009,bclean_keep
659,Stateavg,al_scip-card-2,0.0000,bclean_keep
660,ProviderNumber,10032,0.0000,bclean_keep
660,HospitalName,wedowee hospital,0.0000,bclean_keep
660,Address1,209 north main street,0.0018,bclean_keep
660,City,wedowee,0.0000,bclean_keep
660,State,al,0.5000,bclean_keep
660,ZipCode,36278,0.0000,bclean_keep
660,CountyName,randolph,0.0000,bclean_keep
660,PhoneNumber,2563572111,0.0000,bclean_keep
660,HospitalType,acute care hospitals,0.5000,bclean_keep
660,HospitalOwner,government - local,0.0000,bclean_keep
660,EmergencyService,no,0.0000,bclean_keep
660,Condition,surgical infection prevention,0.0000,bclean_keep
660,MeasureCode,scip-inf-1,0.0006,bclean_keep
660,MeasureName,surgery patients who were given an antibiotic at the right time (within one hour before surgery) to help prevent infection,0.0000,bclean_keep
660,Stateavg,al_scip-inf-1,0.0000,bclean_keep
661,ProviderNumber,10032,0.0000,bclean_keep
661,HospitalName,wedowee hospital,0.0000,bclean_keep
661,Address1,209 north main street,0.0018,bclean_keep
661,City,wedowee,0.0000,bclean_keep
661,State,al,0.5000,bclean_keep
661,ZipCode,36278,0.0000,bclean_keep
661,CountyName,randolph,0.0000,bclean_keep
661,PhoneNumber,2563572111,0.0000,bclean_keep
661,HospitalType,acute care hospitals,0.5000,bclean_keep
661,HospitalOwner,government - local,0.0000,bclean_keep
661,EmergencyService,no,0.0000,bclean_keep
661,Condition,surgical infection prevention,0.0001,bclean_keep
661,MeasureCode,scip-inf-2,0.0007,bclean_keep
661,MeasureName,surgery patients who were given the  right kind  of antibiotic to help prevent infection,0.0000,bclean_keep
661,Stateavg,al_scip-inf-2,0.0031,bclean_keep
662,ProviderNumber,10032,0.0000,bclean_keep
662,HospitalName,wedowee hospital,0.0000,bclean_keep
662,Address1,209 north main street,0.0018,bclean_keep
662,City,wedowee,0.0000,bclean_keep
662,State,al,0.5000,bclean_keep
662,ZipCode,36278,0.0000,bclean_keep
662,CountyName,randolph,0.0000,bclean_keep
662,PhoneNumber,2563572111,0.0000,bclean_keep
662,HospitalType,acute care hospitals,0.5000,bclean_keep
662,HospitalOwner,government - local,0.0000,bclean_keep
662,EmergencyService,no,0.0000,bclean_keep
662,Condition,surgical infection prevention,0.0001,bclean_keep
662,MeasureCode,scip-inf-3,0.0007,bclean_keep
662,MeasureName,surgery patients whose preventive antibiotics were stopped at the right time (within 24 hours after surgery),0.0000,bclean_keep
662,Stateavg,al_scip-inf-3,0.0000,bclean_keep
663,ProviderNumber,10032,0.0000,bclean_keep
663,HospitalName,wedowee hospital,0.0000,bclean_keep
663,Address1,209 north main street,0.0018,bclean_keep
663,City,wedowee,0.0000,bclean_keep
663,State,al,0.5000,bclean_keep
663,ZipCode,36278,0.0000,bclean_keep
663,CountyName,randolph,0.0000,bclean_keep
663,PhoneNumber,2563572111,0.0000,bclean_keep
663,HospitalType,acute care hospitals,0.5000,bclean_keep
663,HospitalOwner,government - local,0.0000,bclean_keep
663,EmergencyService,no,0.0000,bclean_keep
663,Condition,surgical infection prevention,0.0002,bclean_keep
663,MeasureCode,scip-inf-4,0.0008,bclean_keep
663,MeasureName,all heart surgery patients whose blood sugar (blood glucose) is kept under good control in the days right after surgery,0.0009,bclean_keep
663,Stateavg,al_scip-inf-4,0.0000,bclean_keep
664,ProviderNumber,10032,0.0000,bclean_keep
664,HospitalName,wedowee hospital,0.0000,bclean_keep
664,Address1,209 north main street,0.0018,bclean_keep
664,City,wedowee,0.0000,bclean_keep
664,State,al,0.5000,bclean_keep
664,ZipCode,36278,0.0000,bclean_keep
664,CountyName,randolph,0.0000,bclean_keep
664,PhoneNumber,2563572111,0.0000,bclean_keep
664,HospitalType,acute care hospitals,0.5000,bclean_keep
664,HospitalOwner,government - local,0.0000,bclean_keep
664,EmergencyService,no,0.0000,bclean_keep
664,Condition,surgical infection prevention,0.0000,bclean_keep
664,MeasureCode,scip-inf-6,0.0000,bclean_keep
664,MeasureName,surgery patients needing hair removed from the surgical area before surgery who had hair removed using a safer method (electric clippers or hair removal cream c not a razor),0.0009,bclean_keep
664,Stateavg,al_scip-inf-6,0.0000,bclean_keep
665,ProviderNumber,10032,0.0000,bclean_keep
665,HospitalName,wedowee hospital,0.0000,bclean_keep
665,Address1,209 north main street,0.0018,bclean_keep
665,City,wedowee,0.0000,bclean_keep
665,State,al,0.5000,bclean_keep
665,ZipCode,36278,0.0000,bclean_keep
665,CountyName,randolph,0.0000,bclean_keep
665,PhoneNumber,2563572111,0.0000,bclean_keep
665,HospitalType,acute care hospitals,0.5000,bclean_keep
665,HospitalOwner,government - local,0.0000,bclean_keep
665,EmergencyService,no,0.0000,bclean_keep
665,Condition,surgical infection prevention,0.0000,bclean_keep
665,MeasureCode,scip-vte-1,0.0008,bclean_keep
665,MeasureName,surgery patients whose doctors ordered treatments to prevent blood clots after certain types of surgeries,0.0008,bclean_keep
665,Stateavg,al_scip-vte-1,0.0009,bclean_keep
666,ProviderNumber,10032,0.0000,bclean_keep
666,HospitalName,wedowee hospital,0.0000,bclean_keep
666,Address1,209 north main street,0.0018,bclean_keep
666,City,wedowee,0.0000,bclean_keep
666,State,al,0.5000,bclean_keep
666,ZipCode,36278,0.0000,bclean_keep
666,CountyName,randolph,0.0000,bclean_keep
666,PhoneNumber,2563572111,0.0000,bclean_keep
666,HospitalType,acute care hospitals,0.5000,bclean_keep
666,HospitalOwner,government - local,0.0000,bclean_keep
666,EmergencyService,no,0.0000,bclean_keep
666,Condition,surgical infection prevention,0.0001,bclean_keep
666,MeasureCode,scip-vte-2,0.0000,bclean_keep
666,MeasureName,patients who got treatment  at the right time (within 24 hours before or after their surgery) to help prevent blood clots after certain types of surgery,0.0000,bclean_keep
666,Stateavg,al_scip-vte-2,0.0008,bclean_keep
667,ProviderNumber,10033,0.0000,bclean_keep
667,HospitalName,university of alabama hospital,0.0000,bclean_keep
667,Address1,619 south 19th street,0.0000,bclean_keep
667,City,birmingham,0.0007,bclean_keep
667,State,al,0.5000,bclean_keep
667,ZipCode,35233,0.0000,bclean_keep
667,CountyName,jefferson,0.0003,bclean_keep
667,HospitalType,acute care hospitals,0.5000,bclean_keep
667,HospitalOwner,government - state,0.0000,bclean_keep
667,EmergencyService,yes,0.5000,bclean_keep
667,Condition,heart attack,0.0003,bclean_keep
667,MeasureCode,ami-1,0.0031,bclean_keep
667,MeasureName,heart attack patients given aspirin at arrival,0.0009,bclean_keep
667,Stateavg,al_ami-1,0.0010,bclean_keep
668,ProviderNumber,10033,0.0000,bclean_keep
668,HospitalName,university of alabama hospital,0.0000,bclean_keep
668,Address1,619 south 19th street,0.0000,bclean_keep
668,City,birmingham,0.0008,bclean_keep
668,State,al,0.5000,bclean_keep
668,ZipCode,35233,0.0000,bclean_keep
668,CountyName,jefferson,0.0003,bclean_keep
668,PhoneNumber,2059344011,0.0000,bclean_keep
668,HospitalType,acute care hospitals,0.5000,bclean_keep
668,HospitalOwner,government - state,0.0000,bclean_keep
668,EmergencyService,yes,0.5000,bclean_keep
668,Condition,heart attack,0.0003,bclean_keep
668,MeasureCode,ami-2,0.0009,bclean_keep
668,MeasureName,heart attack patients given aspirin at discharge,0.0008,bclean_keep
668,Stateavg,al_ami-2,0.0008,bclean_keep
669,ProviderNumber,10033,0.0000,bclean_keep
669,HospitalName,university of alabama hospital,0.0000,bclean_keep
669,Address1,619 south 19th street,0.0000,bclean_keep
669,City,birmingham,0.0008,bclean_keep
669,State,al,0.5000,bclean_keep
669,ZipCode,35233,0.0000,bclean_keep
669,CountyName,jefferson,0.0003,bclean_keep
669,PhoneNumber,2059344011,0.0000,bclean_keep
669,HospitalType,acute care hospitals,0.5000,bclean_keep
669,HospitalOwner,government - state,0.0000,bclean_keep
669,EmergencyService,yes,0.5000,bclean_keep
669,Condition,heart attack,0.0003,bclean_keep
669,MeasureCode,ami-3,0.0006,bclean_keep
669,MeasureName,heart attack patients given ace inhibitor or arb for left ventricular systolic dysfunction (lvsd),0.0006,bclean_keep
669,Stateavg,al_ami-3,0.0000,bclean_keep
670,ProviderNumber,10033,0.0000,bclean_keep
670,HospitalName,university of alabama hospital,0.0000,bclean_keep
670,Address1,619 south 19th street,0.0000,bclean_keep
670,City,birmingham,0.0008,bclean_keep
670,State,al,0.5000,bclean_keep
670,ZipCode,35233,0.0000,bclean_keep
670,CountyName,jefferson,0.0003,bclean_keep
670,PhoneNumber,2059344011,0.0000,bclean_keep
670,HospitalType,acute care hospitals,0.5000,bclean_keep
670,HospitalOwner,government - state,0.0000,bclean_keep
670,EmergencyService,yes,0.5000,bclean_keep
670,Condition,heart attack,0.0003,bclean_keep
670,MeasureCode,ami-4,0.0005,bclean_keep
670,MeasureName,heart attack patients given smoking cessation advice/counseling,0.0000,bclean_keep
670,Stateavg,al_ami-4,0.0000,bclean_keep
671,ProviderNumber,10033,0.0000,bclean_keep
671,HospitalName,university of alabama hospital,0.0000,bclean_keep
671,Address1,619 south 19th street,0.0000,bclean_keep
671,City,birmingham,0.0008,bclean_keep
671,State,al,0.5000,bclean_keep
671,ZipCode,35233,0.0000,bclean_keep
671,CountyName,jefferson,0.0003,bclean_keep
671,PhoneNumber,2059344011,0.0000,bclean_keep
671,HospitalType,acute care hospitals,0.5000,bclean_keep
671,HospitalOwner,government - state,0.0000,bclean_keep
671,EmergencyService,yes,0.5000,bclean_keep
671,Condition,heart attack,0.0003,bclean_keep
671,MeasureCode,ami-5,0.0007,bclean_keep
671,MeasureName,heart attack patients given beta blocker at discharge,0.0007,bclean_keep
671,Stateavg,al_ami-5,0.0007,bclean_keep
672,ProviderNumber,10033,0.0000,bclean_keep
672,HospitalName,university of alabama hospital,0.0000,bclean_keep
672,Address1,619 south 19th street,0.0000,bclean_keep
672,City,birmingham,0.0008,bclean_keep
672,State,al,0.5000,bclean_keep
672,ZipCode,35233,0.0000,bclean_keep
672,CountyName,jefferson,0.0003,bclean_keep
672,PhoneNumber,2059344011,0.0000,bclean_keep
672,HospitalType,acute care hospitals,0.5000,bclean_keep
672,HospitalOwner,government - state,0.0000,bclean_keep
672,EmergencyService,yes,0.0000,bclean_keep
672,Condition,heart attack,0.0002,bclean_keep
672,MeasureCode,ami-7a,0.0000,bclean_keep
672,MeasureName,heart attack patients given fibrinolytic medication within 30 minutes of arrival,0.0000,bclean_keep
672,Stateavg,al_ami-7a,0.0008,bclean_keep
673,ProviderNumber,10033,0.0000,bclean_keep
673,HospitalName,university of alabama hospital,0.0000,bclean_keep
673,Address1,619 south 19th street,0.0000,bclean_keep
673,City,birmingham,0.0000,bclean_keep
673,State,al,0.5000,bclean_keep
673,ZipCode,35233,0.0000,bclean_keep
673,PhoneNumber,2059344011,0.0000,bclean_keep
673,HospitalType,acute care hospitals,0.5000,bclean_keep
673,HospitalOwner,government - state,0.0000,bclean_keep
673,EmergencyService,yes,0.5000,bclean_keep
673,Condition,heart attack,0.0003,bclean_keep
673,MeasureCode,ami-8a,0.0000,bclean_keep
673,Stateavg,al_ami-8a,0.0008,bclean_keep
674,ProviderNumber,10033,0.0000,bclean_keep
674,HospitalName,university of alabama hospital,0.0000,bclean_keep
674,Address1,619 south 19th street,0.0000,bclean_keep
674,City,birmingham,0.0008,bclean_keep
674,State,al,0.5000,bclean_keep
674,ZipCode,35233,0.0000,bclean_keep
674,CountyName,jefferson,0.0003,bclean_keep
674,PhoneNumber,2059344011,0.0000,bclean_keep
674,HospitalType,acute care hospitals,0.5000,bclean_keep
674,HospitalOwner,government - state,0.0000,bclean_keep
674,EmergencyService,yes,0.5000,bclean_keep
674,Condition,heart failure,0.0004,bclean_keep
674,MeasureName,heart failure patients given discharge instructions,0.0008,bclean_keep
674,Stateavg,al_hf-1,0.0000,bclean_keep
675,ProviderNumber,10033,0.0000,bclean_keep
675,HospitalName,university of alabama hospital,0.0000,bclean_keep
675,Address1,619 south 19th street,0.0000,bclean_keep
675,City,birmingham,0.0009,bclean_keep
675,State,al,0.5000,bclean_keep
675,ZipCode,35233,0.0000,bclean_keep
675,CountyName,jefferson,0.0003,bclean_keep
675,PhoneNumber,2059344011,0.0000,bclean_keep
675,HospitalType,acute care hospitals,0.5000,bclean_keep
675,HospitalOwner,government - state,0.0000,bclean_keep
675,Condition,heart failure,0.0002,bclean_keep
675,MeasureCode,hf-2,0.0006,bclean_keep
675,MeasureName,heart failure patients given an evaluation of left ventricular systolic (lvs) function,0.0007,bclean_keep
675,Stateavg,al_hf-2,0.0008,bclean_keep
676,ProviderNumber,10033,0.0000,bclean_keep
676,HospitalName,university of alabama hospital,0.0000,bclean_keep
676,Address1,619 south 19th street,0.0000,bclean_keep
676,City,birmingham,0.0008,bclean_keep
676,State,al,0.5000,bclean_keep
676,ZipCode,35233,0.0000,bclean_keep
676,CountyName,jefferson,0.0003,bclean_keep
676,PhoneNumber,2059344011,0.0000,bclean_keep
676,HospitalType,acute care hospitals,0.5000,bclean_keep
676,HospitalOwner,government - state,0.0000,bclean_keep
676,EmergencyService,yes,0.5000,bclean_keep
676,Condition,heart failure,0.0003,bclean_keep
676,MeasureCode,hf-3,0.0000,bclean_keep
676,MeasureName,heart failure patients given ace inhibitor or arb for left ventricular systolic dysfunction (lvsd),0.0007,bclean_keep
676,Stateavg,al_hf-3,0.0000,bclean_keep
677,ProviderNumber,10033,0.0000,bclean_keep
677,HospitalName,university of alabama hospital,0.0000,bclean_keep
677,Address1,619 south 19th street,0.0000,bclean_keep
677,City,birmingham,0.0008,bclean_keep
677,State,al,0.5000,bclean_keep
677,ZipCode,35233,0.0000,bclean_keep
677,CountyName,jefferson,0.0003,bclean_keep
677,PhoneNumber,2059344011,0.0000,bclean_keep
677,HospitalType,acute care hospitals,0.5000,bclean_keep
677,HospitalOwner,government - state,0.0000,bclean_keep
677,EmergencyService,yes,0.5000,bclean_keep
677,Condition,heart failure,0.0002,bclean_keep
677,MeasureName,heart failure patients given smoking cessation advice/counseling,0.0008,bclean_keep
677,Stateavg,al_hf-4,0.0007,bclean_keep
678,ProviderNumber,10033,0.0000,bclean_keep
678,HospitalName,university of alabama hospital,0.0000,bclean_keep
678,Address1,619 south 19th street,0.0000,bclean_keep
678,City,birmingham,0.0008,bclean_keep
678,State,al,0.5000,bclean_keep
678,ZipCode,35233,0.0000,bclean_keep
678,CountyName,jefferson,0.0003,bclean_keep
678,PhoneNumber,2059344011,0.0000,bclean_keep
678,HospitalType,acute care hospitals,0.5000,bclean_keep
678,HospitalOwner,government - state,0.0000,bclean_keep
678,EmergencyService,yes,0.5000,bclean_keep
678,Condition,pneumonia,0.0000,bclean_keep
678,MeasureCode,pn-2,0.0006,bclean_keep
678,MeasureName,pneumonia patients assessed and given pneumococcal vaccination,0.0000,bclean_keep
678,Stateavg,al_pn-2,0.0008,bclean_keep
679,ProviderNumber,10033,0.0000,bclean_keep
679,HospitalName,university of alabama hospital,0.0000,bclean_keep
679,Address1,619 south 19th street,0.0000,bclean_keep
679,City,birmingham,0.0008,bclean_keep
679,State,al,0.5000,bclean_keep
679,ZipCode,35233,0.0000,bclean_keep
679,CountyName,jefferson,0.0003,bclean_keep
679,PhoneNumber,2059344011,0.0000,bclean_keep
679,HospitalType,acute care hospitals,0.5000,bclean_keep
679,HospitalOwner,government - state,0.0000,bclean_keep
679,EmergencyService,yes,0.5000,bclean_keep
679,Condition,pneumonia,0.0003,bclean_keep
679,MeasureCode,pn-3b,0.0000,bclean_keep
679,MeasureName,pneumonia patients whose initial emergency room blood culture was performed prior to the administration of the first hospital dose of antibiotics,0.0007,bclean_keep
680,ProviderNumber,10033,0.0000,bclean_keep
680,HospitalName,university of alabama hospital,0.0000,bclean_keep
680,Address1,619 south 19th street,0.0000,bclean_keep
680,City,birmingham,0.0008,bclean_keep
680,State,al,0.5000,bclean_keep
680,CountyName,jefferson,0.0003,bclean_keep
680,PhoneNumber,2059344011,0.0000,bclean_keep
680,HospitalType,acute care hospitals,0.5000,bclean_keep
680,HospitalOwner,government - state,0.0000,bclean_keep
680,EmergencyService,yes,0.5000,bclean_keep
680,MeasureCode,pn-4,0.0000,bclean_keep
680,MeasureName,pneumonia patients given smoking cessation advice/counseling,0.0000,bclean_keep
680,Stateavg,al_pn-4,0.0000,bclean_keep
681,ProviderNumber,10033,0.0000,bclean_keep
681,HospitalName,university of alabama hospital,0.0000,bclean_keep
681,Address1,619 south 19th street,0.0000,bclean_keep
681,City,birmingham,0.0008,bclean_keep
681,State,al,0.5000,bclean_keep
681,ZipCode,35233,0.0000,bclean_keep
681,CountyName,jefferson,0.0003,bclean_keep
681,PhoneNumber,2059344011,0.0000,bclean_keep
681,HospitalType,acute care hospitals,0.5000,bclean_keep
681,HospitalOwner,government - state,0.0000,bclean_keep
681,EmergencyService,yes,0.0000,bclean_keep
681,Condition,pneumonia,0.0001,bclean_keep
681,MeasureCode,pn-5c,0.0007,bclean_keep
681,MeasureName,pneumonia patients given initial antibiotic(s) within 6 hours after arrival,0.0008,bclean_keep
681,Stateavg,al_pn-5c,0.0007,bclean_keep
682,ProviderNumber,10033,0.0000,bclean_keep
682,HospitalName,university of alabama hospital,0.0000,bclean_keep
682,Address1,619 south 19th street,0.0000,bclean_keep
682,City,birmingham,0.0008,bclean_keep
682,State,al,0.5000,bclean_keep
682,ZipCode,35233,0.0000,bclean_keep
682,CountyName,jefferson,0.0004,bclean_keep
682,PhoneNumber,2059344011,0.0000,bclean_keep
682,HospitalType,acute care hospitals,0.5000,bclean_keep
682,HospitalOwner,government - state,0.0000,bclean_keep
682,EmergencyService,yes,0.5000,bclean_keep
682,Condition,pneumonia,0.0002,bclean_keep
682,MeasureCode,pn-6,0.0000,bclean_keep
682,MeasureName,pneumonia patients given the most appropriate initial antibiotic(s),0.0006,bclean_keep
682,Stateavg,al_pn-6,0.0008,bclean_keep
683,ProviderNumber,10033,0.0000,bclean_keep
683,HospitalName,university of alabama hospital,0.0000,bclean_keep
683,Address1,619 south 19th street,0.0000,bclean_keep
683,City,birmingham,0.0008,bclean_keep
683,State,al,0.5000,bclean_keep
683,ZipCode,35233,0.0000,bclean_keep
683,CountyName,jefferson,0.0003,bclean_keep
683,PhoneNumber,2059344011,0.0000,bclean_keep
683,HospitalType,acute care hospitals,0.5000,bclean_keep
683,HospitalOwner,government - state,0.0000,bclean_keep
683,EmergencyService,yes,0.5000,bclean_keep
683,Condition,pneumonia,0.0000,bclean_keep
683,MeasureCode,pn-7,0.0000,bclean_keep
683,MeasureName,pneumonia patients assessed and given influenza vaccination,0.0010,bclean_keep
683,Stateavg,al_pn-7,0.0007,bclean_keep
684,ProviderNumber,10033,0.0000,bclean_keep
684,HospitalName,university of alabama hospital,0.0000,bclean_keep
684,Address1,619 south 19th street,0.0000,bclean_keep
684,City,birmingham,0.0008,bclean_keep
684,State,al,0.5000,bclean_keep
684,ZipCode,35233,0.0000,bclean_keep
684,CountyName,jefferson,0.0004,bclean_keep
684,PhoneNumber,2059344011,0.0000,bclean_keep
684,HospitalType,acute care hospitals,0.5000,bclean_keep
684,HospitalOwner,government - state,0.0000,bclean_keep
684,EmergencyService,yes,0.5000,bclean_keep
684,Condition,surgical infection prevention,0.0005,bclean_keep
684,MeasureCode,scip-card-2,0.0000,bclean_keep
684,MeasureName,surgery patients who were taking heart drugs called beta blockers before coming to the hospital who were kept on the beta blockers during the period just before and after their surgery,0.0010,bclean_keep
684,Stateavg,al_scip-card-2,0.0000,bclean_keep
685,ProviderNumber,10033,0.0000,bclean_keep
685,HospitalName,university of alabama hospital,0.0000,bclean_keep
685,Address1,619 south 19th street,0.0000,bclean_keep
685,City,birmingham,0.0008,bclean_keep
685,State,al,0.5000,bclean_keep
685,ZipCode,35233,0.0000,bclean_keep
685,CountyName,jefferson,0.0004,bclean_keep
685,PhoneNumber,2059344011,0.0000,bclean_keep
685,HospitalType,acute care hospitals,0.5000,bclean_keep
685,HospitalOwner,government - state,0.0000,bclean_keep
685,EmergencyService,yes,0.5000,bclean_keep
685,Condition,surgical infection prevention,0.0000,bclean_keep
685,MeasureCode,scip-inf-1,0.0006,bclean_keep
685,MeasureName,surgery patients who were given an antibiotic at the right time (within one hour before surgery) to help prevent infection,0.0000,bclean_keep
685,Stateavg,al_scip-inf-1,0.0000,bclean_keep
686,ProviderNumber,10033,0.0000,bclean_keep
686,HospitalName,university of alabama hospital,0.0000,bclean_keep
686,Address1,619 south 19th street,0.0000,bclean_keep
686,City,birmingham,0.0008,bclean_keep
686,State,al,0.5000,bclean_keep
686,CountyName,jefferson,0.0004,bclean_keep
686,PhoneNumber,2059344011,0.0000,bclean_keep
686,HospitalType,acute care hospitals,0.5000,bclean_keep
686,HospitalOwner,government - state,0.0000,bclean_keep
686,EmergencyService,yes,0.5000,bclean_keep
686,Condition,surgical infection prevention,0.0001,bclean_keep
686,MeasureCode,scip-inf-2,0.0007,bclean_keep
686,MeasureName,surgery patients who were given the  right kind  of antibiotic to help prevent infection,0.0000,bclean_keep
686,Stateavg,al_scip-inf-2,0.0036,bclean_keep
687,ProviderNumber,10033,0.0000,bclean_keep
687,HospitalName,university of alabama hospital,0.0000,bclean_keep
687,Address1,619 south 19th street,0.0000,bclean_keep
687,City,birmingham,0.0008,bclean_keep
687,State,al,0.5000,bclean_keep
687,ZipCode,35233,0.0000,bclean_keep
687,CountyName,jefferson,0.0004,bclean_keep
687,PhoneNumber,2059344011,0.0000,bclean_keep
687,HospitalType,acute care hospitals,0.5000,bclean_keep
687,HospitalOwner,government - state,0.0000,bclean_keep
687,EmergencyService,yes,0.0000,bclean_keep
687,Condition,surgical infection prevention,0.0001,bclean_keep
687,MeasureCode,scip-inf-3,0.0007,bclean_keep
687,MeasureName,surgery patients whose preventive antibiotics were stopped at the right time (within 24 hours after surgery),0.0000,bclean_keep
687,Stateavg,al_scip-inf-3,0.0000,bclean_keep
688,ProviderNumber,10033,0.0000,bclean_keep
688,HospitalName,university of alabama hospital,0.0000,bclean_keep
688,Address1,619 south 19th street,0.0000,bclean_keep
688,City,birmingham,0.0008,bclean_keep
688,State,al,0.5000,bclean_keep
688,ZipCode,35233,0.0000,bclean_keep
688,CountyName,jefferson,0.0004,bclean_keep
688,PhoneNumber,2059344011,0.0000,bclean_keep
688,HospitalType,acute care hospitals,0.5000,bclean_keep
688,HospitalOwner,government - state,0.0000,bclean_keep
688,EmergencyService,yes,0.5000,bclean_keep
688,Condition,surgical infection prevention,0.0001,bclean_keep
688,MeasureCode,scip-inf-4,0.0008,bclean_keep
688,MeasureName,all heart surgery patients whose blood sugar (blood glucose) is kept under good control in the days right after surgery,0.0010,bclean_keep
688,Stateavg,al_scip-inf-4,0.0000,bclean_keep
689,ProviderNumber,10033,0.0000,bclean_keep
689,HospitalName,university of alabama hospital,0.0000,bclean_keep
689,Address1,619 south 19th street,0.0000,bclean_keep
689,City,birmingham,0.0008,bclean_keep
689,State,al,0.5000,bclean_keep
689,ZipCode,35233,0.0000,bclean_keep
689,CountyName,jefferson,0.0004,bclean_keep
689,PhoneNumber,2059344011,0.0000,bclean_keep
689,HospitalType,acute care hospitals,0.5000,bclean_keep
689,HospitalOwner,government - state,0.0000,bclean_keep
689,EmergencyService,yes,0.5000,bclean_keep
689,Condition,surgical infection prevention,0.0000,bclean_keep
689,MeasureCode,scip-inf-6,0.0000,bclean_keep
689,MeasureName,surgery patients needing hair removed from the surgical area before surgery who had hair removed using a safer method (electric clippers or hair removal cream c not a razor),0.0008,bclean_keep
689,Stateavg,al_scip-inf-6,0.0000,bclean_keep
690,ProviderNumber,10033,0.0000,bclean_keep
690,HospitalName,university of alabama hospital,0.0000,bclean_keep
690,Address1,619 south 19th street,0.0000,bclean_keep
690,City,birmingham,0.0000,bclean_keep
690,State,al,0.5000,bclean_keep
690,ZipCode,35233,0.0000,bclean_keep
690,PhoneNumber,2059344011,0.0000,bclean_keep
690,HospitalType,acute care hospitals,0.5000,bclean_keep
690,HospitalOwner,government - state,0.0000,bclean_keep
690,EmergencyService,yes,0.5000,bclean_keep
690,Condition,surgical infection prevention,0.0000,bclean_keep
690,MeasureCode,scip-vte-1,0.0008,bclean_keep
690,MeasureName,surgery patients whose doctors ordered treatments to prevent blood clots after certain types of surgeries,0.0008,bclean_keep
690,Stateavg,al_scip-vte-1,0.0008,bclean_keep
691,ProviderNumber,10033,0.0000,bclean_keep
691,HospitalName,university of alabama hospital,0.0000,bclean_keep
691,Address1,619 south 19th street,0.0000,bclean_keep
691,State,al,0.5000,bclean_keep
691,ZipCode,35233,0.0000,bclean_keep
691,CountyName,jefferson,0.0004,bclean_keep
691,PhoneNumber,2059344011,0.0000,bclean_keep
691,HospitalType,acute care hospitals,0.5000,bclean_keep
691,HospitalOwner,government - state,0.0000,bclean_keep
691,EmergencyService,yes,0.5000,bclean_keep
691,Condition,surgical infection prevention,0.0001,bclean_keep
691,MeasureCode,scip-vte-2,0.0000,bclean_keep
691,MeasureName,patients who got treatment  at the right time (within 24 hours before or after their surgery) to help prevent blood clots after certain types of surgery,0.0000,bclean_keep
691,Stateavg,al_scip-vte-2,0.0008,bclean_keep
692,ProviderNumber,10034,0.0000,bclean_keep
692,HospitalName,community hospital inc,0.0019,bclean_keep
692,Address1,805 friendship road,0.0000,bclean_keep
692,City,tallassee,0.0021,bclean_keep
692,State,al,0.5000,bclean_keep
692,ZipCode,36078,0.0000,bclean_keep
692,CountyName,elmore,0.0022,bclean_keep
692,PhoneNumber,3342836541,0.0000,bclean_keep
692,HospitalType,acute care hospitals,0.5000,bclean_keep
692,HospitalOwner,voluntary non-profit - private,0.0000,bclean_keep
692,EmergencyService,no,0.0000,bclean_keep
692,Condition,heart attack,0.0003,bclean_keep
692,MeasureName,heart attack patients given aspirin at arrival,0.0011,bclean_keep
692,Stateavg,al_ami-1,0.0011,bclean_keep
693,ProviderNumber,10034,0.0000,bclean_keep
693,HospitalName,community hospital inc,0.0020,bclean_keep
693,Address1,805 friendship road,0.0000,bclean_keep
693,City,tallassee,0.0000,bclean_keep
693,State,al,0.5000,bclean_keep
693,ZipCode,36078,0.0000,bclean_keep
693,PhoneNumber,3342836541,0.0000,bclean_keep
693,HospitalType,acute care hospitals,0.5000,bclean_keep
693,HospitalOwner,voluntary non-profit - private,0.0000,bclean_keep
693,EmergencyService,no,0.0000,bclean_keep
693,Condition,heart attack,0.0003,bclean_keep
693,MeasureCode,ami-2,0.0006,bclean_keep
693,MeasureName,heart attack patients given aspirin at discharge,0.0007,bclean_keep
693,Stateavg,al_ami-2,0.0007,bclean_keep
694,ProviderNumber,10034,0.0000,bclean_keep
694,HospitalName,community hospital inc,0.0019,bclean_keep
694,Address1,805 friendship road,0.0000,bclean_keep
694,City,tallassee,0.0021,bclean_keep
694,State,al,0.5000,bclean_keep
694,ZipCode,36078,0.0000,bclean_keep
694,CountyName,elmore,0.0022,bclean_keep
694,PhoneNumber,3342836541,0.0000,bclean_keep
694,HospitalType,acute care hospitals,0.5000,bclean_keep
694,HospitalOwner,voluntary non-profit - private,0.0000,bclean_keep
694,EmergencyService,no,0.0000,bclean_keep
694,Condition,heart attack,0.0003,bclean_keep
694,MeasureCode,ami-3,0.0006,bclean_keep
694,MeasureName,heart attack patients given ace inhibitor or arb for left ventricular systolic dysfunction (lvsd),0.0006,bclean_keep
694,Stateavg,al_ami-3,0.0000,bclean_keep
695,ProviderNumber,10034,0.0000,bclean_keep
695,HospitalName,community hospital inc,0.0019,bclean_keep
695,Address1,805 friendship road,0.0000,bclean_keep
695,City,tallassee,0.0021,bclean_keep
695,State,al,0.5000,bclean_keep
695,ZipCode,36078,0.0000,bclean_keep
695,CountyName,elmore,0.0022,bclean_keep
695,PhoneNumber,3342836541,0.0000,bclean_keep
695,HospitalType,acute care hospitals,0.5000,bclean_keep
695,HospitalOwner,voluntary non-profit - private,0.0000,bclean_keep
695,EmergencyService,no,0.0000,bclean_keep
695,Condition,heart attack,0.0004,bclean_keep
695,MeasureName,heart attack patients given smoking cessation advice/counseling,0.0000,bclean_keep
695,Stateavg,al_ami-4,0.0000,bclean_keep
696,ProviderNumber,10034,0.0000,bclean_keep
696,HospitalName,community hospital inc,0.0017,bclean_keep
696,Address1,805 friendship road,0.0000,bclean_keep
696,City,tallassee,0.0020,bclean_keep
696,State,al,0.5000,bclean_keep
696,ZipCode,36078,0.0000,bclean_keep
696,CountyName,elmore,0.0021,bclean_keep
696,PhoneNumber,3342836541,0.0000,bclean_keep
696,HospitalType,acute cxre hospitxls,0.5000,bclean_keep
696,HospitalOwner,voluntary non-profit - private,0.0000,bclean_keep
696,EmergencyService,no,0.0000,bclean_keep
696,MeasureCode,ami-5,0.0000,bclean_keep
696,MeasureName,heart attack patients given beta blocker at discharge,0.0008,bclean_keep
696,Stateavg,al_ami-5,0.0007,bclean_keep
697,ProviderNumber,10034,0.0000,bclean_keep
697,HospitalName,community hospital inc,0.0000,bclean_keep
697,Address1,805 friendship road,0.0000,bclean_keep
697,State,al,0.5000,bclean_keep
697,ZipCode,36078,0.0000,bclean_keep
697,CountyName,elmore,0.0022,bclean_keep
697,PhoneNumber,3342836541,0.0000,bclean_keep
697,HospitalType,acute care hospitals,0.5000,bclean_keep
697,HospitalOwner,voluntary non-profit - private,0.0000,bclean_keep
697,EmergencyService,no,0.0000,bclean_keep
697,Condition,heart attack,0.0001,bclean_keep
697,MeasureCode,ami-7a,0.0000,bclean_keep
697,MeasureName,heart attack patients given fibrinolytic medication within 30 minutes of arrival,0.0000,bclean_keep
697,Stateavg,al_ami-7a,0.0009,bclean_keep
698,ProviderNumber,10034,0.0000,bclean_keep
698,Address1,805 friendship road,0.0000,bclean_keep
698,City,tallassee,0.0021,bclean_keep
698,State,al,0.5000,bclean_keep
698,ZipCode,36078,0.0000,bclean_keep
698,CountyName,elmore,0.0022,bclean_keep
698,PhoneNumber,3342836541,0.0000,bclean_keep
698,HospitalType,acute care hospitals,0.5000,bclean_keep
698,HospitalOwner,voluntary non-profit - private,0.0000,bclean_keep
698,EmergencyService,no,0.0000,bclean_keep
698,Condition,heart attack,0.0003,bclean_keep
698,MeasureCode,ami-8a,0.0000,bclean_keep
698,MeasureName,heart attack patients given pci within 90 minutes of arrival,0.0007,bclean_keep
698,Stateavg,al_ami-8a,0.0007,bclean_keep
699,ProviderNumber,10034,0.0000,bclean_keep
699,HospitalName,community hospital inc,0.0017,bclean_keep
699,Address1,805 friendship road,0.0000,bclean_keep
699,City,tallassee,0.0000,bclean_keep
699,State,al,0.5000,bclean_keep
699,ZipCode,36078,0.0000,bclean_keep
699,PhoneNumber,3342836541,0.0000,bclean_keep
699,HospitalType,acute care hospitals,0.5000,bclean_keep
699,HospitalOwner,voluntary non-profit - private,0.0000,bclean_keep
699,EmergencyService,no,0.0000,bclean_keep
699,MeasureCode,hf-1,0.0000,bclean_keep
699,MeasureName,heart failure patients given discharge instructions,0.0008,bclean_keep
699,Stateavg,al_hf-1,0.0000,bclean_keep
700,ProviderNumber,10034,0.0000,bclean_keep
700,HospitalName,community hospital inc,0.0000,bclean_keep
700,Address1,805 friendship road,0.0000,bclean_keep
700,City,tallassee,0.0020,bclean_keep
700,State,al,0.5000,bclean_keep
700,ZipCode,36078,0.0000,bclean_keep
700,CountyName,elmore,0.0021,bclean_keep
700,HospitalType,acute care hospitals,0.5000,bclean_keep
700,HospitalOwner,voluntary non-profit - private,0.0000,bclean_keep
700,EmergencyService,no,0.0000,bclean_keep
700,Condition,heart failure,0.0002,bclean_keep
700,MeasureCode,hf-2,0.0008,bclean_keep
700,MeasureName,heart failure patients given an evaluation of left ventricular systolic (lvs) function,0.0007,bclean_keep
700,Stateavg,al_hf-2,0.0007,bclean_keep
701,ProviderNumber,10034,0.0000,bclean_keep
701,HospitalName,community hospital inc,0.0017,bclean_keep
701,Address1,805 friendship road,0.0000,bclean_keep
701,City,tallassee,0.0020,bclean_keep
701,State,al,0.5000,bclean_keep
701,ZipCode,36078,0.0000,bclean_keep
701,CountyName,elmore,0.0021,bclean_keep
701,PhoneNumber,3342836541,0.0000,bclean_keep
701,HospitalType,acute care hospitals,0.5000,bclean_keep
701,HospitalOwner,voluntary non-profit - private,0.0000,bclean_keep
701,EmergencyService,no,0.0000,bclean_keep
701,Condition,heart failure,0.0003,bclean_keep
701,MeasureCode,hf-3,0.0000,bclean_keep
701,MeasureName,heart failure patients given ace inhibitor or arb for left ventricular systolic dysfunction (lvsd),0.0008,bclean_keep
701,Stateavg,al_hf-3,0.0000,bclean_keep
702,ProviderNumber,10034,0.0000,bclean_keep
702,HospitalName,community hospital inc,0.0017,bclean_keep
702,Address1,805 friendship road,0.0000,bclean_keep
702,City,tallassee,0.0020,bclean_keep
702,ZipCode,36078,0.0000,bclean_keep
702,CountyName,elmore,0.0021,bclean_keep
702,PhoneNumber,3342836541,0.0000,bclean_keep
702,HospitalType,acute care hospitals,0.5000,bclean_keep
702,HospitalOwner,voluntary non-profit - private,0.0000,bclean_keep
702,EmergencyService,no,0.0000,bclean_keep
702,Condition,heart failure,0.0002,bclean_keep
702,MeasureCode,hf-4,0.0006,bclean_keep
702,MeasureName,heart failure patients given smoking cessation advice/counseling,0.0008,bclean_keep
702,Stateavg,al_hf-4,0.0007,bclean_keep
703,ProviderNumber,10034,0.0000,bclean_keep
703,HospitalName,community hospital inc,0.0017,bclean_keep
703,Address1,805 friendship road,0.0000,bclean_keep
703,City,tallassee,0.0020,bclean_keep
703,State,al,0.5000,bclean_keep
703,ZipCode,36078,0.0000,bclean_keep
703,CountyName,elmore,0.0021,bclean_keep
703,PhoneNumber,3342836541,0.0000,bclean_keep
703,HospitalType,acute care hospitals,0.5000,bclean_keep
703,HospitalOwner,voluntary non-profit - private,0.0000,bclean_keep
703,EmergencyService,no,0.0000,bclean_keep
703,Condition,pneumonia,0.0000,bclean_keep
703,MeasureCode,pn-2,0.0006,bclean_keep
703,MeasureName,pneumonia patients assessed and given pneumococcal vaccination,0.0000,bclean_keep
703,Stateavg,al_pn-2,0.0007,bclean_keep
704,ProviderNumber,10034,0.0000,bclean_keep
704,HospitalName,community hospital inc,0.0017,bclean_keep
704,Address1,805 friendship road,0.0000,bclean_keep
704,City,tallassee,0.0020,bclean_keep
704,State,al,0.5000,bclean_keep
704,ZipCode,36078,0.0000,bclean_keep
704,CountyName,elmore,0.0021,bclean_keep
704,PhoneNumber,3342836541,0.0000,bclean_keep
704,HospitalType,acute care hospitals,0.5000,bclean_keep
704,HospitalOwner,voluntary non-profit - private,0.0000,bclean_keep
704,EmergencyService,no,0.0000,bclean_keep
704,Condition,pneumonia,0.0002,bclean_keep
704,MeasureCode,pn-3b,0.0006,bclean_keep
704,MeasureName,pneumonia patients whose initial emergency room blood culture was performed prior to the administration of the first hospital dose of antibiotics,0.0007,bclean_keep
704,Stateavg,al_pn-3b,0.0007,bclean_keep
705,HospitalName,community hospital inc,0.0017,bclean_keep
705,Address1,805 friendship road,0.0000,bclean_keep
705,City,tallassee,0.0020,bclean_keep
705,State,al,0.5000,bclean_keep
705,ZipCode,36078,0.0000,bclean_keep
705,CountyName,elmore,0.0021,bclean_keep
705,PhoneNumber,3342836541,0.0000,bclean_keep
705,HospitalType,acute care hospitals,0.5000,bclean_keep
705,HospitalOwner,voluntary non-profit - private,0.0000,bclean_keep
705,EmergencyService,no,0.0000,bclean_keep
705,Condition,pneumonia,0.0003,bclean_keep
705,MeasureCode,pn-4,0.0026,bclean_keep
705,MeasureName,pneumonia patients given smoking cessation advice/counseling,0.0000,bclean_keep
705,Stateavg,al_pn-4,0.0000,bclean_keep
706,ProviderNumber,10034,0.0000,bclean_keep
706,HospitalName,community hospital inc,0.0017,bclean_keep
706,Address1,805 friendship road,0.0000,bclean_keep
706,City,tallassee,0.0020,bclean_keep
706,State,al,0.5000,bclean_keep
706,ZipCode,36078,0.0000,bclean_keep
706,CountyName,elmore,0.0020,bclean_keep
706,PhoneNumber,3342836541,0.0000,bclean_keep
706,HospitalType,acutexcarexhospitals,0.5000,bclean_keep
706,HospitalOwner,voluntary non-profit - private,0.0000,bclean_keep
706,EmergencyService,no,0.0000,bclean_keep
706,Condition,pneumonia,0.0002,bclean_keep
706,MeasureCode,pn-5c,0.0000,bclean_keep
706,Stateavg,al_pn-5c,0.0008,bclean_keep
707,ProviderNumber,10034,0.0000,bclean_keep
707,HospitalName,community hospital inc,0.0017,bclean_keep
707,Address1,805 friendship road,0.0000,bclean_keep
707,City,tallassee,0.0020,bclean_keep
707,State,al,0.5000,bclean_keep
707,ZipCode,36078,0.0000,bclean_keep
707,CountyName,elmore,0.0021,bclean_keep
707,PhoneNumber,3342836541,0.0000,bclean_keep
707,HospitalType,acute care hospitals,0.5000,bclean_keep
707,HospitalOwner,voluntary non-profit - private,0.0000,bclean_keep
707,EmergencyService,no,0.0000,bclean_keep
707,Condition,pneumonia,0.0002,bclean_keep
707,MeasureCode,pn-6,0.0000,bclean_keep
707,Stateavg,al_pn-6,0.0007,bclean_keep
708,ProviderNumber,10034,0.0000,bclean_keep
708,HospitalName,community hospital inc,0.0017,bclean_keep
708,Address1,805 friendship road,0.0000,bclean_keep
708,City,tallassee,0.0020,bclean_keep
708,State,al,0.5000,bclean_keep
708,ZipCode,36078,0.0000,bclean_keep
708,CountyName,elmore,0.0021,bclean_keep
708,PhoneNumber,3342836541,0.0000,bclean_keep
708,HospitalType,acute care hospitals,0.5000,bclean_keep
708,HospitalOwner,voluntary non-profit - private,0.0000,bclean_keep
708,EmergencyService,no,0.0000,bclean_keep
708,Condition,pneumonia,0.0000,bclean_keep
708,MeasureCode,pn-7,0.0000,bclean_keep
708,MeasureName,pneumonia patients assessed and given influenza vaccination,0.0009,bclean_keep
708,Stateavg,al_pn-7,0.0007,bclean_keep
709,ProviderNumber,10034,0.0000,bclean_keep
709,HospitalName,community hospital inc,0.0017,bclean_keep
709,Address1,805 friendship road,0.0000,bclean_keep
709,City,tallassee,0.0020,bclean_keep
709,State,al,0.5000,bclean_keep
709,ZipCode,36078,0.0000,bclean_keep
709,CountyName,elmore,0.0021,bclean_keep
709,PhoneNumber,3342836541,0.0000,bclean_keep
709,HospitalType,acute care hospitals,0.5000,bclean_keep
709,HospitalOwner,voluntary non-profit - private,0.0000,bclean_keep
709,EmergencyService,no,0.0000,bclean_keep
709,Condition,surgical infection prevention,0.0006,bclean_keep
709,MeasureCode,scip-card-2,0.0000,bclean_keep
709,MeasureName,surgery patients who were taking heart drugs called beta blockers before coming to the hospital who were kept on the beta blockers during the period just before and after their surgery,0.0009,bclean_keep
709,Stateavg,al_scip-card-2,0.0000,bclean_keep
710,ProviderNumber,10034,0.0000,bclean_keep
710,HospitalName,community hospital inc,0.0017,bclean_keep
710,Address1,805 friendship road,0.0000,bclean_keep
710,City,tallassee,0.0020,bclean_keep
710,State,al,0.5000,bclean_keep
710,ZipCode,36078,0.0000,bclean_keep
710,CountyName,elmore,0.0021,bclean_keep
710,PhoneNumber,3342836541,0.0000,bclean_keep
710,HospitalType,acute care hospitals,0.5000,bclean_keep
710,HospitalOwner,voluntary non-profit - private,0.0000,bclean_keep
710,EmergencyService,no,0.0000,bclean_keep
710,Condition,surgical infection prevention,0.0000,bclean_keep
710,MeasureCode,scip-inf-1,0.0008,bclean_keep
710,MeasureName,surgery patients who were given an antibiotic at the right time (within one hour before surgery) to help prevent infection,0.0000,bclean_keep
710,Stateavg,al_scip-inf-1,0.0000,bclean_keep
711,ProviderNumber,10034,0.0000,bclean_keep
711,HospitalName,communixy hospixal inc,0.0000,bclean_keep
711,Address1,805 friendship road,0.0000,bclean_keep
711,City,tallassee,0.0000,bclean_keep
711,State,al,0.5000,bclean_keep
711,ZipCode,36x78,0.5000,bclean_keep
711,CountyName,elmore,0.0020,bclean_keep
711,PhoneNumber,3342836541,0.0000,bclean_keep
711,HospitalType,acute care hospitals,0.5000,bclean_keep
711,HospitalOwner,voluntary non-profit - private,0.0000,bclean_keep
711,EmergencyService,no,0.0000,bclean_keep
711,Condition,surgical infection prevention,0.0001,bclean_keep
711,MeasureCode,scip-inf-2,0.0007,bclean_keep
711,MeasureName,surgery patients who were given the  right kind  of antibiotic to help prevent infection,0.0000,bclean_keep
711,Stateavg,al_scip-inf-2,0.0033,bclean_keep
712,ProviderNumber,10034,0.0000,bclean_keep
712,HospitalName,community hospital inc,0.0017,bclean_keep
712,Address1,805 friendship road,0.0000,bclean_keep
712,City,tallassee,0.0020,bclean_keep
712,State,al,0.5000,bclean_keep
712,ZipCode,36078,0.0000,bclean_keep
712,CountyName,elmore,0.0021,bclean_keep
712,PhoneNumber,3342836541,0.0000,bclean_keep
712,HospitalType,acute care hospitals,0.5000,bclean_keep
712,HospitalOwner,voluntary non-profit - private,0.0000,bclean_keep
712,EmergencyService,no,0.0000,bclean_keep
712,Condition,surgical infection prevention,0.0001,bclean_keep
712,MeasureCode,scip-inf-3,0.0007,bclean_keep
712,MeasureName,surgery patients whose preventive antibiotics were stopped at the right time (within 24 hours after surgery),0.0000,bclean_keep
712,Stateavg,al_scip-inf-3,0.0000,bclean_keep
713,ProviderNumber,10034,0.0000,bclean_keep
713,HospitalName,community hospital inc,0.0017,bclean_keep
713,Address1,805 friendship road,0.0000,bclean_keep
713,City,tallassee,0.0020,bclean_keep
713,State,al,0.5000,bclean_keep
713,ZipCode,36078,0.0000,bclean_keep
713,CountyName,elmore,0.0021,bclean_keep
713,PhoneNumber,3342836541,0.0000,bclean_keep
713,HospitalType,acute care hospitals,0.5000,bclean_keep
713,HospitalOwner,voluntary non-profit - private,0.0000,bclean_keep
713,EmergencyService,no,0.0000,bclean_keep
713,MeasureCode,scip-inf-4,0.0000,bclean_keep
713,MeasureName,all heart surgery patients whose blood sugar (blood glucose) is kept under good control in the days right after surgery,0.0010,bclean_keep
713,Stateavg,al_scip-inf-4,0.0000,bclean_keep
714,ProviderNumber,10034,0.0000,bclean_keep
714,HospitalName,community hospital inc,0.0000,bclean_keep
714,Address1,805 friendship road,0.0000,bclean_keep
714,City,tallassee,0.0020,bclean_keep
714,State,al,0.5000,bclean_keep
714,ZipCode,36078,0.0000,bclean_keep
714,CountyName,elmore,0.0020,bclean_keep
714,HospitalType,acute care hospitals,0.5000,bclean_keep
714,HospitalOwner,voluntary non-profit - private,0.0000,bclean_keep
714,EmergencyService,no,0.0000,bclean_keep
714,Condition,surgical infection prevention,0.0000,bclean_keep
714,MeasureCode,scip-inf-6,0.0000,bclean_keep
714,Stateavg,al_scip-inf-6,0.0000,bclean_keep
715,ProviderNumber,10034,0.0000,bclean_keep
715,HospitalName,community hospital inc,0.0017,bclean_keep
715,Address1,805 friendship road,0.0000,bclean_keep
715,City,tallassee,0.0020,bclean_keep
715,State,al,0.5000,bclean_keep
715,ZipCode,36078,0.0000,bclean_keep
715,CountyName,elmore,0.0021,bclean_keep
715,PhoneNumber,3342836541,0.0000,bclean_keep
715,HospitalType,acute care hospitals,0.5000,bclean_keep
715,HospitalOwner,voluntary non-profit - private,0.0000,bclean_keep
715,EmergencyService,no,0.0000,bclean_keep
715,Condition,surgical infection prevention,0.0000,bclean_keep
715,MeasureCode,scip-vte-1,0.0007,bclean_keep
715,MeasureName,surgery patients whose doctors ordered treatments to prevent blood clots after certain types of surgeries,0.0008,bclean_keep
715,Stateavg,al_scip-vte-1,0.0010,bclean_keep
716,ProviderNumber,10034,0.0000,bclean_keep
716,HospitalName,community hospital inc,0.0017,bclean_keep
716,Address1,805 friendship road,0.0000,bclean_keep
716,City,tallassee,0.0020,bclean_keep
716,State,al,0.5000,bclean_keep
716,ZipCode,36078,0.0000,bclean_keep
716,CountyName,elmore,0.0021,bclean_keep
716,PhoneNumber,3342836541,0.0000,bclean_keep
716,HospitalType,acute care hospitals,0.5000,bclean_keep
716,HospitalOwner,voluntary non-profit - private,0.0000,bclean_keep
716,EmergencyService,no,0.0000,bclean_keep
716,Condition,surgical infection prevention,0.0001,bclean_keep
716,MeasureCode,scip-vte-2,0.0000,bclean_keep
716,MeasureName,patients who got treatment  at the right time (within 24 hours before or after their surgery) to help prevent blood clots after certain types of surgery,0.0000,bclean_keep
716,Stateavg,al_scip-vte-2,0.0008,bclean_keep
717,ProviderNumber,10035,0.0000,bclean_keep
717,HospitalName,cullman regional medical center,0.0013,bclean_keep
717,Address1,1912 alabama highway 157,0.0017,bclean_keep
717,City,cullman,0.0018,bclean_keep
717,State,al,0.5000,bclean_keep
717,ZipCode,35058,0.0000,bclean_keep
717,CountyName,cullman,0.0077,bclean_keep
717,PhoneNumber,2567372000,0.0000,bclean_keep
717,HospitalType,acute care hospitals,0.5000,bclean_keep
717,HospitalOwner,government - hospital district or authority,0.0000,bclean_keep
717,EmergencyService,yes,0.5000,bclean_keep
717,MeasureCode,ami-1,0.0000,bclean_keep
717,MeasureName,heart attack patients given aspirin at arrival,0.0009,bclean_keep
717,Stateavg,al_ami-1,0.0010,bclean_keep
718,ProviderNumber,10035,0.0000,bclean_keep
718,HospitalName,cullman regional medical center,0.0013,bclean_keep
718,Address1,1912 alabama highway 157,0.0017,bclean_keep
718,City,cullman,0.0018,bclean_keep
718,State,al,0.5000,bclean_keep
718,ZipCode,35058,0.0000,bclean_keep
718,CountyName,cullman,0.0078,bclean_keep
718,PhoneNumber,2567372000,0.0000,bclean_keep
718,HospitalType,acute care hospitals,0.5000,bclean_keep
718,HospitalOwner,government - hospital district or authority,0.0000,bclean_keep
718,EmergencyService,yes,0.5000,bclean_keep
718,Condition,heart attack,0.0003,bclean_keep
718,MeasureCode,ami-2,0.0007,bclean_keep
718,MeasureName,heart attack patients given aspirin at discharge,0.0007,bclean_keep
718,Stateavg,al_ami-2,0.0008,bclean_keep
719,ProviderNumber,10035,0.0000,bclean_keep
719,HospitalName,cullman regional medical center,0.0013,bclean_keep
719,Address1,1912 alabama highway 157,0.0017,bclean_keep
719,City,cullman,0.0018,bclean_keep
719,State,al,0.5000,bclean_keep
719,ZipCode,35058,0.0000,bclean_keep
719,CountyName,cullman,0.0078,bclean_keep
719,PhoneNumber,2567372000,0.0000,bclean_keep
719,HospitalType,acute care hospitals,0.5000,bclean_keep
719,HospitalOwner,government - hospital district or authority,0.0000,bclean_keep
719,EmergencyService,yes,0.5000,bclean_keep
719,Condition,heart attack,0.0003,bclean_keep
719,MeasureName,heart attack patients given ace inhibitor or arb for left ventricular systolic dysfunction (lvsd),0.0006,bclean_keep
719,Stateavg,al_ami-3,0.0000,bclean_keep
720,ProviderNumber,10035,0.0000,bclean_keep
720,HospitalName,cullman regional medical center,0.0013,bclean_keep
720,Address1,1912 alabama highway 157,0.0017,bclean_keep
720,City,cullman,0.0018,bclean_keep
720,State,al,0.5000,bclean_keep
720,ZipCode,35058,0.0000,bclean_keep
720,CountyName,cullman,0.0078,bclean_keep
720,PhoneNumber,2567372000,0.0000,bclean_keep
720,HospitalType,acute care hospitals,0.5000,bclean_keep
720,HospitalOwner,government - hospital district or authority,0.0000,bclean_keep
720,EmergencyService,yes,0.5000,bclean_keep
720,Condition,heart attack,0.0003,bclean_keep
720,MeasureCode,ami-4,0.0005,bclean_keep
720,MeasureName,heart attack patients given smoking cessation advice/counseling,0.0000,bclean_keep
720,Stateavg,al_ami-4,0.0000,bclean_keep
721,ProviderNumber,10035,0.0000,bclean_keep
721,HospitalName,cullman regional medical center,0.0013,bclean_keep
721,Address1,1912 alabama highway 157,0.0017,bclean_keep
721,City,cullman,0.0018,bclean_keep
721,State,al,0.5000,bclean_keep
721,ZipCode,35058,0.0000,bclean_keep
721,CountyName,cullman,0.0078,bclean_keep
721,PhoneNumber,2567372000,0.0000,bclean_keep
721,HospitalType,acute care hospitals,0.5000,bclean_keep
721,HospitalOwner,government - hospital district or authority,0.0000,bclean_keep
721,EmergencyService,yes,0.5000,bclean_keep
721,Condition,heart attack,0.0003,bclean_keep
721,MeasureCode,ami-5,0.0007,bclean_keep
721,MeasureName,heart attack patients given beta blocker at discharge,0.0007,bclean_keep
721,Stateavg,al_ami-5,0.0007,bclean_keep
722,HospitalName,cullman regional medical center,0.0013,bclean_keep
722,Address1,1912 alabama highway 157,0.0017,bclean_keep
722,City,cullman,0.0018,bclean_keep
722,State,al,0.5000,bclean_keep
722,ZipCode,35058,0.0000,bclean_keep
722,CountyName,cullman,0.0078,bclean_keep
722,PhoneNumber,2567372000,0.0000,bclean_keep
722,HospitalType,acute care hospitals,0.5000,bclean_keep
722,HospitalOwner,government - hospital district or authority,0.0000,bclean_keep
722,EmergencyService,yes,0.5000,bclean_keep
722,Condition,heart attack,0.0001,bclean_keep
722,MeasureCode,ami-7a,0.0000,bclean_keep
722,MeasureName,heart attack patients given fibrinolytic medication within 30 minutes of arrival,0.0000,bclean_keep
723,ProviderNumber,10035,0.0000,bclean_keep
723,HospitalName,cullman regional medical center,0.0017,bclean_keep
723,Address1,1912 alabama highway 157,0.0017,bclean_keep
723,City,cullman,0.0000,bclean_keep
723,State,al,0.5000,bclean_keep
723,ZipCode,35058,0.0000,bclean_keep
723,PhoneNumber,2567372000,0.0000,bclean_keep
723,HospitalType,acute care hospitals,0.5000,bclean_keep
723,HospitalOwner,government - hospital district or authority,0.0000,bclean_keep
723,EmergencyService,yes,0.5000,bclean_keep
723,Condition,heart attack,0.0003,bclean_keep
723,MeasureCode,ami-8a,0.0000,bclean_keep
723,MeasureName,heart attack patients given pci within 90 minutes of arrival,0.0007,bclean_keep
723,Stateavg,al_ami-8a,0.0009,bclean_keep
724,ProviderNumber,10035,0.0000,bclean_keep
724,HospitalName,cullman regional medical center,0.0013,bclean_keep
724,Address1,1912 alabama highway 157,0.0017,bclean_keep
724,City,cullman,0.0018,bclean_keep
724,State,al,0.5000,bclean_keep
724,ZipCode,35058,0.0000,bclean_keep
724,CountyName,cullman,0.0076,bclean_keep
724,PhoneNumber,2567372000,0.0000,bclean_keep
724,HospitalType,acute care hospitals,0.5000,bclean_keep
724,HospitalOwner,government - hospital district or authority,0.0000,bclean_keep
724,EmergencyService,yes,0.5000,bclean_keep
724,Condition,heart failure,0.0004,bclean_keep
724,MeasureCode,hf-1,0.0028,bclean_keep
724,MeasureName,heart failure patients given discharge instructions,0.0009,bclean_keep
724,Stateavg,al_hf-1,0.0000,bclean_keep
725,HospitalName,cullman regional medical center,0.0013,bclean_keep
725,Address1,1912 alabama highway 157,0.0017,bclean_keep
725,City,cullman,0.0018,bclean_keep
725,State,al,0.5000,bclean_keep
725,ZipCode,35058,0.0000,bclean_keep
725,CountyName,cullman,0.0076,bclean_keep
725,PhoneNumber,2567372000,0.0000,bclean_keep
725,HospitalType,acute care hospitals,0.5000,bclean_keep
725,HospitalOwner,government - hospital district or authority,0.0000,bclean_keep
725,EmergencyService,yes,0.5000,bclean_keep
725,Condition,heart failure,0.0002,bclean_keep
725,MeasureCode,hf-2,0.0008,bclean_keep
725,MeasureName,heart failure patients given an evaluation of left ventricular systolic (lvs) function,0.0008,bclean_keep
725,Stateavg,al_hf-2,0.0007,bclean_keep
726,ProviderNumber,10035,0.0000,bclean_keep
726,HospitalName,cullman regional medical center,0.0013,bclean_keep
726,Address1,1912 alabama highway 157,0.0017,bclean_keep
726,City,cullman,0.0018,bclean_keep
726,State,al,0.5000,bclean_keep
726,ZipCode,35058,0.0000,bclean_keep
726,CountyName,cullman,0.0076,bclean_keep
726,PhoneNumber,2567372000,0.0000,bclean_keep
726,HospitalType,acute care hospitals,0.5000,bclean_keep
726,HospitalOwner,government - hospital district or authority,0.0000,bclean_keep
726,EmergencyService,yes,0.5000,bclean_keep
726,Condition,heart failure,0.0003,bclean_keep
726,MeasureCode,hf-3,0.0000,bclean_keep
726,MeasureName,heart failure patients given ace inhibitor or arb for left ventricular systolic dysfunction (lvsd),0.0007,bclean_keep
726,Stateavg,al_hf-3,0.0000,bclean_keep
727,ProviderNumber,10035,0.0000,bclean_keep
727,HospitalName,cullman regional medical center,0.0013,bclean_keep
727,Address1,1912 alabama highway 157,0.0017,bclean_keep
727,City,cullman,0.0018,bclean_keep
727,State,al,0.5000,bclean_keep
727,ZipCode,35058,0.0000,bclean_keep
727,CountyName,cullman,0.0076,bclean_keep
727,PhoneNumber,2567372000,0.0000,bclean_keep
727,HospitalType,acute care hospitals,0.5000,bclean_keep
727,HospitalOwner,government - hospital district or authority,0.0000,bclean_keep
727,EmergencyService,yes,0.5000,bclean_keep
727,Condition,heart failure,0.0002,bclean_keep
727,MeasureCode,hf-4,0.0007,bclean_keep
727,MeasureName,heart failure patients given smoking cessation advice/counseling,0.0008,bclean_keep
727,Stateavg,al_hf-4,0.0008,bclean_keep
728,ProviderNumber,10035,0.0000,bclean_keep
728,HospitalName,cullman regional medical center,0.0015,bclean_keep
728,Address1,1912 alabama highway 157,0.0017,bclean_keep
728,City,cullman,0.0018,bclean_keep
728,State,al,0.5000,bclean_keep
728,ZipCode,35058,0.0000,bclean_keep
728,CountyName,cullman,0.0078,bclean_keep
728,PhoneNumber,2567372000,0.0000,bclean_keep
728,HospitalType,acute care hospitals,0.5000,bclean_keep
728,HospitalOwner,government - hospital district or authority,0.0000,bclean_keep
728,EmergencyService,yes,0.5000,bclean_keep
728,Condition,pneumonia,0.0000,bclean_keep
728,MeasureCode,pn-2,0.0007,bclean_keep
728,MeasureName,pneumonia patients assessed and given pneumococcal vaccination,0.0000,bclean_keep
728,Stateavg,al_pn-2,0.0008,bclean_keep
729,ProviderNumber,10035,0.0000,bclean_keep
729,HospitalName,cullman regional medical center,0.0015,bclean_keep
729,Address1,1912 alabama highway 157,0.0017,bclean_keep
729,City,cullman,0.0018,bclean_keep
729,State,al,0.5000,bclean_keep
729,ZipCode,35058,0.0000,bclean_keep
729,CountyName,cullman,0.0078,bclean_keep
729,PhoneNumber,2567372000,0.0000,bclean_keep
729,HospitalType,acute care hospitals,0.5000,bclean_keep
729,HospitalOwner,government - hospital district or authority,0.0000,bclean_keep
729,EmergencyService,yes,0.5000,bclean_keep
729,Condition,pneumonia,0.0003,bclean_keep
729,MeasureCode,pn-3b,0.0007,bclean_keep
729,MeasureName,pneumonia patients whose initial emergency room blood culture was performed prior to the administration of the first hospital dose of antibiotics,0.0007,bclean_keep
729,Stateavg,al_pn-3b,0.0009,bclean_keep
730,ProviderNumber,10035,0.0000,bclean_keep
730,HospitalName,cullman regional medical center,0.0015,bclean_keep
730,Address1,1912 alabama highway 157,0.0017,bclean_keep
730,City,cullman,0.0017,bclean_keep
730,State,al,0.5000,bclean_keep
730,ZipCode,35058,0.0000,bclean_keep
730,CountyName,cullman,0.0077,bclean_keep
730,PhoneNumber,2567372000,0.0000,bclean_keep
730,HospitalType,acutexcarexhospitals,0.5000,bclean_keep
730,HospitalOwner,government - hospital district or authority,0.0000,bclean_keep
730,EmergencyService,yes,0.5000,bclean_keep
730,Condition,pneumonia,0.0003,bclean_keep
730,MeasureName,pneumonia patients given smoking cessation advice/counseling,0.0000,bclean_keep
730,Stateavg,al_pn-4,0.0000,bclean_keep
731,ProviderNumber,10035,0.0000,bclean_keep
731,Address1,1912 alabama highway 157,0.0017,bclean_keep
731,City,cullman,0.0000,bclean_keep
731,State,al,0.5000,bclean_keep
731,ZipCode,35058,0.0000,bclean_keep
731,PhoneNumber,2567372000,0.0000,bclean_keep
731,HospitalType,acute care hospitals,0.5000,bclean_keep
731,HospitalOwner,government - hospital district or authority,0.0000,bclean_keep
731,EmergencyService,yes,0.5000,bclean_keep
731,Condition,pneumonia,0.0001,bclean_keep
731,MeasureCode,pn-5c,0.0007,bclean_keep
731,MeasureName,pneumonia patients given initial antibiotic(s) within 6 hours after arrival,0.0008,bclean_keep
731,Stateavg,al_pn-5c,0.0007,bclean_keep
732,ProviderNumber,10035,0.0000,bclean_keep
732,HospitalName,cullman regional medical center,0.0015,bclean_keep
732,Address1,1912 alabama highway 157,0.0017,bclean_keep
732,City,cullman,0.0018,bclean_keep
732,State,al,0.5000,bclean_keep
732,ZipCode,35058,0.0000,bclean_keep
732,CountyName,cullman,0.0078,bclean_keep
732,PhoneNumber,2567372000,0.0000,bclean_keep
732,HospitalType,acute care hospitals,0.5000,bclean_keep
732,HospitalOwner,government - hospital district or authority,0.0000,bclean_keep
732,EmergencyService,yes,0.5000,bclean_keep
732,Condition,pneumonia,0.0002,bclean_keep
732,MeasureCode,pn-6,0.0000,bclean_keep
732,MeasureName,pneumonia patients given the most appropriate initial antibiotic(s),0.0006,bclean_keep
732,Stateavg,al_pn-6,0.0008,bclean_keep
733,ProviderNumber,10035,0.0000,bclean_keep
733,HospitalName,cullman regional medical center,0.0015,bclean_keep
733,Address1,1912 alabama highway 157,0.0017,bclean_keep
733,City,cullman,0.0018,bclean_keep
733,State,al,0.5000,bclean_keep
733,ZipCode,35058,0.0000,bclean_keep
733,CountyName,cullman,0.0078,bclean_keep
733,PhoneNumber,2567372000,0.0000,bclean_keep
733,HospitalType,acute care hospitals,0.5000,bclean_keep
733,HospitalOwner,government - hospital district or authority,0.0000,bclean_keep
733,EmergencyService,yes,0.5000,bclean_keep
733,Condition,pneumonia,0.0000,bclean_keep
733,MeasureCode,pn-7,0.0000,bclean_keep
733,MeasureName,pneumonia patients assessed and given influenza vaccination,0.0008,bclean_keep
733,Stateavg,al_pn-7,0.0007,bclean_keep
734,ProviderNumber,10035,0.0000,bclean_keep
734,HospitalName,cullman regional medical center,0.0013,bclean_keep
734,Address1,1912 alabama highway 157,0.0017,bclean_keep
734,City,cullman,0.0018,bclean_keep
734,State,al,0.5000,bclean_keep
734,ZipCode,35058,0.0000,bclean_keep
734,CountyName,cullman,0.0077,bclean_keep
734,PhoneNumber,2567372000,0.0000,bclean_keep
734,HospitalType,acute care hospitals,0.5000,bclean_keep
734,HospitalOwner,government - hospital district or authority,0.0000,bclean_keep
734,EmergencyService,yes,0.5000,bclean_keep
734,MeasureCode,scip-card-2,0.0000,bclean_keep
734,MeasureName,surgery patients who were taking heart drugs called beta blockers before coming to the hospital who were kept on the beta blockers during the period just before and after their surgery,0.0008,bclean_keep
734,Stateavg,al_scip-card-2,0.0000,bclean_keep
735,ProviderNumber,10035,0.0000,bclean_keep
735,HospitalName,cullman regional medical center,0.0013,bclean_keep
735,Address1,1912 alabama highway 157,0.0018,bclean_keep
735,City,cullman,0.0019,bclean_keep
735,State,al,0.5000,bclean_keep
735,ZipCode,35058,0.0000,bclean_keep
735,CountyName,cullman,0.0076,bclean_keep
735,PhoneNumber,2567372000,0.0000,bclean_keep
735,HospitalType,acute care hospitals,0.5000,bclean_keep
735,HospitalOwner,government - hospital district or authority,0.0000,bclean_keep
735,EmergencyService,yes,0.5000,bclean_keep
735,Condition,surgical infection prevention,0.0000,bclean_keep
735,MeasureCode,scip-inf-1,0.0006,bclean_keep
735,MeasureName,surgery patients who were given an antibiotic at the right time (within one hour before surgery) to help prevent infection,0.0000,bclean_keep
735,Stateavg,al_scip-inf-1,0.0000,bclean_keep
736,ProviderNumber,10035,0.0000,bclean_keep
736,HospitalName,cullman regional medical center,0.0013,bclean_keep
736,Address1,1912 alabama highway 157,0.0018,bclean_keep
736,City,cullman,0.0019,bclean_keep
736,State,al,0.5000,bclean_keep
736,ZipCode,35058,0.0000,bclean_keep
736,CountyName,cullman,0.0076,bclean_keep
736,PhoneNumber,2567372000,0.0000,bclean_keep
736,HospitalType,acute care hospitals,0.5000,bclean_keep
736,HospitalOwner,government - hospital district or authority,0.0000,bclean_keep
736,EmergencyService,yes,0.5000,bclean_keep
736,Condition,surgical infection prevention,0.0001,bclean_keep
736,MeasureName,surgery patients who were given the  right kind  of antibiotic to help prevent infection,0.0000,bclean_keep
736,Stateavg,al_scip-inf-2,0.0034,bclean_keep
737,ProviderNumber,10035,0.0000,bclean_keep
737,HospitalName,cullman regional medical center,0.0000,bclean_keep
737,State,al,0.5000,bclean_keep
737,ZipCode,35058,0.0000,bclean_keep
737,CountyName,cullman,0.0076,bclean_keep
737,PhoneNumber,2567372000,0.0000,bclean_keep
737,HospitalType,acute care hospitals,0.5000,bclean_keep
737,HospitalOwner,government - hospital district or authority,0.0000,bclean_keep
737,EmergencyService,yes,0.5000,bclean_keep
737,Condition,surgical infection prevention,0.0001,bclean_keep
737,MeasureCode,scip-inf-3,0.0007,bclean_keep
737,MeasureName,surgery patients whose preventive antibiotics were stopped at the right time (within 24 hours after surgery),0.0000,bclean_keep
737,Stateavg,al_scip-inf-3,0.0000,bclean_keep
738,ProviderNumber,10035,0.0000,bclean_keep
738,HospitalName,cullman regional medical center,0.0013,bclean_keep
738,Address1,1912 alabama highway 157,0.0018,bclean_keep
738,City,cullman,0.0019,bclean_keep
738,State,al,0.5000,bclean_keep
738,ZipCode,35058,0.0000,bclean_keep
738,CountyName,cullman,0.0076,bclean_keep
738,PhoneNumber,2567372000,0.0000,bclean_keep
738,HospitalType,acute care hospitals,0.5000,bclean_keep
738,HospitalOwner,government - hospital district or authority,0.0000,bclean_keep
738,EmergencyService,yes,0.5000,bclean_keep
738,Condition,surgical infection prevention,0.0001,bclean_keep
738,MeasureCode,scip-inf-4,0.0010,bclean_keep
738,MeasureName,all heart surgery patients whose blood sugar (blood glucose) is kept under good control in the days right after surgery,0.0010,bclean_keep
738,Stateavg,al_scip-inf-4,0.0000,bclean_keep
739,ProviderNumber,10035,0.0000,bclean_keep
739,HospitalName,cullman regional medical center,0.0013,bclean_keep
739,Address1,1912 alabama highway 157,0.0018,bclean_keep
739,City,cullman,0.0019,bclean_keep
739,State,al,0.5000,bclean_keep
739,ZipCode,35058,0.0000,bclean_keep
739,CountyName,cullman,0.0076,bclean_keep
739,PhoneNumber,2567372000,0.0000,bclean_keep
739,HospitalType,acute care hospitals,0.5000,bclean_keep
739,HospitalOwner,government - hospital district or authority,0.0000,bclean_keep
739,EmergencyService,yes,0.5000,bclean_keep
739,Condition,surgical infection prevention,0.0000,bclean_keep
739,MeasureCode,scip-inf-6,0.0000,bclean_keep
739,MeasureName,surgery patients needing hair removed from the surgical area before surgery who had hair removed using a safer method (electric clippers or hair removal cream c not a razor),0.0008,bclean_keep
739,Stateavg,al_scip-inf-6,0.0000,bclean_keep
740,ProviderNumber,10035,0.0000,bclean_keep
740,HospitalName,cullman regional medical center,0.0013,bclean_keep
740,Address1,1912 alabama highway 157,0.0018,bclean_keep
740,City,cullman,0.0019,bclean_keep
740,State,al,0.5000,bclean_keep
740,ZipCode,35058,0.0000,bclean_keep
740,CountyName,cullman,0.0076,bclean_keep
740,PhoneNumber,2567372000,0.0000,bclean_keep
740,HospitalType,acute care hospitals,0.5000,bclean_keep
740,HospitalOwner,government - hospital district or authority,0.0000,bclean_keep
740,EmergencyService,yes,0.5000,bclean_keep
740,Condition,surgical infection prevention,0.0000,bclean_keep
740,MeasureCode,scip-vte-1,0.0009,bclean_keep
740,MeasureName,surgery patients whose doctors ordered treatments to prevent blood clots after certain types of surgeries,0.0008,bclean_keep
740,Stateavg,al_scip-vte-1,0.0008,bclean_keep
741,ProviderNumber,10035,0.0000,bclean_keep
741,HospitalName,cullman regional medical center,0.0013,bclean_keep
741,Address1,1912 alabama highway 157,0.0018,bclean_keep
741,City,cullman,0.0019,bclean_keep
741,State,al,0.5000,bclean_keep
741,ZipCode,35058,0.0000,bclean_keep
741,CountyName,cullman,0.0076,bclean_keep
741,PhoneNumber,2567372000,0.0000,bclean_keep
741,HospitalType,acute care hospitals,0.5000,bclean_keep
741,HospitalOwner,government - hospital district or authority,0.0000,bclean_keep
741,EmergencyService,yes,0.5000,bclean_keep
741,Condition,surgical infection prevention,0.0001,bclean_keep
741,MeasureCode,scip-vte-2,0.0000,bclean_keep
741,MeasureName,patients who got treatment  at the right time (within 24 hours before or after their surgery) to help prevent blood clots after certain types of surgery,0.0000,bclean_keep
741,Stateavg,al_scip-vte-2,0.0009,bclean_keep
742,ProviderNumber,10036,0.0000,bclean_keep
742,HospitalName,andalusia regional hospital,0.0018,bclean_keep
742,Address1,849 south three notch street,0.0000,bclean_keep
742,City,andalusia,0.0019,bclean_keep
742,State,al,0.5000,bclean_keep
742,ZipCode,36420,0.0000,bclean_keep
742,CountyName,covington,0.0013,bclean_keep
742,PhoneNumber,3342228466,0.0000,bclean_keep
742,HospitalType,acute care hospitals,0.5000,bclean_keep
742,HospitalOwner,proprietary,0.0009,bclean_keep
742,EmergencyService,no,0.0000,bclean_keep
742,Condition,heart attack,0.0003,bclean_keep
742,MeasureCode,ami-1,0.0045,bclean_keep
742,MeasureName,heart attack patients given aspirin at arrival,0.0011,bclean_keep
742,Stateavg,al_ami-1,0.0010,bclean_keep
743,ProviderNumber,10036,0.0000,bclean_keep
743,HospitalName,andalusia regional hospital,0.0018,bclean_keep
743,Address1,849 south three notch street,0.0000,bclean_keep
743,City,andalusia,0.0019,bclean_keep
743,State,al,0.5000,bclean_keep
743,ZipCode,36420,0.0000,bclean_keep
743,CountyName,covington,0.0013,bclean_keep
743,PhoneNumber,3342228466,0.0000,bclean_keep
743,HospitalType,acute care hospitals,0.5000,bclean_keep
743,HospitalOwner,proprietary,0.0009,bclean_keep
743,EmergencyService,no,0.0000,bclean_keep
743,Condition,heart attack,0.0003,bclean_keep
743,MeasureCode,ami-2,0.0006,bclean_keep
743,MeasureName,heart attack patients given aspirin at discharge,0.0008,bclean_keep
743,Stateavg,al_ami-2,0.0007,bclean_keep
744,ProviderNumber,10036,0.0000,bclean_keep
744,HospitalName,andalusia regional hospital,0.0018,bclean_keep
744,Address1,849 south three notch street,0.0000,bclean_keep
744,City,andalusia,0.0019,bclean_keep
744,State,al,0.5000,bclean_keep
744,ZipCode,36420,0.0000,bclean_keep
744,CountyName,covington,0.0013,bclean_keep
744,PhoneNumber,3342228466,0.0000,bclean_keep
744,HospitalType,acute care hospitals,0.5000,bclean_keep
744,HospitalOwner,proprietary,0.0009,bclean_keep
744,EmergencyService,no,0.0000,bclean_keep
744,Condition,heart attack,0.0003,bclean_keep
744,MeasureCode,ami-3,0.0006,bclean_keep
744,MeasureName,heart attack patients given ace inhibitor or arb for left ventricular systolic dysfunction (lvsd),0.0006,bclean_keep
744,Stateavg,al_ami-3,0.0000,bclean_keep
745,ProviderNumber,10036,0.0000,bclean_keep
745,HospitalName,andalusia regional hospital,0.0017,bclean_keep
745,Address1,849 south three notch street,0.0000,bclean_keep
745,City,andalusia,0.0019,bclean_keep
745,State,al,0.5000,bclean_keep
745,ZipCode,36420,0.0000,bclean_keep
745,CountyName,covington,0.0012,bclean_keep
745,PhoneNumber,3342228466,0.0000,bclean_keep
745,HospitalType,acute care hospitals,0.5000,bclean_keep
745,EmergencyService,no,0.0000,bclean_keep
745,Condition,heart attack,0.0003,bclean_keep
745,MeasureCode,ami-4,0.0009,bclean_keep
745,MeasureName,heart attack patients given smoking cessation advice/counseling,0.0000,bclean_keep
745,Stateavg,al_ami-4,0.0000,bclean_keep
746,ProviderNumber,10036,0.0000,bclean_keep
746,HospitalName,andalusia regional hospital,0.0018,bclean_keep
746,Address1,849 south three notch street,0.0000,bclean_keep
746,City,andalusia,0.0019,bclean_keep
746,State,al,0.5000,bclean_keep
746,ZipCode,36420,0.0000,bclean_keep
746,CountyName,covington,0.0013,bclean_keep
746,PhoneNumber,3342228466,0.0000,bclean_keep
746,HospitalType,acute care hospitals,0.5000,bclean_keep
746,HospitalOwner,proprietary,0.0009,bclean_keep
746,EmergencyService,no,0.0000,bclean_keep
746,Condition,heart attack,0.0003,bclean_keep
746,MeasureCode,ami-5,0.0006,bclean_keep
746,MeasureName,heart attack patients given beta blocker at discharge,0.0007,bclean_keep
746,Stateavg,al_ami-5,0.0007,bclean_keep
747,ProviderNumber,10036,0.0000,bclean_keep
747,HospitalName,andalusia regional hospital,0.0018,bclean_keep
747,Address1,849 south three notch street,0.0000,bclean_keep
747,City,andalusia,0.0019,bclean_keep
747,State,al,0.5000,bclean_keep
747,ZipCode,36420,0.0000,bclean_keep
747,CountyName,covington,0.0013,bclean_keep
747,PhoneNumber,3342228466,0.0000,bclean_keep
747,HospitalType,acute care hospitals,0.5000,bclean_keep
747,HospitalOwner,proprietary,0.0009,bclean_keep
747,EmergencyService,no,0.0000,bclean_keep
747,Condition,heart attack,0.0001,bclean_keep
747,MeasureCode,ami-7a,0.0000,bclean_keep
747,MeasureName,heart attack patients given fibrinolytic medication within 30 minutes of arrival,0.0000,bclean_keep
747,Stateavg,al_ami-7a,0.0009,bclean_keep
748,ProviderNumber,10036,0.0000,bclean_keep
748,HospitalName,andalusia regional hospital,0.0018,bclean_keep
748,Address1,849 south three notch street,0.0000,bclean_keep
748,City,andalusia,0.0019,bclean_keep
748,State,al,0.5000,bclean_keep
748,ZipCode,36420,0.0000,bclean_keep
748,CountyName,covington,0.0013,bclean_keep
748,PhoneNumber,3342228466,0.0000,bclean_keep
748,HospitalType,acute care hospitals,0.5000,bclean_keep
748,HospitalOwner,proprietary,0.0009,bclean_keep
748,EmergencyService,no,0.0000,bclean_keep
748,Condition,heart attack,0.0003,bclean_keep
748,MeasureCode,ami-8a,0.0000,bclean_keep
748,MeasureName,heart attack patients given pci within 90 minutes of arrival,0.0007,bclean_keep
748,Stateavg,al_ami-8a,0.0007,bclean_keep
749,ProviderNumber,10036,0.0000,bclean_keep
749,HospitalName,andalusia regional hospital,0.0018,bclean_keep
749,Address1,849 south three notch street,0.0000,bclean_keep
749,City,andalusia,0.0019,bclean_keep
749,State,al,0.5000,bclean_keep
749,ZipCode,36420,0.0000,bclean_keep
749,CountyName,covington,0.0013,bclean_keep
749,PhoneNumber,3342228466,0.0000,bclean_keep
749,HospitalType,acute care hospitals,0.5000,bclean_keep
749,HospitalOwner,proprietary,0.0007,bclean_keep
749,EmergencyService,no,0.0000,bclean_keep
749,Condition,heart failure,0.0004,bclean_keep
749,MeasureCode,hf-1,0.0041,bclean_keep
749,MeasureName,heart failure patients given discharge instructions,0.0008,bclean_keep
749,Stateavg,al_hf-1,0.0000,bclean_keep
750,ProviderNumber,10036,0.0000,bclean_keep
750,HospitalName,andalusia regional hospital,0.0018,bclean_keep
750,Address1,849 south three notch street,0.0000,bclean_keep
750,City,andalusia,0.0019,bclean_keep
750,State,al,0.5000,bclean_keep
750,ZipCode,36420,0.0000,bclean_keep
750,CountyName,covington,0.0013,bclean_keep
750,PhoneNumber,3342228466,0.0000,bclean_keep
750,HospitalType,acute care hospitals,0.5000,bclean_keep
750,HospitalOwner,proprietary,0.0007,bclean_keep
750,EmergencyService,no,0.0000,bclean_keep
750,Condition,heart failure,0.0002,bclean_keep
750,MeasureName,heart failure patients given an evaluation of left ventricular systolic (lvs) function,0.0007,bclean_keep
750,Stateavg,al_hf-2,0.0007,bclean_keep
751,ProviderNumber,10036,0.0000,bclean_keep
751,HospitalName,andalusia regional hospital,0.0000,bclean_keep
751,Address1,849 south three notch street,0.0000,bclean_keep
751,City,andalusia,0.0019,bclean_keep
751,State,al,0.5000,bclean_keep
751,CountyName,covington,0.0013,bclean_keep
751,PhoneNumber,3342228466,0.0000,bclean_keep
751,HospitalType,acute care hospitals,0.5000,bclean_keep
751,HospitalOwner,proprietary,0.0007,bclean_keep
751,EmergencyService,no,0.0000,bclean_keep
751,Condition,heart failure,0.0003,bclean_keep
751,MeasureCode,hf-3,0.0000,bclean_keep
751,MeasureName,heart failure patients given ace inhibitor or arb for left ventricular systolic dysfunction (lvsd),0.0008,bclean_keep
751,Stateavg,al_hf-3,0.0000,bclean_keep
752,ProviderNumber,10036,0.0000,bclean_keep
752,HospitalName,andalusia regional hospital,0.0000,bclean_keep
752,Address1,849 south three notch street,0.0000,bclean_keep
752,City,andalusia,0.0019,bclean_keep
752,State,al,0.5000,bclean_keep
752,ZipCode,36420,0.0000,bclean_keep
752,CountyName,covington,0.0013,bclean_keep
752,HospitalType,acute care hospitals,0.5000,bclean_keep
752,HospitalOwner,proprietary,0.0007,bclean_keep
752,EmergencyService,no,0.0000,bclean_keep
752,Condition,heart failure,0.0002,bclean_keep
752,MeasureCode,hf-4,0.0006,bclean_keep
752,MeasureName,heart failure patients given smoking cessation advice/counseling,0.0008,bclean_keep
752,Stateavg,al_hf-4,0.0007,bclean_keep
753,ProviderNumber,10036,0.0000,bclean_keep
753,HospitalName,andalusia regional hospital,0.0018,bclean_keep
753,Address1,849 south three notch street,0.0000,bclean_keep
753,City,andalusia,0.0000,bclean_keep
753,State,al,0.5000,bclean_keep
753,ZipCode,36420,0.0000,bclean_keep
753,PhoneNumber,3342228466,0.0000,bclean_keep
753,HospitalType,acute care hospitals,0.5000,bclean_keep
753,HospitalOwner,proprietary,0.0007,bclean_keep
753,EmergencyService,no,0.0000,bclean_keep
753,Condition,pneumonia,0.0000,bclean_keep
753,MeasureCode,pn-2,0.0006,bclean_keep
753,MeasureName,pneumonia patients assessed and given pneumococcal vaccination,0.0000,bclean_keep
753,Stateavg,al_pn-2,0.0008,bclean_keep
754,ProviderNumber,10036,0.0000,bclean_keep
754,HospitalName,andalusia regional hospital,0.0018,bclean_keep
754,Address1,849 south three notch street,0.0000,bclean_keep
754,City,andalusia,0.0020,bclean_keep
754,State,al,0.5000,bclean_keep
754,ZipCode,36420,0.0000,bclean_keep
754,CountyName,covington,0.0014,bclean_keep
754,PhoneNumber,3342228466,0.0000,bclean_keep
754,HospitalType,acute care hospitals,0.5000,bclean_keep
754,HospitalOwner,proprietary,0.0007,bclean_keep
754,EmergencyService,no,0.0000,bclean_keep
754,Condition,pneumonia,0.0002,bclean_keep
754,MeasureCode,pn-3b,0.0006,bclean_keep
754,MeasureName,pneumonia patients whose initial emergency room blood culture was performed prior to the administration of the first hospital dose of antibiotics,0.0007,bclean_keep
754,Stateavg,al_pn-3b,0.0007,bclean_keep
755,ProviderNumber,10036,0.0000,bclean_keep
755,HospitalName,andalusia regional hospital,0.0018,bclean_keep
755,Address1,849 south three notch street,0.0000,bclean_keep
755,City,andalusia,0.0020,bclean_keep
755,State,al,0.5000,bclean_keep
755,ZipCode,36420,0.0000,bclean_keep
755,CountyName,covington,0.0014,bclean_keep
755,PhoneNumber,3342228466,0.0000,bclean_keep
755,HospitalType,acute care hospitals,0.5000,bclean_keep
755,HospitalOwner,proprietary,0.0007,bclean_keep
755,EmergencyService,no,0.0000,bclean_keep
755,Condition,pneumonia,0.0003,bclean_keep
755,MeasureCode,pn-4,0.0024,bclean_keep
755,MeasureName,pneumonia patients given smoking cessation advice/counseling,0.0000,bclean_keep
755,Stateavg,al_pn-4,0.0000,bclean_keep
756,HospitalName,andalusia regional hospital,0.0018,bclean_keep
756,Address1,849 south three notch street,0.0000,bclean_keep
756,City,andalusia,0.0020,bclean_keep
756,State,al,0.5000,bclean_keep
756,ZipCode,36420,0.0000,bclean_keep
756,CountyName,covington,0.0014,bclean_keep
756,PhoneNumber,3342228466,0.0000,bclean_keep
756,HospitalType,acute care hospitals,0.5000,bclean_keep
756,HospitalOwner,proprietary,0.0007,bclean_keep
756,EmergencyService,no,0.0000,bclean_keep
756,Condition,pneumonia,0.0001,bclean_keep
756,MeasureCode,pn-5c,0.0010,bclean_keep
756,MeasureName,pneumonia patients given initial antibiotic(s) within 6 hours after arrival,0.0008,bclean_keep
756,Stateavg,al_pn-5c,0.0006,bclean_keep
757,ProviderNumber,10036,0.0000,bclean_keep
757,HospitalName,andalusia regional hospital,0.0000,bclean_keep
757,Address1,849 south three notch street,0.0000,bclean_keep
757,State,al,0.5000,bclean_keep
757,ZipCode,36420,0.0000,bclean_keep
757,CountyName,covington,0.0014,bclean_keep
757,PhoneNumber,3342228466,0.0000,bclean_keep
757,HospitalType,acute care hospitals,0.5000,bclean_keep
757,HospitalOwner,proprietary,0.0007,bclean_keep
757,EmergencyService,no,0.0000,bclean_keep
757,Condition,pneumonia,0.0002,bclean_keep
757,MeasureCode,pn-6,0.0000,bclean_keep
757,MeasureName,pneumonia patients given the most appropriate initial antibiotic(s),0.0008,bclean_keep
757,Stateavg,al_pn-6,0.0009,bclean_keep
758,ProviderNumber,10036,0.0000,bclean_keep
758,HospitalName,andalusia regional hospital,0.0018,bclean_keep
758,Address1,849 south three notch street,0.0000,bclean_keep
758,City,andalusia,0.0020,bclean_keep
758,State,al,0.5000,bclean_keep
758,ZipCode,36420,0.0000,bclean_keep
758,CountyName,covington,0.0014,bclean_keep
758,PhoneNumber,3342228466,0.0000,bclean_keep
758,HospitalType,acute care hospitals,0.5000,bclean_keep
758,HospitalOwner,proprietary,0.0007,bclean_keep
758,EmergencyService,no,0.0000,bclean_keep
758,Condition,pneumonia,0.0000,bclean_keep
758,MeasureCode,pn-7,0.0000,bclean_keep
758,MeasureName,pneumonia patients assessed and given influenza vaccination,0.0008,bclean_keep
758,Stateavg,al_pn-7,0.0008,bclean_keep
759,ProviderNumber,10036,0.0000,bclean_keep
759,Address1,849 south three notch street,0.0000,bclean_keep
759,City,andalusia,0.0019,bclean_keep
759,State,al,0.5000,bclean_keep
759,ZipCode,36420,0.0000,bclean_keep
759,CountyName,covington,0.0013,bclean_keep
759,PhoneNumber,3342228466,0.0000,bclean_keep
759,HospitalType,acute care hospitals,0.5000,bclean_keep
759,HospitalOwner,proprietary,0.0007,bclean_keep
759,EmergencyService,no,0.0000,bclean_keep
759,Condition,surgical infection prevention,0.0005,bclean_keep
759,MeasureCode,scip-card-2,0.0000,bclean_keep
759,MeasureName,surgery patients who were taking heart drugs called beta blockers before coming to the hospital who were kept on the beta blockers during the period just before and after their surgery,0.0009,bclean_keep
759,Stateavg,al_scip-card-2,0.0000,bclean_keep
760,ProviderNumber,10036,0.0000,bclean_keep
760,HospitalName,andalusia regional hospital,0.0020,bclean_keep
760,Address1,849 south three notch street,0.0000,bclean_keep
760,City,andalusia,0.0019,bclean_keep
760,State,al,0.5000,bclean_keep
760,ZipCode,36420,0.0000,bclean_keep
760,CountyName,covington,0.0013,bclean_keep
760,PhoneNumber,3342228466,0.0000,bclean_keep
760,HospitalType,acute care hospitals,0.5000,bclean_keep
760,HospitalOwner,proprietary,0.0007,bclean_keep
760,EmergencyService,no,0.0000,bclean_keep
760,Condition,surgical infection prevention,0.0000,bclean_keep
760,MeasureCode,scip-inf-1,0.0006,bclean_keep
760,MeasureName,surgery patients who were given an antibiotic at the right time (within one hour before surgery) to help prevent infection,0.0000,bclean_keep
760,Stateavg,al_scip-inf-1,0.0000,bclean_keep
761,ProviderNumber,10036,0.0000,bclean_keep
761,HospitalName,andalusia regional hospital,0.0020,bclean_keep
761,Address1,849 south three notch street,0.0000,bclean_keep
761,City,andalusia,0.0019,bclean_keep
761,State,al,0.5000,bclean_keep
761,ZipCode,36420,0.0000,bclean_keep
761,CountyName,covington,0.0013,bclean_keep
761,PhoneNumber,3342228466,0.0000,bclean_keep
761,HospitalType,acute care hospitals,0.5000,bclean_keep
761,HospitalOwner,proprietary,0.0007,bclean_keep
761,EmergencyService,no,0.0000,bclean_keep
761,Condition,surgical infection prevention,0.0001,bclean_keep
761,MeasureCode,scip-inf-2,0.0000,bclean_keep
761,MeasureName,surgery patients who were given the  right kind  of antibiotic to help prevent infection,0.0000,bclean_keep
762,ProviderNumber,10036,0.0000,bclean_keep
762,HospitalName,andalusia regional hospital,0.0020,bclean_keep
762,Address1,849 south three notch street,0.0000,bclean_keep
762,City,andalusia,0.0019,bclean_keep
762,State,al,0.5000,bclean_keep
762,ZipCode,36420,0.0000,bclean_keep
762,CountyName,covington,0.0013,bclean_keep
762,PhoneNumber,3342228466,0.0000,bclean_keep
762,HospitalType,acute care hospitals,0.5000,bclean_keep
762,HospitalOwner,proprietary,0.0007,bclean_keep
762,EmergencyService,no,0.0000,bclean_keep
762,Condition,surgical infection prevention,0.0001,bclean_keep
762,MeasureCode,scip-inf-3,0.0007,bclean_keep
762,MeasureName,surgery patients whose preventive antibiotics were stopped at the right time (within 24 hours after surgery),0.0000,bclean_keep
762,Stateavg,al_scip-inf-3,0.0000,bclean_keep
763,ProviderNumber,10036,0.0000,bclean_keep
763,HospitalName,andalusia regional hospital,0.0020,bclean_keep
763,Address1,849 south three notch street,0.0000,bclean_keep
763,City,andalusia,0.0019,bclean_keep
763,State,al,0.5000,bclean_keep
763,ZipCode,36420,0.0000,bclean_keep
763,CountyName,covington,0.0013,bclean_keep
763,PhoneNumber,3342228466,0.0000,bclean_keep
763,HospitalType,acute care hospitals,0.5000,bclean_keep
763,HospitalOwner,proprietary,0.0007,bclean_keep
763,EmergencyService,no,0.0000,bclean_keep
763,Condition,surgical infection prevention,0.0002,bclean_keep
763,MeasureCode,scip-inf-4,0.0008,bclean_keep
763,MeasureName,all heart surgery patients whose blood sugar (blood glucose) is kept under good control in the days right after surgery,0.0009,bclean_keep
763,Stateavg,al_scip-inf-4,0.0000,bclean_keep
764,ProviderNumber,10036,0.0000,bclean_keep
764,HospitalName,andalusia regional hospital,0.0000,bclean_keep
764,Address1,849 south three notch street,0.0000,bclean_keep
764,City,andalusia,0.0019,bclean_keep
764,State,al,0.5000,bclean_keep
764,ZipCode,36420,0.0000,bclean_keep
764,CountyName,covington,0.0012,bclean_keep
764,HospitalType,acute care hospitals,0.5000,bclean_keep
764,HospitalOwner,proprietary,0.0007,bclean_keep
764,EmergencyService,no,0.0000,bclean_keep
764,Condition,surgical infection prevention,0.0000,bclean_keep
764,MeasureCode,scip-inf-6,0.0000,bclean_keep
764,MeasureName,surgery patients needing hair removed from the surgical area before surgery who had hair removed using a safer method (electric clippers or hair removal cream c not a razor),0.0009,bclean_keep
764,Stateavg,al_scip-inf-6,0.0000,bclean_keep
765,ProviderNumber,10036,0.0000,bclean_keep
765,HospitalName,andalusia regional hospital,0.0020,bclean_keep
765,Address1,849 south three notch street,0.0000,bclean_keep
765,City,andalusia,0.0019,bclean_keep
765,State,xl,0.0000,bclean_keep
765,ZipCode,36420,0.0000,bclean_keep
765,CountyName,covington,0.0014,bclean_keep
765,PhoneNumber,3342228466,0.0000,bclean_keep
765,HospitalType,acute care hospitals,0.5000,bclean_keep
765,HospitalOwner,proprietary,0.0008,bclean_keep
765,EmergencyService,no,0.0000,bclean_keep
765,Condition,surgical infection prevention,0.0000,bclean_keep
765,MeasureCode,scip-vte-1,0.0000,bclean_keep
765,MeasureName,surgery patients whose doctors ordered treatments to prevent blood clots after certain types of surgeries,0.0009,bclean_keep
766,ProviderNumber,10036,0.0000,bclean_keep
766,Address1,849 south three notch street,0.0000,bclean_keep
766,City,andalusia,0.0019,bclean_keep
766,State,al,0.5000,bclean_keep
766,ZipCode,36420,0.0000,bclean_keep
766,CountyName,covington,0.0013,bclean_keep
766,PhoneNumber,3342228466,0.0000,bclean_keep
766,HospitalType,acute care hospitals,0.5000,bclean_keep
766,HospitalOwner,proprietary,0.0007,bclean_keep
766,EmergencyService,no,0.0000,bclean_keep
766,Condition,surgical infection prevention,0.0001,bclean_keep
766,MeasureCode,scip-vte-2,0.0000,bclean_keep
766,MeasureName,patients who got treatment  at the right time (within 24 hours before or after their surgery) to help prevent blood clots after certain types of surgery,0.0000,bclean_keep
766,Stateavg,al_scip-vte-2,0.0009,bclean_keep
767,ProviderNumber,10038,0.0000,bclean_keep
767,HospitalName,stringfellow memorial hospital,0.0000,bclean_keep
767,Address1,301 east 18th st,0.0015,bclean_keep
767,City,anniston,0.0017,bclean_keep
767,State,al,0.5000,bclean_keep
767,ZipCode,36201,0.0000,bclean_keep
767,CountyName,calhoun,0.0017,bclean_keep
767,PhoneNumber,2562358900,0.0000,bclean_keep
767,HospitalType,acute care hospitals,0.5000,bclean_keep
767,HospitalOwner,proprietary,0.0006,bclean_keep
767,EmergencyService,yes,0.5000,bclean_keep
767,Condition,children s asthma care,0.0000,bclean_keep
767,MeasureCode,cac-1,0.2628,bclean_keep
767,MeasureName,children who received reliever medication while hospitalized for asthma,0.2973,bclean_keep
767,Stateavg,al_cac-1,0.0000,bclean_keep
768,ProviderNumber,10038,0.0000,bclean_keep
768,HospitalName,stringfellow memorial hospital,0.0000,bclean_keep
768,City,anniston,0.0017,bclean_keep
768,State,al,0.5000,bclean_keep
768,ZipCode,36201,0.0000,bclean_keep
768,CountyName,calhoun,0.0017,bclean_keep
768,PhoneNumber,2562358900,0.0000,bclean_keep
768,HospitalType,acute care hospitals,0.5000,bclean_keep
768,HospitalOwner,proprietary,0.0005,bclean_keep
768,EmergencyService,yes,0.0000,bclean_keep
768,Condition,surgical infection prevention,0.0000,bclean_keep
768,MeasureCode,scip-inf-1,0.0006,bclean_keep
768,MeasureName,surgery patients who were given an antibiotic at the right time (within one hour before surgery) to help prevent infection,0.0000,bclean_keep
768,Stateavg,al_scip-inf-1,0.0000,bclean_keep
769,ProviderNumber,10038,0.0000,bclean_keep
769,HospitalName,stringfellow memorial hospital,0.0000,bclean_keep
769,Address1,301 east 18th st,0.0016,bclean_keep
769,City,anniston,0.0017,bclean_keep
769,State,al,0.5000,bclean_keep
769,ZipCode,36201,0.0000,bclean_keep
769,CountyName,calhoun,0.0017,bclean_keep
769,PhoneNumber,2562358900,0.0000,bclean_keep
769,HospitalType,acute care hospitals,0.5000,bclean_keep
769,HospitalOwner,proprietary,0.0005,bclean_keep
769,EmergencyService,yes,0.0000,bclean_keep
769,Condition,surgical infection prevention,0.0001,bclean_keep
769,MeasureCode,scip-inf-2,0.0007,bclean_keep
769,MeasureName,surgery patients who were given the  right kind  of antibiotic to help prevent infection,0.0000,bclean_keep
769,Stateavg,al_scip-inf-2,0.0035,bclean_keep
770,ProviderNumber,10038,0.0000,bclean_keep
770,HospitalName,stringfellow memorial hospital,0.0000,bclean_keep
770,Address1,301 east 18th st,0.0016,bclean_keep
770,City,anniston,0.0017,bclean_keep
770,State,al,0.5000,bclean_keep
770,ZipCode,36201,0.0000,bclean_keep
770,CountyName,calhoun,0.0017,bclean_keep
770,PhoneNumber,2562358900,0.0000,bclean_keep
770,HospitalType,acute care hospitals,0.5000,bclean_keep
770,HospitalOwner,proprietary,0.0005,bclean_keep
770,EmergencyService,yes,0.0000,bclean_keep
770,Condition,surgical infection prevention,0.0001,bclean_keep
770,MeasureCode,scip-inf-3,0.0007,bclean_keep
770,MeasureName,surgery patients whose preventive antibiotics were stopped at the right time (within 24 hours after surgery),0.0000,bclean_keep
770,Stateavg,al_scip-inf-3,0.0000,bclean_keep
771,ProviderNumber,10038,0.0000,bclean_keep
771,HospitalName,stringfellow memorial hospital,0.0000,bclean_keep
771,Address1,301 east 18th st,0.0016,bclean_keep
771,City,anniston,0.0017,bclean_keep
771,State,al,0.5000,bclean_keep
771,ZipCode,36201,0.0000,bclean_keep
771,CountyName,calhoun,0.0017,bclean_keep
771,PhoneNumber,2562358900,0.0000,bclean_keep
771,HospitalType,acute care hospitals,0.5000,bclean_keep
771,HospitalOwner,proprietary,0.0005,bclean_keep
771,EmergencyService,yes,0.0000,bclean_keep
771,Condition,surgical infection prevention,0.0001,bclean_keep
771,MeasureCode,scip-inf-4,0.0008,bclean_keep
771,MeasureName,all heart surgery patients whose blood sugar (blood glucose) is kept under good control in the days right after surgery,0.0010,bclean_keep
771,Stateavg,al_scip-inf-4,0.0000,bclean_keep
772,ProviderNumber,10038,0.0000,bclean_keep
772,HospitalName,stringfellow memorial hospital,0.0000,bclean_keep
772,Address1,301 east 18th st,0.0016,bclean_keep
772,City,anniston,0.0017,bclean_keep
772,State,al,0.5000,bclean_keep
772,ZipCode,36201,0.0000,bclean_keep
772,CountyName,calhoun,0.0017,bclean_keep
772,PhoneNumber,2562358900,0.0000,bclean_keep
772,HospitalType,acute care hospitals,0.5000,bclean_keep
772,HospitalOwner,proprietary,0.0005,bclean_keep
772,EmergencyService,yes,0.0000,bclean_keep
772,Condition,surgical infection prevention,0.0000,bclean_keep
772,MeasureCode,scip-inf-6,0.0000,bclean_keep
772,MeasureName,surgery patients needing hair removed from the surgical area before surgery who had hair removed using a safer method (electric clippers or hair removal cream c not a razor),0.0008,bclean_keep
772,Stateavg,al_scip-inf-6,0.0000,bclean_keep
773,ProviderNumber,10038,0.0000,bclean_keep
773,HospitalName,stringfellow memorial hospital,0.0000,bclean_keep
773,Address1,301 east 18th st,0.0016,bclean_keep
773,State,al,0.5000,bclean_keep
773,ZipCode,36201,0.0000,bclean_keep
773,CountyName,calhoun,0.0017,bclean_keep
773,PhoneNumber,2562358900,0.0000,bclean_keep
773,HospitalType,acute care hospitals,0.5000,bclean_keep
773,HospitalOwner,proprietary,0.0005,bclean_keep
773,EmergencyService,yes,0.0000,bclean_keep
773,Condition,surgical infection prevention,0.0000,bclean_keep
773,MeasureCode,scip-vte-1,0.0008,bclean_keep
773,MeasureName,surgery patients whose doctors ordered treatments to prevent blood clots after certain types of surgeries,0.0009,bclean_keep
773,Stateavg,al_scip-vte-1,0.0008,bclean_keep
774,ProviderNumber,10038,0.0000,bclean_keep
774,HospitalName,stringfellow memorial hospital,0.0000,bclean_keep
774,Address1,301 east 18th st,0.0016,bclean_keep
774,City,anniston,0.0017,bclean_keep
774,State,al,0.5000,bclean_keep
774,ZipCode,36201,0.0000,bclean_keep
774,CountyName,calhoun,0.0017,bclean_keep
774,PhoneNumber,2562358900,0.0000,bclean_keep
774,HospitalType,acute care hospitals,0.5000,bclean_keep
774,HospitalOwner,proprietary,0.0005,bclean_keep
774,EmergencyService,yes,0.0000,bclean_keep
774,Condition,surgical infection prevention,0.0001,bclean_keep
774,MeasureCode,scip-vte-2,0.0000,bclean_keep
774,MeasureName,patients who got treatment  at the right time (within 24 hours before or after their surgery) to help prevent blood clots after certain types of surgery,0.0000,bclean_keep
774,Stateavg,al_scip-vte-2,0.0009,bclean_keep
775,ProviderNumber,10039,0.0000,bclean_keep
775,HospitalName,huntsville hospital,0.0012,bclean_keep
775,Address1,101 sivley rd,0.0000,bclean_keep
775,City,huntsville,0.0000,bclean_keep
775,State,al,0.5000,bclean_keep
775,ZipCode,35801,0.0000,bclean_keep
775,CountyName,madison,0.0015,bclean_keep
775,PhoneNumber,2562651000,0.0000,bclean_keep
775,HospitalType,acute care hospitals,0.5000,bclean_keep
775,HospitalOwner,government - hospital district or authority,0.0003,bclean_keep
775,EmergencyService,yes,0.5000,bclean_keep
775,Condition,children s asthma care,0.0000,bclean_keep
775,MeasureCode,xax-1,0.4960,bclean_keep
775,MeasureName,children who received reliever medication while hospitalized for asthma,0.0000,bclean_keep
775,Stateavg,al_cac-1,0.0000,bclean_keep
776,ProviderNumber,10039,0.0000,bclean_keep
776,HospitalName,huntsville hospital,0.0012,bclean_keep
776,Address1,101 sivley rd,0.0000,bclean_keep
776,City,huntsville,0.0000,bclean_keep
776,State,al,0.5000,bclean_keep
776,ZipCode,35801,0.0000,bclean_keep
776,CountyName,madison,0.0015,bclean_keep
776,PhoneNumber,2562651000,0.0000,bclean_keep
776,HospitalType,acute care hospitals,0.5000,bclean_keep
776,HospitalOwner,government - hospital district or authority,0.0003,bclean_keep
776,EmergencyService,yes,0.5000,bclean_keep
776,Condition,children s asthma care,0.0000,bclean_keep
776,MeasureCode,cac-2,0.0000,bclean_keep
776,MeasureName,children who received systemic corticosteroid medication (oral and iv medication that reduces inflammation and controls symptoms) while hospitalized for asthma,0.0000,bclean_keep
776,Stateavg,al_cac-2,0.0000,bclean_keep
777,ProviderNumber,10039,0.0000,bclean_keep
777,HospitalName,huntsville hospital,0.0012,bclean_keep
777,Address1,101 sivley rd,0.0000,bclean_keep
777,City,huntsville,0.0000,bclean_keep
777,State,al,0.5000,bclean_keep
777,ZipCode,35801,0.0000,bclean_keep
777,CountyName,madison,0.0015,bclean_keep
777,PhoneNumber,2562651000,0.0000,bclean_keep
777,HospitalType,acute care hospitals,0.5000,bclean_keep
777,HospitalOwner,government - hospital district or authority,0.0003,bclean_keep
777,EmergencyService,yes,0.5000,bclean_keep
777,Condition,children s asthma care,0.0000,bclean_keep
777,MeasureCode,cac-3,0.0000,bclean_keep
777,MeasureName,children and their caregivers who received a home management plan of care document while hospitalized for asthma,0.0000,bclean_keep
777,Stateavg,al_cac-3,0.0000,bclean_keep
778,ProviderNumber,10039,0.0000,bclean_keep
778,Address1,101 sivley rd,0.0000,bclean_keep
778,City,huntsville,0.0000,bclean_keep
778,State,al,0.5000,bclean_keep
778,ZipCode,35801,0.0000,bclean_keep
778,CountyName,madison,0.0015,bclean_keep
778,PhoneNumber,2562651000,0.0000,bclean_keep
778,HospitalType,acute care hospitals,0.5000,bclean_keep
778,HospitalOwner,government - hospital district or authority,0.0003,bclean_keep
778,EmergencyService,yes,0.5000,bclean_keep
778,Condition,heart attack,0.0004,bclean_keep
778,MeasureCode,ami-1,0.0031,bclean_keep
778,MeasureName,heart attack patients given aspirin at arrival,0.0009,bclean_keep
778,Stateavg,al_ami-1,0.0010,bclean_keep
779,ProviderNumber,10039,0.0000,bclean_keep
779,HospitalName,huntsville hospital,0.0014,bclean_keep
779,Address1,101 sivley rd,0.0000,bclean_keep
779,City,huntsville,0.0000,bclean_keep
779,State,al,0.5000,bclean_keep
779,ZipCode,35801,0.0000,bclean_keep
779,CountyName,madison,0.0015,bclean_keep
779,PhoneNumber,2562651000,0.0000,bclean_keep
779,HospitalType,acute care hospitals,0.5000,bclean_keep
779,HospitalOwner,government - hospital district or authority,0.0003,bclean_keep
779,EmergencyService,yes,0.5000,bclean_keep
779,Condition,heart attack,0.0003,bclean_keep
779,MeasureCode,ami-2,0.0007,bclean_keep
779,MeasureName,heart attack patients given aspirin at discharge,0.0007,bclean_keep
779,Stateavg,al_ami-2,0.0008,bclean_keep
780,ProviderNumber,10039,0.0000,bclean_keep
780,HospitalName,huntsville hospital,0.0014,bclean_keep
780,Address1,101 sivley rd,0.0000,bclean_keep
780,City,huntsville,0.0000,bclean_keep
780,State,al,0.5000,bclean_keep
780,ZipCode,35801,0.0000,bclean_keep
780,CountyName,madison,0.0015,bclean_keep
780,PhoneNumber,2562651000,0.0000,bclean_keep
780,HospitalType,acutexcarexhospitals,0.5000,bclean_keep
780,HospitalOwner,government - hospital district or authority,0.0004,bclean_keep
780,EmergencyService,yes,0.5000,bclean_keep
780,Condition,heart attack,0.0004,bclean_keep
780,MeasureCode,ami-3,0.0008,bclean_keep
780,MeasureName,heart attack patients given ace inhibitor or arb for left ventricular systolic dysfunction (lvsd),0.0007,bclean_keep
780,Stateavg,al_ami-3,0.0000,bclean_keep
781,HospitalName,huntsville hospital,0.0012,bclean_keep
781,Address1,101 sivley rd,0.0000,bclean_keep
781,City,huntsville,0.0000,bclean_keep
781,State,al,0.5000,bclean_keep
781,ZipCode,35801,0.0000,bclean_keep
781,CountyName,madison,0.0015,bclean_keep
781,PhoneNumber,2562651000,0.0000,bclean_keep
781,HospitalType,acute care hospitals,0.5000,bclean_keep
781,HospitalOwner,government - hospital district or authority,0.0003,bclean_keep
781,EmergencyService,yes,0.5000,bclean_keep
781,MeasureCode,ami-4,0.0000,bclean_keep
781,MeasureName,heart attack patients given smoking cessation advice/counseling,0.0000,bclean_keep
781,Stateavg,al_ami-4,0.0000,bclean_keep
782,ProviderNumber,10039,0.0000,bclean_keep
782,HospitalName,huntsville hospital,0.0014,bclean_keep
782,Address1,101 sivley rd,0.0000,bclean_keep
782,City,huntsville,0.0000,bclean_keep
782,State,al,0.5000,bclean_keep
782,ZipCode,35801,0.0000,bclean_keep
782,CountyName,madison,0.0015,bclean_keep
782,PhoneNumber,2562651000,0.0000,bclean_keep
782,HospitalType,acute care hospitals,0.5000,bclean_keep
782,HospitalOwner,government - hospital district or authority,0.0003,bclean_keep
782,EmergencyService,yes,0.5000,bclean_keep
782,Condition,heart attack,0.0003,bclean_keep
782,MeasureCode,ami-5,0.0007,bclean_keep
782,MeasureName,heart attack patients given beta blocker at discharge,0.0007,bclean_keep
782,Stateavg,al_ami-5,0.0007,bclean_keep
783,ProviderNumber,10039,0.0000,bclean_keep
783,HospitalName,huntsville hospital,0.0014,bclean_keep
783,Address1,101 sivley rd,0.0000,bclean_keep
783,City,huntsville,0.0000,bclean_keep
783,State,al,0.5000,bclean_keep
783,ZipCode,35801,0.0000,bclean_keep
783,CountyName,madison,0.0015,bclean_keep
783,PhoneNumber,2562651000,0.0000,bclean_keep
783,HospitalType,acute care hospitaxs,0.5000,bclean_keep
783,HospitalOwner,government - hospital district or authority,0.0004,bclean_keep
783,EmergencyService,yes,0.5000,bclean_keep
783,Condition,heart attack,0.0002,bclean_keep
783,MeasureCode,ami-7a,0.0000,bclean_keep
783,MeasureName,heart attack patients given fibrinolytic medication within 30 minutes of arrival,0.0000,bclean_keep
783,Stateavg,al_ami-7a,0.0009,bclean_keep
784,ProviderNumber,10039,0.0000,bclean_keep
784,HospitalName,huntsville hospital,0.0014,bclean_keep
784,Address1,101 sivley rd,0.0000,bclean_keep
784,City,huntsville,0.0000,bclean_keep
784,State,al,0.5000,bclean_keep
784,ZipCode,35801,0.0000,bclean_keep
784,CountyName,madison,0.0015,bclean_keep
784,PhoneNumber,2562651000,0.0000,bclean_keep
784,HospitalType,acute care hospitals,0.5000,bclean_keep
784,HospitalOwner,government - hospital district or authority,0.0003,bclean_keep
784,EmergencyService,yes,0.5000,bclean_keep
784,Condition,heart attack,0.0003,bclean_keep
784,MeasureCode,ami-8a,0.0000,bclean_keep
784,MeasureName,heart attack patients given pci within 90 minutes of arrival,0.0007,bclean_keep
784,Stateavg,al_ami-8a,0.0009,bclean_keep
785,ProviderNumber,10039,0.0000,bclean_keep
785,HospitalName,huntsville hospital,0.0012,bclean_keep
785,Address1,101 sivley rd,0.0000,bclean_keep
785,City,huntsville,0.0000,bclean_keep
785,State,al,0.5000,bclean_keep
785,ZipCode,35801,0.0000,bclean_keep
785,CountyName,madison,0.0016,bclean_keep
785,PhoneNumber,2562651000,0.0000,bclean_keep
785,HospitalType,acute care hospitals,0.5000,bclean_keep
785,EmergencyService,yes,0.5000,bclean_keep
785,Condition,heart failure,0.0004,bclean_keep
785,MeasureCode,hf-1,0.0028,bclean_keep
785,MeasureName,heart failure patients given discharge instructions,0.0009,bclean_keep
785,Stateavg,al_hf-1,0.0000,bclean_keep
786,ProviderNumber,10039,0.0000,bclean_keep
786,HospitalName,huntsville hospital,0.0012,bclean_keep
786,Address1,101 sivley rd,0.0000,bclean_keep
786,City,huntsville,0.0000,bclean_keep
786,State,al,0.5000,bclean_keep
786,ZipCode,35801,0.0000,bclean_keep
786,PhoneNumber,2562651000,0.0000,bclean_keep
786,HospitalType,acute care hospitals,0.5000,bclean_keep
786,HospitalOwner,government - hospital district or authority,0.0004,bclean_keep
786,EmergencyService,yes,0.5000,bclean_keep
786,Condition,heart failure,0.0002,bclean_keep
786,MeasureCode,hf-2,0.0000,bclean_keep
786,Stateavg,al_hf-2,0.0007,bclean_keep
787,ProviderNumber,10039,0.0000,bclean_keep
787,HospitalName,huntsville hospital,0.0012,bclean_keep
787,Address1,101 sivley rd,0.0000,bclean_keep
787,City,huntsville,0.0000,bclean_keep
787,State,al,0.5000,bclean_keep
787,ZipCode,35801,0.0000,bclean_keep
787,CountyName,madison,0.0016,bclean_keep
787,PhoneNumber,2562651000,0.0000,bclean_keep
787,HospitalType,acute care hospitals,0.5000,bclean_keep
787,HospitalOwner,government - hospital district or authority,0.0004,bclean_keep
787,EmergencyService,yes,0.5000,bclean_keep
787,Condition,heart failure,0.0003,bclean_keep
787,MeasureCode,hf-3,0.0000,bclean_keep
787,MeasureName,heart failure patients given ace inhibitor or arb for left ventricular systolic dysfunction (lvsd),0.0007,bclean_keep
787,Stateavg,al_hf-3,0.0000,bclean_keep
788,ProviderNumber,10039,0.0000,bclean_keep
788,HospitalName,huntsville hospital,0.0012,bclean_keep
788,Address1,101 sivley rd,0.0000,bclean_keep
788,City,huntsville,0.0000,bclean_keep
788,State,al,0.5000,bclean_keep
788,ZipCode,35801,0.0000,bclean_keep
788,CountyName,madison,0.0016,bclean_keep
788,PhoneNumber,2562651000,0.0000,bclean_keep
788,HospitalType,acute care hospitals,0.5000,bclean_keep
788,HospitalOwner,government - hospital district or authority,0.0004,bclean_keep
788,EmergencyService,yes,0.5000,bclean_keep
788,Condition,heart failure,0.0002,bclean_keep
788,MeasureCode,hf-4,0.0000,bclean_keep
788,MeasureName,heart failure patients given smoking cessation advice/counseling,0.0008,bclean_keep
789,ProviderNumber,10039,0.0000,bclean_keep
789,HospitalName,huntsville hospital,0.0012,bclean_keep
789,Address1,101 sivley rd,0.0000,bclean_keep
789,City,huntsville,0.0000,bclean_keep
789,State,al,0.5000,bclean_keep
789,ZipCode,35801,0.0000,bclean_keep
789,CountyName,madison,0.0015,bclean_keep
789,PhoneNumber,2562651000,0.0000,bclean_keep
789,HospitalType,acute care hospitals,0.5000,bclean_keep
789,HospitalOwner,government - hospital district or authority,0.0003,bclean_keep
789,EmergencyService,yes,0.5000,bclean_keep
789,Condition,pneumonia,0.0000,bclean_keep
789,MeasureName,pneumonia patients assessed and given pneumococcal vaccination,0.0000,bclean_keep
789,Stateavg,al_pn-2,0.0008,bclean_keep
790,HospitalName,huntsville hospital,0.0012,bclean_keep
790,Address1,101 sivley rd,0.0000,bclean_keep
790,City,huntsville,0.0000,bclean_keep
790,State,al,0.5000,bclean_keep
790,ZipCode,35801,0.0000,bclean_keep
790,CountyName,madison,0.0015,bclean_keep
790,PhoneNumber,2562651000,0.0000,bclean_keep
790,HospitalType,acute care hospitals,0.5000,bclean_keep
790,HospitalOwner,government - hospital district or authority,0.0003,bclean_keep
790,EmergencyService,yes,0.5000,bclean_keep
790,Condition,pneumonia,0.0003,bclean_keep
790,MeasureCode,pn-3b,0.0007,bclean_keep
790,MeasureName,pneumonia patients whose initial emergency room blood culture was performed prior to the administration of the first hospital dose of antibiotics,0.0007,bclean_keep
790,Stateavg,al_pn-3b,0.0009,bclean_keep
791,ProviderNumber,10039,0.0000,bclean_keep
791,HospitalName,huntsville hospital,0.0012,bclean_keep
791,Address1,101 sivley rd,0.0000,bclean_keep
791,City,huntsville,0.0000,bclean_keep
791,State,al,0.5000,bclean_keep
791,ZipCode,35801,0.0000,bclean_keep
791,CountyName,madison,0.0015,bclean_keep
791,PhoneNumber,2562651000,0.0000,bclean_keep
791,HospitalType,acute care hospitals,0.5000,bclean_keep
791,HospitalOwner,government - hospital district or authority,0.0003,bclean_keep
791,EmergencyService,yes,0.0000,bclean_keep
791,Condition,pneumonia,0.0003,bclean_keep
791,MeasureCode,pn-4,0.0029,bclean_keep
791,MeasureName,pneumonia patients given smoking cessation advice/counseling,0.0000,bclean_keep
791,Stateavg,al_pn-4,0.0000,bclean_keep
792,ProviderNumber,10039,0.0000,bclean_keep
792,HospitalName,huntsville hospital,0.0012,bclean_keep
792,Address1,101 sivley rd,0.0000,bclean_keep
792,City,huntsville,0.0000,bclean_keep
792,ZipCode,35801,0.0000,bclean_keep
792,CountyName,madison,0.0015,bclean_keep
792,PhoneNumber,2562651000,0.0000,bclean_keep
792,HospitalType,acute care hospitals,0.5000,bclean_keep
792,HospitalOwner,government - hospital district or authority,0.0003,bclean_keep
792,EmergencyService,yes,0.0000,bclean_keep
792,Condition,pneumonia,0.0001,bclean_keep
792,MeasureCode,pn-5c,0.0007,bclean_keep
792,MeasureName,pneumonia patients given initial antibiotic(s) within 6 hours after arrival,0.0008,bclean_keep
792,Stateavg,al_pn-5c,0.0007,bclean_keep
793,ProviderNumber,10039,0.0000,bclean_keep
793,HospitalName,huntsville hospital,0.0012,bclean_keep
793,Address1,101 sivley rd,0.0000,bclean_keep
793,City,huntsville,0.0000,bclean_keep
793,State,al,0.5000,bclean_keep
793,ZipCode,35801,0.0000,bclean_keep
793,CountyName,madison,0.0015,bclean_keep
793,PhoneNumber,2562651000,0.0000,bclean_keep
793,HospitalType,acute care hospitals,0.5000,bclean_keep
793,HospitalOwner,government - hospital district or authority,0.0003,bclean_keep
793,EmergencyService,yes,0.5000,bclean_keep
793,Condition,pneumonia,0.0002,bclean_keep
793,MeasureCode,pn-6,0.0000,bclean_keep
793,MeasureName,pneumonia patients given the most appropriate initial antibiotic(s),0.0006,bclean_keep
793,Stateavg,al_pn-6,0.0008,bclean_keep
794,HospitalName,huntsville hospital,0.0012,bclean_keep
794,Address1,101 sivley rd,0.0000,bclean_keep
794,City,huntsville,0.0000,bclean_keep
794,State,al,0.5000,bclean_keep
794,ZipCode,35801,0.0000,bclean_keep
794,CountyName,madison,0.0015,bclean_keep
794,PhoneNumber,2562651000,0.0000,bclean_keep
794,HospitalType,acute care hospitals,0.5000,bclean_keep
794,HospitalOwner,government - hospital district or authority,0.0003,bclean_keep
794,EmergencyService,yes,0.5000,bclean_keep
794,Condition,pneumonia,0.0000,bclean_keep
794,MeasureCode,pn-7,0.0000,bclean_keep
794,MeasureName,pneumonia patients assessed and given influenza vaccination,0.0008,bclean_keep
794,Stateavg,al_pn-7,0.0007,bclean_keep
795,ProviderNumber,10039,0.0000,bclean_keep
795,HospitalName,huntsville hospital,0.0012,bclean_keep
795,Address1,101 sivley rd,0.0000,bclean_keep
795,City,huntsville,0.0000,bclean_keep
795,State,al,0.5000,bclean_keep
795,ZipCode,35801,0.0000,bclean_keep
795,CountyName,madison,0.0016,bclean_keep
795,PhoneNumber,2562651000,0.0000,bclean_keep
795,HospitalType,acute care hospitals,0.5000,bclean_keep
795,HospitalOwner,government - hospital district or authority,0.0003,bclean_keep
795,EmergencyService,yes,0.5000,bclean_keep
795,Condition,surgical infection prevention,0.0005,bclean_keep
795,MeasureCode,scip-card-2,0.0000,bclean_keep
795,MeasureName,surgery patients who were taking heart drugs called beta blockers before coming to the hospital who were kept on the beta blockers during the period just before and after their surgery,0.0008,bclean_keep
795,Stateavg,al_scip-card-2,0.0000,bclean_keep
796,ProviderNumber,10039,0.0000,bclean_keep
796,HospitalName,huntsville hospital,0.0012,bclean_keep
796,Address1,101 sivley rd,0.0000,bclean_keep
796,City,huntsville,0.0000,bclean_keep
796,State,al,0.5000,bclean_keep
796,ZipCode,35801,0.0000,bclean_keep
796,CountyName,madison,0.0016,bclean_keep
796,PhoneNumber,2562651000,0.0000,bclean_keep
796,HospitalType,acute care hospitals,0.5000,bclean_keep
796,HospitalOwner,government - hospital district or authority,0.0003,bclean_keep
796,EmergencyService,yes,0.5000,bclean_keep
796,Condition,surgical infection prevention,0.0000,bclean_keep
796,MeasureCode,scip-inf-1,0.0006,bclean_keep
796,MeasureName,surgery patients who were given an antibiotic at the right time (within one hour before surgery) to help prevent infection,0.0000,bclean_keep
796,Stateavg,al_scip-inf-1,0.0000,bclean_keep
797,ProviderNumber,10039,0.0000,bclean_keep
797,HospitalName,huntsville hospital,0.0012,bclean_keep
797,Address1,101 sivley rd,0.0000,bclean_keep
797,City,huntsville,0.0000,bclean_keep
797,State,al,0.5000,bclean_keep
797,ZipCode,35801,0.0000,bclean_keep
797,CountyName,madison,0.0016,bclean_keep
797,PhoneNumber,2562651000,0.0000,bclean_keep
797,HospitalType,acute care hospitals,0.5000,bclean_keep
797,HospitalOwner,government - hospital district or authority,0.0003,bclean_keep
797,EmergencyService,yes,0.5000,bclean_keep
797,Condition,surgical infection prevention,0.0001,bclean_keep
797,MeasureCode,scip-inf-2,0.0000,bclean_keep
797,MeasureName,surgery patients who were given the  right kind  of antibiotic to help prevent infection,0.0000,bclean_keep
798,ProviderNumber,10039,0.0000,bclean_keep
798,HospitalName,huntsville hospital,0.0000,bclean_keep
798,Address1,101 sivley rd,0.0000,bclean_keep
798,City,huntsville,0.0000,bclean_keep
798,State,al,0.5000,bclean_keep
798,ZipCode,35801,0.0000,bclean_keep
798,CountyName,madison,0.0016,bclean_keep
798,PhoneNumber,2562651000,0.0000,bclean_keep
798,HospitalType,acute care hospitals,0.5000,bclean_keep
798,HospitalOwner,government - hospital district or authority,0.0004,bclean_keep
798,Condition,surgical infection prevention,0.0001,bclean_keep
798,MeasureCode,scip-inf-3,0.0007,bclean_keep
798,MeasureName,surgery patients whose preventive antibiotics were stopped at the right time (within 24 hours after surgery),0.0000,bclean_keep
798,Stateavg,al_scip-inf-3,0.0000,bclean_keep
799,ProviderNumber,10039,0.0000,bclean_keep
799,HospitalName,huntsville hospital,0.0012,bclean_keep
799,Address1,101 sivley rd,0.0000,bclean_keep
799,City,huntsville,0.0000,bclean_keep
799,State,al,0.5000,bclean_keep
799,ZipCode,35801,0.0000,bclean_keep
799,PhoneNumber,2562651000,0.0000,bclean_keep
799,HospitalType,acute care hospitals,0.5000,bclean_keep
799,HospitalOwner,government - hospital district or authority,0.0003,bclean_keep
799,EmergencyService,yes,0.5000,bclean_keep
799,Condition,surgical infection prevention,0.0001,bclean_keep
799,MeasureCode,scip-inf-4,0.0010,bclean_keep
799,MeasureName,all heart surgery patients whose blood sugar (blood glucose) is kept under good control in the days right after surgery,0.0010,bclean_keep
799,Stateavg,al_scip-inf-4,0.0000,bclean_keep
800,ProviderNumber,10039,0.0000,bclean_keep
800,HospitalName,huntsville hospital,0.0012,bclean_keep
800,Address1,101 sivley rd,0.0000,bclean_keep
800,City,huntsville,0.0000,bclean_keep
800,State,al,0.5000,bclean_keep
800,ZipCode,35801,0.0000,bclean_keep
800,CountyName,madison,0.0016,bclean_keep
800,PhoneNumber,2562651000,0.0000,bclean_keep
800,HospitalType,acute care hospitals,0.5000,bclean_keep
800,HospitalOwner,government - hospital district or authority,0.0003,bclean_keep
800,EmergencyService,yes,0.5000,bclean_keep
800,Condition,surgical infection prevention,0.0000,bclean_keep
800,MeasureCode,scip-inf-6,0.0000,bclean_keep
800,MeasureName,surgery patients needing hair removed from the surgical area before surgery who had hair removed using a safer method (electric clippers or hair removal cream c not a razor),0.0008,bclean_keep
800,Stateavg,al_scip-inf-6,0.0000,bclean_keep
801,ProviderNumber,10039,0.0000,bclean_keep
801,HospitalName,huntsville hospital,0.0012,bclean_keep
801,Address1,101 sivley rd,0.0000,bclean_keep
801,City,huntsville,0.0000,bclean_keep
801,State,al,0.5000,bclean_keep
801,ZipCode,35801,0.0000,bclean_keep
801,CountyName,madison,0.0016,bclean_keep
801,PhoneNumber,2562651000,0.0000,bclean_keep
801,HospitalType,acute care hospitals,0.5000,bclean_keep
801,HospitalOwner,government - hospital district or authority,0.0003,bclean_keep
801,EmergencyService,yes,0.5000,bclean_keep
801,Condition,surgical infection prevention,0.0000,bclean_keep
801,MeasureCode,scip-vte-1,0.0009,bclean_keep
801,MeasureName,surgery patients whose doctors ordered treatments to prevent blood clots after certain types of surgeries,0.0008,bclean_keep
801,Stateavg,al_scip-vte-1,0.0008,bclean_keep
802,ProviderNumber,10039,0.0000,bclean_keep
802,HospitalName,huntsville hospital,0.0012,bclean_keep
802,Address1,101 sivley rd,0.0000,bclean_keep
802,City,huntsville,0.0000,bclean_keep
802,State,al,0.5000,bclean_keep
802,ZipCode,35801,0.0000,bclean_keep
802,CountyName,madison,0.0016,bclean_keep
802,PhoneNumber,2562651000,0.0000,bclean_keep
802,HospitalType,acute care hospitals,0.5000,bclean_keep
802,HospitalOwner,government - hospital district or authority,0.0003,bclean_keep
802,EmergencyService,yes,0.5000,bclean_keep
802,Condition,surgical infection prevention,0.0001,bclean_keep
802,MeasureCode,scip-vte-2,0.0000,bclean_keep
802,MeasureName,patients who got treatment  at the right time (within 24 hours before or after their surgery) to help prevent blood clots after certain types of surgery,0.0000,bclean_keep
802,Stateavg,al_scip-vte-2,0.0009,bclean_keep
803,ProviderNumber,10040,0.0000,bclean_keep
803,HospitalName,gadsden regional medical center,0.0000,bclean_keep
803,Address1,1007 goodyear avenue,0.0000,bclean_keep
803,City,gadsden,0.0010,bclean_keep
803,State,al,0.5000,bclean_keep
803,ZipCode,35903,0.0000,bclean_keep
803,CountyName,etowah,0.0003,bclean_keep
803,PhoneNumber,2564944000,0.0000,bclean_keep
803,HospitalType,acute care hospitals,0.5000,bclean_keep
803,HospitalOwner,proprietary,0.0000,bclean_keep
803,EmergencyService,yes,0.5000,bclean_keep
803,Condition,heart attack,0.0003,bclean_keep
803,MeasureCode,ami-1,0.0000,bclean_keep
803,Stateavg,al_ami-1,0.0010,bclean_keep
804,ProviderNumber,10040,0.0000,bclean_keep
804,HospitalName,gadsden regional medical center,0.0000,bclean_keep
804,Address1,1007 goodyear avenue,0.0000,bclean_keep
804,City,gadsden,0.0010,bclean_keep
804,State,al,0.5000,bclean_keep
804,ZipCode,35903,0.0000,bclean_keep
804,CountyName,etowah,0.0003,bclean_keep
804,PhoneNumber,2564944000,0.0000,bclean_keep
804,HospitalType,acute care hospitals,0.5000,bclean_keep
804,HospitalOwner,proprietary,0.0000,bclean_keep
804,EmergencyService,yes,0.0000,bclean_keep
804,Condition,heart attack,0.0003,bclean_keep
804,MeasureCode,ami-2,0.0007,bclean_keep
804,MeasureName,heart attack patients given aspirin at discharge,0.0008,bclean_keep
804,Stateavg,al_ami-2,0.0008,bclean_keep
805,ProviderNumber,10040,0.0000,bclean_keep
805,HospitalName,gadsden regional medical center,0.0000,bclean_keep
805,Address1,1007 goodyear avenue,0.0000,bclean_keep
805,City,gadsden,0.0010,bclean_keep
805,State,al,0.5000,bclean_keep
805,ZipCode,35903,0.0000,bclean_keep
805,CountyName,etowah,0.0003,bclean_keep
805,PhoneNumber,2564944000,0.0000,bclean_keep
805,HospitalType,acute care hospitals,0.5000,bclean_keep
805,HospitalOwner,proprietary,0.0000,bclean_keep
805,EmergencyService,yes,0.0000,bclean_keep
805,Condition,heart attack,0.0003,bclean_keep
805,MeasureCode,ami-3,0.0006,bclean_keep
805,MeasureName,heart attack patients given ace inhibitor or arb for left ventricular systolic dysfunction (lvsd),0.0006,bclean_keep
805,Stateavg,al_ami-3,0.0000,bclean_keep
806,ProviderNumber,10040,0.0000,bclean_keep
806,HospitalName,gadsden regional medical center,0.0000,bclean_keep
806,Address1,1007 goodyear avenue,0.0000,bclean_keep
806,City,gadsden,0.0010,bclean_keep
806,State,al,0.5000,bclean_keep
806,ZipCode,35903,0.0000,bclean_keep
806,CountyName,etowah,0.0003,bclean_keep
806,PhoneNumber,2564944000,0.0000,bclean_keep
806,HospitalType,acute care hospitals,0.5000,bclean_keep
806,HospitalOwner,proprietary,0.0000,bclean_keep
806,EmergencyService,yes,0.5000,bclean_keep
806,Condition,heart attack,0.0003,bclean_keep
806,MeasureCode,ami-4,0.0005,bclean_keep
806,MeasureName,heart attack patients given smoking cessation advice/counseling,0.0000,bclean_keep
806,Stateavg,al_ami-4,0.0000,bclean_keep
807,ProviderNumber,10040,0.0000,bclean_keep
807,HospitalName,gadsden regional medical center,0.0000,bclean_keep
807,Address1,1007 goodyear avenue,0.0000,bclean_keep
807,City,gadsden,0.0010,bclean_keep
807,State,al,0.5000,bclean_keep
807,ZipCode,35903,0.0000,bclean_keep
807,CountyName,etowah,0.0003,bclean_keep
807,PhoneNumber,2564944000,0.0000,bclean_keep
807,HospitalType,acute care hospitals,0.5000,bclean_keep
807,HospitalOwner,proprietary,0.0000,bclean_keep
807,EmergencyService,yes,0.0000,bclean_keep
807,Condition,heart attack,0.0003,bclean_keep
807,MeasureCode,ami-5,0.0007,bclean_keep
807,MeasureName,heart attack patients given beta blocker at discharge,0.0007,bclean_keep
807,Stateavg,al_ami-5,0.0007,bclean_keep
808,ProviderNumber,10040,0.0000,bclean_keep
808,HospitalName,gadsden regional medical center,0.0000,bclean_keep
808,Address1,1007 goodyear avenue,0.0000,bclean_keep
808,City,gadsden,0.0010,bclean_keep
808,State,al,0.5000,bclean_keep
808,ZipCode,35903,0.0000,bclean_keep
808,CountyName,etowah,0.0003,bclean_keep
808,PhoneNumber,2564944000,0.0000,bclean_keep
808,HospitalType,acute care hospitals,0.5000,bclean_keep
808,HospitalOwner,proprietary,0.0000,bclean_keep
808,EmergencyService,yes,0.0000,bclean_keep
808,Condition,heart attack,0.0001,bclean_keep
808,MeasureCode,ami-7a,0.0000,bclean_keep
808,MeasureName,heart attack patients given fibrinolytic medication within 30 minutes of arrival,0.0000,bclean_keep
808,Stateavg,al_ami-7a,0.0008,bclean_keep
809,ProviderNumber,10040,0.0000,bclean_keep
809,HospitalName,gadsden regional medical center,0.0000,bclean_keep
809,Address1,1007 goodyear avenue,0.0000,bclean_keep
809,City,gadsden,0.0010,bclean_keep
809,State,al,0.5000,bclean_keep
809,ZipCode,35903,0.0000,bclean_keep
809,CountyName,etowah,0.0003,bclean_keep
809,PhoneNumber,2564944000,0.0000,bclean_keep
809,HospitalType,acute care hospitals,0.5000,bclean_keep
809,HospitalOwner,proprietary,0.0000,bclean_keep
809,EmergencyService,yes,0.0000,bclean_keep
809,Condition,heart attack,0.0003,bclean_keep
809,MeasureCode,ami-8a,0.0000,bclean_keep
809,MeasureName,heart attack patients given pci within 90 minutes of arrival,0.0007,bclean_keep
809,Stateavg,al_ami-8a,0.0008,bclean_keep
810,ProviderNumber,10040,0.0000,bclean_keep
810,HospitalName,gadsden regional medical center,0.0000,bclean_keep
810,Address1,1007 goodyear avenue,0.0000,bclean_keep
810,City,gadsden,0.0011,bclean_keep
810,State,al,0.5000,bclean_keep
810,ZipCode,35903,0.0000,bclean_keep
810,CountyName,etowah,0.0003,bclean_keep
810,PhoneNumber,2564944000,0.0000,bclean_keep
810,HospitalType,acute care hospitals,0.5000,bclean_keep
810,HospitalOwner,proprietary,0.0000,bclean_keep
810,Condition,heart failure,0.0004,bclean_keep
810,MeasureCode,hf-1,0.0033,bclean_keep
810,MeasureName,heart failure patients given discharge instructions,0.0008,bclean_keep
810,Stateavg,al_hf-1,0.0000,bclean_keep
811,ProviderNumber,10040,0.0000,bclean_keep
811,HospitalName,gadsden regional medical center,0.0000,bclean_keep
811,Address1,1007 goodyear avenue,0.0000,bclean_keep
811,City,gadsden,0.0010,bclean_keep
811,State,al,0.5000,bclean_keep
811,ZipCode,35903,0.0000,bclean_keep
811,CountyName,etowah,0.0003,bclean_keep
811,PhoneNumber,2564944000,0.0000,bclean_keep
811,HospitalType,acute care hospitals,0.5000,bclean_keep
811,HospitalOwner,proprietary,0.0000,bclean_keep
811,EmergencyService,yes,0.0000,bclean_keep
811,Condition,heart failure,0.0002,bclean_keep
811,MeasureCode,hf-2,0.0007,bclean_keep
811,MeasureName,heart failure patients given an evaluation of left ventricular systolic (lvs) function,0.0007,bclean_keep
811,Stateavg,al_hf-2,0.0007,bclean_keep
812,ProviderNumber,10040,0.0000,bclean_keep
812,HospitalName,gadsden regional medical center,0.0000,bclean_keep
812,Address1,1007 goodyear avenue,0.0000,bclean_keep
812,City,gadsden,0.0010,bclean_keep
812,State,al,0.5000,bclean_keep
812,ZipCode,35903,0.0000,bclean_keep
812,CountyName,etowah,0.0003,bclean_keep
812,PhoneNumber,2564944000,0.0000,bclean_keep
812,HospitalType,acute care hospitals,0.5000,bclean_keep
812,HospitalOwner,proprietary,0.0000,bclean_keep
812,EmergencyService,yes,0.0000,bclean_keep
812,Condition,heart failure,0.0003,bclean_keep
812,MeasureCode,hf-3,0.0000,bclean_keep
812,MeasureName,heart failure patients given ace inhibitor or arb for left ventricular systolic dysfunction (lvsd),0.0007,bclean_keep
812,Stateavg,al_hf-3,0.0000,bclean_keep
813,ProviderNumber,10040,0.0000,bclean_keep
813,HospitalName,gadsden regional medical center,0.0000,bclean_keep
813,Address1,1007 goodyear avenue,0.0000,bclean_keep
813,City,gadsden,0.0010,bclean_keep
813,State,al,0.5000,bclean_keep
813,ZipCode,35903,0.0000,bclean_keep
813,CountyName,etowah,0.0003,bclean_keep
813,PhoneNumber,2564944000,0.0000,bclean_keep
813,HospitalType,acute care hospitals,0.5000,bclean_keep
813,HospitalOwner,proprietary,0.0000,bclean_keep
813,EmergencyService,yes,0.0000,bclean_keep
813,Condition,heart failure,0.0002,bclean_keep
813,MeasureCode,hf-4,0.0007,bclean_keep
813,MeasureName,heart failure patients given smoking cessation advice/counseling,0.0010,bclean_keep
813,Stateavg,al_hf-4,0.0007,bclean_keep
814,ProviderNumber,10040,0.0000,bclean_keep
814,HospitalName,gadsden regional medical center,0.0000,bclean_keep
814,Address1,1007 goodyear avenue,0.0000,bclean_keep
814,City,gadsden,0.0010,bclean_keep
814,State,al,0.5000,bclean_keep
814,ZipCode,35903,0.0000,bclean_keep
814,CountyName,etowah,0.0004,bclean_keep
814,PhoneNumber,2564944000,0.0000,bclean_keep
814,HospitalType,acute care hospitals,0.5000,bclean_keep
814,HospitalOwner,proprietary,0.0000,bclean_keep
814,EmergencyService,yes,0.0000,bclean_keep
814,Condition,pneumonia,0.0000,bclean_keep
814,MeasureCode,pn-2,0.0006,bclean_keep
814,MeasureName,pneumonia patients assessed and given pneumococcal vaccination,0.0000,bclean_keep
814,Stateavg,al_pn-2,0.0009,bclean_keep
815,ProviderNumber,10040,0.0000,bclean_keep
815,HospitalName,gadsden regional medical center,0.0000,bclean_keep
815,Address1,1007 goodyear avenue,0.0000,bclean_keep
815,City,gadsden,0.0011,bclean_keep
815,State,al,0.5000,bclean_keep
815,ZipCode,35903,0.0000,bclean_keep
815,CountyName,etowah,0.0005,bclean_keep
815,PhoneNumber,2564944000,0.0000,bclean_keep
815,HospitalType,axute care hospitals,0.5000,bclean_keep
815,HospitalOwner,proprietary,0.0000,bclean_keep
815,EmergencyService,yes,0.0000,bclean_keep
815,Condition,pneumonia,0.0003,bclean_keep
815,MeasureCode,pn-3b,0.0007,bclean_keep
815,MeasureName,pneumonia patients whose initial emergency room blood culture was performed prior to the administration of the first hospital dose of antibiotics,0.0007,bclean_keep
815,Stateavg,al_pn-3b,0.0008,bclean_keep
816,ProviderNumber,10040,0.0000,bclean_keep
816,HospitalName,gadsden regional medical center,0.0000,bclean_keep
816,Address1,1007 goodyear avenue,0.0000,bclean_keep
816,City,gadsden,0.0010,bclean_keep
816,State,al,0.5000,bclean_keep
816,CountyName,etowah,0.0004,bclean_keep
816,PhoneNumber,2564944000,0.0000,bclean_keep
816,HospitalType,acute care hospitals,0.5000,bclean_keep
816,HospitalOwner,proprietary,0.0000,bclean_keep
816,EmergencyService,yes,0.0000,bclean_keep
816,Condition,pneumonia,0.0003,bclean_keep
816,MeasureCode,pn-4,0.0028,bclean_keep
816,MeasureName,pneumonia patients given smoking cessation advice/counseling,0.0000,bclean_keep
816,Stateavg,al_pn-4,0.0000,bclean_keep
817,ProviderNumber,10040,0.0000,bclean_keep
817,HospitalName,gadsden regional medical center,0.0000,bclean_keep
817,Address1,1007 goodyear avenue,0.0000,bclean_keep
817,City,gadsden,0.0010,bclean_keep
817,State,al,0.5000,bclean_keep
817,ZipCode,35903,0.0000,bclean_keep
817,CountyName,etowah,0.0004,bclean_keep
817,PhoneNumber,2564944000,0.0000,bclean_keep
817,HospitalType,acute care hospitals,0.5000,bclean_keep
817,HospitalOwner,proprietary,0.0000,bclean_keep
817,EmergencyService,yes,0.0000,bclean_keep
817,Condition,pneumonia,0.0001,bclean_keep
817,MeasureCode,pn-5c,0.0000,bclean_keep
817,Stateavg,al_pn-5c,0.0007,bclean_keep
818,ProviderNumber,10040,0.0000,bclean_keep
818,HospitalName,gadsden regional medical center,0.0000,bclean_keep
818,Address1,1007 goodyear avenue,0.0000,bclean_keep
818,City,gadsden,0.0010,bclean_keep
818,State,al,0.5000,bclean_keep
818,ZipCode,35903,0.0000,bclean_keep
818,CountyName,etowah,0.0004,bclean_keep
818,PhoneNumber,2564944000,0.0000,bclean_keep
818,HospitalType,acute care hospitals,0.5000,bclean_keep
818,HospitalOwner,proprietary,0.0000,bclean_keep
818,EmergencyService,yes,0.0000,bclean_keep
818,Condition,pneumonia,0.0002,bclean_keep
818,MeasureCode,pn-6,0.0000,bclean_keep
818,MeasureName,pneumonia patients given the most appropriate initial antibiotic(s),0.0006,bclean_keep
818,Stateavg,al_pn-6,0.0010,bclean_keep
819,ProviderNumber,10040,0.0000,bclean_keep
819,HospitalName,gadsden regional medical center,0.0000,bclean_keep
819,Address1,1007 goodyear avenue,0.0000,bclean_keep
819,City,gadsden,0.0010,bclean_keep
819,State,al,0.5000,bclean_keep
819,ZipCode,35903,0.0000,bclean_keep
819,CountyName,etowah,0.0004,bclean_keep
819,PhoneNumber,2564944000,0.0000,bclean_keep
819,HospitalType,acute care hospitals,0.5000,bclean_keep
819,HospitalOwner,proprietary,0.0000,bclean_keep
819,EmergencyService,yes,0.0000,bclean_keep
819,Condition,pneumonia,0.0000,bclean_keep
819,MeasureCode,pn-7,0.0000,bclean_keep
819,MeasureName,pneumonia patients assessed and given influenza vaccination,0.0008,bclean_keep
819,Stateavg,al_pn-7,0.0008,bclean_keep
820,ProviderNumber,10040,0.0000,bclean_keep
820,HospitalName,gadsden regional medical center,0.0000,bclean_keep
820,Address1,1007 goodyear avenue,0.0000,bclean_keep
820,City,gadsden,0.0011,bclean_keep
820,State,al,0.5000,bclean_keep
820,ZipCode,35903,0.0000,bclean_keep
820,CountyName,etowah,0.0003,bclean_keep
820,PhoneNumber,2564944000,0.0000,bclean_keep
820,HospitalType,acute care hospitals,0.5000,bclean_keep
820,HospitalOwner,proprietary,0.0000,bclean_keep
820,EmergencyService,yes,0.0000,bclean_keep
820,Condition,surgical infection prevention,0.0005,bclean_keep
820,MeasureCode,scip-card-2,0.0000,bclean_keep
820,MeasureName,surgery patients who were taking heart drugs called beta blockers before coming to the hospital who were kept on the beta blockers during the period just before and after their surgery,0.0008,bclean_keep
820,Stateavg,al_scip-card-2,0.0000,bclean_keep
821,ProviderNumber,10040,0.0000,bclean_keep
821,HospitalName,gadsden regional medical center,0.0000,bclean_keep
821,Address1,1007 goodyear avenue,0.0000,bclean_keep
821,City,gadsden,0.0011,bclean_keep
821,State,al,0.5000,bclean_keep
821,ZipCode,35903,0.0000,bclean_keep
821,CountyName,etowah,0.0003,bclean_keep
821,PhoneNumber,2564944000,0.0000,bclean_keep
821,HospitalType,acute care hospitals,0.5000,bclean_keep
821,HospitalOwner,proprietary,0.0000,bclean_keep
821,EmergencyService,yes,0.5000,bclean_keep
821,Condition,surgical infection prevention,0.0000,bclean_keep
821,MeasureCode,scip-inf-1,0.0006,bclean_keep
821,MeasureName,surgery patients who were given an antibiotic at the right time (within one hour before surgery) to help prevent infection,0.0000,bclean_keep
821,Stateavg,al_scip-inf-1,0.0000,bclean_keep
822,ProviderNumber,10040,0.0000,bclean_keep
822,HospitalName,gadsden regional medical center,0.0000,bclean_keep
822,Address1,1007 goodyear avenue,0.0000,bclean_keep
822,State,al,0.5000,bclean_keep
822,ZipCode,35903,0.0000,bclean_keep
822,CountyName,etowah,0.0003,bclean_keep
822,PhoneNumber,2564944000,0.0000,bclean_keep
822,HospitalType,acute care hospitals,0.5000,bclean_keep
822,HospitalOwner,proprietary,0.0000,bclean_keep
822,EmergencyService,yes,0.5000,bclean_keep
822,Condition,surgical infection prevention,0.0001,bclean_keep
822,MeasureCode,scip-inf-2,0.0007,bclean_keep
822,MeasureName,surgery patients who were given the  right kind  of antibiotic to help prevent infection,0.0000,bclean_keep
822,Stateavg,al_scip-inf-2,0.0035,bclean_keep
823,ProviderNumber,10040,0.0000,bclean_keep
823,HospitalName,gadsden regional medical center,0.0000,bclean_keep
823,Address1,1007 goodyear avenue,0.0000,bclean_keep
823,City,gadsden,0.0011,bclean_keep
823,State,al,0.5000,bclean_keep
823,ZipCode,35903,0.0000,bclean_keep
823,CountyName,etowah,0.0003,bclean_keep
823,PhoneNumber,2564944000,0.0000,bclean_keep
823,HospitalType,acute care hospitals,0.5000,bclean_keep
823,HospitalOwner,proprietary,0.0000,bclean_keep
823,EmergencyService,yes,0.0000,bclean_keep
823,Condition,surgical infection prevention,0.0001,bclean_keep
823,MeasureCode,scip-inf-3,0.0007,bclean_keep
823,MeasureName,surgery patients whose preventive antibiotics were stopped at the right time (within 24 hours after surgery),0.0000,bclean_keep
823,Stateavg,al_scip-inf-3,0.0000,bclean_keep
824,ProviderNumber,10040,0.0000,bclean_keep
824,HospitalName,gadsden regional medical center,0.0000,bclean_keep
824,Address1,1007 goodyear avenue,0.0000,bclean_keep
824,City,gadsden,0.0011,bclean_keep
824,State,al,0.5000,bclean_keep
824,ZipCode,35903,0.0000,bclean_keep
824,CountyName,etowah,0.0003,bclean_keep
824,PhoneNumber,2564944000,0.0000,bclean_keep
824,HospitalType,acute care hospitals,0.5000,bclean_keep
824,HospitalOwner,proprietary,0.0000,bclean_keep
824,EmergencyService,yes,0.0000,bclean_keep
824,Condition,surgical infection prevention,0.0001,bclean_keep
824,MeasureCode,scip-inf-4,0.0008,bclean_keep
824,MeasureName,all heart surgery patients whose blood sugar (blood glucose) is kept under good control in the days right after surgery,0.0010,bclean_keep
824,Stateavg,al_scip-inf-4,0.0000,bclean_keep
825,ProviderNumber,10040,0.0000,bclean_keep
825,HospitalName,gadsden regional medical center,0.0000,bclean_keep
825,Address1,1007 goodyear avenue,0.0000,bclean_keep
825,City,gadsden,0.0010,bclean_keep
825,State,al,0.5000,bclean_keep
825,ZipCode,35903,0.0000,bclean_keep
825,CountyName,etowah,0.0003,bclean_keep
825,HospitalType,acute care hospitals,0.5000,bclean_keep
825,HospitalOwner,proprietary,0.0000,bclean_keep
825,EmergencyService,yes,0.5000,bclean_keep
825,Condition,surgical infection prevention,0.0000,bclean_keep
825,MeasureCode,scip-inf-6,0.0000,bclean_keep
825,MeasureName,surgery patients needing hair removed from the surgical area before surgery who had hair removed using a safer method (electric clippers or hair removal cream c not a razor),0.0008,bclean_keep
825,Stateavg,al_scip-inf-6,0.0000,bclean_keep
826,ProviderNumber,10040,0.0000,bclean_keep
826,HospitalName,gadsden regional medical center,0.0000,bclean_keep
826,Address1,1007 goodyear avenue,0.0000,bclean_keep
826,City,gadsden,0.0011,bclean_keep
826,State,al,0.5000,bclean_keep
826,ZipCode,35903,0.0000,bclean_keep
826,CountyName,etowah,0.0003,bclean_keep
826,PhoneNumber,2564944000,0.0000,bclean_keep
826,HospitalType,acute care hospitals,0.5000,bclean_keep
826,HospitalOwner,proprietary,0.0000,bclean_keep
826,EmergencyService,yes,0.0000,bclean_keep
826,Condition,surgical infection prevention,0.0000,bclean_keep
826,MeasureCode,scip-vte-1,0.0008,bclean_keep
826,MeasureName,surgery patients whose doctors ordered treatments to prevent blood clots after certain types of surgeries,0.0009,bclean_keep
826,Stateavg,al_scip-vte-1,0.0008,bclean_keep
827,ProviderNumber,10040,0.0000,bclean_keep
827,HospitalName,gadsden regional medical center,0.0000,bclean_keep
827,Address1,1007 goodyear avenue,0.0000,bclean_keep
827,City,gadsden,0.0011,bclean_keep
827,State,al,0.5000,bclean_keep
827,ZipCode,35903,0.0000,bclean_keep
827,CountyName,etowah,0.0003,bclean_keep
827,PhoneNumber,2564944000,0.0000,bclean_keep
827,HospitalType,acute care hospitals,0.5000,bclean_keep
827,HospitalOwner,proprietary,0.0000,bclean_keep
827,EmergencyService,yes,0.0000,bclean_keep
827,Condition,surgical infection prevention,0.0001,bclean_keep
827,MeasureCode,scip-vte-2,0.0000,bclean_keep
827,MeasureName,patients who got treatment  at the right time (within 24 hours before or after their surgery) to help prevent blood clots after certain types of surgery,0.0000,bclean_keep
827,Stateavg,al_scip-vte-2,0.0009,bclean_keep
828,ProviderNumber,10043,0.0000,bclean_keep
828,HospitalName,chilton medical center,0.0000,bclean_keep
828,Address1,1010 lay dam road,0.0017,bclean_keep
828,City,clanton,0.0000,bclean_keep
828,State,al,0.5000,bclean_keep
828,ZipCode,35045,0.0000,bclean_keep
828,CountyName,chilton,0.0000,bclean_keep
828,PhoneNumber,2057552500,0.0000,bclean_keep
828,HospitalType,acute care hospitals,0.5000,bclean_keep
828,HospitalOwner,voluntary non-profit - private,0.0004,bclean_keep
828,EmergencyService,yes,0.5000,bclean_keep
828,Condition,heart attack,0.0003,bclean_keep
828,MeasureCode,ami-1,0.0000,bclean_keep
828,MeasureName,heart attack patients given aspirin at arrival,0.0010,bclean_keep
829,ProviderNumber,10043,0.0000,bclean_keep
829,HospitalName,chilton medical center,0.0000,bclean_keep
829,Address1,1010 lay dam road,0.0017,bclean_keep
829,City,clanton,0.0000,bclean_keep
829,State,al,0.5000,bclean_keep
829,ZipCode,35045,0.0000,bclean_keep
829,CountyName,chilton,0.0000,bclean_keep
829,PhoneNumber,2057552500,0.0000,bclean_keep
829,HospitalType,acute care hospitals,0.5000,bclean_keep
829,HospitalOwner,voluntary non-profit - private,0.0004,bclean_keep
829,EmergencyService,yes,0.0000,bclean_keep
829,Condition,heart attack,0.0003,bclean_keep
829,MeasureCode,ami-2,0.0007,bclean_keep
829,MeasureName,heart attack patients given aspirin at discharge,0.0007,bclean_keep
829,Stateavg,al_ami-2,0.0008,bclean_keep
830,ProviderNumber,10043,0.0000,bclean_keep
830,HospitalName,chilton medical center,0.0000,bclean_keep
830,Address1,1010 lay dam road,0.0017,bclean_keep
830,City,clanton,0.0000,bclean_keep
830,State,al,0.5000,bclean_keep
830,ZipCode,35045,0.0000,bclean_keep
830,CountyName,chilton,0.0000,bclean_keep
830,PhoneNumber,2057552500,0.0000,bclean_keep
830,HospitalType,acute care hospitals,0.5000,bclean_keep
830,HospitalOwner,voluntary non-profit - private,0.0004,bclean_keep
830,EmergencyService,yes,0.5000,bclean_keep
830,Condition,heart attack,0.0003,bclean_keep
830,MeasureCode,ami-3,0.0006,bclean_keep
830,MeasureName,heart attack patients given ace inhibitor or arb for left ventricular systolic dysfunction (lvsd),0.0006,bclean_keep
830,Stateavg,al_ami-3,0.0000,bclean_keep
831,ProviderNumber,10043,0.0000,bclean_keep
831,HospitalName,chilton medical center,0.0000,bclean_keep
831,Address1,1010 lay dam road,0.0017,bclean_keep
831,City,clanton,0.0000,bclean_keep
831,State,al,0.5000,bclean_keep
831,ZipCode,35045,0.0000,bclean_keep
831,CountyName,chilton,0.0000,bclean_keep
831,PhoneNumber,2057552500,0.0000,bclean_keep
831,HospitalType,acute care hospitals,0.5000,bclean_keep
831,HospitalOwner,voluntary non-profit - private,0.0004,bclean_keep
831,EmergencyService,yes,0.5000,bclean_keep
831,Condition,heart attack,0.0003,bclean_keep
831,MeasureCode,ami-4,0.0006,bclean_keep
831,MeasureName,heart attack patients given smoking cessation advice/counseling,0.0000,bclean_keep
831,Stateavg,al_ami-4,0.0000,bclean_keep
832,ProviderNumber,10043,0.0000,bclean_keep
832,HospitalName,chilton medical center,0.0000,bclean_keep
832,Address1,1010 lay dam road,0.0017,bclean_keep
832,City,clanton,0.0000,bclean_keep
832,State,al,0.5000,bclean_keep
832,ZipCode,35045,0.0000,bclean_keep
832,CountyName,chilton,0.0000,bclean_keep
832,PhoneNumber,2057552500,0.0000,bclean_keep
832,HospitalType,acute care hospitals,0.5000,bclean_keep
832,HospitalOwner,voluntary non-profit - private,0.0004,bclean_keep
832,EmergencyService,yes,0.5000,bclean_keep
832,Condition,heart attack,0.0003,bclean_keep
832,MeasureCode,ami-5,0.0008,bclean_keep
832,MeasureName,heart attack patients given beta blocker at discharge,0.0008,bclean_keep
832,Stateavg,al_ami-5,0.0007,bclean_keep
833,ProviderNumber,10043,0.0000,bclean_keep
833,HospitalName,chilton medical center,0.0000,bclean_keep
833,Address1,1010 lay dam road,0.0017,bclean_keep
833,City,clanton,0.0000,bclean_keep
833,State,al,0.5000,bclean_keep
833,ZipCode,35045,0.0000,bclean_keep
833,CountyName,chilton,0.0000,bclean_keep
833,PhoneNumber,2057552500,0.0000,bclean_keep
833,HospitalType,acute care hospitals,0.5000,bclean_keep
833,HospitalOwner,voluntary non-profit - private,0.0004,bclean_keep
833,EmergencyService,yes,0.0000,bclean_keep
833,Condition,heart attack,0.0001,bclean_keep
833,MeasureCode,ami-7a,0.0000,bclean_keep
833,MeasureName,heart attack patients given fibrinolytic medication within 30 minutes of arrival,0.0000,bclean_keep
833,Stateavg,al_ami-7a,0.0008,bclean_keep
834,ProviderNumber,10043,0.0000,bclean_keep
834,HospitalName,chilton medical center,0.0000,bclean_keep
834,Address1,1010 lay dam road,0.0017,bclean_keep
834,City,clanton,0.0000,bclean_keep
834,State,al,0.5000,bclean_keep
834,ZipCode,35045,0.0000,bclean_keep
834,CountyName,chilton,0.0000,bclean_keep
834,PhoneNumber,2057552500,0.0000,bclean_keep
834,HospitalType,acute care hospitals,0.5000,bclean_keep
834,HospitalOwner,voluntary non-profit - private,0.0004,bclean_keep
834,EmergencyService,yes,0.5000,bclean_keep
834,Condition,heart attack,0.0003,bclean_keep
834,MeasureCode,ami-8a,0.0000,bclean_keep
834,MeasureName,heart attack patients given pci within 90 minutes of arrival,0.0007,bclean_keep
834,Stateavg,al_ami-8a,0.0008,bclean_keep
835,ProviderNumber,10043,0.0000,bclean_keep
835,HospitalName,chilton medical center,0.0000,bclean_keep
835,Address1,1010 lay dam road,0.0017,bclean_keep
835,City,clanton,0.0000,bclean_keep
835,State,al,0.5000,bclean_keep
835,ZipCode,35045,0.0000,bclean_keep
835,CountyName,chilton,0.0000,bclean_keep
835,PhoneNumber,2057552500,0.0000,bclean_keep
835,HospitalType,acute care hospitals,0.5000,bclean_keep
835,HospitalOwner,voluntary non-profit - private,0.0004,bclean_keep
835,EmergencyService,yes,0.0000,bclean_keep
835,Condition,heart failure,0.0004,bclean_keep
835,MeasureCode,hf-1,0.0030,bclean_keep
835,MeasureName,heart failure patients given discharge instructions,0.0008,bclean_keep
835,Stateavg,al_hf-1,0.0000,bclean_keep
836,ProviderNumber,10043,0.0000,bclean_keep
836,HospitalName,chilton medical center,0.0000,bclean_keep
836,Address1,1010 lay dam road,0.0017,bclean_keep
836,City,clanton,0.0000,bclean_keep
836,State,al,0.5000,bclean_keep
836,ZipCode,35045,0.0000,bclean_keep
836,CountyName,chilton,0.0000,bclean_keep
836,PhoneNumber,2057552500,0.0000,bclean_keep
836,HospitalType,acute care hospitals,0.5000,bclean_keep
836,HospitalOwner,voluntary non-profit - private,0.0004,bclean_keep
836,EmergencyService,yes,0.5000,bclean_keep
836,Condition,heart failure,0.0002,bclean_keep
836,MeasureCode,hf-2,0.0007,bclean_keep
836,MeasureName,heart failure patients given an evaluation of left ventricular systolic (lvs) function,0.0007,bclean_keep
836,Stateavg,al_hf-2,0.0007,bclean_keep
837,ProviderNumber,10043,0.0000,bclean_keep
837,HospitalName,chilton medical center,0.0000,bclean_keep
837,Address1,1010 lay dam road,0.0017,bclean_keep
837,City,clanton,0.0000,bclean_keep
837,State,al,0.5000,bclean_keep
837,ZipCode,35045,0.0000,bclean_keep
837,CountyName,chilton,0.0000,bclean_keep
837,PhoneNumber,2057552500,0.0000,bclean_keep
837,HospitalType,acute care hospitals,0.5000,bclean_keep
837,HospitalOwner,voluntary non-profit - private,0.0004,bclean_keep
837,EmergencyService,yes,0.5000,bclean_keep
837,Condition,heart failure,0.0003,bclean_keep
837,MeasureCode,hf-3,0.0000,bclean_keep
837,MeasureName,heart failure patients given ace inhibitor or arb for left ventricular systolic dysfunction (lvsd),0.0007,bclean_keep
837,Stateavg,al_hf-3,0.0000,bclean_keep
838,ProviderNumber,10043,0.0000,bclean_keep
838,HospitalName,chilton medical center,0.0000,bclean_keep
838,Address1,1010 lay dam road,0.0017,bclean_keep
838,City,clanton,0.0000,bclean_keep
838,State,al,0.5000,bclean_keep
838,ZipCode,35045,0.0000,bclean_keep
838,CountyName,chilton,0.0000,bclean_keep
838,PhoneNumber,2057552500,0.0000,bclean_keep
838,HospitalType,acute care hospitals,0.5000,bclean_keep
838,HospitalOwner,voluntary non-profit - private,0.0004,bclean_keep
838,EmergencyService,yes,0.5000,bclean_keep
838,Condition,heart failure,0.0002,bclean_keep
838,MeasureCode,hf-4,0.0007,bclean_keep
838,MeasureName,heart failure patients given smoking cessation advice/counseling,0.0007,bclean_keep
838,Stateavg,al_hf-4,0.0007,bclean_keep
839,ProviderNumber,10043,0.0000,bclean_keep
839,HospitalName,chilton medical center,0.0000,bclean_keep
839,Address1,1010 lay dam road,0.0017,bclean_keep
839,City,clanton,0.0000,bclean_keep
839,State,al,0.5000,bclean_keep
839,ZipCode,35045,0.0000,bclean_keep
839,CountyName,chilton,0.0000,bclean_keep
839,PhoneNumber,2057552500,0.0000,bclean_keep
839,HospitalType,acute care hospitals,0.5000,bclean_keep
839,HospitalOwner,voluntary non-profit - private,0.0004,bclean_keep
839,EmergencyService,yes,0.5000,bclean_keep
839,Condition,pneumonia,0.0000,bclean_keep
839,MeasureCode,pn-2,0.0006,bclean_keep
839,MeasureName,pneumonia patients assessed and given pneumococcal vaccination,0.0000,bclean_keep
839,Stateavg,al_pn-2,0.0008,bclean_keep
840,ProviderNumber,10043,0.0000,bclean_keep
840,HospitalName,chilton medical center,0.0000,bclean_keep
840,Address1,1010 lay dam road,0.0017,bclean_keep
840,City,clanton,0.0000,bclean_keep
840,State,al,0.5000,bclean_keep
840,ZipCode,35045,0.0000,bclean_keep
840,CountyName,chilton,0.0000,bclean_keep
840,PhoneNumber,2057552500,0.0000,bclean_keep
840,HospitalType,acute care hospitals,0.5000,bclean_keep
840,HospitalOwner,voluntary non-profit - private,0.0004,bclean_keep
840,EmergencyService,yes,0.0000,bclean_keep
840,Condition,pneumonia,0.0003,bclean_keep
840,MeasureCode,pn-3b,0.0007,bclean_keep
840,MeasureName,pneumonia patients whose initial emergency room blood culture was performed prior to the administration of the first hospital dose of antibiotics,0.0007,bclean_keep
840,Stateavg,al_pn-3b,0.0008,bclean_keep
841,ProviderNumber,10043,0.0000,bclean_keep
841,HospitalName,chilton medical center,0.0000,bclean_keep
841,Address1,1010 lay dam road,0.0017,bclean_keep
841,City,clanton,0.0000,bclean_keep
841,State,al,0.5000,bclean_keep
841,ZipCode,35045,0.0000,bclean_keep
841,CountyName,chilton,0.0000,bclean_keep
841,PhoneNumber,2057552500,0.0000,bclean_keep
841,HospitalType,acute care hospitals,0.5000,bclean_keep
841,HospitalOwner,voluntary non-profit - private,0.0004,bclean_keep
841,EmergencyService,yes,0.0000,bclean_keep
841,Condition,pneumonia,0.0003,bclean_keep
841,MeasureCode,pn-4,0.0029,bclean_keep
841,MeasureName,pneumonia patients given smoking cessation advice/counseling,0.0000,bclean_keep
841,Stateavg,al_pn-4,0.0000,bclean_keep
842,ProviderNumber,10043,0.0000,bclean_keep
842,HospitalName,chilton medical center,0.0000,bclean_keep
842,Address1,1010 lay dam road,0.0017,bclean_keep
842,City,clanton,0.0000,bclean_keep
842,State,al,0.5000,bclean_keep
842,ZipCode,35045,0.0000,bclean_keep
842,CountyName,chilton,0.0000,bclean_keep
842,PhoneNumber,2057552500,0.0000,bclean_keep
842,HospitalType,acute care hospitals,0.5000,bclean_keep
842,HospitalOwner,voluntary non-profit - private,0.0004,bclean_keep
842,EmergencyService,yes,0.0000,bclean_keep
842,Condition,pneumonia,0.0002,bclean_keep
842,MeasureCode,pn-5c,0.0007,bclean_keep
842,MeasureName,pneumonia patients given initial antibiotic(s) within 6 hours after arrival,0.0008,bclean_keep
842,Stateavg,al_pn-5c,0.0008,bclean_keep
843,ProviderNumber,10043,0.0000,bclean_keep
843,HospitalName,chilton medical center,0.0000,bclean_keep
843,Address1,1010 lay dam road,0.0017,bclean_keep
843,City,clanton,0.0000,bclean_keep
843,State,al,0.5000,bclean_keep
843,ZipCode,35045,0.0000,bclean_keep
843,CountyName,chilton,0.0000,bclean_keep
843,PhoneNumber,2057552500,0.0000,bclean_keep
843,HospitalType,acute care hospitals,0.5000,bclean_keep
843,HospitalOwner,voluntary non-profit - private,0.0004,bclean_keep
843,EmergencyService,yes,0.5000,bclean_keep
843,Condition,pneumonia,0.0000,bclean_keep
843,MeasureCode,pnx6,0.0000,bclean_keep
843,MeasureName,pneumonia patients given the most appropriate initial antibiotic(s),0.0000,bclean_keep
843,Stateavg,al_pnx6,0.0000,bclean_keep
844,ProviderNumber,10043,0.0000,bclean_keep
844,HospitalName,chilton medical center,0.0000,bclean_keep
844,Address1,1010 lay dam road,0.0017,bclean_keep
844,City,clanton,0.0000,bclean_keep
844,State,al,0.5000,bclean_keep
844,ZipCode,35045,0.0000,bclean_keep
844,CountyName,chilton,0.0000,bclean_keep
844,PhoneNumber,2057552500,0.0000,bclean_keep
844,HospitalType,acute care hospitals,0.5000,bclean_keep
844,HospitalOwner,voluntary non-profit - private,0.0004,bclean_keep
844,EmergencyService,yes,0.5000,bclean_keep
844,Condition,pneumonia,0.0000,bclean_keep
844,MeasureCode,pn-7,0.0000,bclean_keep
844,MeasureName,pneumonia patients assessed and given influenza vaccination,0.0009,bclean_keep
844,Stateavg,al_pn-7,0.0007,bclean_keep
845,ProviderNumber,10043,0.0000,bclean_keep
845,HospitalName,chilton medical center,0.0000,bclean_keep
845,Address1,1010 lay dam road,0.0018,bclean_keep
845,City,clanton,0.0000,bclean_keep
845,State,al,0.5000,bclean_keep
845,ZipCode,35045,0.0000,bclean_keep
845,CountyName,chilton,0.0000,bclean_keep
845,PhoneNumber,2057552500,0.0000,bclean_keep
845,HospitalType,acute care hospitals,0.5000,bclean_keep
845,HospitalOwner,voluntary non-profit - private,0.0005,bclean_keep
845,EmergencyService,yes,0.5000,bclean_keep
845,Condition,surgical infection prevention,0.0005,bclean_keep
845,MeasureCode,scip-card-2,0.0000,bclean_keep
845,MeasureName,surgery patients who were taking heart drugs called beta blockers before coming to the hospital who were kept on the beta blockers during the period just before and after their surgery,0.0009,bclean_keep
845,Stateavg,al_scip-card-2,0.0000,bclean_keep
846,ProviderNumber,10043,0.0000,bclean_keep
846,HospitalName,chilton medical center,0.0000,bclean_keep
846,Address1,1010 lay dam road,0.0018,bclean_keep
846,City,clanton,0.0000,bclean_keep
846,State,al,0.5000,bclean_keep
846,ZipCode,35045,0.0000,bclean_keep
846,CountyName,chilton,0.0000,bclean_keep
846,PhoneNumber,2057552500,0.0000,bclean_keep
846,HospitalType,acute care hospitals,0.5000,bclean_keep
846,HospitalOwner,voluntary non-profit - private,0.0005,bclean_keep
846,EmergencyService,yes,0.5000,bclean_keep
846,Condition,surgical infection prevention,0.0000,bclean_keep
846,MeasureCode,scip-inf-1,0.0007,bclean_keep
846,MeasureName,surgery patients who were given an antibiotic at the right time (within one hour before surgery) to help prevent infection,0.0000,bclean_keep
846,Stateavg,al_scip-inf-1,0.0000,bclean_keep
847,ProviderNumber,10043,0.0000,bclean_keep
847,HospitalName,chilton medical center,0.0000,bclean_keep
847,Address1,1010 lay dam road,0.0018,bclean_keep
847,City,clanton,0.0000,bclean_keep
847,State,al,0.5000,bclean_keep
847,ZipCode,35045,0.0000,bclean_keep
847,CountyName,chilton,0.0000,bclean_keep
847,PhoneNumber,2057552500,0.0000,bclean_keep
847,HospitalType,acute care hospitals,0.5000,bclean_keep
847,EmergencyService,yes,0.5000,bclean_keep
847,Condition,surgical infection prevention,0.0001,bclean_keep
847,MeasureCode,scip-inf-2,0.0008,bclean_keep
847,MeasureName,surgery patients who were given the  right kind  of antibiotic to help prevent infection,0.0000,bclean_keep
847,Stateavg,al_scip-inf-2,0.0035,bclean_keep
848,ProviderNumber,10043,0.0000,bclean_keep
848,HospitalName,chilton medical center,0.0000,bclean_keep
848,Address1,1010 lay dam road,0.0018,bclean_keep
848,City,clanton,0.0000,bclean_keep
848,State,al,0.5000,bclean_keep
848,ZipCode,35045,0.0000,bclean_keep
848,CountyName,chilton,0.0000,bclean_keep
848,PhoneNumber,2057552500,0.0000,bclean_keep
848,HospitalType,acute care hospitals,0.5000,bclean_keep
848,HospitalOwner,voluntary non-profit - private,0.0005,bclean_keep
848,EmergencyService,yes,0.0000,bclean_keep
848,Condition,surgical infection prevention,0.0001,bclean_keep
848,MeasureCode,scip-inf-3,0.0007,bclean_keep
848,MeasureName,surgery patients whose preventive antibiotics were stopped at the right time (within 24 hours after surgery),0.0000,bclean_keep
848,Stateavg,al_scip-inf-3,0.0000,bclean_keep
849,ProviderNumber,10043,0.0000,bclean_keep
849,HospitalName,chilton medical center,0.0000,bclean_keep
849,Address1,1010 lay dam road,0.0018,bclean_keep
849,City,clanton,0.0000,bclean_keep
849,State,al,0.5000,bclean_keep
849,ZipCode,35045,0.0000,bclean_keep
849,CountyName,chilton,0.0000,bclean_keep
849,PhoneNumber,2057552500,0.0000,bclean_keep
849,HospitalType,acute caxe hospitals,0.5000,bclean_keep
849,HospitalOwner,voluntary non-profit - private,0.0005,bclean_keep
849,EmergencyService,yes,0.5000,bclean_keep
849,Condition,surgical infection prevention,0.0001,bclean_keep
849,MeasureCode,scip-inf-4,0.0008,bclean_keep
849,MeasureName,all heart surgery patients whose blood sugar (blood glucose) is kept under good control in the days right after surgery,0.0011,bclean_keep
849,Stateavg,al_scip-inf-4,0.0000,bclean_keep
850,ProviderNumber,10043,0.0000,bclean_keep
850,HospitalName,chilton medical center,0.0000,bclean_keep
850,City,clanton,0.0000,bclean_keep
850,State,al,0.5000,bclean_keep
850,ZipCode,35045,0.0000,bclean_keep
850,CountyName,chilton,0.0000,bclean_keep
850,PhoneNumber,2057552500,0.0000,bclean_keep
850,HospitalType,acute care hospitals,0.5000,bclean_keep
850,HospitalOwner,voluntary non-profit - private,0.0005,bclean_keep
850,EmergencyService,yes,0.5000,bclean_keep
850,Condition,surgical infection prevention,0.0000,bclean_keep
850,MeasureCode,scip-inf-6,0.0000,bclean_keep
850,MeasureName,surgery patients needing hair removed from the surgical area before surgery who had hair removed using a safer method (electric clippers or hair removal cream c not a razor),0.0008,bclean_keep
850,Stateavg,al_scip-inf-6,0.0000,bclean_keep
851,ProviderNumber,10043,0.0000,bclean_keep
851,HospitalName,chilton medical center,0.0000,bclean_keep
851,Address1,1010 lay dam road,0.0018,bclean_keep
851,City,clanton,0.0000,bclean_keep
851,State,al,0.5000,bclean_keep
851,ZipCode,35045,0.0000,bclean_keep
851,CountyName,chilton,0.0000,bclean_keep
851,PhoneNumber,2057552500,0.0000,bclean_keep
851,HospitalType,acute care hospitals,0.5000,bclean_keep
851,HospitalOwner,voluntary non-profit - private,0.0005,bclean_keep
851,EmergencyService,yes,0.5000,bclean_keep
851,Condition,surgical infection prevention,0.0000,bclean_keep
851,MeasureCode,scip-vte-1,0.0008,bclean_keep
851,MeasureName,surgery patients whose doctors ordered treatments to prevent blood clots after certain types of surgeries,0.0008,bclean_keep
851,Stateavg,al_scip-vte-1,0.0009,bclean_keep
852,ProviderNumber,10043,0.0000,bclean_keep
852,HospitalName,chilton medical center,0.0000,bclean_keep
852,Address1,1010 lay dam road,0.0018,bclean_keep
852,City,clanton,0.0000,bclean_keep
852,State,al,0.5000,bclean_keep
852,ZipCode,35045,0.0000,bclean_keep
852,CountyName,chilton,0.0000,bclean_keep
852,PhoneNumber,2057552500,0.0000,bclean_keep
852,HospitalType,acute care hospitals,0.5000,bclean_keep
852,HospitalOwner,voluntary non-profit - private,0.0004,bclean_keep
852,EmergencyService,yes,0.5000,bclean_keep
852,MeasureCode,scip-vte-2,0.0000,bclean_keep
852,MeasureName,patients who got treatment  at the right time (within 24 hours before or after their surgery) to help prevent blood clots after certain types of surgery,0.0000,bclean_keep
852,Stateavg,al_scip-vte-2,0.0008,bclean_keep
853,ProviderNumber,10044,0.0000,bclean_keep
853,HospitalName,marion regional medical center,0.0000,bclean_keep
853,Address1,1256 military street south,0.0019,bclean_keep
853,City,hamilton,0.0017,bclean_keep
853,State,al,0.5000,bclean_keep
853,ZipCode,35570,0.0000,bclean_keep
853,CountyName,marion,0.0000,bclean_keep
853,PhoneNumber,2059216200,0.0000,bclean_keep
853,HospitalType,acute care hospitals,0.5000,bclean_keep
853,HospitalOwner,voluntary non-profit - private,0.0005,bclean_keep
853,EmergencyService,yes,0.0000,bclean_keep
853,Condition,heart attack,0.0003,bclean_keep
853,MeasureCode,ami-1,0.0038,bclean_keep
853,MeasureName,heart attack patients given aspirin at arrival,0.0010,bclean_keep
853,Stateavg,al_ami-1,0.0011,bclean_keep
854,ProviderNumber,10044,0.0000,bclean_keep
854,HospitalName,marion regional medical center,0.0000,bclean_keep
854,Address1,1256 military street south,0.0019,bclean_keep
854,City,hamilton,0.0017,bclean_keep
854,State,al,0.5000,bclean_keep
854,ZipCode,35570,0.0000,bclean_keep
854,CountyName,marion,0.0000,bclean_keep
854,PhoneNumber,2059216200,0.0000,bclean_keep
854,HospitalType,acute care hospitals,0.5000,bclean_keep
854,HospitalOwner,voluntary non-profit - private,0.0005,bclean_keep
854,EmergencyService,yes,0.0000,bclean_keep
854,Condition,heart attack,0.0003,bclean_keep
854,MeasureCode,ami-2,0.0007,bclean_keep
854,MeasureName,heart attack patients given aspirin at discharge,0.0007,bclean_keep
854,Stateavg,al_ami-2,0.0008,bclean_keep
855,ProviderNumber,10044,0.0000,bclean_keep
855,HospitalName,marion regional medical center,0.0000,bclean_keep
855,Address1,1256 military street south,0.0019,bclean_keep
855,City,hamilton,0.0017,bclean_keep
855,State,al,0.5000,bclean_keep
855,ZipCode,35570,0.0000,bclean_keep
855,CountyName,marion,0.0000,bclean_keep
855,PhoneNumber,2059216200,0.0000,bclean_keep
855,HospitalType,acute care hospitals,0.5000,bclean_keep
855,HospitalOwner,voluntary non-profit - private,0.0005,bclean_keep
855,EmergencyService,yes,0.0000,bclean_keep
855,Condition,heart attack,0.0003,bclean_keep
855,MeasureCode,ami-3,0.0006,bclean_keep
855,MeasureName,heart attack patients given ace inhibitor or arb for left ventricular systolic dysfunction (lvsd),0.0006,bclean_keep
855,Stateavg,al_ami-3,0.0000,bclean_keep
856,ProviderNumber,10044,0.0000,bclean_keep
856,HospitalName,marion regional medical center,0.0000,bclean_keep
856,Address1,1256 military street south,0.0019,bclean_keep
856,State,al,0.5000,bclean_keep
856,ZipCode,35570,0.0000,bclean_keep
856,CountyName,marion,0.0000,bclean_keep
856,HospitalType,acute care hospitals,0.5000,bclean_keep
856,HospitalOwner,voluntary non-profit - private,0.0005,bclean_keep
856,EmergencyService,yes,0.0000,bclean_keep
856,Condition,heart attack,0.0003,bclean_keep
856,MeasureCode,ami-4,0.0006,bclean_keep
856,MeasureName,heart attack patients given smoking cessation advice/counseling,0.0000,bclean_keep
856,Stateavg,al_ami-4,0.0000,bclean_keep
857,ProviderNumber,10044,0.0000,bclean_keep
857,HospitalName,marion regional medical center,0.0000,bclean_keep
857,Address1,1256 military street south,0.0019,bclean_keep
857,City,hamilton,0.0017,bclean_keep
857,State,al,0.5000,bclean_keep
857,ZipCode,35570,0.0000,bclean_keep
857,CountyName,marion,0.0000,bclean_keep
857,PhoneNumber,2059216200,0.0000,bclean_keep
857,HospitalType,acute care hospitals,0.5000,bclean_keep
857,HospitalOwner,voluntary non-profit - private,0.0005,bclean_keep
857,EmergencyService,yes,0.0000,bclean_keep
857,Condition,heart attack,0.0003,bclean_keep
857,MeasureCode,ami-5,0.0008,bclean_keep
857,MeasureName,heart attack patients given beta blocker at discharge,0.0008,bclean_keep
857,Stateavg,al_ami-5,0.0007,bclean_keep
858,ProviderNumber,10044,0.0000,bclean_keep
858,HospitalName,marion regional medical center,0.0000,bclean_keep
858,City,hamilton,0.0017,bclean_keep
858,State,al,0.5000,bclean_keep
858,ZipCode,35570,0.0000,bclean_keep
858,CountyName,marion,0.0000,bclean_keep
858,PhoneNumber,2059216200,0.0000,bclean_keep
858,HospitalType,acute care hospitals,0.5000,bclean_keep
858,HospitalOwner,voluntary non-profit - private,0.0005,bclean_keep
858,EmergencyService,yes,0.0000,bclean_keep
858,Condition,heart attack,0.0001,bclean_keep
858,MeasureCode,ami-7a,0.0000,bclean_keep
858,MeasureName,heart attack patients given fibrinolytic medication within 30 minutes of arrival,0.0000,bclean_keep
858,Stateavg,al_ami-7a,0.0008,bclean_keep
859,ProviderNumber,10044,0.0000,bclean_keep
859,HospitalName,marion regional medical center,0.0000,bclean_keep
859,Address1,1256 military street south,0.0019,bclean_keep
859,City,hamilton,0.0017,bclean_keep
859,State,al,0.5000,bclean_keep
859,ZipCode,35570,0.0000,bclean_keep
859,CountyName,marion,0.0000,bclean_keep
859,PhoneNumber,2059216200,0.0000,bclean_keep
859,HospitalType,acute care hospitals,0.5000,bclean_keep
859,HospitalOwner,voluntary non-profit - private,0.0005,bclean_keep
859,EmergencyService,yes,0.0000,bclean_keep
859,Condition,heart attack,0.0003,bclean_keep
859,MeasureCode,ami-8a,0.0000,bclean_keep
859,MeasureName,heart attack patients given pci within 90 minutes of arrival,0.0007,bclean_keep
859,Stateavg,al_ami-8a,0.0008,bclean_keep
860,HospitalName,marion regional medical center,0.0000,bclean_keep
860,Address1,1256 military street south,0.0018,bclean_keep
860,City,hamilton,0.0016,bclean_keep
860,State,al,0.5000,bclean_keep
860,ZipCode,35570,0.0000,bclean_keep
860,CountyName,marion,0.0000,bclean_keep
860,PhoneNumber,2059216200,0.0000,bclean_keep
860,HospitalType,acute care hospitals,0.5000,bclean_keep
860,HospitalOwner,voluntary non-profit - private,0.0005,bclean_keep
860,EmergencyService,yes,0.0000,bclean_keep
860,Condition,heart failure,0.0004,bclean_keep
860,MeasureCode,hf-1,0.0030,bclean_keep
860,MeasureName,heart failure patients given discharge instructions,0.0008,bclean_keep
860,Stateavg,al_hf-1,0.0000,bclean_keep
861,ProviderNumber,10044,0.0000,bclean_keep
861,HospitalName,marion regional medical center,0.0000,bclean_keep
861,Address1,1256 military street south,0.0018,bclean_keep
861,City,hamilton,0.0016,bclean_keep
861,State,al,0.5000,bclean_keep
861,ZipCode,35570,0.0000,bclean_keep
861,CountyName,marion,0.0000,bclean_keep
861,PhoneNumber,2059216200,0.0000,bclean_keep
861,HospitalType,acute care hospitals,0.5000,bclean_keep
861,HospitalOwner,voluntary non-profit - private,0.0005,bclean_keep
861,EmergencyService,yes,0.0000,bclean_keep
861,Condition,heart failure,0.0002,bclean_keep
861,MeasureCode,hf-2,0.0007,bclean_keep
861,MeasureName,heart failure patients given an evaluation of left ventricular systolic (lvs) function,0.0007,bclean_keep
861,Stateavg,al_hf-2,0.0007,bclean_keep
862,ProviderNumber,10044,0.0000,bclean_keep
862,HospitalName,marion regional medical center,0.0000,bclean_keep
862,Address1,1256 military street south,0.0018,bclean_keep
862,City,hamilton,0.0016,bclean_keep
862,State,al,0.5000,bclean_keep
862,ZipCode,35570,0.0000,bclean_keep
862,CountyName,marion,0.0000,bclean_keep
862,PhoneNumber,2059216200,0.0000,bclean_keep
862,HospitalType,acute care hospitals,0.5000,bclean_keep
862,HospitalOwner,voluntary non-profit - private,0.0005,bclean_keep
862,EmergencyService,yes,0.0000,bclean_keep
862,Condition,heart failure,0.0003,bclean_keep
862,MeasureCode,hf-3,0.0000,bclean_keep
862,MeasureName,heart failure patients given ace inhibitor or arb for left ventricular systolic dysfunction (lvsd),0.0007,bclean_keep
862,Stateavg,al_hf-3,0.0000,bclean_keep
863,ProviderNumber,10044,0.0000,bclean_keep
863,HospitalName,marion regional medical center,0.0000,bclean_keep
863,Address1,1256 military street south,0.0018,bclean_keep
863,City,hamilton,0.0016,bclean_keep
863,State,al,0.5000,bclean_keep
863,ZipCode,35570,0.0000,bclean_keep
863,CountyName,marion,0.0000,bclean_keep
863,PhoneNumber,2059216200,0.0000,bclean_keep
863,HospitalType,acute care hospitals,0.5000,bclean_keep
863,HospitalOwner,voluntary non-profit - private,0.0005,bclean_keep
863,EmergencyService,yes,0.0000,bclean_keep
863,Condition,heart failure,0.0002,bclean_keep
863,MeasureCode,hf-4,0.0007,bclean_keep
863,MeasureName,heart failure patients given smoking cessation advice/counseling,0.0007,bclean_keep
863,Stateavg,al_hf-4,0.0007,bclean_keep
864,ProviderNumber,10044,0.0000,bclean_keep
864,HospitalName,marion regional medical center,0.0000,bclean_keep
864,Address1,1256 military street south,0.0018,bclean_keep
864,City,hamilton,0.0016,bclean_keep
864,State,al,0.5000,bclean_keep
864,ZipCode,35570,0.0000,bclean_keep
864,CountyName,marion,0.0000,bclean_keep
864,PhoneNumber,2059216200,0.0000,bclean_keep
864,HospitalType,acute care hospitals,0.5000,bclean_keep
864,HospitalOwner,voluntary non-profit - private,0.0005,bclean_keep
864,EmergencyService,yes,0.0000,bclean_keep
864,Condition,pneumonia,0.0000,bclean_keep
864,MeasureCode,pn-2,0.0006,bclean_keep
864,MeasureName,pneumonia patients assessed and given pneumococcal vaccination,0.0000,bclean_keep
864,Stateavg,al_pn-2,0.0008,bclean_keep
865,ProviderNumber,10044,0.0000,bclean_keep
865,HospitalName,marion regional medical center,0.0000,bclean_keep
865,Address1,1256 military street south,0.0018,bclean_keep
865,City,hamilton,0.0016,bclean_keep
865,State,al,0.5000,bclean_keep
865,ZipCode,35570,0.0000,bclean_keep
865,CountyName,marion,0.0000,bclean_keep
865,PhoneNumber,2059216200,0.0000,bclean_keep
865,HospitalType,acute care hospitals,0.5000,bclean_keep
865,HospitalOwner,voluntary non-profit - private,0.0005,bclean_keep
865,EmergencyService,yes,0.0000,bclean_keep
865,Condition,pneumonia,0.0003,bclean_keep
865,MeasureCode,pn-3b,0.0007,bclean_keep
865,MeasureName,pneumonia patients whose initial emergency room blood culture was performed prior to the administration of the first hospital dose of antibiotics,0.0007,bclean_keep
865,Stateavg,al_pn-3b,0.0008,bclean_keep
866,ProviderNumber,10044,0.0000,bclean_keep
866,HospitalName,marion regional medical center,0.0000,bclean_keep
866,Address1,1256 military street south,0.0018,bclean_keep
866,City,hamilton,0.0017,bclean_keep
866,State,al,0.5000,bclean_keep
866,ZipCode,35570,0.0000,bclean_keep
866,CountyName,marion,0.0000,bclean_keep
866,HospitalType,acute care hospitals,0.5000,bclean_keep
866,HospitalOwner,voluntary non-profit - private,0.0005,bclean_keep
866,EmergencyService,yes,0.0000,bclean_keep
866,Condition,pneumonia,0.0003,bclean_keep
866,MeasureName,pneumonia patients given smoking cessation advice/counseling,0.0000,bclean_keep
866,Stateavg,al_pn-4,0.0000,bclean_keep
867,ProviderNumber,10044,0.0000,bclean_keep
867,HospitalName,marion regional medical center,0.0000,bclean_keep
867,Address1,1256 military street south,0.0018,bclean_keep
867,City,hamilton,0.0015,bclean_keep
867,State,al,0.5000,bclean_keep
867,ZipCode,35570,0.0000,bclean_keep
867,CountyName,marion,0.0000,bclean_keep
867,PhoneNumber,2059216200,0.0000,bclean_keep
867,HospitalType,acute care hospitals,0.5000,bclean_keep
867,HospitalOwner,voluntary non-profit - private,0.0005,bclean_keep
867,Condition,pneumonia,0.0002,bclean_keep
867,MeasureCode,pn-5c,0.0009,bclean_keep
867,MeasureName,pneumonia patients given initial antibiotic(s) within 6 hours after arrival,0.0008,bclean_keep
867,Stateavg,al_pn-5c,0.0008,bclean_keep
868,ProviderNumber,10044,0.0000,bclean_keep
868,HospitalName,marion regional medical center,0.0000,bclean_keep
868,Address1,1256 military street south,0.0018,bclean_keep
868,City,hamilton,0.0016,bclean_keep
868,State,al,0.5000,bclean_keep
868,ZipCode,35570,0.0000,bclean_keep
868,CountyName,marion,0.0000,bclean_keep
868,PhoneNumber,2059216200,0.0000,bclean_keep
868,HospitalType,acute care hospitals,0.5000,bclean_keep
868,HospitalOwner,voluntary non-profit - private,0.0005,bclean_keep
868,EmergencyService,yes,0.0000,bclean_keep
868,Condition,pneumonia,0.0002,bclean_keep
868,MeasureCode,pn-6,0.0000,bclean_keep
868,MeasureName,pneumonia patients given the most appropriate initial antibiotic(s),0.0007,bclean_keep
868,Stateavg,al_pn-6,0.0008,bclean_keep
869,ProviderNumber,10044,0.0000,bclean_keep
869,HospitalName,marion regional medical center,0.0000,bclean_keep
869,Address1,1256 military street south,0.0018,bclean_keep
869,City,hamilton,0.0015,bclean_keep
869,State,al,0.5000,bclean_keep
869,ZipCode,35570,0.0000,bclean_keep
869,CountyName,marion,0.0000,bclean_keep
869,PhoneNumber,2059216200,0.0000,bclean_keep
869,HospitalType,acute care hospitals,0.5000,bclean_keep
869,EmergencyService,yes,0.5000,bclean_keep
869,Condition,pneumonia,0.0000,bclean_keep
869,MeasureCode,pn-7,0.0000,bclean_keep
869,MeasureName,pneumonia patients assessed and given influenza vaccination,0.0009,bclean_keep
869,Stateavg,al_pn-7,0.0008,bclean_keep
870,ProviderNumber,10044,0.0000,bclean_keep
870,HospitalName,marion regional medical center,0.0000,bclean_keep
870,Address1,1256 military street south,0.0018,bclean_keep
870,City,hamilton,0.0016,bclean_keep
870,State,al,0.5000,bclean_keep
870,ZipCode,35570,0.0000,bclean_keep
870,CountyName,marion,0.0000,bclean_keep
870,PhoneNumber,2059216200,0.0000,bclean_keep
870,HospitalType,acute care hospitals,0.5000,bclean_keep
870,HospitalOwner,voluntary non-profit - private,0.0005,bclean_keep
870,EmergencyService,yes,0.5000,bclean_keep
870,MeasureCode,scip-card-2,0.0000,bclean_keep
870,MeasureName,surgery patients who were taking heart drugs called beta blockers before coming to the hospital who were kept on the beta blockers during the period just before and after their surgery,0.0009,bclean_keep
870,Stateavg,al_scip-card-2,0.0000,bclean_keep
871,ProviderNumber,10044,0.0000,bclean_keep
871,HospitalName,marion regional medical center,0.0000,bclean_keep
871,Address1,1256 military street south,0.0018,bclean_keep
871,City,hamilton,0.0016,bclean_keep
871,State,al,0.5000,bclean_keep
871,ZipCode,35570,0.0000,bclean_keep
871,CountyName,marion,0.0000,bclean_keep
871,PhoneNumber,2059216200,0.0000,bclean_keep
871,HospitalType,acute care hospitals,0.5000,bclean_keep
871,HospitalOwner,voluntary non-profit - private,0.0005,bclean_keep
871,EmergencyService,yes,0.0000,bclean_keep
871,Condition,surgical infection prevention,0.0000,bclean_keep
871,MeasureCode,scip-inf-1,0.0007,bclean_keep
871,MeasureName,surgery patients who were given an antibiotic at the right time (within one hour before surgery) to help prevent infection,0.0000,bclean_keep
871,Stateavg,al_scip-inf-1,0.0000,bclean_keep
872,ProviderNumber,10044,0.0000,bclean_keep
872,HospitalName,marion regional medical center,0.0000,bclean_keep
872,Address1,1256 military street south,0.0018,bclean_keep
872,City,hamilton,0.0016,bclean_keep
872,State,al,0.5000,bclean_keep
872,ZipCode,35570,0.0000,bclean_keep
872,CountyName,marion,0.0000,bclean_keep
872,PhoneNumber,2059216200,0.0000,bclean_keep
872,HospitalType,acute care hospitals,0.5000,bclean_keep
872,HospitalOwner,voluntary non-profit - private,0.0006,bclean_keep
872,EmergencyService,yes,0.0000,bclean_keep
872,Condition,surgical infection prevention,0.0001,bclean_keep
872,MeasureCode,scip-inf-2,0.0007,bclean_keep
872,MeasureName,surgery patients who were given the  right kind  of antibiotic to help prevent infection,0.0000,bclean_keep
872,Stateavg,al_scip-inf-2,0.0036,bclean_keep
873,ProviderNumber,10044,0.0000,bclean_keep
873,HospitalName,marion regional medical center,0.0000,bclean_keep
873,Address1,1256 military street south,0.0018,bclean_keep
873,City,hamilton,0.0015,bclean_keep
873,State,al,0.5000,bclean_keep
873,ZipCode,35570,0.0000,bclean_keep
873,CountyName,marion,0.0000,bclean_keep
873,PhoneNumber,2059216200,0.0000,bclean_keep
873,HospitalType,acute care hospitals,0.5000,bclean_keep
873,EmergencyService,yes,0.0000,bclean_keep
873,Condition,surgical infection prevention,0.0001,bclean_keep
873,MeasureCode,scip-inf-3,0.0007,bclean_keep
873,MeasureName,surgery patients whose preventive antibiotics were stopped at the right time (within 24 hours after surgery),0.0000,bclean_keep
873,Stateavg,al_scip-inf-3,0.0000,bclean_keep
874,ProviderNumber,10044,0.0000,bclean_keep
874,HospitalName,marion regional medical center,0.0000,bclean_keep
874,Address1,1256 military street south,0.0018,bclean_keep
874,City,hamilton,0.0016,bclean_keep
874,State,al,0.5000,bclean_keep
874,ZipCode,35570,0.0000,bclean_keep
874,CountyName,marion,0.0000,bclean_keep
874,PhoneNumber,2059216200,0.0000,bclean_keep
874,HospitalType,acute care hospitals,0.5000,bclean_keep
874,HospitalOwner,voluntary non-profit - private,0.0005,bclean_keep
874,EmergencyService,yes,0.0000,bclean_keep
874,Condition,surgical infection prevention,0.0001,bclean_keep
874,MeasureCode,scip-inf-4,0.0008,bclean_keep
874,MeasureName,all heart surgery patients whose blood sugar (blood glucose) is kept under good control in the days right after surgery,0.0011,bclean_keep
874,Stateavg,al_scip-inf-4,0.0000,bclean_keep
875,ProviderNumber,10044,0.0000,bclean_keep
875,HospitalName,marion regional medical center,0.0000,bclean_keep
875,Address1,1256 military street south,0.0018,bclean_keep
875,City,hamilton,0.0016,bclean_keep
875,State,al,0.5000,bclean_keep
875,ZipCode,35570,0.0000,bclean_keep
875,CountyName,marion,0.0000,bclean_keep
875,PhoneNumber,2059216200,0.0000,bclean_keep
875,HospitalType,acute care hospitals,0.5000,bclean_keep
875,HospitalOwner,voluntary non-profit - private,0.0005,bclean_keep
875,EmergencyService,yes,0.0000,bclean_keep
875,Condition,surgical infection prevention,0.0000,bclean_keep
875,MeasureCode,scip-inf-6,0.0000,bclean_keep
875,MeasureName,surgery patients needing hair removed from the surgical area before surgery who had hair removed using a safer method (electric clippers or hair removal cream c not a razor),0.0008,bclean_keep
875,Stateavg,al_scip-inf-6,0.0000,bclean_keep
876,ProviderNumber,10044,0.0000,bclean_keep
876,HospitalName,marion regional medical center,0.0000,bclean_keep
876,Address1,1256 military street south,0.0018,bclean_keep
876,City,hamilton,0.0016,bclean_keep
876,State,al,0.5000,bclean_keep
876,ZipCode,35570,0.0000,bclean_keep
876,CountyName,marion,0.0000,bclean_keep
876,PhoneNumber,2059216200,0.0000,bclean_keep
876,HospitalType,acute care hospitals,0.5000,bclean_keep
876,HospitalOwner,voluntary non-profit - private,0.0005,bclean_keep
876,EmergencyService,yes,0.0000,bclean_keep
876,Condition,surgical infection prevention,0.0000,bclean_keep
876,MeasureCode,scip-vte-1,0.0008,bclean_keep
876,MeasureName,surgery patients whose doctors ordered treatments to prevent blood clots after certain types of surgeries,0.0008,bclean_keep
876,Stateavg,al_scip-vte-1,0.0009,bclean_keep
877,ProviderNumber,10044,0.0000,bclean_keep
877,HospitalName,marion regional medical center,0.0000,bclean_keep
877,Address1,1256 military street south,0.0018,bclean_keep
877,City,hamilton,0.0016,bclean_keep
877,State,al,0.5000,bclean_keep
877,ZipCode,35570,0.0000,bclean_keep
877,CountyName,marion,0.0000,bclean_keep
877,PhoneNumber,2059216200,0.0000,bclean_keep
877,HospitalType,acute care hospitals,0.5000,bclean_keep
877,HospitalOwner,voluntary non-profit - private,0.0005,bclean_keep
877,EmergencyService,yes,0.0000,bclean_keep
877,Condition,surgical infection prevention,0.0001,bclean_keep
877,MeasureCode,scip-vte-2,0.0000,bclean_keep
877,MeasureName,patients who got treatment  at the right time (within 24 hours before or after their surgery) to help prevent blood clots after certain types of surgery,0.0000,bclean_keep
877,Stateavg,al_scip-vte-2,0.0008,bclean_keep
878,ProviderNumber,10045,0.0000,bclean_keep
878,HospitalName,fayette medical center,0.0000,bclean_keep
878,Address1,1653 temple avenue north,0.0000,bclean_keep
878,City,fayette,0.0000,bclean_keep
878,State,al,0.5000,bclean_keep
878,ZipCode,35555,0.0000,bclean_keep
878,CountyName,fayette,0.0000,bclean_keep
878,PhoneNumber,2059325966,0.0000,bclean_keep
878,HospitalType,acute care hoxpitalx,0.5000,bclean_keep
878,HospitalOwner,voluntary non-profit - other,0.0000,bclean_keep
878,EmergencyService,yes,0.5000,bclean_keep
878,Condition,heart attack,0.0004,bclean_keep
878,MeasureCode,ami-1,0.0028,bclean_keep
878,MeasureName,heart attack patients given aspirin at arrival,0.0010,bclean_keep
878,Stateavg,al_ami-1,0.0012,bclean_keep
879,HospitalName,fayette medical center,0.0000,bclean_keep
879,Address1,1653 temple avenue north,0.0000,bclean_keep
879,City,fayette,0.0000,bclean_keep
879,State,al,0.5000,bclean_keep
879,ZipCode,35555,0.0000,bclean_keep
879,CountyName,fayette,0.0000,bclean_keep
879,PhoneNumber,2059325966,0.0000,bclean_keep
879,HospitalType,acute care hospitals,0.5000,bclean_keep
879,HospitalOwner,voluntary non-profit - other,0.0000,bclean_keep
879,EmergencyService,yes,0.0000,bclean_keep
879,Condition,heart attack,0.0003,bclean_keep
879,MeasureCode,ami-2,0.0008,bclean_keep
879,MeasureName,heart attack patients given aspirin at discharge,0.0007,bclean_keep
879,Stateavg,al_ami-2,0.0009,bclean_keep
880,ProviderNumber,10045,0.0000,bclean_keep
880,HospitalName,fayette medical center,0.0000,bclean_keep
880,Address1,1653 temple avenue north,0.0000,bclean_keep
880,City,fayette,0.0000,bclean_keep
880,State,al,0.5000,bclean_keep
880,ZipCode,35555,0.0000,bclean_keep
880,CountyName,fayette,0.0000,bclean_keep
880,PhoneNumber,2059325966,0.0000,bclean_keep
880,HospitalType,acute care hospitals,0.5000,bclean_keep
880,HospitalOwner,voluntary non-profit - other,0.0000,bclean_keep
880,EmergencyService,yes,0.0000,bclean_keep
880,Condition,heart attack,0.0003,bclean_keep
880,MeasureCode,ami-3,0.0006,bclean_keep
880,MeasureName,heart attack patients given ace inhibitor or arb for left ventricular systolic dysfunction (lvsd),0.0006,bclean_keep
880,Stateavg,al_ami-3,0.0000,bclean_keep
881,ProviderNumber,10045,0.0000,bclean_keep
881,HospitalName,fayette medical center,0.0000,bclean_keep
881,Address1,1653 temple avenue north,0.0000,bclean_keep
881,City,fayette,0.0000,bclean_keep
881,State,al,0.5000,bclean_keep
881,ZipCode,35555,0.0000,bclean_keep
881,CountyName,fayette,0.0000,bclean_keep
881,PhoneNumber,2059325966,0.0000,bclean_keep
881,HospitalType,acute care hospitals,0.5000,bclean_keep
881,HospitalOwner,voluntary non-profit - other,0.0000,bclean_keep
881,EmergencyService,yes,0.5000,bclean_keep
881,Condition,heart attack,0.0003,bclean_keep
881,MeasureCode,ami-4,0.0005,bclean_keep
881,MeasureName,heart attack patients given smoking cessation advice/counseling,0.0000,bclean_keep
881,Stateavg,al_ami-4,0.0000,bclean_keep
882,ProviderNumber,10045,0.0000,bclean_keep
882,HospitalName,fayette medical center,0.0000,bclean_keep
882,Address1,1653 temple avenue north,0.0000,bclean_keep
882,City,fayette,0.0000,bclean_keep
882,State,al,0.5000,bclean_keep
882,ZipCode,35555,0.0000,bclean_keep
882,CountyName,fayette,0.0000,bclean_keep
882,HospitalType,acute care hospitals,0.5000,bclean_keep
882,HospitalOwner,voluntary non-profit - other,0.0000,bclean_keep
882,EmergencyService,yes,0.0000,bclean_keep
882,Condition,heart attack,0.0003,bclean_keep
882,MeasureCode,ami-5,0.0007,bclean_keep
882,MeasureName,heart attack patients given beta blocker at discharge,0.0007,bclean_keep
882,Stateavg,al_ami-5,0.0007,bclean_keep
883,ProviderNumber,10045,0.0000,bclean_keep
883,HospitalName,fayette medical center,0.0000,bclean_keep
883,Address1,1653 temple avenue north,0.0000,bclean_keep
883,City,fayette,0.0000,bclean_keep
883,State,al,0.5000,bclean_keep
883,ZipCode,35555,0.0000,bclean_keep
883,CountyName,fayette,0.0000,bclean_keep
883,PhoneNumber,2059325966,0.0000,bclean_keep
883,HospitalType,acute care hospitals,0.5000,bclean_keep
883,HospitalOwner,voluntary non-profit - other,0.0000,bclean_keep
883,EmergencyService,yes,0.0000,bclean_keep
883,Condition,heart attack,0.0001,bclean_keep
883,MeasureCode,ami-7a,0.0000,bclean_keep
883,MeasureName,heart attack patients given fibrinolytic medication within 30 minutes of arrival,0.0000,bclean_keep
883,Stateavg,al_ami-7a,0.0008,bclean_keep
884,ProviderNumber,10045,0.0000,bclean_keep
884,HospitalName,fayette medical center,0.0000,bclean_keep
884,Address1,1653 temple avenue north,0.0000,bclean_keep
884,City,fayette,0.0000,bclean_keep
884,State,al,0.5000,bclean_keep
884,ZipCode,35555,0.0000,bclean_keep
884,CountyName,fayette,0.0000,bclean_keep
884,HospitalType,acute care hospitals,0.5000,bclean_keep
884,HospitalOwner,voluntary non-profit - other,0.0000,bclean_keep
884,EmergencyService,yes,0.0000,bclean_keep
884,Condition,heart attack,0.0003,bclean_keep
884,MeasureCode,ami-8a,0.0000,bclean_keep
884,MeasureName,heart attack patients given pci within 90 minutes of arrival,0.0007,bclean_keep
884,Stateavg,al_ami-8a,0.0008,bclean_keep
885,ProviderNumber,10045,0.0000,bclean_keep
885,HospitalName,fayette medical center,0.0000,bclean_keep
885,Address1,1653 temple avenue north,0.0000,bclean_keep
885,City,fayette,0.0000,bclean_keep
885,ZipCode,35555,0.0000,bclean_keep
885,CountyName,fayette,0.0000,bclean_keep
885,PhoneNumber,2059325966,0.0000,bclean_keep
885,HospitalType,acute care hospitals,0.5000,bclean_keep
885,HospitalOwner,voluntary non-profit - other,0.0000,bclean_keep
885,EmergencyService,yes,0.0000,bclean_keep
885,Condition,heart failure,0.0004,bclean_keep
885,MeasureCode,hf-1,0.0028,bclean_keep
885,MeasureName,heart failure patients given discharge instructions,0.0008,bclean_keep
885,Stateavg,al_hf-1,0.0000,bclean_keep
886,ProviderNumber,10045,0.0000,bclean_keep
886,HospitalName,fayette medical center,0.0000,bclean_keep
886,Address1,1653 temple avenue north,0.0000,bclean_keep
886,City,fayette,0.0000,bclean_keep
886,State,al,0.5000,bclean_keep
886,ZipCode,35555,0.0000,bclean_keep
886,CountyName,fayette,0.0000,bclean_keep
886,PhoneNumber,2059325966,0.0000,bclean_keep
886,HospitalType,acute care hospitals,0.5000,bclean_keep
886,HospitalOwner,voluntary non-profit - other,0.0000,bclean_keep
886,EmergencyService,yes,0.0000,bclean_keep
886,Condition,heart failure,0.0003,bclean_keep
886,MeasureCode,hf-2,0.0007,bclean_keep
886,MeasureName,heart failure patients given an evaluation of left ventricular systolic (lvs) function,0.0007,bclean_keep
886,Stateavg,al_hf-2,0.0007,bclean_keep
887,ProviderNumber,10045,0.0000,bclean_keep
887,HospitalName,fayette medical center,0.0000,bclean_keep
887,Address1,1653 temple avenue north,0.0000,bclean_keep
887,City,fayette,0.0000,bclean_keep
887,ZipCode,35555,0.0000,bclean_keep
887,CountyName,fayette,0.0000,bclean_keep
887,PhoneNumber,2059325966,0.0000,bclean_keep
887,HospitalType,acute care hospitals,0.5000,bclean_keep
887,HospitalOwner,voluntary non-profit - other,0.0000,bclean_keep
887,EmergencyService,yes,0.0000,bclean_keep
887,Condition,heart failure,0.0003,bclean_keep
887,MeasureCode,hf-3,0.0000,bclean_keep
887,MeasureName,heart failure patients given ace inhibitor or arb for left ventricular systolic dysfunction (lvsd),0.0007,bclean_keep
887,Stateavg,al_hf-3,0.0000,bclean_keep
888,ProviderNumber,10045,0.0000,bclean_keep
888,HospitalName,fayette medical center,0.0000,bclean_keep
888,Address1,1653 temple avenue north,0.0000,bclean_keep
888,City,fayette,0.0000,bclean_keep
888,State,al,0.5000,bclean_keep
888,ZipCode,35555,0.0000,bclean_keep
888,CountyName,fayette,0.0000,bclean_keep
888,PhoneNumber,2059325966,0.0000,bclean_keep
888,HospitalType,acute care hospitals,0.5000,bclean_keep
888,HospitalOwner,voluntary non-profit - other,0.0000,bclean_keep
888,EmergencyService,yes,0.0000,bclean_keep
888,Condition,heart failure,0.0002,bclean_keep
888,MeasureCode,hf-4,0.0007,bclean_keep
888,MeasureName,heart failure patients given smoking cessation advice/counseling,0.0008,bclean_keep
888,Stateavg,al_hf-4,0.0007,bclean_keep
889,HospitalName,fayette medical center,0.0000,bclean_keep
889,Address1,1653 temple avenue north,0.0000,bclean_keep
889,City,fayette,0.0000,bclean_keep
889,State,al,0.5000,bclean_keep
889,ZipCode,35555,0.0000,bclean_keep
889,CountyName,fayette,0.0000,bclean_keep
889,PhoneNumber,2059325966,0.0000,bclean_keep
889,HospitalType,acute care hospitals,0.5000,bclean_keep
889,HospitalOwner,voluntary non-profit - other,0.0000,bclean_keep
889,EmergencyService,yes,0.0000,bclean_keep
889,Condition,pneumonia,0.0000,bclean_keep
889,MeasureCode,pn-2,0.0006,bclean_keep
889,MeasureName,pneumonia patients assessed and given pneumococcal vaccination,0.0000,bclean_keep
889,Stateavg,al_pn-2,0.0008,bclean_keep
890,ProviderNumber,10045,0.0000,bclean_keep
890,HospitalName,fayette medical center,0.0000,bclean_keep
890,Address1,1653 temple avenue north,0.0000,bclean_keep
890,City,fayette,0.0000,bclean_keep
890,State,al,0.5000,bclean_keep
890,ZipCode,35555,0.0000,bclean_keep
890,CountyName,fayette,0.0000,bclean_keep
890,PhoneNumber,2059325966,0.0000,bclean_keep
890,HospitalType,acute care hospitals,0.5000,bclean_keep
890,HospitalOwner,voluntary non-profit - other,0.0000,bclean_keep
890,Condition,pneumonia,0.0003,bclean_keep
890,MeasureCode,pn-3b,0.0007,bclean_keep
890,MeasureName,pneumonia patients whose initial emergency room blood culture was performed prior to the administration of the first hospital dose of antibiotics,0.0007,bclean_keep
890,Stateavg,al_pn-3b,0.0008,bclean_keep
891,ProviderNumber,10045,0.0000,bclean_keep
891,HospitalName,fayette medical center,0.0000,bclean_keep
891,Address1,1653 temple avenue north,0.0000,bclean_keep
891,City,fayette,0.0000,bclean_keep
891,State,al,0.5000,bclean_keep
891,ZipCode,35555,0.0000,bclean_keep
891,CountyName,fayette,0.0000,bclean_keep
891,PhoneNumber,2059325966,0.0000,bclean_keep
891,HospitalType,acute care hospitals,0.5000,bclean_keep
891,HospitalOwner,voluntary non-profit - other,0.0000,bclean_keep
891,EmergencyService,yes,0.0000,bclean_keep
891,Condition,pneumonia,0.0003,bclean_keep
891,MeasureCode,pn-4,0.0028,bclean_keep
891,MeasureName,pneumonia patients given smoking cessation advice/counseling,0.0000,bclean_keep
891,Stateavg,al_pn-4,0.0000,bclean_keep
892,ProviderNumber,10045,0.0000,bclean_keep
892,HospitalName,fayette medical center,0.0000,bclean_keep
892,Address1,1653 temple avenue north,0.0000,bclean_keep
892,City,fayette,0.0000,bclean_keep
892,State,al,0.5000,bclean_keep
892,ZipCode,35555,0.0000,bclean_keep
892,CountyName,fayette,0.0000,bclean_keep
892,PhoneNumber,2059325966,0.0000,bclean_keep
892,HospitalType,acute care hospitals,0.5000,bclean_keep
892,HospitalOwner,voluntary non-profit - other,0.0000,bclean_keep
892,EmergencyService,yes,0.0000,bclean_keep
892,Condition,pneumonia,0.0001,bclean_keep
892,MeasureCode,pn-5c,0.0009,bclean_keep
892,MeasureName,pneumonia patients given initial antibiotic(s) within 6 hours after arrival,0.0008,bclean_keep
892,Stateavg,al_pn-5c,0.0007,bclean_keep
893,ProviderNumber,10045,0.0000,bclean_keep
893,HospitalName,fayette medical center,0.0000,bclean_keep
893,Address1,1653 temple avenue north,0.0000,bclean_keep
893,City,fayette,0.0000,bclean_keep
893,State,al,0.5000,bclean_keep
893,ZipCode,35555,0.0000,bclean_keep
893,CountyName,fayette,0.0000,bclean_keep
893,PhoneNumber,2059325966,0.0000,bclean_keep
893,HospitalType,acute care hospitals,0.5000,bclean_keep
893,HospitalOwner,voluntary non-profit - other,0.0000,bclean_keep
893,EmergencyService,yes,0.0000,bclean_keep
893,Condition,pneumonia,0.0002,bclean_keep
893,MeasureCode,pn-6,0.0000,bclean_keep
893,MeasureName,pneumonia patients given the most appropriate initial antibiotic(s),0.0006,bclean_keep
893,Stateavg,al_pn-6,0.0008,bclean_keep
894,ProviderNumber,10045,0.0000,bclean_keep
894,HospitalName,fayette medical center,0.0000,bclean_keep
894,Address1,1653 temple avenue north,0.0000,bclean_keep
894,City,fayette,0.0000,bclean_keep
894,State,al,0.5000,bclean_keep
894,ZipCode,35555,0.0000,bclean_keep
894,CountyName,fayette,0.0000,bclean_keep
894,PhoneNumber,2059325966,0.0000,bclean_keep
894,HospitalType,acute care hospitals,0.5000,bclean_keep
894,HospitalOwner,voluntary non-profit - other,0.0000,bclean_keep
894,EmergencyService,yes,0.5000,bclean_keep
894,Condition,pneumonia,0.0000,bclean_keep
894,MeasureCode,pn-7,0.0000,bclean_keep
894,Stateavg,al_pn-7,0.0007,bclean_keep
895,ProviderNumber,10045,0.0000,bclean_keep
895,HospitalName,fayette medical center,0.0000,bclean_keep
895,Address1,1653 temple avenue north,0.0000,bclean_keep
895,City,fayette,0.0000,bclean_keep
895,State,al,0.5000,bclean_keep
895,ZipCode,35555,0.0000,bclean_keep
895,CountyName,fayette,0.0000,bclean_keep
895,PhoneNumber,2059325966,0.0000,bclean_keep
895,HospitalType,acute care hospitals,0.5000,bclean_keep
895,HospitalOwner,voluntary non-profit - other,0.0000,bclean_keep
895,EmergencyService,yes,0.0000,bclean_keep
895,Condition,surgical infection prevention,0.0005,bclean_keep
895,MeasureCode,scip-card-2,0.0000,bclean_keep
895,MeasureName,surgery patients who were taking heart drugs called beta blockers before coming to the hospital who were kept on the beta blockers during the period just before and after their surgery,0.0008,bclean_keep
895,Stateavg,al_scip-card-2,0.0000,bclean_keep
896,ProviderNumber,10045,0.0000,bclean_keep
896,HospitalName,fayette medical center,0.0000,bclean_keep
896,Address1,1653 temple avenue north,0.0000,bclean_keep
896,City,faxette,0.0000,bclean_keep
896,State,al,0.5000,bclean_keep
896,ZipCode,35555,0.0000,bclean_keep
896,CountyName,fayexxe,0.0000,bclean_keep
896,PhoneNumber,2059325966,0.0000,bclean_keep
896,HospitalType,acute care hospitals,0.5000,bclean_keep
896,HospitalOwner,voluntary non-profit - other,0.0000,bclean_keep
896,EmergencyService,yes,0.5000,bclean_keep
896,Condition,surgical infection prevention,0.0000,bclean_keep
896,MeasureCode,scip-inf-1,0.0006,bclean_keep
896,MeasureName,surgery patients who were given an antibiotic at the right time (within one hour before surgery) to help prevent infection,0.0000,bclean_keep
896,Stateavg,al_scip-inf-1,0.0000,bclean_keep
897,ProviderNumber,10045,0.0000,bclean_keep
897,HospitalName,fayette medical center,0.0000,bclean_keep
897,Address1,1653 temple avenue north,0.0000,bclean_keep
897,City,fayette,0.0000,bclean_keep
897,State,al,0.5000,bclean_keep
897,ZipCode,35555,0.0000,bclean_keep
897,CountyName,fayette,0.0000,bclean_keep
897,PhoneNumber,2059325966,0.0000,bclean_keep
897,HospitalType,acute care hospitals,0.5000,bclean_keep
897,HospitalOwner,voluntary non-profit - other,0.0000,bclean_keep
897,EmergencyService,yes,0.0000,bclean_keep
897,Condition,surgical infection prevention,0.0001,bclean_keep
897,MeasureCode,scip-inf-2,0.0008,bclean_keep
897,MeasureName,surgery patients who were given the  right kind  of antibiotic to help prevent infection,0.0000,bclean_keep
897,Stateavg,al_scip-inf-2,0.0034,bclean_keep
898,ProviderNumber,10045,0.0000,bclean_keep
898,HospitalName,fayette medical center,0.0000,bclean_keep
898,Address1,1653 temple avenue north,0.0000,bclean_keep
898,City,fayette,0.0000,bclean_keep
898,State,al,0.5000,bclean_keep
898,ZipCode,35555,0.0000,bclean_keep
898,CountyName,fayette,0.0000,bclean_keep
898,PhoneNumber,2059325966,0.0000,bclean_keep
898,HospitalType,acute care hospitals,0.5000,bclean_keep
898,HospitalOwner,voluntary non-profit - other,0.0000,bclean_keep
898,EmergencyService,yes,0.0000,bclean_keep
898,Condition,surgical infection prevention,0.0001,bclean_keep
898,MeasureCode,scip-inf-3,0.0007,bclean_keep
898,MeasureName,surgery patients whose preventive antibiotics were stopped at the right time (within 24 hours after surgery),0.0000,bclean_keep
898,Stateavg,al_scip-inf-3,0.0000,bclean_keep
899,ProviderNumber,10045,0.0000,bclean_keep
899,HospitalName,fayette medical center,0.0000,bclean_keep
899,Address1,1653 temple avenue north,0.0000,bclean_keep
899,City,fayette,0.0000,bclean_keep
899,State,al,0.5000,bclean_keep
899,ZipCode,35555,0.0000,bclean_keep
899,CountyName,fayette,0.0000,bclean_keep
899,PhoneNumber,2059325966,0.0000,bclean_keep
899,HospitalType,acute care hospitals,0.5000,bclean_keep
899,HospitalOwner,voluntary non-profit - other,0.0000,bclean_keep
899,EmergencyService,yes,0.0000,bclean_keep
899,Condition,surgical infection prevention,0.0001,bclean_keep
899,MeasureCode,scip-inf-4,0.0008,bclean_keep
899,MeasureName,all heart surgery patients whose blood sugar (blood glucose) is kept under good control in the days right after surgery,0.0011,bclean_keep
899,Stateavg,al_scip-inf-4,0.0000,bclean_keep
900,ProviderNumber,10045,0.0000,bclean_keep
900,HospitalName,fayette medical center,0.0000,bclean_keep
900,Address1,1653 temple avenue north,0.0000,bclean_keep
900,City,fayette,0.0000,bclean_keep
900,State,al,0.5000,bclean_keep
900,ZipCode,35555,0.0000,bclean_keep
900,CountyName,fayette,0.0000,bclean_keep
900,PhoneNumber,2059325966,0.0000,bclean_keep
900,HospitalType,acute care hospitals,0.5000,bclean_keep
900,HospitalOwner,voluntary non-profit - other,0.0000,bclean_keep
900,EmergencyService,yes,0.5000,bclean_keep
900,Condition,surgical infection prevention,0.0000,bclean_keep
900,MeasureCode,scip-inf-6,0.0000,bclean_keep
900,MeasureName,surgery patients needing hair removed from the surgical area before surgery who had hair removed using a safer method (electric clippers or hair removal cream c not a razor),0.0008,bclean_keep
900,Stateavg,al_scip-inf-6,0.0000,bclean_keep
901,ProviderNumber,10045,0.0000,bclean_keep
901,HospitalName,fayette medical center,0.0000,bclean_keep
901,Address1,1653 temple avenue north,0.0000,bclean_keep
901,City,fayette,0.0000,bclean_keep
901,State,al,0.5000,bclean_keep
901,ZipCode,35555,0.0000,bclean_keep
901,CountyName,fayette,0.0000,bclean_keep
901,PhoneNumber,2059325966,0.0000,bclean_keep
901,HospitalType,acute care hospitals,0.5000,bclean_keep
901,HospitalOwner,voluntary non-profit - other,0.0000,bclean_keep
901,EmergencyService,yes,0.0000,bclean_keep
901,Condition,surgical infection prevention,0.0000,bclean_keep
901,MeasureCode,scip-vte-1,0.0008,bclean_keep
901,MeasureName,surgery patients whose doctors ordered treatments to prevent blood clots after certain types of surgeries,0.0008,bclean_keep
901,Stateavg,al_scip-vte-1,0.0008,bclean_keep
902,ProviderNumber,10045,0.0000,bclean_keep
902,HospitalName,fayette medical center,0.0000,bclean_keep
902,Address1,1653 temple avenue north,0.0000,bclean_keep
902,City,fayette,0.0000,bclean_keep
902,State,al,0.5000,bclean_keep
902,ZipCode,35555,0.0000,bclean_keep
902,CountyName,fayette,0.0000,bclean_keep
902,PhoneNumber,2059325966,0.0000,bclean_keep
902,HospitalType,acute care hospitals,0.5000,bclean_keep
902,HospitalOwner,voluntary non-profit - other,0.0000,bclean_keep
902,EmergencyService,yes,0.0000,bclean_keep
902,Condition,surgical infection prevention,0.0001,bclean_keep
902,MeasureCode,scip-vte-2,0.0000,bclean_keep
902,MeasureName,patients who got treatment  at the right time (within 24 hours before or after their surgery) to help prevent blood clots after certain types of surgery,0.0000,bclean_keep
902,Stateavg,al_scip-vte-2,0.0008,bclean_keep
903,ProviderNumber,10046,0.0000,bclean_keep
903,HospitalName,riverview regional medical center,0.0016,bclean_keep
903,Address1,600 south third street,0.0016,bclean_keep
903,City,gadsden,0.0000,bclean_keep
903,State,al,0.5000,bclean_keep
903,ZipCode,35901,0.0000,bclean_keep
903,CountyName,etowah,0.0005,bclean_keep
903,PhoneNumber,2565435200,0.0000,bclean_keep
903,HospitalType,acutexcarexhospitals,0.5000,bclean_keep
903,HospitalOwner,proprietary,0.0000,bclean_keep
903,EmergencyService,yes,0.5000,bclean_keep
903,Condition,children s asthma care,0.0000,bclean_keep
903,MeasureCode,cac-1,0.0000,bclean_keep
903,Stateavg,al_cac-1,0.0000,bclean_keep
904,ProviderNumber,10046,0.0000,bclean_keep
904,Address1,600 south third street,0.0016,bclean_keep
904,City,gadsden,0.0000,bclean_keep
904,State,al,0.5000,bclean_keep
904,ZipCode,35901,0.0000,bclean_keep
904,CountyName,etowah,0.0005,bclean_keep
904,PhoneNumber,2565435200,0.0000,bclean_keep
904,HospitalType,acute care hospitals,0.5000,bclean_keep
904,HospitalOwner,proprietary,0.0000,bclean_keep
904,EmergencyService,yes,0.5000,bclean_keep
904,Condition,children s asthma care,0.0000,bclean_keep
904,MeasureCode,cac-2,0.0000,bclean_keep
904,MeasureName,children who received systemic corticosteroid medication (oral and iv medication that reduces inflammation and controls symptoms) while hospitalized for asthma,0.0000,bclean_keep
904,Stateavg,al_cac-2,0.0000,bclean_keep
905,ProviderNumber,10046,0.0000,bclean_keep
905,HospitalName,riverview regional medical center,0.0016,bclean_keep
905,Address1,600 south third street,0.0016,bclean_keep
905,City,gadsden,0.0000,bclean_keep
905,State,al,0.5000,bclean_keep
905,ZipCode,35901,0.0000,bclean_keep
905,CountyName,etowah,0.0005,bclean_keep
905,PhoneNumber,2565435200,0.0000,bclean_keep
905,HospitalType,acute care hospitals,0.5000,bclean_keep
905,HospitalOwner,proprietary,0.0000,bclean_keep
905,EmergencyService,yes,0.5000,bclean_keep
905,Condition,children s asthma care,0.0000,bclean_keep
905,MeasureCode,cac-3,0.0000,bclean_keep
905,MeasureName,children and their caregivers who received a home management plan of care document while hospitalized for asthma,0.0000,bclean_keep
905,Stateavg,al_cac-3,0.0000,bclean_keep
906,ProviderNumber,10046,0.0000,bclean_keep
906,HospitalName,riverview regional medical center,0.0014,bclean_keep
906,Address1,600 south third street,0.0016,bclean_keep
906,City,gadsden,0.0000,bclean_keep
906,State,al,0.5000,bclean_keep
906,ZipCode,35901,0.0000,bclean_keep
906,CountyName,etowah,0.0005,bclean_keep
906,PhoneNumber,2565435200,0.0000,bclean_keep
906,HospitalType,acute care hospitals,0.5000,bclean_keep
906,HospitalOwner,proprietary,0.0000,bclean_keep
906,EmergencyService,yes,0.0000,bclean_keep
906,Condition,heart attack,0.0004,bclean_keep
906,MeasureCode,ami-1,0.0031,bclean_keep
906,MeasureName,heart attack patients given aspirin at arrival,0.0012,bclean_keep
906,Stateavg,al_ami-1,0.0010,bclean_keep
907,ProviderNumber,10046,0.0000,bclean_keep
907,HospitalName,riverview regional medical center,0.0014,bclean_keep
907,Address1,600 south third street,0.0016,bclean_keep
907,City,gadsden,0.0000,bclean_keep
907,State,al,0.5000,bclean_keep
907,ZipCode,35901,0.0000,bclean_keep
907,CountyName,etowah,0.0005,bclean_keep
907,PhoneNumber,2565435200,0.0000,bclean_keep
907,HospitalType,acute care hospitals,0.5000,bclean_keep
907,HospitalOwner,proprietary,0.0000,bclean_keep
907,EmergencyService,yes,0.0000,bclean_keep
907,Condition,heart attack,0.0003,bclean_keep
907,MeasureCode,ami-2,0.0007,bclean_keep
907,MeasureName,heart attack patients given aspirin at discharge,0.0008,bclean_keep
907,Stateavg,al_ami-2,0.0008,bclean_keep
908,ProviderNumber,10046,0.0000,bclean_keep
908,HospitalName,riverview regional medical center,0.0014,bclean_keep
908,Address1,600 south third street,0.0016,bclean_keep
908,City,gadsden,0.0000,bclean_keep
908,State,al,0.5000,bclean_keep
908,ZipCode,35901,0.0000,bclean_keep
908,CountyName,etowah,0.0005,bclean_keep
908,PhoneNumber,2565435200,0.0000,bclean_keep
908,HospitalType,acute care hospitals,0.5000,bclean_keep
908,HospitalOwner,proprietary,0.0000,bclean_keep
908,EmergencyService,yes,0.0000,bclean_keep
908,Condition,heart attack,0.0003,bclean_keep
908,MeasureCode,ami-3,0.0006,bclean_keep
908,MeasureName,heart attack patients given ace inhibitor or arb for left ventricular systolic dysfunction (lvsd),0.0006,bclean_keep
908,Stateavg,al_ami-3,0.0000,bclean_keep
909,ProviderNumber,10046,0.0000,bclean_keep
909,HospitalName,riverview regional medical center,0.0014,bclean_keep
909,Address1,600 south third street,0.0016,bclean_keep
909,City,gadsden,0.0000,bclean_keep
909,State,al,0.5000,bclean_keep
909,ZipCode,35901,0.0000,bclean_keep
909,CountyName,etowah,0.0005,bclean_keep
909,PhoneNumber,2565435200,0.0000,bclean_keep
909,HospitalType,acute care hospitals,0.5000,bclean_keep
909,HospitalOwner,proprietary,0.0000,bclean_keep
909,EmergencyService,yes,0.0000,bclean_keep
909,Condition,heart attack,0.0003,bclean_keep
909,MeasureCode,ami-4,0.0005,bclean_keep
909,MeasureName,heart attack patients given smoking cessation advice/counseling,0.0000,bclean_keep
909,Stateavg,al_ami-4,0.0000,bclean_keep
910,ProviderNumber,10046,0.0000,bclean_keep
910,HospitalName,riverview regional medical center,0.0014,bclean_keep
910,Address1,600 south third street,0.0016,bclean_keep
910,City,gadsden,0.0000,bclean_keep
910,State,al,0.5000,bclean_keep
910,ZipCode,35901,0.0000,bclean_keep
910,CountyName,etowah,0.0005,bclean_keep
910,PhoneNumber,2565435200,0.0000,bclean_keep
910,HospitalType,acute care hospitals,0.5000,bclean_keep
910,HospitalOwner,proprietary,0.0000,bclean_keep
910,EmergencyService,yes,0.0000,bclean_keep
910,Condition,heart attack,0.0003,bclean_keep
910,MeasureCode,ami-5,0.0007,bclean_keep
910,MeasureName,heart attack patients given beta blocker at discharge,0.0007,bclean_keep
910,Stateavg,al_ami-5,0.0007,bclean_keep
911,ProviderNumber,10046,0.0000,bclean_keep
911,HospitalName,riverview regional medical center,0.0014,bclean_keep
911,Address1,600 south third street,0.0016,bclean_keep
911,City,gadsden,0.0000,bclean_keep
911,State,al,0.5000,bclean_keep
911,ZipCode,35901,0.0000,bclean_keep
911,CountyName,etowah,0.0005,bclean_keep
911,PhoneNumber,2565435200,0.0000,bclean_keep
911,HospitalType,acute care hospitals,0.5000,bclean_keep
911,HospitalOwner,proprietary,0.0000,bclean_keep
911,EmergencyService,yes,0.0000,bclean_keep
911,Condition,heart attack,0.0001,bclean_keep
911,MeasureCode,ami-7a,0.0000,bclean_keep
911,MeasureName,heart attack patients given fibrinolytic medication within 30 minutes of arrival,0.0000,bclean_keep
911,Stateavg,al_ami-7a,0.0008,bclean_keep
912,ProviderNumber,10046,0.0000,bclean_keep
912,HospitalName,riverview regional medical center,0.0014,bclean_keep
912,Address1,600 south third street,0.0016,bclean_keep
912,City,gadsden,0.0000,bclean_keep
912,State,al,0.5000,bclean_keep
912,ZipCode,35901,0.0000,bclean_keep
912,CountyName,etowah,0.0005,bclean_keep
912,PhoneNumber,2565435200,0.0000,bclean_keep
912,HospitalType,acute care hospitals,0.5000,bclean_keep
912,HospitalOwner,proprietary,0.0000,bclean_keep
912,EmergencyService,yes,0.0000,bclean_keep
912,Condition,heart attack,0.0003,bclean_keep
912,MeasureCode,ami-8a,0.0000,bclean_keep
912,MeasureName,heart attack patients given pci within 90 minutes of arrival,0.0007,bclean_keep
912,Stateavg,al_ami-8a,0.0008,bclean_keep
913,ProviderNumber,10046,0.0000,bclean_keep
913,HospitalName,riverview regional medical center,0.0014,bclean_keep
913,Address1,600 south third street,0.0017,bclean_keep
913,City,gadsden,0.0000,bclean_keep
913,State,al,0.5000,bclean_keep
913,ZipCode,35901,0.0000,bclean_keep
913,CountyName,etowah,0.0005,bclean_keep
913,PhoneNumber,2565435200,0.0000,bclean_keep
913,HospitalType,acute care hospitals,0.5000,bclean_keep
913,HospitalOwner,proprietary,0.0000,bclean_keep
913,EmergencyService,yes,0.0000,bclean_keep
913,Condition,heart failure,0.0004,bclean_keep
913,MeasureCode,hf-1,0.0028,bclean_keep
913,MeasureName,heart failure patients given discharge instructions,0.0008,bclean_keep
913,Stateavg,al_hf-1,0.0000,bclean_keep
914,ProviderNumber,10046,0.0000,bclean_keep
914,HospitalName,riverview regional medical center,0.0014,bclean_keep
914,Address1,600 south third street,0.0017,bclean_keep
914,City,gadsden,0.0000,bclean_keep
914,State,al,0.5000,bclean_keep
914,ZipCode,35901,0.0000,bclean_keep
914,CountyName,etowah,0.0005,bclean_keep
914,PhoneNumber,2565435200,0.0000,bclean_keep
914,HospitalType,acute care hospitals,0.5000,bclean_keep
914,HospitalOwner,proprietary,0.0000,bclean_keep
914,EmergencyService,yes,0.0000,bclean_keep
914,Condition,heart failure,0.0002,bclean_keep
914,MeasureCode,hf-2,0.0007,bclean_keep
914,MeasureName,heart failure patients given an evaluation of left ventricular systolic (lvs) function,0.0007,bclean_keep
914,Stateavg,al_hf-2,0.0007,bclean_keep
915,ProviderNumber,10046,0.0000,bclean_keep
915,HospitalName,riverview regional medical center,0.0014,bclean_keep
915,Address1,600 south third street,0.0017,bclean_keep
915,City,gadsden,0.0000,bclean_keep
915,State,al,0.5000,bclean_keep
915,ZipCode,35901,0.0000,bclean_keep
915,CountyName,etowah,0.0005,bclean_keep
915,PhoneNumber,2565435200,0.0000,bclean_keep
915,HospitalType,acute care hospitals,0.5000,bclean_keep
915,HospitalOwner,proprietary,0.0000,bclean_keep
915,EmergencyService,yes,0.0000,bclean_keep
915,Condition,heart failure,0.0003,bclean_keep
915,MeasureCode,hf-3,0.0000,bclean_keep
915,MeasureName,heart failure patients given ace inhibitor or arb for left ventricular systolic dysfunction (lvsd),0.0007,bclean_keep
915,Stateavg,al_hf-3,0.0000,bclean_keep
916,ProviderNumber,10046,0.0000,bclean_keep
916,HospitalName,riverview regional medical center,0.0000,bclean_keep
916,City,gadsden,0.0000,bclean_keep
916,State,al,0.5000,bclean_keep
916,ZipCode,35901,0.0000,bclean_keep
916,CountyName,etowah,0.0005,bclean_keep
916,PhoneNumber,2565435200,0.0000,bclean_keep
916,HospitalType,acute care hospitals,0.5000,bclean_keep
916,HospitalOwner,proprietary,0.0000,bclean_keep
916,EmergencyService,yes,0.5000,bclean_keep
916,Condition,heart failure,0.0002,bclean_keep
916,MeasureCode,hf-4,0.0000,bclean_keep
916,Stateavg,al_hf-4,0.0007,bclean_keep
917,ProviderNumber,10046,0.0000,bclean_keep
917,HospitalName,riverview regional medical center,0.0000,bclean_keep
917,Address1,600 south third street,0.0016,bclean_keep
917,City,gadsden,0.0000,bclean_keep
917,State,al,0.5000,bclean_keep
917,ZipCode,35901,0.0000,bclean_keep
917,CountyName,etowah,0.0005,bclean_keep
917,HospitalType,acute care hospitals,0.5000,bclean_keep
917,HospitalOwner,proprietary,0.0000,bclean_keep
917,EmergencyService,yes,0.0000,bclean_keep
917,Condition,pneumonia,0.0000,bclean_keep
917,MeasureCode,pn-2,0.0006,bclean_keep
917,MeasureName,pneumonia patients assessed and given pneumococcal vaccination,0.0000,bclean_keep
917,Stateavg,al_pn-2,0.0009,bclean_keep
918,ProviderNumber,10046,0.0000,bclean_keep
918,HospitalName,riverview regional medical center,0.0014,bclean_keep
918,Address1,600 south third street,0.0016,bclean_keep
918,City,gadsden,0.0000,bclean_keep
918,State,al,0.5000,bclean_keep
918,ZipCode,35901,0.0000,bclean_keep
918,PhoneNumber,2565435200,0.0000,bclean_keep
918,HospitalType,acute care hospitals,0.5000,bclean_keep
918,HospitalOwner,proprietary,0.0000,bclean_keep
918,EmergencyService,yes,0.0000,bclean_keep
918,Condition,pneumonia,0.0003,bclean_keep
918,MeasureCode,pn-3b,0.0007,bclean_keep
918,MeasureName,pneumonia patients whose initial emergency room blood culture was performed prior to the administration of the first hospital dose of antibiotics,0.0007,bclean_keep
918,Stateavg,al_pn-3b,0.0008,bclean_keep
919,ProviderNumber,10046,0.0000,bclean_keep
919,HospitalName,riverview regional medical center,0.0014,bclean_keep
919,Address1,600 south third street,0.0016,bclean_keep
919,City,gadsden,0.0000,bclean_keep
919,State,al,0.5000,bclean_keep
919,ZipCode,35901,0.0000,bclean_keep
919,CountyName,etowah,0.0005,bclean_keep
919,PhoneNumber,2565435200,0.0000,bclean_keep
919,HospitalType,acute care hospitals,0.5000,bclean_keep
919,HospitalOwner,proprietary,0.0000,bclean_keep
919,EmergencyService,yes,0.0000,bclean_keep
919,Condition,pneumonia,0.0003,bclean_keep
919,MeasureCode,pn-4,0.0028,bclean_keep
919,MeasureName,pneumonia patients given smoking cessation advice/counseling,0.0000,bclean_keep
919,Stateavg,al_pn-4,0.0000,bclean_keep
920,ProviderNumber,10046,0.0000,bclean_keep
920,HospitalName,riverview regional medical center,0.0000,bclean_keep
920,Address1,600 south third street,0.0016,bclean_keep
920,City,gadsden,0.0000,bclean_keep
920,State,al,0.5000,bclean_keep
920,ZipCode,35901,0.0000,bclean_keep
920,CountyName,etowah,0.0006,bclean_keep
920,PhoneNumber,2565435200,0.0000,bclean_keep
920,HospitalType,acute care hospitals,0.5000,bclean_keep
920,HospitalOwner,proprietary,0.0000,bclean_keep
920,Condition,pneumonia,0.0001,bclean_keep
920,MeasureCode,pn-5c,0.0007,bclean_keep
920,MeasureName,pneumonia patients given initial antibiotic(s) within 6 hours after arrival,0.0010,bclean_keep
920,Stateavg,al_pn-5c,0.0007,bclean_keep
921,ProviderNumber,10046,0.0000,bclean_keep
921,HospitalName,riverview regional medical center,0.0014,bclean_keep
921,Address1,600 south third street,0.0016,bclean_keep
921,City,gadsden,0.0000,bclean_keep
921,State,al,0.5000,bclean_keep
921,ZipCode,35901,0.0000,bclean_keep
921,CountyName,etowah,0.0005,bclean_keep
921,PhoneNumber,2565435200,0.0000,bclean_keep
921,HospitalType,acute care hospitals,0.5000,bclean_keep
921,HospitalOwner,proprietary,0.0000,bclean_keep
921,EmergencyService,yes,0.0000,bclean_keep
921,Condition,pneumonia,0.0002,bclean_keep
921,MeasureCode,pn-6,0.0000,bclean_keep
921,MeasureName,pneumonia patients given the most appropriate initial antibiotic(s),0.0006,bclean_keep
922,ProviderNumber,10046,0.0000,bclean_keep
922,HospitalName,xivexview xegional medical centex,0.0000,bclean_keep
922,Address1,600 south third street,0.0000,bclean_keep
922,City,gadsden,0.0000,bclean_keep
922,State,al,0.5000,bclean_keep
922,ZipCode,35901,0.0000,bclean_keep
922,CountyName,etowah,0.0005,bclean_keep
922,PhoneNumber,2565435200,0.0000,bclean_keep
922,HospitalType,acute care hospitals,0.5000,bclean_keep
922,HospitalOwner,proprietary,0.0000,bclean_keep
922,EmergencyService,yxs,0.5000,bclean_keep
922,Condition,pneumonia,0.0000,bclean_keep
922,MeasureCode,pn-7,0.0000,bclean_keep
922,MeasureName,pneumonia patients assessed and given influenza vaccination,0.0008,bclean_keep
922,Stateavg,al_pn-7,0.0008,bclean_keep
923,ProviderNumber,10046,0.0000,bclean_keep
923,Address1,600 south third street,0.0016,bclean_keep
923,City,gadsden,0.0000,bclean_keep
923,ZipCode,35901,0.0000,bclean_keep
923,CountyName,etowah,0.0005,bclean_keep
923,PhoneNumber,2565435200,0.0000,bclean_keep
923,HospitalType,acute care hospitals,0.5000,bclean_keep
923,HospitalOwner,proprietary,0.0000,bclean_keep
923,EmergencyService,yes,0.5000,bclean_keep
923,Condition,surgical infection prevention,0.0005,bclean_keep
923,MeasureCode,scip-card-2,0.0000,bclean_keep
923,MeasureName,surgery patients who were taking heart drugs called beta blockers before coming to the hospital who were kept on the beta blockers during the period just before and after their surgery,0.0008,bclean_keep
923,Stateavg,al_scip-card-2,0.0000,bclean_keep
924,ProviderNumber,10046,0.0000,bclean_keep
924,HospitalName,riverview regional medical center,0.0000,bclean_keep
924,Address1,600 south third street,0.0016,bclean_keep
924,City,gadsden,0.0000,bclean_keep
924,State,al,0.5000,bclean_keep
924,CountyName,etowah,0.0005,bclean_keep
924,PhoneNumber,2565435200,0.0000,bclean_keep
924,HospitalType,acute care hospitals,0.5000,bclean_keep
924,HospitalOwner,proprietary,0.0000,bclean_keep
924,EmergencyService,yes,0.0000,bclean_keep
924,Condition,surgical infection prevention,0.0000,bclean_keep
924,MeasureCode,scip-inf-1,0.0006,bclean_keep
924,MeasureName,surgery patients who were given an antibiotic at the right time (within one hour before surgery) to help prevent infection,0.0000,bclean_keep
924,Stateavg,al_scip-inf-1,0.0000,bclean_keep
925,ProviderNumber,10046,0.0000,bclean_keep
925,HospitalName,riverview regional medical center,0.0014,bclean_keep
925,Address1,600 south third street,0.0016,bclean_keep
925,City,gadsden,0.0000,bclean_keep
925,State,al,0.5000,bclean_keep
925,ZipCode,35901,0.0000,bclean_keep
925,CountyName,etowah,0.0005,bclean_keep
925,PhoneNumber,2565435200,0.0000,bclean_keep
925,HospitalType,acute care hospitals,0.5000,bclean_keep
925,HospitalOwner,proprietary,0.0000,bclean_keep
925,EmergencyService,yes,0.0000,bclean_keep
925,Condition,surgical infection prevention,0.0001,bclean_keep
925,MeasureCode,scip-inf-2,0.0007,bclean_keep
925,MeasureName,surgery patients who were given the  right kind  of antibiotic to help prevent infection,0.0000,bclean_keep
925,Stateavg,al_scip-inf-2,0.0035,bclean_keep
926,ProviderNumber,10046,0.0000,bclean_keep
926,HospitalName,riverview regional medical center,0.0014,bclean_keep
926,Address1,600 south third street,0.0016,bclean_keep
926,City,gadsden,0.0000,bclean_keep
926,State,al,0.5000,bclean_keep
926,ZipCode,35901,0.0000,bclean_keep
926,CountyName,etowah,0.0005,bclean_keep
926,PhoneNumber,2565435200,0.0000,bclean_keep
926,HospitalType,acute care hospitals,0.5000,bclean_keep
926,HospitalOwner,proprietary,0.0000,bclean_keep
926,EmergencyService,yes,0.0000,bclean_keep
926,Condition,surgical infection prevention,0.0001,bclean_keep
926,MeasureCode,scip-inf-3,0.0007,bclean_keep
926,MeasureName,surgery patients whose preventive antibiotics were stopped at the right time (within 24 hours after surgery),0.0000,bclean_keep
926,Stateavg,al_scip-inf-3,0.0000,bclean_keep
927,ProviderNumber,10046,0.0000,bclean_keep
927,HospitalName,riverview regional medical center,0.0014,bclean_keep
927,Address1,600 south third street,0.0016,bclean_keep
927,City,gadsden,0.0000,bclean_keep
927,State,al,0.5000,bclean_keep
927,ZipCode,35901,0.0000,bclean_keep
927,CountyName,etowah,0.0005,bclean_keep
927,PhoneNumber,2565435200,0.0000,bclean_keep
927,HospitalType,acuxe care hospixals,0.5000,bclean_keep
927,HospitalOwner,proprietary,0.0000,bclean_keep
927,EmergencyService,yes,0.0000,bclean_keep
927,Condition,surgical infection prevention,0.0001,bclean_keep
927,MeasureCode,scip-inf-4,0.0008,bclean_keep
927,MeasureName,all heart surgery patients whose blood sugar (blood glucose) is kept under good control in the days right after surgery,0.0010,bclean_keep
927,Stateavg,al_scip-inf-4,0.0000,bclean_keep
928,ProviderNumber,10046,0.0000,bclean_keep
928,HospitalName,riverview regional medical center,0.0014,bclean_keep
928,Address1,600 south third street,0.0016,bclean_keep
928,City,gadsden,0.0000,bclean_keep
928,State,al,0.5000,bclean_keep
928,ZipCode,35901,0.0000,bclean_keep
928,CountyName,etowah,0.0005,bclean_keep
928,PhoneNumber,2565435200,0.0000,bclean_keep
928,HospitalType,acute care hospitals,0.5000,bclean_keep
928,HospitalOwner,proprietary,0.0000,bclean_keep
928,EmergencyService,yes,0.0000,bclean_keep
928,Condition,surgical infection prevention,0.0000,bclean_keep
928,MeasureCode,scip-inf-6,0.0000,bclean_keep
928,MeasureName,surgery patients needing hair removed from the surgical area before surgery who had hair removed using a safer method (electric clippers or hair removal cream c not a razor),0.0008,bclean_keep
928,Stateavg,al_scip-inf-6,0.0000,bclean_keep
929,ProviderNumber,10046,0.0000,bclean_keep
929,HospitalName,riverview regional medical center,0.0014,bclean_keep
929,Address1,600 south third street,0.0016,bclean_keep
929,City,gadsden,0.0000,bclean_keep
929,State,al,0.5000,bclean_keep
929,ZipCode,35901,0.0000,bclean_keep
929,CountyName,etowah,0.0005,bclean_keep
929,PhoneNumber,2565435200,0.0000,bclean_keep
929,HospitalType,acute care hospitals,0.5000,bclean_keep
929,HospitalOwner,proprietary,0.0000,bclean_keep
929,EmergencyService,yes,0.0000,bclean_keep
929,Condition,surgical infection prevention,0.0000,bclean_keep
929,MeasureCode,scip-vte-1,0.0008,bclean_keep
929,MeasureName,surgery patients whose doctors ordered treatments to prevent blood clots after certain types of surgeries,0.0009,bclean_keep
929,Stateavg,al_scip-vte-1,0.0008,bclean_keep
930,ProviderNumber,10046,0.0000,bclean_keep
930,HospitalName,riverview regional medical center,0.0014,bclean_keep
930,Address1,600 south third street,0.0016,bclean_keep
930,City,gadsden,0.0000,bclean_keep
930,State,al,0.5000,bclean_keep
930,ZipCode,35901,0.0000,bclean_keep
930,CountyName,etowah,0.0005,bclean_keep
930,PhoneNumber,2565435200,0.0000,bclean_keep
930,HospitalType,acute care hospitals,0.5000,bclean_keep
930,HospitalOwner,proprietary,0.0000,bclean_keep
930,EmergencyService,yes,0.0000,bclean_keep
930,Condition,surgical infection prevention,0.0001,bclean_keep
930,MeasureCode,scip-vte-2,0.0000,bclean_keep
930,MeasureName,patients who got treatment  at the right time (within 24 hours before or after their surgery) to help prevent blood clots after certain types of surgery,0.0000,bclean_keep
930,Stateavg,al_scip-vte-2,0.0009,bclean_keep
931,ProviderNumber,10047,0.0000,bclean_keep
931,HospitalName,georgiana hospital,0.0016,bclean_keep
931,Address1,515 miranda st,0.0023,bclean_keep
931,City,georgiana,0.0017,bclean_keep
931,State,al,0.5000,bclean_keep
931,ZipCode,36033,0.0000,bclean_keep
931,CountyName,butler,0.0019,bclean_keep
931,PhoneNumber,3343762205,0.0000,bclean_keep
931,HospitalType,acute care hospitals,0.5000,bclean_keep
931,HospitalOwner,voluntary non-profit - private,0.0000,bclean_keep
931,EmergencyService,no,0.0000,bclean_keep
931,Condition,heart attack,0.0003,bclean_keep
931,MeasureName,heart attack patients given aspirin at arrival,0.0011,bclean_keep
931,Stateavg,al_ami-1,0.0011,bclean_keep
932,ProviderNumber,10047,0.0000,bclean_keep
932,HospitalName,georgiana hospital,0.0016,bclean_keep
932,Address1,515 miranda st,0.0023,bclean_keep
932,City,georgiana,0.0017,bclean_keep
932,State,al,0.5000,bclean_keep
932,ZipCode,36033,0.0000,bclean_keep
932,CountyName,butler,0.0019,bclean_keep
932,PhoneNumber,3343762205,0.0000,bclean_keep
932,HospitalType,acute care hospitals,0.5000,bclean_keep
932,HospitalOwner,voluntary non-profit - private,0.0000,bclean_keep
932,EmergencyService,no,0.0000,bclean_keep
932,Condition,heart attack,0.0003,bclean_keep
932,MeasureCode,ami-2,0.0006,bclean_keep
932,MeasureName,heart attack patients given aspirin at discharge,0.0007,bclean_keep
932,Stateavg,al_ami-2,0.0007,bclean_keep
933,ProviderNumber,10047,0.0000,bclean_keep
933,HospitalName,georgiana hospital,0.0016,bclean_keep
933,Address1,515 miranda st,0.0023,bclean_keep
933,City,georgiana,0.0017,bclean_keep
933,State,al,0.5000,bclean_keep
933,ZipCode,36033,0.0000,bclean_keep
933,CountyName,butler,0.0019,bclean_keep
933,PhoneNumber,3343762205,0.0000,bclean_keep
933,HospitalType,acute care hospitals,0.5000,bclean_keep
933,HospitalOwner,voluntary non-profit - private,0.0000,bclean_keep
933,EmergencyService,no,0.0000,bclean_keep
933,Condition,heart attack,0.0003,bclean_keep
933,MeasureCode,ami-3,0.0006,bclean_keep
933,MeasureName,heart attack patients given ace inhibitor or arb for left ventricular systolic dysfunction (lvsd),0.0006,bclean_keep
933,Stateavg,al_ami-3,0.0000,bclean_keep
934,HospitalName,georgiana hospital,0.0016,bclean_keep
934,Address1,515 miranda st,0.0023,bclean_keep
934,City,georgiana,0.0017,bclean_keep
934,State,al,0.5000,bclean_keep
934,ZipCode,36033,0.0000,bclean_keep
934,CountyName,butler,0.0019,bclean_keep
934,PhoneNumber,3343762205,0.0000,bclean_keep
934,HospitalType,acute care hospitals,0.5000,bclean_keep
934,HospitalOwner,voluntary non-profit - private,0.0000,bclean_keep
934,EmergencyService,no,0.0000,bclean_keep
934,Condition,heart attack,0.0003,bclean_keep
934,MeasureCode,ami-4,0.0009,bclean_keep
934,MeasureName,heart attack patients given smoking cessation advice/counseling,0.0000,bclean_keep
934,Stateavg,al_ami-4,0.0000,bclean_keep
935,ProviderNumber,10047,0.0000,bclean_keep
935,HospitalName,georgiana hospital,0.0000,bclean_keep
935,City,georgiana,0.0017,bclean_keep
935,State,al,0.5000,bclean_keep
935,ZipCode,36033,0.0000,bclean_keep
935,CountyName,butler,0.0019,bclean_keep
935,PhoneNumber,3343762205,0.0000,bclean_keep
935,HospitalType,acute care hospitals,0.5000,bclean_keep
935,HospitalOwner,voluntary non-profit - private,0.0000,bclean_keep
935,EmergencyService,no,0.0000,bclean_keep
935,Condition,heart attack,0.0003,bclean_keep
935,MeasureCode,ami-5,0.0008,bclean_keep
935,MeasureName,heart attack patients given beta blocker at discharge,0.0008,bclean_keep
935,Stateavg,al_ami-5,0.0007,bclean_keep
936,ProviderNumber,10047,0.0000,bclean_keep
936,HospitalName,georgiana hospital,0.0000,bclean_keep
936,City,georgiana,0.0017,bclean_keep
936,State,al,0.5000,bclean_keep
936,ZipCode,36033,0.0000,bclean_keep
936,CountyName,butler,0.0019,bclean_keep
936,PhoneNumber,3343762205,0.0000,bclean_keep
936,HospitalType,acute care hospitals,0.5000,bclean_keep
936,HospitalOwner,voluntary non-profit - private,0.0000,bclean_keep
936,EmergencyService,no,0.0000,bclean_keep
936,Condition,heart attack,0.0001,bclean_keep
936,MeasureCode,ami-7a,0.0000,bclean_keep
936,MeasureName,heart attack patients given fibrinolytic medication within 30 minutes of arrival,0.0000,bclean_keep
936,Stateavg,al_ami-7a,0.0009,bclean_keep
937,ProviderNumber,10047,0.0000,bclean_keep
937,HospitalName,georgiana hospital,0.0016,bclean_keep
937,Address1,515 miranda st,0.0023,bclean_keep
937,City,georgiana,0.0017,bclean_keep
937,State,al,0.5000,bclean_keep
937,ZipCode,36033,0.0000,bclean_keep
937,CountyName,butler,0.0019,bclean_keep
937,PhoneNumber,3343762205,0.0000,bclean_keep
937,HospitalType,acute care hospitals,0.5000,bclean_keep
937,HospitalOwner,voluntary non-profit - private,0.0000,bclean_keep
937,EmergencyService,no,0.0000,bclean_keep
937,Condition,heart attack,0.0003,bclean_keep
937,MeasureCode,ami-8a,0.0000,bclean_keep
937,MeasureName,heart attack patients given pci within 90 minutes of arrival,0.0007,bclean_keep
937,Stateavg,al_ami-8a,0.0007,bclean_keep
938,ProviderNumber,10047,0.0000,bclean_keep
938,HospitalName,georgiana hospital,0.0018,bclean_keep
938,Address1,515 miranda st,0.0022,bclean_keep
938,City,georgiana,0.0017,bclean_keep
938,State,al,0.5000,bclean_keep
938,ZipCode,36033,0.0000,bclean_keep
938,CountyName,butler,0.0019,bclean_keep
938,PhoneNumber,3343762205,0.0000,bclean_keep
938,HospitalType,acute care hospitals,0.5000,bclean_keep
938,HospitalOwner,voluntary non-profit - private,0.0000,bclean_keep
938,EmergencyService,no,0.0000,bclean_keep
938,Condition,heart failure,0.0004,bclean_keep
938,MeasureCode,hf-1,0.0041,bclean_keep
938,MeasureName,heart failure patients given discharge instructions,0.0008,bclean_keep
938,Stateavg,al_hf-1,0.0000,bclean_keep
939,ProviderNumber,10047,0.0000,bclean_keep
939,Address1,515 miranda st,0.0022,bclean_keep
939,City,georgiana,0.0017,bclean_keep
939,State,al,0.5000,bclean_keep
939,ZipCode,36033,0.0000,bclean_keep
939,CountyName,butler,0.0019,bclean_keep
939,PhoneNumber,3343762205,0.0000,bclean_keep
939,HospitalType,acute care hospitals,0.5000,bclean_keep
939,HospitalOwner,voluntary non-profit - private,0.0000,bclean_keep
939,EmergencyService,no,0.0000,bclean_keep
939,Condition,heart failure,0.0002,bclean_keep
939,MeasureCode,hf-2,0.0008,bclean_keep
939,MeasureName,heart failure patients given an evaluation of left ventricular systolic (lvs) function,0.0007,bclean_keep
939,Stateavg,al_hf-2,0.0007,bclean_keep
940,ProviderNumber,10047,0.0000,bclean_keep
940,HospitalName,georgiana hospital,0.0018,bclean_keep
940,Address1,515 miranda st,0.0022,bclean_keep
940,City,georgiana,0.0017,bclean_keep
940,State,al,0.5000,bclean_keep
940,ZipCode,36033,0.0000,bclean_keep
940,CountyName,butler,0.0019,bclean_keep
940,PhoneNumber,3343762205,0.0000,bclean_keep
940,HospitalType,acute care hospitals,0.5000,bclean_keep
940,HospitalOwner,voluntary non-profit - private,0.0000,bclean_keep
940,EmergencyService,no,0.0000,bclean_keep
940,Condition,heart failure,0.0003,bclean_keep
940,MeasureCode,hf-3,0.0000,bclean_keep
940,MeasureName,heart failure patients given ace inhibitor or arb for left ventricular systolic dysfunction (lvsd),0.0008,bclean_keep
940,Stateavg,al_hf-3,0.0000,bclean_keep
941,ProviderNumber,10047,0.0000,bclean_keep
941,HospitalName,georgiana hospital,0.0018,bclean_keep
941,Address1,515 miranda st,0.0022,bclean_keep
941,City,georgiana,0.0017,bclean_keep
941,State,al,0.5000,bclean_keep
941,ZipCode,36033,0.0000,bclean_keep
941,CountyName,butler,0.0019,bclean_keep
941,PhoneNumber,3343762205,0.0000,bclean_keep
941,HospitalType,acute care hospitals,0.5000,bclean_keep
941,HospitalOwner,voluntary non-profit - private,0.0000,bclean_keep
941,EmergencyService,no,0.0000,bclean_keep
941,Condition,heart failure,0.0002,bclean_keep
941,MeasureCode,hf-4,0.0006,bclean_keep
941,MeasureName,heart failure patients given smoking cessation advice/counseling,0.0008,bclean_keep
941,Stateavg,al_hf-4,0.0007,bclean_keep
942,ProviderNumber,10047,0.0000,bclean_keep
942,HospitalName,georgiana hospital,0.0016,bclean_keep
942,Address1,515 miranda st,0.0023,bclean_keep
942,City,georgiana,0.0017,bclean_keep
942,State,al,0.5000,bclean_keep
942,ZipCode,36033,0.0000,bclean_keep
942,CountyName,butler,0.0020,bclean_keep
942,PhoneNumber,3343762205,0.0000,bclean_keep
942,HospitalType,acute care hospitals,0.5000,bclean_keep
942,HospitalOwner,voluntary non-profit - private,0.0000,bclean_keep
942,EmergencyService,no,0.0000,bclean_keep
942,Condition,pneumonia,0.0000,bclean_keep
942,MeasureCode,pn-2,0.0006,bclean_keep
942,MeasureName,pneumonia patients assessed and given pneumococcal vaccination,0.0000,bclean_keep
942,Stateavg,al_pn-2,0.0007,bclean_keep
943,ProviderNumber,10047,0.0000,bclean_keep
943,HospitalName,georgiana hospital,0.0016,bclean_keep
943,Address1,515 miranda st,0.0023,bclean_keep
943,City,georgiana,0.0017,bclean_keep
943,State,al,0.5000,bclean_keep
943,ZipCode,36033,0.0000,bclean_keep
943,CountyName,butler,0.0020,bclean_keep
943,PhoneNumber,3343762205,0.0000,bclean_keep
943,HospitalType,acute care hospitals,0.5000,bclean_keep
943,HospitalOwner,voluntary non-profit - private,0.0000,bclean_keep
943,EmergencyService,no,0.0000,bclean_keep
943,Condition,pneumonia,0.0002,bclean_keep
943,MeasureCode,pn-3b,0.0006,bclean_keep
943,MeasureName,pneumonia patients whose initial emergency room blood culture was performed prior to the administration of the first hospital dose of antibiotics,0.0007,bclean_keep
943,Stateavg,al_pn-3b,0.0007,bclean_keep
944,ProviderNumber,10047,0.0000,bclean_keep
944,HospitalName,georgiana hospital,0.0016,bclean_keep
944,Address1,515 miranda st,0.0023,bclean_keep
944,City,georgiana,0.0000,bclean_keep
944,State,al,0.5000,bclean_keep
944,ZipCode,36033,0.0000,bclean_keep
944,PhoneNumber,3343762205,0.0000,bclean_keep
944,HospitalType,acute care hospitals,0.5000,bclean_keep
944,HospitalOwner,voluntary non-profit - private,0.0000,bclean_keep
944,EmergencyService,no,0.0000,bclean_keep
944,Condition,pneumonia,0.0003,bclean_keep
944,MeasureCode,pn-4,0.0026,bclean_keep
944,MeasureName,pneumonia patients given smoking cessation advice/counseling,0.0000,bclean_keep
944,Stateavg,al_pn-4,0.0000,bclean_keep
945,ProviderNumber,10047,0.0000,bclean_keep
945,HospitalName,georgiana hospital,0.0016,bclean_keep
945,Address1,515 miranda st,0.0023,bclean_keep
945,City,georgiana,0.0017,bclean_keep
945,State,al,0.5000,bclean_keep
945,ZipCode,36033,0.0000,bclean_keep
945,CountyName,butler,0.0020,bclean_keep
945,PhoneNumber,3343762205,0.0000,bclean_keep
945,HospitalType,acute care hospitals,0.5000,bclean_keep
945,HospitalOwner,voluntary non-profit - private,0.0000,bclean_keep
945,EmergencyService,no,0.0000,bclean_keep
945,Condition,pneumonia,0.0002,bclean_keep
945,MeasureCode,pn-5c,0.0010,bclean_keep
945,MeasureName,pneumonia patients given initial antibiotic(s) within 6 hours after arrival,0.0008,bclean_keep
945,Stateavg,al_pn-5c,0.0008,bclean_keep
946,ProviderNumber,10047,0.0000,bclean_keep
946,HospitalName,georgiana hospital,0.0000,bclean_keep
946,City,georgiana,0.0017,bclean_keep
946,State,al,0.5000,bclean_keep
946,ZipCode,36033,0.0000,bclean_keep
946,CountyName,butler,0.0020,bclean_keep
946,PhoneNumber,3343762205,0.0000,bclean_keep
946,HospitalType,acute care hospitals,0.5000,bclean_keep
946,HospitalOwner,voluntary non-profit - private,0.0000,bclean_keep
946,EmergencyService,no,0.0000,bclean_keep
946,Condition,pneumonia,0.0002,bclean_keep
946,MeasureCode,pn-6,0.0000,bclean_keep
946,MeasureName,pneumonia patients given the most appropriate initial antibiotic(s),0.0009,bclean_keep
946,Stateavg,al_pn-6,0.0007,bclean_keep
947,ProviderNumber,10047,0.0000,bclean_keep
947,HospitalName,georgiana hospital,0.0016,bclean_keep
947,Address1,515 miranda st,0.0023,bclean_keep
947,City,georgiana,0.0017,bclean_keep
947,State,al,0.5000,bclean_keep
947,ZipCode,36033,0.0000,bclean_keep
947,CountyName,butler,0.0020,bclean_keep
947,PhoneNumber,3343762205,0.0000,bclean_keep
947,HospitalType,acute care hospitals,0.5000,bclean_keep
947,HospitalOwner,voluntary non-profit - private,0.0000,bclean_keep
947,EmergencyService,no,0.0000,bclean_keep
947,Condition,pneumonia,0.0000,bclean_keep
947,MeasureCode,pn-7,0.0000,bclean_keep
947,MeasureName,pneumonia patients assessed and given influenza vaccination,0.0009,bclean_keep
947,Stateavg,al_pn-7,0.0007,bclean_keep
948,ProviderNumber,10047,0.0000,bclean_keep
948,HospitalName,georgiana hospital,0.0016,bclean_keep
948,Address1,515 miranda st,0.0022,bclean_keep
948,City,georgiana,0.0018,bclean_keep
948,State,al,0.5000,bclean_keep
948,ZipCode,36033,0.0000,bclean_keep
948,CountyName,butler,0.0019,bclean_keep
948,PhoneNumber,3343762205,0.0000,bclean_keep
948,HospitalType,acute care hospitals,0.5000,bclean_keep
948,HospitalOwner,voluntary non-profit - private,0.0000,bclean_keep
948,EmergencyService,no,0.0000,bclean_keep
948,Condition,surgical infection prevention,0.0006,bclean_keep
948,MeasureCode,scip-card-2,0.0000,bclean_keep
948,MeasureName,surgery patients who were taking heart drugs called beta blockers before coming to the hospital who were kept on the beta blockers during the period just before and after their surgery,0.0009,bclean_keep
948,Stateavg,al_scip-card-2,0.0000,bclean_keep
949,ProviderNumber,10047,0.0000,bclean_keep
949,HospitalName,georgiana hospital,0.0016,bclean_keep
949,Address1,515 miranda st,0.0022,bclean_keep
949,City,georgiana,0.0018,bclean_keep
949,State,al,0.5000,bclean_keep
949,ZipCode,36033,0.0000,bclean_keep
949,CountyName,butler,0.0019,bclean_keep
949,PhoneNumber,3343762205,0.0000,bclean_keep
949,HospitalType,acute care hospitals,0.5000,bclean_keep
949,HospitalOwner,voluntary non-profit - private,0.0000,bclean_keep
949,EmergencyService,no,0.0000,bclean_keep
949,Condition,surgical infection prevention,0.0000,bclean_keep
949,MeasureCode,scip-inf-1,0.0008,bclean_keep
949,MeasureName,surgery patients who were given an antibiotic at the right time (within one hour before surgery) to help prevent infection,0.0000,bclean_keep
949,Stateavg,al_scip-inf-1,0.0000,bclean_keep
950,ProviderNumber,10047,0.0000,bclean_keep
950,HospitalName,georgiana hospital,0.0000,bclean_keep
950,Address1,515 miranda st,0.0022,bclean_keep
950,State,al,0.5000,bclean_keep
950,ZipCode,36033,0.0000,bclean_keep
950,CountyName,butler,0.0018,bclean_keep
950,PhoneNumber,3343762205,0.0000,bclean_keep
950,HospitalType,acute care hosxitals,0.5000,bclean_keep
950,HospitalOwner,voluntary non-profit - private,0.0000,bclean_keep
950,EmergencyService,no,0.0000,bclean_keep
950,Condition,surgical infection prevention,0.0002,bclean_keep
950,MeasureCode,scip-inf-2,0.0007,bclean_keep
950,MeasureName,surgery patients who were given the  right kind  of antibiotic to help prevent infection,0.0000,bclean_keep
950,Stateavg,al_scip-inf-2,0.0038,bclean_keep
951,ProviderNumber,10047,0.0000,bclean_keep
951,HospitalName,georgiana hospital,0.0016,bclean_keep
951,Address1,515 miranda st,0.0022,bclean_keep
951,City,georgiana,0.0018,bclean_keep
951,State,al,0.5000,bclean_keep
951,ZipCode,36033,0.0000,bclean_keep
951,CountyName,butler,0.0019,bclean_keep
951,PhoneNumber,3343762205,0.0000,bclean_keep
951,HospitalType,acute care hospitals,0.5000,bclean_keep
951,HospitalOwner,voluntary non-profit - private,0.0000,bclean_keep
951,EmergencyService,no,0.0000,bclean_keep
951,Condition,surgical infection prevention,0.0001,bclean_keep
951,MeasureCode,scip-inf-3,0.0007,bclean_keep
951,MeasureName,surgery patients whose preventive antibiotics were stopped at the right time (within 24 hours after surgery),0.0000,bclean_keep
951,Stateavg,al_scip-inf-3,0.0000,bclean_keep
952,ProviderNumber,10047,0.0000,bclean_keep
952,HospitalName,georgiana hospital,0.0016,bclean_keep
952,Address1,515 miranda st,0.0022,bclean_keep
952,City,georgiana,0.0018,bclean_keep
952,State,al,0.5000,bclean_keep
952,ZipCode,36033,0.0000,bclean_keep
952,CountyName,butler,0.0019,bclean_keep
952,PhoneNumber,3343762205,0.0000,bclean_keep
952,HospitalType,acute care hospitals,0.5000,bclean_keep
952,HospitalOwner,voluntary non-profit - private,0.0000,bclean_keep
952,EmergencyService,no,0.0000,bclean_keep
952,Condition,surgical infection prevention,0.0002,bclean_keep
952,MeasureCode,scip-inf-4,0.0008,bclean_keep
952,MeasureName,all heart surgery patients whose blood sugar (blood glucose) is kept under good control in the days right after surgery,0.0010,bclean_keep
952,Stateavg,al_scip-inf-4,0.0000,bclean_keep
953,ProviderNumber,10047,0.0000,bclean_keep
953,HospitalName,georgiana hospital,0.0016,bclean_keep
953,Address1,515 miranda st,0.0022,bclean_keep
953,City,georgiana,0.0018,bclean_keep
953,State,al,0.5000,bclean_keep
953,ZipCode,36033,0.0000,bclean_keep
953,CountyName,butler,0.0019,bclean_keep
953,PhoneNumber,3343762205,0.0000,bclean_keep
953,HospitalType,acute care hospitals,0.5000,bclean_keep
953,HospitalOwner,voluntary non-profit - private,0.0000,bclean_keep
953,EmergencyService,no,0.0000,bclean_keep
953,Condition,surgical infection prevention,0.0000,bclean_keep
953,MeasureCode,scip-inf-6,0.0000,bclean_keep
953,MeasureName,surgery patients needing hair removed from the surgical area before surgery who had hair removed using a safer method (electric clippers or hair removal cream c not a razor),0.0010,bclean_keep
953,Stateavg,al_scip-inf-6,0.0000,bclean_keep
954,ProviderNumber,10047,0.0000,bclean_keep
954,HospitalName,georgiana hospital,0.0016,bclean_keep
954,Address1,515 miranda st,0.0022,bclean_keep
954,City,georgiana,0.0018,bclean_keep
954,State,al,0.5000,bclean_keep
954,ZipCode,36033,0.0000,bclean_keep
954,CountyName,butler,0.0019,bclean_keep
954,PhoneNumber,3343762205,0.0000,bclean_keep
954,HospitalType,acute care hospitals,0.5000,bclean_keep
954,HospitalOwner,voluntary non-profit - private,0.0000,bclean_keep
954,EmergencyService,no,0.0000,bclean_keep
954,Condition,surgical infection prevention,0.0000,bclean_keep
954,MeasureCode,scip-vte-1,0.0007,bclean_keep
954,MeasureName,surgery patients whose doctors ordered treatments to prevent blood clots after certain types of surgeries,0.0008,bclean_keep
954,Stateavg,al_scip-vte-1,0.0010,bclean_keep
955,ProviderNumber,10047,0.0000,bclean_keep
955,HospitalName,georgiana hospital,0.0016,bclean_keep
955,Address1,515 miranda st,0.0022,bclean_keep
955,City,georgiana,0.0018,bclean_keep
955,State,al,0.5000,bclean_keep
955,ZipCode,36033,0.0000,bclean_keep
955,CountyName,butler,0.0019,bclean_keep
955,PhoneNumber,3343762205,0.0000,bclean_keep
955,HospitalType,acute care hospitals,0.5000,bclean_keep
955,HospitalOwner,voluntary non-profit - private,0.0000,bclean_keep
955,EmergencyService,no,0.0000,bclean_keep
955,Condition,surgical infection prevention,0.0001,bclean_keep
955,MeasureCode,scip-vte-2,0.0000,bclean_keep
955,MeasureName,patients who got treatment  at the right time (within 24 hours before or after their surgery) to help prevent blood clots after certain types of surgery,0.0000,bclean_keep
955,Stateavg,al_scip-vte-2,0.0008,bclean_keep
956,HospitalName,medical center enterprise,0.0016,bclean_keep
956,Address1,400 n edwards street,0.0000,bclean_keep
956,City,enterprise,0.0021,bclean_keep
956,State,al,0.5000,bclean_keep
956,ZipCode,36330,0.0000,bclean_keep
956,CountyName,coffee,0.0014,bclean_keep
956,PhoneNumber,3343470584,0.0000,bclean_keep
956,HospitalType,acute care hospitals,0.5000,bclean_keep
956,HospitalOwner,proprietary,0.0000,bclean_keep
956,EmergencyService,yes,0.5000,bclean_keep
956,MeasureCode,ami-1,0.0000,bclean_keep
956,MeasureName,heart attack patients given aspirin at arrival,0.0010,bclean_keep
956,Stateavg,al_ami-1,0.0010,bclean_keep
957,ProviderNumber,10049,0.0000,bclean_keep
957,HospitalName,medixal xenter enterprise,0.0000,bclean_keep
957,Address1,400xnxedwardsxstreet,0.0000,bclean_keep
957,City,enterprise,0.0000,bclean_keep
957,State,al,0.5000,bclean_keep
957,ZipCode,36330,0.0000,bclean_keep
957,CountyName,coffee,0.0013,bclean_keep
957,PhoneNumber,3343470584,0.0000,bclean_keep
957,HospitalType,acute xare hospitals,0.5000,bclean_keep
957,HospitalOwner,proprietary,0.0000,bclean_keep
957,EmergencyService,yes,0.5000,bclean_keep
957,Condition,heart attack,0.0004,bclean_keep
957,MeasureCode,ami-2,0.0007,bclean_keep
957,MeasureName,heart attack patients given aspirin at discharge,0.0008,bclean_keep
957,Stateavg,al_ami-2,0.0008,bclean_keep
958,ProviderNumber,10049,0.0000,bclean_keep
958,HospitalName,medical center enterprise,0.0016,bclean_keep
958,Address1,400 n edwards street,0.0000,bclean_keep
958,City,enterprise,0.0022,bclean_keep
958,State,al,0.5000,bclean_keep
958,ZipCode,36330,0.0000,bclean_keep
958,CountyName,coffee,0.0014,bclean_keep
958,PhoneNumber,3343470584,0.0000,bclean_keep
958,HospitalType,acute care hospitals,0.5000,bclean_keep
958,HospitalOwner,proprietary,0.0000,bclean_keep
958,EmergencyService,yes,0.5000,bclean_keep
958,Condition,heart attack,0.0003,bclean_keep
958,MeasureCode,ami-3,0.0006,bclean_keep
958,MeasureName,heart attack patients given ace inhibitor or arb for left ventricular systolic dysfunction (lvsd),0.0006,bclean_keep
958,Stateavg,al_ami-3,0.0000,bclean_keep
959,ProviderNumber,10049,0.0000,bclean_keep
959,HospitalName,medical center enterprise,0.0016,bclean_keep
959,Address1,400 n edwards street,0.0000,bclean_keep
959,City,enterprise,0.0022,bclean_keep
959,State,al,0.5000,bclean_keep
959,ZipCode,36330,0.0000,bclean_keep
959,CountyName,coffee,0.0014,bclean_keep
959,PhoneNumber,3343470584,0.0000,bclean_keep
959,HospitalType,acute care hospitals,0.5000,bclean_keep
959,HospitalOwner,proprietary,0.0000,bclean_keep
959,EmergencyService,yes,0.5000,bclean_keep
959,Condition,heart attack,0.0003,bclean_keep
959,MeasureCode,ami-4,0.0005,bclean_keep
959,MeasureName,heart attack patients given smoking cessation advice/counseling,0.0000,bclean_keep
959,Stateavg,al_ami-4,0.0000,bclean_keep
960,ProviderNumber,10049,0.0000,bclean_keep
960,HospitalName,medical center enterprise,0.0016,bclean_keep
960,Address1,400 n edwards street,0.0000,bclean_keep
960,City,enterprise,0.0022,bclean_keep
960,State,al,0.5000,bclean_keep
960,ZipCode,36330,0.0000,bclean_keep
960,CountyName,coffee,0.0014,bclean_keep
960,PhoneNumber,3343470584,0.0000,bclean_keep
960,HospitalType,acute care hospitals,0.5000,bclean_keep
960,HospitalOwner,proprietary,0.0000,bclean_keep
960,EmergencyService,yes,0.5000,bclean_keep
960,Condition,heart attack,0.0003,bclean_keep
960,MeasureCode,ami-5,0.0007,bclean_keep
960,MeasureName,heart attack patients given beta blocker at discharge,0.0007,bclean_keep
960,Stateavg,al_ami-5,0.0007,bclean_keep
961,ProviderNumber,10049,0.0000,bclean_keep
961,HospitalName,medical center enterprise,0.0000,bclean_keep
961,Address1,400 n edwards street,0.0000,bclean_keep
961,State,al,0.5000,bclean_keep
961,ZipCode,36330,0.0000,bclean_keep
961,CountyName,coffee,0.0014,bclean_keep
961,PhoneNumber,3343470584,0.0000,bclean_keep
961,HospitalType,acute care hospitals,0.5000,bclean_keep
961,HospitalOwner,proprietary,0.0000,bclean_keep
961,EmergencyService,yes,0.5000,bclean_keep
961,Condition,heart attack,0.0001,bclean_keep
961,MeasureCode,ami-7a,0.0000,bclean_keep
961,MeasureName,heart attack patients given fibrinolytic medication within 30 minutes of arrival,0.0000,bclean_keep
961,Stateavg,al_ami-7a,0.0008,bclean_keep
962,ProviderNumber,10049,0.0000,bclean_keep
962,HospitalName,medical center enterprise,0.0016,bclean_keep
962,Address1,400 n edwards street,0.0000,bclean_keep
962,City,enterprise,0.0022,bclean_keep
962,State,al,0.5000,bclean_keep
962,ZipCode,36330,0.0000,bclean_keep
962,CountyName,coffee,0.0014,bclean_keep
962,PhoneNumber,3343470584,0.0000,bclean_keep
962,HospitalType,acute care hospitals,0.5000,bclean_keep
962,HospitalOwner,proprietary,0.0000,bclean_keep
962,EmergencyService,yes,0.5000,bclean_keep
962,Condition,heart attack,0.0004,bclean_keep
962,MeasureCode,ami-8a,0.0000,bclean_keep
962,MeasureName,heart attack patients given pci within 90 minutes of arrival,0.0007,bclean_keep
962,Stateavg,al_ami-8a,0.0008,bclean_keep
963,ProviderNumber,10049,0.0000,bclean_keep
963,Address1,400 n edwards street,0.0000,bclean_keep
963,City,enterprise,0.0021,bclean_keep
963,State,al,0.5000,bclean_keep
963,ZipCode,36330,0.0000,bclean_keep
963,CountyName,coffee,0.0014,bclean_keep
963,PhoneNumber,3343470584,0.0000,bclean_keep
963,HospitalType,acute care hospitals,0.5000,bclean_keep
963,HospitalOwner,proprietary,0.0000,bclean_keep
963,EmergencyService,yes,0.5000,bclean_keep
963,Condition,heart failure,0.0004,bclean_keep
963,MeasureCode,hf-1,0.0028,bclean_keep
963,MeasureName,heart failure patients given discharge instructions,0.0008,bclean_keep
963,Stateavg,al_hf-1,0.0000,bclean_keep
964,ProviderNumber,10049,0.0000,bclean_keep
964,HospitalName,medical center enterprise,0.0018,bclean_keep
964,Address1,400 n edwards street,0.0000,bclean_keep
964,City,enterprise,0.0021,bclean_keep
964,State,al,0.5000,bclean_keep
964,ZipCode,36330,0.0000,bclean_keep
964,CountyName,coffee,0.0014,bclean_keep
964,PhoneNumber,3343470584,0.0000,bclean_keep
964,HospitalType,acute care hospitals,0.5000,bclean_keep
964,HospitalOwner,proprietary,0.0000,bclean_keep
964,EmergencyService,yes,0.5000,bclean_keep
964,Condition,heart failure,0.0003,bclean_keep
964,MeasureCode,hf-2,0.0007,bclean_keep
964,MeasureName,heart failure patients given an evaluation of left ventricular systolic (lvs) function,0.0007,bclean_keep
964,Stateavg,al_hf-2,0.0007,bclean_keep
965,ProviderNumber,10049,0.0000,bclean_keep
965,HospitalName,medical center enterprise,0.0018,bclean_keep
965,Address1,400 n edwards street,0.0000,bclean_keep
965,City,enterprise,0.0021,bclean_keep
965,State,al,0.5000,bclean_keep
965,ZipCode,36330,0.0000,bclean_keep
965,CountyName,coffee,0.0015,bclean_keep
965,PhoneNumber,3343470584,0.0000,bclean_keep
965,HospitalType,acutexcarexhospitals,0.5000,bclean_keep
965,HospitalOwner,proprietary,0.0000,bclean_keep
965,EmergencyService,yes,0.5000,bclean_keep
965,Condition,heart failure,0.0003,bclean_keep
965,MeasureCode,hf-3,0.0000,bclean_keep
965,MeasureName,heart failure patients given ace inhibitor or arb for left ventricular systolic dysfunction (lvsd),0.0007,bclean_keep
965,Stateavg,al_hf-3,0.0000,bclean_keep
966,ProviderNumber,10049,0.0000,bclean_keep
966,HospitalName,medical center enterprise,0.0018,bclean_keep
966,Address1,400 n edwards street,0.0000,bclean_keep
966,City,enterprise,0.0021,bclean_keep
966,State,al,0.5000,bclean_keep
966,ZipCode,36330,0.0000,bclean_keep
966,CountyName,coffee,0.0014,bclean_keep
966,PhoneNumber,3343470584,0.0000,bclean_keep
966,HospitalType,acute care hospitals,0.5000,bclean_keep
966,HospitalOwner,proprietary,0.0000,bclean_keep
966,EmergencyService,yes,0.5000,bclean_keep
966,Condition,heart failure,0.0002,bclean_keep
966,MeasureCode,hf-4,0.0007,bclean_keep
966,MeasureName,heart failure patients given smoking cessation advice/counseling,0.0008,bclean_keep
966,Stateavg,al_hf-4,0.0007,bclean_keep
967,ProviderNumber,10049,0.0000,bclean_keep
967,HospitalName,medical center enterprise,0.0016,bclean_keep
967,Address1,400 n edwards street,0.0000,bclean_keep
967,City,enterprise,0.0000,bclean_keep
967,State,al,0.5000,bclean_keep
967,ZipCode,36330,0.0000,bclean_keep
967,PhoneNumber,3343470584,0.0000,bclean_keep
967,HospitalType,acute care hospitals,0.5000,bclean_keep
967,HospitalOwner,proprietary,0.0000,bclean_keep
967,EmergencyService,yes,0.5000,bclean_keep
967,Condition,pneumonia,0.0000,bclean_keep
967,MeasureCode,pn-2,0.0006,bclean_keep
967,MeasureName,pneumonia patients assessed and given pneumococcal vaccination,0.0000,bclean_keep
967,Stateavg,al_pn-2,0.0009,bclean_keep
968,ProviderNumber,10049,0.0000,bclean_keep
968,HospitalName,medical center enterprise,0.0016,bclean_keep
968,Address1,400 n edwards street,0.0000,bclean_keep
968,City,enterprise,0.0022,bclean_keep
968,State,al,0.5000,bclean_keep
968,ZipCode,36330,0.0000,bclean_keep
968,CountyName,coffee,0.0014,bclean_keep
968,PhoneNumber,3343470584,0.0000,bclean_keep
968,HospitalType,acute care hospitals,0.5000,bclean_keep
968,HospitalOwner,proprietary,0.0000,bclean_keep
968,EmergencyService,yes,0.5000,bclean_keep
968,Condition,pneumonia,0.0003,bclean_keep
968,MeasureCode,pn-3b,0.0007,bclean_keep
968,MeasureName,pneumonia patients whose initial emergency room blood culture was performed prior to the administration of the first hospital dose of antibiotics,0.0007,bclean_keep
968,Stateavg,al_pn-3b,0.0008,bclean_keep
969,ProviderNumber,10049,0.0000,bclean_keep
969,HospitalName,medical center enterprise,0.0000,bclean_keep
969,Address1,400 n edwards street,0.0000,bclean_keep
969,State,al,0.5000,bclean_keep
969,ZipCode,36330,0.0000,bclean_keep
969,CountyName,coffee,0.0014,bclean_keep
969,PhoneNumber,3343470584,0.0000,bclean_keep
969,HospitalType,acute care hospitals,0.5000,bclean_keep
969,HospitalOwner,proprietary,0.0000,bclean_keep
969,EmergencyService,yes,0.5000,bclean_keep
969,Condition,pneumonia,0.0003,bclean_keep
969,MeasureCode,pn-4,0.0028,bclean_keep
969,MeasureName,pneumonia patients given smoking cessation advice/counseling,0.0000,bclean_keep
969,Stateavg,al_pn-4,0.0000,bclean_keep
970,ProviderNumber,10049,0.0000,bclean_keep
970,HospitalName,medical center enterprise,0.0016,bclean_keep
970,Address1,400 n edwards street,0.0000,bclean_keep
970,City,enterprise,0.0022,bclean_keep
970,State,al,0.5000,bclean_keep
970,ZipCode,36330,0.0000,bclean_keep
970,CountyName,coffee,0.0014,bclean_keep
970,PhoneNumber,3343470584,0.0000,bclean_keep
970,HospitalType,acute care hospitals,0.5000,bclean_keep
970,HospitalOwner,proprietary,0.0000,bclean_keep
970,EmergencyService,yes,0.5000,bclean_keep
970,Condition,pneumonia,0.0001,bclean_keep
970,MeasureCode,pn-5c,0.0007,bclean_keep
970,MeasureName,pneumonia patients given initial antibiotic(s) within 6 hours after arrival,0.0009,bclean_keep
970,Stateavg,al_pn-5c,0.0007,bclean_keep
971,ProviderNumber,10049,0.0000,bclean_keep
971,HospitalName,medical center enterprise,0.0016,bclean_keep
971,Address1,400 n edwards street,0.0000,bclean_keep
971,City,enterprise,0.0022,bclean_keep
971,State,al,0.5000,bclean_keep
971,ZipCode,36330,0.0000,bclean_keep
971,CountyName,coffee,0.0014,bclean_keep
971,PhoneNumber,3343470584,0.0000,bclean_keep
971,HospitalType,acute care hospitals,0.5000,bclean_keep
971,HospitalOwner,proprietary,0.0000,bclean_keep
971,EmergencyService,yes,0.5000,bclean_keep
971,Condition,pneumonia,0.0002,bclean_keep
971,MeasureCode,pn-6,0.0000,bclean_keep
971,MeasureName,pneumonia patients given the most appropriate initial antibiotic(s),0.0006,bclean_keep
971,Stateavg,al_pn-6,0.0009,bclean_keep
972,ProviderNumber,10049,0.0000,bclean_keep
972,HospitalName,medical center enterprise,0.0016,bclean_keep
972,Address1,400 n edwards street,0.0000,bclean_keep
972,City,enterprise,0.0022,bclean_keep
972,State,al,0.5000,bclean_keep
972,ZipCode,36330,0.0000,bclean_keep
972,CountyName,coffee,0.0014,bclean_keep
972,PhoneNumber,3343470584,0.0000,bclean_keep
972,HospitalType,acute care hospitals,0.5000,bclean_keep
972,HospitalOwner,proprietary,0.0000,bclean_keep
972,EmergencyService,yes,0.5000,bclean_keep
972,Condition,pneumonia,0.0000,bclean_keep
972,MeasureCode,pn-7,0.0000,bclean_keep
972,MeasureName,pneumonia patients assessed and given influenza vaccination,0.0008,bclean_keep
972,Stateavg,al_pn-7,0.0008,bclean_keep
973,ProviderNumber,10049,0.0000,bclean_keep
973,HospitalName,medical center enterprise,0.0016,bclean_keep
973,Address1,400 n edwards street,0.0000,bclean_keep
973,City,enterprise,0.0021,bclean_keep
973,State,al,0.5000,bclean_keep
973,ZipCode,36330,0.0000,bclean_keep
973,CountyName,coffee,0.0014,bclean_keep
973,PhoneNumber,3343470584,0.0000,bclean_keep
973,HospitalType,acute care hospitals,0.5000,bclean_keep
973,HospitalOwner,proprietary,0.0000,bclean_keep
973,EmergencyService,yes,0.5000,bclean_keep
973,Condition,surgical infection prevention,0.0005,bclean_keep
973,MeasureCode,scip-card-2,0.0000,bclean_keep
973,MeasureName,surgery patients who were taking heart drugs called beta blockers before coming to the hospital who were kept on the beta blockers during the period just before and after their surgery,0.0008,bclean_keep
973,Stateavg,al_scip-card-2,0.0000,bclean_keep
974,ProviderNumber,10049,0.0000,bclean_keep
974,HospitalName,medical center enterprise,0.0016,bclean_keep
974,Address1,400 n edwards street,0.0000,bclean_keep
974,City,enterprise,0.0021,bclean_keep
974,State,al,0.5000,bclean_keep
974,ZipCode,36330,0.0000,bclean_keep
974,CountyName,coffee,0.0014,bclean_keep
974,PhoneNumber,3343470584,0.0000,bclean_keep
974,HospitalType,acute care hospitals,0.5000,bclean_keep
974,HospitalOwner,proprietary,0.0000,bclean_keep
974,EmergencyService,yes,0.5000,bclean_keep
974,Condition,surgical infection prevention,0.0000,bclean_keep
974,MeasureCode,scip-inf-1,0.0006,bclean_keep
974,MeasureName,surgery patients who were given an antibiotic at the right time (within one hour before surgery) to help prevent infection,0.0000,bclean_keep
974,Stateavg,al_scip-inf-1,0.0000,bclean_keep
975,ProviderNumber,10049,0.0000,bclean_keep
975,HospitalName,medical center enterprise,0.0016,bclean_keep
975,Address1,400 n edwards street,0.0000,bclean_keep
975,City,enterprise,0.0021,bclean_keep
975,State,al,0.5000,bclean_keep
975,ZipCode,36330,0.0000,bclean_keep
975,CountyName,coffee,0.0014,bclean_keep
975,PhoneNumber,3343470584,0.0000,bclean_keep
975,HospitalType,acute care hospitals,0.5000,bclean_keep
975,HospitalOwner,proprietary,0.0000,bclean_keep
975,EmergencyService,yes,0.5000,bclean_keep
975,MeasureCode,scip-inf-2,0.0000,bclean_keep
975,MeasureName,surgery patients who were given the  right kind  of antibiotic to help prevent infection,0.0000,bclean_keep
975,Stateavg,al_scip-inf-2,0.0035,bclean_keep
976,ProviderNumber,10049,0.0000,bclean_keep
976,HospitalName,medical center enterprise,0.0016,bclean_keep
976,Address1,400 n edwards street,0.0000,bclean_keep
976,City,enterprise,0.0021,bclean_keep
976,State,al,0.5000,bclean_keep
976,ZipCode,36330,0.0000,bclean_keep
976,CountyName,coffee,0.0014,bclean_keep
976,PhoneNumber,3343470584,0.0000,bclean_keep
976,HospitalType,acute care hospitals,0.5000,bclean_keep
976,HospitalOwner,proprietary,0.0000,bclean_keep
976,EmergencyService,yes,0.5000,bclean_keep
976,Condition,surgical infection prevention,0.0001,bclean_keep
976,MeasureCode,scip-inf-3,0.0007,bclean_keep
976,MeasureName,surgery patients whose preventive antibiotics were stopped at the right time (within 24 hours after surgery),0.0000,bclean_keep
976,Stateavg,al_scip-inf-3,0.0000,bclean_keep
977,ProviderNumber,10049,0.0000,bclean_keep
977,HospitalName,medical center enterprise,0.0016,bclean_keep
977,Address1,400 n edwards street,0.0000,bclean_keep
977,City,enterprise,0.0020,bclean_keep
977,State,al,0.5000,bclean_keep
977,ZipCode,36330,0.0000,bclean_keep
977,CountyName,coffee,0.0014,bclean_keep
977,PhoneNumber,3343470584,0.0000,bclean_keep
977,HospitalType,acutexcarexhospitals,0.5000,bclean_keep
977,HospitalOwner,proprietary,0.0000,bclean_keep
977,EmergencyService,yes,0.5000,bclean_keep
977,Condition,surgical infection prevention,0.0001,bclean_keep
977,MeasureCode,scip-inf-4,0.0008,bclean_keep
977,MeasureName,all heart surgery patients whose blood sugar (blood glucose) is kept under good control in the days right after surgery,0.0011,bclean_keep
977,Stateavg,al_scip-inf-4,0.0000,bclean_keep
978,ProviderNumber,10049,0.0000,bclean_keep
978,HospitalName,medical center enterprise,0.0016,bclean_keep
978,Address1,400 n edwards street,0.0000,bclean_keep
978,City,enterprise,0.0021,bclean_keep
978,State,al,0.5000,bclean_keep
978,ZipCode,36330,0.0000,bclean_keep
978,CountyName,coffee,0.0014,bclean_keep
978,PhoneNumber,3343470584,0.0000,bclean_keep
978,HospitalType,acute care hospitals,0.5000,bclean_keep
978,HospitalOwner,proprietary,0.0000,bclean_keep
978,EmergencyService,yes,0.5000,bclean_keep
978,Condition,surgical infection prevention,0.0000,bclean_keep
978,MeasureCode,scip-inf-6,0.0000,bclean_keep
978,MeasureName,surgery patients needing hair removed from the surgical area before surgery who had hair removed using a safer method (electric clippers or hair removal cream c not a razor),0.0008,bclean_keep
978,Stateavg,al_scip-inf-6,0.0000,bclean_keep
979,ProviderNumber,10049,0.0000,bclean_keep
979,HospitalName,medical center enterprise,0.0016,bclean_keep
979,Address1,400 n edwards street,0.0000,bclean_keep
979,City,enterprise,0.0021,bclean_keep
979,State,al,0.5000,bclean_keep
979,ZipCode,36330,0.0000,bclean_keep
979,CountyName,coffee,0.0014,bclean_keep
979,PhoneNumber,3343470584,0.0000,bclean_keep
979,HospitalType,acute care hospitals,0.5000,bclean_keep
979,HospitalOwner,proprietary,0.0000,bclean_keep
979,EmergencyService,yes,0.5000,bclean_keep
979,Condition,surgical infection prevention,0.0000,bclean_keep
979,MeasureCode,scip-vte-1,0.0008,bclean_keep
979,MeasureName,surgery patients whose doctors ordered treatments to prevent blood clots after certain types of surgeries,0.0009,bclean_keep
979,Stateavg,al_scip-vte-1,0.0008,bclean_keep
980,ProviderNumber,10049,0.0000,bclean_keep
980,HospitalName,medical center enterprise,0.0016,bclean_keep
980,Address1,400 n edwards street,0.0000,bclean_keep
980,City,enterprise,0.0021,bclean_keep
980,State,al,0.5000,bclean_keep
980,ZipCode,36330,0.0000,bclean_keep
980,CountyName,coffee,0.0014,bclean_keep
980,PhoneNumber,3343470584,0.0000,bclean_keep
980,HospitalType,acute care hospitals,0.5000,bclean_keep
980,HospitalOwner,proprietary,0.0000,bclean_keep
980,EmergencyService,yes,0.5000,bclean_keep
980,Condition,surgical infection prevention,0.0001,bclean_keep
980,MeasureCode,scip-vte-2,0.0000,bclean_keep
980,MeasureName,patients who got treatment  at the right time (within 24 hours before or after their surgery) to help prevent blood clots after certain types of surgery,0.0000,bclean_keep
980,Stateavg,al_scip-vte-2,0.0009,bclean_keep
981,ProviderNumber,10050,0.0000,bclean_keep
981,HospitalName,st vincents blount,0.0022,bclean_keep
981,Address1,150 gilbreath drive,0.0031,bclean_keep
981,City,oneonta,0.0029,bclean_keep
981,State,al,0.5000,bclean_keep
981,ZipCode,35121,0.0000,bclean_keep
981,CountyName,blount,0.0000,bclean_keep
981,PhoneNumber,2052743000,0.0000,bclean_keep
981,HospitalType,acute care hospitals,0.5000,bclean_keep
981,HospitalOwner,voluntary non-profit - private,0.0000,bclean_keep
981,EmergencyService,yes,0.5000,bclean_keep
981,Condition,heart attack,0.0003,bclean_keep
981,MeasureCode,ami-1,0.0038,bclean_keep
981,MeasureName,heart attack patients given aspirin at arrival,0.0010,bclean_keep
981,Stateavg,al_ami-1,0.0011,bclean_keep
982,ProviderNumber,10050,0.0000,bclean_keep
982,HospitalName,st vincents blount,0.0022,bclean_keep
982,Address1,150 gilbreath drive,0.0031,bclean_keep
982,City,oneonta,0.0029,bclean_keep
982,State,al,0.5000,bclean_keep
982,ZipCode,35121,0.0000,bclean_keep
982,CountyName,blount,0.0000,bclean_keep
982,PhoneNumber,2052743000,0.0000,bclean_keep
982,HospitalType,acute care hospitals,0.5000,bclean_keep
982,HospitalOwner,voluntary non-profit - private,0.0000,bclean_keep
982,EmergencyService,yes,0.0000,bclean_keep
982,Condition,heart attack,0.0003,bclean_keep
982,MeasureCode,ami-2,0.0007,bclean_keep
982,MeasureName,heart attack patients given aspirin at discharge,0.0007,bclean_keep
982,Stateavg,al_ami-2,0.0008,bclean_keep
983,ProviderNumber,10050,0.0000,bclean_keep
983,HospitalName,st vincents blount,0.0022,bclean_keep
983,Address1,150 gilbreath drive,0.0031,bclean_keep
983,City,oneonta,0.0029,bclean_keep
983,State,al,0.5000,bclean_keep
983,ZipCode,35121,0.0000,bclean_keep
983,CountyName,blount,0.0000,bclean_keep
983,PhoneNumber,2052743000,0.0000,bclean_keep
983,HospitalType,acute care hospitals,0.5000,bclean_keep
983,HospitalOwner,voluntary non-profit - private,0.0000,bclean_keep
983,EmergencyService,yes,0.5000,bclean_keep
983,Condition,heart attack,0.0003,bclean_keep
983,MeasureCode,ami-3,0.0006,bclean_keep
983,MeasureName,heart attack patients given ace inhibitor or arb for left ventricular systolic dysfunction (lvsd),0.0006,bclean_keep
983,Stateavg,al_ami-3,0.0000,bclean_keep
984,ProviderNumber,10050,0.0000,bclean_keep
984,HospitalName,st vincents blount,0.0022,bclean_keep
984,Address1,150 gilbreath drive,0.0031,bclean_keep
984,City,oneonta,0.0029,bclean_keep
984,State,al,0.5000,bclean_keep
984,ZipCode,35121,0.0000,bclean_keep
984,CountyName,blount,0.0000,bclean_keep
984,PhoneNumber,2052743000,0.0000,bclean_keep
984,HospitalType,acute care hospitals,0.5000,bclean_keep
984,HospitalOwner,voluntary non-profit - private,0.0000,bclean_keep
984,EmergencyService,yes,0.5000,bclean_keep
984,Condition,heart attack,0.0003,bclean_keep
984,MeasureCode,ami-4,0.0006,bclean_keep
984,MeasureName,heart attack patients given smoking cessation advice/counseling,0.0000,bclean_keep
984,Stateavg,al_ami-4,0.0000,bclean_keep
985,ProviderNumber,10050,0.0000,bclean_keep
985,HospitalName,st vincents blount,0.0022,bclean_keep
985,Address1,150 gilbreath drive,0.0031,bclean_keep
985,City,oneonta,0.0029,bclean_keep
985,State,al,0.5000,bclean_keep
985,ZipCode,35121,0.0000,bclean_keep
985,CountyName,blount,0.0000,bclean_keep
985,PhoneNumber,2052743000,0.0000,bclean_keep
985,HospitalType,acute care hospitals,0.5000,bclean_keep
985,HospitalOwner,voluntary non-profit - private,0.0000,bclean_keep
985,EmergencyService,yes,0.5000,bclean_keep
985,Condition,heart attack,0.0003,bclean_keep
985,MeasureCode,ami-5,0.0008,bclean_keep
985,MeasureName,heart attack patients given beta blocker at discharge,0.0008,bclean_keep
985,Stateavg,al_ami-5,0.0007,bclean_keep
986,ProviderNumber,10050,0.0000,bclean_keep
986,HospitalName,st vincents blount,0.0000,bclean_keep
986,Address1,150 gilbreath drive,0.0031,bclean_keep
986,State,al,0.5000,bclean_keep
986,ZipCode,35121,0.0000,bclean_keep
986,CountyName,blount,0.0000,bclean_keep
986,PhoneNumber,2052743000,0.0000,bclean_keep
986,HospitalType,acute care hospitals,0.5000,bclean_keep
986,HospitalOwner,voluntary non-profit - private,0.0000,bclean_keep
986,EmergencyService,yes,0.0000,bclean_keep
986,Condition,heart attack,0.0001,bclean_keep
986,MeasureCode,ami-7a,0.0000,bclean_keep
986,MeasureName,heart attack patients given fibrinolytic medication within 30 minutes of arrival,0.0000,bclean_keep
986,Stateavg,al_ami-7a,0.0008,bclean_keep
987,ProviderNumber,10050,0.0000,bclean_keep
987,HospitalName,st vincents blount,0.0000,bclean_keep
987,City,oneonta,0.0029,bclean_keep
987,State,al,0.5000,bclean_keep
987,ZipCode,35121,0.0000,bclean_keep
987,CountyName,blount,0.0000,bclean_keep
987,PhoneNumber,2052743000,0.0000,bclean_keep
987,HospitalType,acute care hospitals,0.5000,bclean_keep
987,HospitalOwner,voluntary non-profit - private,0.0000,bclean_keep
987,EmergencyService,yes,0.5000,bclean_keep
987,Condition,heart attack,0.0003,bclean_keep
987,MeasureCode,ami-8a,0.0000,bclean_keep
987,MeasureName,heart attack patients given pci within 90 minutes of arrival,0.0007,bclean_keep
987,Stateavg,al_ami-8a,0.0008,bclean_keep
988,ProviderNumber,10050,0.0000,bclean_keep
988,Address1,150 gilbreath drive,0.0029,bclean_keep
988,City,oneonta,0.0028,bclean_keep
988,State,al,0.5000,bclean_keep
988,ZipCode,35121,0.0000,bclean_keep
988,CountyName,blount,0.0000,bclean_keep
988,PhoneNumber,2052743000,0.0000,bclean_keep
988,HospitalType,acute care hospitals,0.5000,bclean_keep
988,HospitalOwner,voluntary non-profit - private,0.0000,bclean_keep
988,EmergencyService,yes,0.0000,bclean_keep
988,Condition,heart failure,0.0004,bclean_keep
988,MeasureCode,hf-1,0.0030,bclean_keep
988,MeasureName,heart failure patients given discharge instructions,0.0008,bclean_keep
988,Stateavg,al_hf-1,0.0000,bclean_keep
989,ProviderNumber,10050,0.0000,bclean_keep
989,HospitalName,st vincents blount,0.0025,bclean_keep
989,Address1,150 gilbreath drive,0.0029,bclean_keep
989,City,oneonta,0.0028,bclean_keep
989,State,al,0.5000,bclean_keep
989,ZipCode,35121,0.0000,bclean_keep
989,CountyName,blount,0.0000,bclean_keep
989,PhoneNumber,2052743000,0.0000,bclean_keep
989,HospitalType,acute care hospitals,0.5000,bclean_keep
989,HospitalOwner,voluntary non-profit - private,0.0000,bclean_keep
989,EmergencyService,yes,0.5000,bclean_keep
989,Condition,heart failure,0.0002,bclean_keep
989,MeasureCode,hf-2,0.0007,bclean_keep
989,MeasureName,heart failure patients given an evaluation of left ventricular systolic (lvs) function,0.0007,bclean_keep
989,Stateavg,al_hf-2,0.0007,bclean_keep
990,ProviderNumber,10050,0.0000,bclean_keep
990,HospitalName,st vincents blount,0.0025,bclean_keep
990,Address1,150 gilbreath drive,0.0029,bclean_keep
990,City,oneonta,0.0028,bclean_keep
990,State,al,0.5000,bclean_keep
990,ZipCode,35121,0.0000,bclean_keep
990,CountyName,blount,0.0000,bclean_keep
990,PhoneNumber,2052743000,0.0000,bclean_keep
990,HospitalType,acute care hospitals,0.5000,bclean_keep
990,HospitalOwner,voluntary non-profit - private,0.0000,bclean_keep
990,EmergencyService,yes,0.5000,bclean_keep
990,Condition,heart failure,0.0003,bclean_keep
990,MeasureCode,hf-3,0.0000,bclean_keep
990,MeasureName,heart failure patients given ace inhibitor or arb for left ventricular systolic dysfunction (lvsd),0.0007,bclean_keep
990,Stateavg,al_hf-3,0.0000,bclean_keep
991,ProviderNumber,10050,0.0000,bclean_keep
991,HospitalName,st vincents blount,0.0025,bclean_keep
991,Address1,150 gilbreath drive,0.0029,bclean_keep
991,City,oneonta,0.0028,bclean_keep
991,State,al,0.5000,bclean_keep
991,ZipCode,35121,0.0000,bclean_keep
991,CountyName,blount,0.0000,bclean_keep
991,PhoneNumber,2052743000,0.0000,bclean_keep
991,HospitalType,acute care hospitals,0.5000,bclean_keep
991,HospitalOwner,voluntary non-profit - private,0.0000,bclean_keep
991,EmergencyService,yes,0.5000,bclean_keep
991,Condition,heart failure,0.0002,bclean_keep
991,MeasureCode,hf-4,0.0007,bclean_keep
991,MeasureName,heart failure patients given smoking cessation advice/counseling,0.0007,bclean_keep
991,Stateavg,al_hf-4,0.0007,bclean_keep
992,ProviderNumber,10050,0.0000,bclean_keep
992,HospitalName,st vincents blount,0.0022,bclean_keep
992,Address1,150 gilbreath drive,0.0029,bclean_keep
992,City,oneonta,0.0027,bclean_keep
992,State,al,0.5000,bclean_keep
992,ZipCode,35121,0.0000,bclean_keep
992,CountyName,blount,0.0000,bclean_keep
992,PhoneNumber,2052743000,0.0000,bclean_keep
992,HospitalType,acute care hospitals,0.5000,bclean_keep
992,HospitalOwner,voluntary non-profit - private,0.0000,bclean_keep
992,EmergencyService,yes,0.5000,bclean_keep
992,Condition,pneumonia,0.0000,bclean_keep
992,MeasureCode,pn-2,0.0006,bclean_keep
992,MeasureName,pneumonia patients assessed and given pneumococcal vaccination,0.0000,bclean_keep
992,Stateavg,al_pn-2,0.0008,bclean_keep
993,ProviderNumber,10050,0.0000,bclean_keep
993,HospitalName,st vincents blount,0.0022,bclean_keep
993,Address1,150 gilbreath drive,0.0029,bclean_keep
993,City,oneonta,0.0027,bclean_keep
993,State,al,0.5000,bclean_keep
993,ZipCode,35121,0.0000,bclean_keep
993,CountyName,blount,0.0000,bclean_keep
993,PhoneNumber,2052743000,0.0000,bclean_keep
993,HospitalType,acute care hospitals,0.5000,bclean_keep
993,HospitalOwner,voluntary non-profit - private,0.0000,bclean_keep
993,EmergencyService,yes,0.0000,bclean_keep
993,Condition,pneumonia,0.0003,bclean_keep
993,MeasureCode,pn-3b,0.0007,bclean_keep
993,MeasureName,pneumonia patients whose initial emergency room blood culture was performed prior to the administration of the first hospital dose of antibiotics,0.0007,bclean_keep
993,Stateavg,al_pn-3b,0.0008,bclean_keep
994,ProviderNumber,10050,0.0000,bclean_keep
994,HospitalName,st vincents blount,0.0022,bclean_keep
994,Address1,150 gilbreath drive,0.0029,bclean_keep
994,City,oneonta,0.0027,bclean_keep
994,State,al,0.5000,bclean_keep
994,ZipCode,35121,0.0000,bclean_keep
994,CountyName,blount,0.0000,bclean_keep
994,PhoneNumber,2052743000,0.0000,bclean_keep
994,HospitalType,acute care hospitals,0.5000,bclean_keep
994,HospitalOwner,voluntary non-profit - private,0.0000,bclean_keep
994,EmergencyService,yes,0.0000,bclean_keep
994,Condition,pneumonia,0.0003,bclean_keep
994,MeasureCode,pn-4,0.0029,bclean_keep
994,MeasureName,pneumonia patients given smoking cessation advice/counseling,0.0000,bclean_keep
994,Stateavg,al_pn-4,0.0000,bclean_keep
995,ProviderNumber,10050,0.0000,bclean_keep
995,HospitalName,st vincents blount,0.0022,bclean_keep
995,Address1,150 gilbreath drive,0.0029,bclean_keep
995,City,oneonta,0.0027,bclean_keep
995,State,al,0.5000,bclean_keep
995,ZipCode,35121,0.0000,bclean_keep
995,CountyName,blount,0.0000,bclean_keep
995,PhoneNumber,2052743000,0.0000,bclean_keep
995,HospitalType,acute care hospitals,0.5000,bclean_keep
995,HospitalOwner,voluntary non-profit - private,0.0000,bclean_keep
995,EmergencyService,yes,0.0000,bclean_keep
995,Condition,pneumonia,0.0002,bclean_keep
995,MeasureCode,pn-5c,0.0007,bclean_keep
995,MeasureName,pneumonia patients given initial antibiotic(s) within 6 hours after arrival,0.0008,bclean_keep
995,Stateavg,al_pn-5c,0.0008,bclean_keep
996,ProviderNumber,10050,0.0000,bclean_keep
996,HospitalName,st vincents blount,0.0022,bclean_keep
996,Address1,150 gilbreath drive,0.0029,bclean_keep
996,City,oneonta,0.0027,bclean_keep
996,State,al,0.5000,bclean_keep
996,ZipCode,35121,0.0000,bclean_keep
996,CountyName,blount,0.0000,bclean_keep
996,PhoneNumber,2052743000,0.0000,bclean_keep
996,HospitalType,acute care hospitals,0.5000,bclean_keep
996,HospitalOwner,voluntary non-profit - private,0.0000,bclean_keep
996,EmergencyService,yes,0.5000,bclean_keep
996,Condition,pneumonia,0.0002,bclean_keep
996,MeasureCode,pn-6,0.0000,bclean_keep
996,MeasureName,pneumonia patients given the most appropriate initial antibiotic(s),0.0007,bclean_keep
996,Stateavg,al_pn-6,0.0008,bclean_keep
997,ProviderNumber,10050,0.0000,bclean_keep
997,HospitalName,st vincents blount,0.0022,bclean_keep
997,Address1,150 gilbreath drive,0.0029,bclean_keep
997,City,oneonta,0.0027,bclean_keep
997,State,al,0.5000,bclean_keep
997,ZipCode,35121,0.0000,bclean_keep
997,CountyName,blount,0.0000,bclean_keep
997,PhoneNumber,2052743000,0.0000,bclean_keep
997,HospitalType,acute care hospitals,0.5000,bclean_keep
997,HospitalOwner,voluntary non-profit - private,0.0000,bclean_keep
997,EmergencyService,yes,0.5000,bclean_keep
997,Condition,pneumonia,0.0000,bclean_keep
997,MeasureCode,pn-7,0.0000,bclean_keep
997,MeasureName,pneumonia patients assessed and given influenza vaccination,0.0009,bclean_keep
997,Stateavg,al_pn-7,0.0007,bclean_keep
998,ProviderNumber,10050,0.0000,bclean_keep
998,HospitalName,st vincents blount,0.0022,bclean_keep
998,Address1,150 gilbreath drive,0.0029,bclean_keep
998,City,oneonta,0.0028,bclean_keep
998,State,al,0.5000,bclean_keep
998,ZipCode,35121,0.0000,bclean_keep
998,CountyName,blount,0.0000,bclean_keep
998,PhoneNumber,2052743000,0.0000,bclean_keep
998,HospitalType,acute care hospitals,0.5000,bclean_keep
998,HospitalOwner,voluntary non-profit - private,0.0000,bclean_keep
998,EmergencyService,yes,0.5000,bclean_keep
998,Condition,surgical infection prevention,0.0005,bclean_keep
998,MeasureCode,scip-card-2,0.0000,bclean_keep
998,Stateavg,al_scip-card-2,0.0000,bclean_keep
999,ProviderNumber,10050,0.0000,bclean_keep
999,HospitalName,st vincents blount,0.0022,bclean_keep
999,Address1,150 gilbreath drive,0.0029,bclean_keep
999,City,oneonta,0.0028,bclean_keep
999,State,al,0.5000,bclean_keep
999,ZipCode,35121,0.0000,bclean_keep
999,CountyName,blount,0.0000,bclean_keep
999,PhoneNumber,2052743000,0.0000,bclean_keep
999,HospitalType,acute care hospitals,0.5000,bclean_keep
999,HospitalOwner,voluntary non-profit - private,0.0000,bclean_keep
999,EmergencyService,yes,0.5000,bclean_keep
999,Condition,surgical infection prevention,0.0000,bclean_keep
999,MeasureCode,scip-inf-1,0.0007,bclean_keep
999,MeasureName,surgery patients who were given an antibiotic at the right time (within one hour before surgery) to help prevent infection,0.0000,bclean_keep
999,Stateavg,al_scip-inf-1,0.0000,bclean_keep
1000,ProviderNumber,10050,0.0000,bclean_keep
1000,HospitalName,st vincents blount,0.0022,bclean_keep
1000,Address1,150 gilbreath drive,0.0029,bclean_keep
1000,City,oneonta,0.0028,bclean_keep
1000,State,al,0.5000,bclean_keep
1000,ZipCode,35121,0.0000,bclean_keep
1000,CountyName,blount,0.0000,bclean_keep
1000,PhoneNumber,2052743000,0.0000,bclean_keep
1000,HospitalType,acute care hospitals,0.5000,bclean_keep
1000,HospitalOwner,voluntary non-profit - private,0.0000,bclean_keep
1000,EmergencyService,yes,0.5000,bclean_keep
1000,Condition,surgical infection prevention,0.0001,bclean_keep
1000,MeasureCode,scip-inf-2,0.0007,bclean_keep
1000,MeasureName,surgery patients who were given the  right kind  of antibiotic to help prevent infection,0.0000,bclean_keep
1000,Stateavg,al_scip-inf-2,0.0035,bclean_keep
