row_id,column,value,confidence,source
1,act_arr_time,9:32 a.m.,0.786986,holoclean_keep
1,act_dep_time,7:16 a.m.,0.786986,holoclean_keep
1,flight,aa-3859-iah-ord,0.991390,holoclean_keep
1,sched_arr_time,9:40 a.m.,0.891580,holoclean_keep
1,sched_dep_time,7:10 a.m.,0.996598,holoclean_keep
2,act_arr_time,10:28 p.m.,0.200000,holoclean
2,act_dep_time,7:58 p.m.,0.786986,holoclean_keep
2,flight,aa-1733-ord-phx,0.980764,holoclean_keep
2,sched_arr_time,10:30 p.m.,0.955118,holoclean_keep
2,sched_dep_time,7:45 p.m.,0.994497,holoclean_keep
3,act_arr_time,7:25 p.m.,0.200000,holoclean
3,act_dep_time,6:47 p.m.,0.250000,holoclean
3,flight,aa-1640-mia-mco,0.940772,holoclean_keep
3,sched_arr_time,7:25 p.m.,0.941008,holoclean_keep
3,sched_dep_time,6:30 p.m.,0.958799,holoclean_keep
4,act_arr_time,9:28 a.m.,0.596418,holoclean_keep
4,act_dep_time,6:54 a.m.,0.711235,holoclean_keep
4,flight,aa-518-mia-jfk,0.999227,holoclean_keep
4,sched_arr_time,9:25 a.m.,0.981028,holoclean_keep
4,sched_dep_time,6:40 a.m.,0.990134,holoclean_keep
5,act_arr_time,2:50 p.m.,0.596418,holoclean_keep
5,act_dep_time,12:41 p.m.,0.551873,holoclean_keep
5,flight,aa-3756-ord-slc,0.997490,holoclean_keep
5,sched_arr_time,2:45 p.m.,0.989942,holoclean_keep
5,sched_dep_time,12:15 p.m.,0.978471,holoclean_keep
6,act_arr_time,12/2/11 6:35 a.m.,0.142857,holoclean
6,act_dep_time,11:29 p.m.,0.200000,holoclean
6,flight,aa-204-lax-mco,0.936875,holoclean_keep
6,sched_arr_time,12/02/2011 6:55 a.m.,0.445547,holoclean_keep
6,sched_dep_time,11:25 p.m.,0.957084,holoclean_keep
7,act_arr_time,9:45 a.m.,0.711235,holoclean_keep
7,act_dep_time,7:25 a.m.,0.648786,holoclean_keep
7,flight,aa-3468-cvg-mia,0.998425,holoclean_keep
7,sched_arr_time,9:55 a.m.,0.956959,holoclean_keep
7,sched_dep_time,7:00 a.m.,0.988867,holoclean_keep
8,act_arr_time,7:39 p.m.,0.711235,holoclean_keep
8,act_dep_time,4:29 p.m.,0.786986,holoclean_keep
8,flight,aa-484-dfw-mia,0.994682,holoclean_keep
8,sched_arr_time,7:55 p.m.,0.978366,holoclean_keep
8,sched_dep_time,4:15 p.m.,0.975198,holoclean_keep
9,act_arr_time,4:09 p.m.,0.450853,holoclean_keep
9,act_dep_time,12:12 p.m.,0.551873,holoclean_keep
9,flight,aa-446-dfw-phl,0.980487,holoclean_keep
9,sched_arr_time,3:50 p.m.,0.967414,holoclean_keep
9,sched_dep_time,11:50 a.m.,0.947312,holoclean_keep
10,act_arr_time,9:05 a.m.,0.648786,holoclean_keep
10,act_dep_time,6:08 a.m.,0.711235,holoclean_keep
10,flight,aa-466-iah-mia,0.987883,holoclean_keep
10,sched_arr_time,9:20 a.m.,0.876557,holoclean_keep
10,sched_dep_time,6:00 a.m.,0.995681,holoclean_keep
11,act_arr_time,1:40 p.m.,0.648786,holoclean_keep
11,act_dep_time,10:55 a.m.,0.648786,holoclean_keep
11,flight,aa-1886-bos-mia,0.992760,holoclean_keep
11,sched_arr_time,2:20 p.m.,0.864925,holoclean_keep
11,sched_dep_time,10:45 a.m.,0.894971,holoclean_keep
12,act_arr_time,11:01 a.m.,0.551873,holoclean_keep
12,act_dep_time,8:04 a.m.,0.711235,holoclean_keep
12,flight,aa-2957-dfw-cvg,0.995021,holoclean_keep
12,sched_arr_time,11:05 a.m.,0.953910,holoclean_keep
12,sched_dep_time,7:55 a.m.,0.990276,holoclean_keep
13,act_arr_time,11:56 a.m.,0.786986,holoclean_keep
13,act_dep_time,10:18 a.m.,0.648786,holoclean_keep
13,flight,aa-1664-mia-atl,0.998652,holoclean_keep
13,sched_arr_time,12:10 p.m.,0.981911,holoclean_keep
13,sched_dep_time,10:15 a.m.,0.990409,holoclean_keep
14,act_arr_time,8:06 a.m.,0.596418,holoclean_keep
14,act_dep_time,8:04 a.m.,0.786986,holoclean_keep
14,flight,aa-3979-cvg-ord,0.998275,holoclean_keep
14,sched_arr_time,8:00 a.m.,0.965984,holoclean_keep
14,sched_dep_time,7:30 a.m.,0.989932,holoclean_keep
15,act_arr_time,3:30 p.m.,0.480150,holoclean_keep
15,act_dep_time,2:04 p.m.,0.513519,holoclean_keep
15,flight,aa-1279-dfw-phx,0.987718,holoclean_keep
15,sched_arr_time,2:35 p.m.,0.990775,holoclean_keep
15,sched_dep_time,1:00 p.m.,0.968592,holoclean_keep
16,act_arr_time,1:27 p.m.,0.648786,holoclean_keep
16,act_dep_time,10:10 a.m.,0.648786,holoclean_keep
16,flight,aa-616-dfw-dtw,0.993131,holoclean_keep
16,sched_arr_time,12:35 p.m.,0.965232,holoclean_keep
16,sched_dep_time,9:05 a.m.,0.989375,holoclean_keep
17,act_arr_time,2:10 p.m.,0.596418,holoclean_keep
17,act_dep_time,12:13 p.m.,0.711235,holoclean_keep
17,flight,aa-4344-ord-dtw,0.994311,holoclean_keep
17,sched_arr_time,2:00 p.m.,0.949721,holoclean_keep
17,sched_dep_time,11:45 a.m.,0.931581,holoclean_keep
18,act_arr_time,11:06 a.m.,0.551873,holoclean_keep
18,act_dep_time,7:39 a.m.,0.648786,holoclean_keep
18,flight,aa-2525-dfw-mia,0.991791,holoclean_keep
18,sched_arr_time,11:10 a.m.,0.874845,holoclean_keep
18,sched_dep_time,7:25 a.m.,0.976899,holoclean_keep
19,act_arr_time,7:40 a.m.,0.513519,holoclean_keep
19,act_dep_time,6:57 a.m.,0.711235,holoclean_keep
19,flight,aa-404-mia-mco,0.997057,holoclean_keep
19,sched_arr_time,7:45 a.m.,0.951856,holoclean_keep
19,sched_dep_time,6:45 a.m.,0.989272,holoclean_keep
20,act_arr_time,2:27 p.m.,0.711235,holoclean_keep
20,act_dep_time,11:52 a.m.,0.786986,holoclean_keep
20,flight,aa-271-mia-lax,0.995066,holoclean_keep
20,sched_arr_time,2:25 p.m.,0.991699,holoclean_keep
20,sched_dep_time,11:35 a.m.,0.995612,holoclean_keep
21,act_arr_time,2:46 p.m.,0.551873,holoclean_keep
21,act_dep_time,11:05 a.m.,0.551873,holoclean_keep
21,flight,aa-2050-ord-mia,0.984620,holoclean_keep
21,sched_arr_time,2:45 p.m.,0.929363,holoclean_keep
21,sched_dep_time,10:40 a.m.,0.977897,holoclean_keep
22,act_arr_time,3:33 p.m.,0.648786,holoclean_keep
22,act_dep_time,3:36 p.m.,0.880797,holoclean_keep
22,flight,aa-4330-cvg-ord,0.998064,holoclean_keep
22,sched_arr_time,4:00 p.m.,0.918963,holoclean_keep
22,sched_dep_time,3:35 p.m.,0.992094,holoclean_keep
23,act_arr_time,10:36 a.m.,0.648786,holoclean_keep
23,act_dep_time,7:21 a.m.,0.711235,holoclean_keep
23,flight,aa-1434-dfw-mco,0.996970,holoclean_keep
23,sched_arr_time,10:35 a.m.,0.930273,holoclean_keep
23,sched_dep_time,7:15 a.m.,0.996250,holoclean_keep
24,act_arr_time,8:53 p.m.,0.711235,holoclean_keep
24,act_dep_time,6:55 p.m.,0.711235,holoclean_keep
24,flight,aa-4307-ord-dtw,0.998920,holoclean_keep
24,sched_arr_time,9:10 p.m.,0.981613,holoclean_keep
24,sched_dep_time,6:45 p.m.,0.990823,holoclean_keep
25,act_arr_time,3:16 p.m.,0.551873,holoclean_keep
25,act_dep_time,12:11 p.m.,0.711235,holoclean_keep
25,flight,aa-3-jfk-lax,0.988039,holoclean_keep
25,sched_arr_time,3:15 p.m.,0.950608,holoclean_keep
25,sched_dep_time,12:00 p.m.,0.989141,holoclean_keep
26,act_arr_time,7:51 a.m.,0.711235,holoclean_keep
26,act_dep_time,6:56 a.m.,0.711235,holoclean_keep
26,flight,aa-3842-msp-ord,0.984455,holoclean_keep
26,sched_arr_time,7:30 a.m.,0.872857,holoclean_keep
26,sched_dep_time,6:00 a.m.,0.990900,holoclean_keep
27,act_arr_time,9:31 a.m.,0.596418,holoclean_keep
27,act_dep_time,7:30 a.m.,0.711235,holoclean_keep
27,flight,aa-643-mia-ord,0.978831,holoclean_keep
27,sched_arr_time,9:35 a.m.,0.882487,holoclean_keep
27,sched_dep_time,7:10 a.m.,0.995738,holoclean_keep
28,act_arr_time,7:55 p.m.,0.786986,holoclean_keep
28,act_dep_time,5:08 p.m.,0.711235,holoclean_keep
28,flight,aa-1007-mia-phx,0.998293,holoclean_keep
28,sched_arr_time,8:05 p.m.,0.950046,holoclean_keep
28,sched_dep_time,4:55 p.m.,0.927172,holoclean_keep
29,act_arr_time,9:53 p.m.,0.786986,holoclean_keep
29,act_dep_time,8:23 p.m.,0.880797,holoclean_keep
29,flight,aa-1221-mco-ord,0.994678,holoclean_keep
29,sched_arr_time,9:45 p.m.,0.980720,holoclean_keep
29,sched_dep_time,8:00 p.m.,0.990985,holoclean_keep
30,act_arr_time,3:04 p.m.,0.711235,holoclean_keep
30,act_dep_time,11:01 a.m.,0.648786,holoclean_keep
30,flight,aa-400-dfw-jfk,0.985642,holoclean_keep
30,sched_arr_time,2:59 p.m.,0.849950,holoclean_keep
30,sched_dep_time,10:40 a.m.,0.983341,holoclean_keep
31,act_arr_time,12:50 p.m.,0.711235,holoclean_keep
31,act_dep_time,10:54 a.m.,0.711235,holoclean_keep
31,flight,aa-4198-ord-cle,0.985595,holoclean_keep
31,sched_arr_time,12:55 p.m.,0.939006,holoclean_keep
31,sched_dep_time,10:40 a.m.,0.995308,holoclean_keep
32,act_arr_time,5:42 a.m. (estimated runway),0.250000,holoclean
32,act_dep_time,12:10 a.m. (estimated runway),0.333333,holoclean
32,flight,aa-1522-sfo-ord,0.937509,holoclean_keep
32,sched_arr_time,12/02/2011 5:50 a.m.,0.472257,holoclean_keep
32,sched_dep_time,11:55 p.m.,0.993564,holoclean_keep
33,act_arr_time,11:49 p.m.,0.200000,holoclean
33,act_dep_time,9:06 p.m.,0.250000,holoclean
33,flight,aa-3823-lax-den,0.937502,holoclean_keep
33,sched_arr_time,12/02/2011 12:15 a.m.,0.469366,holoclean_keep
33,sched_dep_time,9:00 p.m.,0.957708,holoclean_keep
34,act_arr_time,11:35 p.m.,0.250000,holoclean
34,act_dep_time,8:29 p.m.,0.250000,holoclean
34,flight,aa-2312-dfw-dtw,0.940135,holoclean_keep
34,sched_arr_time,11:50 p.m.,0.970409,holoclean_keep
34,sched_dep_time,8:25 p.m.,0.961088,holoclean_keep
35,act_arr_time,10:04 a.m.,0.450853,holoclean_keep
35,act_dep_time,7:22 a.m.,0.711235,holoclean_keep
35,flight,aa-1165-jfk-mia,0.989956,holoclean_keep
35,sched_arr_time,10:34 a.m.,0.920722,holoclean_keep
35,sched_dep_time,6:59 a.m.,0.981252,holoclean_keep
36,act_arr_time,11:44 a.m.,0.596418,holoclean_keep
36,act_dep_time,8:51 a.m.,0.711235,holoclean_keep
36,flight,aa-431-mia-sfo,0.995533,holoclean_keep
36,sched_arr_time,11:50 a.m.,0.952358,holoclean_keep
36,sched_dep_time,8:35 a.m.,0.989064,holoclean_keep
37,act_arr_time,3:26 p.m.,0.166667,holoclean
37,act_dep_time,11:54 a.m.,0.111111,holoclean
37,flight,aa-649-ord-sna,0.950189,holoclean_keep
37,sched_arr_time,3:50 p.m.,0.973521,holoclean_keep
37,sched_dep_time,1:30 p.m.,0.945833,holoclean_keep
38,act_arr_time,9:11 p.m.,0.200000,holoclean
38,act_dep_time,8:39 p.m.,0.786986,holoclean_keep
38,flight,aa-3063-slc-lax,0.978337,holoclean_keep
38,sched_arr_time,9:20 p.m.,0.879909,holoclean_keep
38,sched_dep_time,8:20 p.m.,0.926301,holoclean_keep
39,act_arr_time,3:43 p.m.,0.880797,holoclean_keep
39,act_dep_time,2:44 p.m.,0.880797,holoclean_keep
39,flight,aa-3804-phl-ord,0.994923,holoclean_keep
39,sched_arr_time,4:05 p.m.,0.991420,holoclean_keep
39,sched_dep_time,2:35 p.m.,0.977560,holoclean_keep
40,act_arr_time,5:43 p.m.,0.596418,holoclean_keep
40,act_dep_time,3:27 p.m.,0.786986,holoclean_keep
40,flight,aa-1917-jfk-mco,0.986161,holoclean_keep
40,sched_arr_time,5:55 p.m.,0.917415,holoclean_keep
40,sched_dep_time,2:55 p.m.,0.992399,holoclean_keep
41,act_arr_time,11:06 a.m.,0.480150,holoclean_keep
41,act_dep_time,7:22 a.m.,0.551873,holoclean_keep
41,flight,aa-2268-phx-ord,0.910132,holoclean_keep
41,sched_arr_time,11:35 a.m.,0.821453,holoclean_keep
41,sched_dep_time,7:15 a.m.,0.950992,holoclean_keep
42,act_arr_time,1:43 p.m.,0.711235,holoclean_keep
42,act_dep_time,12:10 p.m.,0.786986,holoclean_keep
42,flight,aa-4277-cvg-jfk,0.998863,holoclean_keep
42,sched_arr_time,2:15 p.m.,0.982067,holoclean_keep
42,sched_dep_time,12:10 p.m.,0.996993,holoclean_keep
43,act_arr_time,3:13 p.m.,0.513519,holoclean_keep
43,act_dep_time,1:19 p.m.,0.513519,holoclean_keep
43,flight,aa-789-ord-den,0.985003,holoclean_keep
43,sched_arr_time,2:35 p.m.,0.971871,holoclean_keep
43,sched_dep_time,1:05 p.m.,0.963129,holoclean_keep
44,act_arr_time,10:16 a.m.,0.711235,holoclean_keep
44,act_dep_time,8:56 a.m.,0.711235,holoclean_keep
44,flight,aa-415-bos-ord,0.995142,holoclean_keep
44,sched_arr_time,10:40 a.m.,0.889106,holoclean_keep
44,sched_dep_time,8:35 a.m.,0.982938,holoclean_keep
45,act_arr_time,6:43 p.m.,0.551873,holoclean_keep
45,act_dep_time,3:36 p.m.,0.711235,holoclean_keep
45,flight,aa-85-jfk-sfo,0.992042,holoclean_keep
45,sched_arr_time,6:30 p.m.,0.968269,holoclean_keep
45,sched_dep_time,3:05 p.m.,0.989165,holoclean_keep
46,act_arr_time,4:56 p.m.,0.786986,holoclean_keep
46,act_dep_time,11:40 a.m.,0.711235,holoclean_keep
46,flight,aa-1544-san-ord,0.994898,holoclean_keep
46,sched_arr_time,5:25 p.m.,0.901439,holoclean_keep
46,sched_dep_time,11:25 a.m.,0.912194,holoclean_keep
47,act_arr_time,6:15 p.m.,0.648786,holoclean_keep
47,act_dep_time,4:12 p.m.,0.711235,holoclean_keep
47,flight,aa-3786-iah-ord,0.986380,holoclean_keep
47,sched_arr_time,6:40 p.m.,0.925702,holoclean_keep
47,sched_dep_time,4:00 p.m.,0.985082,holoclean_keep
48,act_arr_time,3:14 p.m.,0.513519,holoclean_keep
48,act_dep_time,7:31 a.m.,0.648786,holoclean_keep
48,flight,aa-222-lax-bos,0.950391,holoclean_keep
48,sched_arr_time,3:30 p.m.,0.900020,holoclean_keep
48,sched_dep_time,7:10 a.m.,0.987405,holoclean_keep
49,act_arr_time,6:19 a.m.,0.480150,holoclean_keep
49,act_dep_time,6:10 a.m.,0.711235,holoclean_keep
49,flight,aa-3809-phx-lax,0.977432,holoclean_keep
49,sched_arr_time,6:40 a.m.,0.885752,holoclean_keep
49,sched_dep_time,6:00 a.m.,0.996461,holoclean_keep
50,act_arr_time,11:12 a.m.,0.551873,holoclean_keep
50,act_dep_time,7:39 a.m.,0.711235,holoclean_keep
50,flight,aa-59-jfk-sfo,0.972759,holoclean_keep
50,sched_arr_time,10:45 a.m.,0.853773,holoclean_keep
50,sched_dep_time,7:10 a.m.,0.988979,holoclean_keep
51,act_arr_time,9:22 a.m.,0.786986,holoclean_keep
51,act_dep_time,7:16 a.m.,0.786986,holoclean_keep
51,flight,aa-3859-iah-ord,0.949527,holoclean_keep
51,sched_arr_time,9:40 a.m.,0.711042,holoclean
51,sched_dep_time,7:10 a.m.,0.915358,holoclean
52,act_arr_time,10:02 p.m.,0.142857,holoclean
52,act_dep_time,7:14 p.m.,0.250000,holoclean
52,flight,co-1586-iah-mco,0.980841,holoclean_keep
52,sched_arr_time,10:15 p.m.,0.894806,holoclean_keep
52,sched_dep_time,7:00 p.m.,0.979534,holoclean_keep
53,act_arr_time,9:14 a.m.,0.648786,holoclean_keep
53,act_dep_time,6:54 a.m.,0.711235,holoclean_keep
53,flight,aa-518-mia-jfk,0.960217,holoclean_keep
53,sched_arr_time,9:25 a.m.,0.512251,holoclean
53,sched_dep_time,6:40 a.m.,0.763279,holoclean
54,act_arr_time,11:30 a.m.,0.648786,holoclean_keep
54,act_dep_time,8:48 a.m.,0.648786,holoclean_keep
54,flight,ua-397-jfk-sfo,0.941216,holoclean_keep
54,sched_arr_time,11:55 a.m.,0.608916,holoclean
54,sched_dep_time,8:00 a.m.,0.651606,holoclean
55,act_arr_time,9:29 a.m.,0.648786,holoclean_keep
55,act_dep_time,9:00 a.m.,0.596418,holoclean_keep
55,flight,ua-3925-iad-orf,0.922456,holoclean_keep
55,sched_arr_time,9:54 a.m.,0.200604,holoclean
55,sched_dep_time,8:41 a.m.,0.316097,holoclean
56,act_arr_time,10:31 p.m.,0.648786,holoclean_keep
56,act_dep_time,7:59 p.m.,0.786986,holoclean_keep
56,flight,aa-1733-ord-phx,0.939568,holoclean_keep
56,sched_arr_time,10:30 p.m.,0.643855,holoclean
56,sched_dep_time,7:45 p.m.,0.881886,holoclean
57,act_arr_time,5:14 p.m.,0.786986,holoclean_keep
57,act_dep_time,3:50 p.m.,0.711235,holoclean_keep
57,flight,ua-2830-mco-clt,0.949802,holoclean_keep
57,sched_arr_time,5:05 p.m.,0.456797,holoclean
57,sched_dep_time,3:27 p.m.,0.516787,holoclean
58,act_arr_time,3:25 p.m.,0.500000,holoclean
58,act_dep_time,11:32 a.m.,0.333333,holoclean
58,flight,co-58-den-iah,0.977491,holoclean_keep
58,sched_arr_time,2:50 p.m.,0.954735,holoclean_keep
58,sched_dep_time,11:25 a.m.,0.982157,holoclean_keep
59,act_arr_time,4:54 p.m.,0.786986,holoclean_keep
59,act_dep_time,11:41 a.m.,0.711235,holoclean_keep
59,flight,aa-1544-san-ord,0.956524,holoclean_keep
59,sched_arr_time,5:25 p.m.,0.629629,holoclean
59,sched_dep_time,11:25 a.m.,0.414376,holoclean
60,act_arr_time,11:11 a.m.,0.711235,holoclean_keep
60,act_dep_time,10:53 a.m.,0.880797,holoclean_keep
60,flight,ua-5487-sfo-mry,0.958035,holoclean_keep
60,sched_arr_time,11:19 a.m.,0.500000,holoclean
60,sched_dep_time,10:39 a.m.,0.500000,holoclean
61,act_arr_time,12/2/11 6:35 a.m.,0.551873,holoclean_keep
61,act_dep_time,11:29 p.m.,0.648786,holoclean_keep
61,flight,aa-204-lax-mco,0.940901,holoclean_keep
61,sched_arr_time,6:55 a.m. dec 02,0.137906,holoclean
61,sched_dep_time,11:25 p.m.,0.487674,holoclean
62,act_arr_time,7:04 a.m.,0.596418,holoclean_keep
62,act_dep_time,6:10 a.m.,0.711235,holoclean_keep
62,flight,ua-414-lax-sfo,0.975229,holoclean_keep
62,sched_arr_time,7:23 a.m.,0.261804,holoclean
62,sched_dep_time,6:00 a.m.,0.441965,holoclean
63,act_arr_time,5:23 a.m.,0.250000,holoclean
63,act_dep_time,12:41 a.m.,0.250000,holoclean
63,flight,co-1614-lax-iah,0.930423,holoclean_keep
63,sched_arr_time,5:35 a.m.,0.956018,holoclean_keep
63,sched_dep_time,12:30 a.m.,0.982626,holoclean_keep
64,act_arr_time,6:25 p.m.,0.711235,holoclean_keep
64,act_dep_time,4:10 p.m.,0.711235,holoclean_keep
64,flight,ua-2726-fll-phl,0.947643,holoclean_keep
64,sched_arr_time,6:46 p.m.,0.889431,holoclean
64,sched_dep_time,4:00 p.m.,0.603385,holoclean
65,act_arr_time,9:08 a.m.,0.333333,holoclean
65,act_dep_time,7:29 a.m.,0.500000,holoclean
65,flight,co-52-iah-lax,0.979930,holoclean_keep
65,sched_arr_time,9:21 a.m.,0.824951,holoclean_keep
65,sched_dep_time,7:35 a.m.,0.983855,holoclean_keep
66,act_arr_time,1:09 p.m.,0.500000,holoclean
66,act_dep_time,10:19 a.m.,0.333333,holoclean
66,flight,co-1090-bos-iah,0.936147,holoclean_keep
66,sched_arr_time,1:16 p.m.,0.839661,holoclean_keep
66,sched_dep_time,9:45 a.m.,0.975653,holoclean_keep
67,act_arr_time,1:11 p.m.,0.711235,holoclean_keep
67,act_dep_time,10:11 a.m.,0.648786,holoclean_keep
67,flight,aa-616-dfw-dtw,0.976655,holoclean_keep
67,sched_arr_time,12:35 p.m.,0.823551,holoclean
67,sched_dep_time,9:05 a.m.,0.896475,holoclean
68,act_arr_time,9:56 a.m.,0.711235,holoclean_keep
68,act_dep_time,8:26 a.m.,0.648786,holoclean_keep
68,flight,ua-3515-iad-msp,0.963677,holoclean_keep
68,sched_arr_time,10:06 a.m.,0.274197,holoclean
68,sched_dep_time,8:15 a.m.,0.274232,holoclean
69,act_arr_time,9:29 a.m.,0.711235,holoclean_keep
69,act_dep_time,7:25 a.m.,0.648786,holoclean_keep
69,flight,aa-3468-cvg-mia,0.939627,holoclean_keep
69,sched_arr_time,9:55 a.m.,0.490773,holoclean
69,sched_dep_time,7:00 a.m.,0.728292,holoclean
70,act_arr_time,7:37 p.m.,0.711235,holoclean_keep
70,act_dep_time,4:29 p.m.,0.786986,holoclean_keep
70,flight,aa-484-dfw-mia,0.946229,holoclean_keep
70,sched_arr_time,7:55 p.m.,0.587062,holoclean
70,sched_dep_time,4:15 p.m.,0.536625,holoclean
71,act_arr_time,1:36 p.m.,0.711235,holoclean_keep
71,act_dep_time,10:54 a.m.,0.711235,holoclean_keep
71,flight,aa-1886-bos-mia,0.970024,holoclean_keep
71,sched_arr_time,2:20 p.m.,0.582875,holoclean
71,sched_dep_time,10:45 a.m.,0.414788,holoclean
72,act_arr_time,6:59 p.m.,0.333333,holoclean
72,act_dep_time,2:48 p.m.,0.333333,holoclean
72,flight,co-62-iah-ewr,0.839919,holoclean_keep
72,sched_arr_time,7:03 p.m.,0.918764,holoclean_keep
72,sched_dep_time,2:30 p.m.,0.934222,holoclean_keep
73,act_arr_time,11:04 a.m.,0.142857,holoclean
73,act_dep_time,7:10 a.m.,0.142857,holoclean
73,flight,co-1561-phx-iah,0.949688,holoclean_keep
73,sched_arr_time,11:35 a.m.,0.956871,holoclean_keep
73,sched_dep_time,8:05 a.m.,0.891391,holoclean_keep
74,act_arr_time,4:43 p.m.,0.551873,holoclean_keep
74,act_dep_time,3:04 p.m.,0.711235,holoclean_keep
74,flight,ua-2314-atl-phl,0.955355,holoclean_keep
74,sched_arr_time,5:00 p.m.,0.266468,holoclean
74,sched_dep_time,2:55 p.m.,0.295065,holoclean
75,act_arr_time,4:08 p.m.,0.711235,holoclean_keep
75,act_dep_time,12:13 p.m.,0.711235,holoclean_keep
75,flight,aa-446-dfw-phl,0.968958,holoclean_keep
75,sched_arr_time,3:50 p.m.,0.632170,holoclean
75,sched_dep_time,11:50 a.m.,0.722324,holoclean
76,act_arr_time,1:06 p.m.,0.250000,holoclean
76,act_dep_time,11:56 a.m.,0.250000,holoclean
76,flight,co-1023-iah-den,0.935492,holoclean_keep
76,sched_arr_time,1:17 p.m.,0.948229,holoclean_keep
76,sched_dep_time,11:40 a.m.,0.965371,holoclean_keep
77,act_arr_time,8:50 a.m.,0.551873,holoclean_keep
77,act_dep_time,6:09 a.m.,0.711235,holoclean_keep
77,flight,aa-466-iah-mia,0.980628,holoclean_keep
77,sched_arr_time,9:20 a.m.,0.441694,holoclean
77,sched_dep_time,6:00 a.m.,0.747197,holoclean
78,act_arr_time,5:00 p.m.,0.648786,holoclean_keep
78,act_dep_time,11:45 a.m.,0.648786,holoclean_keep
78,flight,ua-3050-phx-clt,0.941971,holoclean_keep
78,sched_arr_time,4:57 p.m.,0.794419,holoclean
78,sched_dep_time,11:05 a.m.,0.870023,holoclean
79,act_arr_time,10:18 a.m.,0.333333,holoclean
79,act_dep_time,6:02 a.m.,0.333333,holoclean
79,flight,co-89-iah-ewr,0.856302,holoclean_keep
79,sched_arr_time,10:20 a.m.,0.657401,holoclean_keep
79,sched_dep_time,6:00 a.m.,0.985840,holoclean_keep
80,act_arr_time,10:47 a.m.,0.333333,holoclean
80,act_dep_time,8:40 a.m.,0.333333,holoclean
80,flight,co-1088-cle-iah,0.934203,holoclean_keep
80,sched_arr_time,10:54 a.m.,0.958482,holoclean_keep
80,sched_dep_time,8:40 a.m.,0.983855,holoclean_keep
81,act_arr_time,11:50 a.m.,0.711235,holoclean_keep
81,act_dep_time,10:19 a.m.,0.711235,holoclean_keep
81,flight,aa-1664-mia-atl,0.976011,holoclean_keep
81,sched_arr_time,12:10 p.m.,0.757101,holoclean
81,sched_dep_time,10:15 a.m.,0.803619,holoclean
82,act_arr_time,3:13 p.m.,0.711235,holoclean_keep
82,act_dep_time,2:03 p.m.,0.648786,holoclean_keep
82,flight,aa-1279-dfw-phx,0.957551,holoclean_keep
82,sched_arr_time,2:35 p.m.,0.857510,holoclean
82,sched_dep_time,1:00 p.m.,0.860730,holoclean
83,act_arr_time,1:23 p.m.,0.786986,holoclean_keep
83,act_dep_time,8:07 a.m.,0.786986,holoclean_keep
83,flight,ua-854-sfo-iah,0.954349,holoclean_keep
83,sched_arr_time,1:39 p.m.,0.660220,holoclean
83,sched_dep_time,7:53 a.m.,0.458149,holoclean
84,act_arr_time,3:09 p.m.,0.711235,holoclean_keep
84,act_dep_time,12:56 p.m.,0.551873,holoclean_keep
84,flight,ua-382-iad-lax,0.965140,holoclean_keep
84,sched_arr_time,3:30 p.m.,0.221194,holoclean
84,sched_dep_time,12:30 p.m.,0.359153,holoclean
85,act_arr_time,1:55 p.m.,0.786986,holoclean_keep
85,act_dep_time,12:14 p.m.,0.711235,holoclean_keep
85,flight,aa-4344-ord-dtw,0.954597,holoclean_keep
85,sched_arr_time,2:00 p.m.,0.256227,holoclean
85,sched_dep_time,11:45 a.m.,0.603346,holoclean
86,act_arr_time,5:22 p.m.,0.711235,holoclean_keep
86,act_dep_time,2:43 p.m.,0.711235,holoclean_keep
86,flight,ua-257-jfk-sfo,0.937378,holoclean_keep
86,sched_arr_time,6:15 p.m.,0.639088,holoclean
86,sched_dep_time,2:30 p.m.,0.688816,holoclean
87,act_arr_time,1:11 p.m.,0.648786,holoclean_keep
87,act_dep_time,12:07 p.m.,0.513519,holoclean_keep
87,flight,ua-2945-phl-clt,0.945727,holoclean_keep
87,sched_arr_time,1:45 p.m.,0.497213,holoclean
87,sched_dep_time,12:00 p.m.,0.603438,holoclean
88,act_arr_time,7:43 p.m.,0.333333,holoclean
88,act_dep_time,5:22 p.m.,0.500000,holoclean
88,flight,co-63-ewr-iah,0.935612,holoclean_keep
88,sched_arr_time,8:22 p.m.,0.931814,holoclean_keep
88,sched_dep_time,5:25 p.m.,0.928218,holoclean_keep
89,act_arr_time,8:46 p.m.,0.200000,holoclean
89,act_dep_time,7:27 p.m.,0.333333,holoclean
89,flight,co-47-iah-lax,0.933213,holoclean_keep
89,sched_arr_time,8:56 p.m.,0.872277,holoclean_keep
89,sched_dep_time,7:10 p.m.,0.979083,holoclean_keep
90,act_arr_time,2:39 p.m.,0.648786,holoclean_keep
90,act_dep_time,11:06 a.m.,0.711235,holoclean_keep
90,flight,aa-2050-ord-mia,0.937975,holoclean_keep
90,sched_arr_time,2:45 p.m.,0.627749,holoclean
90,sched_dep_time,10:40 a.m.,0.889654,holoclean
91,act_arr_time,5:24 p.m.,0.880797,holoclean_keep
91,act_dep_time,1:43 p.m.,0.786986,holoclean_keep
91,flight,ua-248-phx-ord,0.955531,holoclean_keep
91,sched_arr_time,5:15 p.m.,0.373050,holoclean
91,sched_dep_time,12:57 p.m.,0.464309,holoclean
92,act_arr_time,3:25 p.m.,0.333333,holoclean
92,act_dep_time,3:27 p.m.,0.500000,holoclean
92,flight,aa-4330-cvg-ord,0.935684,holoclean_keep
92,sched_arr_time,4:00 p.m.,0.942023,holoclean_keep
92,sched_dep_time,3:35 p.m.,0.933522,holoclean_keep
93,act_arr_time,10:34 a.m.,0.480150,holoclean_keep
93,act_dep_time,7:22 a.m.,0.711235,holoclean_keep
93,flight,aa-1434-dfw-mco,0.915039,holoclean_keep
93,sched_arr_time,10:35 a.m.,0.300101,holoclean
93,sched_dep_time,7:15 a.m.,0.632708,holoclean
94,act_arr_time,7:25 p.m.,0.648786,holoclean_keep
94,act_dep_time,6:47 p.m.,0.711235,holoclean_keep
94,flight,aa-1640-mia-mco,0.937997,holoclean_keep
94,sched_arr_time,7:25 p.m.,0.539611,holoclean
94,sched_dep_time,6:30 p.m.,0.569692,holoclean
95,act_arr_time,8:38 p.m.,0.711235,holoclean_keep
95,act_dep_time,6:56 p.m.,0.786986,holoclean_keep
95,flight,aa-4307-ord-dtw,0.985300,holoclean_keep
95,sched_arr_time,9:10 p.m.,0.469254,holoclean
95,sched_dep_time,6:45 p.m.,0.784725,holoclean
96,act_arr_time,3:04 p.m.,0.648786,holoclean_keep
96,act_dep_time,12:12 p.m.,0.513519,holoclean_keep
96,flight,aa-3-jfk-lax,0.871559,holoclean_keep
96,sched_arr_time,3:15 p.m.,0.476768,holoclean
96,sched_dep_time,12:00 p.m.,0.538859,holoclean
97,act_arr_time,12:02 a.m.,0.200000,holoclean
97,act_dep_time,7:15 p.m.,0.200000,holoclean
97,flight,co-1694-lax-iah,0.942280,holoclean_keep
97,sched_arr_time,12/2/11 12:21 a.m.,0.549950,holoclean_keep
98,act_arr_time,7:20 p.m.,0.551873,holoclean_keep
98,act_dep_time,2:04 p.m.,0.711235,holoclean_keep
98,flight,ua-843-lax-ord,0.939347,holoclean_keep
98,sched_arr_time,7:53 p.m.,0.250844,holoclean
98,sched_dep_time,1:55 p.m.,0.248137,holoclean
99,act_arr_time,12:02 p.m.,0.333333,holoclean
99,act_dep_time,9:14 a.m.,0.200000,holoclean
99,flight,co-1193-ewr-mco,0.936602,holoclean_keep
99,sched_arr_time,12:18 p.m.,0.955469,holoclean_keep
99,sched_dep_time,9:15 a.m.,0.994641,holoclean_keep
100,act_arr_time,7:49 a.m.,0.648786,holoclean_keep
100,act_dep_time,6:57 a.m.,0.711235,holoclean_keep
100,flight,aa-3842-msp-ord,0.964476,holoclean_keep
100,sched_arr_time,7:30 a.m.,0.374737,holoclean
100,sched_dep_time,6:00 a.m.,0.748748,holoclean
101,act_arr_time,9:26 a.m.,0.551873,holoclean_keep
101,act_dep_time,7:31 a.m.,0.711235,holoclean_keep
101,flight,aa-643-mia-ord,0.942809,holoclean_keep
101,sched_arr_time,9:35 a.m.,0.430888,holoclean
101,sched_dep_time,7:10 a.m.,0.880805,holoclean
102,act_arr_time,7:43 p.m.,0.786986,holoclean_keep
102,act_dep_time,5:09 p.m.,0.711235,holoclean_keep
102,flight,aa-1007-mia-phx,0.983047,holoclean_keep
102,sched_arr_time,8:05 p.m.,0.351456,holoclean
102,sched_dep_time,4:55 p.m.,0.678250,holoclean
103,act_arr_time,10:43 a.m.,0.551873,holoclean_keep
103,act_dep_time,7:39 a.m.,0.648786,holoclean_keep
103,flight,aa-2525-dfw-mia,0.912664,holoclean_keep
103,sched_arr_time,11:10 a.m.,0.312875,holoclean
103,sched_dep_time,7:25 a.m.,0.718487,holoclean
104,act_arr_time,6:28 p.m.,0.596418,holoclean_keep
104,act_dep_time,4:44 p.m.,0.513519,holoclean_keep
104,flight,ua-2906-phl-mco,0.934562,holoclean_keep
104,sched_arr_time,6:23 p.m.,0.552652,holoclean
104,sched_dep_time,3:50 p.m.,0.854709,holoclean
105,act_arr_time,7:23 p.m.,0.786986,holoclean_keep
105,act_dep_time,4:37 p.m.,0.786986,holoclean_keep
105,flight,ua-938-den-ord,0.953282,holoclean_keep
105,sched_arr_time,7:35 p.m.,0.602872,holoclean
105,sched_dep_time,4:16 p.m.,0.651868,holoclean
106,act_arr_time,9:47 p.m.,0.786986,holoclean_keep
106,act_dep_time,8:23 p.m.,0.880797,holoclean_keep
106,flight,aa-1221-mco-ord,0.946435,holoclean_keep
106,sched_arr_time,9:45 p.m.,0.609817,holoclean
106,sched_dep_time,8:00 p.m.,0.766074,holoclean
107,act_arr_time,6:13 p.m.,0.500000,holoclean
107,act_dep_time,10:20 a.m.,0.333333,holoclean
107,flight,co-16-lax-ewr,0.939082,holoclean_keep
107,sched_arr_time,6:44 p.m.,0.839661,holoclean_keep
107,sched_dep_time,10:25 a.m.,0.983984,holoclean_keep
108,act_arr_time,10:43 a.m.,0.596418,holoclean_keep
108,act_dep_time,7:30 a.m.,0.513519,holoclean_keep
108,flight,ua-2515-dfw-clt,0.846006,holoclean_keep
108,sched_arr_time,10:31 a.m.,0.289850,holoclean
108,sched_dep_time,7:05 a.m.,0.320792,holoclean
109,act_arr_time,2:58 p.m.,0.711235,holoclean_keep
109,act_dep_time,11:02 a.m.,0.711235,holoclean_keep
109,flight,aa-400-dfw-jfk,0.948789,holoclean_keep
109,sched_arr_time,2:59 p.m.,0.705248,holoclean
109,sched_dep_time,10:40 a.m.,0.867544,holoclean
110,act_arr_time,4:20 p.m.,0.648786,holoclean_keep
110,act_dep_time,1:48 p.m.,0.711235,holoclean_keep
110,flight,ua-664-ord-phl,0.948649,holoclean_keep
110,sched_arr_time,4:31 p.m.,0.404166,holoclean
110,sched_dep_time,1:33 p.m.,0.671578,holoclean
111,act_arr_time,2:50 p.m.,0.786986,holoclean_keep
111,act_dep_time,12:42 p.m.,0.786986,holoclean_keep
111,flight,aa-3756-ord-slc,0.948675,holoclean_keep
111,sched_arr_time,2:45 p.m.,0.895710,holoclean
111,sched_dep_time,12:15 p.m.,0.601563,holoclean
112,act_arr_time,4:05 p.m.,0.333333,holoclean
112,act_dep_time,1:48 p.m.,0.250000,holoclean
112,flight,ua-37-ewr-mco,0.936837,holoclean_keep
112,sched_arr_time,4:17 p.m.,0.946554,holoclean_keep
112,sched_dep_time,1:29 p.m.,0.928217,holoclean_keep
113,act_arr_time,5:52 a.m.,0.711235,holoclean_keep
113,act_dep_time,12:11 a.m.,0.786986,holoclean_keep
113,flight,aa-1522-sfo-ord,0.945793,holoclean_keep
113,sched_arr_time,5:50 a.m.,0.164882,holoclean
113,sched_dep_time,11:55 p.m.,0.875891,holoclean
114,act_arr_time,12/2/11 12:01 a.m.,0.551873,holoclean_keep
114,act_dep_time,4:28 p.m.,0.596418,holoclean_keep
114,flight,ua-233-lax-jfk,0.938296,holoclean_keep
114,sched_arr_time,12:29 a.m.,0.153171,holoclean
114,sched_dep_time,4:25 p.m.,0.888007,holoclean
115,act_arr_time,11:49 p.m.,0.648786,holoclean_keep
115,act_dep_time,9:06 p.m.,0.711235,holoclean_keep
115,flight,aa-3823-lax-den,0.943997,holoclean_keep
115,sched_arr_time,12:15 a.m.,0.150303,holoclean
115,sched_dep_time,9:00 p.m.,0.491285,holoclean
116,act_arr_time,11:35 p.m.,0.711235,holoclean_keep
116,act_dep_time,8:29 p.m.,0.711235,holoclean_keep
116,flight,aa-2312-dfw-dtw,0.942953,holoclean_keep
116,sched_arr_time,11:50 p.m.,0.671716,holoclean
116,sched_dep_time,8:25 p.m.,0.584386,holoclean
117,act_arr_time,9:45 a.m.,0.513519,holoclean_keep
117,act_dep_time,7:23 a.m.,0.596418,holoclean_keep
117,flight,aa-1165-jfk-mia,0.842831,holoclean_keep
117,sched_arr_time,10:34 a.m.,0.265765,holoclean
117,sched_dep_time,6:59 a.m.,0.554846,holoclean
118,act_arr_time,11:33 a.m.,0.596418,holoclean_keep
118,act_dep_time,8:52 a.m.,0.711235,holoclean_keep
118,flight,aa-431-mia-sfo,0.974894,holoclean_keep
118,sched_arr_time,11:50 a.m.,0.490726,holoclean
118,sched_dep_time,8:35 a.m.,0.735572,holoclean
119,act_arr_time,9:13 a.m.,0.880797,holoclean_keep
119,act_dep_time,8:37 a.m.,0.786986,holoclean_keep
119,flight,ua-3373-iad-phl,0.956030,holoclean_keep
119,sched_arr_time,9:24 a.m.,0.691850,holoclean
119,sched_dep_time,8:29 a.m.,0.676202,holoclean
120,act_arr_time,3:29 p.m.,0.711235,holoclean_keep
120,act_dep_time,1:41 p.m.,0.711235,holoclean_keep
120,flight,aa-649-ord-sna,0.948335,holoclean_keep
120,sched_arr_time,3:50 p.m.,0.795098,holoclean
120,sched_dep_time,1:30 p.m.,0.497172,holoclean
121,act_arr_time,4:55 p.m.,0.500000,holoclean
121,act_dep_time,3:01 p.m.,0.500000,holoclean
121,flight,co-1250-mia-iah,0.937872,holoclean_keep
121,sched_arr_time,4:48 p.m.,0.834084,holoclean_keep
121,sched_dep_time,2:53 p.m.,0.931038,holoclean_keep
122,act_arr_time,8:33 a.m.,0.711235,holoclean_keep
122,act_dep_time,7:41 a.m.,0.786986,holoclean_keep
122,flight,ua-6273-yyc-sfo,0.955415,holoclean_keep
122,sched_arr_time,9:43 a.m.,0.356959,holoclean
122,sched_dep_time,7:35 a.m.,0.365588,holoclean
123,act_arr_time,5:21 a.m.,0.333333,holoclean
123,act_dep_time,11/30/2011 11:34 p.m.,0.333333,holoclean
123,flight,ua-828-sfo-ord,0.945962,holoclean_keep
123,sched_arr_time,12/2/11 5:11 a.m.,0.591168,holoclean_keep
123,sched_dep_time,11:08 p.m.,0.995557,holoclean_keep
124,act_arr_time,6:19 p.m.,0.551873,holoclean_keep
124,act_dep_time,5:38 p.m.,0.711235,holoclean_keep
124,flight,co-4888-iah-dal,0.922286,holoclean_keep
124,sched_arr_time,6:40 p.m.,0.442096,holoclean
124,sched_dep_time,5:30 p.m.,0.887010,holoclean
125,act_arr_time,7:50 a.m.,0.711235,holoclean_keep
125,act_dep_time,1:50 p.m. (+8:00),0.648786,holoclean_keep
125,flight,ua-858-pvg-sfo,0.957336,holoclean_keep
125,sched_arr_time,8:27 a.m.,0.377986,holoclean
125,sched_dep_time,1:45 p.m.,0.598090,holoclean
126,act_arr_time,1:52 p.m.,0.648786,holoclean_keep
126,act_dep_time,11:47 a.m.,0.711235,holoclean_keep
126,flight,ua-2704-dtw-phx,0.989965,holoclean_keep
126,sched_arr_time,1:40 p.m.,0.628494,holoclean
126,sched_dep_time,11:15 a.m.,0.441332,holoclean
127,act_arr_time,9:12 p.m.,0.648786,holoclean_keep
127,act_dep_time,8:40 p.m.,0.786986,holoclean_keep
127,flight,aa-3063-slc-lax,0.951980,holoclean_keep
127,sched_arr_time,9:20 p.m.,0.414978,holoclean
127,sched_dep_time,8:20 p.m.,0.333075,holoclean
128,act_arr_time,4:22 p.m.,0.551873,holoclean_keep
128,act_dep_time,3:04 p.m.,0.711235,holoclean_keep
128,flight,ua-2708-ewr-clt,0.970937,holoclean_keep
128,sched_arr_time,4:53 p.m.,0.242266,holoclean
128,sched_dep_time,2:55 p.m.,0.258546,holoclean
129,act_arr_time,6:59 p.m.,0.333333,holoclean
129,act_dep_time,2:48 p.m.,0.333333,holoclean
129,flight,ua-62-iah-ewr,0.822976,holoclean_keep
129,sched_arr_time,7:03 p.m.,0.915703,holoclean_keep
129,sched_dep_time,2:30 p.m.,0.931544,holoclean_keep
130,act_arr_time,11:45 a.m.,0.250000,holoclean
130,act_dep_time,9:16 a.m.,0.250000,holoclean
130,flight,ua-1500-iah-gua,0.939078,holoclean_keep
130,sched_arr_time,11:45 a.m.,0.942444,holoclean_keep
130,sched_dep_time,8:55 a.m.,0.975472,holoclean_keep
131,act_arr_time,3:36 p.m.,0.880797,holoclean_keep
131,act_dep_time,2:44 p.m.,0.880797,holoclean_keep
131,flight,aa-3804-phl-ord,0.941508,holoclean_keep
131,sched_arr_time,4:05 p.m.,0.856746,holoclean
131,sched_dep_time,2:35 p.m.,0.603299,holoclean
132,act_arr_time,5:39 p.m.,0.648786,holoclean_keep
132,act_dep_time,3:28 p.m.,0.786986,holoclean_keep
132,flight,aa-1917-jfk-mco,0.967303,holoclean_keep
132,sched_arr_time,5:55 p.m.,0.497238,holoclean
132,sched_dep_time,2:55 p.m.,0.900542,holoclean
133,act_arr_time,11:04 a.m.,0.513519,holoclean_keep
133,act_dep_time,7:22 a.m.,0.711235,holoclean_keep
133,flight,aa-2268-phx-ord,0.910717,holoclean_keep
133,sched_arr_time,11:35 a.m.,0.369019,holoclean
133,sched_dep_time,7:15 a.m.,0.683509,holoclean
134,act_arr_time,1:42 p.m.,0.711235,holoclean_keep
134,act_dep_time,12:11 p.m.,0.786986,holoclean_keep
134,flight,aa-4277-cvg-jfk,0.972286,holoclean_keep
134,sched_arr_time,2:15 p.m.,0.610261,holoclean
134,sched_dep_time,12:10 p.m.,0.900157,holoclean
135,act_arr_time,10:58 a.m.,0.551873,holoclean_keep
135,act_dep_time,8:04 a.m.,0.711235,holoclean_keep
135,flight,aa-2957-dfw-cvg,0.941773,holoclean_keep
135,sched_arr_time,11:05 a.m.,0.404621,holoclean
135,sched_dep_time,7:55 a.m.,0.752705,holoclean
136,act_arr_time,12:00 p.m.,0.333333,holoclean
136,act_dep_time,8:52 a.m.,0.250000,holoclean
136,flight,ua-37-edi-ewr,0.937212,holoclean_keep
136,sched_arr_time,11:53 a.m.,0.954784,holoclean_keep
136,sched_dep_time,9:05 a.m. (-00:00),0.802508,holoclean_keep
137,act_arr_time,2:49 p.m.,0.786986,holoclean_keep
137,act_dep_time,1:20 p.m.,0.786986,holoclean_keep
137,flight,aa-789-ord-den,0.942363,holoclean_keep
137,sched_arr_time,2:35 p.m.,0.772280,holoclean
137,sched_dep_time,1:05 p.m.,0.560488,holoclean
138,act_arr_time,10:12 a.m.,0.711235,holoclean_keep
138,act_dep_time,8:55 a.m.,0.711235,holoclean_keep
138,flight,aa-415-bos-ord,0.954496,holoclean_keep
138,sched_arr_time,10:40 a.m.,0.610201,holoclean
138,sched_dep_time,8:35 a.m.,0.635622,holoclean
139,act_arr_time,6:30 p.m.,0.786986,holoclean_keep
139,act_dep_time,3:38 p.m.,0.786986,holoclean_keep
139,flight,aa-85-jfk-sfo,0.938288,holoclean_keep
139,sched_arr_time,6:30 p.m.,0.742965,holoclean
139,sched_dep_time,3:05 p.m.,0.572569,holoclean
140,act_arr_time,7:59 a.m.,0.596418,holoclean_keep
140,act_dep_time,8:04 a.m.,0.786986,holoclean_keep
140,flight,aa-3979-cvg-ord,0.978744,holoclean_keep
140,sched_arr_time,8:00 a.m.,0.477738,holoclean
140,sched_dep_time,7:30 a.m.,0.745990,holoclean
141,act_arr_time,6:11 p.m.,0.786986,holoclean_keep
141,act_dep_time,4:12 p.m.,0.880797,holoclean_keep
141,flight,aa-3786-iah-ord,0.941571,holoclean_keep
141,sched_arr_time,6:40 p.m.,0.594657,holoclean
141,sched_dep_time,4:00 p.m.,0.915596,holoclean
142,act_arr_time,2:21 p.m.,0.711235,holoclean_keep
142,act_dep_time,11:52 a.m.,0.786986,holoclean_keep
142,flight,aa-271-mia-lax,0.944318,holoclean_keep
142,sched_arr_time,2:25 p.m.,0.771334,holoclean
142,sched_dep_time,11:35 a.m.,0.893987,holoclean
143,act_arr_time,5:09 p.m.,0.500000,holoclean
143,act_dep_time,3:31 p.m.,0.500000,holoclean
143,flight,co-50-cle-ewr,0.892940,holoclean_keep
143,sched_arr_time,4:49 p.m.,0.811312,holoclean_keep
143,sched_dep_time,2:55 p.m.,0.928222,holoclean_keep
144,act_arr_time,5:34 p.m.,0.648786,holoclean_keep
144,act_dep_time,11:55 a.m.,0.513519,holoclean_keep
144,flight,ua-3099-phx-phl,0.905977,holoclean_keep
144,sched_arr_time,6:17 p.m.,0.517334,holoclean
144,sched_dep_time,11:55 a.m.,0.645144,holoclean
145,act_arr_time,12:37 p.m.,0.596418,holoclean_keep
145,act_dep_time,10:55 a.m.,0.711235,holoclean_keep
145,flight,aa-4198-ord-cle,0.948799,holoclean_keep
145,sched_arr_time,12:55 p.m.,0.606750,holoclean
145,sched_dep_time,10:40 a.m.,0.763290,holoclean
146,act_arr_time,7:37 a.m.,0.596418,holoclean_keep
146,act_dep_time,6:58 a.m.,0.711235,holoclean_keep
146,flight,aa-404-mia-mco,0.943407,holoclean_keep
146,sched_arr_time,7:45 a.m.,0.506770,holoclean
146,sched_dep_time,6:45 a.m.,0.849720,holoclean
147,act_arr_time,6:33 p.m.,0.500000,holoclean
147,act_dep_time,3:58 p.m.,0.333333,holoclean
147,flight,co-45-ewr-mia,0.947694,holoclean_keep
147,sched_arr_time,7:05 p.m.,0.864264,holoclean_keep
148,act_arr_time,6:15 a.m.,0.596418,holoclean_keep
148,act_dep_time,6:11 a.m.,0.711235,holoclean_keep
148,flight,aa-3809-phx-lax,0.945023,holoclean_keep
148,sched_arr_time,6:40 a.m.,0.631093,holoclean
148,sched_dep_time,6:00 a.m.,0.880748,holoclean
149,act_arr_time,10:52 a.m.,0.513519,holoclean_keep
149,act_dep_time,7:40 a.m.,0.711235,holoclean_keep
149,flight,aa-59-jfk-sfo,0.964816,holoclean_keep
149,sched_arr_time,10:45 a.m.,0.459434,holoclean
149,sched_dep_time,7:10 a.m.,0.739248,holoclean
150,act_arr_time,3:12 p.m.,0.786986,holoclean_keep
150,act_dep_time,7:32 a.m.,0.711235,holoclean_keep
150,flight,aa-222-lax-bos,0.945251,holoclean_keep
150,sched_arr_time,3:30 p.m.,0.754747,holoclean
150,sched_dep_time,7:10 a.m.,0.889222,holoclean
151,act_arr_time,9:22 a.m.,0.786986,holoclean_keep
151,act_dep_time,7:16 a.m.,0.786986,holoclean_keep
151,flight,aa-3859-iah-ord,0.991767,holoclean_keep
151,sched_arr_time,9:40 a.m.,0.822410,holoclean_keep
151,sched_dep_time,7:10 a.m.,0.995958,holoclean_keep
152,act_arr_time,10:23 p.m.,0.596418,holoclean_keep
152,act_dep_time,7:42 p.m.,0.786986,holoclean_keep
152,flight,co-1586-iah-mco,0.951539,holoclean_keep
152,sched_arr_time,10:15 p.m.,0.465247,holoclean
152,sched_dep_time,7:00 p.m.,0.343893,holoclean
153,act_arr_time,9:12 a.m.,0.596418,holoclean_keep
153,act_dep_time,6:54 a.m.,0.711235,holoclean_keep
153,flight,aa-518-mia-jfk,0.999115,holoclean_keep
153,sched_arr_time,9:25 a.m.,0.981029,holoclean_keep
153,sched_dep_time,6:40 a.m.,0.990134,holoclean_keep
154,act_arr_time,11:35 a.m.,0.648786,holoclean_keep
154,act_dep_time,8:49 a.m.,0.648786,holoclean_keep
154,flight,ua-397-jfk-sfo,0.994424,holoclean_keep
154,sched_arr_time,11:55 a.m.,0.983728,holoclean_keep
154,sched_dep_time,8:00 a.m.,0.987551,holoclean_keep
155,act_arr_time,9:40 a.m.,0.551873,holoclean_keep
155,act_dep_time,9:01 a.m.,0.711235,holoclean_keep
155,flight,ua-3925-iad-orf,0.952526,holoclean_keep
155,sched_arr_time,9:54 a.m.,0.312528,holoclean
155,sched_dep_time,8:41 a.m.,0.500335,holoclean
156,act_arr_time,10:39 p.m.&nbsp(estimated),0.648786,holoclean_keep
156,act_dep_time,7:59 p.m.,0.786986,holoclean_keep
156,flight,aa-1733-ord-phx,0.994443,holoclean_keep
156,sched_arr_time,10:30 p.m.,0.980381,holoclean_keep
156,sched_dep_time,7:45 p.m.,0.996511,holoclean_keep
157,act_arr_time,3:10 p.m.,0.648786,holoclean_keep
157,act_dep_time,12:12 p.m.,0.711235,holoclean_keep
157,flight,aa-3-jfk-lax,0.992117,holoclean_keep
157,sched_arr_time,3:15 p.m.,0.949684,holoclean_keep
157,sched_dep_time,12:00 p.m.,0.989751,holoclean_keep
158,act_arr_time,5:17 p.m.,0.786986,holoclean_keep
158,act_dep_time,3:50 p.m.,0.711235,holoclean_keep
158,flight,ua-2830-mco-clt,0.995170,holoclean_keep
158,sched_arr_time,5:05 p.m.,0.961178,holoclean_keep
158,sched_dep_time,3:27 p.m.,0.976695,holoclean_keep
159,act_arr_time,3:25 p.m.,0.880797,holoclean_keep
159,act_dep_time,12:37 p.m.,0.711235,holoclean_keep
159,flight,co-58-den-iah,0.921986,holoclean_keep
159,sched_arr_time,2:50 p.m.,0.305091,holoclean
159,sched_dep_time,11:25 a.m.,0.756056,holoclean
160,act_arr_time,11:18 a.m.,0.711235,holoclean_keep
160,act_dep_time,10:53 a.m.,0.880797,holoclean_keep
160,flight,ua-5487-sfo-mry,0.958092,holoclean_keep
160,sched_arr_time,11:19 a.m.,0.500000,holoclean
160,sched_dep_time,10:39 a.m.,0.500000,holoclean
161,act_arr_time,not available,0.551873,holoclean_keep
161,act_dep_time,not available,0.648786,holoclean_keep
161,flight,aa-204-lax-mco,0.899488,holoclean_keep
161,sched_arr_time,6:55 a.m. dec 02,0.391350,holoclean_keep
161,sched_dep_time,11:25 p.m.,0.935553,holoclean_keep
162,act_arr_time,7:10 a.m.,0.596418,holoclean_keep
162,act_dep_time,6:10 a.m.,0.711235,holoclean_keep
162,flight,ua-414-lax-sfo,0.974501,holoclean_keep
162,sched_arr_time,7:23 a.m.,0.261808,holoclean
162,sched_dep_time,6:00 a.m.,0.441987,holoclean
163,act_arr_time,5:23 a.m.,0.711235,holoclean_keep
163,act_dep_time,12:58 a.m.,0.711235,holoclean_keep
163,flight,co-1614-lax-iah,0.949529,holoclean_keep
163,sched_arr_time,5:35 a.m.,0.676684,holoclean
163,sched_dep_time,12:30 a.m.,0.714487,holoclean
164,act_arr_time,6:25 p.m.,0.711235,holoclean_keep
164,act_dep_time,4:10 p.m.,0.711235,holoclean_keep
164,flight,ua-2726-fll-phl,0.993390,holoclean_keep
164,sched_arr_time,6:46 p.m.,0.908151,holoclean_keep
164,sched_dep_time,4:00 p.m.,0.972663,holoclean_keep
165,act_arr_time,9:09 a.m.,0.786986,holoclean_keep
165,act_dep_time,7:56 a.m.,0.786986,holoclean_keep
165,flight,co-52-iah-lax,0.987381,holoclean_keep
165,sched_arr_time,9:21 a.m.,0.334286,holoclean
165,sched_dep_time,7:35 a.m.,0.556225,holoclean
166,act_arr_time,1:09 p.m.,0.786986,holoclean_keep
166,act_dep_time,10:35 a.m.,0.786986,holoclean_keep
166,flight,co-1090-bos-iah,0.988250,holoclean_keep
166,sched_arr_time,1:16 p.m.,0.752125,holoclean
166,sched_dep_time,9:45 a.m.,0.561834,holoclean
167,act_arr_time,1:18 p.m.,0.711235,holoclean_keep
167,act_dep_time,10:11 a.m.,0.711235,holoclean_keep
167,flight,aa-616-dfw-dtw,0.998593,holoclean_keep
167,sched_arr_time,12:35 p.m.,0.980946,holoclean_keep
167,sched_dep_time,9:05 a.m.,0.995948,holoclean_keep
168,act_arr_time,9:54 a.m.,0.711235,holoclean_keep
168,act_dep_time,8:26 a.m.,0.711235,holoclean_keep
168,flight,ua-3515-iad-msp,0.976171,holoclean_keep
168,sched_arr_time,10:06 a.m.,0.300640,holoclean
168,sched_dep_time,8:15 a.m.,0.316644,holoclean
169,act_arr_time,9:42 a.m.,0.711235,holoclean_keep
169,act_dep_time,7:25 a.m.,0.786986,holoclean_keep
169,flight,aa-3468-cvg-mia,0.994638,holoclean_keep
169,sched_arr_time,9:55 a.m.,0.979771,holoclean_keep
169,sched_dep_time,7:00 a.m.,0.995966,holoclean_keep
170,act_arr_time,7:35 p.m.,0.648786,holoclean_keep
170,act_dep_time,4:30 p.m.,0.711235,holoclean_keep
170,flight,aa-484-dfw-mia,0.989282,holoclean_keep
170,sched_arr_time,7:55 p.m.,0.894397,holoclean_keep
170,sched_dep_time,4:15 p.m.,0.985101,holoclean_keep
171,act_arr_time,1:34 p.m.,0.648786,holoclean_keep
171,act_dep_time,10:55 a.m.,0.711235,holoclean_keep
171,flight,aa-1886-bos-mia,0.974457,holoclean_keep
171,sched_arr_time,2:20 p.m.,0.432676,holoclean
171,sched_dep_time,10:45 a.m.,0.421509,holoclean
172,act_arr_time,6:59 p.m.,0.880797,holoclean_keep
172,act_dep_time,2:59 p.m.,0.880797,holoclean_keep
172,flight,co-62-iah-ewr,0.874388,holoclean_keep
172,sched_arr_time,7:03 p.m.,0.329594,holoclean
172,sched_dep_time,2:30 p.m.,0.378380,holoclean
173,act_arr_time,11:26 a.m.,0.711235,holoclean_keep
173,act_dep_time,8:18 a.m.,0.711235,holoclean_keep
173,flight,co-1561-phx-iah,0.953289,holoclean_keep
173,sched_arr_time,11:35 a.m.,0.681134,holoclean
173,sched_dep_time,8:05 a.m.,0.719601,holoclean
174,act_arr_time,4:45 p.m.,0.551873,holoclean_keep
174,act_dep_time,3:04 p.m.,0.711235,holoclean_keep
174,flight,ua-2314-atl-phl,0.953911,holoclean_keep
174,sched_arr_time,5:00 p.m.,0.266470,holoclean
174,sched_dep_time,2:55 p.m.,0.295062,holoclean
175,act_arr_time,4:09 p.m.,0.551873,holoclean_keep
175,act_dep_time,12:13 p.m.,0.551873,holoclean_keep
175,flight,aa-446-dfw-phl,0.989312,holoclean_keep
175,sched_arr_time,3:50 p.m.,0.978832,holoclean_keep
175,sched_dep_time,11:50 a.m.,0.948339,holoclean_keep
176,act_arr_time,1:12 p.m.,0.711235,holoclean_keep
176,act_dep_time,12:06 p.m.,0.711235,holoclean_keep
176,flight,co-1023-iah-den,0.951444,holoclean_keep
176,sched_arr_time,1:17 p.m.,0.662142,holoclean
176,sched_dep_time,11:40 a.m.,0.697239,holoclean
177,act_arr_time,9:00 a.m.,0.551873,holoclean_keep
177,act_dep_time,6:09 a.m.,0.711235,holoclean_keep
177,flight,aa-466-iah-mia,0.985072,holoclean_keep
177,sched_arr_time,9:20 a.m.,0.858284,holoclean_keep
177,sched_dep_time,6:00 a.m.,0.989540,holoclean_keep
178,act_arr_time,5:03 p.m.,0.648786,holoclean_keep
178,act_dep_time,11:45 a.m.,0.711235,holoclean_keep
178,flight,ua-3050-phx-clt,0.994583,holoclean_keep
178,sched_arr_time,4:57 p.m.,0.989908,holoclean_keep
178,sched_dep_time,11:05 a.m.,0.994922,holoclean_keep
179,act_arr_time,10:18 a.m.,0.786986,holoclean_keep
179,act_dep_time,6:17 a.m.,0.786986,holoclean_keep
179,flight,co-89-iah-ewr,0.952905,holoclean_keep
179,sched_arr_time,10:20 a.m.,0.713171,holoclean
179,sched_dep_time,6:00 a.m.,0.756099,holoclean
180,act_arr_time,10:47 a.m.,0.596418,holoclean_keep
180,act_dep_time,9:01 a.m.,0.648786,holoclean_keep
180,flight,co-1088-cle-iah,0.817432,holoclean_keep
180,sched_arr_time,10:54 a.m.,0.466327,holoclean
180,sched_dep_time,8:40 a.m.,0.537530,holoclean
181,act_arr_time,11:50 a.m.,0.711235,holoclean_keep
181,act_dep_time,10:19 a.m.,0.711235,holoclean_keep
181,flight,aa-1664-mia-atl,0.998361,holoclean_keep
181,sched_arr_time,12:10 p.m.,0.968779,holoclean_keep
181,sched_dep_time,10:15 a.m.,0.988529,holoclean_keep
182,act_arr_time,3:19 p.m.,0.480150,holoclean_keep
182,act_dep_time,2:04 p.m.,0.513519,holoclean_keep
182,flight,aa-1279-dfw-phx,0.987985,holoclean_keep
182,sched_arr_time,2:35 p.m.,0.990776,holoclean_keep
182,sched_dep_time,1:00 p.m.,0.968593,holoclean_keep
183,act_arr_time,1:27 p.m.,0.786986,holoclean_keep
183,act_dep_time,8:07 a.m.,0.596418,holoclean_keep
183,flight,ua-854-sfo-iah,0.945031,holoclean_keep
183,sched_arr_time,12:35 p.m.,0.458135,holoclean
183,sched_dep_time,7:53 a.m.,0.255282,holoclean
184,act_arr_time,3:20 p.m.,0.711235,holoclean_keep
184,act_dep_time,12:56 p.m.,0.648786,holoclean_keep
184,flight,ua-382-iad-lax,0.955670,holoclean_keep
184,sched_arr_time,3:19 p.m.,0.345432,holoclean
184,sched_dep_time,12:30 p.m.,0.650501,holoclean
185,act_arr_time,2:01 p.m.,0.786986,holoclean_keep
185,act_dep_time,12:14 p.m.,0.711235,holoclean_keep
185,flight,aa-4344-ord-dtw,0.955628,holoclean_keep
185,sched_arr_time,2:00 p.m.,0.256232,holoclean
185,sched_dep_time,11:45 a.m.,0.603346,holoclean
186,act_arr_time,5:28 p.m.,0.648786,holoclean_keep
186,act_dep_time,2:43 p.m.,0.648786,holoclean_keep
186,flight,ua-257-jfk-sfo,0.990858,holoclean_keep
186,sched_arr_time,6:15 p.m.,0.960762,holoclean_keep
186,sched_dep_time,2:30 p.m.,0.976035,holoclean_keep
187,act_arr_time,1:14 p.m.,0.648786,holoclean_keep
187,act_dep_time,12:08 p.m.,0.480150,holoclean_keep
187,flight,ua-2945-phl-clt,0.984379,holoclean_keep
187,sched_arr_time,1:45 p.m.,0.920348,holoclean_keep
187,sched_dep_time,12:00 p.m.,0.967038,holoclean_keep
188,act_arr_time,7:55 p.m.,0.711235,holoclean_keep
188,act_dep_time,5:38 p.m.,0.711235,holoclean_keep
188,flight,co-63-ewr-iah,0.850131,holoclean_keep
188,sched_arr_time,8:22 p.m.,0.395684,holoclean
188,sched_dep_time,5:25 p.m.,0.744792,holoclean
189,act_arr_time,9:38 p.m.,0.648786,holoclean_keep
189,act_dep_time,8:36 p.m.,0.786986,holoclean_keep
189,flight,co-47-iah-lax,0.951600,holoclean_keep
189,sched_arr_time,8:56 p.m.,0.424478,holoclean
189,sched_dep_time,7:10 p.m.,0.675108,holoclean
190,act_arr_time,2:37 p.m.,0.551873,holoclean_keep
190,act_dep_time,11:06 a.m.,0.551873,holoclean_keep
190,flight,aa-2050-ord-mia,0.983655,holoclean_keep
190,sched_arr_time,2:45 p.m.,0.927249,holoclean_keep
190,sched_dep_time,10:40 a.m.,0.977717,holoclean_keep
191,act_arr_time,5:24 p.m.,0.500000,holoclean
191,act_dep_time,1:32 p.m.,0.333333,holoclean
191,flight,ua-248-phx-ord,0.931662,holoclean_keep
191,sched_arr_time,4:52 p.m.,0.783816,holoclean_keep
191,sched_dep_time,12:57 p.m.,0.915714,holoclean_keep
192,act_arr_time,3:25 p.m.,0.648786,holoclean_keep
192,act_dep_time,3:36 p.m.,0.786986,holoclean_keep
192,flight,aa-4330-cvg-ord,0.955024,holoclean_keep
192,sched_arr_time,4:00 p.m.,0.390506,holoclean
192,sched_dep_time,3:35 p.m.,0.800185,holoclean
193,act_arr_time,10:29 a.m.,0.480150,holoclean_keep
193,act_dep_time,7:22 a.m.,0.711235,holoclean_keep
193,flight,aa-1434-dfw-mco,0.980219,holoclean_keep
193,sched_arr_time,10:35 a.m.,0.829496,holoclean_keep
193,sched_dep_time,7:15 a.m.,0.984078,holoclean_keep
194,act_arr_time,not available,0.596418,holoclean_keep
194,act_dep_time,not available,0.711235,holoclean_keep
194,flight,aa-1640-mia-mco,0.909252,holoclean_keep
194,sched_arr_time,7:25 p.m.,0.716291,holoclean_keep
194,sched_dep_time,6:30 p.m.,0.940377,holoclean_keep
195,act_arr_time,8:43 p.m.,0.648786,holoclean_keep
195,act_dep_time,6:56 p.m.,0.711235,holoclean_keep
195,flight,aa-4307-ord-dtw,0.996929,holoclean_keep
195,sched_arr_time,9:10 p.m.,0.965975,holoclean_keep
195,sched_dep_time,6:45 p.m.,0.983971,holoclean_keep
196,act_arr_time,not available,0.596418,holoclean_keep
196,act_dep_time,not available,0.648786,holoclean_keep
196,flight,co-1694-lax-iah,0.909864,holoclean_keep
196,sched_arr_time,12:21 a.m. dec 02,0.429899,holoclean_keep
197,act_arr_time,7:53 p.m.,0.786986,holoclean_keep
197,act_dep_time,2:38 p.m.,0.648786,holoclean_keep
197,flight,ua-843-lax-ord,0.931629,holoclean_keep
197,sched_arr_time,7:53 p.m.,0.411484,holoclean
197,sched_dep_time,1:55 p.m.,0.309300,holoclean
198,act_arr_time,12:03 p.m.,0.786986,holoclean_keep
198,act_dep_time,9:58 a.m.,0.648786,holoclean_keep
198,flight,co-1193-ewr-mco,0.994336,holoclean_keep
198,sched_arr_time,12:18 p.m.,0.987201,holoclean_keep
198,sched_dep_time,9:15 a.m.,0.997267,holoclean_keep
199,act_arr_time,7:51 a.m.,0.648786,holoclean_keep
199,act_dep_time,6:57 a.m.,0.711235,holoclean_keep
199,flight,aa-3842-msp-ord,0.971879,holoclean_keep
199,sched_arr_time,7:30 a.m.,0.847198,holoclean_keep
199,sched_dep_time,6:00 a.m.,0.989625,holoclean_keep
200,act_arr_time,9:29 a.m.,0.551873,holoclean_keep
200,act_dep_time,7:31 a.m.,0.596418,holoclean_keep
200,flight,aa-643-mia-ord,0.919620,holoclean_keep
200,sched_arr_time,9:35 a.m.,0.752318,holoclean_keep
200,sched_dep_time,7:10 a.m.,0.985994,holoclean_keep
201,act_arr_time,7:53 p.m.,0.786986,holoclean_keep
201,act_dep_time,5:09 p.m.,0.711235,holoclean_keep
201,flight,aa-1007-mia-phx,0.982141,holoclean_keep
201,sched_arr_time,8:05 p.m.,0.568898,holoclean
201,sched_dep_time,4:55 p.m.,0.276028,holoclean
202,act_arr_time,6:36 p.m.,0.596418,holoclean_keep
202,act_dep_time,4:46 p.m.,0.480150,holoclean_keep
202,flight,ua-2906-phl-mco,0.987918,holoclean_keep
202,sched_arr_time,6:23 p.m.,0.922000,holoclean_keep
202,sched_dep_time,3:50 p.m.,0.986350,holoclean_keep
203,act_arr_time,7:26 p.m.,0.786986,holoclean_keep
203,act_dep_time,4:37 p.m.,0.786986,holoclean_keep
203,flight,ua-938-den-ord,0.952952,holoclean_keep
203,sched_arr_time,7:35 p.m.,0.602872,holoclean
203,sched_dep_time,4:16 p.m.,0.651868,holoclean
204,act_arr_time,9:49 p.m.,0.786986,holoclean_keep
204,act_dep_time,8:23 p.m.,0.880797,holoclean_keep
204,flight,aa-1221-mco-ord,0.994656,holoclean_keep
204,sched_arr_time,9:45 p.m.,0.980721,holoclean_keep
204,sched_dep_time,8:00 p.m.,0.990985,holoclean_keep
205,act_arr_time,6:13 p.m.,0.880797,holoclean_keep
205,act_dep_time,10:37 a.m.,0.786986,holoclean_keep
205,flight,co-16-lax-ewr,0.947920,holoclean_keep
205,sched_arr_time,6:44 p.m.,0.329597,holoclean
205,sched_dep_time,10:25 a.m.,0.768449,holoclean
206,act_arr_time,10:45 a.m.,0.480150,holoclean_keep
206,act_dep_time,7:31 a.m.,0.596418,holoclean_keep
206,flight,ua-2515-dfw-clt,0.937343,holoclean_keep
206,sched_arr_time,10:31 a.m.,0.253248,holoclean
206,sched_dep_time,7:05 a.m.,0.419302,holoclean
207,act_arr_time,2:56 p.m.,0.711235,holoclean_keep
207,act_dep_time,11:02 a.m.,0.711235,holoclean_keep
207,flight,aa-400-dfw-jfk,0.993005,holoclean_keep
207,sched_arr_time,2:59 p.m.,0.923402,holoclean_keep
207,sched_dep_time,10:40 a.m.,0.994385,holoclean_keep
208,act_arr_time,4:18 p.m.,0.648786,holoclean_keep
208,act_dep_time,1:48 p.m.,0.711235,holoclean_keep
208,flight,ua-664-ord-phl,0.995505,holoclean_keep
208,sched_arr_time,4:31 p.m.,0.954894,holoclean_keep
208,sched_dep_time,1:33 p.m.,0.984197,holoclean_keep
209,act_arr_time,2:52 p.m.,0.596418,holoclean_keep
209,act_dep_time,12:42 p.m.,0.513519,holoclean_keep
209,flight,aa-3756-ord-slc,0.993422,holoclean_keep
209,sched_arr_time,2:45 p.m.,0.974942,holoclean_keep
209,sched_dep_time,12:15 p.m.,0.976878,holoclean_keep
210,act_arr_time,4:06 p.m.,0.786986,holoclean_keep
210,act_dep_time,2:01 p.m.,0.711235,holoclean_keep
210,flight,ua-37-ewr-mco,0.952139,holoclean_keep
210,sched_arr_time,3:55 p.m.,0.517065,holoclean
210,sched_dep_time,1:29 p.m.,0.448835,holoclean
211,act_arr_time,5:42 a.m. (estimated runway),0.250000,holoclean
211,act_dep_time,12:10 a.m. (estimated runway),0.333333,holoclean
211,flight,aa-1522-sfo-ord,0.940138,holoclean_keep
211,sched_arr_time,5:50 a.m.dec 02,0.472273,holoclean_keep
211,sched_dep_time,11:55 p.m.,0.993564,holoclean_keep
212,act_arr_time,not available,0.551873,holoclean_keep
212,act_dep_time,not available,0.596418,holoclean_keep
212,flight,ua-233-lax-jfk,0.921808,holoclean_keep
212,sched_arr_time,12:29 a.m. dec 02,0.446321,holoclean_keep
212,sched_dep_time,4:25 p.m.,0.946236,holoclean_keep
213,act_arr_time,not available,0.648786,holoclean_keep
213,act_dep_time,not available,0.711235,holoclean_keep
213,flight,aa-3823-lax-den,0.905374,holoclean_keep
213,sched_arr_time,12:15 a.m. dec 02,0.398884,holoclean_keep
213,sched_dep_time,9:00 p.m.,0.937019,holoclean_keep
214,act_arr_time,not available,0.648786,holoclean_keep
214,act_dep_time,not available,0.711235,holoclean_keep
214,flight,aa-2312-dfw-dtw,0.910502,holoclean_keep
214,sched_arr_time,11:50 p.m.,0.727466,holoclean_keep
214,sched_dep_time,8:25 p.m.,0.943500,holoclean_keep
215,act_arr_time,9:58 a.m.,0.513519,holoclean_keep
215,act_dep_time,7:23 a.m.,0.711235,holoclean_keep
215,flight,aa-1165-jfk-mia,0.996817,holoclean_keep
215,sched_arr_time,10:34 a.m.,0.934713,holoclean_keep
215,sched_dep_time,6:59 a.m.,0.988060,holoclean_keep
216,act_arr_time,11:40 a.m.,0.596418,holoclean_keep
216,act_dep_time,8:52 a.m.,0.711235,holoclean_keep
216,flight,aa-431-mia-sfo,0.994820,holoclean_keep
216,sched_arr_time,11:50 a.m.,0.951591,holoclean_keep
216,sched_dep_time,8:35 a.m.,0.988683,holoclean_keep
217,act_arr_time,9:11 a.m.,0.880797,holoclean_keep
217,act_dep_time,8:37 a.m.,0.786986,holoclean_keep
217,flight,ua-3373-iad-phl,0.954045,holoclean_keep
217,sched_arr_time,9:24 a.m.,0.644456,holoclean
217,sched_dep_time,8:29 a.m.,0.651863,holoclean
218,act_arr_time,not available,0.551873,holoclean_keep
218,act_dep_time,not available,0.480150,holoclean_keep
218,flight,aa-649-ord-sna,0.840005,holoclean_keep
218,sched_arr_time,3:50 p.m.,0.757466,holoclean_keep
218,sched_dep_time,1:30 p.m.,0.842650,holoclean_keep
219,act_arr_time,4:55 p.m.,0.880797,holoclean_keep
219,act_dep_time,3:17 p.m.,0.880797,holoclean_keep
219,flight,co-1250-mia-iah,0.950520,holoclean_keep
219,sched_arr_time,4:48 p.m.,0.320413,holoclean
219,sched_dep_time,2:53 p.m.,0.366255,holoclean
220,act_arr_time,8:41 a.m.,0.711235,holoclean_keep
220,act_dep_time,7:41 a.m.,0.786986,holoclean_keep
220,flight,ua-6273-yyc-sfo,0.955749,holoclean_keep
220,sched_arr_time,9:43 a.m.,0.356959,holoclean
220,sched_dep_time,7:35 a.m.,0.365578,holoclean
221,act_arr_time,5:21 a.m.,0.333333,holoclean
221,act_dep_time,11/30/2011 11:34 p.m.,0.333333,holoclean
221,flight,ua-828-sfo-ord,0.946534,holoclean_keep
221,sched_arr_time,5:11 a.m.dec 02,0.664107,holoclean_keep
221,sched_dep_time,11:08 p.m.,0.995557,holoclean_keep
222,act_arr_time,6:19 p.m.,0.250000,holoclean
222,act_dep_time,5:30 p.m.,0.250000,holoclean
222,flight,co-4888-iah-dal,0.943043,holoclean_keep
222,sched_arr_time,6:09 p.m.,0.655490,holoclean_keep
222,sched_dep_time,5:30 p.m.,0.958506,holoclean_keep
223,act_arr_time,7:58 a.m.,0.711235,holoclean_keep
223,act_dep_time,12:45 a.m.,0.648786,holoclean_keep
223,flight,ua-858-pvg-sfo,0.954588,holoclean_keep
223,sched_arr_time,8:27 a.m.,0.377986,holoclean
223,sched_dep_time,1:45 p.m.,0.598090,holoclean
224,act_arr_time,2:02 p.m.,0.648786,holoclean_keep
224,act_dep_time,11:47 a.m.,0.711235,holoclean_keep
224,flight,ua-2704-dtw-phx,0.990442,holoclean_keep
224,sched_arr_time,1:40 p.m.,0.628494,holoclean
224,sched_dep_time,11:15 a.m.,0.441332,holoclean
225,act_arr_time,9:11 p.m.,0.648786,holoclean_keep
225,act_dep_time,8:40 p.m.,0.786986,holoclean_keep
225,flight,aa-3063-slc-lax,0.948498,holoclean_keep
225,sched_arr_time,9:20 p.m.,0.381950,holoclean
225,sched_dep_time,8:20 p.m.,0.362451,holoclean
226,act_arr_time,4:24 p.m.,0.551873,holoclean_keep
226,act_dep_time,3:04 p.m.,0.711235,holoclean_keep
226,flight,ua-2708-ewr-clt,0.972024,holoclean_keep
226,sched_arr_time,4:53 p.m.,0.242268,holoclean
226,sched_dep_time,2:55 p.m.,0.263294,holoclean
227,act_arr_time,6:59 p.m.,0.786986,holoclean_keep
227,act_dep_time,2:59 p.m.,0.786986,holoclean_keep
227,flight,ua-62-iah-ewr,0.886922,holoclean_keep
227,sched_arr_time,7:03 p.m.,0.322221,holoclean
227,sched_dep_time,2:30 p.m.,0.368675,holoclean
228,act_arr_time,12:10 p.m.,0.711235,holoclean_keep
228,act_dep_time,9:43 a.m.,0.711235,holoclean_keep
228,flight,ua-1500-iah-gua,0.956688,holoclean_keep
228,sched_arr_time,11:45 a.m.,0.613095,holoclean
228,sched_dep_time,8:55 a.m.,0.639097,holoclean
229,act_arr_time,3:36 p.m.,0.880797,holoclean_keep
229,act_dep_time,2:44 p.m.,0.880797,holoclean_keep
229,flight,aa-3804-phl-ord,0.995023,holoclean_keep
229,sched_arr_time,4:05 p.m.,0.982807,holoclean_keep
229,sched_dep_time,2:35 p.m.,0.972742,holoclean_keep
230,act_arr_time,5:34 p.m.,0.648786,holoclean_keep
230,act_dep_time,3:28 p.m.,0.551873,holoclean_keep
230,flight,aa-1917-jfk-mco,0.930857,holoclean_keep
230,sched_arr_time,5:55 p.m.,0.800555,holoclean_keep
230,sched_dep_time,2:55 p.m.,0.979031,holoclean_keep
231,act_arr_time,11:07 a.m.,0.480150,holoclean_keep
231,act_dep_time,7:23 a.m.,0.648786,holoclean_keep
231,flight,aa-2268-phx-ord,0.977637,holoclean_keep
231,sched_arr_time,11:35 a.m.,0.934868,holoclean_keep
231,sched_dep_time,7:15 a.m.,0.975356,holoclean_keep
232,act_arr_time,1:40 p.m.,0.711235,holoclean_keep
232,act_dep_time,12:11 p.m.,0.596418,holoclean_keep
232,flight,aa-4277-cvg-jfk,0.977232,holoclean_keep
232,sched_arr_time,2:15 p.m.,0.927480,holoclean_keep
232,sched_dep_time,12:10 p.m.,0.978410,holoclean_keep
233,act_arr_time,11:00 a.m.,0.711235,holoclean_keep
233,act_dep_time,8:05 a.m.,0.648786,holoclean_keep
233,flight,aa-2957-dfw-cvg,0.998567,holoclean_keep
233,sched_arr_time,11:05 a.m.,0.958189,holoclean_keep
233,sched_dep_time,7:55 a.m.,0.989785,holoclean_keep
234,act_arr_time,12:00 p.m.,0.786986,holoclean_keep
234,act_dep_time,9:05 a.m.,0.711235,holoclean_keep
234,flight,ua-37-edi-ewr,0.952962,holoclean_keep
234,sched_arr_time,11:53 a.m.,0.671378,holoclean
234,sched_dep_time,9:05 a.m.,0.383685,holoclean
235,act_arr_time,3:01 p.m.,0.513519,holoclean_keep
235,act_dep_time,1:20 p.m.,0.551873,holoclean_keep
235,flight,aa-789-ord-den,0.993129,holoclean_keep
235,sched_arr_time,2:35 p.m.,0.991018,holoclean_keep
235,sched_dep_time,1:05 p.m.,0.969285,holoclean_keep
236,act_arr_time,10:10 a.m.,0.711235,holoclean_keep
236,act_dep_time,8:56 a.m.,0.711235,holoclean_keep
236,flight,aa-415-bos-ord,0.953717,holoclean_keep
236,sched_arr_time,10:40 a.m.,0.629261,holoclean
236,sched_dep_time,8:35 a.m.,0.646785,holoclean
237,act_arr_time,6:36 p.m.,0.711235,holoclean_keep
237,act_dep_time,3:38 p.m.,0.551873,holoclean_keep
237,flight,aa-85-jfk-sfo,0.982830,holoclean_keep
237,sched_arr_time,6:30 p.m.,0.915593,holoclean_keep
237,sched_dep_time,3:05 p.m.,0.980133,holoclean_keep
238,act_arr_time,7:57 a.m.,0.596418,holoclean_keep
238,act_dep_time,8:04 a.m.,0.786986,holoclean_keep
238,flight,aa-3979-cvg-ord,0.998220,holoclean_keep
238,sched_arr_time,8:00 a.m.,0.965985,holoclean_keep
238,sched_dep_time,7:30 a.m.,0.989931,holoclean_keep
239,act_arr_time,4:52 p.m.,0.786986,holoclean_keep
239,act_dep_time,11:41 a.m.,0.711235,holoclean_keep
239,flight,aa-1544-san-ord,0.952061,holoclean_keep
239,sched_arr_time,5:25 p.m.,0.629629,holoclean
239,sched_dep_time,11:25 a.m.,0.414365,holoclean
240,act_arr_time,6:09 p.m.,0.648786,holoclean_keep
240,act_dep_time,4:12 p.m.,0.711235,holoclean_keep
240,flight,aa-3786-iah-ord,0.985895,holoclean_keep
240,sched_arr_time,6:40 p.m.,0.925707,holoclean_keep
240,sched_dep_time,4:00 p.m.,0.985082,holoclean_keep
241,act_arr_time,2:18 p.m.,0.711235,holoclean_keep
241,act_dep_time,11:52 a.m.,0.786986,holoclean_keep
241,flight,aa-271-mia-lax,0.994697,holoclean_keep
241,sched_arr_time,2:25 p.m.,0.991699,holoclean_keep
241,sched_dep_time,11:35 a.m.,0.995903,holoclean_keep
242,act_arr_time,10:53 a.m.,0.480150,holoclean_keep
242,act_dep_time,7:40 a.m.,0.711235,holoclean_keep
242,flight,aa-2525-dfw-mia,0.995479,holoclean_keep
242,sched_arr_time,11:10 a.m.,0.943883,holoclean_keep
242,sched_dep_time,7:25 a.m.,0.988521,holoclean_keep
243,act_arr_time,5:09 p.m.,0.880797,holoclean_keep
243,act_dep_time,4:02 p.m.,0.880797,holoclean_keep
243,flight,co-50-cle-ewr,0.948717,holoclean_keep
243,sched_arr_time,4:49 p.m.,0.313069,holoclean
243,sched_dep_time,2:55 p.m.,0.356587,holoclean
244,act_arr_time,5:35 p.m.,0.648786,holoclean_keep
244,act_dep_time,11:55 a.m.,0.711235,holoclean_keep
244,flight,ua-3099-phx-phl,0.994686,holoclean_keep
244,sched_arr_time,6:17 p.m.,0.991476,holoclean_keep
244,sched_dep_time,11:55 a.m.,0.996044,holoclean_keep
245,act_arr_time,12:48 p.m.,0.596418,holoclean_keep
245,act_dep_time,10:55 a.m.,0.711235,holoclean_keep
245,flight,aa-4198-ord-cle,0.984049,holoclean_keep
245,sched_arr_time,12:55 p.m.,0.919974,holoclean_keep
245,sched_dep_time,10:40 a.m.,0.989863,holoclean_keep
246,act_arr_time,7:32 a.m.,0.596418,holoclean_keep
246,act_dep_time,6:58 a.m.,0.711235,holoclean_keep
246,flight,aa-404-mia-mco,0.994287,holoclean_keep
246,sched_arr_time,7:45 a.m.,0.966212,holoclean_keep
246,sched_dep_time,6:45 a.m.,0.995388,holoclean_keep
247,act_arr_time,6:33 p.m.,0.786986,holoclean_keep
247,act_dep_time,4:15 p.m.,0.786986,holoclean_keep
247,flight,co-45-ewr-mia,0.981917,holoclean_keep
247,sched_arr_time,7:05 p.m.,0.873069,holoclean_keep
248,act_arr_time,6:07 a.m.,0.596418,holoclean_keep
248,act_dep_time,6:11 a.m.,0.711235,holoclean_keep
248,flight,aa-3809-phx-lax,0.988105,holoclean_keep
248,sched_arr_time,6:40 a.m.,0.890272,holoclean_keep
248,sched_dep_time,6:00 a.m.,0.996473,holoclean_keep
249,act_arr_time,11:00 a.m.,0.513519,holoclean_keep
249,act_dep_time,7:40 a.m.,0.648786,holoclean_keep
249,flight,aa-59-jfk-sfo,0.926111,holoclean_keep
249,sched_arr_time,10:45 a.m.,0.716915,holoclean_keep
249,sched_dep_time,7:10 a.m.,0.970702,holoclean_keep
250,act_arr_time,3:09 p.m.,0.711235,holoclean_keep
250,act_dep_time,7:32 a.m.,0.551873,holoclean_keep
250,flight,aa-222-lax-bos,0.946843,holoclean_keep
250,sched_arr_time,3:30 p.m.,0.800413,holoclean_keep
250,sched_dep_time,7:10 a.m.,0.972643,holoclean_keep
251,act_arr_time,9:22 a.m.,0.333333,holoclean
251,act_dep_time,7:02 a.m.,0.333333,holoclean
251,flight,aa-3859-iah-ord,0.894858,holoclean_keep
251,sched_arr_time,9:40 a.m.,0.716714,holoclean_keep
251,sched_dep_time,7:10 a.m.,0.993566,holoclean_keep
252,act_arr_time,9:09 a.m.,0.596418,holoclean_keep
252,act_dep_time,6:54 a.m.,0.648786,holoclean_keep
252,flight,aa-518-mia-jfk,0.989643,holoclean_keep
252,sched_arr_time,9:25 a.m.,0.959105,holoclean_keep
252,sched_dep_time,6:40 a.m.,0.985306,holoclean_keep
253,act_arr_time,11:34 a.m.,0.648786,holoclean_keep
253,act_dep_time,8:49 a.m.,0.648786,holoclean_keep
253,flight,ua-397-jfk-sfo,0.994257,holoclean_keep
253,sched_arr_time,11:55 a.m.,0.983728,holoclean_keep
253,sched_dep_time,8:00 a.m.,0.987551,holoclean_keep
254,act_arr_time,9:29 a.m.,0.200000,holoclean
254,act_dep_time,8:42 a.m.,0.250000,holoclean
254,flight,ua-3925-iad-orf,0.927358,holoclean_keep
254,sched_arr_time,9:54 a.m.,0.805278,holoclean_keep
254,sched_dep_time,8:41 a.m.,0.958729,holoclean_keep
255,act_arr_time,10:28 p.m.,0.200000,holoclean
255,act_dep_time,7:45 p.m.,0.333333,holoclean
255,flight,aa-1733-ord-phx,0.937881,holoclean_keep
255,sched_arr_time,10:30 p.m.,0.942403,holoclean_keep
255,sched_dep_time,7:45 p.m.,0.993564,holoclean_keep
256,act_arr_time,7:35 p.m.,0.551873,holoclean_keep
256,act_dep_time,6:56 p.m.,0.648786,holoclean_keep
256,flight,aa-1640-mia-mco,0.984196,holoclean_keep
256,sched_arr_time,7:25 p.m.,0.925062,holoclean_keep
256,sched_dep_time,6:30 p.m.,0.989997,holoclean_keep
257,act_arr_time,5:14 p.m.,0.333333,holoclean
257,act_dep_time,3:27 p.m.,0.250000,holoclean
257,flight,ua-2830-mco-clt,0.937938,holoclean_keep
257,sched_arr_time,5:05 p.m.,0.884404,holoclean_keep
257,sched_dep_time,3:27 p.m.,0.957815,holoclean_keep
258,act_arr_time,3:25 p.m.,0.500000,holoclean
258,act_dep_time,11:32 a.m.,0.333333,holoclean
258,flight,co-58-den-iah,0.977491,holoclean_keep
258,sched_arr_time,2:50 p.m.,0.954738,holoclean_keep
258,sched_dep_time,11:25 a.m.,0.982158,holoclean_keep
259,act_arr_time,4:52 p.m.,0.333333,holoclean
259,act_dep_time,11:20 a.m.,0.250000,holoclean
259,flight,aa-1544-san-ord,0.929280,holoclean_keep
259,sched_arr_time,5:25 p.m.,0.859220,holoclean_keep
259,sched_dep_time,11:25 a.m.,0.906215,holoclean_keep
260,act_arr_time,11:11 a.m.,0.250000,holoclean
260,act_dep_time,10:33 a.m.,0.500000,holoclean
260,flight,ua-5487-sfo-mry,0.934646,holoclean_keep
260,sched_arr_time,11:19 a.m.,0.912664,holoclean_keep
260,sched_dep_time,10:39 a.m.,0.957944,holoclean_keep
261,act_arr_time,7:02 a.m.,0.551873,holoclean_keep
261,act_dep_time,11:58 p.m.,0.648786,holoclean_keep
261,flight,aa-204-lax-mco,0.993775,holoclean_keep
261,sched_arr_time,6:55 a.m.,0.790750,holoclean_keep
261,sched_dep_time,11:25 p.m.,0.977699,holoclean_keep
262,act_arr_time,7:04 a.m.,0.250000,holoclean
262,act_dep_time,5:56 a.m.,0.250000,holoclean
262,flight,ua-414-lax-sfo,0.811510,holoclean_keep
262,sched_arr_time,7:23 a.m.,0.536176,holoclean_keep
262,sched_dep_time,6:00 a.m.,0.932824,holoclean_keep
263,act_arr_time,2:36 p.m.,0.166667,holoclean
263,act_dep_time,10:46 a.m.,0.142857,holoclean
263,flight,aa-3756-ord-slc,0.965492,holoclean_keep
263,sched_arr_time,2:45 p.m.,0.974634,holoclean_keep
263,sched_dep_time,12:15 p.m.,0.964888,holoclean_keep
264,act_arr_time,6:23 p.m.,0.250000,holoclean
264,act_dep_time,3:58 p.m.,0.250000,holoclean
264,flight,ua-2726-fll-phl,0.912392,holoclean_keep
264,sched_arr_time,6:46 p.m.,0.826262,holoclean_keep
264,sched_dep_time,4:00 p.m.,0.959133,holoclean_keep
265,act_arr_time,1:09 p.m.,0.500000,holoclean
265,act_dep_time,10:19 a.m.,0.333333,holoclean
265,flight,co-1090-bos-iah,0.936481,holoclean_keep
265,sched_arr_time,1:16 p.m.,0.839671,holoclean_keep
265,sched_dep_time,9:45 a.m.,0.975653,holoclean_keep
266,act_arr_time,9:29 a.m.,0.250000,holoclean
266,act_dep_time,7:04 a.m.,0.333333,holoclean
266,flight,aa-3468-cvg-mia,0.930829,holoclean_keep
266,sched_arr_time,9:55 a.m.,0.936824,holoclean_keep
266,sched_dep_time,7:00 a.m.,0.992376,holoclean_keep
267,act_arr_time,9:54 a.m.,0.333333,holoclean
267,act_dep_time,8:12 a.m.,0.250000,holoclean
267,flight,ua-3515-iad-msp,0.928975,holoclean_keep
267,sched_arr_time,10:06 a.m.,0.872780,holoclean_keep
267,sched_dep_time,8:15 a.m.,0.941051,holoclean_keep
268,act_arr_time,7:35 p.m.,0.250000,holoclean
268,act_dep_time,4:16 p.m.,0.333333,holoclean
268,flight,aa-484-dfw-mia,0.936677,holoclean_keep
268,sched_arr_time,7:55 p.m.,0.935538,holoclean_keep
268,sched_dep_time,4:15 p.m.,0.954536,holoclean_keep
269,act_arr_time,6:59 p.m.,0.333333,holoclean
269,act_dep_time,2:48 p.m.,0.333333,holoclean
269,flight,co-62-iah-ewr,0.839919,holoclean_keep
269,sched_arr_time,7:03 p.m.,0.918766,holoclean_keep
269,sched_dep_time,2:30 p.m.,0.934225,holoclean_keep
270,act_arr_time,3:26 p.m.,0.166667,holoclean
270,act_dep_time,11:54 a.m.,0.142857,holoclean
270,flight,aa-446-dfw-phl,0.928656,holoclean_keep
270,sched_arr_time,3:50 p.m.,0.971614,holoclean_keep
270,sched_dep_time,11:50 a.m.,0.934511,holoclean_keep
271,act_arr_time,8:50 a.m.,0.551873,holoclean_keep
271,act_dep_time,6:09 a.m.,0.711235,holoclean_keep
271,flight,aa-466-iah-mia,0.985477,holoclean_keep
271,sched_arr_time,9:20 a.m.,0.707099,holoclean_keep
271,sched_dep_time,6:00 a.m.,0.985597,holoclean_keep
272,act_arr_time,4:57 p.m.,0.200000,holoclean
272,act_dep_time,11:30 a.m.,0.250000,holoclean
272,flight,ua-3050-phx-clt,0.932421,holoclean_keep
272,sched_arr_time,4:57 p.m.,0.970932,holoclean_keep
272,sched_dep_time,11:05 a.m.,0.990531,holoclean_keep
273,act_arr_time,10:18 a.m.,0.333333,holoclean
273,act_dep_time,6:02 a.m.,0.333333,holoclean
273,flight,co-89-iah-ewr,0.856302,holoclean_keep
273,sched_arr_time,10:20 a.m.,0.657408,holoclean_keep
273,sched_dep_time,6:00 a.m.,0.985843,holoclean_keep
274,act_arr_time,10:47 a.m.,0.333333,holoclean
274,act_dep_time,8:40 a.m.,0.333333,holoclean
274,flight,co-1088-cle-iah,0.938297,holoclean_keep
274,sched_arr_time,10:54 a.m.,0.958482,holoclean_keep
274,sched_dep_time,8:40 a.m.,0.983855,holoclean_keep
275,act_arr_time,1:34 p.m.,0.333333,holoclean
275,act_dep_time,10:42 a.m.,0.250000,holoclean
275,flight,aa-1886-bos-mia,0.935028,holoclean_keep
275,sched_arr_time,2:20 p.m.,0.762505,holoclean_keep
275,sched_dep_time,10:45 a.m.,0.953839,holoclean_keep
276,act_arr_time,11:50 a.m.,0.711235,holoclean_keep
276,act_dep_time,10:19 a.m.,0.711235,holoclean_keep
276,flight,aa-1664-mia-atl,0.998361,holoclean_keep
276,sched_arr_time,12:10 p.m.,0.968779,holoclean_keep
276,sched_dep_time,10:15 a.m.,0.988529,holoclean_keep
277,act_arr_time,7:57 a.m.,0.250000,holoclean
277,act_dep_time,7:28 a.m.,0.333333,holoclean
277,flight,aa-3979-cvg-ord,0.934298,holoclean_keep
277,sched_arr_time,8:00 a.m.,0.934901,holoclean_keep
277,sched_dep_time,7:30 a.m.,0.992113,holoclean_keep
278,act_arr_time,3:13 p.m.,0.480150,holoclean_keep
278,act_dep_time,2:04 p.m.,0.513519,holoclean_keep
278,flight,aa-1279-dfw-phx,0.966595,holoclean_keep
278,sched_arr_time,2:35 p.m.,0.985155,holoclean_keep
278,sched_dep_time,1:00 p.m.,0.945133,holoclean_keep
279,act_arr_time,5:23 a.m.,0.250000,holoclean
279,act_dep_time,12:41 a.m.,0.250000,holoclean
279,flight,co-1614-lax-iah,0.931738,holoclean_keep
279,sched_arr_time,5:35 a.m.,0.956018,holoclean_keep
279,sched_dep_time,12:30 a.m.,0.982627,holoclean_keep
280,act_arr_time,1:11 p.m.,0.711235,holoclean_keep
280,act_dep_time,10:11 a.m.,0.648786,holoclean_keep
280,flight,aa-616-dfw-dtw,0.995025,holoclean_keep
280,sched_arr_time,12:35 p.m.,0.952659,holoclean_keep
280,sched_dep_time,9:05 a.m.,0.994285,holoclean_keep
281,act_arr_time,1:55 p.m.,0.333333,holoclean
281,act_dep_time,11:47 a.m.,0.250000,holoclean
281,flight,aa-4344-ord-dtw,0.930761,holoclean_keep
281,sched_arr_time,2:00 p.m.,0.786234,holoclean_keep
281,sched_dep_time,11:45 a.m.,0.950828,holoclean_keep
282,act_arr_time,1:08 p.m.,0.200000,holoclean
282,act_dep_time,11:51 a.m.,0.166667,holoclean
282,flight,ua-2945-phl-clt,0.963401,holoclean_keep
282,sched_arr_time,1:45 p.m.,0.900221,holoclean_keep
282,sched_dep_time,12:00 p.m.,0.979250,holoclean_keep
283,act_arr_time,10:52 a.m.,0.480150,holoclean_keep
283,act_dep_time,7:40 a.m.,0.711235,holoclean_keep
283,flight,aa-2525-dfw-mia,0.957736,holoclean_keep
283,sched_arr_time,11:10 a.m.,0.835840,holoclean_keep
283,sched_dep_time,7:25 a.m.,0.980342,holoclean_keep
284,act_arr_time,2:17 p.m.,0.711235,holoclean_keep
284,act_dep_time,11:52 a.m.,0.786986,holoclean_keep
284,flight,aa-271-mia-lax,0.994750,holoclean_keep
284,sched_arr_time,2:25 p.m.,0.991699,holoclean_keep
284,sched_dep_time,11:35 a.m.,0.995903,holoclean_keep
285,act_arr_time,2:36 p.m.,0.551873,holoclean_keep
285,act_dep_time,11:06 a.m.,0.551873,holoclean_keep
285,flight,aa-2050-ord-mia,0.983838,holoclean_keep
285,sched_arr_time,2:45 p.m.,0.927248,holoclean_keep
285,sched_dep_time,10:40 a.m.,0.977717,holoclean_keep
286,act_arr_time,10:34 a.m.,0.480150,holoclean_keep
286,act_dep_time,7:22 a.m.,0.711235,holoclean_keep
286,flight,aa-1434-dfw-mco,0.979843,holoclean_keep
286,sched_arr_time,10:35 a.m.,0.755642,holoclean_keep
286,sched_dep_time,7:15 a.m.,0.975684,holoclean_keep
287,act_arr_time,11:04 a.m.,0.142857,holoclean
287,act_dep_time,7:10 a.m.,0.142857,holoclean
287,flight,co-1561-phx-iah,0.949688,holoclean_keep
287,sched_arr_time,11:35 a.m.,0.956868,holoclean_keep
287,sched_dep_time,8:05 a.m.,0.891385,holoclean_keep
288,act_arr_time,8:38 p.m.,0.250000,holoclean
288,act_dep_time,6:40 p.m.,0.250000,holoclean
288,flight,aa-4307-ord-dtw,0.985488,holoclean_keep
288,sched_arr_time,9:10 p.m.,0.936915,holoclean_keep
288,sched_dep_time,6:45 p.m.,0.982118,holoclean_keep
289,act_arr_time,3:09 p.m.,0.648786,holoclean_keep
289,act_dep_time,12:12 p.m.,0.596418,holoclean_keep
289,flight,aa-3-jfk-lax,0.950234,holoclean_keep
289,sched_arr_time,3:15 p.m.,0.854952,holoclean_keep
289,sched_dep_time,12:00 p.m.,0.973491,holoclean_keep
290,act_arr_time,12:02 a.m.,0.200000,holoclean
290,act_dep_time,7:15 p.m.,0.200000,holoclean
290,flight,co-1694-lax-iah,0.942905,holoclean_keep
290,sched_arr_time,12:21 a.m.,0.615223,holoclean_keep
291,act_arr_time,7:20 p.m.,0.333333,holoclean
291,act_dep_time,2:04 p.m.,0.250000,holoclean
291,flight,ua-843-lax-ord,0.926827,holoclean_keep
291,sched_arr_time,7:53 p.m.,0.880644,holoclean_keep
291,sched_dep_time,1:55 p.m.,0.883058,holoclean_keep
292,act_arr_time,12:02 p.m.,0.333333,holoclean
292,act_dep_time,9:14 a.m.,0.200000,holoclean
292,flight,co-1193-ewr-mco,0.938870,holoclean_keep
292,sched_arr_time,12:18 p.m.,0.955469,holoclean_keep
292,sched_dep_time,9:15 a.m.,0.994641,holoclean_keep
293,act_arr_time,7:49 a.m.,0.333333,holoclean
293,act_dep_time,5:59 a.m.,0.250000,holoclean
293,flight,aa-3842-msp-ord,0.865487,holoclean_keep
293,sched_arr_time,7:30 a.m.,0.703867,holoclean_keep
293,sched_dep_time,6:00 a.m.,0.992378,holoclean_keep
294,act_arr_time,9:23 a.m.,0.551873,holoclean_keep
294,act_dep_time,7:31 a.m.,0.711235,holoclean_keep
294,flight,aa-643-mia-ord,0.974471,holoclean_keep
294,sched_arr_time,9:35 a.m.,0.869937,holoclean_keep
294,sched_dep_time,7:10 a.m.,0.995704,holoclean_keep
295,act_arr_time,6:28 p.m.,0.166667,holoclean
295,act_dep_time,4:28 p.m.,0.166667,holoclean
295,flight,ua-2906-phl-mco,0.936597,holoclean_keep
295,sched_arr_time,6:23 p.m.,0.975352,holoclean_keep
295,sched_dep_time,3:50 p.m.,0.959688,holoclean_keep
296,act_arr_time,7:23 p.m.,0.333333,holoclean
296,act_dep_time,4:15 p.m.,0.333333,holoclean
296,flight,ua-938-den-ord,0.927839,holoclean_keep
296,sched_arr_time,7:35 p.m.,0.937766,holoclean_keep
296,sched_dep_time,4:16 p.m.,0.977150,holoclean_keep
297,act_arr_time,9:47 p.m.,0.333333,holoclean
297,act_dep_time,8:01 p.m.,0.500000,holoclean
297,flight,aa-1221-mco-ord,0.932781,holoclean_keep
297,sched_arr_time,9:45 p.m.,0.939950,holoclean_keep
297,sched_dep_time,8:00 p.m.,0.983066,holoclean_keep
298,act_arr_time,6:13 p.m.,0.500000,holoclean
298,act_dep_time,10:20 a.m.,0.333333,holoclean
298,flight,co-16-lax-ewr,0.938728,holoclean_keep
298,sched_arr_time,6:44 p.m.,0.839663,holoclean_keep
298,sched_dep_time,10:25 a.m.,0.983984,holoclean_keep
299,act_arr_time,10:43 a.m.,0.200000,holoclean
299,act_dep_time,7:05 a.m.,0.166667,holoclean
299,flight,ua-2515-dfw-clt,0.932523,holoclean_keep
299,sched_arr_time,10:31 a.m.,0.932420,holoclean_keep
299,sched_dep_time,7:05 a.m.,0.969842,holoclean_keep
300,act_arr_time,2:52 p.m.,0.711235,holoclean_keep
300,act_dep_time,11:02 a.m.,0.648786,holoclean_keep
300,flight,aa-400-dfw-jfk,0.968221,holoclean_keep
300,sched_arr_time,2:59 p.m.,0.813668,holoclean_keep
300,sched_dep_time,10:40 a.m.,0.977648,holoclean_keep
301,act_arr_time,4:18 p.m.,0.333333,holoclean
301,act_dep_time,1:31 p.m.,0.250000,holoclean
301,flight,ua-664-ord-phl,0.933935,holoclean_keep
301,sched_arr_time,4:31 p.m.,0.938386,holoclean_keep
301,sched_dep_time,1:33 p.m.,0.992847,holoclean_keep
302,act_arr_time,5:49 a.m.,0.711235,holoclean_keep
302,act_dep_time,12:11 a.m.,0.786986,holoclean_keep
302,flight,aa-1522-sfo-ord,0.994193,holoclean_keep
302,sched_arr_time,5:50 a.m.,0.808804,holoclean_keep
302,sched_dep_time,11:55 p.m.,0.994502,holoclean_keep
303,act_arr_time,11:56 p.m.,0.480150,holoclean_keep
303,act_dep_time,4:30 p.m.,0.596418,holoclean_keep
303,flight,ua-233-lax-jfk,0.991161,holoclean_keep
303,sched_arr_time,12:29 a.m.,0.801856,holoclean_keep
303,sched_dep_time,4:25 p.m.,0.996746,holoclean_keep
304,act_arr_time,11:49 p.m.,0.200000,holoclean
304,act_dep_time,9:06 p.m.,0.250000,holoclean
304,flight,aa-3823-lax-den,0.938332,holoclean_keep
304,sched_arr_time,12:15 a.m.,0.574487,holoclean_keep
304,sched_dep_time,9:00 p.m.,0.949029,holoclean_keep
305,act_arr_time,11:54 p.m.,0.711235,holoclean_keep
305,act_dep_time,8:44 p.m.,0.711235,holoclean_keep
305,flight,aa-2312-dfw-dtw,0.994085,holoclean_keep
305,sched_arr_time,11:50 p.m.,0.991589,holoclean_keep
305,sched_dep_time,8:25 p.m.,0.979820,holoclean_keep
306,act_arr_time,9:56 a.m.,0.513519,holoclean_keep
306,act_dep_time,7:23 a.m.,0.551873,holoclean_keep
306,flight,aa-1165-jfk-mia,0.965898,holoclean_keep
306,sched_arr_time,10:34 a.m.,0.790348,holoclean_keep
306,sched_dep_time,6:59 a.m.,0.957765,holoclean_keep
307,act_arr_time,11:39 a.m.,0.596418,holoclean_keep
307,act_dep_time,8:52 a.m.,0.711235,holoclean_keep
307,flight,aa-431-mia-sfo,0.994784,holoclean_keep
307,sched_arr_time,11:50 a.m.,0.951593,holoclean_keep
307,sched_dep_time,8:35 a.m.,0.988683,holoclean_keep
308,act_arr_time,5:22 p.m.,0.200000,holoclean
308,act_dep_time,2:26 p.m.,0.200000,holoclean
308,flight,ua-257-jfk-sfo,0.883009,holoclean_keep
308,sched_arr_time,6:15 p.m.,0.881452,holoclean_keep
308,sched_dep_time,2:30 p.m.,0.956211,holoclean_keep
309,act_arr_time,9:11 a.m.,0.500000,holoclean
309,act_dep_time,8:26 a.m.,0.333333,holoclean
309,flight,ua-3373-iad-phl,0.929963,holoclean_keep
309,sched_arr_time,9:24 a.m.,0.949883,holoclean_keep
309,sched_dep_time,8:29 a.m.,0.973632,holoclean_keep
310,act_arr_time,3:26 p.m.,0.166667,holoclean
310,act_dep_time,11:54 a.m.,0.111111,holoclean
310,flight,aa-649-ord-sna,0.950198,holoclean_keep
310,sched_arr_time,3:50 p.m.,0.973522,holoclean_keep
310,sched_dep_time,1:30 p.m.,0.945833,holoclean_keep
311,act_arr_time,4:55 p.m.,0.500000,holoclean
311,act_dep_time,3:01 p.m.,0.500000,holoclean
311,flight,co-1250-mia-iah,0.932562,holoclean_keep
311,sched_arr_time,4:48 p.m.,0.834080,holoclean_keep
311,sched_dep_time,2:53 p.m.,0.931037,holoclean_keep
312,act_arr_time,8:33 a.m.,0.250000,holoclean
312,act_dep_time,7:27 a.m.,0.333333,holoclean
312,flight,ua-6273-yyc-sfo,0.916060,holoclean_keep
312,sched_arr_time,9:43 a.m.,0.687228,holoclean_keep
312,sched_dep_time,7:35 a.m.,0.930900,holoclean_keep
313,act_arr_time,7:50 a.m.,0.250000,holoclean
313,act_dep_time,12:45 a.m.,0.200000,holoclean
313,flight,ua-858-pvg-sfo,0.935038,holoclean_keep
313,sched_arr_time,8:27 a.m.,0.846707,holoclean_keep
313,sched_dep_time,1:45 p.m.,0.971169,holoclean_keep
314,act_arr_time,1:52 p.m.,0.250000,holoclean
314,act_dep_time,11:15 a.m.,0.250000,holoclean
314,flight,ua-2704-dtw-phx,0.930927,holoclean_keep
314,sched_arr_time,1:40 p.m.,0.769137,holoclean_keep
314,sched_dep_time,11:15 a.m.,0.960408,holoclean_keep
315,act_arr_time,9:11 p.m.,0.200000,holoclean
315,act_dep_time,8:30 p.m.,0.333333,holoclean
315,flight,aa-3063-slc-lax,0.925120,holoclean_keep
315,sched_arr_time,9:20 p.m.,0.861438,holoclean_keep
315,sched_dep_time,8:20 p.m.,0.919284,holoclean_keep
316,act_arr_time,4:22 p.m.,0.250000,holoclean
316,act_dep_time,2:52 p.m.,0.250000,holoclean
316,flight,ua-2708-ewr-clt,0.859392,holoclean_keep
316,sched_arr_time,4:53 p.m.,0.738787,holoclean_keep
316,sched_dep_time,2:55 p.m.,0.892904,holoclean_keep
317,act_arr_time,6:59 p.m.,0.333333,holoclean
317,act_dep_time,2:48 p.m.,0.333333,holoclean
317,flight,ua-62-iah-ewr,0.822976,holoclean_keep
317,sched_arr_time,7:03 p.m.,0.915704,holoclean_keep
317,sched_dep_time,2:30 p.m.,0.931549,holoclean_keep
318,act_arr_time,3:36 p.m.,0.500000,holoclean
318,act_dep_time,2:32 p.m.,0.500000,holoclean
318,flight,aa-3804-phl-ord,0.934475,holoclean_keep
318,sched_arr_time,4:05 p.m.,0.972821,holoclean_keep
318,sched_dep_time,2:35 p.m.,0.958275,holoclean_keep
319,act_arr_time,5:34 p.m.,0.250000,holoclean
319,act_dep_time,3:00 p.m.,0.333333,holoclean
319,flight,aa-1917-jfk-mco,0.914661,holoclean_keep
319,sched_arr_time,5:55 p.m.,0.829746,holoclean_keep
319,sched_dep_time,2:55 p.m.,0.957091,holoclean_keep
320,act_arr_time,11:04 a.m.,0.480150,holoclean_keep
320,act_dep_time,7:23 a.m.,0.648786,holoclean_keep
320,flight,aa-2268-phx-ord,0.977931,holoclean_keep
320,sched_arr_time,11:35 a.m.,0.860634,holoclean_keep
320,sched_dep_time,7:15 a.m.,0.967399,holoclean_keep
321,act_arr_time,4:43 p.m.,0.200000,holoclean
321,act_dep_time,2:46 p.m.,0.250000,holoclean
321,flight,ua-2314-atl-phl,0.869097,holoclean_keep
321,sched_arr_time,5:00 p.m.,0.767294,holoclean_keep
321,sched_dep_time,2:55 p.m.,0.907169,holoclean_keep
322,act_arr_time,1:40 p.m.,0.333333,holoclean
322,act_dep_time,12:01 p.m.,0.333333,holoclean
322,flight,aa-4277-cvg-jfk,0.933246,holoclean_keep
322,sched_arr_time,2:15 p.m.,0.974632,holoclean_keep
322,sched_dep_time,12:10 p.m.,0.957705,holoclean_keep
323,act_arr_time,10:58 a.m.,0.250000,holoclean
323,act_dep_time,7:51 a.m.,0.250000,holoclean
323,flight,aa-2957-dfw-cvg,0.935513,holoclean_keep
323,sched_arr_time,11:05 a.m.,0.939171,holoclean_keep
323,sched_dep_time,7:55 a.m.,0.993199,holoclean_keep
324,act_arr_time,12:00 p.m.,0.333333,holoclean
324,act_dep_time,8:52 a.m.,0.250000,holoclean
324,flight,ua-37-edi-ewr,0.935493,holoclean_keep
324,sched_arr_time,11:53 a.m.,0.824608,holoclean_keep
324,sched_dep_time,9:05 a.m.,0.859985,holoclean_keep
325,act_arr_time,2:49 p.m.,0.513519,holoclean_keep
325,act_dep_time,1:20 p.m.,0.551873,holoclean_keep
325,flight,aa-789-ord-den,0.993257,holoclean_keep
325,sched_arr_time,2:35 p.m.,0.969558,holoclean_keep
325,sched_dep_time,1:05 p.m.,0.959449,holoclean_keep
326,act_arr_time,1:23 p.m.,0.786986,holoclean_keep
326,act_dep_time,8:07 a.m.,0.786986,holoclean_keep
326,flight,ua-854-sfo-iah,0.994364,holoclean_keep
326,sched_arr_time,1:39 p.m.,0.953024,holoclean_keep
326,sched_dep_time,7:53 a.m.,0.935385,holoclean_keep
327,act_arr_time,10:10 a.m.,0.250000,holoclean
327,act_dep_time,8:32 a.m.,0.250000,holoclean
327,flight,aa-415-bos-ord,0.935707,holoclean_keep
327,sched_arr_time,10:40 a.m.,0.796637,holoclean_keep
327,sched_dep_time,8:35 a.m.,0.975425,holoclean_keep
328,act_arr_time,6:11 p.m.,0.250000,holoclean
328,act_dep_time,3:09 p.m.,0.250000,holoclean
328,flight,aa-85-jfk-sfo,0.985966,holoclean_keep
328,sched_arr_time,6:30 p.m.,0.972159,holoclean_keep
328,sched_dep_time,3:05 p.m.,0.991929,holoclean_keep
329,act_arr_time,6:09 p.m.,0.200000,holoclean
329,act_dep_time,3:52 p.m.,0.250000,holoclean
329,flight,aa-3786-iah-ord,0.827045,holoclean_keep
329,sched_arr_time,6:40 p.m.,0.792112,holoclean_keep
329,sched_dep_time,4:00 p.m.,0.971922,holoclean_keep
330,act_arr_time,5:09 p.m.,0.500000,holoclean
330,act_dep_time,3:31 p.m.,0.500000,holoclean
330,flight,co-50-cle-ewr,0.892940,holoclean_keep
330,sched_arr_time,4:49 p.m.,0.811319,holoclean_keep
330,sched_dep_time,2:55 p.m.,0.928232,holoclean_keep
331,act_arr_time,5:34 p.m.,0.200000,holoclean
331,act_dep_time,11:43 a.m.,0.250000,holoclean
331,flight,ua-3099-phx-phl,0.935764,holoclean_keep
331,sched_arr_time,6:17 p.m.,0.974383,holoclean_keep
331,sched_dep_time,11:55 a.m.,0.992617,holoclean_keep
332,act_arr_time,12:37 p.m.,0.333333,holoclean
332,act_dep_time,10:35 a.m.,0.250000,holoclean
332,flight,aa-4198-ord-cle,0.930301,holoclean_keep
332,sched_arr_time,12:55 p.m.,0.824935,holoclean_keep
332,sched_dep_time,10:40 a.m.,0.992260,holoclean_keep
333,act_arr_time,7:40 a.m.,0.596418,holoclean_keep
333,act_dep_time,6:58 a.m.,0.711235,holoclean_keep
333,flight,aa-404-mia-mco,0.994416,holoclean_keep
333,sched_arr_time,7:45 a.m.,0.966212,holoclean_keep
333,sched_dep_time,6:45 a.m.,0.995388,holoclean_keep
334,act_arr_time,6:33 p.m.,0.500000,holoclean
334,act_dep_time,3:58 p.m.,0.333333,holoclean
334,flight,co-45-ewr-mia,0.947694,holoclean_keep
334,sched_arr_time,7:05 p.m.,0.864268,holoclean_keep
335,act_arr_time,6:07 a.m.,0.166667,holoclean
335,act_dep_time,5:56 a.m.,0.250000,holoclean
335,flight,aa-3809-phx-lax,0.870104,holoclean_keep
335,sched_arr_time,6:40 a.m.,0.717791,holoclean_keep
335,sched_dep_time,6:00 a.m.,0.993566,holoclean_keep
336,act_arr_time,10:49 a.m.,0.513519,holoclean_keep
336,act_dep_time,7:40 a.m.,0.711235,holoclean_keep
336,flight,aa-59-jfk-sfo,0.978924,holoclean_keep
336,sched_arr_time,10:45 a.m.,0.870031,holoclean_keep
336,sched_dep_time,7:10 a.m.,0.988992,holoclean_keep
337,act_arr_time,3:09 p.m.,0.250000,holoclean
337,act_dep_time,1:40 p.m.,0.200000,holoclean
337,flight,aa-222-lax-bos,0.848944,holoclean_keep
337,sched_arr_time,3:30 p.m.,0.755946,holoclean_keep
337,sched_dep_time,7:10 a.m.,0.978266,holoclean_keep
338,act_arr_time,9:22 a.m.,0.786986,holoclean_keep
338,act_dep_time,7:16 a.m.,0.786986,holoclean_keep
338,flight,aa-3859-iah-ord,0.949448,holoclean_keep
338,sched_arr_time,9:40 a.m.,0.711042,holoclean
338,sched_dep_time,7:10 a.m.,0.915358,holoclean
339,act_arr_time,10:02 p.m.,0.142857,holoclean
339,act_dep_time,7:14 p.m.,0.250000,holoclean
339,flight,co-1586-iah-mco,0.980841,holoclean_keep
339,sched_arr_time,10:15 p.m.,0.894806,holoclean_keep
339,sched_dep_time,7:00 p.m.,0.979534,holoclean_keep
340,act_arr_time,9:14 a.m.,0.648786,holoclean_keep
340,act_dep_time,6:54 a.m.,0.711235,holoclean_keep
340,flight,aa-518-mia-jfk,0.960217,holoclean_keep
340,sched_arr_time,9:25 a.m.,0.512251,holoclean
340,sched_dep_time,6:40 a.m.,0.763279,holoclean
341,act_arr_time,11:30 a.m.,0.648786,holoclean_keep
341,act_dep_time,8:48 a.m.,0.648786,holoclean_keep
341,flight,ua-397-jfk-sfo,0.949694,holoclean_keep
341,sched_arr_time,11:55 a.m.,0.608916,holoclean
341,sched_dep_time,8:00 a.m.,0.651606,holoclean
342,act_arr_time,9:29 a.m.,0.648786,holoclean_keep
342,act_dep_time,9:00 a.m.,0.596418,holoclean_keep
342,flight,ua-3925-iad-orf,0.922456,holoclean_keep
342,sched_arr_time,9:54 a.m.,0.200604,holoclean
342,sched_dep_time,8:41 a.m.,0.316097,holoclean
343,act_arr_time,10:31 p.m.,0.648786,holoclean_keep
343,act_dep_time,7:59 p.m.,0.786986,holoclean_keep
343,flight,aa-1733-ord-phx,0.944122,holoclean_keep
343,sched_arr_time,10:30 p.m.,0.643855,holoclean
343,sched_dep_time,7:45 p.m.,0.881886,holoclean
344,act_arr_time,5:14 p.m.,0.786986,holoclean_keep
344,act_dep_time,3:50 p.m.,0.711235,holoclean_keep
344,flight,ua-2830-mco-clt,0.946033,holoclean_keep
344,sched_arr_time,5:05 p.m.,0.456800,holoclean
344,sched_dep_time,3:27 p.m.,0.516794,holoclean
345,act_arr_time,3:25 p.m.,0.500000,holoclean
345,act_dep_time,11:32 a.m.,0.333333,holoclean
345,flight,co-58-den-iah,0.977491,holoclean_keep
345,sched_arr_time,2:50 p.m.,0.954735,holoclean_keep
345,sched_dep_time,11:25 a.m.,0.982157,holoclean_keep
346,act_arr_time,4:54 p.m.,0.786986,holoclean_keep
346,act_dep_time,11:41 a.m.,0.711235,holoclean_keep
346,flight,aa-1544-san-ord,0.955163,holoclean_keep
346,sched_arr_time,5:25 p.m.,0.629629,holoclean
346,sched_dep_time,11:25 a.m.,0.414376,holoclean
347,act_arr_time,11:11 a.m.,0.711235,holoclean_keep
347,act_dep_time,10:53 a.m.,0.880797,holoclean_keep
347,flight,ua-5487-sfo-mry,0.958973,holoclean_keep
347,sched_arr_time,11:19 a.m.,0.500000,holoclean
347,sched_dep_time,10:39 a.m.,0.500000,holoclean
348,act_arr_time,12/2/11 6:35 a.m.,0.551873,holoclean_keep
348,act_dep_time,11:29 p.m.,0.648786,holoclean_keep
348,flight,aa-204-lax-mco,0.942779,holoclean_keep
348,sched_arr_time,6:55 a.m. dec 02,0.137906,holoclean
348,sched_dep_time,11:25 p.m.,0.487670,holoclean
349,act_arr_time,7:04 a.m.,0.596418,holoclean_keep
349,act_dep_time,6:10 a.m.,0.711235,holoclean_keep
349,flight,ua-414-lax-sfo,0.975229,holoclean_keep
349,sched_arr_time,7:23 a.m.,0.261804,holoclean
349,sched_dep_time,6:00 a.m.,0.441965,holoclean
350,act_arr_time,5:23 a.m.,0.250000,holoclean
350,act_dep_time,12:41 a.m.,0.250000,holoclean
350,flight,co-1614-lax-iah,0.936209,holoclean_keep
350,sched_arr_time,5:35 a.m.,0.956018,holoclean_keep
350,sched_dep_time,12:30 a.m.,0.982626,holoclean_keep
351,act_arr_time,6:25 p.m.,0.711235,holoclean_keep
351,act_dep_time,4:10 p.m.,0.711235,holoclean_keep
351,flight,ua-2726-fll-phl,0.946257,holoclean_keep
351,sched_arr_time,6:46 p.m.,0.889431,holoclean
351,sched_dep_time,4:00 p.m.,0.603389,holoclean
352,act_arr_time,9:08 a.m.,0.333333,holoclean
352,act_dep_time,7:29 a.m.,0.500000,holoclean
352,flight,co-52-iah-lax,0.979930,holoclean_keep
352,sched_arr_time,9:21 a.m.,0.824951,holoclean_keep
352,sched_dep_time,7:35 a.m.,0.983855,holoclean_keep
353,act_arr_time,1:09 p.m.,0.500000,holoclean
353,act_dep_time,10:19 a.m.,0.333333,holoclean
353,flight,co-1090-bos-iah,0.937119,holoclean_keep
353,sched_arr_time,1:16 p.m.,0.839662,holoclean_keep
353,sched_dep_time,9:45 a.m.,0.975653,holoclean_keep
354,act_arr_time,1:11 p.m.,0.711235,holoclean_keep
354,act_dep_time,10:11 a.m.,0.648786,holoclean_keep
354,flight,aa-616-dfw-dtw,0.976655,holoclean_keep
354,sched_arr_time,12:35 p.m.,0.823551,holoclean
354,sched_dep_time,9:05 a.m.,0.896475,holoclean
355,act_arr_time,9:56 a.m.,0.711235,holoclean_keep
355,act_dep_time,8:26 a.m.,0.648786,holoclean_keep
355,flight,ua-3515-iad-msp,0.963677,holoclean_keep
355,sched_arr_time,10:06 a.m.,0.274197,holoclean
355,sched_dep_time,8:15 a.m.,0.274232,holoclean
356,act_arr_time,9:29 a.m.,0.711235,holoclean_keep
356,act_dep_time,7:25 a.m.,0.648786,holoclean_keep
356,flight,aa-3468-cvg-mia,0.939627,holoclean_keep
356,sched_arr_time,9:55 a.m.,0.490773,holoclean
356,sched_dep_time,7:00 a.m.,0.728292,holoclean
357,act_arr_time,7:37 p.m.,0.711235,holoclean_keep
357,act_dep_time,4:29 p.m.,0.786986,holoclean_keep
357,flight,aa-484-dfw-mia,0.946201,holoclean_keep
357,sched_arr_time,7:55 p.m.,0.587062,holoclean
357,sched_dep_time,4:15 p.m.,0.536631,holoclean
358,act_arr_time,1:36 p.m.,0.711235,holoclean_keep
358,act_dep_time,10:54 a.m.,0.711235,holoclean_keep
358,flight,aa-1886-bos-mia,0.970024,holoclean_keep
358,sched_arr_time,2:20 p.m.,0.582875,holoclean
358,sched_dep_time,10:45 a.m.,0.414788,holoclean
359,act_arr_time,6:59 p.m.,0.333333,holoclean
359,act_dep_time,2:48 p.m.,0.333333,holoclean
359,flight,co-62-iah-ewr,0.839919,holoclean_keep
359,sched_arr_time,7:03 p.m.,0.918764,holoclean_keep
359,sched_dep_time,2:30 p.m.,0.934222,holoclean_keep
360,act_arr_time,11:04 a.m.,0.142857,holoclean
360,act_dep_time,7:10 a.m.,0.142857,holoclean
360,flight,co-1561-phx-iah,0.949688,holoclean_keep
360,sched_arr_time,11:35 a.m.,0.956871,holoclean_keep
360,sched_dep_time,8:05 a.m.,0.891391,holoclean_keep
361,act_arr_time,4:43 p.m.,0.551873,holoclean_keep
361,act_dep_time,3:04 p.m.,0.711235,holoclean_keep
361,flight,ua-2314-atl-phl,0.955355,holoclean_keep
361,sched_arr_time,5:00 p.m.,0.266462,holoclean
361,sched_dep_time,2:55 p.m.,0.295069,holoclean
362,act_arr_time,4:08 p.m.,0.711235,holoclean_keep
362,act_dep_time,12:13 p.m.,0.711235,holoclean_keep
362,flight,aa-446-dfw-phl,0.968958,holoclean_keep
362,sched_arr_time,3:50 p.m.,0.632170,holoclean
362,sched_dep_time,11:50 a.m.,0.722324,holoclean
363,act_arr_time,1:06 p.m.,0.250000,holoclean
363,act_dep_time,11:56 a.m.,0.250000,holoclean
363,flight,co-1023-iah-den,0.934199,holoclean_keep
363,sched_arr_time,1:17 p.m.,0.948229,holoclean_keep
363,sched_dep_time,11:40 a.m.,0.965371,holoclean_keep
364,act_arr_time,8:50 a.m.,0.551873,holoclean_keep
364,act_dep_time,6:09 a.m.,0.711235,holoclean_keep
364,flight,aa-466-iah-mia,0.980628,holoclean_keep
364,sched_arr_time,9:20 a.m.,0.441694,holoclean
364,sched_dep_time,6:00 a.m.,0.747197,holoclean
365,act_arr_time,5:00 p.m.,0.648786,holoclean_keep
365,act_dep_time,11:45 a.m.,0.648786,holoclean_keep
365,flight,ua-3050-phx-clt,0.941971,holoclean_keep
365,sched_arr_time,4:57 p.m.,0.794419,holoclean
365,sched_dep_time,11:05 a.m.,0.870023,holoclean
366,act_arr_time,10:18 a.m.,0.333333,holoclean
366,act_dep_time,6:02 a.m.,0.333333,holoclean
366,flight,co-89-iah-ewr,0.856302,holoclean_keep
366,sched_arr_time,10:20 a.m.,0.657401,holoclean_keep
366,sched_dep_time,6:00 a.m.,0.985840,holoclean_keep
367,act_arr_time,10:47 a.m.,0.333333,holoclean
367,act_dep_time,8:40 a.m.,0.333333,holoclean
367,flight,co-1088-cle-iah,0.936968,holoclean_keep
367,sched_arr_time,10:54 a.m.,0.958482,holoclean_keep
367,sched_dep_time,8:40 a.m.,0.983855,holoclean_keep
368,act_arr_time,11:50 a.m.,0.711235,holoclean_keep
368,act_dep_time,10:19 a.m.,0.711235,holoclean_keep
368,flight,aa-1664-mia-atl,0.976011,holoclean_keep
368,sched_arr_time,12:10 p.m.,0.757101,holoclean
368,sched_dep_time,10:15 a.m.,0.803619,holoclean
369,act_arr_time,3:13 p.m.,0.711235,holoclean_keep
369,act_dep_time,2:03 p.m.,0.648786,holoclean_keep
369,flight,aa-1279-dfw-phx,0.957551,holoclean_keep
369,sched_arr_time,2:35 p.m.,0.857510,holoclean
369,sched_dep_time,1:00 p.m.,0.860730,holoclean
370,act_arr_time,1:23 p.m.,0.786986,holoclean_keep
370,act_dep_time,8:07 a.m.,0.786986,holoclean_keep
370,flight,ua-854-sfo-iah,0.956352,holoclean_keep
370,sched_arr_time,1:39 p.m.,0.660220,holoclean
370,sched_dep_time,7:53 a.m.,0.458149,holoclean
371,act_arr_time,3:09 p.m.,0.711235,holoclean_keep
371,act_dep_time,12:56 p.m.,0.551873,holoclean_keep
371,flight,ua-382-iad-lax,0.965140,holoclean_keep
371,sched_arr_time,3:30 p.m.,0.221194,holoclean
371,sched_dep_time,12:30 p.m.,0.359153,holoclean
372,act_arr_time,1:55 p.m.,0.786986,holoclean_keep
372,act_dep_time,12:14 p.m.,0.711235,holoclean_keep
372,flight,aa-4344-ord-dtw,0.955274,holoclean_keep
372,sched_arr_time,2:00 p.m.,0.256227,holoclean
372,sched_dep_time,11:45 a.m.,0.603346,holoclean
373,act_arr_time,5:22 p.m.,0.711235,holoclean_keep
373,act_dep_time,2:43 p.m.,0.711235,holoclean_keep
373,flight,ua-257-jfk-sfo,0.946488,holoclean_keep
373,sched_arr_time,6:15 p.m.,0.639088,holoclean
373,sched_dep_time,2:30 p.m.,0.688816,holoclean
374,act_arr_time,1:11 p.m.,0.648786,holoclean_keep
374,act_dep_time,12:07 p.m.,0.513519,holoclean_keep
374,flight,ua-2945-phl-clt,0.945727,holoclean_keep
374,sched_arr_time,1:45 p.m.,0.497213,holoclean
374,sched_dep_time,12:00 p.m.,0.603438,holoclean
375,act_arr_time,7:43 p.m.,0.333333,holoclean
375,act_dep_time,5:22 p.m.,0.500000,holoclean
375,flight,co-63-ewr-iah,0.938065,holoclean_keep
375,sched_arr_time,8:22 p.m.,0.931814,holoclean_keep
375,sched_dep_time,5:25 p.m.,0.928218,holoclean_keep
376,act_arr_time,8:46 p.m.,0.200000,holoclean
376,act_dep_time,7:27 p.m.,0.333333,holoclean
376,flight,co-47-iah-lax,0.932168,holoclean_keep
376,sched_arr_time,8:56 p.m.,0.872277,holoclean_keep
376,sched_dep_time,7:10 p.m.,0.979083,holoclean_keep
377,act_arr_time,2:39 p.m.,0.648786,holoclean_keep
377,act_dep_time,11:06 a.m.,0.711235,holoclean_keep
377,flight,aa-2050-ord-mia,0.943749,holoclean_keep
377,sched_arr_time,2:45 p.m.,0.627749,holoclean
377,sched_dep_time,10:40 a.m.,0.889654,holoclean
378,act_arr_time,5:24 p.m.,0.880797,holoclean_keep
378,act_dep_time,1:43 p.m.,0.786986,holoclean_keep
378,flight,ua-248-phx-ord,0.956550,holoclean_keep
378,sched_arr_time,5:15 p.m.,0.373050,holoclean
378,sched_dep_time,12:57 p.m.,0.464309,holoclean
379,act_arr_time,3:25 p.m.,0.333333,holoclean
379,act_dep_time,3:27 p.m.,0.500000,holoclean
379,flight,aa-4330-cvg-ord,0.932154,holoclean_keep
379,sched_arr_time,4:00 p.m.,0.942023,holoclean_keep
379,sched_dep_time,3:35 p.m.,0.933521,holoclean_keep
380,act_arr_time,10:34 a.m.,0.480150,holoclean_keep
380,act_dep_time,7:22 a.m.,0.711235,holoclean_keep
380,flight,aa-1434-dfw-mco,0.915039,holoclean_keep
380,sched_arr_time,10:35 a.m.,0.300101,holoclean
380,sched_dep_time,7:15 a.m.,0.632708,holoclean
381,act_arr_time,7:25 p.m.,0.648786,holoclean_keep
381,act_dep_time,6:47 p.m.,0.711235,holoclean_keep
381,flight,aa-1640-mia-mco,0.941451,holoclean_keep
381,sched_arr_time,7:25 p.m.,0.539611,holoclean
381,sched_dep_time,6:30 p.m.,0.569691,holoclean
382,act_arr_time,8:38 p.m.,0.711235,holoclean_keep
382,act_dep_time,6:56 p.m.,0.786986,holoclean_keep
382,flight,aa-4307-ord-dtw,0.985300,holoclean_keep
382,sched_arr_time,9:10 p.m.,0.469254,holoclean
382,sched_dep_time,6:45 p.m.,0.784725,holoclean
383,act_arr_time,3:04 p.m.,0.648786,holoclean_keep
383,act_dep_time,12:12 p.m.,0.513519,holoclean_keep
383,flight,aa-3-jfk-lax,0.871559,holoclean_keep
383,sched_arr_time,3:15 p.m.,0.476768,holoclean
383,sched_dep_time,12:00 p.m.,0.538859,holoclean
384,act_arr_time,12:02 a.m.,0.200000,holoclean
384,act_dep_time,7:15 p.m.,0.200000,holoclean
384,flight,co-1694-lax-iah,0.941775,holoclean_keep
384,sched_arr_time,12/2/11 12:21 a.m.,0.549950,holoclean_keep
385,act_arr_time,7:20 p.m.,0.551873,holoclean_keep
385,act_dep_time,2:04 p.m.,0.711235,holoclean_keep
385,flight,ua-843-lax-ord,0.939347,holoclean_keep
385,sched_arr_time,7:53 p.m.,0.250844,holoclean
385,sched_dep_time,1:55 p.m.,0.248137,holoclean
386,act_arr_time,12:02 p.m.,0.333333,holoclean
386,act_dep_time,9:14 a.m.,0.200000,holoclean
386,flight,co-1193-ewr-mco,0.937935,holoclean_keep
386,sched_arr_time,12:18 p.m.,0.955469,holoclean_keep
386,sched_dep_time,9:15 a.m.,0.994641,holoclean_keep
387,act_arr_time,7:49 a.m.,0.648786,holoclean_keep
387,act_dep_time,6:57 a.m.,0.711235,holoclean_keep
387,flight,aa-3842-msp-ord,0.964476,holoclean_keep
387,sched_arr_time,7:30 a.m.,0.374737,holoclean
387,sched_dep_time,6:00 a.m.,0.748748,holoclean
388,act_arr_time,9:26 a.m.,0.551873,holoclean_keep
388,act_dep_time,7:31 a.m.,0.711235,holoclean_keep
388,flight,aa-643-mia-ord,0.942809,holoclean_keep
388,sched_arr_time,9:35 a.m.,0.430888,holoclean
388,sched_dep_time,7:10 a.m.,0.880805,holoclean
389,act_arr_time,7:43 p.m.,0.786986,holoclean_keep
389,act_dep_time,5:09 p.m.,0.711235,holoclean_keep
389,flight,aa-1007-mia-phx,0.983047,holoclean_keep
389,sched_arr_time,8:05 p.m.,0.351456,holoclean
389,sched_dep_time,4:55 p.m.,0.678250,holoclean
390,act_arr_time,10:43 a.m.,0.551873,holoclean_keep
390,act_dep_time,7:39 a.m.,0.648786,holoclean_keep
390,flight,aa-2525-dfw-mia,0.912664,holoclean_keep
390,sched_arr_time,11:10 a.m.,0.312875,holoclean
390,sched_dep_time,7:25 a.m.,0.718487,holoclean
391,act_arr_time,6:28 p.m.,0.596418,holoclean_keep
391,act_dep_time,4:44 p.m.,0.513519,holoclean_keep
391,flight,ua-2906-phl-mco,0.934562,holoclean_keep
391,sched_arr_time,6:23 p.m.,0.552652,holoclean
391,sched_dep_time,3:50 p.m.,0.854709,holoclean
392,act_arr_time,7:23 p.m.,0.786986,holoclean_keep
392,act_dep_time,4:37 p.m.,0.786986,holoclean_keep
392,flight,ua-938-den-ord,0.956179,holoclean_keep
392,sched_arr_time,7:35 p.m.,0.602872,holoclean
392,sched_dep_time,4:16 p.m.,0.651868,holoclean
393,act_arr_time,9:47 p.m.,0.786986,holoclean_keep
393,act_dep_time,8:23 p.m.,0.880797,holoclean_keep
393,flight,aa-1221-mco-ord,0.944257,holoclean_keep
393,sched_arr_time,9:45 p.m.,0.609817,holoclean
393,sched_dep_time,8:00 p.m.,0.766074,holoclean
394,act_arr_time,6:13 p.m.,0.500000,holoclean
394,act_dep_time,10:20 a.m.,0.333333,holoclean
394,flight,co-16-lax-ewr,0.938603,holoclean_keep
394,sched_arr_time,6:44 p.m.,0.839662,holoclean_keep
394,sched_dep_time,10:25 a.m.,0.983984,holoclean_keep
395,act_arr_time,10:43 a.m.,0.596418,holoclean_keep
395,act_dep_time,7:30 a.m.,0.513519,holoclean_keep
395,flight,ua-2515-dfw-clt,0.846006,holoclean_keep
395,sched_arr_time,10:31 a.m.,0.289850,holoclean
395,sched_dep_time,7:05 a.m.,0.320792,holoclean
396,act_arr_time,2:58 p.m.,0.711235,holoclean_keep
396,act_dep_time,11:02 a.m.,0.711235,holoclean_keep
396,flight,aa-400-dfw-jfk,0.948781,holoclean_keep
396,sched_arr_time,2:59 p.m.,0.705248,holoclean
396,sched_dep_time,10:40 a.m.,0.867544,holoclean
397,act_arr_time,4:20 p.m.,0.648786,holoclean_keep
397,act_dep_time,1:48 p.m.,0.711235,holoclean_keep
397,flight,ua-664-ord-phl,0.948649,holoclean_keep
397,sched_arr_time,4:31 p.m.,0.404166,holoclean
397,sched_dep_time,1:33 p.m.,0.671578,holoclean
398,act_arr_time,2:50 p.m.,0.786986,holoclean_keep
398,act_dep_time,12:42 p.m.,0.786986,holoclean_keep
398,flight,aa-3756-ord-slc,0.949988,holoclean_keep
398,sched_arr_time,2:45 p.m.,0.895710,holoclean
398,sched_dep_time,12:15 p.m.,0.601569,holoclean
399,act_arr_time,4:05 p.m.,0.333333,holoclean
399,act_dep_time,1:48 p.m.,0.250000,holoclean
399,flight,ua-37-ewr-mco,0.935460,holoclean_keep
399,sched_arr_time,4:17 p.m.,0.946554,holoclean_keep
399,sched_dep_time,1:29 p.m.,0.928216,holoclean_keep
400,act_arr_time,5:52 a.m.,0.711235,holoclean_keep
400,act_dep_time,12:11 a.m.,0.786986,holoclean_keep
400,flight,aa-1522-sfo-ord,0.944980,holoclean_keep
400,sched_arr_time,5:50 a.m.,0.164882,holoclean
400,sched_dep_time,11:55 p.m.,0.875891,holoclean
401,act_arr_time,12/2/11 12:01 a.m.,0.551873,holoclean_keep
401,act_dep_time,4:28 p.m.,0.596418,holoclean_keep
401,flight,ua-233-lax-jfk,0.938296,holoclean_keep
401,sched_arr_time,12:29 a.m.,0.153171,holoclean
401,sched_dep_time,4:25 p.m.,0.888007,holoclean
402,act_arr_time,11:49 p.m.,0.648786,holoclean_keep
402,act_dep_time,9:06 p.m.,0.711235,holoclean_keep
402,flight,aa-3823-lax-den,0.932013,holoclean_keep
402,sched_arr_time,12:15 a.m.,0.150303,holoclean
402,sched_dep_time,9:00 p.m.,0.491282,holoclean
403,act_arr_time,11:35 p.m.,0.711235,holoclean_keep
403,act_dep_time,8:29 p.m.,0.711235,holoclean_keep
403,flight,aa-2312-dfw-dtw,0.944109,holoclean_keep
403,sched_arr_time,11:50 p.m.,0.671716,holoclean
403,sched_dep_time,8:25 p.m.,0.584382,holoclean
404,act_arr_time,9:45 a.m.,0.513519,holoclean_keep
404,act_dep_time,7:23 a.m.,0.596418,holoclean_keep
404,flight,aa-1165-jfk-mia,0.842831,holoclean_keep
404,sched_arr_time,10:34 a.m.,0.265765,holoclean
404,sched_dep_time,6:59 a.m.,0.554846,holoclean
405,act_arr_time,11:33 a.m.,0.596418,holoclean_keep
405,act_dep_time,8:52 a.m.,0.711235,holoclean_keep
405,flight,aa-431-mia-sfo,0.974894,holoclean_keep
405,sched_arr_time,11:50 a.m.,0.490726,holoclean
405,sched_dep_time,8:35 a.m.,0.735572,holoclean
406,act_arr_time,9:13 a.m.,0.880797,holoclean_keep
406,act_dep_time,8:37 a.m.,0.786986,holoclean_keep
406,flight,ua-3373-iad-phl,0.957132,holoclean_keep
406,sched_arr_time,9:24 a.m.,0.691850,holoclean
406,sched_dep_time,8:29 a.m.,0.676202,holoclean
407,act_arr_time,3:29 p.m.,0.711235,holoclean_keep
407,act_dep_time,1:41 p.m.,0.711235,holoclean_keep
407,flight,aa-649-ord-sna,0.944904,holoclean_keep
407,sched_arr_time,3:50 p.m.,0.795098,holoclean
407,sched_dep_time,1:30 p.m.,0.497189,holoclean
408,act_arr_time,4:55 p.m.,0.500000,holoclean
408,act_dep_time,3:01 p.m.,0.500000,holoclean
408,flight,co-1250-mia-iah,0.935644,holoclean_keep
408,sched_arr_time,4:48 p.m.,0.834079,holoclean_keep
408,sched_dep_time,2:53 p.m.,0.931038,holoclean_keep
409,act_arr_time,8:33 a.m.,0.711235,holoclean_keep
409,act_dep_time,7:41 a.m.,0.786986,holoclean_keep
409,flight,ua-6273-yyc-sfo,0.954864,holoclean_keep
409,sched_arr_time,9:43 a.m.,0.356959,holoclean
409,sched_dep_time,7:35 a.m.,0.365588,holoclean
410,act_arr_time,5:21 a.m.,0.333333,holoclean
410,act_dep_time,11/30/2011 11:34 p.m.,0.333333,holoclean
410,flight,ua-828-sfo-ord,0.945390,holoclean_keep
410,sched_arr_time,12/2/11 5:11 a.m.,0.591168,holoclean_keep
410,sched_dep_time,11:08 p.m.,0.995557,holoclean_keep
411,act_arr_time,6:19 p.m.,0.551873,holoclean_keep
411,act_dep_time,5:38 p.m.,0.711235,holoclean_keep
411,flight,co-4888-iah-dal,0.922286,holoclean_keep
411,sched_arr_time,6:40 p.m.,0.442096,holoclean
411,sched_dep_time,5:30 p.m.,0.887010,holoclean
412,act_arr_time,7:50 a.m.,0.711235,holoclean_keep
412,act_dep_time,1:50 p.m. (+8:00),0.648786,holoclean_keep
412,flight,ua-858-pvg-sfo,0.955840,holoclean_keep
412,sched_arr_time,8:27 a.m.,0.377986,holoclean
412,sched_dep_time,1:45 p.m.,0.598090,holoclean
413,act_arr_time,1:52 p.m.,0.648786,holoclean_keep
413,act_dep_time,11:47 a.m.,0.711235,holoclean_keep
413,flight,ua-2704-dtw-phx,0.989965,holoclean_keep
413,sched_arr_time,1:40 p.m.,0.628494,holoclean
413,sched_dep_time,11:15 a.m.,0.441332,holoclean
414,act_arr_time,9:12 p.m.,0.648786,holoclean_keep
414,act_dep_time,8:40 p.m.,0.786986,holoclean_keep
414,flight,aa-3063-slc-lax,0.952263,holoclean_keep
414,sched_arr_time,9:20 p.m.,0.414978,holoclean
414,sched_dep_time,8:20 p.m.,0.333074,holoclean
415,act_arr_time,4:22 p.m.,0.551873,holoclean_keep
415,act_dep_time,3:04 p.m.,0.711235,holoclean_keep
415,flight,ua-2708-ewr-clt,0.970937,holoclean_keep
415,sched_arr_time,4:53 p.m.,0.242261,holoclean
415,sched_dep_time,2:55 p.m.,0.263298,holoclean
416,act_arr_time,6:59 p.m.,0.333333,holoclean
416,act_dep_time,2:48 p.m.,0.333333,holoclean
416,flight,ua-62-iah-ewr,0.822976,holoclean_keep
416,sched_arr_time,7:03 p.m.,0.915703,holoclean_keep
416,sched_dep_time,2:30 p.m.,0.931543,holoclean_keep
417,act_arr_time,11:45 a.m.,0.250000,holoclean
417,act_dep_time,9:16 a.m.,0.250000,holoclean
417,flight,ua-1500-iah-gua,0.940043,holoclean_keep
417,sched_arr_time,11:45 a.m.,0.942444,holoclean_keep
417,sched_dep_time,8:55 a.m.,0.975472,holoclean_keep
418,act_arr_time,3:36 p.m.,0.880797,holoclean_keep
418,act_dep_time,2:44 p.m.,0.880797,holoclean_keep
418,flight,aa-3804-phl-ord,0.947639,holoclean_keep
418,sched_arr_time,4:05 p.m.,0.856746,holoclean
418,sched_dep_time,2:35 p.m.,0.603304,holoclean
419,act_arr_time,5:39 p.m.,0.648786,holoclean_keep
419,act_dep_time,3:28 p.m.,0.786986,holoclean_keep
419,flight,aa-1917-jfk-mco,0.967303,holoclean_keep
419,sched_arr_time,5:55 p.m.,0.497238,holoclean
419,sched_dep_time,2:55 p.m.,0.900542,holoclean
420,act_arr_time,11:04 a.m.,0.513519,holoclean_keep
420,act_dep_time,7:22 a.m.,0.711235,holoclean_keep
420,flight,aa-2268-phx-ord,0.910717,holoclean_keep
420,sched_arr_time,11:35 a.m.,0.369019,holoclean
420,sched_dep_time,7:15 a.m.,0.683509,holoclean
421,act_arr_time,1:42 p.m.,0.711235,holoclean_keep
421,act_dep_time,12:11 p.m.,0.786986,holoclean_keep
421,flight,aa-4277-cvg-jfk,0.972286,holoclean_keep
421,sched_arr_time,2:15 p.m.,0.610261,holoclean
421,sched_dep_time,12:10 p.m.,0.900157,holoclean
422,act_arr_time,10:58 a.m.,0.551873,holoclean_keep
422,act_dep_time,8:04 a.m.,0.711235,holoclean_keep
422,flight,aa-2957-dfw-cvg,0.941773,holoclean_keep
422,sched_arr_time,11:05 a.m.,0.404621,holoclean
422,sched_dep_time,7:55 a.m.,0.752705,holoclean
423,act_arr_time,12:00 p.m.,0.333333,holoclean
423,act_dep_time,8:52 a.m.,0.250000,holoclean
423,flight,ua-37-edi-ewr,0.937984,holoclean_keep
423,sched_arr_time,11:53 a.m.,0.954784,holoclean_keep
423,sched_dep_time,9:05 a.m. (-00:00),0.802508,holoclean_keep
424,act_arr_time,2:49 p.m.,0.786986,holoclean_keep
424,act_dep_time,1:20 p.m.,0.786986,holoclean_keep
424,flight,aa-789-ord-den,0.939390,holoclean_keep
424,sched_arr_time,2:35 p.m.,0.772280,holoclean
424,sched_dep_time,1:05 p.m.,0.560485,holoclean
425,act_arr_time,10:12 a.m.,0.711235,holoclean_keep
425,act_dep_time,8:55 a.m.,0.711235,holoclean_keep
425,flight,aa-415-bos-ord,0.951062,holoclean_keep
425,sched_arr_time,10:40 a.m.,0.610201,holoclean
425,sched_dep_time,8:35 a.m.,0.635622,holoclean
426,act_arr_time,6:30 p.m.,0.786986,holoclean_keep
426,act_dep_time,3:38 p.m.,0.786986,holoclean_keep
426,flight,aa-85-jfk-sfo,0.944235,holoclean_keep
426,sched_arr_time,6:30 p.m.,0.742965,holoclean
426,sched_dep_time,3:05 p.m.,0.572567,holoclean
427,act_arr_time,7:59 a.m.,0.596418,holoclean_keep
427,act_dep_time,8:04 a.m.,0.786986,holoclean_keep
427,flight,aa-3979-cvg-ord,0.978744,holoclean_keep
427,sched_arr_time,8:00 a.m.,0.477738,holoclean
427,sched_dep_time,7:30 a.m.,0.745990,holoclean
428,act_arr_time,6:11 p.m.,0.786986,holoclean_keep
428,act_dep_time,4:12 p.m.,0.880797,holoclean_keep
428,flight,aa-3786-iah-ord,0.939899,holoclean_keep
428,sched_arr_time,6:40 p.m.,0.594657,holoclean
428,sched_dep_time,4:00 p.m.,0.915596,holoclean
429,act_arr_time,2:21 p.m.,0.711235,holoclean_keep
429,act_dep_time,11:52 a.m.,0.786986,holoclean_keep
429,flight,aa-271-mia-lax,0.947860,holoclean_keep
429,sched_arr_time,2:25 p.m.,0.771334,holoclean
429,sched_dep_time,11:35 a.m.,0.893987,holoclean
430,act_arr_time,5:09 p.m.,0.500000,holoclean
430,act_dep_time,3:31 p.m.,0.500000,holoclean
430,flight,co-50-cle-ewr,0.892940,holoclean_keep
430,sched_arr_time,4:49 p.m.,0.811312,holoclean_keep
430,sched_dep_time,2:55 p.m.,0.928222,holoclean_keep
431,act_arr_time,5:34 p.m.,0.648786,holoclean_keep
431,act_dep_time,11:55 a.m.,0.513519,holoclean_keep
431,flight,ua-3099-phx-phl,0.905977,holoclean_keep
431,sched_arr_time,6:17 p.m.,0.517334,holoclean
431,sched_dep_time,11:55 a.m.,0.645144,holoclean
432,act_arr_time,12:37 p.m.,0.596418,holoclean_keep
432,act_dep_time,10:55 a.m.,0.711235,holoclean_keep
432,flight,aa-4198-ord-cle,0.948799,holoclean_keep
432,sched_arr_time,12:55 p.m.,0.606750,holoclean
432,sched_dep_time,10:40 a.m.,0.763290,holoclean
433,act_arr_time,7:37 a.m.,0.596418,holoclean_keep
433,act_dep_time,6:58 a.m.,0.711235,holoclean_keep
433,flight,aa-404-mia-mco,0.944271,holoclean_keep
433,sched_arr_time,7:45 a.m.,0.506770,holoclean
433,sched_dep_time,6:45 a.m.,0.849720,holoclean
434,act_arr_time,6:33 p.m.,0.500000,holoclean
434,act_dep_time,3:58 p.m.,0.333333,holoclean
434,flight,co-45-ewr-mia,0.947694,holoclean_keep
434,sched_arr_time,7:05 p.m.,0.864264,holoclean_keep
435,act_arr_time,6:15 a.m.,0.596418,holoclean_keep
435,act_dep_time,6:11 a.m.,0.711235,holoclean_keep
435,flight,aa-3809-phx-lax,0.941979,holoclean_keep
435,sched_arr_time,6:40 a.m.,0.631093,holoclean
435,sched_dep_time,6:00 a.m.,0.880748,holoclean
436,act_arr_time,10:52 a.m.,0.513519,holoclean_keep
436,act_dep_time,7:40 a.m.,0.711235,holoclean_keep
436,flight,aa-59-jfk-sfo,0.964816,holoclean_keep
436,sched_arr_time,10:45 a.m.,0.459434,holoclean
436,sched_dep_time,7:10 a.m.,0.739248,holoclean
437,act_arr_time,3:12 p.m.,0.786986,holoclean_keep
437,act_dep_time,7:32 a.m.,0.711235,holoclean_keep
437,flight,aa-222-lax-bos,0.950147,holoclean_keep
437,sched_arr_time,3:30 p.m.,0.754747,holoclean
437,sched_dep_time,7:10 a.m.,0.889222,holoclean
438,act_arr_time,9:22 a.m.,0.786986,holoclean_keep
438,act_dep_time,7:16 a.m.,0.786986,holoclean_keep
438,flight,aa-3859-iah-ord,0.991767,holoclean_keep
438,sched_arr_time,9:40 a.m.,0.822410,holoclean_keep
438,sched_dep_time,7:10 a.m.,0.995958,holoclean_keep
439,act_arr_time,10:29 p.m.,0.596418,holoclean_keep
439,act_dep_time,7:42 p.m.,0.786986,holoclean_keep
439,flight,co-1586-iah-mco,0.952909,holoclean_keep
439,sched_arr_time,10:15 p.m.,0.534450,holoclean
439,sched_dep_time,7:00 p.m.,0.376457,holoclean
440,act_arr_time,9:28 a.m.,0.596418,holoclean_keep
440,act_dep_time,6:54 a.m.,0.711235,holoclean_keep
440,flight,aa-518-mia-jfk,0.999227,holoclean_keep
440,sched_arr_time,9:25 a.m.,0.981029,holoclean_keep
440,sched_dep_time,6:40 a.m.,0.990134,holoclean_keep
441,act_arr_time,11:58 a.m.,0.648786,holoclean_keep
441,act_dep_time,8:49 a.m.,0.648786,holoclean_keep
441,flight,ua-397-jfk-sfo,0.994724,holoclean_keep
441,sched_arr_time,11:55 a.m.,0.981726,holoclean_keep
441,sched_dep_time,8:00 a.m.,0.986791,holoclean_keep
442,act_arr_time,9:43 a.m.,0.551873,holoclean_keep
442,act_dep_time,9:01 a.m.,0.711235,holoclean_keep
442,flight,ua-3925-iad-orf,0.957870,holoclean_keep
442,sched_arr_time,9:54 a.m.,0.377388,holoclean
442,sched_dep_time,8:41 a.m.,0.535321,holoclean
443,act_arr_time,10:28 p.m.,0.200000,holoclean
443,act_dep_time,7:59 p.m.,0.786986,holoclean_keep
443,flight,aa-1733-ord-phx,0.981692,holoclean_keep
443,sched_arr_time,10:30 p.m.,0.947590,holoclean_keep
443,sched_dep_time,7:45 p.m.,0.994155,holoclean_keep
444,act_arr_time,3:16 p.m.,0.648786,holoclean_keep
444,act_dep_time,12:12 p.m.,0.711235,holoclean_keep
444,flight,aa-3-jfk-lax,0.992897,holoclean_keep
444,sched_arr_time,3:15 p.m.,0.949684,holoclean_keep
444,sched_dep_time,12:00 p.m.,0.989201,holoclean_keep
445,act_arr_time,5:17 p.m.,0.786986,holoclean_keep
445,act_dep_time,3:50 p.m.,0.711235,holoclean_keep
445,flight,ua-2830-mco-clt,0.995146,holoclean_keep
445,sched_arr_time,5:05 p.m.,0.961179,holoclean_keep
445,sched_dep_time,3:27 p.m.,0.976694,holoclean_keep
446,act_arr_time,3:31 p.m.,0.880797,holoclean_keep
446,act_dep_time,12:37 p.m.,0.786986,holoclean_keep
446,flight,co-58-den-iah,0.952166,holoclean_keep
446,sched_arr_time,2:50 p.m.,0.393605,holoclean
446,sched_dep_time,11:25 a.m.,0.777439,holoclean
447,act_arr_time,11:21 a.m.,0.711235,holoclean_keep
447,act_dep_time,10:53 a.m.,0.880797,holoclean_keep
447,flight,ua-5487-sfo-mry,0.959431,holoclean_keep
447,sched_arr_time,11:19 a.m.,0.528209,holoclean
447,sched_dep_time,10:39 a.m.,0.514396,holoclean
448,act_arr_time,12/2/11 6:35 a.m.,0.142857,holoclean
448,act_dep_time,11:29 p.m.,0.200000,holoclean
448,flight,aa-204-lax-mco,0.940716,holoclean_keep
448,sched_arr_time,6:55 a.m. dec 02,0.558265,holoclean_keep
448,sched_dep_time,11:25 p.m.,0.957083,holoclean_keep
449,act_arr_time,7:17 a.m.,0.596418,holoclean_keep
449,act_dep_time,6:10 a.m.,0.711235,holoclean_keep
449,flight,ua-414-lax-sfo,0.977072,holoclean_keep
449,sched_arr_time,7:23 a.m.,0.309104,holoclean
449,sched_dep_time,6:00 a.m.,0.468706,holoclean
450,act_arr_time,5:26 a.m.,0.711235,holoclean_keep
450,act_dep_time,12:58 a.m.,0.711235,holoclean_keep
450,flight,co-1614-lax-iah,0.952321,holoclean_keep
450,sched_arr_time,5:35 a.m.,0.746010,holoclean
450,sched_dep_time,12:30 a.m.,0.748396,holoclean
451,act_arr_time,6:25 p.m.,0.711235,holoclean_keep
451,act_dep_time,4:10 p.m.,0.711235,holoclean_keep
451,flight,ua-2726-fll-phl,0.993390,holoclean_keep
451,sched_arr_time,6:46 p.m.,0.908152,holoclean_keep
451,sched_dep_time,4:00 p.m.,0.972664,holoclean_keep
452,act_arr_time,9:09 a.m.,0.786986,holoclean_keep
452,act_dep_time,7:56 a.m.,0.786986,holoclean_keep
452,flight,co-52-iah-lax,0.987381,holoclean_keep
452,sched_arr_time,9:21 a.m.,0.334286,holoclean
452,sched_dep_time,7:35 a.m.,0.556225,holoclean
453,act_arr_time,1:19 p.m.,0.786986,holoclean_keep
453,act_dep_time,10:35 a.m.,0.711235,holoclean_keep
453,flight,co-1090-bos-iah,0.976818,holoclean_keep
453,sched_arr_time,1:16 p.m.,0.820040,holoclean
453,sched_dep_time,9:45 a.m.,0.586235,holoclean
454,act_arr_time,1:18 p.m.,0.711235,holoclean_keep
454,act_dep_time,10:11 a.m.,0.711235,holoclean_keep
454,flight,aa-616-dfw-dtw,0.998593,holoclean_keep
454,sched_arr_time,12:35 p.m.,0.980946,holoclean_keep
454,sched_dep_time,9:05 a.m.,0.995948,holoclean_keep
455,act_arr_time,9:56 a.m.,0.711235,holoclean_keep
455,act_dep_time,8:26 a.m.,0.648786,holoclean_keep
455,flight,ua-3515-iad-msp,0.963677,holoclean_keep
455,sched_arr_time,10:06 a.m.,0.274200,holoclean
455,sched_dep_time,8:15 a.m.,0.274230,holoclean
456,act_arr_time,9:45 a.m.,0.711235,holoclean_keep
456,act_dep_time,7:25 a.m.,0.648786,holoclean_keep
456,flight,aa-3468-cvg-mia,0.998425,holoclean_keep
456,sched_arr_time,9:55 a.m.,0.956961,holoclean_keep
456,sched_dep_time,7:00 a.m.,0.988867,holoclean_keep
457,act_arr_time,7:39 p.m.,0.648786,holoclean_keep
457,act_dep_time,4:30 p.m.,0.786986,holoclean_keep
457,flight,aa-484-dfw-mia,0.998966,holoclean_keep
457,sched_arr_time,7:55 p.m.,0.969030,holoclean_keep
457,sched_dep_time,4:15 p.m.,0.996657,holoclean_keep
458,act_arr_time,1:40 p.m.,0.648786,holoclean_keep
458,act_dep_time,10:55 a.m.,0.648786,holoclean_keep
458,flight,aa-1886-bos-mia,0.949899,holoclean_keep
458,sched_arr_time,2:20 p.m.,0.377035,holoclean
458,sched_dep_time,10:45 a.m.,0.337306,holoclean
459,act_arr_time,7:10 p.m.,0.880797,holoclean_keep
459,act_dep_time,2:59 p.m.,0.880797,holoclean_keep
459,flight,co-62-iah-ewr,0.880470,holoclean_keep
459,sched_arr_time,7:03 p.m.,0.426569,holoclean
459,sched_dep_time,2:30 p.m.,0.429171,holoclean
460,act_arr_time,11:32 a.m.,0.711235,holoclean_keep
460,act_dep_time,8:18 a.m.,0.711235,holoclean_keep
460,flight,co-1561-phx-iah,0.957005,holoclean_keep
460,sched_arr_time,11:35 a.m.,0.749858,holoclean
460,sched_dep_time,8:05 a.m.,0.753111,holoclean
461,act_arr_time,5:00 p.m.,0.551873,holoclean_keep
461,act_dep_time,3:04 p.m.,0.648786,holoclean_keep
461,flight,ua-2314-atl-phl,0.897183,holoclean_keep
461,sched_arr_time,5:00 p.m.,0.266465,holoclean
461,sched_dep_time,2:55 p.m.,0.295061,holoclean
462,act_arr_time,4:09 p.m.,0.551873,holoclean_keep
462,act_dep_time,12:13 p.m.,0.551873,holoclean_keep
462,flight,aa-446-dfw-phl,0.989312,holoclean_keep
462,sched_arr_time,3:50 p.m.,0.978832,holoclean_keep
462,sched_dep_time,11:50 a.m.,0.948339,holoclean_keep
463,act_arr_time,1:14 p.m.,0.711235,holoclean_keep
463,act_dep_time,12:06 p.m.,0.648786,holoclean_keep
463,flight,co-1023-iah-den,0.982207,holoclean_keep
463,sched_arr_time,1:17 p.m.,0.520708,holoclean
463,sched_dep_time,11:40 a.m.,0.528189,holoclean
464,act_arr_time,9:05 a.m.,0.551873,holoclean_keep
464,act_dep_time,6:09 a.m.,0.711235,holoclean_keep
464,flight,aa-466-iah-mia,0.985895,holoclean_keep
464,sched_arr_time,9:20 a.m.,0.858284,holoclean_keep
464,sched_dep_time,6:00 a.m.,0.989540,holoclean_keep
465,act_arr_time,5:03 p.m.,0.648786,holoclean_keep
465,act_dep_time,11:45 a.m.,0.711235,holoclean_keep
465,flight,ua-3050-phx-clt,0.994675,holoclean_keep
465,sched_arr_time,4:57 p.m.,0.989908,holoclean_keep
465,sched_dep_time,11:05 a.m.,0.994922,holoclean_keep
466,act_arr_time,10:27 a.m.,0.786986,holoclean_keep
466,act_dep_time,6:17 a.m.,0.786986,holoclean_keep
466,flight,co-89-iah-ewr,0.953329,holoclean_keep
466,sched_arr_time,10:20 a.m.,0.786144,holoclean
466,sched_dep_time,6:00 a.m.,0.790971,holoclean
467,act_arr_time,10:56 a.m.,0.596418,holoclean_keep
467,act_dep_time,9:01 a.m.,0.786986,holoclean_keep
467,flight,co-1088-cle-iah,0.974120,holoclean_keep
467,sched_arr_time,10:54 a.m.,0.757840,holoclean
467,sched_dep_time,8:40 a.m.,0.762908,holoclean
468,act_arr_time,11:50 a.m.,0.711235,holoclean_keep
468,act_dep_time,10:19 a.m.,0.711235,holoclean_keep
468,flight,aa-1664-mia-atl,0.998361,holoclean_keep
468,sched_arr_time,12:10 p.m.,0.968779,holoclean_keep
468,sched_dep_time,10:15 a.m.,0.988529,holoclean_keep
469,act_arr_time,3:19 p.m.,0.480150,holoclean_keep
469,act_dep_time,2:04 p.m.,0.513519,holoclean_keep
469,flight,aa-1279-dfw-phx,0.987985,holoclean_keep
469,sched_arr_time,2:35 p.m.,0.990776,holoclean_keep
469,sched_dep_time,1:00 p.m.,0.968593,holoclean_keep
470,act_arr_time,1:30 p.m.,0.786986,holoclean_keep
470,act_dep_time,8:07 a.m.,0.786986,holoclean_keep
470,flight,ua-854-sfo-iah,0.958747,holoclean_keep
470,sched_arr_time,1:39 p.m.,0.679486,holoclean
470,sched_dep_time,7:53 a.m.,0.459988,holoclean
471,act_arr_time,3:21 p.m.,0.711235,holoclean_keep
471,act_dep_time,12:56 p.m.,0.648786,holoclean_keep
471,flight,ua-382-iad-lax,0.956766,holoclean_keep
471,sched_arr_time,3:19 p.m.,0.410494,holoclean
471,sched_dep_time,12:30 p.m.,0.681922,holoclean
472,act_arr_time,2:01 p.m.,0.786986,holoclean_keep
472,act_dep_time,12:14 p.m.,0.711235,holoclean_keep
472,flight,aa-4344-ord-dtw,0.955039,holoclean_keep
472,sched_arr_time,2:00 p.m.,0.256229,holoclean
472,sched_dep_time,11:45 a.m.,0.603346,holoclean
473,act_arr_time,5:42 p.m.,0.648786,holoclean_keep
473,act_dep_time,2:43 p.m.,0.648786,holoclean_keep
473,flight,ua-257-jfk-sfo,0.991625,holoclean_keep
473,sched_arr_time,6:15 p.m.,0.953334,holoclean_keep
473,sched_dep_time,2:30 p.m.,0.972557,holoclean_keep
474,act_arr_time,1:14 p.m.,0.648786,holoclean_keep
474,act_dep_time,12:08 p.m.,0.480150,holoclean_keep
474,flight,ua-2945-phl-clt,0.984379,holoclean_keep
474,sched_arr_time,1:45 p.m.,0.920348,holoclean_keep
474,sched_dep_time,12:00 p.m.,0.967038,holoclean_keep
475,act_arr_time,8:03 p.m.,0.711235,holoclean_keep
475,act_dep_time,5:38 p.m.,0.880797,holoclean_keep
475,flight,co-63-ewr-iah,0.985239,holoclean_keep
475,sched_arr_time,8:22 p.m.,0.682993,holoclean
475,sched_dep_time,5:25 p.m.,0.405223,holoclean
476,act_arr_time,9:38 p.m.,0.648786,holoclean_keep
476,act_dep_time,8:36 p.m.,0.786986,holoclean_keep
476,flight,co-47-iah-lax,0.952249,holoclean_keep
476,sched_arr_time,8:56 p.m.,0.424478,holoclean
476,sched_dep_time,7:10 p.m.,0.675108,holoclean
477,act_arr_time,2:46 p.m.,0.551873,holoclean_keep
477,act_dep_time,11:06 a.m.,0.551873,holoclean_keep
477,flight,aa-2050-ord-mia,0.985023,holoclean_keep
477,sched_arr_time,2:45 p.m.,0.927249,holoclean_keep
477,sched_dep_time,10:40 a.m.,0.976645,holoclean_keep
478,act_arr_time,5:34 p.m.,0.880797,holoclean_keep
478,act_dep_time,1:43 p.m.,0.648786,holoclean_keep
478,flight,ua-248-phx-ord,0.963078,holoclean_keep
478,sched_arr_time,5:15 p.m.,0.256813,holoclean
478,sched_dep_time,12:57 p.m.,0.311292,holoclean
479,act_arr_time,3:25 p.m.,0.648786,holoclean_keep
479,act_dep_time,3:36 p.m.,0.786986,holoclean_keep
479,flight,aa-4330-cvg-ord,0.955024,holoclean_keep
479,sched_arr_time,4:00 p.m.,0.390506,holoclean
479,sched_dep_time,3:35 p.m.,0.800185,holoclean
480,act_arr_time,10:29 a.m.,0.480150,holoclean_keep
480,act_dep_time,7:22 a.m.,0.711235,holoclean_keep
480,flight,aa-1434-dfw-mco,0.980219,holoclean_keep
480,sched_arr_time,10:35 a.m.,0.829496,holoclean_keep
480,sched_dep_time,7:15 a.m.,0.984078,holoclean_keep
481,act_arr_time,7:25 p.m.,0.200000,holoclean
481,act_dep_time,6:47 p.m.,0.250000,holoclean
481,flight,aa-1640-mia-mco,0.939779,holoclean_keep
481,sched_arr_time,7:25 p.m.,0.941011,holoclean_keep
481,sched_dep_time,6:30 p.m.,0.958796,holoclean_keep
482,act_arr_time,8:43 p.m.,0.648786,holoclean_keep
482,act_dep_time,6:56 p.m.,0.711235,holoclean_keep
482,flight,aa-4307-ord-dtw,0.996929,holoclean_keep
482,sched_arr_time,9:10 p.m.,0.965975,holoclean_keep
482,sched_dep_time,6:45 p.m.,0.983971,holoclean_keep
483,act_arr_time,12:02 a.m.,0.200000,holoclean
483,act_dep_time,7:15 p.m.,0.200000,holoclean
483,flight,co-1694-lax-iah,0.939153,holoclean_keep
483,sched_arr_time,12:21 a.m. dec 02,0.615225,holoclean_keep
484,act_arr_time,7:58 p.m.,0.786986,holoclean_keep
484,act_dep_time,2:38 p.m.,0.711235,holoclean_keep
484,flight,ua-843-lax-ord,0.957577,holoclean_keep
484,sched_arr_time,7:53 p.m.,0.478788,holoclean
484,sched_dep_time,1:55 p.m.,0.329483,holoclean
485,act_arr_time,12:09 p.m.,0.786986,holoclean_keep
485,act_dep_time,9:58 a.m.,0.513519,holoclean_keep
485,flight,co-1193-ewr-mco,0.997354,holoclean_keep
485,sched_arr_time,12:18 p.m.,0.956675,holoclean_keep
485,sched_dep_time,9:15 a.m.,0.985519,holoclean_keep
486,act_arr_time,7:51 a.m.,0.648786,holoclean_keep
486,act_dep_time,6:57 a.m.,0.711235,holoclean_keep
486,flight,aa-3842-msp-ord,0.971879,holoclean_keep
486,sched_arr_time,7:30 a.m.,0.847198,holoclean_keep
486,sched_dep_time,6:00 a.m.,0.989625,holoclean_keep
487,act_arr_time,9:29 a.m.,0.551873,holoclean_keep
487,act_dep_time,7:31 a.m.,0.596418,holoclean_keep
487,flight,aa-643-mia-ord,0.919620,holoclean_keep
487,sched_arr_time,9:35 a.m.,0.752318,holoclean_keep
487,sched_dep_time,7:10 a.m.,0.985994,holoclean_keep
488,act_arr_time,7:53 p.m.,0.786986,holoclean_keep
488,act_dep_time,5:09 p.m.,0.711235,holoclean_keep
488,flight,aa-1007-mia-phx,0.982141,holoclean_keep
488,sched_arr_time,8:05 p.m.,0.568898,holoclean
488,sched_dep_time,4:55 p.m.,0.276028,holoclean
489,act_arr_time,6:35 p.m.,0.596418,holoclean_keep
489,act_dep_time,4:46 p.m.,0.596418,holoclean_keep
489,flight,ua-2906-phl-mco,0.994599,holoclean_keep
489,sched_arr_time,6:23 p.m.,0.993019,holoclean_keep
489,sched_dep_time,3:50 p.m.,0.979080,holoclean_keep
490,act_arr_time,7:36 p.m.,0.786986,holoclean_keep
490,act_dep_time,4:37 p.m.,0.786986,holoclean_keep
490,flight,ua-938-den-ord,0.954880,holoclean_keep
490,sched_arr_time,7:35 p.m.,0.691779,holoclean
490,sched_dep_time,4:16 p.m.,0.695644,holoclean
491,act_arr_time,9:49 p.m.,0.786986,holoclean_keep
491,act_dep_time,8:23 p.m.,0.880797,holoclean_keep
491,flight,aa-1221-mco-ord,0.994619,holoclean_keep
491,sched_arr_time,9:45 p.m.,0.980721,holoclean_keep
491,sched_dep_time,8:00 p.m.,0.990985,holoclean_keep
492,act_arr_time,6:34 p.m.,0.880797,holoclean_keep
492,act_dep_time,10:37 a.m.,0.711235,holoclean_keep
492,flight,co-16-lax-ewr,0.989776,holoclean_keep
492,sched_arr_time,6:44 p.m.,0.794259,holoclean
492,sched_dep_time,10:25 a.m.,0.623781,holoclean
493,act_arr_time,10:45 a.m.,0.480150,holoclean_keep
493,act_dep_time,7:31 a.m.,0.596418,holoclean_keep
493,flight,ua-2515-dfw-clt,0.937343,holoclean_keep
493,sched_arr_time,10:31 a.m.,0.253248,holoclean
493,sched_dep_time,7:05 a.m.,0.419302,holoclean
494,act_arr_time,3:04 p.m.,0.711235,holoclean_keep
494,act_dep_time,11:02 a.m.,0.648786,holoclean_keep
494,flight,aa-400-dfw-jfk,0.985923,holoclean_keep
494,sched_arr_time,2:59 p.m.,0.858536,holoclean_keep
494,sched_dep_time,10:40 a.m.,0.983339,holoclean_keep
495,act_arr_time,4:23 p.m.,0.648786,holoclean_keep
495,act_dep_time,1:48 p.m.,0.711235,holoclean_keep
495,flight,ua-664-ord-phl,0.995935,holoclean_keep
495,sched_arr_time,4:31 p.m.,0.951115,holoclean_keep
495,sched_dep_time,1:33 p.m.,0.983455,holoclean_keep
496,act_arr_time,2:52 p.m.,0.596418,holoclean_keep
496,act_dep_time,12:42 p.m.,0.513519,holoclean_keep
496,flight,aa-3756-ord-slc,0.993422,holoclean_keep
496,sched_arr_time,2:45 p.m.,0.974942,holoclean_keep
496,sched_dep_time,12:15 p.m.,0.976878,holoclean_keep
497,act_arr_time,4:17 p.m.,0.786986,holoclean_keep
497,act_dep_time,2:01 p.m.,0.711235,holoclean_keep
497,flight,ua-37-ewr-mco,0.955285,holoclean_keep
497,sched_arr_time,4:17 p.m.,0.731147,holoclean
497,sched_dep_time,1:29 p.m.,0.413015,holoclean
498,act_arr_time,5:42 a.m. (estimated runway),0.250000,holoclean
498,act_dep_time,12:10 a.m. (estimated runway),0.333333,holoclean
498,flight,aa-1522-sfo-ord,0.938118,holoclean_keep
498,sched_arr_time,5:50 a.m. dec 02,0.572926,holoclean_keep
498,sched_dep_time,11:55 p.m.,0.993564,holoclean_keep
499,act_arr_time,11:56 p.m.,0.166667,holoclean
499,act_dep_time,4:25 p.m.,0.166667,holoclean
499,flight,ua-233-lax-jfk,0.936098,holoclean_keep
499,sched_arr_time,12:29 a.m. dec 02,0.623509,holoclean_keep
499,sched_dep_time,4:25 p.m.,0.961086,holoclean_keep
500,act_arr_time,11:49 p.m.,0.200000,holoclean
500,act_dep_time,9:06 p.m.,0.250000,holoclean
500,flight,aa-3823-lax-den,0.935275,holoclean_keep
500,sched_arr_time,12:15 a.m. dec 02,0.579806,holoclean_keep
500,sched_dep_time,9:00 p.m.,0.957704,holoclean_keep
501,act_arr_time,11:35 p.m.,0.250000,holoclean
501,act_dep_time,8:29 p.m.,0.250000,holoclean
501,flight,aa-2312-dfw-dtw,0.942406,holoclean_keep
501,sched_arr_time,11:50 p.m.,0.970411,holoclean_keep
501,sched_dep_time,8:25 p.m.,0.961087,holoclean_keep
502,act_arr_time,10:04 a.m.,0.513519,holoclean_keep
502,act_dep_time,7:23 a.m.,0.711235,holoclean_keep
502,flight,aa-1165-jfk-mia,0.997193,holoclean_keep
502,sched_arr_time,10:34 a.m.,0.934713,holoclean_keep
502,sched_dep_time,6:59 a.m.,0.988060,holoclean_keep
503,act_arr_time,11:44 a.m.,0.596418,holoclean_keep
503,act_dep_time,8:52 a.m.,0.711235,holoclean_keep
503,flight,aa-431-mia-sfo,0.995319,holoclean_keep
503,sched_arr_time,11:50 a.m.,0.951591,holoclean_keep
503,sched_dep_time,8:35 a.m.,0.988683,holoclean_keep
504,act_arr_time,9:13 a.m.,0.880797,holoclean_keep
504,act_dep_time,8:37 a.m.,0.786986,holoclean_keep
504,flight,ua-3373-iad-phl,0.957033,holoclean_keep
504,sched_arr_time,9:24 a.m.,0.691850,holoclean
504,sched_dep_time,8:29 a.m.,0.676202,holoclean
505,act_arr_time,3:26 p.m.,0.166667,holoclean
505,act_dep_time,11:54 a.m.,0.111111,holoclean
505,flight,aa-649-ord-sna,0.950189,holoclean_keep
505,sched_arr_time,3:50 p.m.,0.973522,holoclean_keep
505,sched_dep_time,1:30 p.m.,0.945833,holoclean_keep
506,act_arr_time,4:59 p.m.,0.880797,holoclean_keep
506,act_dep_time,3:17 p.m.,0.880797,holoclean_keep
506,flight,co-1250-mia-iah,0.950087,holoclean_keep
506,sched_arr_time,4:48 p.m.,0.431073,holoclean
506,sched_dep_time,2:53 p.m.,0.423993,holoclean
507,act_arr_time,8:45 a.m.,0.711235,holoclean_keep
507,act_dep_time,7:41 a.m.,0.786986,holoclean_keep
507,flight,ua-6273-yyc-sfo,0.957903,holoclean_keep
507,sched_arr_time,not available,0.371603,holoclean
507,sched_dep_time,7:35 a.m.,0.364635,holoclean
508,act_arr_time,5:21 a.m.,0.333333,holoclean
508,act_dep_time,11/30/2011 11:34 p.m.,0.333333,holoclean
508,flight,ua-828-sfo-ord,0.946423,holoclean_keep
508,sched_arr_time,5:11 a.m.dec 02,0.664107,holoclean_keep
508,sched_dep_time,11:08 p.m.,0.995557,holoclean_keep
509,act_arr_time,6:09 p.m.,0.166667,holoclean
509,act_dep_time,3:52 p.m.,0.166667,holoclean
509,flight,co-4888-iah-dal,0.967731,holoclean_keep
509,sched_arr_time,6:40 p.m.,0.915688,holoclean_keep
509,sched_dep_time,5:30 p.m.,0.977868,holoclean_keep
510,act_arr_time,8:02 a.m.,0.711235,holoclean_keep
510,act_dep_time,1:45 p.m.,0.648786,holoclean_keep
510,flight,ua-858-pvg-sfo,0.958730,holoclean_keep
510,sched_arr_time,8:27 a.m.,0.389701,holoclean
510,sched_dep_time,1:45 p.m.,0.598090,holoclean
511,act_arr_time,2:02 p.m.,0.648786,holoclean_keep
511,act_dep_time,11:47 a.m.,0.711235,holoclean_keep
511,flight,ua-2704-dtw-phx,0.990442,holoclean_keep
511,sched_arr_time,1:40 p.m.,0.628494,holoclean
511,sched_dep_time,11:15 a.m.,0.441332,holoclean
512,act_arr_time,9:11 p.m.,0.648786,holoclean_keep
512,act_dep_time,8:40 p.m.,0.786986,holoclean_keep
512,flight,aa-3063-slc-lax,0.952173,holoclean_keep
512,sched_arr_time,9:20 p.m.,0.381950,holoclean
512,sched_dep_time,8:20 p.m.,0.362451,holoclean
513,act_arr_time,4:24 p.m.,0.551873,holoclean_keep
513,act_dep_time,3:04 p.m.,0.711235,holoclean_keep
513,flight,ua-2708-ewr-clt,0.972024,holoclean_keep
513,sched_arr_time,4:53 p.m.,0.242261,holoclean
513,sched_dep_time,2:55 p.m.,0.263283,holoclean
514,act_arr_time,7:10 p.m.,0.786986,holoclean_keep
514,act_dep_time,2:59 p.m.,0.786986,holoclean_keep
514,flight,ua-62-iah-ewr,0.881123,holoclean_keep
514,sched_arr_time,7:03 p.m.,0.418387,holoclean
514,sched_dep_time,2:30 p.m.,0.419037,holoclean
515,act_arr_time,12:12 p.m.,0.711235,holoclean_keep
515,act_dep_time,9:43 a.m.,0.711235,holoclean_keep
515,flight,ua-1500-iah-gua,0.958107,holoclean_keep
515,sched_arr_time,11:45 a.m.,0.613095,holoclean
515,sched_dep_time,8:55 a.m.,0.639097,holoclean
516,act_arr_time,3:36 p.m.,0.880797,holoclean_keep
516,act_dep_time,2:44 p.m.,0.880797,holoclean_keep
516,flight,aa-3804-phl-ord,0.994991,holoclean_keep
516,sched_arr_time,4:05 p.m.,0.982807,holoclean_keep
516,sched_dep_time,2:35 p.m.,0.972741,holoclean_keep
517,act_arr_time,5:34 p.m.,0.648786,holoclean_keep
517,act_dep_time,3:28 p.m.,0.551873,holoclean_keep
517,flight,aa-1917-jfk-mco,0.930857,holoclean_keep
517,sched_arr_time,5:55 p.m.,0.800555,holoclean_keep
517,sched_dep_time,2:55 p.m.,0.979032,holoclean_keep
518,act_arr_time,11:07 a.m.,0.480150,holoclean_keep
518,act_dep_time,7:23 a.m.,0.648786,holoclean_keep
518,flight,aa-2268-phx-ord,0.977637,holoclean_keep
518,sched_arr_time,11:35 a.m.,0.934868,holoclean_keep
518,sched_dep_time,7:15 a.m.,0.975356,holoclean_keep
519,act_arr_time,1:43 p.m.,0.711235,holoclean_keep
519,act_dep_time,12:11 p.m.,0.786986,holoclean_keep
519,flight,aa-4277-cvg-jfk,0.998001,holoclean_keep
519,sched_arr_time,2:15 p.m.,0.980663,holoclean_keep
519,sched_dep_time,12:10 p.m.,0.996651,holoclean_keep
520,act_arr_time,11:00 a.m.,0.711235,holoclean_keep
520,act_dep_time,8:05 a.m.,0.648786,holoclean_keep
520,flight,aa-2957-dfw-cvg,0.998567,holoclean_keep
520,sched_arr_time,11:05 a.m.,0.958189,holoclean_keep
520,sched_dep_time,7:55 a.m.,0.989785,holoclean_keep
521,act_arr_time,12:09 p.m.,0.786986,holoclean_keep
521,act_dep_time,9:05 a.m.,0.551873,holoclean_keep
521,flight,ua-37-edi-ewr,0.969320,holoclean_keep
521,sched_arr_time,11:53 a.m.,0.430604,holoclean
521,sched_dep_time,9:05 a.m.,0.248395,holoclean
522,act_arr_time,3:01 p.m.,0.513519,holoclean_keep
522,act_dep_time,1:20 p.m.,0.551873,holoclean_keep
522,flight,aa-789-ord-den,0.993129,holoclean_keep
522,sched_arr_time,2:35 p.m.,0.991018,holoclean_keep
522,sched_dep_time,1:05 p.m.,0.969285,holoclean_keep
523,act_arr_time,10:10 a.m.,0.711235,holoclean_keep
523,act_dep_time,8:56 a.m.,0.711235,holoclean_keep
523,flight,aa-415-bos-ord,0.953559,holoclean_keep
523,sched_arr_time,10:40 a.m.,0.629261,holoclean
523,sched_dep_time,8:35 a.m.,0.646785,holoclean
524,act_arr_time,6:43 p.m.,0.711235,holoclean_keep
524,act_dep_time,3:38 p.m.,0.711235,holoclean_keep
524,flight,aa-85-jfk-sfo,0.999069,holoclean_keep
524,sched_arr_time,6:30 p.m.,0.991379,holoclean_keep
524,sched_dep_time,3:05 p.m.,0.995657,holoclean_keep
525,act_arr_time,7:57 a.m.,0.596418,holoclean_keep
525,act_dep_time,8:04 a.m.,0.786986,holoclean_keep
525,flight,aa-3979-cvg-ord,0.998220,holoclean_keep
525,sched_arr_time,8:00 a.m.,0.965985,holoclean_keep
525,sched_dep_time,7:30 a.m.,0.989931,holoclean_keep
526,act_arr_time,4:56 p.m.,0.786986,holoclean_keep
526,act_dep_time,11:41 a.m.,0.711235,holoclean_keep
526,flight,aa-1544-san-ord,0.955386,holoclean_keep
526,sched_arr_time,5:25 p.m.,0.704640,holoclean
526,sched_dep_time,11:25 a.m.,0.424134,holoclean
527,act_arr_time,6:09 p.m.,0.648786,holoclean_keep
527,act_dep_time,4:12 p.m.,0.711235,holoclean_keep
527,flight,aa-3786-iah-ord,0.985895,holoclean_keep
527,sched_arr_time,6:40 p.m.,0.925702,holoclean_keep
527,sched_dep_time,4:00 p.m.,0.985082,holoclean_keep
528,act_arr_time,2:27 p.m.,0.711235,holoclean_keep
528,act_dep_time,11:52 a.m.,0.786986,holoclean_keep
528,flight,aa-271-mia-lax,0.995169,holoclean_keep
528,sched_arr_time,2:25 p.m.,0.991699,holoclean_keep
528,sched_dep_time,11:35 a.m.,0.995611,holoclean_keep
529,act_arr_time,11:06 a.m.,0.480150,holoclean_keep
529,act_dep_time,7:40 a.m.,0.648786,holoclean_keep
529,flight,aa-2525-dfw-mia,0.987475,holoclean_keep
529,sched_arr_time,11:10 a.m.,0.894016,holoclean_keep
529,sched_dep_time,7:25 a.m.,0.976642,holoclean_keep
530,act_arr_time,5:26 p.m.,0.880797,holoclean_keep
530,act_dep_time,4:02 p.m.,0.880797,holoclean_keep
530,flight,co-50-cle-ewr,0.955531,holoclean_keep
530,sched_arr_time,4:49 p.m.,0.413355,holoclean
530,sched_dep_time,2:55 p.m.,0.409011,holoclean
531,act_arr_time,6:17 p.m.,0.648786,holoclean_keep
531,act_dep_time,11:55 a.m.,0.711235,holoclean_keep
531,flight,ua-3099-phx-phl,0.994768,holoclean_keep
531,sched_arr_time,6:17 p.m.,0.991476,holoclean_keep
531,sched_dep_time,11:55 a.m.,0.996044,holoclean_keep
532,act_arr_time,12:48 p.m.,0.596418,holoclean_keep
532,act_dep_time,10:55 a.m.,0.711235,holoclean_keep
532,flight,aa-4198-ord-cle,0.984049,holoclean_keep
532,sched_arr_time,12:55 p.m.,0.919974,holoclean_keep
532,sched_dep_time,10:40 a.m.,0.989863,holoclean_keep
533,act_arr_time,7:32 a.m.,0.596418,holoclean_keep
533,act_dep_time,6:58 a.m.,0.711235,holoclean_keep
533,flight,aa-404-mia-mco,0.994467,holoclean_keep
533,sched_arr_time,7:45 a.m.,0.966212,holoclean_keep
533,sched_dep_time,6:45 a.m.,0.995388,holoclean_keep
534,act_arr_time,6:36 p.m.,0.786986,holoclean_keep
534,act_dep_time,4:15 p.m.,0.648786,holoclean_keep
534,flight,co-45-ewr-mia,0.962661,holoclean_keep
534,sched_arr_time,7:05 p.m.,0.908384,holoclean_keep
535,act_arr_time,6:19 a.m.,0.596418,holoclean_keep
535,act_dep_time,6:11 a.m.,0.711235,holoclean_keep
535,flight,aa-3809-phx-lax,0.989013,holoclean_keep
535,sched_arr_time,6:40 a.m.,0.890272,holoclean_keep
535,sched_dep_time,6:00 a.m.,0.996473,holoclean_keep
536,act_arr_time,11:12 a.m.,0.513519,holoclean_keep
536,act_dep_time,7:40 a.m.,0.711235,holoclean_keep
536,flight,aa-59-jfk-sfo,0.980218,holoclean_keep
536,sched_arr_time,10:45 a.m.,0.870032,holoclean_keep
536,sched_dep_time,7:10 a.m.,0.988991,holoclean_keep
537,act_arr_time,3:14 p.m.,0.711235,holoclean_keep
537,act_dep_time,7:32 a.m.,0.648786,holoclean_keep
537,flight,aa-222-lax-bos,0.987309,holoclean_keep
537,sched_arr_time,3:30 p.m.,0.906596,holoclean_keep
537,sched_dep_time,7:10 a.m.,0.987514,holoclean_keep
538,act_arr_time,9:32 a.m.,0.786986,holoclean_keep
538,act_dep_time,7:16 a.m.,0.786986,holoclean_keep
538,flight,aa-3859-iah-ord,0.991390,holoclean_keep
538,sched_arr_time,9:40 a.m.,0.891583,holoclean_keep
538,sched_dep_time,7:10 a.m.,0.996597,holoclean_keep
539,act_arr_time,10:29 p.m.,0.551873,holoclean_keep
539,act_dep_time,7:14 p.m.,0.711235,holoclean_keep
539,flight,co-1586-iah-mco,0.998750,holoclean_keep
539,sched_arr_time,10:15 p.m.,0.929717,holoclean_keep
539,sched_dep_time,7:00 p.m.,0.983827,holoclean_keep
540,act_arr_time,9:28 a.m.,0.596418,holoclean_keep
540,act_dep_time,6:54 a.m.,0.711235,holoclean_keep
540,flight,aa-518-mia-jfk,0.999227,holoclean_keep
540,sched_arr_time,9:25 a.m.,0.981029,holoclean_keep
540,sched_dep_time,6:40 a.m.,0.990134,holoclean_keep
541,act_arr_time,11:58 a.m.,0.648786,holoclean_keep
541,act_dep_time,8:29 a.m.,0.648786,holoclean_keep
541,flight,ua-397-jfk-sfo,0.994736,holoclean_keep
541,sched_arr_time,11:55 a.m.,0.981726,holoclean_keep
541,sched_dep_time,8:00 a.m.,0.986791,holoclean_keep
542,act_arr_time,9:43 a.m.,0.648786,holoclean_keep
542,act_dep_time,8:42 a.m.,0.711235,holoclean_keep
542,flight,ua-3925-iad-orf,0.993671,holoclean_keep
542,sched_arr_time,9:54 a.m.,0.865127,holoclean_keep
542,sched_dep_time,8:41 a.m.,0.966935,holoclean_keep
543,act_arr_time,10:30 p.m. (estimated),0.648786,holoclean_keep
543,act_dep_time,7:58 p.m.,0.786986,holoclean_keep
543,flight,aa-1733-ord-phx,0.994168,holoclean_keep
543,sched_arr_time,10:30 p.m.,0.983283,holoclean_keep
543,sched_dep_time,7:45 p.m.,0.996716,holoclean_keep
544,act_arr_time,2:10 p.m.,0.596418,holoclean_keep
544,act_dep_time,12:13 p.m.,0.711235,holoclean_keep
544,flight,aa-4344-ord-dtw,0.994311,holoclean_keep
544,sched_arr_time,2:00 p.m.,0.949720,holoclean_keep
544,sched_dep_time,11:45 a.m.,0.931580,holoclean_keep
545,act_arr_time,7:25 p.m. (estimated runway),0.648786,holoclean_keep
545,act_dep_time,6:47 p.m. (estimated runway),0.711235,holoclean_keep
545,flight,aa-1640-mia-mco,0.994209,holoclean_keep
545,sched_arr_time,7:25 p.m.,0.982861,holoclean_keep
545,sched_dep_time,6:30 p.m.,0.978608,holoclean_keep
546,act_arr_time,5:17 p.m.,0.648786,holoclean_keep
546,act_dep_time,3:28 p.m.,0.711235,holoclean_keep
546,flight,ua-2830-mco-clt,0.997086,holoclean_keep
546,sched_arr_time,5:05 p.m.,0.993561,holoclean_keep
546,sched_dep_time,3:27 p.m.,0.996716,holoclean_keep
547,act_arr_time,3:31 p.m.,0.880797,holoclean_keep
547,act_dep_time,11:32 a.m.,0.786986,holoclean_keep
547,flight,co-58-den-iah,0.998347,holoclean_keep
547,sched_arr_time,2:50 p.m.,0.973146,holoclean_keep
547,sched_dep_time,11:25 a.m.,0.985483,holoclean_keep
548,act_arr_time,6:35 a.m. (estimated runway),0.551873,holoclean_keep
548,act_dep_time,11:29 p.m. (estimated runway),0.648786,holoclean_keep
548,flight,aa-204-lax-mco,0.994010,holoclean_keep
548,sched_arr_time,6:55 a.m.,0.790750,holoclean_keep
548,sched_dep_time,11:25 p.m.,0.977699,holoclean_keep
549,act_arr_time,7:17 a.m.,0.648786,holoclean_keep
549,act_dep_time,5:56 a.m.,0.711235,holoclean_keep
549,flight,ua-414-lax-sfo,0.977530,holoclean_keep
549,sched_arr_time,7:23 a.m.,0.621883,holoclean_keep
549,sched_dep_time,6:00 a.m.,0.944206,holoclean_keep
550,act_arr_time,5:26 a.m.,0.711235,holoclean_keep
550,act_dep_time,12:41 a.m.,0.711235,holoclean_keep
550,flight,co-1614-lax-iah,0.994322,holoclean_keep
550,sched_arr_time,5:35 a.m.,0.972564,holoclean_keep
550,sched_dep_time,12:30 a.m.,0.986588,holoclean_keep
551,act_arr_time,6:28 p.m.,0.648786,holoclean_keep
551,act_dep_time,3:58 p.m.,0.648786,holoclean_keep
551,flight,ua-2726-fll-phl,0.965252,holoclean_keep
551,sched_arr_time,6:46 p.m.,0.913445,holoclean_keep
551,sched_dep_time,4:00 p.m.,0.975209,holoclean_keep
552,act_arr_time,9:14 a.m.,0.786986,holoclean_keep
552,act_dep_time,7:29 a.m.,0.786986,holoclean_keep
552,flight,co-52-iah-lax,0.991988,holoclean_keep
552,sched_arr_time,9:21 a.m.,0.835339,holoclean_keep
552,sched_dep_time,7:35 a.m.,0.971972,holoclean_keep
553,act_arr_time,1:19 p.m.,0.786986,holoclean_keep
553,act_dep_time,10:19 a.m.,0.711235,holoclean_keep
553,flight,co-1090-bos-iah,0.991942,holoclean_keep
553,sched_arr_time,1:16 p.m.,0.955653,holoclean_keep
553,sched_dep_time,9:45 a.m.,0.959991,holoclean_keep
554,act_arr_time,9:45 a.m.,0.711235,holoclean_keep
554,act_dep_time,7:25 a.m.,0.648786,holoclean_keep
554,flight,aa-3468-cvg-mia,0.998425,holoclean_keep
554,sched_arr_time,9:55 a.m.,0.956961,holoclean_keep
554,sched_dep_time,7:00 a.m.,0.988867,holoclean_keep
555,act_arr_time,9:56 a.m.,0.786986,holoclean_keep
555,act_dep_time,8:12 a.m.,0.648786,holoclean_keep
555,flight,ua-3515-iad-msp,0.999030,holoclean_keep
555,sched_arr_time,10:06 a.m.,0.859317,holoclean_keep
555,sched_dep_time,8:15 a.m.,0.926704,holoclean_keep
556,act_arr_time,7:39 p.m.,0.711235,holoclean_keep
556,act_dep_time,4:29 p.m.,0.786986,holoclean_keep
556,flight,aa-484-dfw-mia,0.994704,holoclean_keep
556,sched_arr_time,7:55 p.m.,0.978367,holoclean_keep
556,sched_dep_time,4:15 p.m.,0.975200,holoclean_keep
557,act_arr_time,1:27 p.m.,0.648786,holoclean_keep
557,act_dep_time,10:10 a.m.,0.648786,holoclean_keep
557,flight,aa-616-dfw-dtw,0.993128,holoclean_keep
557,sched_arr_time,12:35 p.m.,0.965234,holoclean_keep
557,sched_dep_time,9:05 a.m.,0.989375,holoclean_keep
558,act_arr_time,7:10 p.m.,0.786986,holoclean_keep
558,act_dep_time,2:48 p.m.,0.786986,holoclean_keep
558,flight,co-62-iah-ewr,0.887051,holoclean_keep
558,sched_arr_time,7:03 p.m.,0.953023,holoclean_keep
558,sched_dep_time,2:30 p.m.,0.951043,holoclean_keep
559,act_arr_time,8:03 p.m.,0.786986,holoclean_keep
559,act_dep_time,5:22 p.m.,0.880797,holoclean_keep
559,flight,co-63-ewr-iah,0.994302,holoclean_keep
559,sched_arr_time,8:22 p.m.,0.957057,holoclean_keep
559,sched_dep_time,5:25 p.m.,0.943873,holoclean_keep
560,act_arr_time,4:09 p.m.,0.450853,holoclean_keep
560,act_dep_time,12:12 p.m.,0.551873,holoclean_keep
560,flight,aa-446-dfw-phl,0.980490,holoclean_keep
560,sched_arr_time,3:50 p.m.,0.967419,holoclean_keep
560,sched_dep_time,11:50 a.m.,0.947312,holoclean_keep
561,act_arr_time,1:14 p.m.,0.711235,holoclean_keep
561,act_dep_time,11:56 a.m.,0.648786,holoclean_keep
561,flight,co-1023-iah-den,0.997832,holoclean_keep
561,sched_arr_time,1:17 p.m.,0.922294,holoclean_keep
561,sched_dep_time,11:40 a.m.,0.943113,holoclean_keep
562,act_arr_time,9:05 a.m.,0.648786,holoclean_keep
562,act_dep_time,6:08 a.m.,0.711235,holoclean_keep
562,flight,aa-466-iah-mia,0.987878,holoclean_keep
562,sched_arr_time,9:20 a.m.,0.876564,holoclean_keep
562,sched_dep_time,6:00 a.m.,0.995681,holoclean_keep
563,act_arr_time,5:05 p.m.,0.648786,holoclean_keep
563,act_dep_time,11:30 a.m.,0.711235,holoclean_keep
563,flight,ua-3050-phx-clt,0.994623,holoclean_keep
563,sched_arr_time,4:57 p.m.,0.991741,holoclean_keep
563,sched_dep_time,11:05 a.m.,0.993915,holoclean_keep
564,act_arr_time,10:27 a.m.,0.786986,holoclean_keep
564,act_dep_time,6:02 a.m.,0.786986,holoclean_keep
564,flight,co-89-iah-ewr,0.986652,holoclean_keep
564,sched_arr_time,10:20 a.m.,0.769781,holoclean_keep
564,sched_dep_time,6:00 a.m.,0.989451,holoclean_keep
565,act_arr_time,10:56 a.m.,0.786986,holoclean_keep
565,act_dep_time,8:40 a.m.,0.786986,holoclean_keep
565,flight,co-1088-cle-iah,0.994627,holoclean_keep
565,sched_arr_time,10:54 a.m.,0.974126,holoclean_keep
565,sched_dep_time,8:40 a.m.,0.987540,holoclean_keep
566,act_arr_time,11:01 a.m.,0.551873,holoclean_keep
566,act_dep_time,8:04 a.m.,0.711235,holoclean_keep
566,flight,aa-2957-dfw-cvg,0.995021,holoclean_keep
566,sched_arr_time,11:05 a.m.,0.953911,holoclean_keep
566,sched_dep_time,7:55 a.m.,0.990275,holoclean_keep
567,act_arr_time,11:56 a.m.,0.786986,holoclean_keep
567,act_dep_time,10:18 a.m.,0.648786,holoclean_keep
567,flight,aa-1664-mia-atl,0.998652,holoclean_keep
567,sched_arr_time,12:10 p.m.,0.981912,holoclean_keep
567,sched_dep_time,10:15 a.m.,0.990408,holoclean_keep
568,act_arr_time,8:06 a.m.,0.596418,holoclean_keep
568,act_dep_time,8:04 a.m.,0.786986,holoclean_keep
568,flight,aa-3979-cvg-ord,0.998275,holoclean_keep
568,sched_arr_time,8:00 a.m.,0.965985,holoclean_keep
568,sched_dep_time,7:30 a.m.,0.989931,holoclean_keep
569,act_arr_time,3:20 p.m. (runway),0.480150,holoclean_keep
569,act_dep_time,2:04 p.m.,0.513519,holoclean_keep
569,flight,aa-1279-dfw-phx,0.987917,holoclean_keep
569,sched_arr_time,2:35 p.m.,0.990776,holoclean_keep
569,sched_dep_time,1:00 p.m.,0.968593,holoclean_keep
570,act_arr_time,7:40 a.m.,0.513519,holoclean_keep
570,act_dep_time,6:57 a.m.,0.711235,holoclean_keep
570,flight,aa-404-mia-mco,0.997057,holoclean_keep
570,sched_arr_time,7:45 a.m.,0.951859,holoclean_keep
570,sched_dep_time,6:45 a.m.,0.989272,holoclean_keep
571,act_arr_time,2:50 p.m.,0.596418,holoclean_keep
571,act_dep_time,12:41 p.m.,0.551873,holoclean_keep
571,flight,aa-3756-ord-slc,0.997490,holoclean_keep
571,sched_arr_time,2:45 p.m.,0.989942,holoclean_keep
571,sched_dep_time,12:15 p.m.,0.978471,holoclean_keep
572,act_arr_time,3:21 p.m.,0.711235,holoclean_keep
572,act_dep_time,12:35 p.m.,0.648786,holoclean_keep
572,flight,ua-382-iad-lax,0.993880,holoclean_keep
572,sched_arr_time,3:19 p.m.,0.848797,holoclean_keep
572,sched_dep_time,12:30 p.m.,0.981314,holoclean_keep
573,act_arr_time,1:15 p.m.,0.648786,holoclean_keep
573,act_dep_time,11:51 a.m.,0.596418,holoclean_keep
573,flight,ua-2945-phl-clt,0.997112,holoclean_keep
573,sched_arr_time,1:45 p.m.,0.970090,holoclean_keep
573,sched_dep_time,12:00 p.m.,0.988380,holoclean_keep
574,act_arr_time,9:52 p.m. (estimated),0.648786,holoclean_keep
574,act_dep_time,8:25 p.m.,0.786986,holoclean_keep
574,flight,co-47-iah-lax,0.994303,holoclean_keep
574,sched_arr_time,8:56 p.m.,0.952711,holoclean_keep
574,sched_dep_time,7:10 p.m.,0.988602,holoclean_keep
575,act_arr_time,2:27 p.m.,0.711235,holoclean_keep
575,act_dep_time,11:52 a.m.,0.786986,holoclean_keep
575,flight,aa-271-mia-lax,0.995142,holoclean_keep
575,sched_arr_time,2:25 p.m.,0.991699,holoclean_keep
575,sched_dep_time,11:35 a.m.,0.995612,holoclean_keep
576,act_arr_time,2:46 p.m.,0.551873,holoclean_keep
576,act_dep_time,11:05 a.m.,0.551873,holoclean_keep
576,flight,aa-2050-ord-mia,0.984620,holoclean_keep
576,sched_arr_time,2:45 p.m.,0.929368,holoclean_keep
576,sched_dep_time,10:40 a.m.,0.977895,holoclean_keep
577,act_arr_time,5:34 p.m.,0.711235,holoclean_keep
577,act_dep_time,1:32 p.m.,0.648786,holoclean_keep
577,flight,ua-248-phx-ord,0.984084,holoclean_keep
577,sched_arr_time,5:15 p.m.,0.700700,holoclean_keep
577,sched_dep_time,12:57 p.m.,0.897735,holoclean_keep
578,act_arr_time,3:33 p.m.,0.648786,holoclean_keep
578,act_dep_time,3:36 p.m.,0.880797,holoclean_keep
578,flight,aa-4330-cvg-ord,0.998064,holoclean_keep
578,sched_arr_time,4:00 p.m.,0.918960,holoclean_keep
578,sched_dep_time,3:35 p.m.,0.992094,holoclean_keep
579,act_arr_time,10:36 a.m.,0.648786,holoclean_keep
579,act_dep_time,7:21 a.m.,0.711235,holoclean_keep
579,flight,aa-1434-dfw-mco,0.996970,holoclean_keep
579,sched_arr_time,10:35 a.m.,0.930277,holoclean_keep
579,sched_dep_time,7:15 a.m.,0.996249,holoclean_keep
580,act_arr_time,11:32 a.m.,0.551873,holoclean_keep
580,act_dep_time,8:00 a.m.,0.551873,holoclean_keep
580,flight,co-1561-phx-iah,0.995937,holoclean_keep
580,sched_arr_time,11:35 a.m.,0.973104,holoclean_keep
580,sched_dep_time,8:05 a.m.,0.914338,holoclean_keep
581,act_arr_time,8:53 p.m.,0.711235,holoclean_keep
581,act_dep_time,6:55 p.m.,0.711235,holoclean_keep
581,flight,aa-4307-ord-dtw,0.998920,holoclean_keep
581,sched_arr_time,9:10 p.m.,0.981614,holoclean_keep
581,sched_dep_time,6:45 p.m.,0.990823,holoclean_keep
582,act_arr_time,3:16 p.m.,0.551873,holoclean_keep
582,act_dep_time,12:11 p.m.,0.711235,holoclean_keep
582,flight,aa-3-jfk-lax,0.988034,holoclean_keep
582,sched_arr_time,3:15 p.m.,0.950611,holoclean_keep
582,sched_dep_time,12:00 p.m.,0.989141,holoclean_keep
583,act_arr_time,12:21 a.m. (estimated),0.648786,holoclean_keep
583,act_dep_time,7:15 p.m. (estimated),0.648786,holoclean_keep
583,flight,co-1694-lax-iah,0.994083,holoclean_keep
583,sched_arr_time,12:21 a.m.,0.851803,holoclean_keep
584,act_arr_time,7:58 p.m.,0.786986,holoclean_keep
584,act_dep_time,2:10 p.m.,0.711235,holoclean_keep
584,flight,ua-843-lax-ord,0.994289,holoclean_keep
584,sched_arr_time,7:53 p.m.,0.917050,holoclean_keep
584,sched_dep_time,1:55 p.m.,0.899555,holoclean_keep
585,act_arr_time,12:09 p.m.,0.786986,holoclean_keep
585,act_dep_time,9:14 a.m.,0.513519,holoclean_keep
585,flight,co-1193-ewr-mco,0.997442,holoclean_keep
585,sched_arr_time,12:18 p.m.,0.956675,holoclean_keep
585,sched_dep_time,9:15 a.m.,0.985519,holoclean_keep
586,act_arr_time,7:51 a.m.,0.711235,holoclean_keep
586,act_dep_time,6:56 a.m.,0.711235,holoclean_keep
586,flight,aa-3842-msp-ord,0.984450,holoclean_keep
586,sched_arr_time,7:30 a.m.,0.872863,holoclean_keep
586,sched_dep_time,6:00 a.m.,0.990900,holoclean_keep
587,act_arr_time,9:31 a.m.,0.596418,holoclean_keep
587,act_dep_time,7:30 a.m.,0.711235,holoclean_keep
587,flight,aa-643-mia-ord,0.978826,holoclean_keep
587,sched_arr_time,9:35 a.m.,0.882490,holoclean_keep
587,sched_dep_time,7:10 a.m.,0.995737,holoclean_keep
588,act_arr_time,7:55 p.m.,0.786986,holoclean_keep
588,act_dep_time,5:08 p.m.,0.711235,holoclean_keep
588,flight,aa-1007-mia-phx,0.998292,holoclean_keep
588,sched_arr_time,8:05 p.m.,0.950049,holoclean_keep
588,sched_dep_time,4:55 p.m.,0.927171,holoclean_keep
589,act_arr_time,11:06 a.m.,0.551873,holoclean_keep
589,act_dep_time,7:39 a.m.,0.648786,holoclean_keep
589,flight,aa-2525-dfw-mia,0.991791,holoclean_keep
589,sched_arr_time,11:10 a.m.,0.874851,holoclean_keep
589,sched_dep_time,7:25 a.m.,0.976900,holoclean_keep
590,act_arr_time,6:38 p.m.,0.551873,holoclean_keep
590,act_dep_time,4:28 p.m.,0.596418,holoclean_keep
590,flight,ua-2906-phl-mco,0.998349,holoclean_keep
590,sched_arr_time,6:23 p.m.,0.992385,holoclean_keep
590,sched_dep_time,3:50 p.m.,0.977976,holoclean_keep
591,act_arr_time,7:36 p.m.,0.648786,holoclean_keep
591,act_dep_time,4:15 p.m.,0.786986,holoclean_keep
591,flight,ua-938-den-ord,0.996996,holoclean_keep
591,sched_arr_time,7:35 p.m.,0.921115,holoclean_keep
591,sched_dep_time,4:16 p.m.,0.963897,holoclean_keep
592,act_arr_time,9:53 p.m.,0.786986,holoclean_keep
592,act_dep_time,8:23 p.m.,0.880797,holoclean_keep
592,flight,aa-1221-mco-ord,0.994695,holoclean_keep
592,sched_arr_time,9:45 p.m.,0.980721,holoclean_keep
592,sched_dep_time,8:00 p.m.,0.990985,holoclean_keep
593,act_arr_time,6:34 p.m.,0.880797,holoclean_keep
593,act_dep_time,10:20 a.m.,0.711235,holoclean_keep
593,flight,co-16-lax-ewr,0.998914,holoclean_keep
593,sched_arr_time,6:44 p.m.,0.978942,holoclean_keep
593,sched_dep_time,10:25 a.m.,0.972873,holoclean_keep
594,act_arr_time,10:47 a.m.,0.648786,holoclean_keep
594,act_dep_time,7:07 a.m.,0.551873,holoclean_keep
594,flight,ua-2515-dfw-clt,0.997785,holoclean_keep
594,sched_arr_time,10:31 a.m.,0.957338,holoclean_keep
594,sched_dep_time,7:05 a.m.,0.976526,holoclean_keep
595,act_arr_time,3:04 p.m.,0.711235,holoclean_keep
595,act_dep_time,11:01 a.m.,0.648786,holoclean_keep
595,flight,aa-400-dfw-jfk,0.985642,holoclean_keep
595,sched_arr_time,2:59 p.m.,0.849951,holoclean_keep
595,sched_dep_time,10:40 a.m.,0.983339,holoclean_keep
596,act_arr_time,4:23 p.m.,0.786986,holoclean_keep
596,act_dep_time,1:31 p.m.,0.711235,holoclean_keep
596,flight,ua-664-ord-phl,0.994409,holoclean_keep
596,sched_arr_time,4:31 p.m.,0.980229,holoclean_keep
596,sched_dep_time,1:33 p.m.,0.996089,holoclean_keep
597,act_arr_time,4:17 p.m.,0.551873,holoclean_keep
597,act_dep_time,1:48 p.m.,0.711235,holoclean_keep
597,flight,ua-37-ewr-mco,0.993225,holoclean_keep
597,sched_arr_time,4:17 p.m.,0.874867,holoclean_keep
597,sched_dep_time,1:29 p.m.,0.977768,holoclean_keep
598,act_arr_time,5:42 a.m. (estimated runway),0.711235,holoclean_keep
598,act_dep_time,12:10 a.m. (estimated runway),0.786986,holoclean_keep
598,flight,aa-1522-sfo-ord,0.994249,holoclean_keep
598,sched_arr_time,5:50 a.m.,0.839238,holoclean_keep
598,sched_dep_time,11:55 p.m.,0.995150,holoclean_keep
599,act_arr_time,12:01 a.m. (estimated runway),0.596418,holoclean_keep
599,act_dep_time,4:28 p.m. (estimated runway),0.596418,holoclean_keep
599,flight,ua-233-lax-jfk,0.993832,holoclean_keep
599,sched_arr_time,12:29 a.m.,0.856185,holoclean_keep
599,sched_dep_time,4:25 p.m.,0.979820,holoclean_keep
600,act_arr_time,11:49 p.m. (estimated runway),0.648786,holoclean_keep
600,act_dep_time,9:06 p.m. (estimated runway),0.711235,holoclean_keep
600,flight,aa-3823-lax-den,0.993995,holoclean_keep
600,sched_arr_time,12:15 a.m.,0.829159,holoclean_keep
600,sched_dep_time,9:00 p.m.,0.973405,holoclean_keep
601,act_arr_time,11:35 p.m. (estimated runway),0.711235,holoclean_keep
601,act_dep_time,8:29 p.m. (estimated runway),0.711235,holoclean_keep
601,flight,aa-2312-dfw-dtw,0.994315,holoclean_keep
601,sched_arr_time,11:50 p.m.,0.991589,holoclean_keep
601,sched_dep_time,8:25 p.m.,0.979820,holoclean_keep
602,act_arr_time,4:47 p.m.,0.648786,holoclean_keep
602,act_dep_time,2:46 p.m.,0.711235,holoclean_keep
602,flight,ua-2314-atl-phl,0.988454,holoclean_keep
602,sched_arr_time,5:00 p.m.,0.878542,holoclean_keep
602,sched_dep_time,2:55 p.m.,0.936647,holoclean_keep
603,act_arr_time,10:04 a.m.,0.450853,holoclean_keep
603,act_dep_time,7:22 a.m.,0.711235,holoclean_keep
603,flight,aa-1165-jfk-mia,0.989956,holoclean_keep
603,sched_arr_time,10:34 a.m.,0.920724,holoclean_keep
603,sched_dep_time,6:59 a.m.,0.981252,holoclean_keep
604,act_arr_time,11:44 a.m.,0.596418,holoclean_keep
604,act_dep_time,8:51 a.m.,0.711235,holoclean_keep
604,flight,aa-431-mia-sfo,0.995531,holoclean_keep
604,sched_arr_time,11:50 a.m.,0.952360,holoclean_keep
604,sched_dep_time,8:35 a.m.,0.989063,holoclean_keep
605,act_arr_time,5:42 p.m.,0.648786,holoclean_keep
605,act_dep_time,2:26 p.m.,0.648786,holoclean_keep
605,flight,ua-257-jfk-sfo,0.991309,holoclean_keep
605,sched_arr_time,6:15 p.m.,0.957083,holoclean_keep
605,sched_dep_time,2:30 p.m.,0.973927,holoclean_keep
606,act_arr_time,9:13 a.m.,0.711235,holoclean_keep
606,act_dep_time,8:26 a.m.,0.786986,holoclean_keep
606,flight,ua-3373-iad-phl,0.995493,holoclean_keep
606,sched_arr_time,9:24 a.m.,0.961771,holoclean_keep
606,sched_dep_time,8:29 a.m.,0.977234,holoclean_keep
607,act_arr_time,4:59 p.m.,0.880797,holoclean_keep
607,act_dep_time,3:01 p.m.,0.880797,holoclean_keep
607,flight,co-1250-mia-iah,0.994820,holoclean_keep
607,sched_arr_time,4:48 p.m.,0.906638,holoclean_keep
607,sched_dep_time,2:53 p.m.,0.950496,holoclean_keep
608,act_arr_time,5:21 a.m.,0.333333,holoclean
608,act_dep_time,11/30/2011 11:34 p.m.,0.333333,holoclean
608,flight,ua-828-sfo-ord,0.946820,holoclean_keep
608,sched_arr_time,5:11 a.m.,0.659128,holoclean_keep
608,sched_dep_time,11:08 p.m.,0.993796,holoclean_keep
609,act_arr_time,6:40 p.m. (estimated),0.596418,holoclean_keep
609,act_dep_time,5:30 p.m. (estimated),0.596418,holoclean_keep
609,flight,co-4888-iah-dal,0.996449,holoclean_keep
609,sched_arr_time,6:40 p.m.,0.975026,holoclean_keep
609,sched_dep_time,5:30 p.m.,0.988618,holoclean_keep
610,act_arr_time,2:00 p.m.,0.711235,holoclean_keep
610,act_dep_time,11:15 a.m.,0.711235,holoclean_keep
610,flight,ua-2704-dtw-phx,0.994202,holoclean_keep
610,sched_arr_time,1:40 p.m.,0.871670,holoclean_keep
610,sched_dep_time,11:15 a.m.,0.968189,holoclean_keep
611,act_arr_time,9:19 p.m. (estimated),0.648786,holoclean_keep
611,act_dep_time,8:39 p.m.,0.786986,holoclean_keep
611,flight,aa-3063-slc-lax,0.993965,holoclean_keep
611,sched_arr_time,9:20 p.m.,0.952943,holoclean_keep
611,sched_dep_time,8:20 p.m.,0.954762,holoclean_keep
612,act_arr_time,4:44 p.m.,0.711235,holoclean_keep
612,act_dep_time,2:52 p.m.,0.711235,holoclean_keep
612,flight,ua-2708-ewr-clt,0.987498,holoclean_keep
612,sched_arr_time,4:53 p.m.,0.852209,holoclean_keep
612,sched_dep_time,2:55 p.m.,0.923842,holoclean_keep
613,act_arr_time,7:10 p.m.,0.786986,holoclean_keep
613,act_dep_time,2:48 p.m.,0.786986,holoclean_keep
613,flight,ua-62-iah-ewr,0.846018,holoclean_keep
613,sched_arr_time,7:03 p.m.,0.951184,holoclean_keep
613,sched_dep_time,2:30 p.m.,0.949009,holoclean_keep
614,act_arr_time,3:43 p.m.,0.880797,holoclean_keep
614,act_dep_time,2:44 p.m.,0.880797,holoclean_keep
614,flight,aa-3804-phl-ord,0.994918,holoclean_keep
614,sched_arr_time,4:05 p.m.,0.991420,holoclean_keep
614,sched_dep_time,2:35 p.m.,0.977558,holoclean_keep
615,act_arr_time,5:43 p.m.,0.596418,holoclean_keep
615,act_dep_time,3:27 p.m.,0.786986,holoclean_keep
615,flight,aa-1917-jfk-mco,0.986151,holoclean_keep
615,sched_arr_time,5:55 p.m.,0.917422,holoclean_keep
615,sched_dep_time,2:55 p.m.,0.992400,holoclean_keep
616,act_arr_time,11:06 a.m.,0.480150,holoclean_keep
616,act_dep_time,7:22 a.m.,0.551873,holoclean_keep
616,flight,aa-2268-phx-ord,0.910118,holoclean_keep
616,sched_arr_time,11:35 a.m.,0.821446,holoclean_keep
616,sched_dep_time,7:15 a.m.,0.950988,holoclean_keep
617,act_arr_time,1:43 p.m.,0.711235,holoclean_keep
617,act_dep_time,12:10 p.m.,0.786986,holoclean_keep
617,flight,aa-4277-cvg-jfk,0.998863,holoclean_keep
617,sched_arr_time,2:15 p.m.,0.982067,holoclean_keep
617,sched_dep_time,12:10 p.m.,0.996993,holoclean_keep
618,act_arr_time,3:13 p.m.,0.513519,holoclean_keep
618,act_dep_time,1:19 p.m.,0.513519,holoclean_keep
618,flight,aa-789-ord-den,0.985003,holoclean_keep
618,sched_arr_time,2:35 p.m.,0.971875,holoclean_keep
618,sched_dep_time,1:05 p.m.,0.963130,holoclean_keep
619,act_arr_time,1:30 p.m.,0.786986,holoclean_keep
619,act_dep_time,7:49 a.m.,0.786986,holoclean_keep
619,flight,ua-854-sfo-iah,0.994253,holoclean_keep
619,sched_arr_time,1:39 p.m.,0.962579,holoclean_keep
619,sched_dep_time,7:53 a.m.,0.940661,holoclean_keep
620,act_arr_time,10:16 a.m.,0.711235,holoclean_keep
620,act_dep_time,8:56 a.m.,0.711235,holoclean_keep
620,flight,aa-415-bos-ord,0.995142,holoclean_keep
620,sched_arr_time,10:40 a.m.,0.889109,holoclean_keep
620,sched_dep_time,8:35 a.m.,0.982937,holoclean_keep
621,act_arr_time,6:43 p.m.,0.551873,holoclean_keep
621,act_dep_time,3:36 p.m.,0.711235,holoclean_keep
621,flight,aa-85-jfk-sfo,0.992042,holoclean_keep
621,sched_arr_time,6:30 p.m.,0.968269,holoclean_keep
621,sched_dep_time,3:05 p.m.,0.989164,holoclean_keep
622,act_arr_time,6:15 p.m.,0.648786,holoclean_keep
622,act_dep_time,4:12 p.m.,0.711235,holoclean_keep
622,flight,aa-3786-iah-ord,0.986369,holoclean_keep
622,sched_arr_time,6:40 p.m.,0.925702,holoclean_keep
622,sched_dep_time,4:00 p.m.,0.985082,holoclean_keep
623,act_arr_time,3:14 p.m.,0.513519,holoclean_keep
623,act_dep_time,7:31 a.m.,0.648786,holoclean_keep
623,flight,aa-222-lax-bos,0.950387,holoclean_keep
623,sched_arr_time,3:30 p.m.,0.900023,holoclean_keep
623,sched_dep_time,7:10 a.m.,0.987404,holoclean_keep
624,act_arr_time,5:26 p.m.,0.880797,holoclean_keep
624,act_dep_time,3:31 p.m.,0.880797,holoclean_keep
624,flight,co-50-cle-ewr,0.990816,holoclean_keep
624,sched_arr_time,4:49 p.m.,0.887908,holoclean_keep
624,sched_dep_time,2:55 p.m.,0.947201,holoclean_keep
625,act_arr_time,5:38 p.m.,0.648786,holoclean_keep
625,act_dep_time,11:43 a.m.,0.711235,holoclean_keep
625,flight,ua-3099-phx-phl,0.994753,holoclean_keep
625,sched_arr_time,6:17 p.m.,0.992740,holoclean_keep
625,sched_dep_time,11:55 a.m.,0.995773,holoclean_keep
626,act_arr_time,12:50 p.m.,0.711235,holoclean_keep
626,act_dep_time,10:54 a.m.,0.711235,holoclean_keep
626,flight,aa-4198-ord-cle,0.985598,holoclean_keep
626,sched_arr_time,12:55 p.m.,0.939006,holoclean_keep
626,sched_dep_time,10:40 a.m.,0.995307,holoclean_keep
627,act_arr_time,6:36 p.m.,0.786986,holoclean_keep
627,act_dep_time,3:58 p.m.,0.648786,holoclean_keep
627,flight,co-45-ewr-mia,0.971628,holoclean_keep
627,sched_arr_time,7:05 p.m.,0.922317,holoclean_keep
628,act_arr_time,6:19 a.m.,0.480150,holoclean_keep
628,act_dep_time,6:10 a.m.,0.711235,holoclean_keep
628,flight,aa-3809-phx-lax,0.977422,holoclean_keep
628,sched_arr_time,6:40 a.m.,0.885758,holoclean_keep
628,sched_dep_time,6:00 a.m.,0.996461,holoclean_keep
629,act_arr_time,11:12 a.m.,0.551873,holoclean_keep
629,act_dep_time,7:39 a.m.,0.711235,holoclean_keep
629,flight,aa-59-jfk-sfo,0.972759,holoclean_keep
629,sched_arr_time,10:45 a.m.,0.853778,holoclean_keep
629,sched_dep_time,7:10 a.m.,0.988978,holoclean_keep
630,act_arr_time,9:22 a.m.,0.786986,holoclean_keep
630,act_dep_time,7:16 a.m.,0.786986,holoclean_keep
630,flight,aa-3859-iah-ord,0.991767,holoclean_keep
630,sched_arr_time,9:40 a.m.,0.822410,holoclean_keep
630,sched_dep_time,7:10 a.m.,0.995958,holoclean_keep
631,act_arr_time,10:29 p.m.,0.596418,holoclean_keep
631,act_dep_time,7:42 p.m.,0.786986,holoclean_keep
631,flight,co-1586-iah-mco,0.951379,holoclean_keep
631,sched_arr_time,10:15 p.m.,0.534450,holoclean
631,sched_dep_time,7:00 p.m.,0.376460,holoclean
632,act_arr_time,9:28 a.m.,0.596418,holoclean_keep
632,act_dep_time,6:54 a.m.,0.711235,holoclean_keep
632,flight,aa-518-mia-jfk,0.999227,holoclean_keep
632,sched_arr_time,9:25 a.m.,0.981029,holoclean_keep
632,sched_dep_time,6:40 a.m.,0.990134,holoclean_keep
633,act_arr_time,11:58 a.m.,0.648786,holoclean_keep
633,act_dep_time,8:49 a.m.,0.648786,holoclean_keep
633,flight,ua-397-jfk-sfo,0.994684,holoclean_keep
633,sched_arr_time,11:55 a.m.,0.981726,holoclean_keep
633,sched_dep_time,8:00 a.m.,0.986791,holoclean_keep
634,act_arr_time,9:43 a.m.,0.551873,holoclean_keep
634,act_dep_time,9:01 a.m.,0.711235,holoclean_keep
634,flight,ua-3925-iad-orf,0.957870,holoclean_keep
634,sched_arr_time,9:54 a.m.,0.377388,holoclean
634,sched_dep_time,8:41 a.m.,0.535321,holoclean
635,act_arr_time,10:28 p.m.,0.200000,holoclean
635,act_dep_time,7:59 p.m.,0.786986,holoclean_keep
635,flight,aa-1733-ord-phx,0.982015,holoclean_keep
635,sched_arr_time,10:30 p.m.,0.947590,holoclean_keep
635,sched_dep_time,7:45 p.m.,0.994155,holoclean_keep
636,act_arr_time,3:16 p.m.,0.648786,holoclean_keep
636,act_dep_time,12:12 p.m.,0.711235,holoclean_keep
636,flight,aa-3-jfk-lax,0.992897,holoclean_keep
636,sched_arr_time,3:15 p.m.,0.949684,holoclean_keep
636,sched_dep_time,12:00 p.m.,0.989201,holoclean_keep
637,act_arr_time,5:17 p.m.,0.786986,holoclean_keep
637,act_dep_time,3:50 p.m.,0.711235,holoclean_keep
637,flight,ua-2830-mco-clt,0.995056,holoclean_keep
637,sched_arr_time,5:05 p.m.,0.961178,holoclean_keep
637,sched_dep_time,3:27 p.m.,0.976695,holoclean_keep
638,act_arr_time,3:31 p.m.,0.880797,holoclean_keep
638,act_dep_time,12:37 p.m.,0.786986,holoclean_keep
638,flight,co-58-den-iah,0.956179,holoclean_keep
638,sched_arr_time,2:50 p.m.,0.393609,holoclean
638,sched_dep_time,11:25 a.m.,0.777439,holoclean
639,act_arr_time,11:21 a.m.,0.711235,holoclean_keep
639,act_dep_time,10:53 a.m.,0.880797,holoclean_keep
639,flight,ua-5487-sfo-mry,0.959976,holoclean_keep
639,sched_arr_time,11:19 a.m.,0.528209,holoclean
639,sched_dep_time,10:39 a.m.,0.514396,holoclean
640,act_arr_time,12/2/11 6:35 a.m.,0.142857,holoclean
640,act_dep_time,11:29 p.m.,0.200000,holoclean
640,flight,aa-204-lax-mco,0.939304,holoclean_keep
640,sched_arr_time,6:55 a.m. dec 02,0.558265,holoclean_keep
640,sched_dep_time,11:25 p.m.,0.957082,holoclean_keep
641,act_arr_time,7:17 a.m.,0.596418,holoclean_keep
641,act_dep_time,6:10 a.m.,0.711235,holoclean_keep
641,flight,ua-414-lax-sfo,0.977072,holoclean_keep
641,sched_arr_time,7:23 a.m.,0.309104,holoclean
641,sched_dep_time,6:00 a.m.,0.468706,holoclean
642,act_arr_time,5:26 a.m.,0.711235,holoclean_keep
642,act_dep_time,12:58 a.m.,0.711235,holoclean_keep
642,flight,co-1614-lax-iah,0.951785,holoclean_keep
642,sched_arr_time,5:35 a.m.,0.746010,holoclean
642,sched_dep_time,12:30 a.m.,0.748396,holoclean
643,act_arr_time,6:25 p.m.,0.711235,holoclean_keep
643,act_dep_time,4:10 p.m.,0.711235,holoclean_keep
643,flight,ua-2726-fll-phl,0.993390,holoclean_keep
643,sched_arr_time,6:46 p.m.,0.908152,holoclean_keep
643,sched_dep_time,4:00 p.m.,0.972662,holoclean_keep
644,act_arr_time,9:09 a.m.,0.786986,holoclean_keep
644,act_dep_time,7:56 a.m.,0.786986,holoclean_keep
644,flight,co-52-iah-lax,0.987381,holoclean_keep
644,sched_arr_time,9:21 a.m.,0.334286,holoclean
644,sched_dep_time,7:35 a.m.,0.556225,holoclean
645,act_arr_time,1:19 p.m.,0.786986,holoclean_keep
645,act_dep_time,10:35 a.m.,0.711235,holoclean_keep
645,flight,co-1090-bos-iah,0.976818,holoclean_keep
645,sched_arr_time,1:16 p.m.,0.820040,holoclean
645,sched_dep_time,9:45 a.m.,0.586235,holoclean
646,act_arr_time,1:18 p.m.,0.711235,holoclean_keep
646,act_dep_time,10:11 a.m.,0.711235,holoclean_keep
646,flight,aa-616-dfw-dtw,0.998593,holoclean_keep
646,sched_arr_time,12:35 p.m.,0.980946,holoclean_keep
646,sched_dep_time,9:05 a.m.,0.995948,holoclean_keep
647,act_arr_time,9:56 a.m.,0.711235,holoclean_keep
647,act_dep_time,8:26 a.m.,0.648786,holoclean_keep
647,flight,ua-3515-iad-msp,0.963677,holoclean_keep
647,sched_arr_time,10:06 a.m.,0.274200,holoclean
647,sched_dep_time,8:15 a.m.,0.274230,holoclean
648,act_arr_time,9:45 a.m.,0.711235,holoclean_keep
648,act_dep_time,7:25 a.m.,0.648786,holoclean_keep
648,flight,aa-3468-cvg-mia,0.998425,holoclean_keep
648,sched_arr_time,9:55 a.m.,0.956961,holoclean_keep
648,sched_dep_time,7:00 a.m.,0.988867,holoclean_keep
649,act_arr_time,7:39 p.m.,0.648786,holoclean_keep
649,act_dep_time,4:30 p.m.,0.786986,holoclean_keep
649,flight,aa-484-dfw-mia,0.998966,holoclean_keep
649,sched_arr_time,7:55 p.m.,0.969030,holoclean_keep
649,sched_dep_time,4:15 p.m.,0.996657,holoclean_keep
650,act_arr_time,1:40 p.m.,0.648786,holoclean_keep
650,act_dep_time,10:55 a.m.,0.648786,holoclean_keep
650,flight,aa-1886-bos-mia,0.949899,holoclean_keep
650,sched_arr_time,2:20 p.m.,0.377035,holoclean
650,sched_dep_time,10:45 a.m.,0.337306,holoclean
651,act_arr_time,7:10 p.m.,0.880797,holoclean_keep
651,act_dep_time,2:59 p.m.,0.880797,holoclean_keep
651,flight,co-62-iah-ewr,0.880470,holoclean_keep
651,sched_arr_time,7:03 p.m.,0.426569,holoclean
651,sched_dep_time,2:30 p.m.,0.429171,holoclean
652,act_arr_time,11:32 a.m.,0.711235,holoclean_keep
652,act_dep_time,8:18 a.m.,0.711235,holoclean_keep
652,flight,co-1561-phx-iah,0.956606,holoclean_keep
652,sched_arr_time,11:35 a.m.,0.749858,holoclean
652,sched_dep_time,8:05 a.m.,0.753111,holoclean
653,act_arr_time,5:00 p.m.,0.551873,holoclean_keep
653,act_dep_time,3:04 p.m.,0.648786,holoclean_keep
653,flight,ua-2314-atl-phl,0.897183,holoclean_keep
653,sched_arr_time,5:00 p.m.,0.266465,holoclean
653,sched_dep_time,2:55 p.m.,0.295056,holoclean
654,act_arr_time,4:09 p.m.,0.551873,holoclean_keep
654,act_dep_time,12:13 p.m.,0.551873,holoclean_keep
654,flight,aa-446-dfw-phl,0.989312,holoclean_keep
654,sched_arr_time,3:50 p.m.,0.978832,holoclean_keep
654,sched_dep_time,11:50 a.m.,0.948339,holoclean_keep
655,act_arr_time,1:14 p.m.,0.711235,holoclean_keep
655,act_dep_time,12:06 p.m.,0.648786,holoclean_keep
655,flight,co-1023-iah-den,0.982207,holoclean_keep
655,sched_arr_time,1:17 p.m.,0.520708,holoclean
655,sched_dep_time,11:40 a.m.,0.528189,holoclean
656,act_arr_time,9:05 a.m.,0.551873,holoclean_keep
656,act_dep_time,6:09 a.m.,0.711235,holoclean_keep
656,flight,aa-466-iah-mia,0.985895,holoclean_keep
656,sched_arr_time,9:20 a.m.,0.858284,holoclean_keep
656,sched_dep_time,6:00 a.m.,0.989540,holoclean_keep
657,act_arr_time,5:03 p.m.,0.648786,holoclean_keep
657,act_dep_time,11:45 a.m.,0.711235,holoclean_keep
657,flight,ua-3050-phx-clt,0.994733,holoclean_keep
657,sched_arr_time,4:57 p.m.,0.989908,holoclean_keep
657,sched_dep_time,11:05 a.m.,0.994922,holoclean_keep
658,act_arr_time,10:27 a.m.,0.786986,holoclean_keep
658,act_dep_time,6:17 a.m.,0.786986,holoclean_keep
658,flight,co-89-iah-ewr,0.955125,holoclean_keep
658,sched_arr_time,10:20 a.m.,0.786144,holoclean
658,sched_dep_time,6:00 a.m.,0.790971,holoclean
659,act_arr_time,10:56 a.m.,0.596418,holoclean_keep
659,act_dep_time,9:01 a.m.,0.786986,holoclean_keep
659,flight,co-1088-cle-iah,0.974120,holoclean_keep
659,sched_arr_time,10:54 a.m.,0.757840,holoclean
659,sched_dep_time,8:40 a.m.,0.762908,holoclean
660,act_arr_time,11:50 a.m.,0.711235,holoclean_keep
660,act_dep_time,10:19 a.m.,0.711235,holoclean_keep
660,flight,aa-1664-mia-atl,0.998361,holoclean_keep
660,sched_arr_time,12:10 p.m.,0.968779,holoclean_keep
660,sched_dep_time,10:15 a.m.,0.988529,holoclean_keep
661,act_arr_time,3:19 p.m.,0.480150,holoclean_keep
661,act_dep_time,2:04 p.m.,0.513519,holoclean_keep
661,flight,aa-1279-dfw-phx,0.987985,holoclean_keep
661,sched_arr_time,2:35 p.m.,0.990776,holoclean_keep
661,sched_dep_time,1:00 p.m.,0.968593,holoclean_keep
662,act_arr_time,1:30 p.m.,0.786986,holoclean_keep
662,act_dep_time,8:07 a.m.,0.786986,holoclean_keep
662,flight,ua-854-sfo-iah,0.957438,holoclean_keep
662,sched_arr_time,1:39 p.m.,0.679486,holoclean
662,sched_dep_time,7:53 a.m.,0.459988,holoclean
663,act_arr_time,3:21 p.m.,0.711235,holoclean_keep
663,act_dep_time,12:56 p.m.,0.648786,holoclean_keep
663,flight,ua-382-iad-lax,0.956553,holoclean_keep
663,sched_arr_time,3:19 p.m.,0.410494,holoclean
663,sched_dep_time,12:30 p.m.,0.681922,holoclean
664,act_arr_time,2:01 p.m.,0.786986,holoclean_keep
664,act_dep_time,12:14 p.m.,0.711235,holoclean_keep
664,flight,aa-4344-ord-dtw,0.955173,holoclean_keep
664,sched_arr_time,2:00 p.m.,0.256232,holoclean
664,sched_dep_time,11:45 a.m.,0.603346,holoclean
665,act_arr_time,5:42 p.m.,0.648786,holoclean_keep
665,act_dep_time,2:43 p.m.,0.648786,holoclean_keep
665,flight,ua-257-jfk-sfo,0.991625,holoclean_keep
665,sched_arr_time,6:15 p.m.,0.953334,holoclean_keep
665,sched_dep_time,2:30 p.m.,0.972557,holoclean_keep
666,act_arr_time,1:14 p.m.,0.648786,holoclean_keep
666,act_dep_time,12:08 p.m.,0.480150,holoclean_keep
666,flight,ua-2945-phl-clt,0.984379,holoclean_keep
666,sched_arr_time,1:45 p.m.,0.920348,holoclean_keep
666,sched_dep_time,12:00 p.m.,0.967038,holoclean_keep
667,act_arr_time,8:03 p.m.,0.711235,holoclean_keep
667,act_dep_time,5:38 p.m.,0.880797,holoclean_keep
667,flight,co-63-ewr-iah,0.985239,holoclean_keep
667,sched_arr_time,8:22 p.m.,0.682993,holoclean
667,sched_dep_time,5:25 p.m.,0.405218,holoclean
668,act_arr_time,9:38 p.m.,0.648786,holoclean_keep
668,act_dep_time,8:36 p.m.,0.786986,holoclean_keep
668,flight,co-47-iah-lax,0.949346,holoclean_keep
668,sched_arr_time,8:56 p.m.,0.424478,holoclean
668,sched_dep_time,7:10 p.m.,0.675108,holoclean
669,act_arr_time,2:46 p.m.,0.551873,holoclean_keep
669,act_dep_time,11:06 a.m.,0.551873,holoclean_keep
669,flight,aa-2050-ord-mia,0.985023,holoclean_keep
669,sched_arr_time,2:45 p.m.,0.927249,holoclean_keep
669,sched_dep_time,10:40 a.m.,0.976645,holoclean_keep
670,act_arr_time,5:34 p.m.,0.880797,holoclean_keep
670,act_dep_time,1:43 p.m.,0.648786,holoclean_keep
670,flight,ua-248-phx-ord,0.963078,holoclean_keep
670,sched_arr_time,5:15 p.m.,0.256813,holoclean
670,sched_dep_time,12:57 p.m.,0.311292,holoclean
671,act_arr_time,3:25 p.m.,0.648786,holoclean_keep
671,act_dep_time,3:36 p.m.,0.786986,holoclean_keep
671,flight,aa-4330-cvg-ord,0.955024,holoclean_keep
671,sched_arr_time,4:00 p.m.,0.390506,holoclean
671,sched_dep_time,3:35 p.m.,0.800185,holoclean
672,act_arr_time,10:29 a.m.,0.480150,holoclean_keep
672,act_dep_time,7:22 a.m.,0.711235,holoclean_keep
672,flight,aa-1434-dfw-mco,0.980219,holoclean_keep
672,sched_arr_time,10:35 a.m.,0.829496,holoclean_keep
672,sched_dep_time,7:15 a.m.,0.984078,holoclean_keep
673,act_arr_time,7:25 p.m.,0.200000,holoclean
673,act_dep_time,6:47 p.m.,0.250000,holoclean
673,flight,aa-1640-mia-mco,0.939507,holoclean_keep
673,sched_arr_time,7:25 p.m.,0.941011,holoclean_keep
673,sched_dep_time,6:30 p.m.,0.958796,holoclean_keep
674,act_arr_time,8:43 p.m.,0.648786,holoclean_keep
674,act_dep_time,6:56 p.m.,0.711235,holoclean_keep
674,flight,aa-4307-ord-dtw,0.996929,holoclean_keep
674,sched_arr_time,9:10 p.m.,0.965975,holoclean_keep
674,sched_dep_time,6:45 p.m.,0.983971,holoclean_keep
675,act_arr_time,12:02 a.m.,0.200000,holoclean
675,act_dep_time,7:15 p.m.,0.200000,holoclean
675,flight,co-1694-lax-iah,0.942808,holoclean_keep
675,sched_arr_time,12:21 a.m. dec 02,0.615225,holoclean_keep
676,act_arr_time,7:58 p.m.,0.786986,holoclean_keep
676,act_dep_time,2:38 p.m.,0.711235,holoclean_keep
676,flight,ua-843-lax-ord,0.955331,holoclean_keep
676,sched_arr_time,7:53 p.m.,0.478788,holoclean
676,sched_dep_time,1:55 p.m.,0.329483,holoclean
677,act_arr_time,12:09 p.m.,0.786986,holoclean_keep
677,act_dep_time,9:58 a.m.,0.513519,holoclean_keep
677,flight,co-1193-ewr-mco,0.997354,holoclean_keep
677,sched_arr_time,12:18 p.m.,0.956675,holoclean_keep
677,sched_dep_time,9:15 a.m.,0.985519,holoclean_keep
678,act_arr_time,7:51 a.m.,0.648786,holoclean_keep
678,act_dep_time,6:57 a.m.,0.711235,holoclean_keep
678,flight,aa-3842-msp-ord,0.971879,holoclean_keep
678,sched_arr_time,7:30 a.m.,0.847198,holoclean_keep
678,sched_dep_time,6:00 a.m.,0.989625,holoclean_keep
679,act_arr_time,9:29 a.m.,0.551873,holoclean_keep
679,act_dep_time,7:31 a.m.,0.596418,holoclean_keep
679,flight,aa-643-mia-ord,0.919620,holoclean_keep
679,sched_arr_time,9:35 a.m.,0.752318,holoclean_keep
679,sched_dep_time,7:10 a.m.,0.985994,holoclean_keep
680,act_arr_time,7:53 p.m.,0.786986,holoclean_keep
680,act_dep_time,5:09 p.m.,0.711235,holoclean_keep
680,flight,aa-1007-mia-phx,0.982141,holoclean_keep
680,sched_arr_time,8:05 p.m.,0.568898,holoclean
680,sched_dep_time,4:55 p.m.,0.276028,holoclean
681,act_arr_time,6:35 p.m.,0.596418,holoclean_keep
681,act_dep_time,4:46 p.m.,0.596418,holoclean_keep
681,flight,ua-2906-phl-mco,0.994585,holoclean_keep
681,sched_arr_time,6:23 p.m.,0.993019,holoclean_keep
681,sched_dep_time,3:50 p.m.,0.979080,holoclean_keep
682,act_arr_time,7:36 p.m.,0.786986,holoclean_keep
682,act_dep_time,4:37 p.m.,0.786986,holoclean_keep
682,flight,ua-938-den-ord,0.957868,holoclean_keep
682,sched_arr_time,7:35 p.m.,0.691779,holoclean
682,sched_dep_time,4:16 p.m.,0.695644,holoclean
683,act_arr_time,9:49 p.m.,0.786986,holoclean_keep
683,act_dep_time,8:23 p.m.,0.880797,holoclean_keep
683,flight,aa-1221-mco-ord,0.994575,holoclean_keep
683,sched_arr_time,9:45 p.m.,0.980721,holoclean_keep
683,sched_dep_time,8:00 p.m.,0.990985,holoclean_keep
684,act_arr_time,6:34 p.m.,0.880797,holoclean_keep
684,act_dep_time,10:37 a.m.,0.711235,holoclean_keep
684,flight,co-16-lax-ewr,0.989776,holoclean_keep
684,sched_arr_time,6:44 p.m.,0.794259,holoclean
684,sched_dep_time,10:25 a.m.,0.623781,holoclean
685,act_arr_time,10:45 a.m.,0.480150,holoclean_keep
685,act_dep_time,7:31 a.m.,0.596418,holoclean_keep
685,flight,ua-2515-dfw-clt,0.937343,holoclean_keep
685,sched_arr_time,10:31 a.m.,0.253248,holoclean
685,sched_dep_time,7:05 a.m.,0.419302,holoclean
686,act_arr_time,3:04 p.m.,0.711235,holoclean_keep
686,act_dep_time,11:02 a.m.,0.648786,holoclean_keep
686,flight,aa-400-dfw-jfk,0.985923,holoclean_keep
686,sched_arr_time,2:59 p.m.,0.858536,holoclean_keep
686,sched_dep_time,10:40 a.m.,0.983339,holoclean_keep
687,act_arr_time,4:23 p.m.,0.648786,holoclean_keep
687,act_dep_time,1:48 p.m.,0.711235,holoclean_keep
687,flight,ua-664-ord-phl,0.995935,holoclean_keep
687,sched_arr_time,4:31 p.m.,0.951115,holoclean_keep
687,sched_dep_time,1:33 p.m.,0.983455,holoclean_keep
688,act_arr_time,2:52 p.m.,0.596418,holoclean_keep
688,act_dep_time,12:42 p.m.,0.513519,holoclean_keep
688,flight,aa-3756-ord-slc,0.993422,holoclean_keep
688,sched_arr_time,2:45 p.m.,0.974942,holoclean_keep
688,sched_dep_time,12:15 p.m.,0.976878,holoclean_keep
689,act_arr_time,4:17 p.m.,0.786986,holoclean_keep
689,act_dep_time,2:01 p.m.,0.711235,holoclean_keep
689,flight,ua-37-ewr-mco,0.954798,holoclean_keep
689,sched_arr_time,4:17 p.m.,0.731147,holoclean
689,sched_dep_time,1:29 p.m.,0.413013,holoclean
690,act_arr_time,5:42 a.m. (estimated runway),0.250000,holoclean
690,act_dep_time,12:10 a.m. (estimated runway),0.333333,holoclean
690,flight,aa-1522-sfo-ord,0.941413,holoclean_keep
690,sched_arr_time,5:50 a.m. dec 02,0.572926,holoclean_keep
690,sched_dep_time,11:55 p.m.,0.993564,holoclean_keep
691,act_arr_time,11:56 p.m.,0.166667,holoclean
691,act_dep_time,4:25 p.m.,0.166667,holoclean
691,flight,ua-233-lax-jfk,0.936851,holoclean_keep
691,sched_arr_time,12:29 a.m. dec 02,0.623509,holoclean_keep
691,sched_dep_time,4:25 p.m.,0.961085,holoclean_keep
692,act_arr_time,11:49 p.m.,0.200000,holoclean
692,act_dep_time,9:06 p.m.,0.250000,holoclean
692,flight,aa-3823-lax-den,0.939565,holoclean_keep
692,sched_arr_time,12:15 a.m. dec 02,0.579806,holoclean_keep
692,sched_dep_time,9:00 p.m.,0.957707,holoclean_keep
693,act_arr_time,11:35 p.m.,0.250000,holoclean
693,act_dep_time,8:29 p.m.,0.250000,holoclean
693,flight,aa-2312-dfw-dtw,0.942312,holoclean_keep
693,sched_arr_time,11:50 p.m.,0.970411,holoclean_keep
693,sched_dep_time,8:25 p.m.,0.961086,holoclean_keep
694,act_arr_time,10:04 a.m.,0.513519,holoclean_keep
694,act_dep_time,7:23 a.m.,0.711235,holoclean_keep
694,flight,aa-1165-jfk-mia,0.997193,holoclean_keep
694,sched_arr_time,10:34 a.m.,0.934713,holoclean_keep
694,sched_dep_time,6:59 a.m.,0.988060,holoclean_keep
695,act_arr_time,11:44 a.m.,0.596418,holoclean_keep
695,act_dep_time,8:52 a.m.,0.711235,holoclean_keep
695,flight,aa-431-mia-sfo,0.995319,holoclean_keep
695,sched_arr_time,11:50 a.m.,0.951591,holoclean_keep
695,sched_dep_time,8:35 a.m.,0.988683,holoclean_keep
696,act_arr_time,9:13 a.m.,0.880797,holoclean_keep
696,act_dep_time,8:37 a.m.,0.786986,holoclean_keep
696,flight,ua-3373-iad-phl,0.956221,holoclean_keep
696,sched_arr_time,9:24 a.m.,0.691850,holoclean
696,sched_dep_time,8:29 a.m.,0.676202,holoclean
697,act_arr_time,3:26 p.m.,0.166667,holoclean
697,act_dep_time,11:54 a.m.,0.111111,holoclean
697,flight,aa-649-ord-sna,0.950189,holoclean_keep
697,sched_arr_time,3:50 p.m.,0.973522,holoclean_keep
697,sched_dep_time,1:30 p.m.,0.945833,holoclean_keep
698,act_arr_time,4:59 p.m.,0.880797,holoclean_keep
698,act_dep_time,3:17 p.m.,0.880797,holoclean_keep
698,flight,co-1250-mia-iah,0.955030,holoclean_keep
698,sched_arr_time,4:48 p.m.,0.431073,holoclean
698,sched_dep_time,2:53 p.m.,0.423996,holoclean
699,act_arr_time,8:45 a.m.,0.711235,holoclean_keep
699,act_dep_time,7:41 a.m.,0.786986,holoclean_keep
699,flight,ua-6273-yyc-sfo,0.959583,holoclean_keep
699,sched_arr_time,not available,0.371603,holoclean
699,sched_dep_time,7:35 a.m.,0.364635,holoclean
700,act_arr_time,5:21 a.m.,0.333333,holoclean
700,act_dep_time,11/30/2011 11:34 p.m.,0.333333,holoclean
700,flight,ua-828-sfo-ord,0.946465,holoclean_keep
700,sched_arr_time,5:11 a.m.dec 02,0.664107,holoclean_keep
700,sched_dep_time,11:08 p.m.,0.995557,holoclean_keep
701,act_arr_time,6:09 p.m.,0.166667,holoclean
701,act_dep_time,3:52 p.m.,0.166667,holoclean
701,flight,co-4888-iah-dal,0.967731,holoclean_keep
701,sched_arr_time,6:40 p.m.,0.915688,holoclean_keep
701,sched_dep_time,5:30 p.m.,0.977868,holoclean_keep
702,act_arr_time,8:02 a.m.,0.711235,holoclean_keep
702,act_dep_time,1:45 p.m.,0.648786,holoclean_keep
702,flight,ua-858-pvg-sfo,0.958003,holoclean_keep
702,sched_arr_time,8:27 a.m.,0.389701,holoclean
702,sched_dep_time,1:45 p.m.,0.598090,holoclean
703,act_arr_time,2:02 p.m.,0.648786,holoclean_keep
703,act_dep_time,11:47 a.m.,0.711235,holoclean_keep
703,flight,ua-2704-dtw-phx,0.990442,holoclean_keep
703,sched_arr_time,1:40 p.m.,0.628494,holoclean
703,sched_dep_time,11:15 a.m.,0.441332,holoclean
704,act_arr_time,9:11 p.m.,0.648786,holoclean_keep
704,act_dep_time,8:40 p.m.,0.786986,holoclean_keep
704,flight,aa-3063-slc-lax,0.953186,holoclean_keep
704,sched_arr_time,9:20 p.m.,0.381950,holoclean
704,sched_dep_time,8:20 p.m.,0.362455,holoclean
705,act_arr_time,4:24 p.m.,0.551873,holoclean_keep
705,act_dep_time,3:04 p.m.,0.711235,holoclean_keep
705,flight,ua-2708-ewr-clt,0.972024,holoclean_keep
705,sched_arr_time,4:53 p.m.,0.242264,holoclean
705,sched_dep_time,2:55 p.m.,0.263285,holoclean
706,act_arr_time,7:10 p.m.,0.786986,holoclean_keep
706,act_dep_time,2:59 p.m.,0.786986,holoclean_keep
706,flight,ua-62-iah-ewr,0.881123,holoclean_keep
706,sched_arr_time,7:03 p.m.,0.418384,holoclean
706,sched_dep_time,2:30 p.m.,0.419045,holoclean
707,act_arr_time,12:12 p.m.,0.711235,holoclean_keep
707,act_dep_time,9:43 a.m.,0.711235,holoclean_keep
707,flight,ua-1500-iah-gua,0.958017,holoclean_keep
707,sched_arr_time,11:45 a.m.,0.613095,holoclean
707,sched_dep_time,8:55 a.m.,0.639097,holoclean
708,act_arr_time,3:36 p.m.,0.880797,holoclean_keep
708,act_dep_time,2:44 p.m.,0.880797,holoclean_keep
708,flight,aa-3804-phl-ord,0.994939,holoclean_keep
708,sched_arr_time,4:05 p.m.,0.982807,holoclean_keep
708,sched_dep_time,2:35 p.m.,0.972743,holoclean_keep
709,act_arr_time,5:34 p.m.,0.648786,holoclean_keep
709,act_dep_time,3:28 p.m.,0.551873,holoclean_keep
709,flight,aa-1917-jfk-mco,0.930857,holoclean_keep
709,sched_arr_time,5:55 p.m.,0.800555,holoclean_keep
709,sched_dep_time,2:55 p.m.,0.979032,holoclean_keep
710,act_arr_time,11:07 a.m.,0.480150,holoclean_keep
710,act_dep_time,7:23 a.m.,0.648786,holoclean_keep
710,flight,aa-2268-phx-ord,0.977637,holoclean_keep
710,sched_arr_time,11:35 a.m.,0.934868,holoclean_keep
710,sched_dep_time,7:15 a.m.,0.975356,holoclean_keep
711,act_arr_time,1:43 p.m.,0.711235,holoclean_keep
711,act_dep_time,12:11 p.m.,0.786986,holoclean_keep
711,flight,aa-4277-cvg-jfk,0.998001,holoclean_keep
711,sched_arr_time,2:15 p.m.,0.980663,holoclean_keep
711,sched_dep_time,12:10 p.m.,0.996651,holoclean_keep
712,act_arr_time,11:00 a.m.,0.711235,holoclean_keep
712,act_dep_time,8:05 a.m.,0.648786,holoclean_keep
712,flight,aa-2957-dfw-cvg,0.998567,holoclean_keep
712,sched_arr_time,11:05 a.m.,0.958189,holoclean_keep
712,sched_dep_time,7:55 a.m.,0.989785,holoclean_keep
713,act_arr_time,12:09 p.m.,0.786986,holoclean_keep
713,act_dep_time,9:05 a.m.,0.551873,holoclean_keep
713,flight,ua-37-edi-ewr,0.969320,holoclean_keep
713,sched_arr_time,11:53 a.m.,0.430604,holoclean
713,sched_dep_time,9:05 a.m.,0.248395,holoclean
714,act_arr_time,3:01 p.m.,0.513519,holoclean_keep
714,act_dep_time,1:20 p.m.,0.551873,holoclean_keep
714,flight,aa-789-ord-den,0.993129,holoclean_keep
714,sched_arr_time,2:35 p.m.,0.991018,holoclean_keep
714,sched_dep_time,1:05 p.m.,0.969285,holoclean_keep
715,act_arr_time,10:10 a.m.,0.711235,holoclean_keep
715,act_dep_time,8:56 a.m.,0.711235,holoclean_keep
715,flight,aa-415-bos-ord,0.953559,holoclean_keep
715,sched_arr_time,10:40 a.m.,0.629261,holoclean
715,sched_dep_time,8:35 a.m.,0.646785,holoclean
716,act_arr_time,6:43 p.m.,0.711235,holoclean_keep
716,act_dep_time,3:38 p.m.,0.711235,holoclean_keep
716,flight,aa-85-jfk-sfo,0.999069,holoclean_keep
716,sched_arr_time,6:30 p.m.,0.991379,holoclean_keep
716,sched_dep_time,3:05 p.m.,0.995657,holoclean_keep
717,act_arr_time,7:57 a.m.,0.596418,holoclean_keep
717,act_dep_time,8:04 a.m.,0.786986,holoclean_keep
717,flight,aa-3979-cvg-ord,0.998220,holoclean_keep
717,sched_arr_time,8:00 a.m.,0.965985,holoclean_keep
717,sched_dep_time,7:30 a.m.,0.989931,holoclean_keep
718,act_arr_time,4:56 p.m.,0.786986,holoclean_keep
718,act_dep_time,11:41 a.m.,0.711235,holoclean_keep
718,flight,aa-1544-san-ord,0.954941,holoclean_keep
718,sched_arr_time,5:25 p.m.,0.704640,holoclean
718,sched_dep_time,11:25 a.m.,0.424134,holoclean
719,act_arr_time,6:09 p.m.,0.648786,holoclean_keep
719,act_dep_time,4:12 p.m.,0.711235,holoclean_keep
719,flight,aa-3786-iah-ord,0.985895,holoclean_keep
719,sched_arr_time,6:40 p.m.,0.925702,holoclean_keep
719,sched_dep_time,4:00 p.m.,0.985082,holoclean_keep
720,act_arr_time,2:27 p.m.,0.711235,holoclean_keep
720,act_dep_time,11:52 a.m.,0.786986,holoclean_keep
720,flight,aa-271-mia-lax,0.995136,holoclean_keep
720,sched_arr_time,2:25 p.m.,0.991699,holoclean_keep
720,sched_dep_time,11:35 a.m.,0.995611,holoclean_keep
721,act_arr_time,11:06 a.m.,0.480150,holoclean_keep
721,act_dep_time,7:40 a.m.,0.648786,holoclean_keep
721,flight,aa-2525-dfw-mia,0.987475,holoclean_keep
721,sched_arr_time,11:10 a.m.,0.894016,holoclean_keep
721,sched_dep_time,7:25 a.m.,0.976642,holoclean_keep
722,act_arr_time,5:26 p.m.,0.880797,holoclean_keep
722,act_dep_time,4:02 p.m.,0.880797,holoclean_keep
722,flight,co-50-cle-ewr,0.955077,holoclean_keep
722,sched_arr_time,4:49 p.m.,0.413352,holoclean
722,sched_dep_time,2:55 p.m.,0.409000,holoclean
723,act_arr_time,6:17 p.m.,0.648786,holoclean_keep
723,act_dep_time,11:55 a.m.,0.711235,holoclean_keep
723,flight,ua-3099-phx-phl,0.994735,holoclean_keep
723,sched_arr_time,6:17 p.m.,0.991476,holoclean_keep
723,sched_dep_time,11:55 a.m.,0.996044,holoclean_keep
724,act_arr_time,12:48 p.m.,0.596418,holoclean_keep
724,act_dep_time,10:55 a.m.,0.711235,holoclean_keep
724,flight,aa-4198-ord-cle,0.984049,holoclean_keep
724,sched_arr_time,12:55 p.m.,0.919974,holoclean_keep
724,sched_dep_time,10:40 a.m.,0.989863,holoclean_keep
725,act_arr_time,7:32 a.m.,0.596418,holoclean_keep
725,act_dep_time,6:58 a.m.,0.711235,holoclean_keep
725,flight,aa-404-mia-mco,0.994357,holoclean_keep
725,sched_arr_time,7:45 a.m.,0.966212,holoclean_keep
725,sched_dep_time,6:45 a.m.,0.995388,holoclean_keep
726,act_arr_time,6:36 p.m.,0.786986,holoclean_keep
726,act_dep_time,4:15 p.m.,0.648786,holoclean_keep
726,flight,co-45-ewr-mia,0.962661,holoclean_keep
726,sched_arr_time,7:05 p.m.,0.908384,holoclean_keep
727,act_arr_time,6:19 a.m.,0.596418,holoclean_keep
727,act_dep_time,6:11 a.m.,0.711235,holoclean_keep
727,flight,aa-3809-phx-lax,0.989013,holoclean_keep
727,sched_arr_time,6:40 a.m.,0.890272,holoclean_keep
727,sched_dep_time,6:00 a.m.,0.996473,holoclean_keep
728,act_arr_time,11:12 a.m.,0.513519,holoclean_keep
728,act_dep_time,7:40 a.m.,0.711235,holoclean_keep
728,flight,aa-59-jfk-sfo,0.980218,holoclean_keep
728,sched_arr_time,10:45 a.m.,0.870032,holoclean_keep
728,sched_dep_time,7:10 a.m.,0.988991,holoclean_keep
729,act_arr_time,3:14 p.m.,0.711235,holoclean_keep
729,act_dep_time,7:32 a.m.,0.648786,holoclean_keep
729,flight,aa-222-lax-bos,0.987309,holoclean_keep
729,sched_arr_time,3:30 p.m.,0.906596,holoclean_keep
729,sched_dep_time,7:10 a.m.,0.987514,holoclean_keep
730,act_arr_time,9:22 a.m.,0.786986,holoclean_keep
730,act_dep_time,7:16 a.m.,0.786986,holoclean_keep
730,flight,aa-3859-iah-ord,0.948551,holoclean_keep
730,sched_arr_time,9:40 a.m.,0.711042,holoclean
730,sched_dep_time,7:10 a.m.,0.915358,holoclean
731,act_arr_time,10:28 p.m.,0.648786,holoclean_keep
731,act_dep_time,7:59 p.m.,0.786986,holoclean_keep
731,flight,aa-1733-ord-phx,0.943085,holoclean_keep
731,sched_arr_time,10:30 p.m.,0.544728,holoclean
731,sched_dep_time,7:45 p.m.,0.913410,holoclean
732,act_arr_time,10:22 p.m.,0.596418,holoclean_keep
732,act_dep_time,7:41 p.m.,0.786986,holoclean_keep
732,flight,co-1586-iah-mco,0.950711,holoclean_keep
732,sched_arr_time,10:15 p.m.,0.472911,holoclean
732,sched_dep_time,7:00 p.m.,0.336045,holoclean
733,act_arr_time,11:30 a.m.,0.648786,holoclean_keep
733,act_dep_time,8:47 a.m.,0.648786,holoclean_keep
733,flight,ua-397-jfk-sfo,0.947616,holoclean_keep
733,sched_arr_time,11:55 a.m.,0.615240,holoclean
733,sched_dep_time,8:00 a.m.,0.655202,holoclean
734,act_arr_time,9:39 a.m.,0.551873,holoclean_keep
734,act_dep_time,9:01 a.m.,0.711235,holoclean_keep
734,flight,ua-3925-iad-orf,0.952557,holoclean_keep
734,sched_arr_time,9:54 a.m.,0.312528,holoclean
734,sched_dep_time,8:41 a.m.,0.500335,holoclean
735,act_arr_time,7:25 p.m.,0.200000,holoclean
735,act_dep_time,6:47 p.m.,0.250000,holoclean
735,flight,aa-1640-mia-mco,0.942273,holoclean_keep
735,sched_arr_time,7:25 p.m.,0.941009,holoclean_keep
735,sched_dep_time,6:30 p.m.,0.958796,holoclean_keep
736,act_arr_time,4:54 p.m.,0.786986,holoclean_keep
736,act_dep_time,11:41 a.m.,0.711235,holoclean_keep
736,flight,aa-1544-san-ord,0.954770,holoclean_keep
736,sched_arr_time,5:25 p.m.,0.629629,holoclean
736,sched_dep_time,11:25 a.m.,0.414365,holoclean
737,act_arr_time,11:16 a.m.,0.711235,holoclean_keep
737,act_dep_time,10:53 a.m.,0.880797,holoclean_keep
737,flight,ua-5487-sfo-mry,0.959015,holoclean_keep
737,sched_arr_time,11:19 a.m.,0.500000,holoclean
737,sched_dep_time,10:39 a.m.,0.500000,holoclean
738,act_arr_time,12/2/11 6:35 a.m.,0.142857,holoclean
738,act_dep_time,11:29 p.m.,0.200000,holoclean
738,flight,aa-204-lax-mco,0.936655,holoclean_keep
738,sched_arr_time,12/2/2011 6:55 a.m.,0.445553,holoclean_keep
738,sched_dep_time,11:25 p.m.,0.957084,holoclean_keep
739,act_arr_time,7:04 a.m.,0.551873,holoclean_keep
739,act_dep_time,6:09 a.m.,0.711235,holoclean_keep
739,flight,ua-414-lax-sfo,0.935787,holoclean_keep
739,sched_arr_time,7:23 a.m.,0.317007,holoclean
739,sched_dep_time,6:00 a.m.,0.442321,holoclean
740,act_arr_time,5:25 a.m.,0.711235,holoclean_keep
740,act_dep_time,12:57 a.m.,0.711235,holoclean_keep
740,flight,co-1614-lax-iah,0.951023,holoclean_keep
740,sched_arr_time,5:35 a.m.,0.676684,holoclean
740,sched_dep_time,12:30 a.m.,0.714487,holoclean
741,act_arr_time,2:50 p.m.,0.786986,holoclean_keep
741,act_dep_time,12:42 p.m.,0.786986,holoclean_keep
741,flight,aa-3756-ord-slc,0.947417,holoclean_keep
741,sched_arr_time,2:45 p.m.,0.895710,holoclean
741,sched_dep_time,12:15 p.m.,0.601567,holoclean
742,act_arr_time,9:29 a.m.,0.711235,holoclean_keep
742,act_dep_time,7:25 a.m.,0.648786,holoclean_keep
742,flight,aa-3468-cvg-mia,0.939627,holoclean_keep
742,sched_arr_time,9:55 a.m.,0.490773,holoclean
742,sched_dep_time,7:00 a.m.,0.728292,holoclean
743,act_arr_time,7:37 p.m.,0.648786,holoclean_keep
743,act_dep_time,4:30 p.m.,0.786986,holoclean_keep
743,flight,aa-484-dfw-mia,0.987027,holoclean_keep
743,sched_arr_time,7:55 p.m.,0.505583,holoclean
743,sched_dep_time,4:15 p.m.,0.900375,holoclean
744,act_arr_time,1:19 p.m.,0.711235,holoclean_keep
744,act_dep_time,10:11 a.m.,0.551873,holoclean_keep
744,flight,aa-616-dfw-dtw,0.858834,holoclean_keep
744,sched_arr_time,12:35 p.m.,0.626442,holoclean
744,sched_dep_time,9:05 a.m.,0.626323,holoclean
745,act_arr_time,4:08 p.m.,0.711235,holoclean_keep
745,act_dep_time,12:13 p.m.,0.711235,holoclean_keep
745,flight,aa-446-dfw-phl,0.968958,holoclean_keep
745,sched_arr_time,3:50 p.m.,0.632146,holoclean
745,sched_dep_time,11:50 a.m.,0.722324,holoclean
746,act_arr_time,1:06 p.m.,0.711235,holoclean_keep
746,act_dep_time,12:05 p.m.,0.711235,holoclean_keep
746,flight,co-1023-iah-den,0.948288,holoclean_keep
746,sched_arr_time,1:17 p.m.,0.676684,holoclean
746,sched_dep_time,11:40 a.m.,0.688861,holoclean
747,act_arr_time,8:50 a.m.,0.551873,holoclean_keep
747,act_dep_time,6:09 a.m.,0.711235,holoclean_keep
747,flight,aa-466-iah-mia,0.980628,holoclean_keep
747,sched_arr_time,9:20 a.m.,0.441694,holoclean
747,sched_dep_time,6:00 a.m.,0.747189,holoclean
748,act_arr_time,10:58 a.m.,0.711235,holoclean_keep
748,act_dep_time,8:05 a.m.,0.711235,holoclean_keep
748,flight,aa-2957-dfw-cvg,0.941064,holoclean_keep
748,sched_arr_time,11:05 a.m.,0.603840,holoclean
748,sched_dep_time,7:55 a.m.,0.895709,holoclean
749,act_arr_time,11:50 a.m.,0.711235,holoclean_keep
749,act_dep_time,10:19 a.m.,0.711235,holoclean_keep
749,flight,aa-1664-mia-atl,0.976027,holoclean_keep
749,sched_arr_time,12:10 p.m.,0.757096,holoclean
749,sched_dep_time,10:15 a.m.,0.803622,holoclean
750,act_arr_time,7:59 a.m.,0.596418,holoclean_keep
750,act_dep_time,8:04 a.m.,0.786986,holoclean_keep
750,flight,aa-3979-cvg-ord,0.978744,holoclean_keep
750,sched_arr_time,8:00 a.m.,0.477738,holoclean
750,sched_dep_time,7:30 a.m.,0.745990,holoclean
751,act_arr_time,3:13 p.m.,0.648786,holoclean_keep
751,act_dep_time,2:04 p.m.,0.648786,holoclean_keep
751,flight,aa-1279-dfw-phx,0.917048,holoclean_keep
751,sched_arr_time,2:35 p.m.,0.875458,holoclean
751,sched_dep_time,1:00 p.m.,0.874694,holoclean
752,act_arr_time,3:07 p.m.,0.711235,holoclean_keep
752,act_dep_time,12:55 p.m.,0.648786,holoclean_keep
752,flight,ua-382-iad-lax,0.947213,holoclean_keep
752,sched_arr_time,2:48 p.m.,0.486869,holoclean
752,sched_dep_time,12:30 p.m.,0.719972,holoclean
753,act_arr_time,1:55 p.m.,0.786986,holoclean_keep
753,act_dep_time,12:14 p.m.,0.711235,holoclean_keep
753,flight,aa-4344-ord-dtw,0.955051,holoclean_keep
753,sched_arr_time,2:00 p.m.,0.256227,holoclean
753,sched_dep_time,11:45 a.m.,0.603346,holoclean
754,act_arr_time,5:22 p.m.,0.711235,holoclean_keep
754,act_dep_time,2:41 p.m.,0.711235,holoclean_keep
754,flight,ua-257-jfk-sfo,0.938850,holoclean_keep
754,sched_arr_time,6:15 p.m.,0.597762,holoclean
754,sched_dep_time,2:30 p.m.,0.665848,holoclean
755,act_arr_time,2:21 p.m.,0.711235,holoclean_keep
755,act_dep_time,11:52 a.m.,0.786986,holoclean_keep
755,flight,aa-271-mia-lax,0.947426,holoclean_keep
755,sched_arr_time,2:25 p.m.,0.771334,holoclean
755,sched_dep_time,11:35 a.m.,0.893987,holoclean
756,act_arr_time,2:39 p.m.,0.648786,holoclean_keep
756,act_dep_time,11:06 a.m.,0.711235,holoclean_keep
756,flight,aa-2050-ord-mia,0.943551,holoclean_keep
756,sched_arr_time,2:45 p.m.,0.627749,holoclean
756,sched_dep_time,10:40 a.m.,0.889654,holoclean
757,act_arr_time,5:24 p.m.,0.500000,holoclean
757,act_dep_time,1:32 p.m.,0.333333,holoclean
757,flight,ua-248-phx-ord,0.931951,holoclean_keep
757,sched_arr_time,4:52 p.m.,0.845301,holoclean_keep
757,sched_dep_time,1:09 p.m.,0.688102,holoclean_keep
758,act_arr_time,3:26 p.m.,0.648786,holoclean_keep
758,act_dep_time,3:36 p.m.,0.880797,holoclean_keep
758,flight,aa-4330-cvg-ord,0.981625,holoclean_keep
758,sched_arr_time,3:50 p.m.,0.391943,holoclean
758,sched_dep_time,3:35 p.m.,0.855237,holoclean
759,act_arr_time,10:34 a.m.,0.480150,holoclean_keep
759,act_dep_time,7:22 a.m.,0.711235,holoclean_keep
759,flight,aa-1434-dfw-mco,0.915039,holoclean_keep
759,sched_arr_time,10:35 a.m.,0.300099,holoclean
759,sched_dep_time,7:15 a.m.,0.632708,holoclean
760,act_arr_time,8:38 p.m.,0.711235,holoclean_keep
760,act_dep_time,6:56 p.m.,0.786986,holoclean_keep
760,flight,aa-4307-ord-dtw,0.985300,holoclean_keep
760,sched_arr_time,9:10 p.m.,0.469261,holoclean
760,sched_dep_time,6:45 p.m.,0.784720,holoclean
761,act_arr_time,3:04 p.m.,0.648786,holoclean_keep
761,act_dep_time,12:12 p.m.,0.513519,holoclean_keep
761,flight,aa-3-jfk-lax,0.871608,holoclean_keep
761,sched_arr_time,3:15 p.m.,0.476775,holoclean
761,sched_dep_time,12:00 p.m.,0.538859,holoclean
762,act_arr_time,12:02 p.m.,0.786986,holoclean_keep
762,act_dep_time,9:56 a.m.,0.648786,holoclean_keep
762,flight,co-1193-ewr-mco,0.941632,holoclean_keep
762,sched_arr_time,12:18 p.m.,0.587102,holoclean
762,sched_dep_time,9:15 a.m.,0.927565,holoclean
763,act_arr_time,7:49 a.m.,0.648786,holoclean_keep
763,act_dep_time,6:57 a.m.,0.711235,holoclean_keep
763,flight,aa-3842-msp-ord,0.964476,holoclean_keep
763,sched_arr_time,7:30 a.m.,0.374737,holoclean
763,sched_dep_time,6:00 a.m.,0.748740,holoclean
764,act_arr_time,9:26 a.m.,0.551873,holoclean_keep
764,act_dep_time,7:31 a.m.,0.711235,holoclean_keep
764,flight,aa-643-mia-ord,0.942831,holoclean_keep
764,sched_arr_time,9:35 a.m.,0.430888,holoclean
764,sched_dep_time,7:10 a.m.,0.880805,holoclean
765,act_arr_time,7:43 p.m.,0.786986,holoclean_keep
765,act_dep_time,5:09 p.m.,0.711235,holoclean_keep
765,flight,aa-1007-mia-phx,0.983058,holoclean_keep
765,sched_arr_time,8:05 p.m.,0.351456,holoclean
765,sched_dep_time,4:55 p.m.,0.678259,holoclean
766,act_arr_time,10:43 a.m.,0.480150,holoclean_keep
766,act_dep_time,7:40 a.m.,0.648786,holoclean_keep
766,flight,aa-2525-dfw-mia,0.873034,holoclean_keep
766,sched_arr_time,11:10 a.m.,0.365076,holoclean
766,sched_dep_time,7:25 a.m.,0.716341,holoclean
767,act_arr_time,7:23 p.m.,0.711235,holoclean_keep
767,act_dep_time,4:35 p.m.,0.786986,holoclean_keep
767,flight,ua-938-den-ord,0.964774,holoclean_keep
767,sched_arr_time,7:35 p.m.,0.410063,holoclean
767,sched_dep_time,4:16 p.m.,0.467471,holoclean
768,act_arr_time,9:47 p.m.,0.786986,holoclean_keep
768,act_dep_time,8:23 p.m.,0.880797,holoclean_keep
768,flight,aa-1221-mco-ord,0.941577,holoclean_keep
768,sched_arr_time,9:45 p.m.,0.609817,holoclean
768,sched_dep_time,8:00 p.m.,0.766074,holoclean
769,act_arr_time,1:36 p.m.,0.648786,holoclean_keep
769,act_dep_time,10:55 a.m.,0.711235,holoclean_keep
769,flight,aa-1886-bos-mia,0.975570,holoclean_keep
769,sched_arr_time,2:20 p.m.,0.432667,holoclean
769,sched_dep_time,10:45 a.m.,0.421525,holoclean
770,act_arr_time,4:20 p.m.,0.786986,holoclean_keep
770,act_dep_time,1:46 p.m.,0.711235,holoclean_keep
770,flight,ua-664-ord-phl,0.935145,holoclean_keep
770,sched_arr_time,4:31 p.m.,0.555548,holoclean
770,sched_dep_time,1:33 p.m.,0.886636,holoclean
771,act_arr_time,4:05 p.m.,0.786986,holoclean_keep
771,act_dep_time,1:59 p.m.,0.711235,holoclean_keep
771,flight,ua-37-ewr-mco,0.951204,holoclean_keep
771,sched_arr_time,4:17 p.m.,0.662660,holoclean
771,sched_dep_time,1:29 p.m.,0.356568,holoclean
772,act_arr_time,5:42 a.m. (estimated runway),0.250000,holoclean
772,act_dep_time,12:10 a.m. (estimated runway),0.333333,holoclean
772,flight,aa-1522-sfo-ord,0.938662,holoclean_keep
772,sched_arr_time,12/2/2011 5:50 a.m.,0.472264,holoclean_keep
772,sched_dep_time,11:55 p.m.,0.993564,holoclean_keep
773,act_arr_time,11:49 p.m.,0.200000,holoclean
773,act_dep_time,9:06 p.m.,0.250000,holoclean
773,flight,aa-3823-lax-den,0.933547,holoclean_keep
773,sched_arr_time,12/2/2011 12:15 a.m.,0.469373,holoclean_keep
773,sched_dep_time,9:00 p.m.,0.957708,holoclean_keep
774,act_arr_time,11:35 p.m.,0.250000,holoclean
774,act_dep_time,8:29 p.m.,0.250000,holoclean
774,flight,aa-2312-dfw-dtw,0.942540,holoclean_keep
774,sched_arr_time,11:50 p.m.,0.970410,holoclean_keep
774,sched_dep_time,8:25 p.m.,0.961087,holoclean_keep
775,act_arr_time,9:45 a.m.,0.513519,holoclean_keep
775,act_dep_time,7:23 a.m.,0.596418,holoclean_keep
775,flight,aa-1165-jfk-mia,0.842831,holoclean_keep
775,sched_arr_time,10:34 a.m.,0.265763,holoclean
775,sched_dep_time,6:59 a.m.,0.554846,holoclean
776,act_arr_time,11:33 a.m.,0.596418,holoclean_keep
776,act_dep_time,8:52 a.m.,0.711235,holoclean_keep
776,flight,aa-431-mia-sfo,0.974910,holoclean_keep
776,sched_arr_time,11:50 a.m.,0.490722,holoclean
776,sched_dep_time,8:35 a.m.,0.735572,holoclean
777,act_arr_time,9:13 a.m.,0.880797,holoclean_keep
777,act_dep_time,8:37 a.m.,0.786986,holoclean_keep
777,flight,ua-3373-iad-phl,0.955428,holoclean_keep
777,sched_arr_time,9:24 a.m.,0.691850,holoclean
777,sched_dep_time,8:29 a.m.,0.676202,holoclean
778,act_arr_time,3:26 p.m.,0.166667,holoclean
778,act_dep_time,11:54 a.m.,0.111111,holoclean
778,flight,aa-649-ord-sna,0.950189,holoclean_keep
778,sched_arr_time,3:50 p.m.,0.973521,holoclean_keep
778,sched_dep_time,1:30 p.m.,0.945835,holoclean_keep
779,act_arr_time,5:24 a.m.,0.786986,holoclean_keep
779,act_dep_time,11/30/2011 11:34 p.m.,0.786986,holoclean_keep
779,flight,ua-828-sfo-ord,0.940759,holoclean_keep
779,sched_arr_time,5:11 a.m.,0.203447,holoclean
779,sched_dep_time,11:08 p.m.,0.907956,holoclean
780,act_arr_time,6:09 p.m.,0.166667,holoclean
780,act_dep_time,3:52 p.m.,0.166667,holoclean
780,flight,co-4888-iah-dal,0.967752,holoclean_keep
780,sched_arr_time,6:40 p.m.,0.915688,holoclean_keep
780,sched_dep_time,5:30 p.m.,0.977871,holoclean_keep
781,act_arr_time,11:27 a.m.,0.711235,holoclean_keep
781,act_dep_time,8:17 a.m.,0.711235,holoclean_keep
781,flight,co-1561-phx-iah,0.949952,holoclean_keep
781,sched_arr_time,11:35 a.m.,0.681148,holoclean
781,sched_dep_time,8:05 a.m.,0.719601,holoclean
782,act_arr_time,3:36 p.m.,0.880797,holoclean_keep
782,act_dep_time,2:44 p.m.,0.880797,holoclean_keep
782,flight,aa-3804-phl-ord,0.949280,holoclean_keep
782,sched_arr_time,4:05 p.m.,0.856746,holoclean
782,sched_dep_time,2:35 p.m.,0.603305,holoclean
783,act_arr_time,11:04 a.m.,0.513519,holoclean_keep
783,act_dep_time,7:23 a.m.,0.711235,holoclean_keep
783,flight,aa-2268-phx-ord,0.963453,holoclean_keep
783,sched_arr_time,11:35 a.m.,0.555112,holoclean
783,sched_dep_time,7:15 a.m.,0.780903,holoclean
784,act_arr_time,11:56 p.m.,0.166667,holoclean
784,act_dep_time,4:25 p.m.,0.166667,holoclean
784,flight,ua-233-lax-jfk,0.931775,holoclean_keep
784,sched_arr_time,12/2/2011 12:29 a.m.,0.494720,holoclean_keep
784,sched_dep_time,4:25 p.m.,0.961088,holoclean_keep
785,act_arr_time,8:33 a.m.,0.711235,holoclean_keep
785,act_dep_time,7:41 a.m.,0.786986,holoclean_keep
785,flight,ua-6273-yyc-sfo,0.957433,holoclean_keep
785,sched_arr_time,9:43 a.m.,0.356959,holoclean
785,sched_dep_time,7:35 a.m.,0.365578,holoclean
786,act_arr_time,1:42 p.m.,0.711235,holoclean_keep
786,act_dep_time,12:11 p.m.,0.786986,holoclean_keep
786,flight,aa-4277-cvg-jfk,0.972286,holoclean_keep
786,sched_arr_time,2:15 p.m.,0.610261,holoclean
786,sched_dep_time,12:10 p.m.,0.900157,holoclean
787,act_arr_time,2:49 p.m.,0.786986,holoclean_keep
787,act_dep_time,1:20 p.m.,0.786986,holoclean_keep
787,flight,aa-789-ord-den,0.946604,holoclean_keep
787,sched_arr_time,2:35 p.m.,0.772280,holoclean
787,sched_dep_time,1:05 p.m.,0.560488,holoclean
788,act_arr_time,3:12 p.m.,0.786986,holoclean_keep
788,act_dep_time,7:32 a.m.,0.711235,holoclean_keep
788,flight,aa-222-lax-bos,0.947647,holoclean_keep
788,sched_arr_time,3:30 p.m.,0.754747,holoclean
788,sched_dep_time,7:10 a.m.,0.889222,holoclean
789,act_arr_time,12:37 p.m.,0.596418,holoclean_keep
789,act_dep_time,10:55 a.m.,0.711235,holoclean_keep
789,flight,aa-4198-ord-cle,0.948799,holoclean_keep
789,sched_arr_time,12:55 p.m.,0.606750,holoclean
789,sched_dep_time,10:40 a.m.,0.763290,holoclean
790,act_arr_time,7:37 a.m.,0.596418,holoclean_keep
790,act_dep_time,6:58 a.m.,0.711235,holoclean_keep
790,flight,aa-404-mia-mco,0.946998,holoclean_keep
790,sched_arr_time,7:45 a.m.,0.506770,holoclean
790,sched_dep_time,6:45 a.m.,0.849720,holoclean
791,act_arr_time,6:13 a.m.,0.596418,holoclean_keep
791,act_dep_time,6:11 a.m.,0.711235,holoclean_keep
791,flight,aa-3809-phx-lax,0.936618,holoclean_keep
791,sched_arr_time,6:40 a.m.,0.631093,holoclean
791,sched_dep_time,6:00 a.m.,0.880743,holoclean
792,act_arr_time,10:52 a.m.,0.513519,holoclean_keep
792,act_dep_time,7:40 a.m.,0.711235,holoclean_keep
792,flight,aa-59-jfk-sfo,0.964816,holoclean_keep
792,sched_arr_time,10:45 a.m.,0.459434,holoclean
792,sched_dep_time,7:10 a.m.,0.739248,holoclean
793,act_arr_time,2:46p,0.648786,holoclean_keep
793,act_dep_time,10:46 a.m.,0.250000,holoclean
793,flight,aa-2050-ord-mia,0.936177,holoclean_keep
793,sched_arr_time,2:45p 12-01-11,0.816035,holoclean_keep
793,sched_dep_time,10:40 a.m.,0.862691,holoclean
794,act_arr_time,10:08a,0.596418,holoclean_keep
794,act_dep_time,6:56 a.m.,0.250000,holoclean
794,flight,aa-1165-jfk-mia,0.931086,holoclean_keep
794,sched_arr_time,10:34a 12-01-11,0.808068,holoclean_keep
794,sched_dep_time,6:59 a.m.,0.827089,holoclean
795,act_arr_time,7:39p,0.711235,holoclean_keep
795,act_dep_time,4:16 p.m.,0.333333,holoclean
795,flight,aa-484-dfw-mia,0.926432,holoclean_keep
795,sched_arr_time,7:55p 12-01-11,0.828359,holoclean_keep
795,sched_dep_time,4:15 p.m.,0.472432,holoclean
796,act_arr_time,9:04a,0.648786,holoclean_keep
796,act_dep_time,5:58 a.m.,0.250000,holoclean
796,flight,aa-466-iah-mia,0.928562,holoclean_keep
796,sched_arr_time,9:20a 12-01-11,0.803937,holoclean_keep
796,sched_dep_time,6:00 a.m.,0.837616,holoclean
797,act_arr_time,11:06a,0.596418,holoclean_keep
797,act_dep_time,7:22 a.m.,0.250000,holoclean
797,flight,aa-2525-dfw-mia,0.934024,holoclean_keep
797,sched_arr_time,11:10a 12-01-11,0.808919,holoclean_keep
797,sched_dep_time,7:25 a.m.,0.832624,holoclean
798,act_arr_time,3:07 p.m.,0.250000,holoclean
798,act_dep_time,12:30,0.648786,holoclean_keep
798,flight,ua-382-iad-lax,0.937179,holoclean_keep
798,sched_arr_time,3:19 p.m.,0.349730,holoclean
798,sched_dep_time,12:30,0.822295,holoclean_keep
799,act_arr_time,3:13 p.m.,0.250000,holoclean
799,act_dep_time,1:48 p.m.,0.333333,holoclean
799,flight,aa-1279-dfw-phx,0.818030,holoclean_keep
799,sched_arr_time,2:35 p.m.,0.824721,holoclean
799,sched_dep_time,1:00 p.m.,0.873379,holoclean_keep
800,act_arr_time,11:35 p.m.,0.250000,holoclean
800,act_dep_time,8:29 p.m.,0.250000,holoclean
800,flight,aa-2312-dfw-dtw,0.825825,holoclean_keep
800,sched_arr_time,11:50 p.m.,0.822348,holoclean
800,sched_dep_time,8:25 p.m.,0.884245,holoclean_keep
801,act_arr_time,3:59 p.m.,0.333333,holoclean
801,act_dep_time,11:54 a.m.,0.250000,holoclean
801,flight,aa-446-dfw-phl,0.811140,holoclean_keep
801,sched_arr_time,3:50 p.m.,0.828518,holoclean
801,sched_dep_time,11:50 a.m.,0.976629,holoclean_keep
802,act_arr_time,2:52 p.m.,0.250000,holoclean
802,act_dep_time,10:47 a.m.,0.250000,holoclean
802,flight,aa-400-dfw-jfk,0.779331,holoclean_keep
802,sched_arr_time,2:59 p.m.,0.335114,holoclean
802,sched_dep_time,10:40 a.m.,0.972008,holoclean_keep
803,act_arr_time,7:35 p.m.,0.250000,holoclean
803,act_dep_time,4:16 p.m.,0.333333,holoclean
803,flight,aa-484-dfw-mia,0.813147,holoclean_keep
803,sched_arr_time,7:55 p.m.,0.668733,holoclean
803,sched_dep_time,4:15 p.m.,0.866559,holoclean_keep
804,act_arr_time,thu  22:25,0.596418,holoclean_keep
804,act_dep_time,7:14 p.m.,0.333333,holoclean
804,flight,co-1586-iah-mco,0.942024,holoclean_keep
804,sched_arr_time,thu  22:15,0.871175,holoclean_keep
804,sched_dep_time,7:00 p.m.,0.336038,holoclean
805,act_arr_time,thu  17:40,0.711235,holoclean_keep
805,act_dep_time,3:00 p.m.,0.333333,holoclean
805,flight,aa-1917-jfk-mco,0.933453,holoclean_keep
805,sched_arr_time,thu  17:55,0.814573,holoclean_keep
805,sched_dep_time,2:55 p.m.,0.487687,holoclean
806,act_arr_time,thu  19:33,0.648786,holoclean_keep
806,act_dep_time,6:47 p.m.,0.250000,holoclean
806,flight,aa-1640-mia-mco,0.935505,holoclean_keep
806,sched_arr_time,thu  19:25,0.812759,holoclean_keep
806,sched_dep_time,6:30 p.m.,0.497728,holoclean
807,act_arr_time,thu  7:31,0.596418,holoclean_keep
807,act_dep_time,6:41 a.m.,0.250000,holoclean
807,flight,aa-404-mia-mco,0.927226,holoclean_keep
807,sched_arr_time,thu  7:45,0.804015,holoclean_keep
807,sched_dep_time,6:45 a.m.,0.837603,holoclean
808,act_arr_time,thu  6:50,0.551873,holoclean_keep
808,act_dep_time,11:29 p.m.,0.200000,holoclean
808,flight,aa-204-lax-mco,0.938202,holoclean_keep
808,sched_arr_time,thu  6:55,0.695918,holoclean_keep
808,sched_dep_time,11:25 p.m.,0.472665,holoclean
809,act_arr_time,9:47 p.m.,0.333333,holoclean
809,act_dep_time,8:01 p.m.,0.500000,holoclean
809,flight,aa-1221-mco-ord,0.784743,holoclean_keep
809,sched_arr_time,9:45 p.m.,0.609808,holoclean
809,sched_dep_time,thu  20:00,0.546872,holoclean_keep
810,act_arr_time,thu  10:28,0.648786,holoclean_keep
810,act_dep_time,7:08 a.m.,0.250000,holoclean
810,flight,aa-1434-dfw-mco,0.934184,holoclean_keep
810,sched_arr_time,thu  10:35,0.805892,holoclean_keep
810,sched_dep_time,7:15 a.m.,0.856000,holoclean
811,act_arr_time,12:02 p.m.,0.333333,holoclean
811,act_dep_time,9:14 a.m.,0.200000,holoclean
811,flight,co-1193-ewr-mco,0.811573,holoclean_keep
811,sched_arr_time,thu  12:18,0.569201,holoclean_keep
811,sched_dep_time,9:15 a.m.,0.900634,holoclean
812,act_arr_time,9:32 a.m.,0.786986,holoclean_keep
812,act_dep_time,7:16 a.m.,0.786986,holoclean_keep
812,flight,aa-3859-iah-ord,0.991390,holoclean_keep
812,sched_arr_time,9:40 a.m.,0.891584,holoclean_keep
812,sched_dep_time,7:10 a.m.,0.996597,holoclean_keep
813,act_arr_time,10:29 p.m.,0.596418,holoclean_keep
813,act_dep_time,7:14 p.m.,0.786986,holoclean_keep
813,flight,co-1586-iah-mco,0.948735,holoclean_keep
813,sched_arr_time,10:15 p.m.,0.582514,holoclean
813,sched_dep_time,7:00 p.m.,0.391470,holoclean
814,act_arr_time,9:28 a.m.,0.596418,holoclean_keep
814,act_dep_time,6:54 a.m.,0.711235,holoclean_keep
814,flight,aa-518-mia-jfk,0.999227,holoclean_keep
814,sched_arr_time,9:25 a.m.,0.981029,holoclean_keep
814,sched_dep_time,6:40 a.m.,0.990134,holoclean_keep
815,act_arr_time,11:58 a.m.,0.648786,holoclean_keep
815,act_dep_time,8:29 a.m.,0.648786,holoclean_keep
815,flight,ua-397-jfk-sfo,0.994716,holoclean_keep
815,sched_arr_time,11:55 a.m.,0.981726,holoclean_keep
815,sched_dep_time,8:00 a.m.,0.986791,holoclean_keep
816,act_arr_time,9:43 a.m.,0.648786,holoclean_keep
816,act_dep_time,8:42 a.m.,0.711235,holoclean_keep
816,flight,ua-3925-iad-orf,0.949375,holoclean_keep
816,sched_arr_time,9:54 a.m.,0.413279,holoclean
816,sched_dep_time,8:41 a.m.,0.557630,holoclean
817,act_arr_time,10:28 p.m.,0.200000,holoclean
817,act_dep_time,7:45 p.m.,0.333333,holoclean
817,flight,aa-1733-ord-phx,0.938617,holoclean_keep
817,sched_arr_time,10:30 p.m.,0.942403,holoclean_keep
817,sched_dep_time,7:45 p.m.,0.993564,holoclean_keep
818,act_arr_time,3:16 p.m.,0.551873,holoclean_keep
818,act_dep_time,12:11 p.m.,0.711235,holoclean_keep
818,flight,aa-3-jfk-lax,0.988034,holoclean_keep
818,sched_arr_time,3:15 p.m.,0.950611,holoclean_keep
818,sched_dep_time,12:00 p.m.,0.989141,holoclean_keep
819,act_arr_time,5:17 p.m.,0.648786,holoclean_keep
819,act_dep_time,3:28 p.m.,0.711235,holoclean_keep
819,flight,ua-2830-mco-clt,0.997086,holoclean_keep
819,sched_arr_time,5:05 p.m.,0.993561,holoclean_keep
819,sched_dep_time,3:27 p.m.,0.996716,holoclean_keep
820,act_arr_time,3:31 p.m.,0.880797,holoclean_keep
820,act_dep_time,11:32 a.m.,0.786986,holoclean_keep
820,flight,co-58-den-iah,0.954832,holoclean_keep
820,sched_arr_time,2:50 p.m.,0.429980,holoclean
820,sched_dep_time,11:25 a.m.,0.792627,holoclean
821,act_arr_time,11:21 a.m.,0.711235,holoclean_keep
821,act_dep_time,10:33 a.m.,0.880797,holoclean_keep
821,flight,ua-5487-sfo-mry,0.959153,holoclean_keep
821,sched_arr_time,11:19 a.m.,0.544551,holoclean
821,sched_dep_time,10:39 a.m.,0.524228,holoclean
822,act_arr_time,12/2/11 6:35 a.m.,0.142857,holoclean
822,act_dep_time,11:29 p.m.,0.200000,holoclean
822,flight,aa-204-lax-mco,0.937779,holoclean_keep
822,sched_arr_time,6:55 a.m.  fri 02-dec-2011,0.489881,holoclean_keep
822,sched_dep_time,11:25 p.m.,0.957082,holoclean_keep
823,act_arr_time,7:17 a.m.,0.648786,holoclean_keep
823,act_dep_time,5:56 a.m.,0.711235,holoclean_keep
823,flight,ua-414-lax-sfo,0.990992,holoclean_keep
823,sched_arr_time,7:23 a.m.,0.404330,holoclean
823,sched_dep_time,6:00 a.m.,0.470656,holoclean
824,act_arr_time,5:26 a.m.,0.711235,holoclean_keep
824,act_dep_time,12:41 a.m.,0.711235,holoclean_keep
824,flight,co-1614-lax-iah,0.952105,holoclean_keep
824,sched_arr_time,5:35 a.m.,0.773410,holoclean
824,sched_dep_time,12:30 a.m.,0.764967,holoclean
825,act_arr_time,6:28 p.m.,0.648786,holoclean_keep
825,act_dep_time,3:58 p.m.,0.648786,holoclean_keep
825,flight,ua-2726-fll-phl,0.965252,holoclean_keep
825,sched_arr_time,6:46 p.m.,0.913445,holoclean_keep
825,sched_dep_time,4:00 p.m.,0.975209,holoclean_keep
826,act_arr_time,9:14 a.m.,0.786986,holoclean_keep
826,act_dep_time,7:29 a.m.,0.786986,holoclean_keep
826,flight,co-52-iah-lax,0.972759,holoclean_keep
826,sched_arr_time,9:21 a.m.,0.434486,holoclean
826,sched_dep_time,7:35 a.m.,0.601938,holoclean
827,act_arr_time,1:19 p.m.,0.786986,holoclean_keep
827,act_dep_time,10:19 a.m.,0.711235,holoclean_keep
827,flight,co-1090-bos-iah,0.932098,holoclean_keep
827,sched_arr_time,1:16 p.m.,0.671950,holoclean
827,sched_dep_time,9:45 a.m.,0.587231,holoclean
828,act_arr_time,1:27 p.m.,0.648786,holoclean_keep
828,act_dep_time,10:10 a.m.,0.648786,holoclean_keep
828,flight,aa-616-dfw-dtw,0.993127,holoclean_keep
828,sched_arr_time,12:35 p.m.,0.965234,holoclean_keep
828,sched_dep_time,9:05 a.m.,0.989375,holoclean_keep
829,act_arr_time,9:56 a.m.,0.786986,holoclean_keep
829,act_dep_time,8:12 a.m.,0.648786,holoclean_keep
829,flight,ua-3515-iad-msp,0.993453,holoclean_keep
829,sched_arr_time,10:06 a.m.,0.365681,holoclean
829,sched_dep_time,8:15 a.m.,0.352967,holoclean
830,act_arr_time,9:45 a.m.,0.711235,holoclean_keep
830,act_dep_time,7:25 a.m.,0.648786,holoclean_keep
830,flight,aa-3468-cvg-mia,0.998425,holoclean_keep
830,sched_arr_time,9:55 a.m.,0.956961,holoclean_keep
830,sched_dep_time,7:00 a.m.,0.988867,holoclean_keep
831,act_arr_time,7:39 p.m.,0.711235,holoclean_keep
831,act_dep_time,4:29 p.m.,0.786986,holoclean_keep
831,flight,aa-484-dfw-mia,0.994687,holoclean_keep
831,sched_arr_time,7:55 p.m.,0.978368,holoclean_keep
831,sched_dep_time,4:15 p.m.,0.975199,holoclean_keep
832,act_arr_time,1:40 p.m.,0.648786,holoclean_keep
832,act_dep_time,10:55 a.m.,0.648786,holoclean_keep
832,flight,aa-1886-bos-mia,0.949899,holoclean_keep
832,sched_arr_time,2:20 p.m.,0.377035,holoclean
832,sched_dep_time,10:45 a.m.,0.337309,holoclean
833,act_arr_time,7:10 p.m.,0.880797,holoclean_keep
833,act_dep_time,2:48 p.m.,0.880797,holoclean_keep
833,flight,co-62-iah-ewr,0.889113,holoclean_keep
833,sched_arr_time,7:03 p.m.,0.468605,holoclean
833,sched_dep_time,2:30 p.m.,0.454318,holoclean
834,act_arr_time,11:32 a.m.,0.711235,holoclean_keep
834,act_dep_time,8:00 a.m.,0.711235,holoclean_keep
834,flight,co-1561-phx-iah,0.955175,holoclean_keep
834,sched_arr_time,11:35 a.m.,0.776967,holoclean
834,sched_dep_time,8:05 a.m.,0.769467,holoclean
835,act_arr_time,4:47 p.m.,0.648786,holoclean_keep
835,act_dep_time,2:46 p.m.,0.711235,holoclean_keep
835,flight,ua-2314-atl-phl,0.956193,holoclean_keep
835,sched_arr_time,5:00 p.m.,0.443481,holoclean
835,sched_dep_time,2:55 p.m.,0.380540,holoclean
836,act_arr_time,4:09 p.m.,0.450853,holoclean_keep
836,act_dep_time,12:12 p.m.,0.551873,holoclean_keep
836,flight,aa-446-dfw-phl,0.980487,holoclean_keep
836,sched_arr_time,3:50 p.m.,0.967417,holoclean_keep
836,sched_dep_time,11:50 a.m.,0.947312,holoclean_keep
837,act_arr_time,1:14 p.m.,0.711235,holoclean_keep
837,act_dep_time,11:56 a.m.,0.648786,holoclean_keep
837,flight,co-1023-iah-den,0.981781,holoclean_keep
837,sched_arr_time,1:17 p.m.,0.560839,holoclean
837,sched_dep_time,11:40 a.m.,0.537992,holoclean
838,act_arr_time,9:05 a.m.,0.648786,holoclean_keep
838,act_dep_time,6:08 a.m.,0.711235,holoclean_keep
838,flight,aa-466-iah-mia,0.987878,holoclean_keep
838,sched_arr_time,9:20 a.m.,0.876563,holoclean_keep
838,sched_dep_time,6:00 a.m.,0.995681,holoclean_keep
839,act_arr_time,5:05 p.m.,0.648786,holoclean_keep
839,act_dep_time,11:30 a.m.,0.711235,holoclean_keep
839,flight,ua-3050-phx-clt,0.994378,holoclean_keep
839,sched_arr_time,4:57 p.m.,0.991741,holoclean_keep
839,sched_dep_time,11:05 a.m.,0.993915,holoclean_keep
840,act_arr_time,10:27 a.m.,0.786986,holoclean_keep
840,act_dep_time,6:02 a.m.,0.786986,holoclean_keep
840,flight,co-89-iah-ewr,0.955598,holoclean_keep
840,sched_arr_time,10:20 a.m.,0.812471,holoclean
840,sched_dep_time,6:00 a.m.,0.806786,holoclean
841,act_arr_time,10:56 a.m.,0.786986,holoclean_keep
841,act_dep_time,8:40 a.m.,0.786986,holoclean_keep
841,flight,co-1088-cle-iah,0.956399,holoclean_keep
841,sched_arr_time,10:54 a.m.,0.784332,holoclean
841,sched_dep_time,8:40 a.m.,0.778805,holoclean
842,act_arr_time,11:56 a.m.,0.786986,holoclean_keep
842,act_dep_time,10:18 a.m.,0.648786,holoclean_keep
842,flight,aa-1664-mia-atl,0.998651,holoclean_keep
842,sched_arr_time,12:10 p.m.,0.981912,holoclean_keep
842,sched_dep_time,10:15 a.m.,0.990408,holoclean_keep
843,act_arr_time,3:20 p.m. (runway),0.480150,holoclean_keep
843,act_dep_time,2:04 p.m.,0.513519,holoclean_keep
843,flight,aa-1279-dfw-phx,0.987917,holoclean_keep
843,sched_arr_time,2:35 p.m.,0.990776,holoclean_keep
843,sched_dep_time,1:00 p.m.,0.968593,holoclean_keep
844,act_arr_time,1:30 p.m.,0.786986,holoclean_keep
844,act_dep_time,7:49 a.m.,0.786986,holoclean_keep
844,flight,ua-854-sfo-iah,0.955402,holoclean_keep
844,sched_arr_time,1:39 p.m.,0.711285,holoclean
844,sched_dep_time,7:53 a.m.,0.480909,holoclean
845,act_arr_time,3:21 p.m.,0.711235,holoclean_keep
845,act_dep_time,12:35 p.m.,0.648786,holoclean_keep
845,flight,ua-382-iad-lax,0.957030,holoclean_keep
845,sched_arr_time,3:19 p.m.,0.424062,holoclean
845,sched_dep_time,12:30 p.m.,0.696385,holoclean
846,act_arr_time,2:10 p.m.,0.596418,holoclean_keep
846,act_dep_time,12:13 p.m.,0.711235,holoclean_keep
846,flight,aa-4344-ord-dtw,0.960071,holoclean_keep
846,sched_arr_time,2:00 p.m.,0.641139,holoclean
846,sched_dep_time,11:45 a.m.,0.484586,holoclean
847,act_arr_time,5:42 p.m.,0.648786,holoclean_keep
847,act_dep_time,2:26 p.m.,0.648786,holoclean_keep
847,flight,ua-257-jfk-sfo,0.991309,holoclean_keep
847,sched_arr_time,6:15 p.m.,0.957081,holoclean_keep
847,sched_dep_time,2:30 p.m.,0.973925,holoclean_keep
848,act_arr_time,1:15 p.m.,0.648786,holoclean_keep
848,act_dep_time,11:51 a.m.,0.596418,holoclean_keep
848,flight,ua-2945-phl-clt,0.997112,holoclean_keep
848,sched_arr_time,1:45 p.m.,0.970090,holoclean_keep
848,sched_dep_time,12:00 p.m.,0.988380,holoclean_keep
849,act_arr_time,8:03 p.m.,0.786986,holoclean_keep
849,act_dep_time,5:22 p.m.,0.880797,holoclean_keep
849,flight,co-63-ewr-iah,0.952629,holoclean_keep
849,sched_arr_time,8:22 p.m.,0.725939,holoclean
849,sched_dep_time,5:25 p.m.,0.418856,holoclean
850,act_arr_time,8:56 p.m.,0.648786,holoclean_keep
850,act_dep_time,8:25 p.m.,0.786986,holoclean_keep
850,flight,co-47-iah-lax,0.950465,holoclean_keep
850,sched_arr_time,8:56 p.m.,0.440825,holoclean
850,sched_dep_time,7:10 p.m.,0.696323,holoclean
851,act_arr_time,2:46 p.m.,0.551873,holoclean_keep
851,act_dep_time,11:05 a.m.,0.551873,holoclean_keep
851,flight,aa-2050-ord-mia,0.984620,holoclean_keep
851,sched_arr_time,2:45 p.m.,0.929368,holoclean_keep
851,sched_dep_time,10:40 a.m.,0.977894,holoclean_keep
852,act_arr_time,5:34 p.m.,0.711235,holoclean_keep
852,act_dep_time,1:32 p.m.,0.648786,holoclean_keep
852,flight,ua-248-phx-ord,0.882326,holoclean_keep
852,sched_arr_time,5:15 p.m.,0.203781,holoclean
852,sched_dep_time,12:57 p.m.,0.273534,holoclean
853,act_arr_time,3:33 p.m.,0.648786,holoclean_keep
853,act_dep_time,3:36 p.m.,0.880797,holoclean_keep
853,flight,aa-4330-cvg-ord,0.982382,holoclean_keep
853,sched_arr_time,4:00 p.m.,0.547405,holoclean
853,sched_dep_time,3:35 p.m.,0.847023,holoclean
854,act_arr_time,10:36 a.m.,0.648786,holoclean_keep
854,act_dep_time,7:21 a.m.,0.711235,holoclean_keep
854,flight,aa-1434-dfw-mco,0.996970,holoclean_keep
854,sched_arr_time,10:35 a.m.,0.930276,holoclean_keep
854,sched_dep_time,7:15 a.m.,0.996249,holoclean_keep
855,act_arr_time,7:25 p.m.,0.200000,holoclean
855,act_dep_time,6:47 p.m.,0.250000,holoclean
855,flight,aa-1640-mia-mco,0.939411,holoclean_keep
855,sched_arr_time,7:25 p.m.,0.941011,holoclean_keep
855,sched_dep_time,6:30 p.m.,0.958793,holoclean_keep
856,act_arr_time,8:53 p.m.,0.711235,holoclean_keep
856,act_dep_time,6:55 p.m.,0.711235,holoclean_keep
856,flight,aa-4307-ord-dtw,0.998920,holoclean_keep
856,sched_arr_time,9:10 p.m.,0.981614,holoclean_keep
856,sched_dep_time,6:45 p.m.,0.990823,holoclean_keep
857,act_arr_time,12:02 a.m.,0.200000,holoclean
857,act_dep_time,7:15 p.m.,0.200000,holoclean
857,flight,co-1694-lax-iah,0.941337,holoclean_keep
857,sched_arr_time,12:21 a.m.  fri 02-dec-2011,0.528282,holoclean_keep
858,act_arr_time,7:58 p.m.,0.786986,holoclean_keep
858,act_dep_time,2:10 p.m.,0.711235,holoclean_keep
858,flight,ua-843-lax-ord,0.954479,holoclean_keep
858,sched_arr_time,7:53 p.m.,0.511635,holoclean
858,sched_dep_time,1:55 p.m.,0.347114,holoclean
859,act_arr_time,12:09 p.m.,0.786986,holoclean_keep
859,act_dep_time,9:14 a.m.,0.513519,holoclean_keep
859,flight,co-1193-ewr-mco,0.997441,holoclean_keep
859,sched_arr_time,12:18 p.m.,0.956675,holoclean_keep
859,sched_dep_time,9:15 a.m.,0.985519,holoclean_keep
860,act_arr_time,7:51 a.m.,0.711235,holoclean_keep
860,act_dep_time,6:56 a.m.,0.711235,holoclean_keep
860,flight,aa-3842-msp-ord,0.984450,holoclean_keep
860,sched_arr_time,7:30 a.m.,0.872862,holoclean_keep
860,sched_dep_time,6:00 a.m.,0.990899,holoclean_keep
861,act_arr_time,9:31 a.m.,0.596418,holoclean_keep
861,act_dep_time,7:30 a.m.,0.711235,holoclean_keep
861,flight,aa-643-mia-ord,0.978826,holoclean_keep
861,sched_arr_time,9:35 a.m.,0.882491,holoclean_keep
861,sched_dep_time,7:10 a.m.,0.995737,holoclean_keep
862,act_arr_time,7:55 p.m.,0.786986,holoclean_keep
862,act_dep_time,5:08 p.m.,0.711235,holoclean_keep
862,flight,aa-1007-mia-phx,0.986479,holoclean_keep
862,sched_arr_time,8:05 p.m.,0.693922,holoclean
862,sched_dep_time,4:55 p.m.,0.352836,holoclean
863,act_arr_time,6:38 p.m.,0.551873,holoclean_keep
863,act_dep_time,4:28 p.m.,0.596418,holoclean_keep
863,flight,ua-2906-phl-mco,0.998349,holoclean_keep
863,sched_arr_time,6:23 p.m.,0.992385,holoclean_keep
863,sched_dep_time,3:50 p.m.,0.977976,holoclean_keep
864,act_arr_time,7:36 p.m.,0.648786,holoclean_keep
864,act_dep_time,4:15 p.m.,0.786986,holoclean_keep
864,flight,ua-938-den-ord,0.980600,holoclean_keep
864,sched_arr_time,7:35 p.m.,0.538320,holoclean
864,sched_dep_time,4:16 p.m.,0.535928,holoclean
865,act_arr_time,9:53 p.m.,0.786986,holoclean_keep
865,act_dep_time,8:23 p.m.,0.880797,holoclean_keep
865,flight,aa-1221-mco-ord,0.994766,holoclean_keep
865,sched_arr_time,9:45 p.m.,0.980721,holoclean_keep
865,sched_dep_time,8:00 p.m.,0.990985,holoclean_keep
866,act_arr_time,6:34 p.m.,0.880797,holoclean_keep
866,act_dep_time,10:20 a.m.,0.711235,holoclean_keep
866,flight,co-16-lax-ewr,0.989899,holoclean_keep
866,sched_arr_time,6:44 p.m.,0.817726,holoclean
866,sched_dep_time,10:25 a.m.,0.644663,holoclean
867,act_arr_time,10:47 a.m.,0.648786,holoclean_keep
867,act_dep_time,7:07 a.m.,0.551873,holoclean_keep
867,flight,ua-2515-dfw-clt,0.982766,holoclean_keep
867,sched_arr_time,10:31 a.m.,0.682164,holoclean
867,sched_dep_time,7:05 a.m.,0.646040,holoclean
868,act_arr_time,3:04 p.m.,0.711235,holoclean_keep
868,act_dep_time,11:01 a.m.,0.648786,holoclean_keep
868,flight,aa-400-dfw-jfk,0.980199,holoclean_keep
868,sched_arr_time,2:59 p.m.,0.702070,holoclean
868,sched_dep_time,10:40 a.m.,0.744154,holoclean
869,act_arr_time,4:23 p.m.,0.786986,holoclean_keep
869,act_dep_time,1:31 p.m.,0.711235,holoclean_keep
869,flight,ua-664-ord-phl,0.994411,holoclean_keep
869,sched_arr_time,4:31 p.m.,0.980229,holoclean_keep
869,sched_dep_time,1:33 p.m.,0.996089,holoclean_keep
870,act_arr_time,2:50 p.m.,0.596418,holoclean_keep
870,act_dep_time,12:41 p.m.,0.551873,holoclean_keep
870,flight,aa-3756-ord-slc,0.997490,holoclean_keep
870,sched_arr_time,2:45 p.m.,0.989942,holoclean_keep
870,sched_dep_time,12:15 p.m.,0.978472,holoclean_keep
871,act_arr_time,4:17 p.m.,0.551873,holoclean_keep
871,act_dep_time,1:48 p.m.,0.711235,holoclean_keep
871,flight,ua-37-ewr-mco,0.943961,holoclean_keep
871,sched_arr_time,4:17 p.m.,0.418470,holoclean
871,sched_dep_time,1:29 p.m.,0.656807,holoclean
872,act_arr_time,5:42 a.m. (estimated runway),0.250000,holoclean
872,act_dep_time,12:10 a.m. (estimated runway),0.333333,holoclean
872,flight,aa-1522-sfo-ord,0.942050,holoclean_keep
872,sched_arr_time,5:50 a.m.  fri 02-dec-2011,0.522157,holoclean_keep
872,sched_dep_time,11:55 p.m.,0.993564,holoclean_keep
873,act_arr_time,11:56 p.m.,0.166667,holoclean
873,act_dep_time,4:25 p.m.,0.166667,holoclean
873,flight,ua-233-lax-jfk,0.929547,holoclean_keep
873,sched_arr_time,12:29 a.m.  fri 02-dec-2011,0.537341,holoclean_keep
873,sched_dep_time,4:25 p.m.,0.961086,holoclean_keep
874,act_arr_time,11:49 p.m.,0.200000,holoclean
874,act_dep_time,9:06 p.m.,0.250000,holoclean
874,flight,aa-3823-lax-den,0.938511,holoclean_keep
874,sched_arr_time,12:15 a.m.  fri 02-dec-2011,0.513027,holoclean_keep
874,sched_dep_time,9:00 p.m.,0.957705,holoclean_keep
875,act_arr_time,11:35 p.m.,0.250000,holoclean
875,act_dep_time,8:29 p.m.,0.250000,holoclean
875,flight,aa-2312-dfw-dtw,0.942613,holoclean_keep
875,sched_arr_time,11:50 p.m.,0.970411,holoclean_keep
875,sched_dep_time,8:25 p.m.,0.961085,holoclean_keep
876,act_arr_time,10:04 a.m.,0.450853,holoclean_keep
876,act_dep_time,7:22 a.m.,0.711235,holoclean_keep
876,flight,aa-1165-jfk-mia,0.989956,holoclean_keep
876,sched_arr_time,10:34 a.m.,0.920723,holoclean_keep
876,sched_dep_time,6:59 a.m.,0.981252,holoclean_keep
877,act_arr_time,11:44 a.m.,0.596418,holoclean_keep
877,act_dep_time,8:51 a.m.,0.711235,holoclean_keep
877,flight,aa-431-mia-sfo,0.995531,holoclean_keep
877,sched_arr_time,11:50 a.m.,0.952359,holoclean_keep
877,sched_dep_time,8:35 a.m.,0.989062,holoclean_keep
878,act_arr_time,9:13 a.m.,0.711235,holoclean_keep
878,act_dep_time,8:26 a.m.,0.786986,holoclean_keep
878,flight,ua-3373-iad-phl,0.954762,holoclean_keep
878,sched_arr_time,9:24 a.m.,0.706400,holoclean
878,sched_dep_time,8:29 a.m.,0.685213,holoclean
879,act_arr_time,3:26 p.m.,0.166667,holoclean
879,act_dep_time,11:54 a.m.,0.111111,holoclean
879,flight,aa-649-ord-sna,0.950189,holoclean_keep
879,sched_arr_time,3:50 p.m.,0.973522,holoclean_keep
879,sched_dep_time,1:30 p.m.,0.945833,holoclean_keep
880,act_arr_time,4:59 p.m.,0.880797,holoclean_keep
880,act_dep_time,3:01 p.m.,0.880797,holoclean_keep
880,flight,co-1250-mia-iah,0.955027,holoclean_keep
880,sched_arr_time,4:48 p.m.,0.476657,holoclean
880,sched_dep_time,2:53 p.m.,0.451127,holoclean
881,act_arr_time,8:45 a.m.,0.711235,holoclean_keep
881,act_dep_time,7:27 a.m.,0.786986,holoclean_keep
881,flight,ua-6273-yyc-sfo,0.957970,holoclean_keep
881,sched_arr_time,9:43 a.m.,0.374905,holoclean
881,sched_dep_time,7:35 a.m.,0.376721,holoclean
882,act_arr_time,5:21 a.m.,0.333333,holoclean
882,act_dep_time,11/30/2011 11:34 p.m.,0.333333,holoclean
882,flight,ua-828-sfo-ord,0.946799,holoclean_keep
882,sched_arr_time,5:11 a.m.,0.659130,holoclean_keep
882,sched_dep_time,11:08 p.m.,0.993796,holoclean_keep
883,act_arr_time,6:09 p.m.,0.166667,holoclean
883,act_dep_time,3:52 p.m.,0.166667,holoclean
883,flight,co-4888-iah-dal,0.967731,holoclean_keep
883,sched_arr_time,6:40 p.m.,0.915688,holoclean_keep
883,sched_dep_time,5:30 p.m.,0.977868,holoclean_keep
884,act_arr_time,8:02 a.m.,0.648786,holoclean_keep
884,act_dep_time,1:32 p.m.,0.648786,holoclean_keep
884,flight,ua-858-pvg-sfo,0.970430,holoclean_keep
884,sched_arr_time,8:27 a.m.,0.304868,holoclean
884,sched_dep_time,1:45 p.m.,0.440362,holoclean
885,act_arr_time,2:00 p.m.,0.711235,holoclean_keep
885,act_dep_time,11:15 a.m.,0.711235,holoclean_keep
885,flight,ua-2704-dtw-phx,0.952976,holoclean_keep
885,sched_arr_time,1:40 p.m.,0.389179,holoclean
885,sched_dep_time,11:15 a.m.,0.663755,holoclean
886,act_arr_time,9:20 p.m.,0.648786,holoclean_keep
886,act_dep_time,8:39 p.m.,0.786986,holoclean_keep
886,flight,aa-3063-slc-lax,0.951929,holoclean_keep
886,sched_arr_time,9:20 p.m.,0.460846,holoclean
886,sched_dep_time,8:20 p.m.,0.349308,holoclean
887,act_arr_time,4:44 p.m.,0.711235,holoclean_keep
887,act_dep_time,2:52 p.m.,0.711235,holoclean_keep
887,flight,ua-2708-ewr-clt,0.957384,holoclean_keep
887,sched_arr_time,4:53 p.m.,0.394616,holoclean
887,sched_dep_time,2:55 p.m.,0.342111,holoclean
888,act_arr_time,7:10 p.m.,0.786986,holoclean_keep
888,act_dep_time,2:48 p.m.,0.786986,holoclean_keep
888,flight,ua-62-iah-ewr,0.871948,holoclean_keep
888,sched_arr_time,7:03 p.m.,0.460261,holoclean
888,sched_dep_time,2:30 p.m.,0.444041,holoclean
889,act_arr_time,11:45 a.m.,0.711235,holoclean_keep
889,act_dep_time,9:16 a.m.,0.711235,holoclean_keep
889,flight,ua-1500-iah-gua,0.955736,holoclean_keep
889,sched_arr_time,11:45 a.m.,0.613095,holoclean
889,sched_dep_time,8:55 a.m.,0.639097,holoclean
890,act_arr_time,3:43 p.m.,0.880797,holoclean_keep
890,act_dep_time,2:44 p.m.,0.880797,holoclean_keep
890,flight,aa-3804-phl-ord,0.994928,holoclean_keep
890,sched_arr_time,4:05 p.m.,0.991420,holoclean_keep
890,sched_dep_time,2:35 p.m.,0.977559,holoclean_keep
891,act_arr_time,5:43 p.m.,0.596418,holoclean_keep
891,act_dep_time,3:27 p.m.,0.786986,holoclean_keep
891,flight,aa-1917-jfk-mco,0.986151,holoclean_keep
891,sched_arr_time,5:55 p.m.,0.917419,holoclean_keep
891,sched_dep_time,2:55 p.m.,0.992399,holoclean_keep
892,act_arr_time,11:06 a.m.,0.480150,holoclean_keep
892,act_dep_time,7:22 a.m.,0.551873,holoclean_keep
892,flight,aa-2268-phx-ord,0.910118,holoclean_keep
892,sched_arr_time,11:35 a.m.,0.821457,holoclean_keep
892,sched_dep_time,7:15 a.m.,0.950989,holoclean_keep
893,act_arr_time,1:43 p.m.,0.711235,holoclean_keep
893,act_dep_time,12:10 p.m.,0.786986,holoclean_keep
893,flight,aa-4277-cvg-jfk,0.998863,holoclean_keep
893,sched_arr_time,2:15 p.m.,0.982067,holoclean_keep
893,sched_dep_time,12:10 p.m.,0.996993,holoclean_keep
894,act_arr_time,11:01 a.m.,0.551873,holoclean_keep
894,act_dep_time,8:04 a.m.,0.711235,holoclean_keep
894,flight,aa-2957-dfw-cvg,0.995021,holoclean_keep
894,sched_arr_time,11:05 a.m.,0.953912,holoclean_keep
894,sched_dep_time,7:55 a.m.,0.990275,holoclean_keep
895,act_arr_time,12:09 p.m.,0.551873,holoclean_keep
895,act_dep_time,8:52 a.m.,0.551873,holoclean_keep
895,flight,ua-37-edi-ewr,0.834782,holoclean_keep
895,sched_arr_time,11:53 a.m.,0.349317,holoclean
895,sched_dep_time,9:05 a.m.,0.214177,holoclean
896,act_arr_time,3:13 p.m.,0.513519,holoclean_keep
896,act_dep_time,1:19 p.m.,0.513519,holoclean_keep
896,flight,aa-789-ord-den,0.985003,holoclean_keep
896,sched_arr_time,2:35 p.m.,0.971875,holoclean_keep
896,sched_dep_time,1:05 p.m.,0.963131,holoclean_keep
897,act_arr_time,10:16 a.m.,0.711235,holoclean_keep
897,act_dep_time,8:56 a.m.,0.711235,holoclean_keep
897,flight,aa-415-bos-ord,0.953311,holoclean_keep
897,sched_arr_time,10:40 a.m.,0.762136,holoclean
897,sched_dep_time,8:35 a.m.,0.716857,holoclean
898,act_arr_time,6:43 p.m.,0.551873,holoclean_keep
898,act_dep_time,3:36 p.m.,0.711235,holoclean_keep
898,flight,aa-85-jfk-sfo,0.992042,holoclean_keep
898,sched_arr_time,6:30 p.m.,0.968269,holoclean_keep
898,sched_dep_time,3:05 p.m.,0.989164,holoclean_keep
899,act_arr_time,8:06 a.m.,0.596418,holoclean_keep
899,act_dep_time,8:04 a.m.,0.786986,holoclean_keep
899,flight,aa-3979-cvg-ord,0.998275,holoclean_keep
899,sched_arr_time,8:00 a.m.,0.965985,holoclean_keep
899,sched_dep_time,7:30 a.m.,0.989931,holoclean_keep
900,act_arr_time,4:56 p.m.,0.786986,holoclean_keep
900,act_dep_time,11:40 a.m.,0.711235,holoclean_keep
900,flight,aa-1544-san-ord,0.955738,holoclean_keep
900,sched_arr_time,5:25 p.m.,0.718132,holoclean
900,sched_dep_time,11:25 a.m.,0.433782,holoclean
901,act_arr_time,6:15 p.m.,0.648786,holoclean_keep
901,act_dep_time,4:12 p.m.,0.711235,holoclean_keep
901,flight,aa-3786-iah-ord,0.986369,holoclean_keep
901,sched_arr_time,6:40 p.m.,0.925702,holoclean_keep
901,sched_dep_time,4:00 p.m.,0.985082,holoclean_keep
902,act_arr_time,2:27 p.m.,0.711235,holoclean_keep
902,act_dep_time,11:52 a.m.,0.786986,holoclean_keep
902,flight,aa-271-mia-lax,0.995161,holoclean_keep
902,sched_arr_time,2:25 p.m.,0.991699,holoclean_keep
902,sched_dep_time,11:35 a.m.,0.995611,holoclean_keep
903,act_arr_time,11:06 a.m.,0.551873,holoclean_keep
903,act_dep_time,7:39 a.m.,0.648786,holoclean_keep
903,flight,aa-2525-dfw-mia,0.991791,holoclean_keep
903,sched_arr_time,11:10 a.m.,0.874849,holoclean_keep
903,sched_dep_time,7:25 a.m.,0.976900,holoclean_keep
904,act_arr_time,5:26 p.m.,0.880797,holoclean_keep
904,act_dep_time,3:31 p.m.,0.880797,holoclean_keep
904,flight,co-50-cle-ewr,0.953955,holoclean_keep
904,sched_arr_time,4:49 p.m.,0.456398,holoclean
904,sched_dep_time,2:55 p.m.,0.434619,holoclean
905,act_arr_time,5:38 p.m.,0.648786,holoclean_keep
905,act_dep_time,11:43 a.m.,0.711235,holoclean_keep
905,flight,ua-3099-phx-phl,0.994713,holoclean_keep
905,sched_arr_time,6:17 p.m.,0.992740,holoclean_keep
905,sched_dep_time,11:55 a.m.,0.995773,holoclean_keep
906,act_arr_time,12:50 p.m.,0.711235,holoclean_keep
906,act_dep_time,10:54 a.m.,0.711235,holoclean_keep
906,flight,aa-4198-ord-cle,0.985595,holoclean_keep
906,sched_arr_time,12:55 p.m.,0.939005,holoclean_keep
906,sched_dep_time,10:40 a.m.,0.995307,holoclean_keep
907,act_arr_time,7:40 a.m.,0.513519,holoclean_keep
907,act_dep_time,6:57 a.m.,0.711235,holoclean_keep
907,flight,aa-404-mia-mco,0.997057,holoclean_keep
907,sched_arr_time,7:45 a.m.,0.951859,holoclean_keep
907,sched_dep_time,6:45 a.m.,0.989272,holoclean_keep
908,act_arr_time,6:36 p.m.,0.786986,holoclean_keep
908,act_dep_time,3:58 p.m.,0.648786,holoclean_keep
908,flight,co-45-ewr-mia,0.971628,holoclean_keep
908,sched_arr_time,7:05 p.m.,0.922317,holoclean_keep
909,act_arr_time,6:19 a.m.,0.480150,holoclean_keep
909,act_dep_time,6:10 a.m.,0.711235,holoclean_keep
909,flight,aa-3809-phx-lax,0.977422,holoclean_keep
909,sched_arr_time,6:40 a.m.,0.885756,holoclean_keep
909,sched_dep_time,6:00 a.m.,0.996460,holoclean_keep
910,act_arr_time,11:12 a.m.,0.551873,holoclean_keep
910,act_dep_time,7:39 a.m.,0.711235,holoclean_keep
910,flight,aa-59-jfk-sfo,0.972759,holoclean_keep
910,sched_arr_time,10:45 a.m.,0.853778,holoclean_keep
910,sched_dep_time,7:10 a.m.,0.988978,holoclean_keep
911,act_arr_time,3:14 p.m.,0.513519,holoclean_keep
911,act_dep_time,7:31 a.m.,0.648786,holoclean_keep
911,flight,aa-222-lax-bos,0.950384,holoclean_keep
911,sched_arr_time,3:30 p.m.,0.900023,holoclean_keep
911,sched_dep_time,7:10 a.m.,0.987403,holoclean_keep
912,act_arr_time,9:22 a.m.,0.786986,holoclean_keep
912,act_dep_time,7:16 a.m.,0.786986,holoclean_keep
912,flight,aa-3859-iah-ord,0.991769,holoclean_keep
912,sched_arr_time,9:40 a.m.,0.822403,holoclean_keep
912,sched_dep_time,7:10 a.m.,0.995958,holoclean_keep
913,act_arr_time,7:35 p.m.,0.551873,holoclean_keep
913,act_dep_time,6:56 p.m.,0.648786,holoclean_keep
913,flight,aa-1640-mia-mco,0.984200,holoclean_keep
913,sched_arr_time,7:25 p.m.,0.925058,holoclean_keep
913,sched_dep_time,6:30 p.m.,0.989998,holoclean_keep
914,act_arr_time,9:29 a.m.,0.200000,holoclean
914,act_dep_time,8:42 a.m.,0.250000,holoclean
914,flight,ua-3925-iad-orf,0.927166,holoclean_keep
914,sched_arr_time,9:54 a.m.,0.805272,holoclean_keep
914,sched_dep_time,8:41 a.m.,0.958730,holoclean_keep
915,act_arr_time,2:01 p.m.,0.786986,holoclean_keep
915,act_dep_time,12:14 p.m.,0.711235,holoclean_keep
915,flight,aa-4344-ord-dtw,0.952499,holoclean_keep
915,sched_arr_time,2:00 p.m.,0.256231,holoclean
915,sched_dep_time,11:45 a.m.,0.603346,holoclean
916,act_arr_time,7:04 a.m.,0.250000,holoclean
916,act_dep_time,5:56 a.m.,0.250000,holoclean
916,flight,ua-414-lax-sfo,0.811567,holoclean_keep
916,sched_arr_time,7:23 a.m.,0.536165,holoclean_keep
916,sched_dep_time,6:00 a.m.,0.932822,holoclean_keep
917,act_arr_time,5:23 a.m.,0.250000,holoclean
917,act_dep_time,12:41 a.m.,0.250000,holoclean
917,flight,co-1614-lax-iah,0.936419,holoclean_keep
917,sched_arr_time,5:35 a.m.,0.956016,holoclean_keep
917,sched_dep_time,12:30 a.m.,0.982627,holoclean_keep
918,act_arr_time,9:09 a.m.,0.786986,holoclean_keep
918,act_dep_time,7:56 a.m.,0.786986,holoclean_keep
918,flight,co-52-iah-lax,0.987390,holoclean_keep
918,sched_arr_time,9:21 a.m.,0.334281,holoclean
918,sched_dep_time,7:35 a.m.,0.556249,holoclean
919,act_arr_time,1:09 p.m.,0.500000,holoclean
919,act_dep_time,10:19 a.m.,0.333333,holoclean
919,flight,co-1090-bos-iah,0.937423,holoclean_keep
919,sched_arr_time,1:16 p.m.,0.839654,holoclean_keep
919,sched_dep_time,9:45 a.m.,0.975654,holoclean_keep
920,act_arr_time,9:29 a.m.,0.250000,holoclean
920,act_dep_time,7:04 a.m.,0.333333,holoclean
920,flight,aa-3468-cvg-mia,0.932088,holoclean_keep
920,sched_arr_time,9:55 a.m.,0.936822,holoclean_keep
920,sched_dep_time,7:00 a.m.,0.992376,holoclean_keep
921,act_arr_time,6:59 p.m.,0.333333,holoclean
921,act_dep_time,2:48 p.m.,0.333333,holoclean
921,flight,co-62-iah-ewr,0.839985,holoclean_keep
921,sched_arr_time,7:03 p.m.,0.918770,holoclean_keep
921,sched_dep_time,2:30 p.m.,0.934222,holoclean_keep
922,act_arr_time,9:00 a.m.,0.551873,holoclean_keep
922,act_dep_time,6:09 a.m.,0.711235,holoclean_keep
922,flight,aa-466-iah-mia,0.985078,holoclean_keep
922,sched_arr_time,9:20 a.m.,0.858279,holoclean_keep
922,sched_dep_time,6:00 a.m.,0.989541,holoclean_keep
923,act_arr_time,11:50 a.m.,0.711235,holoclean_keep
923,act_dep_time,10:19 a.m.,0.711235,holoclean_keep
923,flight,aa-1664-mia-atl,0.998361,holoclean_keep
923,sched_arr_time,12:10 p.m.,0.968779,holoclean_keep
923,sched_dep_time,10:15 a.m.,0.988529,holoclean_keep
924,act_arr_time,3:19 p.m.,0.480150,holoclean_keep
924,act_dep_time,2:04 p.m.,0.513519,holoclean_keep
924,flight,aa-1279-dfw-phx,0.987992,holoclean_keep
924,sched_arr_time,2:35 p.m.,0.990777,holoclean_keep
924,sched_dep_time,1:00 p.m.,0.968594,holoclean_keep
925,act_arr_time,7:40 a.m.,0.513519,holoclean_keep
925,act_dep_time,6:57 a.m.,0.711235,holoclean_keep
925,flight,aa-404-mia-mco,0.997059,holoclean_keep
925,sched_arr_time,7:45 a.m.,0.951856,holoclean_keep
925,sched_dep_time,6:45 a.m.,0.989272,holoclean_keep
926,act_arr_time,3:20 p.m.,0.711235,holoclean_keep
926,act_dep_time,12:56 p.m.,0.648786,holoclean_keep
926,flight,ua-382-iad-lax,0.954146,holoclean_keep
926,sched_arr_time,3:19 p.m.,0.345432,holoclean
926,sched_dep_time,12:30 p.m.,0.650501,holoclean
927,act_arr_time,5:09 p.m.,0.880797,holoclean_keep
927,act_dep_time,4:02 p.m.,0.880797,holoclean_keep
927,flight,co-50-cle-ewr,0.954897,holoclean_keep
927,sched_arr_time,4:49 p.m.,0.313075,holoclean
927,sched_dep_time,2:55 p.m.,0.356598,holoclean
928,act_arr_time,1:11 p.m.,0.711235,holoclean_keep
928,act_dep_time,10:11 a.m.,0.648786,holoclean_keep
928,flight,aa-616-dfw-dtw,0.995027,holoclean_keep
928,sched_arr_time,12:35 p.m.,0.952658,holoclean_keep
928,sched_dep_time,9:05 a.m.,0.994285,holoclean_keep
929,act_arr_time,2:17 p.m.,0.711235,holoclean_keep
929,act_dep_time,11:52 a.m.,0.786986,holoclean_keep
929,flight,aa-271-mia-lax,0.994741,holoclean_keep
929,sched_arr_time,2:25 p.m.,0.991699,holoclean_keep
929,sched_dep_time,11:35 a.m.,0.995904,holoclean_keep
930,act_arr_time,2:36 p.m.,0.551873,holoclean_keep
930,act_dep_time,11:06 a.m.,0.551873,holoclean_keep
930,flight,aa-2050-ord-mia,0.983842,holoclean_keep
930,sched_arr_time,2:45 p.m.,0.927251,holoclean_keep
930,sched_dep_time,10:40 a.m.,0.977719,holoclean_keep
931,act_arr_time,8:53 p.m.,0.711235,holoclean_keep
931,act_dep_time,6:55 p.m.,0.711235,holoclean_keep
931,flight,aa-4307-ord-dtw,0.998920,holoclean_keep
931,sched_arr_time,9:10 p.m.,0.981613,holoclean_keep
931,sched_dep_time,6:45 p.m.,0.990823,holoclean_keep
932,act_arr_time,3:10 p.m.,0.648786,holoclean_keep
932,act_dep_time,12:12 p.m.,0.711235,holoclean_keep
932,flight,aa-3-jfk-lax,0.992123,holoclean_keep
932,sched_arr_time,3:15 p.m.,0.949679,holoclean_keep
932,sched_dep_time,12:00 p.m.,0.989752,holoclean_keep
933,act_arr_time,12:21 a.m. (estimated),0.648786,holoclean_keep
933,act_dep_time,7:15 p.m. (estimated),0.648786,holoclean_keep
933,flight,co-1694-lax-iah,0.994162,holoclean_keep
933,sched_arr_time,12:21 a.m.,0.851798,holoclean_keep
934,act_arr_time,12:02 p.m.,0.333333,holoclean
934,act_dep_time,9:14 a.m.,0.200000,holoclean
934,flight,co-1193-ewr-mco,0.938607,holoclean_keep
934,sched_arr_time,12:18 p.m.,0.955467,holoclean_keep
934,sched_dep_time,9:15 a.m.,0.994642,holoclean_keep
935,act_arr_time,6:36 p.m.,0.596418,holoclean_keep
935,act_dep_time,4:46 p.m.,0.480150,holoclean_keep
935,flight,ua-2906-phl-mco,0.987924,holoclean_keep
935,sched_arr_time,6:23 p.m.,0.921996,holoclean_keep
935,sched_dep_time,3:50 p.m.,0.986350,holoclean_keep
936,act_arr_time,7:26 p.m.,0.786986,holoclean_keep
936,act_dep_time,4:37 p.m.,0.786986,holoclean_keep
936,flight,ua-938-den-ord,0.954690,holoclean_keep
936,sched_arr_time,7:35 p.m.,0.602872,holoclean
936,sched_dep_time,4:16 p.m.,0.651868,holoclean
937,act_arr_time,9:47 p.m.,0.333333,holoclean
937,act_dep_time,8:01 p.m.,0.500000,holoclean
937,flight,aa-1221-mco-ord,0.933615,holoclean_keep
937,sched_arr_time,9:45 p.m.,0.939948,holoclean_keep
937,sched_dep_time,8:00 p.m.,0.983066,holoclean_keep
938,act_arr_time,6:13 p.m.,0.500000,holoclean
938,act_dep_time,10:20 a.m.,0.333333,holoclean
938,flight,co-16-lax-ewr,0.937843,holoclean_keep
938,sched_arr_time,6:44 p.m.,0.839657,holoclean_keep
938,sched_dep_time,10:25 a.m.,0.983985,holoclean_keep
939,act_arr_time,10:45 a.m.,0.480150,holoclean_keep
939,act_dep_time,7:31 a.m.,0.596418,holoclean_keep
939,flight,ua-2515-dfw-clt,0.937368,holoclean_keep
939,sched_arr_time,10:31 a.m.,0.253247,holoclean
939,sched_dep_time,7:05 a.m.,0.419296,holoclean
940,act_arr_time,2:52 p.m.,0.711235,holoclean_keep
940,act_dep_time,11:02 a.m.,0.648786,holoclean_keep
940,flight,aa-400-dfw-jfk,0.968231,holoclean_keep
940,sched_arr_time,2:59 p.m.,0.813660,holoclean_keep
940,sched_dep_time,10:40 a.m.,0.977650,holoclean_keep
941,act_arr_time,4:18 p.m.,0.648786,holoclean_keep
941,act_dep_time,1:48 p.m.,0.711235,holoclean_keep
941,flight,ua-664-ord-phl,0.995505,holoclean_keep
941,sched_arr_time,4:31 p.m.,0.954893,holoclean_keep
941,sched_dep_time,1:33 p.m.,0.984197,holoclean_keep
942,act_arr_time,4:17 p.m.,0.551873,holoclean_keep
942,act_dep_time,1:48 p.m.,0.711235,holoclean_keep
942,flight,ua-37-ewr-mco,0.993225,holoclean_keep
942,sched_arr_time,4:17 p.m.,0.874863,holoclean_keep
942,sched_dep_time,1:29 p.m.,0.977768,holoclean_keep
943,act_arr_time,12:01 a.m. (estimated runway),0.596418,holoclean_keep
943,act_dep_time,4:28 p.m. (estimated runway),0.596418,holoclean_keep
943,flight,ua-233-lax-jfk,0.993964,holoclean_keep
943,sched_arr_time,12:29 a.m.,0.856180,holoclean_keep
943,sched_dep_time,4:25 p.m.,0.979820,holoclean_keep
944,act_arr_time,11:35 p.m. (estimated runway),0.711235,holoclean_keep
944,act_dep_time,8:29 p.m. (estimated runway),0.711235,holoclean_keep
944,flight,aa-2312-dfw-dtw,0.994246,holoclean_keep
944,sched_arr_time,11:50 p.m.,0.991589,holoclean_keep
944,sched_dep_time,8:25 p.m.,0.979821,holoclean_keep
945,act_arr_time,11:40 a.m.,0.596418,holoclean_keep
945,act_dep_time,8:52 a.m.,0.711235,holoclean_keep
945,flight,aa-431-mia-sfo,0.994822,holoclean_keep
945,sched_arr_time,11:50 a.m.,0.951590,holoclean_keep
945,sched_dep_time,8:35 a.m.,0.988683,holoclean_keep
946,act_arr_time,5:28 p.m.,0.648786,holoclean_keep
946,act_dep_time,2:43 p.m.,0.648786,holoclean_keep
946,flight,ua-257-jfk-sfo,0.990860,holoclean_keep
946,sched_arr_time,6:15 p.m.,0.960761,holoclean_keep
946,sched_dep_time,2:30 p.m.,0.976037,holoclean_keep
947,act_arr_time,9:11 a.m.,0.500000,holoclean
947,act_dep_time,8:26 a.m.,0.333333,holoclean
947,flight,ua-3373-iad-phl,0.931704,holoclean_keep
947,sched_arr_time,9:24 a.m.,0.949882,holoclean_keep
947,sched_dep_time,8:29 a.m.,0.973633,holoclean_keep
948,act_arr_time,5:21 a.m.,0.333333,holoclean
948,act_dep_time,11/30/2011 11:34 p.m.,0.333333,holoclean
948,flight,ua-828-sfo-ord,0.947275,holoclean_keep
948,sched_arr_time,5:11 a.m.dec 02,0.664096,holoclean_keep
948,sched_dep_time,11:08 p.m.,0.995557,holoclean_keep
949,act_arr_time,6:19 p.m.,0.250000,holoclean
949,act_dep_time,5:30 p.m.,0.250000,holoclean
949,flight,co-4888-iah-dal,0.942153,holoclean_keep
949,sched_arr_time,6:09 p.m.,0.655490,holoclean_keep
949,sched_dep_time,5:30 p.m.,0.958504,holoclean_keep
950,act_arr_time,7:50 a.m.,0.250000,holoclean
950,act_dep_time,12:45 a.m.,0.200000,holoclean
950,flight,ua-858-pvg-sfo,0.934899,holoclean_keep
950,sched_arr_time,8:27 a.m.,0.846702,holoclean_keep
950,sched_dep_time,1:45 p.m.,0.971170,holoclean_keep
951,act_arr_time,2:02 p.m.,0.648786,holoclean_keep
951,act_dep_time,11:47 a.m.,0.711235,holoclean_keep
951,flight,ua-2704-dtw-phx,0.990442,holoclean_keep
951,sched_arr_time,1:40 p.m.,0.628494,holoclean
951,sched_dep_time,11:15 a.m.,0.441332,holoclean
952,act_arr_time,9:19 p.m. (estimated),0.648786,holoclean_keep
952,act_dep_time,8:39 p.m.,0.786986,holoclean_keep
952,flight,aa-3063-slc-lax,0.994002,holoclean_keep
952,sched_arr_time,9:20 p.m.,0.952942,holoclean_keep
952,sched_dep_time,8:20 p.m.,0.954765,holoclean_keep
953,act_arr_time,12:10 p.m.,0.711235,holoclean_keep
953,act_dep_time,9:43 a.m.,0.711235,holoclean_keep
953,flight,ua-1500-iah-gua,0.956877,holoclean_keep
953,sched_arr_time,11:45 a.m.,0.613095,holoclean
953,sched_dep_time,8:55 a.m.,0.639097,holoclean
954,act_arr_time,11:26 a.m.,0.711235,holoclean_keep
954,act_dep_time,8:18 a.m.,0.711235,holoclean_keep
954,flight,co-1561-phx-iah,0.954838,holoclean_keep
954,sched_arr_time,11:35 a.m.,0.681123,holoclean
954,sched_dep_time,8:05 a.m.,0.719601,holoclean
955,act_arr_time,11:04 a.m.,0.480150,holoclean_keep
955,act_dep_time,7:23 a.m.,0.648786,holoclean_keep
955,flight,aa-2268-phx-ord,0.977942,holoclean_keep
955,sched_arr_time,11:35 a.m.,0.860635,holoclean_keep
955,sched_dep_time,7:15 a.m.,0.967400,holoclean_keep
956,act_arr_time,4:43 p.m.,0.200000,holoclean
956,act_dep_time,2:46 p.m.,0.250000,holoclean
956,flight,ua-2314-atl-phl,0.869153,holoclean_keep
956,sched_arr_time,5:00 p.m.,0.767277,holoclean_keep
956,sched_dep_time,2:55 p.m.,0.907161,holoclean_keep
957,act_arr_time,8:33 a.m.,0.250000,holoclean
957,act_dep_time,7:27 a.m.,0.333333,holoclean
957,flight,ua-6273-yyc-sfo,0.916022,holoclean_keep
957,sched_arr_time,9:43 a.m.,0.687220,holoclean_keep
957,sched_dep_time,7:35 a.m.,0.930901,holoclean_keep
958,act_arr_time,1:40 p.m.,0.711235,holoclean_keep
958,act_dep_time,12:11 p.m.,0.596418,holoclean_keep
958,flight,aa-4277-cvg-jfk,0.977244,holoclean_keep
958,sched_arr_time,2:15 p.m.,0.927477,holoclean_keep
958,sched_dep_time,12:10 p.m.,0.978411,holoclean_keep
959,act_arr_time,10:58 a.m.,0.250000,holoclean
959,act_dep_time,7:51 a.m.,0.250000,holoclean
959,flight,aa-2957-dfw-cvg,0.938110,holoclean_keep
959,sched_arr_time,11:05 a.m.,0.939169,holoclean_keep
959,sched_dep_time,7:55 a.m.,0.993199,holoclean_keep
960,act_arr_time,12:00 p.m.,0.333333,holoclean
960,act_dep_time,8:52 a.m.,0.250000,holoclean
960,flight,ua-37-edi-ewr,0.935493,holoclean_keep
960,sched_arr_time,11:53 a.m.,0.824605,holoclean_keep
960,sched_dep_time,9:05 a.m.,0.859991,holoclean_keep
961,act_arr_time,1:27 p.m.,0.786986,holoclean_keep
961,act_dep_time,8:07 a.m.,0.596418,holoclean_keep
961,flight,ua-854-sfo-iah,0.945031,holoclean_keep
961,sched_arr_time,12:35 p.m.,0.458123,holoclean
961,sched_dep_time,7:53 a.m.,0.255276,holoclean
962,act_arr_time,6:36 p.m.,0.711235,holoclean_keep
962,act_dep_time,3:38 p.m.,0.551873,holoclean_keep
962,flight,aa-85-jfk-sfo,0.982837,holoclean_keep
962,sched_arr_time,6:30 p.m.,0.915588,holoclean_keep
962,sched_dep_time,3:05 p.m.,0.980134,holoclean_keep
963,act_arr_time,4:52 p.m.,0.333333,holoclean
963,act_dep_time,11:20 a.m.,0.250000,holoclean
963,flight,aa-1544-san-ord,0.929329,holoclean_keep
963,sched_arr_time,5:25 p.m.,0.859210,holoclean_keep
963,sched_dep_time,11:25 a.m.,0.906213,holoclean_keep
964,act_arr_time,6:09 p.m.,0.200000,holoclean
964,act_dep_time,3:52 p.m.,0.250000,holoclean
964,flight,aa-3786-iah-ord,0.827090,holoclean_keep
964,sched_arr_time,6:40 p.m.,0.792103,holoclean_keep
964,sched_dep_time,4:00 p.m.,0.971918,holoclean_keep
965,act_arr_time,10:47 a.m.,0.596418,holoclean_keep
965,act_dep_time,9:01 a.m.,0.648786,holoclean_keep
965,flight,co-1088-cle-iah,0.817432,holoclean_keep
965,sched_arr_time,10:54 a.m.,0.466327,holoclean
965,sched_dep_time,8:40 a.m.,0.537530,holoclean
966,act_arr_time,12:48 p.m.,0.596418,holoclean_keep
966,act_dep_time,10:55 a.m.,0.711235,holoclean_keep
966,flight,aa-4198-ord-cle,0.984053,holoclean_keep
966,sched_arr_time,12:55 p.m.,0.919970,holoclean_keep
966,sched_dep_time,10:40 a.m.,0.989864,holoclean_keep
967,act_arr_time,6:19 a.m.,0.480150,holoclean_keep
967,act_dep_time,6:10 a.m.,0.711235,holoclean_keep
967,flight,aa-3809-phx-lax,0.977429,holoclean_keep
967,sched_arr_time,6:40 a.m.,0.885753,holoclean_keep
967,sched_dep_time,6:00 a.m.,0.996461,holoclean_keep
968,act_arr_time,11:00 a.m.,0.513519,holoclean_keep
968,act_dep_time,7:40 a.m.,0.648786,holoclean_keep
968,flight,aa-59-jfk-sfo,0.926129,holoclean_keep
968,sched_arr_time,10:45 a.m.,0.716906,holoclean_keep
968,sched_dep_time,7:10 a.m.,0.970703,holoclean_keep
969,act_arr_time,3:09 p.m.,0.711235,holoclean_keep
969,act_dep_time,7:32 a.m.,0.551873,holoclean_keep
969,flight,aa-222-lax-bos,0.946854,holoclean_keep
969,sched_arr_time,3:30 p.m.,0.800407,holoclean_keep
969,sched_dep_time,7:10 a.m.,0.972645,holoclean_keep
970,act_arr_time,9:22 a.m.,0.786986,holoclean_keep
970,act_dep_time,7:16 a.m.,0.786986,holoclean_keep
970,flight,aa-3859-iah-ord,0.991134,holoclean_keep
970,sched_arr_time,9:30 a.m.,0.461392,holoclean_keep
970,sched_dep_time,7:10 a.m.,0.995960,holoclean_keep
971,act_arr_time,7:49 a.m.,0.711235,holoclean_keep
971,act_dep_time,6:56 a.m.,0.711235,holoclean_keep
971,flight,aa-3842-msp-ord,0.982947,holoclean_keep
971,sched_arr_time,6:50 a.m.,0.538246,holoclean_keep
971,sched_dep_time,6:00 a.m.,0.987465,holoclean_keep
972,act_arr_time,9:26 a.m.,0.551873,holoclean_keep
972,act_dep_time,7:31 a.m.,0.711235,holoclean_keep
972,flight,aa-643-mia-ord,0.973977,holoclean_keep
972,sched_arr_time,9:00 a.m.,0.560314,holoclean_keep
972,sched_dep_time,7:10 a.m.,0.994072,holoclean_keep
973,act_arr_time,7:25 p.m.,0.648786,holoclean_keep
973,act_dep_time,6:47 p.m.,0.711235,holoclean_keep
973,flight,aa-1640-mia-mco,0.993836,holoclean_keep
973,sched_arr_time,7:08 p.m.,0.719575,holoclean_keep
973,sched_dep_time,6:30 p.m.,0.968842,holoclean_keep
974,act_arr_time,10:43 a.m.,0.551873,holoclean_keep
974,act_dep_time,7:39 a.m.,0.648786,holoclean_keep
974,flight,aa-2525-dfw-mia,0.991266,holoclean_keep
974,sched_arr_time,10:43 a.m.,0.607203,holoclean_keep
974,sched_dep_time,7:25 a.m.,0.983332,holoclean_keep
975,act_arr_time,4:57 p.m.,0.648786,holoclean_keep
975,act_dep_time,11:45 a.m.,0.711235,holoclean_keep
975,flight,ua-3050-phx-clt,0.994220,holoclean_keep
975,sched_arr_time,4:37 p.m.,0.800324,holoclean_keep
975,sched_dep_time,11:05 a.m.,0.996084,holoclean_keep
976,act_arr_time,9:44 a.m.,0.551873,holoclean_keep
976,act_dep_time,8:51 a.m.,0.711235,holoclean_keep
976,flight,ua-3925-iad-orf,0.991796,holoclean_keep
976,sched_arr_time,9:34 a.m.,0.817786,holoclean_keep
976,sched_dep_time,8:41 a.m.,0.962957,holoclean_keep
977,act_arr_time,4:20 p.m.,0.648786,holoclean_keep
977,act_dep_time,1:48 p.m.,0.711235,holoclean_keep
977,flight,ua-664-ord-phl,0.995194,holoclean_keep
977,sched_arr_time,4:20 p.m.,0.638828,holoclean_keep
977,sched_dep_time,1:33 p.m.,0.979498,holoclean_keep
978,act_arr_time,2:49 p.m.,0.786986,holoclean_keep
978,act_dep_time,1:19 p.m.,0.786986,holoclean_keep
978,flight,aa-789-ord-den,0.994029,holoclean_keep
978,sched_arr_time,2:17 p.m.,0.624537,holoclean_keep
978,sched_dep_time,1:05 p.m.,0.969680,holoclean_keep
979,act_arr_time,11:35 p.m.,0.711235,holoclean_keep
979,act_dep_time,8:29 p.m.,0.711235,holoclean_keep
979,flight,aa-2312-dfw-dtw,0.993899,holoclean_keep
979,sched_arr_time,11:31 p.m.,0.731730,holoclean_keep
979,sched_dep_time,8:25 p.m.,0.970588,holoclean_keep
980,act_arr_time,12:02 a.m.,0.648786,holoclean_keep
980,act_dep_time,7:25 p.m.,0.648786,holoclean_keep
980,flight,co-1694-lax-iah,0.993968,holoclean_keep
980,sched_arr_time,11:52 p.m.,0.800988,holoclean_keep
981,act_arr_time,7:43 p.m.,0.711235,holoclean_keep
981,act_dep_time,5:38 p.m.,0.711235,holoclean_keep
981,flight,co-63-ewr-iah,0.985727,holoclean_keep
981,sched_arr_time,8:04 p.m.,0.793690,holoclean_keep
981,sched_dep_time,5:25 p.m.,0.988999,holoclean_keep
982,act_arr_time,6:11 p.m.,0.648786,holoclean_keep
982,act_dep_time,4:12 p.m.,0.648786,holoclean_keep
982,flight,aa-3786-iah-ord,0.969708,holoclean_keep
982,sched_arr_time,6:30 p.m.,0.600140,holoclean_keep
982,sched_dep_time,4:00 p.m.,0.953357,holoclean_keep
983,act_arr_time,8:46 p.m.,0.648786,holoclean_keep
983,act_dep_time,7:27 p.m.,0.786986,holoclean_keep
983,flight,co-47-iah-lax,0.993467,holoclean_keep
983,sched_arr_time,8:46 p.m.,0.942126,holoclean_keep
983,sched_dep_time,7:27 p.m.,0.956112,holoclean_keep
984,act_arr_time,10:29 a.m.,0.648786,holoclean_keep
984,act_dep_time,7:21 a.m.,0.711235,holoclean_keep
984,flight,aa-1434-dfw-mco,0.996617,holoclean_keep
984,sched_arr_time,10:18 a.m.,0.535962,holoclean_keep
984,sched_dep_time,7:15 a.m.,0.996250,holoclean_keep
985,act_arr_time,3:26 p.m.,0.513519,holoclean_keep
985,act_dep_time,3:36 p.m.,0.513519,holoclean_keep
985,flight,aa-4330-cvg-ord,0.976981,holoclean_keep
985,sched_arr_time,3:50 p.m.,0.812638,holoclean_keep
985,sched_dep_time,3:35 p.m.,0.874524,holoclean_keep
986,act_arr_time,6:09 a.m.,0.450853,holoclean_keep
986,act_dep_time,6:10 a.m.,0.648786,holoclean_keep
986,flight,aa-3809-phx-lax,0.950470,holoclean_keep
986,sched_arr_time,6:30 a.m.,0.701826,holoclean_keep
986,sched_dep_time,6:00 a.m.,0.982571,holoclean_keep
987,act_arr_time,10:52 a.m.,0.551873,holoclean_keep
987,act_dep_time,7:39 a.m.,0.711235,holoclean_keep
987,flight,aa-59-jfk-sfo,0.964028,holoclean_keep
987,sched_arr_time,10:09 a.m.,0.495572,holoclean_keep
987,sched_dep_time,7:10 a.m.,0.985013,holoclean_keep
988,act_arr_time,8:38 p.m.,0.711235,holoclean_keep
988,act_dep_time,6:56 p.m.,0.786986,holoclean_keep
988,flight,aa-4307-ord-dtw,0.998632,holoclean_keep
988,sched_arr_time,9:00 p.m.,0.668839,holoclean_keep
988,sched_dep_time,6:45 p.m.,0.988312,holoclean_keep
989,act_arr_time,6:30 p.m.,0.596418,holoclean_keep
989,act_dep_time,3:36 p.m.,0.786986,holoclean_keep
989,flight,aa-85-jfk-sfo,0.994370,holoclean_keep
989,sched_arr_time,5:57 p.m.,0.672267,holoclean_keep
989,sched_dep_time,3:05 p.m.,0.995614,holoclean_keep
990,act_arr_time,9:32 a.m.,0.786986,holoclean_keep
990,act_dep_time,7:02 a.m.,0.786986,holoclean_keep
990,flight,aa-3859-iah-ord,0.990173,holoclean_keep
990,sched_arr_time,9:40 a.m.,0.900940,holoclean_keep
990,sched_dep_time,7:10 a.m.,0.996717,holoclean_keep
991,act_arr_time,9:28 a.m.,0.596418,holoclean_keep
991,act_dep_time,6:40 a.m.,0.711235,holoclean_keep
991,flight,aa-518-mia-jfk,0.999017,holoclean_keep
991,sched_arr_time,9:25 a.m.,0.982607,holoclean_keep
991,sched_dep_time,6:40 a.m.,0.990422,holoclean_keep
992,act_arr_time,11:58 a.m.,0.345460,holoclean_keep
992,act_dep_time,8:48 a.m.,0.345460,holoclean_keep
992,flight,ua-397-jfk-sfo,0.899174,holoclean_keep
992,sched_arr_time,not available,0.569264,holoclean_keep
992,sched_dep_time,not available,0.778232,holoclean_keep
993,act_arr_time,9:43 a.m.,0.345460,holoclean_keep
993,act_dep_time,9:00 a.m.,0.362403,holoclean_keep
993,flight,ua-3925-iad-orf,0.891211,holoclean_keep
993,sched_arr_time,not available,0.743906,holoclean_keep
993,sched_dep_time,not available,0.876471,holoclean_keep
994,act_arr_time,10:30 p.m.*,0.648786,holoclean_keep
994,act_dep_time,7:45 p.m.,0.786986,holoclean_keep
994,flight,aa-1733-ord-phx,0.994010,holoclean_keep
994,sched_arr_time,10:30 p.m.,0.983283,holoclean_keep
994,sched_dep_time,7:45 p.m.,0.996716,holoclean_keep
995,act_arr_time,not available,0.596418,holoclean_keep
995,act_dep_time,not available,0.711235,holoclean_keep
995,flight,aa-1640-mia-mco,0.909252,holoclean_keep
995,sched_arr_time,7:25 p.m.,0.716289,holoclean_keep
995,sched_dep_time,6:30 p.m.,0.940377,holoclean_keep
996,act_arr_time,3:16 p.m.,0.648786,holoclean_keep
996,act_dep_time,11:54 a.m.,0.711235,holoclean_keep
996,flight,aa-3-jfk-lax,0.988336,holoclean_keep
996,sched_arr_time,3:15 p.m.,0.964101,holoclean_keep
996,sched_dep_time,12:00 p.m.,0.719613,holoclean
997,act_arr_time,contact airline,0.711235,holoclean_keep
997,act_dep_time,contact airline,0.711235,holoclean_keep
997,flight,ua-2830-mco-clt,0.877899,holoclean_keep
997,sched_arr_time,5:05 p.m.,0.760637,holoclean_keep
997,sched_dep_time,3:27 p.m.,0.905583,holoclean_keep
998,act_arr_time,4:56 p.m.,0.786986,holoclean_keep
998,act_dep_time,11:20 a.m.,0.711235,holoclean_keep
998,flight,aa-1544-san-ord,0.994732,holoclean_keep
998,sched_arr_time,5:25 p.m.,0.917627,holoclean_keep
998,sched_dep_time,11:25 a.m.,0.921207,holoclean_keep
999,act_arr_time,dec 02 not available,0.551873,holoclean_keep
999,act_dep_time,not available,0.648786,holoclean_keep
999,flight,aa-204-lax-mco,0.917577,holoclean_keep
999,sched_arr_time,dec 02 6:55 a.m.,0.341197,holoclean_keep
999,sched_dep_time,11:25 p.m.,0.941432,holoclean_keep
1000,act_arr_time,7:17 a.m.,0.315919,holoclean_keep
1000,act_dep_time,6:09 a.m.,0.362403,holoclean_keep
1000,flight,ua-414-lax-sfo,0.709958,holoclean_keep
1000,sched_arr_time,not available,0.749623,holoclean_keep
1000,sched_dep_time,not available,0.896951,holoclean_keep
1001,act_arr_time,2:50 p.m.,0.513519,holoclean_keep
1001,act_dep_time,12:10 p.m.,0.551873,holoclean_keep
1001,flight,aa-3756-ord-slc,0.980462,holoclean_keep
1001,sched_arr_time,2:45 p.m.,0.955514,holoclean_keep
1001,sched_dep_time,12:15 p.m.,0.962283,holoclean_keep
1002,act_arr_time,contact airline,0.648786,holoclean_keep
1002,act_dep_time,contact airline,0.711235,holoclean_keep
1002,flight,ua-2726-fll-phl,0.696381,holoclean_keep
1002,sched_arr_time,6:46 p.m.,0.573387,holoclean_keep
1002,sched_dep_time,4:00 p.m.,0.903366,holoclean_keep
1003,act_arr_time,9:45 a.m.,0.711235,holoclean_keep
1003,act_dep_time,7:04 a.m.,0.648786,holoclean_keep
1003,flight,aa-3468-cvg-mia,0.998004,holoclean_keep
1003,sched_arr_time,9:55 a.m.,0.960594,holoclean_keep
1003,sched_dep_time,7:00 a.m.,0.989254,holoclean_keep
1004,act_arr_time,9:56 a.m.,0.381094,holoclean_keep
1004,act_dep_time,8:24 a.m.,0.345460,holoclean_keep
1004,flight,ua-3515-iad-msp,0.886728,holoclean_keep
1004,sched_arr_time,not available,0.806484,holoclean_keep
1004,sched_dep_time,not available,0.891196,holoclean_keep
1005,act_arr_time,7:39 p.m.,0.711235,holoclean_keep
1005,act_dep_time,4:16 p.m.,0.786986,holoclean_keep
1005,flight,aa-484-dfw-mia,0.994228,holoclean_keep
1005,sched_arr_time,7:55 p.m.,0.981193,holoclean_keep
1005,sched_dep_time,4:15 p.m.,0.976345,holoclean_keep
1006,act_arr_time,7:10 p.m.,0.786986,holoclean_keep
1006,act_dep_time,2:48 p.m.,0.786986,holoclean_keep
1006,flight,co-62-iah-ewr,0.887051,holoclean_keep
1006,sched_arr_time,7:03 p.m.,0.953020,holoclean_keep
1006,sched_dep_time,2:30 p.m.,0.951041,holoclean_keep
1007,act_arr_time,4:09 p.m.,0.551873,holoclean_keep
1007,act_dep_time,11:54 a.m.,0.551873,holoclean_keep
1007,flight,aa-446-dfw-phl,0.984723,holoclean_keep
1007,sched_arr_time,3:50 p.m.,0.979252,holoclean_keep
1007,sched_dep_time,11:50 a.m.,0.948388,holoclean_keep
1008,act_arr_time,9:05 a.m.,0.648786,holoclean_keep
1008,act_dep_time,5:58 a.m.,0.711235,holoclean_keep
1008,flight,aa-466-iah-mia,0.987336,holoclean_keep
1008,sched_arr_time,9:20 a.m.,0.883473,holoclean_keep
1008,sched_dep_time,6:00 a.m.,0.995681,holoclean_keep
1009,act_arr_time,contact airline,0.596418,holoclean_keep
1009,act_dep_time,contact airline,0.711235,holoclean_keep
1009,flight,ua-3050-phx-clt,0.847470,holoclean_keep
1009,sched_arr_time,4:57 p.m.,0.682469,holoclean_keep
1009,sched_dep_time,11:05 a.m.,0.866537,holoclean_keep
1010,act_arr_time,10:27 a.m.,0.786986,holoclean_keep
1010,act_dep_time,6:02 a.m.,0.786986,holoclean_keep
1010,flight,co-89-iah-ewr,0.986652,holoclean_keep
1010,sched_arr_time,10:20 a.m.,0.769778,holoclean_keep
1010,sched_dep_time,6:00 a.m.,0.989451,holoclean_keep
1011,act_arr_time,10:56 a.m.,0.786986,holoclean_keep
1011,act_dep_time,8:40 a.m.,0.786986,holoclean_keep
1011,flight,co-1088-cle-iah,0.994549,holoclean_keep
1011,sched_arr_time,10:54 a.m.,0.974126,holoclean_keep
1011,sched_dep_time,8:40 a.m.,0.987540,holoclean_keep
1012,act_arr_time,1:40 p.m.,0.786986,holoclean_keep
1012,act_dep_time,10:42 a.m.,0.648786,holoclean_keep
1012,flight,aa-1886-bos-mia,0.998712,holoclean_keep
1012,sched_arr_time,2:20 p.m.,0.960308,holoclean_keep
1012,sched_dep_time,10:45 a.m.,0.934293,holoclean_keep
1013,act_arr_time,11:01 a.m.,0.711235,holoclean_keep
1013,act_dep_time,7:51 a.m.,0.711235,holoclean_keep
1013,flight,aa-2957-dfw-cvg,0.994241,holoclean_keep
1013,sched_arr_time,11:05 a.m.,0.982301,holoclean_keep
1013,sched_dep_time,7:55 a.m.,0.996529,holoclean_keep
1014,act_arr_time,11:56 a.m.,0.648786,holoclean_keep
1014,act_dep_time,10:10 a.m.,0.648786,holoclean_keep
1014,flight,aa-1664-mia-atl,0.987483,holoclean_keep
1014,sched_arr_time,12:10 p.m.,0.951135,holoclean_keep
1014,sched_dep_time,10:15 a.m.,0.981761,holoclean_keep
1015,act_arr_time,8:06 a.m.,0.711235,holoclean_keep
1015,act_dep_time,7:28 a.m.,0.786986,holoclean_keep
1015,flight,aa-3979-cvg-ord,0.994237,holoclean_keep
1015,sched_arr_time,8:00 a.m.,0.980998,holoclean_keep
1015,sched_dep_time,7:30 a.m.,0.995973,holoclean_keep
1016,act_arr_time,3:30 p.m.,0.401818,holoclean_keep
1016,act_dep_time,1:48 p.m.,0.513519,holoclean_keep
1016,flight,aa-1279-dfw-phx,0.953474,holoclean_keep
1016,sched_arr_time,2:35 p.m.,0.951894,holoclean_keep
1016,sched_dep_time,1:00 p.m.,0.941422,holoclean_keep
1017,act_arr_time,1:27 p.m.,0.711235,holoclean_keep
1017,act_dep_time,9:59 a.m.,0.648786,holoclean_keep
1017,flight,aa-616-dfw-dtw,0.996101,holoclean_keep
1017,sched_arr_time,12:35 p.m.,0.979886,holoclean_keep
1017,sched_dep_time,9:05 a.m.,0.995529,holoclean_keep
1018,act_arr_time,2:10 p.m.,0.648786,holoclean_keep
1018,act_dep_time,11:47 a.m.,0.711235,holoclean_keep
1018,flight,aa-4344-ord-dtw,0.987493,holoclean_keep
1018,sched_arr_time,2:00 p.m.,0.880833,holoclean_keep
1018,sched_dep_time,11:45 a.m.,0.956451,holoclean_keep
1019,act_arr_time,contact airline,0.596418,holoclean_keep
1019,act_dep_time,contact airline,0.596418,holoclean_keep
1019,flight,ua-2945-phl-clt,0.737710,holoclean_keep
1019,sched_arr_time,1:45 p.m.,0.645152,holoclean_keep
1019,sched_dep_time,12:00 p.m.,0.330355,holoclean
1020,act_arr_time,11:06 a.m.,0.424926,holoclean_keep
1020,act_dep_time,7:22 a.m.,0.648786,holoclean_keep
1020,flight,aa-2525-dfw-mia,0.968868,holoclean_keep
1020,sched_arr_time,11:10 a.m.,0.848906,holoclean_keep
1020,sched_dep_time,7:25 a.m.,0.975163,holoclean_keep
1021,act_arr_time,2:27 p.m.,0.711235,holoclean_keep
1021,act_dep_time,11:33 a.m.,0.786986,holoclean_keep
1021,flight,aa-271-mia-lax,0.994539,holoclean_keep
1021,sched_arr_time,2:25 p.m.,0.992539,holoclean_keep
1021,sched_dep_time,11:35 a.m.,0.995765,holoclean_keep
1022,act_arr_time,2:46 p.m.,0.551873,holoclean_keep
1022,act_dep_time,10:46 a.m.,0.551873,holoclean_keep
1022,flight,aa-2050-ord-mia,0.983765,holoclean_keep
1022,sched_arr_time,2:45 p.m.,0.933332,holoclean_keep
1022,sched_dep_time,10:40 a.m.,0.977895,holoclean_keep
1023,act_arr_time,10:36 a.m.,0.648786,holoclean_keep
1023,act_dep_time,7:08 a.m.,0.711235,holoclean_keep
1023,flight,aa-1434-dfw-mco,0.996657,holoclean_keep
1023,sched_arr_time,10:35 a.m.,0.935776,holoclean_keep
1023,sched_dep_time,7:15 a.m.,0.996249,holoclean_keep
1024,act_arr_time,11:32 a.m.,0.551873,holoclean_keep
1024,act_dep_time,8:00 a.m.,0.551873,holoclean_keep
1024,flight,co-1561-phx-iah,0.995937,holoclean_keep
1024,sched_arr_time,11:35 a.m.,0.973103,holoclean_keep
1024,sched_dep_time,8:05 a.m.,0.914338,holoclean_keep
1025,act_arr_time,8:53 p.m.,0.711235,holoclean_keep
1025,act_dep_time,6:40 p.m.,0.711235,holoclean_keep
1025,flight,aa-4307-ord-dtw,0.998869,holoclean_keep
1025,sched_arr_time,9:10 p.m.,0.981614,holoclean_keep
1025,sched_dep_time,6:45 p.m.,0.990823,holoclean_keep
1026,act_arr_time,dec 02 contact airline,0.596418,holoclean_keep
1026,act_dep_time,contact airline,0.648786,holoclean_keep
1026,flight,co-1694-lax-iah,0.949193,holoclean_keep
1026,sched_arr_time,dec 02 12:21 a.m.,0.521019,holoclean_keep
1027,act_arr_time,7:58 p.m.,0.381094,holoclean_keep
1027,act_dep_time,2:37 p.m.,0.362403,holoclean_keep
1027,flight,ua-843-lax-ord,0.899649,holoclean_keep
1027,sched_arr_time,not available,0.804007,holoclean_keep
1027,sched_dep_time,not available,0.877971,holoclean_keep
1028,act_arr_time,12:09 p.m.,0.786986,holoclean_keep
1028,act_dep_time,9:14 a.m.,0.513519,holoclean_keep
1028,flight,co-1193-ewr-mco,0.997441,holoclean_keep
1028,sched_arr_time,12:18 p.m.,0.956675,holoclean_keep
1028,sched_dep_time,9:15 a.m.,0.985519,holoclean_keep
1029,act_arr_time,7:51 a.m.,0.786986,holoclean_keep
1029,act_dep_time,5:59 a.m.,0.711235,holoclean_keep
1029,flight,aa-3842-msp-ord,0.987914,holoclean_keep
1029,sched_arr_time,7:30 a.m.,0.895225,holoclean_keep
1029,sched_dep_time,6:00 a.m.,0.996108,holoclean_keep
1030,act_arr_time,9:31 a.m.,0.596418,holoclean_keep
1030,act_dep_time,7:10 a.m.,0.711235,holoclean_keep
1030,flight,aa-643-mia-ord,0.973940,holoclean_keep
1030,sched_arr_time,9:35 a.m.,0.863662,holoclean_keep
1030,sched_dep_time,7:10 a.m.,0.989724,holoclean_keep
1031,act_arr_time,contact airline,0.551873,holoclean_keep
1031,act_dep_time,contact airline,0.596418,holoclean_keep
1031,flight,ua-2906-phl-mco,0.850067,holoclean_keep
1031,sched_arr_time,6:23 p.m.,0.697649,holoclean_keep
1031,sched_dep_time,3:50 p.m.,0.904487,holoclean_keep
1032,act_arr_time,9:53 p.m.,0.786986,holoclean_keep
1032,act_dep_time,8:01 p.m.,0.880797,holoclean_keep
1032,flight,aa-1221-mco-ord,0.993988,holoclean_keep
1032,sched_arr_time,9:45 p.m.,0.982539,holoclean_keep
1032,sched_dep_time,8:00 p.m.,0.991314,holoclean_keep
1033,act_arr_time,contact airline,0.596418,holoclean_keep
1033,act_dep_time,contact airline,0.596418,holoclean_keep
1033,flight,ua-2515-dfw-clt,0.842604,holoclean_keep
1033,sched_arr_time,10:31 a.m.,0.535689,holoclean_keep
1033,sched_dep_time,7:05 a.m.,0.746577,holoclean_keep
1034,act_arr_time,3:04 p.m.,0.711235,holoclean_keep
1034,act_dep_time,10:47 a.m.,0.648786,holoclean_keep
1034,flight,aa-400-dfw-jfk,0.984914,holoclean_keep
1034,sched_arr_time,2:59 p.m.,0.868847,holoclean_keep
1034,sched_dep_time,10:40 a.m.,0.984179,holoclean_keep
1035,act_arr_time,4:23 p.m.,0.381094,holoclean_keep
1035,act_dep_time,1:47 p.m.,0.362403,holoclean_keep
1035,flight,ua-664-ord-phl,0.887176,holoclean_keep
1035,sched_arr_time,not available,0.604746,holoclean_keep
1035,sched_dep_time,not available,0.733239,holoclean_keep
1036,act_arr_time,dec 02 not available,0.648786,holoclean_keep
1036,act_dep_time,not available,0.786986,holoclean_keep
1036,flight,aa-1522-sfo-ord,0.913344,holoclean_keep
1036,sched_arr_time,dec 02 5:50 a.m.,0.342455,holoclean_keep
1036,sched_dep_time,11:55 p.m.,0.929720,holoclean_keep
1037,act_arr_time,not available,0.551873,holoclean_keep
1037,act_dep_time,not available,0.596418,holoclean_keep
1037,flight,ua-233-lax-jfk,0.921808,holoclean_keep
1037,sched_arr_time,12:29 a.m.,0.422645,holoclean_keep
1037,sched_dep_time,4:25 p.m.,0.946236,holoclean_keep
1038,act_arr_time,dec 02 not available,0.648786,holoclean_keep
1038,act_dep_time,not available,0.711235,holoclean_keep
1038,flight,aa-3823-lax-den,0.946007,holoclean_keep
1038,sched_arr_time,dec 02 12:15 a.m.,0.439066,holoclean_keep
1038,sched_dep_time,9:00 p.m.,0.950410,holoclean_keep
1039,act_arr_time,not available,0.648786,holoclean_keep
1039,act_dep_time,not available,0.711235,holoclean_keep
1039,flight,aa-2312-dfw-dtw,0.910502,holoclean_keep
1039,sched_arr_time,11:50 p.m.,0.727464,holoclean_keep
1039,sched_dep_time,8:25 p.m.,0.943500,holoclean_keep
1040,act_arr_time,10:04 a.m.,0.513519,holoclean_keep
1040,act_dep_time,6:56 a.m.,0.711235,holoclean_keep
1040,flight,aa-1165-jfk-mia,0.991757,holoclean_keep
1040,sched_arr_time,10:34 a.m.,0.929740,holoclean_keep
1040,sched_dep_time,6:59 a.m.,0.987234,holoclean_keep
1041,act_arr_time,11:44 a.m.,0.648786,holoclean_keep
1041,act_dep_time,8:31 a.m.,0.711235,holoclean_keep
1041,flight,aa-431-mia-sfo,0.998241,holoclean_keep
1041,sched_arr_time,11:50 a.m.,0.968374,holoclean_keep
1041,sched_dep_time,8:35 a.m.,0.995390,holoclean_keep
1042,act_arr_time,5:42 p.m.,0.362403,holoclean_keep
1042,act_dep_time,2:42 p.m.,0.362403,holoclean_keep
1042,flight,ua-257-jfk-sfo,0.908786,holoclean_keep
1042,sched_arr_time,not available,0.610135,holoclean_keep
1042,sched_dep_time,not available,0.788873,holoclean_keep
1043,act_arr_time,9:13 a.m.,0.401818,holoclean_keep
1043,act_dep_time,8:35 a.m.,0.381094,holoclean_keep
1043,flight,ua-3373-iad-phl,0.898425,holoclean_keep
1043,sched_arr_time,not available,0.859793,holoclean_keep
1043,sched_dep_time,not available,0.928488,holoclean_keep
1044,act_arr_time,not available,0.551873,holoclean_keep
1044,act_dep_time,not available,0.480150,holoclean_keep
1044,flight,aa-649-ord-sna,0.840012,holoclean_keep
1044,sched_arr_time,3:50 p.m.,0.757462,holoclean_keep
1044,sched_dep_time,1:30 p.m.,0.842650,holoclean_keep
1045,act_arr_time,4:59 p.m.,0.880797,holoclean_keep
1045,act_dep_time,3:01 p.m.,0.880797,holoclean_keep
1045,flight,co-1250-mia-iah,0.994730,holoclean_keep
1045,sched_arr_time,4:48 p.m.,0.906642,holoclean_keep
1045,sched_dep_time,2:53 p.m.,0.950495,holoclean_keep
1046,act_arr_time,8:45 a.m.,0.362403,holoclean_keep
1046,act_dep_time,7:41 a.m.,0.381094,holoclean_keep
1046,flight,ua-6273-yyc-sfo,0.918518,holoclean_keep
1046,sched_arr_time,not available,0.862056,holoclean_keep
1046,sched_dep_time,not available,0.926455,holoclean_keep
1047,act_arr_time,8:02 a.m.,0.362403,holoclean_keep
1047,act_dep_time,1:50 p.m.,0.345460,holoclean_keep
1047,flight,ua-858-pvg-sfo,0.902773,holoclean_keep
1047,sched_arr_time,not available,0.866017,holoclean_keep
1047,sched_dep_time,not available,0.947392,holoclean_keep
1048,act_arr_time,contact airline,0.648786,holoclean_keep
1048,act_dep_time,contact airline,0.711235,holoclean_keep
1048,flight,ua-2704-dtw-phx,0.842997,holoclean_keep
1048,sched_arr_time,1:40 p.m.,0.573407,holoclean_keep
1048,sched_dep_time,11:15 a.m.,0.705515,holoclean_keep
1049,act_arr_time,9:19 p.m.*,0.648786,holoclean_keep
1049,act_dep_time,8:30 p.m.,0.786986,holoclean_keep
1049,flight,aa-3063-slc-lax,0.993800,holoclean_keep
1049,sched_arr_time,9:20 p.m.,0.944802,holoclean_keep
1049,sched_dep_time,8:20 p.m.,0.957247,holoclean_keep
1050,act_arr_time,contact airline,0.648786,holoclean_keep
1050,act_dep_time,contact airline,0.711235,holoclean_keep
1050,flight,ua-2708-ewr-clt,0.646799,holoclean_keep
1050,sched_arr_time,4:53 p.m.,0.437700,holoclean_keep
1050,sched_dep_time,2:55 p.m.,0.793408,holoclean_keep
1051,act_arr_time,contact airline,0.711235,holoclean_keep
1051,act_dep_time,contact airline,0.786986,holoclean_keep
1051,flight,ua-62-iah-ewr,0.539630,holoclean_keep
1051,sched_arr_time,7:03 p.m.,0.585430,holoclean_keep
1051,sched_dep_time,2:30 p.m.,0.850465,holoclean_keep
1052,act_arr_time,3:43 p.m.,0.880797,holoclean_keep
1052,act_dep_time,2:32 p.m.,0.880797,holoclean_keep
1052,flight,aa-3804-phl-ord,0.994346,holoclean_keep
1052,sched_arr_time,4:05 p.m.,0.992288,holoclean_keep
1052,sched_dep_time,2:35 p.m.,0.978331,holoclean_keep
1053,act_arr_time,5:43 p.m.,0.711235,holoclean_keep
1053,act_dep_time,3:00 p.m.,0.786986,holoclean_keep
1053,flight,aa-1917-jfk-mco,0.992890,holoclean_keep
1053,sched_arr_time,5:55 p.m.,0.946003,holoclean_keep
1053,sched_dep_time,2:55 p.m.,0.977701,holoclean_keep
1054,act_arr_time,11:06 a.m.,0.596418,holoclean_keep
1054,act_dep_time,7:10 a.m.,0.551873,holoclean_keep
1054,flight,aa-2268-phx-ord,0.929173,holoclean_keep
1054,sched_arr_time,11:35 a.m.,0.851635,holoclean_keep
1054,sched_dep_time,7:15 a.m.,0.951248,holoclean_keep
1055,act_arr_time,contact airline,0.596418,holoclean_keep
1055,act_dep_time,contact airline,0.711235,holoclean_keep
1055,flight,ua-2314-atl-phl,0.657918,holoclean_keep
1055,sched_arr_time,5:00 p.m.,0.470660,holoclean_keep
1055,sched_dep_time,2:55 p.m.,0.816260,holoclean_keep
1056,act_arr_time,1:43 p.m.,0.786986,holoclean_keep
1056,act_dep_time,12:01 p.m.,0.786986,holoclean_keep
1056,flight,aa-4277-cvg-jfk,0.994655,holoclean_keep
1056,sched_arr_time,2:15 p.m.,0.992812,holoclean_keep
1056,sched_dep_time,12:10 p.m.,0.978030,holoclean_keep
1057,act_arr_time,contact airline,0.711235,holoclean_keep
1057,act_dep_time,contact airline,0.711235,holoclean_keep
1057,flight,ua-37-edi-ewr,0.675743,holoclean_keep
1057,sched_arr_time,11:53 a.m.,0.494795,holoclean_keep
1057,sched_dep_time,9:05 a.m.,0.600047,holoclean_keep
1058,act_arr_time,3:13 p.m.,0.513519,holoclean_keep
1058,act_dep_time,1:06 p.m.,0.513519,holoclean_keep
1058,flight,aa-789-ord-den,0.984049,holoclean_keep
1058,sched_arr_time,2:35 p.m.,0.974518,holoclean_keep
1058,sched_dep_time,1:05 p.m.,0.963130,holoclean_keep
1059,act_arr_time,1:30 p.m.,0.381094,holoclean_keep
1059,act_dep_time,8:07 a.m.,0.381094,holoclean_keep
1059,flight,ua-854-sfo-iah,0.903871,holoclean_keep
1059,sched_arr_time,not available,0.832613,holoclean_keep
1059,sched_dep_time,not available,0.896266,holoclean_keep
1060,act_arr_time,10:16 a.m.,0.711235,holoclean_keep
1060,act_dep_time,8:32 a.m.,0.711235,holoclean_keep
1060,flight,aa-415-bos-ord,0.994453,holoclean_keep
1060,sched_arr_time,10:40 a.m.,0.905823,holoclean_keep
1060,sched_dep_time,8:35 a.m.,0.984673,holoclean_keep
1061,act_arr_time,6:43 p.m.,0.711235,holoclean_keep
1061,act_dep_time,3:09 p.m.,0.711235,holoclean_keep
1061,flight,aa-85-jfk-sfo,0.998972,holoclean_keep
1061,sched_arr_time,6:30 p.m.,0.992096,holoclean_keep
1061,sched_dep_time,3:05 p.m.,0.995878,holoclean_keep
1062,act_arr_time,6:15 p.m.,0.648786,holoclean_keep
1062,act_dep_time,3:52 p.m.,0.711235,holoclean_keep
1062,flight,aa-3786-iah-ord,0.984498,holoclean_keep
1062,sched_arr_time,6:40 p.m.,0.931960,holoclean_keep
1062,sched_dep_time,4:00 p.m.,0.985517,holoclean_keep
1063,act_arr_time,5:26 p.m.,0.880797,holoclean_keep
1063,act_dep_time,3:31 p.m.,0.880797,holoclean_keep
1063,flight,co-50-cle-ewr,0.990816,holoclean_keep
1063,sched_arr_time,4:49 p.m.,0.887908,holoclean_keep
1063,sched_dep_time,2:55 p.m.,0.947203,holoclean_keep
1064,act_arr_time,contact airline,0.596418,holoclean_keep
1064,act_dep_time,contact airline,0.711235,holoclean_keep
1064,flight,ua-3099-phx-phl,0.850563,holoclean_keep
1064,sched_arr_time,6:17 p.m.,0.693265,holoclean_keep
1064,sched_dep_time,11:55 a.m.,0.879053,holoclean_keep
1065,act_arr_time,12:50 p.m.,0.648786,holoclean_keep
1065,act_dep_time,10:35 a.m.,0.711235,holoclean_keep
1065,flight,aa-4198-ord-cle,0.966411,holoclean_keep
1065,sched_arr_time,12:55 p.m.,0.931139,holoclean_keep
1065,sched_dep_time,10:40 a.m.,0.994930,holoclean_keep
1066,act_arr_time,3:14 p.m.,0.648786,holoclean_keep
1066,act_dep_time,7:05 a.m.,0.648786,holoclean_keep
1066,flight,aa-222-lax-bos,0.966289,holoclean_keep
1066,sched_arr_time,3:30 p.m.,0.893016,holoclean_keep
1066,sched_dep_time,7:10 a.m.,0.979517,holoclean_keep
1067,act_arr_time,7:40 a.m.,0.596418,holoclean_keep
1067,act_dep_time,6:41 a.m.,0.711235,holoclean_keep
1067,flight,aa-404-mia-mco,0.994174,holoclean_keep
1067,sched_arr_time,7:45 a.m.,0.969611,holoclean_keep
1067,sched_dep_time,6:45 a.m.,0.995680,holoclean_keep
1068,act_arr_time,6:36 p.m.,0.786986,holoclean_keep
1068,act_dep_time,3:58 p.m.,0.648786,holoclean_keep
1068,flight,co-45-ewr-mia,0.971628,holoclean_keep
1068,sched_arr_time,7:05 p.m.,0.922316,holoclean_keep
1069,act_arr_time,6:19 a.m.,0.551873,holoclean_keep
1069,act_dep_time,5:56 a.m.,0.711235,holoclean_keep
1069,flight,aa-3809-phx-lax,0.956436,holoclean_keep
1069,sched_arr_time,6:40 a.m.,0.877982,holoclean_keep
1069,sched_dep_time,6:00 a.m.,0.996488,holoclean_keep
1070,act_arr_time,11:12 a.m.,0.648786,holoclean_keep
1070,act_dep_time,7:14 a.m.,0.711235,holoclean_keep
1070,flight,aa-59-jfk-sfo,0.989534,holoclean_keep
1070,sched_arr_time,10:45 a.m.,0.899062,holoclean_keep
1070,sched_dep_time,7:10 a.m.,0.995709,holoclean_keep
1071,act_arr_time,9:22 a.m.,0.786986,holoclean_keep
1071,act_dep_time,7:16 a.m.,0.786986,holoclean_keep
1071,flight,aa-3859-iah-ord,0.991767,holoclean_keep
1071,sched_arr_time,9:40 a.m.,0.822410,holoclean_keep
1071,sched_dep_time,7:10 a.m.,0.995958,holoclean_keep
1072,act_arr_time,10:29 p.m.,0.596418,holoclean_keep
1072,act_dep_time,7:42 p.m.,0.786986,holoclean_keep
1072,flight,co-1586-iah-mco,0.950889,holoclean_keep
1072,sched_arr_time,10:15 p.m.,0.534450,holoclean
1072,sched_dep_time,7:00 p.m.,0.376456,holoclean
1073,act_arr_time,9:28 a.m.,0.596418,holoclean_keep
1073,act_dep_time,6:54 a.m.,0.711235,holoclean_keep
1073,flight,aa-518-mia-jfk,0.999227,holoclean_keep
1073,sched_arr_time,9:25 a.m.,0.981029,holoclean_keep
1073,sched_dep_time,6:40 a.m.,0.990134,holoclean_keep
1074,act_arr_time,11:58 a.m.,0.648786,holoclean_keep
1074,act_dep_time,8:49 a.m.,0.648786,holoclean_keep
1074,flight,ua-397-jfk-sfo,0.994715,holoclean_keep
1074,sched_arr_time,11:55 a.m.,0.981726,holoclean_keep
1074,sched_dep_time,8:00 a.m.,0.986791,holoclean_keep
1075,act_arr_time,9:43 a.m.,0.551873,holoclean_keep
1075,act_dep_time,9:01 a.m.,0.711235,holoclean_keep
1075,flight,ua-3925-iad-orf,0.957870,holoclean_keep
1075,sched_arr_time,9:54 a.m.,0.377388,holoclean
1075,sched_dep_time,8:41 a.m.,0.535321,holoclean
1076,act_arr_time,10:28 p.m.,0.200000,holoclean
1076,act_dep_time,7:59 p.m.,0.786986,holoclean_keep
1076,flight,aa-1733-ord-phx,0.981296,holoclean_keep
1076,sched_arr_time,10:30 p.m.,0.947590,holoclean_keep
1076,sched_dep_time,7:45 p.m.,0.994155,holoclean_keep
1077,act_arr_time,3:16 p.m.,0.648786,holoclean_keep
1077,act_dep_time,12:12 p.m.,0.711235,holoclean_keep
1077,flight,aa-3-jfk-lax,0.992897,holoclean_keep
1077,sched_arr_time,3:15 p.m.,0.949684,holoclean_keep
1077,sched_dep_time,12:00 p.m.,0.989201,holoclean_keep
1078,act_arr_time,5:17 p.m.,0.786986,holoclean_keep
1078,act_dep_time,3:50 p.m.,0.711235,holoclean_keep
1078,flight,ua-2830-mco-clt,0.995149,holoclean_keep
1078,sched_arr_time,5:05 p.m.,0.961179,holoclean_keep
1078,sched_dep_time,3:27 p.m.,0.976695,holoclean_keep
1079,act_arr_time,3:31 p.m.,0.880797,holoclean_keep
1079,act_dep_time,12:37 p.m.,0.786986,holoclean_keep
1079,flight,co-58-den-iah,0.952877,holoclean_keep
1079,sched_arr_time,2:50 p.m.,0.393609,holoclean
1079,sched_dep_time,11:25 a.m.,0.777439,holoclean
1080,act_arr_time,11:21 a.m.,0.711235,holoclean_keep
1080,act_dep_time,10:53 a.m.,0.880797,holoclean_keep
1080,flight,ua-5487-sfo-mry,0.959349,holoclean_keep
1080,sched_arr_time,11:19 a.m.,0.528209,holoclean
1080,sched_dep_time,10:39 a.m.,0.514396,holoclean
1081,act_arr_time,12/2/11 6:35 a.m.,0.142857,holoclean
1081,act_dep_time,11:29 p.m.,0.200000,holoclean
1081,flight,aa-204-lax-mco,0.939615,holoclean_keep
1081,sched_arr_time,6:55 a.m. dec 02,0.558265,holoclean_keep
1081,sched_dep_time,11:25 p.m.,0.957081,holoclean_keep
1082,act_arr_time,7:17 a.m.,0.596418,holoclean_keep
1082,act_dep_time,6:10 a.m.,0.711235,holoclean_keep
1082,flight,ua-414-lax-sfo,0.977072,holoclean_keep
1082,sched_arr_time,7:23 a.m.,0.309104,holoclean
1082,sched_dep_time,6:00 a.m.,0.468706,holoclean
1083,act_arr_time,5:26 a.m.,0.711235,holoclean_keep
1083,act_dep_time,12:58 a.m.,0.711235,holoclean_keep
1083,flight,co-1614-lax-iah,0.952724,holoclean_keep
1083,sched_arr_time,5:35 a.m.,0.746010,holoclean
1083,sched_dep_time,12:30 a.m.,0.748396,holoclean
1084,act_arr_time,6:25 p.m.,0.711235,holoclean_keep
1084,act_dep_time,4:10 p.m.,0.711235,holoclean_keep
1084,flight,ua-2726-fll-phl,0.993390,holoclean_keep
1084,sched_arr_time,6:46 p.m.,0.908152,holoclean_keep
1084,sched_dep_time,4:00 p.m.,0.972661,holoclean_keep
1085,act_arr_time,9:09 a.m.,0.786986,holoclean_keep
1085,act_dep_time,7:56 a.m.,0.786986,holoclean_keep
1085,flight,co-52-iah-lax,0.987381,holoclean_keep
1085,sched_arr_time,9:21 a.m.,0.334286,holoclean
1085,sched_dep_time,7:35 a.m.,0.556225,holoclean
1086,act_arr_time,1:19 p.m.,0.786986,holoclean_keep
1086,act_dep_time,10:35 a.m.,0.711235,holoclean_keep
1086,flight,co-1090-bos-iah,0.976818,holoclean_keep
1086,sched_arr_time,1:16 p.m.,0.820040,holoclean
1086,sched_dep_time,9:45 a.m.,0.586235,holoclean
1087,act_arr_time,1:18 p.m.,0.711235,holoclean_keep
1087,act_dep_time,10:11 a.m.,0.711235,holoclean_keep
1087,flight,aa-616-dfw-dtw,0.998593,holoclean_keep
1087,sched_arr_time,12:35 p.m.,0.980946,holoclean_keep
1087,sched_dep_time,9:05 a.m.,0.995948,holoclean_keep
1088,act_arr_time,9:56 a.m.,0.711235,holoclean_keep
1088,act_dep_time,8:26 a.m.,0.648786,holoclean_keep
1088,flight,ua-3515-iad-msp,0.963677,holoclean_keep
1088,sched_arr_time,10:06 a.m.,0.274200,holoclean
1088,sched_dep_time,8:15 a.m.,0.274230,holoclean
1089,act_arr_time,9:45 a.m.,0.711235,holoclean_keep
1089,act_dep_time,7:25 a.m.,0.648786,holoclean_keep
1089,flight,aa-3468-cvg-mia,0.998425,holoclean_keep
1089,sched_arr_time,9:55 a.m.,0.956961,holoclean_keep
1089,sched_dep_time,7:00 a.m.,0.988867,holoclean_keep
1090,act_arr_time,7:39 p.m.,0.648786,holoclean_keep
1090,act_dep_time,4:30 p.m.,0.786986,holoclean_keep
1090,flight,aa-484-dfw-mia,0.998966,holoclean_keep
1090,sched_arr_time,7:55 p.m.,0.969030,holoclean_keep
1090,sched_dep_time,4:15 p.m.,0.996657,holoclean_keep
1091,act_arr_time,1:40 p.m.,0.648786,holoclean_keep
1091,act_dep_time,10:55 a.m.,0.648786,holoclean_keep
1091,flight,aa-1886-bos-mia,0.949899,holoclean_keep
1091,sched_arr_time,2:20 p.m.,0.377035,holoclean
1091,sched_dep_time,10:45 a.m.,0.337306,holoclean
1092,act_arr_time,7:10 p.m.,0.880797,holoclean_keep
1092,act_dep_time,2:59 p.m.,0.880797,holoclean_keep
1092,flight,co-62-iah-ewr,0.880470,holoclean_keep
1092,sched_arr_time,7:03 p.m.,0.426572,holoclean
1092,sched_dep_time,2:30 p.m.,0.429151,holoclean
1093,act_arr_time,11:32 a.m.,0.711235,holoclean_keep
1093,act_dep_time,8:18 a.m.,0.711235,holoclean_keep
1093,flight,co-1561-phx-iah,0.954257,holoclean_keep
1093,sched_arr_time,11:35 a.m.,0.749858,holoclean
1093,sched_dep_time,8:05 a.m.,0.753111,holoclean
1094,act_arr_time,5:00 p.m.,0.551873,holoclean_keep
1094,act_dep_time,3:04 p.m.,0.648786,holoclean_keep
1094,flight,ua-2314-atl-phl,0.897183,holoclean_keep
1094,sched_arr_time,5:00 p.m.,0.266468,holoclean
1094,sched_dep_time,2:55 p.m.,0.295056,holoclean
1095,act_arr_time,4:09 p.m.,0.551873,holoclean_keep
1095,act_dep_time,12:13 p.m.,0.551873,holoclean_keep
1095,flight,aa-446-dfw-phl,0.989312,holoclean_keep
1095,sched_arr_time,3:50 p.m.,0.978832,holoclean_keep
1095,sched_dep_time,11:50 a.m.,0.948339,holoclean_keep
1096,act_arr_time,1:14 p.m.,0.711235,holoclean_keep
1096,act_dep_time,12:06 p.m.,0.648786,holoclean_keep
1096,flight,co-1023-iah-den,0.982207,holoclean_keep
1096,sched_arr_time,1:17 p.m.,0.520708,holoclean
1096,sched_dep_time,11:40 a.m.,0.528189,holoclean
1097,act_arr_time,9:05 a.m.,0.551873,holoclean_keep
1097,act_dep_time,6:09 a.m.,0.711235,holoclean_keep
1097,flight,aa-466-iah-mia,0.985895,holoclean_keep
1097,sched_arr_time,9:20 a.m.,0.858284,holoclean_keep
1097,sched_dep_time,6:00 a.m.,0.989540,holoclean_keep
1098,act_arr_time,5:03 p.m.,0.648786,holoclean_keep
1098,act_dep_time,11:45 a.m.,0.711235,holoclean_keep
1098,flight,ua-3050-phx-clt,0.994726,holoclean_keep
1098,sched_arr_time,4:57 p.m.,0.989908,holoclean_keep
1098,sched_dep_time,11:05 a.m.,0.994922,holoclean_keep
1099,act_arr_time,10:27 a.m.,0.786986,holoclean_keep
1099,act_dep_time,6:17 a.m.,0.786986,holoclean_keep
1099,flight,co-89-iah-ewr,0.954007,holoclean_keep
1099,sched_arr_time,10:20 a.m.,0.786144,holoclean
1099,sched_dep_time,6:00 a.m.,0.790971,holoclean
1100,act_arr_time,10:56 a.m.,0.596418,holoclean_keep
1100,act_dep_time,9:01 a.m.,0.786986,holoclean_keep
1100,flight,co-1088-cle-iah,0.974120,holoclean_keep
1100,sched_arr_time,10:54 a.m.,0.757840,holoclean
1100,sched_dep_time,8:40 a.m.,0.762908,holoclean
1101,act_arr_time,11:50 a.m.,0.711235,holoclean_keep
1101,act_dep_time,10:19 a.m.,0.711235,holoclean_keep
1101,flight,aa-1664-mia-atl,0.998361,holoclean_keep
1101,sched_arr_time,12:10 p.m.,0.968779,holoclean_keep
1101,sched_dep_time,10:15 a.m.,0.988529,holoclean_keep
1102,act_arr_time,3:19 p.m.,0.480150,holoclean_keep
1102,act_dep_time,2:04 p.m.,0.513519,holoclean_keep
1102,flight,aa-1279-dfw-phx,0.987985,holoclean_keep
1102,sched_arr_time,2:35 p.m.,0.990776,holoclean_keep
1102,sched_dep_time,1:00 p.m.,0.968593,holoclean_keep
1103,act_arr_time,1:30 p.m.,0.786986,holoclean_keep
1103,act_dep_time,8:07 a.m.,0.786986,holoclean_keep
1103,flight,ua-854-sfo-iah,0.958679,holoclean_keep
1103,sched_arr_time,1:39 p.m.,0.679486,holoclean
1103,sched_dep_time,7:53 a.m.,0.459988,holoclean
1104,act_arr_time,3:21 p.m.,0.711235,holoclean_keep
1104,act_dep_time,12:56 p.m.,0.648786,holoclean_keep
1104,flight,ua-382-iad-lax,0.956661,holoclean_keep
1104,sched_arr_time,3:19 p.m.,0.410494,holoclean
1104,sched_dep_time,12:30 p.m.,0.681922,holoclean
1105,act_arr_time,2:01 p.m.,0.786986,holoclean_keep
1105,act_dep_time,12:14 p.m.,0.711235,holoclean_keep
1105,flight,aa-4344-ord-dtw,0.956084,holoclean_keep
1105,sched_arr_time,2:00 p.m.,0.256229,holoclean
1105,sched_dep_time,11:45 a.m.,0.603346,holoclean
1106,act_arr_time,5:42 p.m.,0.648786,holoclean_keep
1106,act_dep_time,2:43 p.m.,0.648786,holoclean_keep
1106,flight,ua-257-jfk-sfo,0.991625,holoclean_keep
1106,sched_arr_time,6:15 p.m.,0.953334,holoclean_keep
1106,sched_dep_time,2:30 p.m.,0.972557,holoclean_keep
1107,act_arr_time,1:14 p.m.,0.648786,holoclean_keep
1107,act_dep_time,12:08 p.m.,0.480150,holoclean_keep
1107,flight,ua-2945-phl-clt,0.984379,holoclean_keep
1107,sched_arr_time,1:45 p.m.,0.920348,holoclean_keep
1107,sched_dep_time,12:00 p.m.,0.967038,holoclean_keep
1108,act_arr_time,8:03 p.m.,0.711235,holoclean_keep
1108,act_dep_time,5:38 p.m.,0.880797,holoclean_keep
1108,flight,co-63-ewr-iah,0.985239,holoclean_keep
1108,sched_arr_time,8:22 p.m.,0.682993,holoclean
1108,sched_dep_time,5:25 p.m.,0.405226,holoclean
1109,act_arr_time,9:38 p.m.,0.648786,holoclean_keep
1109,act_dep_time,8:36 p.m.,0.786986,holoclean_keep
1109,flight,co-47-iah-lax,0.954600,holoclean_keep
1109,sched_arr_time,8:56 p.m.,0.424478,holoclean
1109,sched_dep_time,7:10 p.m.,0.675108,holoclean
1110,act_arr_time,2:46 p.m.,0.551873,holoclean_keep
1110,act_dep_time,11:06 a.m.,0.551873,holoclean_keep
1110,flight,aa-2050-ord-mia,0.985023,holoclean_keep
1110,sched_arr_time,2:45 p.m.,0.927249,holoclean_keep
1110,sched_dep_time,10:40 a.m.,0.976645,holoclean_keep
1111,act_arr_time,5:34 p.m.,0.880797,holoclean_keep
1111,act_dep_time,1:43 p.m.,0.648786,holoclean_keep
1111,flight,ua-248-phx-ord,0.963078,holoclean_keep
1111,sched_arr_time,5:15 p.m.,0.256813,holoclean
1111,sched_dep_time,12:57 p.m.,0.311292,holoclean
1112,act_arr_time,3:25 p.m.,0.648786,holoclean_keep
1112,act_dep_time,3:36 p.m.,0.786986,holoclean_keep
1112,flight,aa-4330-cvg-ord,0.955024,holoclean_keep
1112,sched_arr_time,4:00 p.m.,0.390506,holoclean
1112,sched_dep_time,3:35 p.m.,0.800185,holoclean
1113,act_arr_time,10:29 a.m.,0.480150,holoclean_keep
1113,act_dep_time,7:22 a.m.,0.711235,holoclean_keep
1113,flight,aa-1434-dfw-mco,0.980219,holoclean_keep
1113,sched_arr_time,10:35 a.m.,0.829496,holoclean_keep
1113,sched_dep_time,7:15 a.m.,0.984078,holoclean_keep
1114,act_arr_time,7:25 p.m.,0.200000,holoclean
1114,act_dep_time,6:47 p.m.,0.250000,holoclean
1114,flight,aa-1640-mia-mco,0.940369,holoclean_keep
1114,sched_arr_time,7:25 p.m.,0.941011,holoclean_keep
1114,sched_dep_time,6:30 p.m.,0.958796,holoclean_keep
1115,act_arr_time,8:43 p.m.,0.648786,holoclean_keep
1115,act_dep_time,6:56 p.m.,0.711235,holoclean_keep
1115,flight,aa-4307-ord-dtw,0.996929,holoclean_keep
1115,sched_arr_time,9:10 p.m.,0.965975,holoclean_keep
1115,sched_dep_time,6:45 p.m.,0.983971,holoclean_keep
1116,act_arr_time,12:02 a.m.,0.200000,holoclean
1116,act_dep_time,7:15 p.m.,0.200000,holoclean
1116,flight,co-1694-lax-iah,0.941584,holoclean_keep
1116,sched_arr_time,12:21 a.m. dec 02,0.615225,holoclean_keep
1117,act_arr_time,7:58 p.m.,0.786986,holoclean_keep
1117,act_dep_time,2:38 p.m.,0.711235,holoclean_keep
1117,flight,ua-843-lax-ord,0.956593,holoclean_keep
1117,sched_arr_time,7:53 p.m.,0.478788,holoclean
1117,sched_dep_time,1:55 p.m.,0.329483,holoclean
1118,act_arr_time,12:09 p.m.,0.786986,holoclean_keep
1118,act_dep_time,9:58 a.m.,0.513519,holoclean_keep
1118,flight,co-1193-ewr-mco,0.997354,holoclean_keep
1118,sched_arr_time,12:18 p.m.,0.956675,holoclean_keep
1118,sched_dep_time,9:15 a.m.,0.985519,holoclean_keep
1119,act_arr_time,7:51 a.m.,0.648786,holoclean_keep
1119,act_dep_time,6:57 a.m.,0.711235,holoclean_keep
1119,flight,aa-3842-msp-ord,0.971879,holoclean_keep
1119,sched_arr_time,7:30 a.m.,0.847198,holoclean_keep
1119,sched_dep_time,6:00 a.m.,0.989625,holoclean_keep
1120,act_arr_time,9:29 a.m.,0.551873,holoclean_keep
1120,act_dep_time,7:31 a.m.,0.596418,holoclean_keep
1120,flight,aa-643-mia-ord,0.919620,holoclean_keep
1120,sched_arr_time,9:35 a.m.,0.752318,holoclean_keep
1120,sched_dep_time,7:10 a.m.,0.985994,holoclean_keep
1121,act_arr_time,7:53 p.m.,0.786986,holoclean_keep
1121,act_dep_time,5:09 p.m.,0.711235,holoclean_keep
1121,flight,aa-1007-mia-phx,0.982141,holoclean_keep
1121,sched_arr_time,8:05 p.m.,0.568898,holoclean
1121,sched_dep_time,4:55 p.m.,0.276025,holoclean
1122,act_arr_time,6:35 p.m.,0.596418,holoclean_keep
1122,act_dep_time,4:46 p.m.,0.596418,holoclean_keep
1122,flight,ua-2906-phl-mco,0.994469,holoclean_keep
1122,sched_arr_time,6:23 p.m.,0.993019,holoclean_keep
1122,sched_dep_time,3:50 p.m.,0.979080,holoclean_keep
1123,act_arr_time,7:36 p.m.,0.786986,holoclean_keep
1123,act_dep_time,4:37 p.m.,0.786986,holoclean_keep
1123,flight,ua-938-den-ord,0.957378,holoclean_keep
1123,sched_arr_time,7:35 p.m.,0.691779,holoclean
1123,sched_dep_time,4:16 p.m.,0.695644,holoclean
1124,act_arr_time,9:49 p.m.,0.786986,holoclean_keep
1124,act_dep_time,8:23 p.m.,0.880797,holoclean_keep
1124,flight,aa-1221-mco-ord,0.994711,holoclean_keep
1124,sched_arr_time,9:45 p.m.,0.980721,holoclean_keep
1124,sched_dep_time,8:00 p.m.,0.990985,holoclean_keep
1125,act_arr_time,6:34 p.m.,0.880797,holoclean_keep
1125,act_dep_time,10:37 a.m.,0.711235,holoclean_keep
1125,flight,co-16-lax-ewr,0.989776,holoclean_keep
1125,sched_arr_time,6:44 p.m.,0.794259,holoclean
1125,sched_dep_time,10:25 a.m.,0.623781,holoclean
1126,act_arr_time,10:45 a.m.,0.480150,holoclean_keep
1126,act_dep_time,7:31 a.m.,0.596418,holoclean_keep
1126,flight,ua-2515-dfw-clt,0.937343,holoclean_keep
1126,sched_arr_time,10:31 a.m.,0.253248,holoclean
1126,sched_dep_time,7:05 a.m.,0.419302,holoclean
1127,act_arr_time,3:04 p.m.,0.711235,holoclean_keep
1127,act_dep_time,11:02 a.m.,0.648786,holoclean_keep
1127,flight,aa-400-dfw-jfk,0.985923,holoclean_keep
1127,sched_arr_time,2:59 p.m.,0.858536,holoclean_keep
1127,sched_dep_time,10:40 a.m.,0.983339,holoclean_keep
1128,act_arr_time,4:23 p.m.,0.648786,holoclean_keep
1128,act_dep_time,1:48 p.m.,0.711235,holoclean_keep
1128,flight,ua-664-ord-phl,0.995935,holoclean_keep
1128,sched_arr_time,4:31 p.m.,0.951115,holoclean_keep
1128,sched_dep_time,1:33 p.m.,0.983455,holoclean_keep
1129,act_arr_time,2:52 p.m.,0.596418,holoclean_keep
1129,act_dep_time,12:42 p.m.,0.513519,holoclean_keep
1129,flight,aa-3756-ord-slc,0.993422,holoclean_keep
1129,sched_arr_time,2:45 p.m.,0.974942,holoclean_keep
1129,sched_dep_time,12:15 p.m.,0.976878,holoclean_keep
1130,act_arr_time,4:17 p.m.,0.786986,holoclean_keep
1130,act_dep_time,2:01 p.m.,0.711235,holoclean_keep
1130,flight,ua-37-ewr-mco,0.953539,holoclean_keep
1130,sched_arr_time,4:17 p.m.,0.731147,holoclean
1130,sched_dep_time,1:29 p.m.,0.413016,holoclean
1131,act_arr_time,5:42 a.m. (estimated runway),0.250000,holoclean
1131,act_dep_time,12:10 a.m. (estimated runway),0.333333,holoclean
1131,flight,aa-1522-sfo-ord,0.941304,holoclean_keep
1131,sched_arr_time,5:50 a.m. dec 02,0.572926,holoclean_keep
1131,sched_dep_time,11:55 p.m.,0.993564,holoclean_keep
1132,act_arr_time,11:56 p.m.,0.166667,holoclean
1132,act_dep_time,4:25 p.m.,0.166667,holoclean
1132,flight,ua-233-lax-jfk,0.936524,holoclean_keep
1132,sched_arr_time,12:29 a.m. dec 02,0.623509,holoclean_keep
1132,sched_dep_time,4:25 p.m.,0.961086,holoclean_keep
1133,act_arr_time,11:49 p.m.,0.200000,holoclean
1133,act_dep_time,9:06 p.m.,0.250000,holoclean
1133,flight,aa-3823-lax-den,0.936077,holoclean_keep
1133,sched_arr_time,12:15 a.m. dec 02,0.579806,holoclean_keep
1133,sched_dep_time,9:00 p.m.,0.957705,holoclean_keep
1134,act_arr_time,11:35 p.m.,0.250000,holoclean
1134,act_dep_time,8:29 p.m.,0.250000,holoclean
1134,flight,aa-2312-dfw-dtw,0.943037,holoclean_keep
1134,sched_arr_time,11:50 p.m.,0.970411,holoclean_keep
1134,sched_dep_time,8:25 p.m.,0.961086,holoclean_keep
1135,act_arr_time,10:04 a.m.,0.513519,holoclean_keep
1135,act_dep_time,7:23 a.m.,0.711235,holoclean_keep
1135,flight,aa-1165-jfk-mia,0.997193,holoclean_keep
1135,sched_arr_time,10:34 a.m.,0.934713,holoclean_keep
1135,sched_dep_time,6:59 a.m.,0.988060,holoclean_keep
1136,act_arr_time,11:44 a.m.,0.596418,holoclean_keep
1136,act_dep_time,8:52 a.m.,0.711235,holoclean_keep
1136,flight,aa-431-mia-sfo,0.995319,holoclean_keep
1136,sched_arr_time,11:50 a.m.,0.951591,holoclean_keep
1136,sched_dep_time,8:35 a.m.,0.988683,holoclean_keep
1137,act_arr_time,9:13 a.m.,0.880797,holoclean_keep
1137,act_dep_time,8:37 a.m.,0.786986,holoclean_keep
1137,flight,ua-3373-iad-phl,0.957029,holoclean_keep
1137,sched_arr_time,9:24 a.m.,0.691850,holoclean
1137,sched_dep_time,8:29 a.m.,0.676202,holoclean
1138,act_arr_time,3:26 p.m.,0.166667,holoclean
1138,act_dep_time,11:54 a.m.,0.111111,holoclean
1138,flight,aa-649-ord-sna,0.950189,holoclean_keep
1138,sched_arr_time,3:50 p.m.,0.973522,holoclean_keep
1138,sched_dep_time,1:30 p.m.,0.945833,holoclean_keep
1139,act_arr_time,4:59 p.m.,0.880797,holoclean_keep
1139,act_dep_time,3:17 p.m.,0.880797,holoclean_keep
1139,flight,co-1250-mia-iah,0.952113,holoclean_keep
1139,sched_arr_time,4:48 p.m.,0.431073,holoclean
1139,sched_dep_time,2:53 p.m.,0.423987,holoclean
1140,act_arr_time,8:45 a.m.,0.711235,holoclean_keep
1140,act_dep_time,7:41 a.m.,0.786986,holoclean_keep
1140,flight,ua-6273-yyc-sfo,0.959123,holoclean_keep
1140,sched_arr_time,not available,0.371603,holoclean
1140,sched_dep_time,7:35 a.m.,0.364635,holoclean
1141,act_arr_time,5:21 a.m.,0.333333,holoclean
1141,act_dep_time,11/30/2011 11:34 p.m.,0.333333,holoclean
1141,flight,ua-828-sfo-ord,0.945932,holoclean_keep
1141,sched_arr_time,5:11 a.m.dec 02,0.664107,holoclean_keep
1141,sched_dep_time,11:08 p.m.,0.995557,holoclean_keep
1142,act_arr_time,6:09 p.m.,0.166667,holoclean
1142,act_dep_time,3:52 p.m.,0.166667,holoclean
1142,flight,co-4888-iah-dal,0.967731,holoclean_keep
1142,sched_arr_time,6:40 p.m.,0.915688,holoclean_keep
1142,sched_dep_time,5:30 p.m.,0.977868,holoclean_keep
1143,act_arr_time,8:02 a.m.,0.711235,holoclean_keep
1143,act_dep_time,1:45 p.m.,0.648786,holoclean_keep
1143,flight,ua-858-pvg-sfo,0.956978,holoclean_keep
1143,sched_arr_time,8:27 a.m.,0.389701,holoclean
1143,sched_dep_time,1:45 p.m.,0.598090,holoclean
1144,act_arr_time,2:02 p.m.,0.648786,holoclean_keep
1144,act_dep_time,11:47 a.m.,0.711235,holoclean_keep
1144,flight,ua-2704-dtw-phx,0.990442,holoclean_keep
1144,sched_arr_time,1:40 p.m.,0.628494,holoclean
1144,sched_dep_time,11:15 a.m.,0.441332,holoclean
1145,act_arr_time,9:11 p.m.,0.648786,holoclean_keep
1145,act_dep_time,8:40 p.m.,0.786986,holoclean_keep
1145,flight,aa-3063-slc-lax,0.952842,holoclean_keep
1145,sched_arr_time,9:20 p.m.,0.381950,holoclean
1145,sched_dep_time,8:20 p.m.,0.362458,holoclean
1146,act_arr_time,4:24 p.m.,0.551873,holoclean_keep
1146,act_dep_time,3:04 p.m.,0.711235,holoclean_keep
1146,flight,ua-2708-ewr-clt,0.972024,holoclean_keep
1146,sched_arr_time,4:53 p.m.,0.242266,holoclean
1146,sched_dep_time,2:55 p.m.,0.263294,holoclean
1147,act_arr_time,7:10 p.m.,0.786986,holoclean_keep
1147,act_dep_time,2:59 p.m.,0.786986,holoclean_keep
1147,flight,ua-62-iah-ewr,0.881123,holoclean_keep
1147,sched_arr_time,7:03 p.m.,0.418390,holoclean
1147,sched_dep_time,2:30 p.m.,0.419040,holoclean
1148,act_arr_time,12:12 p.m.,0.711235,holoclean_keep
1148,act_dep_time,9:43 a.m.,0.711235,holoclean_keep
1148,flight,ua-1500-iah-gua,0.958205,holoclean_keep
1148,sched_arr_time,11:45 a.m.,0.613095,holoclean
1148,sched_dep_time,8:55 a.m.,0.639097,holoclean
1149,act_arr_time,3:36 p.m.,0.880797,holoclean_keep
1149,act_dep_time,2:44 p.m.,0.880797,holoclean_keep
1149,flight,aa-3804-phl-ord,0.994975,holoclean_keep
1149,sched_arr_time,4:05 p.m.,0.982807,holoclean_keep
1149,sched_dep_time,2:35 p.m.,0.972742,holoclean_keep
1150,act_arr_time,5:34 p.m.,0.648786,holoclean_keep
1150,act_dep_time,3:28 p.m.,0.551873,holoclean_keep
1150,flight,aa-1917-jfk-mco,0.930857,holoclean_keep
1150,sched_arr_time,5:55 p.m.,0.800555,holoclean_keep
1150,sched_dep_time,2:55 p.m.,0.979032,holoclean_keep
1151,act_arr_time,11:07 a.m.,0.480150,holoclean_keep
1151,act_dep_time,7:23 a.m.,0.648786,holoclean_keep
1151,flight,aa-2268-phx-ord,0.977637,holoclean_keep
1151,sched_arr_time,11:35 a.m.,0.934868,holoclean_keep
1151,sched_dep_time,7:15 a.m.,0.975356,holoclean_keep
1152,act_arr_time,1:43 p.m.,0.711235,holoclean_keep
1152,act_dep_time,12:11 p.m.,0.786986,holoclean_keep
1152,flight,aa-4277-cvg-jfk,0.998001,holoclean_keep
1152,sched_arr_time,2:15 p.m.,0.980663,holoclean_keep
1152,sched_dep_time,12:10 p.m.,0.996651,holoclean_keep
1153,act_arr_time,11:00 a.m.,0.711235,holoclean_keep
1153,act_dep_time,8:05 a.m.,0.648786,holoclean_keep
1153,flight,aa-2957-dfw-cvg,0.998567,holoclean_keep
1153,sched_arr_time,11:05 a.m.,0.958189,holoclean_keep
1153,sched_dep_time,7:55 a.m.,0.989785,holoclean_keep
1154,act_arr_time,12:09 p.m.,0.786986,holoclean_keep
1154,act_dep_time,9:05 a.m.,0.551873,holoclean_keep
1154,flight,ua-37-edi-ewr,0.969320,holoclean_keep
1154,sched_arr_time,11:53 a.m.,0.430604,holoclean
1154,sched_dep_time,9:05 a.m.,0.248395,holoclean
1155,act_arr_time,3:01 p.m.,0.513519,holoclean_keep
1155,act_dep_time,1:20 p.m.,0.551873,holoclean_keep
1155,flight,aa-789-ord-den,0.993129,holoclean_keep
1155,sched_arr_time,2:35 p.m.,0.991018,holoclean_keep
1155,sched_dep_time,1:05 p.m.,0.969285,holoclean_keep
1156,act_arr_time,10:10 a.m.,0.711235,holoclean_keep
1156,act_dep_time,8:56 a.m.,0.711235,holoclean_keep
1156,flight,aa-415-bos-ord,0.954022,holoclean_keep
1156,sched_arr_time,10:40 a.m.,0.629261,holoclean
1156,sched_dep_time,8:35 a.m.,0.646785,holoclean
1157,act_arr_time,6:43 p.m.,0.711235,holoclean_keep
1157,act_dep_time,3:38 p.m.,0.711235,holoclean_keep
1157,flight,aa-85-jfk-sfo,0.999069,holoclean_keep
1157,sched_arr_time,6:30 p.m.,0.991379,holoclean_keep
1157,sched_dep_time,3:05 p.m.,0.995657,holoclean_keep
1158,act_arr_time,7:57 a.m.,0.596418,holoclean_keep
1158,act_dep_time,8:04 a.m.,0.786986,holoclean_keep
1158,flight,aa-3979-cvg-ord,0.998220,holoclean_keep
1158,sched_arr_time,8:00 a.m.,0.965985,holoclean_keep
1158,sched_dep_time,7:30 a.m.,0.989931,holoclean_keep
1159,act_arr_time,4:56 p.m.,0.786986,holoclean_keep
1159,act_dep_time,11:41 a.m.,0.711235,holoclean_keep
1159,flight,aa-1544-san-ord,0.957021,holoclean_keep
1159,sched_arr_time,5:25 p.m.,0.704640,holoclean
1159,sched_dep_time,11:25 a.m.,0.424134,holoclean
1160,act_arr_time,6:09 p.m.,0.648786,holoclean_keep
1160,act_dep_time,4:12 p.m.,0.711235,holoclean_keep
1160,flight,aa-3786-iah-ord,0.985895,holoclean_keep
1160,sched_arr_time,6:40 p.m.,0.925702,holoclean_keep
1160,sched_dep_time,4:00 p.m.,0.985082,holoclean_keep
1161,act_arr_time,2:27 p.m.,0.711235,holoclean_keep
1161,act_dep_time,11:52 a.m.,0.786986,holoclean_keep
1161,flight,aa-271-mia-lax,0.995105,holoclean_keep
1161,sched_arr_time,2:25 p.m.,0.991699,holoclean_keep
1161,sched_dep_time,11:35 a.m.,0.995611,holoclean_keep
1162,act_arr_time,11:06 a.m.,0.480150,holoclean_keep
1162,act_dep_time,7:40 a.m.,0.648786,holoclean_keep
1162,flight,aa-2525-dfw-mia,0.987475,holoclean_keep
1162,sched_arr_time,11:10 a.m.,0.894016,holoclean_keep
1162,sched_dep_time,7:25 a.m.,0.976642,holoclean_keep
1163,act_arr_time,5:26 p.m.,0.880797,holoclean_keep
1163,act_dep_time,4:02 p.m.,0.880797,holoclean_keep
1163,flight,co-50-cle-ewr,0.954171,holoclean_keep
1163,sched_arr_time,4:49 p.m.,0.413349,holoclean
1163,sched_dep_time,2:55 p.m.,0.409018,holoclean
1164,act_arr_time,6:17 p.m.,0.648786,holoclean_keep
1164,act_dep_time,11:55 a.m.,0.711235,holoclean_keep
1164,flight,ua-3099-phx-phl,0.994643,holoclean_keep
1164,sched_arr_time,6:17 p.m.,0.991476,holoclean_keep
1164,sched_dep_time,11:55 a.m.,0.996044,holoclean_keep
1165,act_arr_time,12:48 p.m.,0.596418,holoclean_keep
1165,act_dep_time,10:55 a.m.,0.711235,holoclean_keep
1165,flight,aa-4198-ord-cle,0.984049,holoclean_keep
1165,sched_arr_time,12:55 p.m.,0.919974,holoclean_keep
1165,sched_dep_time,10:40 a.m.,0.989863,holoclean_keep
1166,act_arr_time,7:32 a.m.,0.596418,holoclean_keep
1166,act_dep_time,6:58 a.m.,0.711235,holoclean_keep
1166,flight,aa-404-mia-mco,0.994152,holoclean_keep
1166,sched_arr_time,7:45 a.m.,0.966212,holoclean_keep
1166,sched_dep_time,6:45 a.m.,0.995388,holoclean_keep
1167,act_arr_time,6:36 p.m.,0.786986,holoclean_keep
1167,act_dep_time,4:15 p.m.,0.648786,holoclean_keep
1167,flight,co-45-ewr-mia,0.962661,holoclean_keep
1167,sched_arr_time,7:05 p.m.,0.908384,holoclean_keep
1168,act_arr_time,6:19 a.m.,0.596418,holoclean_keep
1168,act_dep_time,6:11 a.m.,0.711235,holoclean_keep
1168,flight,aa-3809-phx-lax,0.989013,holoclean_keep
1168,sched_arr_time,6:40 a.m.,0.890272,holoclean_keep
1168,sched_dep_time,6:00 a.m.,0.996473,holoclean_keep
1169,act_arr_time,11:12 a.m.,0.513519,holoclean_keep
1169,act_dep_time,7:40 a.m.,0.711235,holoclean_keep
1169,flight,aa-59-jfk-sfo,0.980218,holoclean_keep
1169,sched_arr_time,10:45 a.m.,0.870032,holoclean_keep
1169,sched_dep_time,7:10 a.m.,0.988991,holoclean_keep
1170,act_arr_time,3:14 p.m.,0.711235,holoclean_keep
1170,act_dep_time,7:32 a.m.,0.648786,holoclean_keep
1170,flight,aa-222-lax-bos,0.987309,holoclean_keep
1170,sched_arr_time,3:30 p.m.,0.906596,holoclean_keep
1170,sched_dep_time,7:10 a.m.,0.987514,holoclean_keep
1171,act_arr_time,9:22 a.m.,0.333333,holoclean
1171,act_dep_time,7:02 a.m.,0.333333,holoclean
1171,flight,aa-3859-iah-ord,0.894910,holoclean_keep
1171,sched_arr_time,9:40 a.m.,0.716702,holoclean_keep
1171,sched_dep_time,7:10 a.m.,0.993565,holoclean_keep
1172,act_arr_time,9:09 a.m.,0.596418,holoclean_keep
1172,act_dep_time,6:54 a.m.,0.648786,holoclean_keep
1172,flight,aa-518-mia-jfk,0.989647,holoclean_keep
1172,sched_arr_time,9:25 a.m.,0.959103,holoclean_keep
1172,sched_dep_time,6:40 a.m.,0.985307,holoclean_keep
1173,act_arr_time,10:23 p.m.,0.596418,holoclean_keep
1173,act_dep_time,7:42 p.m.,0.786986,holoclean_keep
1173,flight,co-1586-iah-mco,0.947582,holoclean_keep
1173,sched_arr_time,10:15 p.m.,0.465247,holoclean
1173,sched_dep_time,7:00 p.m.,0.343896,holoclean
1174,act_arr_time,9:29 a.m.,0.200000,holoclean
1174,act_dep_time,8:42 a.m.,0.250000,holoclean
1174,flight,ua-3925-iad-orf,0.920282,holoclean_keep
1174,sched_arr_time,9:54 a.m.,0.805270,holoclean_keep
1174,sched_dep_time,8:41 a.m.,0.958730,holoclean_keep
1175,act_arr_time,10:28 p.m.,0.200000,holoclean
1175,act_dep_time,7:45 p.m.,0.333333,holoclean
1175,flight,aa-1733-ord-phx,0.938230,holoclean_keep
1175,sched_arr_time,10:30 p.m.,0.942400,holoclean_keep
1175,sched_dep_time,7:45 p.m.,0.993564,holoclean_keep
1176,act_arr_time,7:10 a.m.,0.596418,holoclean_keep
1176,act_dep_time,6:10 a.m.,0.711235,holoclean_keep
1176,flight,ua-414-lax-sfo,0.974501,holoclean_keep
1176,sched_arr_time,7:23 a.m.,0.261811,holoclean
1176,sched_dep_time,6:00 a.m.,0.441995,holoclean
1177,act_arr_time,9:54 a.m.,0.711235,holoclean_keep
1177,act_dep_time,8:26 a.m.,0.711235,holoclean_keep
1177,flight,ua-3515-iad-msp,0.976171,holoclean_keep
1177,sched_arr_time,10:06 a.m.,0.300648,holoclean
1177,sched_dep_time,8:15 a.m.,0.316638,holoclean
1178,act_arr_time,9:45 a.m.,0.711235,holoclean_keep
1178,act_dep_time,7:25 a.m.,0.648786,holoclean_keep
1178,flight,aa-3468-cvg-mia,0.998426,holoclean_keep
1178,sched_arr_time,9:55 a.m.,0.956960,holoclean_keep
1178,sched_dep_time,7:00 a.m.,0.988867,holoclean_keep
1179,act_arr_time,7:35 p.m.,0.250000,holoclean
1179,act_dep_time,4:16 p.m.,0.333333,holoclean
1179,flight,aa-484-dfw-mia,0.936253,holoclean_keep
1179,sched_arr_time,7:55 p.m.,0.935535,holoclean_keep
1179,sched_dep_time,4:15 p.m.,0.954539,holoclean_keep
1180,act_arr_time,7:55 p.m.,0.711235,holoclean_keep
1180,act_dep_time,5:38 p.m.,0.711235,holoclean_keep
1180,flight,co-63-ewr-iah,0.850207,holoclean_keep
1180,sched_arr_time,8:22 p.m.,0.395684,holoclean
1180,sched_dep_time,5:25 p.m.,0.744792,holoclean
1181,act_arr_time,9:00 a.m.,0.551873,holoclean_keep
1181,act_dep_time,6:09 a.m.,0.711235,holoclean_keep
1181,flight,aa-466-iah-mia,0.985078,holoclean_keep
1181,sched_arr_time,9:20 a.m.,0.858276,holoclean_keep
1181,sched_dep_time,6:00 a.m.,0.989541,holoclean_keep
1182,act_arr_time,4:57 p.m.,0.200000,holoclean
1182,act_dep_time,11:30 a.m.,0.250000,holoclean
1182,flight,ua-3050-phx-clt,0.935854,holoclean_keep
1182,sched_arr_time,4:57 p.m.,0.970931,holoclean_keep
1182,sched_dep_time,11:05 a.m.,0.990532,holoclean_keep
1183,act_arr_time,1:34 p.m.,0.333333,holoclean
1183,act_dep_time,10:42 a.m.,0.250000,holoclean
1183,flight,aa-1886-bos-mia,0.933621,holoclean_keep
1183,sched_arr_time,2:20 p.m.,0.762503,holoclean_keep
1183,sched_dep_time,10:45 a.m.,0.953841,holoclean_keep
1184,act_arr_time,11:50 a.m.,0.711235,holoclean_keep
1184,act_dep_time,10:19 a.m.,0.711235,holoclean_keep
1184,flight,aa-1664-mia-atl,0.998363,holoclean_keep
1184,sched_arr_time,12:10 p.m.,0.968777,holoclean_keep
1184,sched_dep_time,10:15 a.m.,0.988530,holoclean_keep
1185,act_arr_time,7:40 a.m.,0.513519,holoclean_keep
1185,act_dep_time,6:57 a.m.,0.711235,holoclean_keep
1185,flight,aa-404-mia-mco,0.997059,holoclean_keep
1185,sched_arr_time,7:45 a.m.,0.951855,holoclean_keep
1185,sched_dep_time,6:45 a.m.,0.989273,holoclean_keep
1186,act_arr_time,2:52 p.m.,0.596418,holoclean_keep
1186,act_dep_time,12:42 p.m.,0.513519,holoclean_keep
1186,flight,aa-3756-ord-slc,0.993422,holoclean_keep
1186,sched_arr_time,2:45 p.m.,0.974939,holoclean_keep
1186,sched_dep_time,12:15 p.m.,0.976878,holoclean_keep
1187,act_arr_time,3:20 p.m.,0.711235,holoclean_keep
1187,act_dep_time,12:56 p.m.,0.648786,holoclean_keep
1187,flight,ua-382-iad-lax,0.951522,holoclean_keep
1187,sched_arr_time,3:19 p.m.,0.345432,holoclean
1187,sched_dep_time,12:30 p.m.,0.650501,holoclean
1188,act_arr_time,1:14 p.m.,0.648786,holoclean_keep
1188,act_dep_time,12:08 p.m.,0.480150,holoclean_keep
1188,flight,ua-2945-phl-clt,0.984391,holoclean_keep
1188,sched_arr_time,1:45 p.m.,0.920342,holoclean_keep
1188,sched_dep_time,12:00 p.m.,0.967038,holoclean_keep
1189,act_arr_time,2:36 p.m.,0.551873,holoclean_keep
1189,act_dep_time,11:06 a.m.,0.551873,holoclean_keep
1189,flight,aa-2050-ord-mia,0.983842,holoclean_keep
1189,sched_arr_time,2:45 p.m.,0.927241,holoclean_keep
1189,sched_dep_time,10:40 a.m.,0.977717,holoclean_keep
1190,act_arr_time,5:24 p.m.,0.500000,holoclean
1190,act_dep_time,1:32 p.m.,0.333333,holoclean
1190,flight,ua-248-phx-ord,0.933024,holoclean_keep
1190,sched_arr_time,4:52 p.m.,0.783806,holoclean_keep
1190,sched_dep_time,12:57 p.m.,0.915717,holoclean_keep
1191,act_arr_time,3:33 p.m.,0.648786,holoclean_keep
1191,act_dep_time,3:36 p.m.,0.880797,holoclean_keep
1191,flight,aa-4330-cvg-ord,0.998064,holoclean_keep
1191,sched_arr_time,4:00 p.m.,0.918956,holoclean_keep
1191,sched_dep_time,3:35 p.m.,0.992094,holoclean_keep
1192,act_arr_time,8:38 p.m.,0.250000,holoclean
1192,act_dep_time,6:40 p.m.,0.250000,holoclean
1192,flight,aa-4307-ord-dtw,0.985500,holoclean_keep
1192,sched_arr_time,9:10 p.m.,0.936913,holoclean_keep
1192,sched_dep_time,6:45 p.m.,0.982119,holoclean_keep
1193,act_arr_time,not available,0.596418,holoclean_keep
1193,act_dep_time,not available,0.648786,holoclean_keep
1193,flight,co-1694-lax-iah,0.909903,holoclean_keep
1193,sched_arr_time,12:21 a.m. dec 02,0.429881,holoclean_keep
1194,act_arr_time,7:53 p.m.,0.786986,holoclean_keep
1194,act_dep_time,2:38 p.m.,0.648786,holoclean_keep
1194,flight,ua-843-lax-ord,0.931681,holoclean_keep
1194,sched_arr_time,7:53 p.m.,0.411484,holoclean
1194,sched_dep_time,1:55 p.m.,0.309300,holoclean
1195,act_arr_time,12:09 p.m.,0.786986,holoclean_keep
1195,act_dep_time,9:14 a.m.,0.513519,holoclean_keep
1195,flight,co-1193-ewr-mco,0.997441,holoclean_keep
1195,sched_arr_time,12:18 p.m.,0.956674,holoclean_keep
1195,sched_dep_time,9:15 a.m.,0.985519,holoclean_keep
1196,act_arr_time,9:49 p.m.,0.786986,holoclean_keep
1196,act_dep_time,8:23 p.m.,0.880797,holoclean_keep
1196,flight,aa-1221-mco-ord,0.994694,holoclean_keep
1196,sched_arr_time,9:45 p.m.,0.980720,holoclean_keep
1196,sched_dep_time,8:00 p.m.,0.990985,holoclean_keep
1197,act_arr_time,6:13 p.m.,0.500000,holoclean
1197,act_dep_time,10:20 a.m.,0.333333,holoclean
1197,flight,co-16-lax-ewr,0.938023,holoclean_keep
1197,sched_arr_time,6:44 p.m.,0.839653,holoclean_keep
1197,sched_dep_time,10:25 a.m.,0.983985,holoclean_keep
1198,act_arr_time,3:04 p.m.,0.711235,holoclean_keep
1198,act_dep_time,11:01 a.m.,0.648786,holoclean_keep
1198,flight,aa-400-dfw-jfk,0.985650,holoclean_keep
1198,sched_arr_time,2:59 p.m.,0.849945,holoclean_keep
1198,sched_dep_time,10:40 a.m.,0.983340,holoclean_keep
1199,act_arr_time,4:18 p.m.,0.333333,holoclean
1199,act_dep_time,1:31 p.m.,0.250000,holoclean
1199,flight,ua-664-ord-phl,0.930031,holoclean_keep
1199,sched_arr_time,4:31 p.m.,0.938383,holoclean_keep
1199,sched_dep_time,1:33 p.m.,0.992848,holoclean_keep
1200,act_arr_time,5:42 a.m. (estimated runway),0.711235,holoclean_keep
1200,act_dep_time,12:10 a.m. (estimated runway),0.786986,holoclean_keep
1200,flight,aa-1522-sfo-ord,0.994112,holoclean_keep
1200,sched_arr_time,5:50 a.m.,0.839231,holoclean_keep
1200,sched_dep_time,11:55 p.m.,0.995150,holoclean_keep
1201,act_arr_time,5:28 p.m.,0.648786,holoclean_keep
1201,act_dep_time,2:43 p.m.,0.648786,holoclean_keep
1201,flight,ua-257-jfk-sfo,0.990863,holoclean_keep
1201,sched_arr_time,6:15 p.m.,0.960759,holoclean_keep
1201,sched_dep_time,2:30 p.m.,0.976036,holoclean_keep
1202,act_arr_time,9:13 a.m.,0.711235,holoclean_keep
1202,act_dep_time,8:26 a.m.,0.786986,holoclean_keep
1202,flight,ua-3373-iad-phl,0.995493,holoclean_keep
1202,sched_arr_time,9:24 a.m.,0.961769,holoclean_keep
1202,sched_dep_time,8:29 a.m.,0.977235,holoclean_keep
1203,act_arr_time,4:55 p.m.,0.880797,holoclean_keep
1203,act_dep_time,3:17 p.m.,0.880797,holoclean_keep
1203,flight,co-1250-mia-iah,0.950892,holoclean_keep
1203,sched_arr_time,4:48 p.m.,0.320415,holoclean
1203,sched_dep_time,2:53 p.m.,0.356683,holoclean
1204,act_arr_time,8:41 a.m.,0.711235,holoclean_keep
1204,act_dep_time,7:41 a.m.,0.786986,holoclean_keep
1204,flight,ua-6273-yyc-sfo,0.957434,holoclean_keep
1204,sched_arr_time,9:43 a.m.,0.356959,holoclean
1204,sched_dep_time,7:35 a.m.,0.365578,holoclean
1205,act_arr_time,5:21 a.m.,0.333333,holoclean
1205,act_dep_time,11/30/2011 11:34 p.m.,0.333333,holoclean
1205,flight,ua-828-sfo-ord,0.947527,holoclean_keep
1205,sched_arr_time,5:11 a.m.,0.659117,holoclean_keep
1205,sched_dep_time,11:08 p.m.,0.993797,holoclean_keep
1206,act_arr_time,6:19 p.m.,0.250000,holoclean
1206,act_dep_time,5:30 p.m.,0.250000,holoclean
1206,flight,co-4888-iah-dal,0.942126,holoclean_keep
1206,sched_arr_time,6:09 p.m.,0.655490,holoclean_keep
1206,sched_dep_time,5:30 p.m.,0.958506,holoclean_keep
1207,act_arr_time,2:02 p.m.,0.648786,holoclean_keep
1207,act_dep_time,11:47 a.m.,0.711235,holoclean_keep
1207,flight,ua-2704-dtw-phx,0.990450,holoclean_keep
1207,sched_arr_time,1:40 p.m.,0.628494,holoclean
1207,sched_dep_time,11:15 a.m.,0.441332,holoclean
1208,act_arr_time,4:24 p.m.,0.551873,holoclean_keep
1208,act_dep_time,3:04 p.m.,0.711235,holoclean_keep
1208,flight,ua-2708-ewr-clt,0.972046,holoclean_keep
1208,sched_arr_time,4:53 p.m.,0.242261,holoclean
1208,sched_dep_time,2:55 p.m.,0.263287,holoclean
1209,act_arr_time,12:10 p.m.,0.711235,holoclean_keep
1209,act_dep_time,9:43 a.m.,0.711235,holoclean_keep
1209,flight,ua-1500-iah-gua,0.958584,holoclean_keep
1209,sched_arr_time,11:45 a.m.,0.613095,holoclean
1209,sched_dep_time,8:55 a.m.,0.639097,holoclean
1210,act_arr_time,3:43 p.m.,0.880797,holoclean_keep
1210,act_dep_time,2:44 p.m.,0.880797,holoclean_keep
1210,flight,aa-3804-phl-ord,0.994941,holoclean_keep
1210,sched_arr_time,4:05 p.m.,0.991420,holoclean_keep
1210,sched_dep_time,2:35 p.m.,0.977559,holoclean_keep
1211,act_arr_time,11:07 a.m.,0.480150,holoclean_keep
1211,act_dep_time,7:23 a.m.,0.648786,holoclean_keep
1211,flight,aa-2268-phx-ord,0.977655,holoclean_keep
1211,sched_arr_time,11:35 a.m.,0.934862,holoclean_keep
1211,sched_dep_time,7:15 a.m.,0.975356,holoclean_keep
1212,act_arr_time,not available,0.551873,holoclean_keep
1212,act_dep_time,not available,0.596418,holoclean_keep
1212,flight,ua-233-lax-jfk,0.921843,holoclean_keep
1212,sched_arr_time,12:29 a.m. dec 02,0.446303,holoclean_keep
1212,sched_dep_time,4:25 p.m.,0.946239,holoclean_keep
1213,act_arr_time,1:40 p.m.,0.333333,holoclean
1213,act_dep_time,12:01 p.m.,0.333333,holoclean
1213,flight,aa-4277-cvg-jfk,0.935645,holoclean_keep
1213,sched_arr_time,2:15 p.m.,0.974631,holoclean_keep
1213,sched_dep_time,12:10 p.m.,0.957707,holoclean_keep
1214,act_arr_time,10:58 a.m.,0.250000,holoclean
1214,act_dep_time,7:51 a.m.,0.250000,holoclean
1214,flight,aa-2957-dfw-cvg,0.932410,holoclean_keep
1214,sched_arr_time,11:05 a.m.,0.939168,holoclean_keep
1214,sched_dep_time,7:55 a.m.,0.993199,holoclean_keep
1215,act_arr_time,12:00 p.m.,0.333333,holoclean
1215,act_dep_time,8:52 a.m.,0.250000,holoclean
1215,flight,ua-37-edi-ewr,0.935542,holoclean_keep
1215,sched_arr_time,11:53 a.m.,0.824597,holoclean_keep
1215,sched_dep_time,9:05 a.m.,0.859982,holoclean_keep
1216,act_arr_time,3:13 p.m.,0.513519,holoclean_keep
1216,act_dep_time,1:19 p.m.,0.513519,holoclean_keep
1216,flight,aa-789-ord-den,0.985010,holoclean_keep
1216,sched_arr_time,2:35 p.m.,0.971875,holoclean_keep
1216,sched_dep_time,1:05 p.m.,0.963132,holoclean_keep
1217,act_arr_time,1:30 p.m.,0.786986,holoclean_keep
1217,act_dep_time,7:49 a.m.,0.786986,holoclean_keep
1217,flight,ua-854-sfo-iah,0.994444,holoclean_keep
1217,sched_arr_time,1:39 p.m.,0.962577,holoclean_keep
1217,sched_dep_time,7:53 a.m.,0.940663,holoclean_keep
1218,act_arr_time,6:36 p.m.,0.711235,holoclean_keep
1218,act_dep_time,3:38 p.m.,0.551873,holoclean_keep
1218,flight,aa-85-jfk-sfo,0.982841,holoclean_keep
1218,sched_arr_time,6:30 p.m.,0.915585,holoclean_keep
1218,sched_dep_time,3:05 p.m.,0.980135,holoclean_keep
1219,act_arr_time,7:35 p.m.,0.551873,holoclean_keep
1219,act_dep_time,6:56 p.m.,0.648786,holoclean_keep
1219,flight,aa-1640-mia-mco,0.984196,holoclean_keep
1219,sched_arr_time,7:25 p.m.,0.925060,holoclean_keep
1219,sched_dep_time,6:30 p.m.,0.989997,holoclean_keep
1220,act_arr_time,4:52 p.m.,0.333333,holoclean
1220,act_dep_time,11:20 a.m.,0.250000,holoclean
1220,flight,aa-1544-san-ord,0.929334,holoclean_keep
1220,sched_arr_time,5:25 p.m.,0.859209,holoclean_keep
1220,sched_dep_time,11:25 a.m.,0.906214,holoclean_keep
1221,act_arr_time,6:09 p.m.,0.200000,holoclean
1221,act_dep_time,3:52 p.m.,0.250000,holoclean
1221,flight,aa-3786-iah-ord,0.827097,holoclean_keep
1221,sched_arr_time,6:40 p.m.,0.792101,holoclean_keep
1221,sched_dep_time,4:00 p.m.,0.971918,holoclean_keep
1222,act_arr_time,6:07 a.m.,0.166667,holoclean
1222,act_dep_time,5:56 a.m.,0.250000,holoclean
1222,flight,aa-3809-phx-lax,0.870153,holoclean_keep
1222,sched_arr_time,6:40 a.m.,0.717777,holoclean_keep
1222,sched_dep_time,6:00 a.m.,0.993565,holoclean_keep
1223,act_arr_time,10:49 a.m.,0.513519,holoclean_keep
1223,act_dep_time,7:40 a.m.,0.711235,holoclean_keep
1223,flight,aa-59-jfk-sfo,0.978937,holoclean_keep
1223,sched_arr_time,10:45 a.m.,0.870023,holoclean_keep
1223,sched_dep_time,7:10 a.m.,0.988992,holoclean_keep
1224,act_arr_time,9:22 a.m.,0.786986,holoclean_keep
1224,act_dep_time,7:16 a.m.,0.786986,holoclean_keep
1224,flight,aa-3859-iah-ord,0.948487,holoclean_keep
1224,sched_arr_time,9:40 a.m.,0.711042,holoclean
1224,sched_dep_time,7:10 a.m.,0.915358,holoclean
1225,act_arr_time,10:02 p.m.,0.142857,holoclean
1225,act_dep_time,7:14 p.m.,0.250000,holoclean
1225,flight,co-1586-iah-mco,0.980841,holoclean_keep
1225,sched_arr_time,10:15 p.m.,0.894806,holoclean_keep
1225,sched_dep_time,7:00 p.m.,0.979534,holoclean_keep
1226,act_arr_time,9:14 a.m.,0.648786,holoclean_keep
1226,act_dep_time,6:54 a.m.,0.711235,holoclean_keep
1226,flight,aa-518-mia-jfk,0.960217,holoclean_keep
1226,sched_arr_time,9:25 a.m.,0.512251,holoclean
1226,sched_dep_time,6:40 a.m.,0.763279,holoclean
1227,act_arr_time,11:30 a.m.,0.648786,holoclean_keep
1227,act_dep_time,8:48 a.m.,0.648786,holoclean_keep
1227,flight,ua-397-jfk-sfo,0.947655,holoclean_keep
1227,sched_arr_time,11:55 a.m.,0.608916,holoclean
1227,sched_dep_time,8:00 a.m.,0.651606,holoclean
1228,act_arr_time,9:29 a.m.,0.648786,holoclean_keep
1228,act_dep_time,9:00 a.m.,0.596418,holoclean_keep
1228,flight,ua-3925-iad-orf,0.922456,holoclean_keep
1228,sched_arr_time,9:54 a.m.,0.200604,holoclean
1228,sched_dep_time,8:41 a.m.,0.316097,holoclean
1229,act_arr_time,10:31 p.m.,0.648786,holoclean_keep
1229,act_dep_time,7:59 p.m.,0.786986,holoclean_keep
1229,flight,aa-1733-ord-phx,0.943130,holoclean_keep
1229,sched_arr_time,10:30 p.m.,0.643855,holoclean
1229,sched_dep_time,7:45 p.m.,0.881886,holoclean
1230,act_arr_time,5:14 p.m.,0.786986,holoclean_keep
1230,act_dep_time,3:50 p.m.,0.711235,holoclean_keep
1230,flight,ua-2830-mco-clt,0.948375,holoclean_keep
1230,sched_arr_time,5:05 p.m.,0.456800,holoclean
1230,sched_dep_time,3:27 p.m.,0.516794,holoclean
1231,act_arr_time,3:25 p.m.,0.500000,holoclean
1231,act_dep_time,11:32 a.m.,0.333333,holoclean
1231,flight,co-58-den-iah,0.977491,holoclean_keep
1231,sched_arr_time,2:50 p.m.,0.954735,holoclean_keep
1231,sched_dep_time,11:25 a.m.,0.982157,holoclean_keep
1232,act_arr_time,4:54 p.m.,0.786986,holoclean_keep
1232,act_dep_time,11:41 a.m.,0.711235,holoclean_keep
1232,flight,aa-1544-san-ord,0.951685,holoclean_keep
1232,sched_arr_time,5:25 p.m.,0.629629,holoclean
1232,sched_dep_time,11:25 a.m.,0.414376,holoclean
1233,act_arr_time,11:11 a.m.,0.711235,holoclean_keep
1233,act_dep_time,10:53 a.m.,0.880797,holoclean_keep
1233,flight,ua-5487-sfo-mry,0.956980,holoclean_keep
1233,sched_arr_time,11:19 a.m.,0.500000,holoclean
1233,sched_dep_time,10:39 a.m.,0.500000,holoclean
1234,act_arr_time,12/2/11 6:35 a.m.,0.551873,holoclean_keep
1234,act_dep_time,11:29 p.m.,0.648786,holoclean_keep
1234,flight,aa-204-lax-mco,0.938276,holoclean_keep
1234,sched_arr_time,6:55 a.m. dec 02,0.137906,holoclean
1234,sched_dep_time,11:25 p.m.,0.487669,holoclean
1235,act_arr_time,7:04 a.m.,0.596418,holoclean_keep
1235,act_dep_time,6:10 a.m.,0.711235,holoclean_keep
1235,flight,ua-414-lax-sfo,0.975229,holoclean_keep
1235,sched_arr_time,7:23 a.m.,0.261804,holoclean
1235,sched_dep_time,6:00 a.m.,0.441965,holoclean
1236,act_arr_time,5:23 a.m.,0.250000,holoclean
1236,act_dep_time,12:41 a.m.,0.250000,holoclean
1236,flight,co-1614-lax-iah,0.935287,holoclean_keep
1236,sched_arr_time,5:35 a.m.,0.956018,holoclean_keep
1236,sched_dep_time,12:30 a.m.,0.982626,holoclean_keep
1237,act_arr_time,6:25 p.m.,0.711235,holoclean_keep
1237,act_dep_time,4:10 p.m.,0.711235,holoclean_keep
1237,flight,ua-2726-fll-phl,0.946737,holoclean_keep
1237,sched_arr_time,6:46 p.m.,0.889431,holoclean
1237,sched_dep_time,4:00 p.m.,0.603386,holoclean
1238,act_arr_time,9:08 a.m.,0.333333,holoclean
1238,act_dep_time,7:29 a.m.,0.500000,holoclean
1238,flight,co-52-iah-lax,0.979930,holoclean_keep
1238,sched_arr_time,9:21 a.m.,0.824951,holoclean_keep
1238,sched_dep_time,7:35 a.m.,0.983855,holoclean_keep
1239,act_arr_time,1:09 p.m.,0.500000,holoclean
1239,act_dep_time,10:19 a.m.,0.333333,holoclean
1239,flight,co-1090-bos-iah,0.937643,holoclean_keep
1239,sched_arr_time,1:16 p.m.,0.839662,holoclean_keep
1239,sched_dep_time,9:45 a.m.,0.975653,holoclean_keep
1240,act_arr_time,1:11 p.m.,0.711235,holoclean_keep
1240,act_dep_time,10:11 a.m.,0.648786,holoclean_keep
1240,flight,aa-616-dfw-dtw,0.976655,holoclean_keep
1240,sched_arr_time,12:35 p.m.,0.823551,holoclean
1240,sched_dep_time,9:05 a.m.,0.896475,holoclean
1241,act_arr_time,9:56 a.m.,0.711235,holoclean_keep
1241,act_dep_time,8:26 a.m.,0.648786,holoclean_keep
1241,flight,ua-3515-iad-msp,0.963677,holoclean_keep
1241,sched_arr_time,10:06 a.m.,0.274197,holoclean
1241,sched_dep_time,8:15 a.m.,0.274232,holoclean
1242,act_arr_time,9:29 a.m.,0.711235,holoclean_keep
1242,act_dep_time,7:25 a.m.,0.648786,holoclean_keep
1242,flight,aa-3468-cvg-mia,0.939627,holoclean_keep
1242,sched_arr_time,9:55 a.m.,0.490773,holoclean
1242,sched_dep_time,7:00 a.m.,0.728292,holoclean
1243,act_arr_time,7:37 p.m.,0.711235,holoclean_keep
1243,act_dep_time,4:29 p.m.,0.786986,holoclean_keep
1243,flight,aa-484-dfw-mia,0.945000,holoclean_keep
1243,sched_arr_time,7:55 p.m.,0.587062,holoclean
1243,sched_dep_time,4:15 p.m.,0.536631,holoclean
1244,act_arr_time,1:36 p.m.,0.711235,holoclean_keep
1244,act_dep_time,10:54 a.m.,0.711235,holoclean_keep
1244,flight,aa-1886-bos-mia,0.970024,holoclean_keep
1244,sched_arr_time,2:20 p.m.,0.582875,holoclean
1244,sched_dep_time,10:45 a.m.,0.414788,holoclean
1245,act_arr_time,6:59 p.m.,0.333333,holoclean
1245,act_dep_time,2:48 p.m.,0.333333,holoclean
1245,flight,co-62-iah-ewr,0.839919,holoclean_keep
1245,sched_arr_time,7:03 p.m.,0.918764,holoclean_keep
1245,sched_dep_time,2:30 p.m.,0.934223,holoclean_keep
1246,act_arr_time,11:04 a.m.,0.142857,holoclean
1246,act_dep_time,7:10 a.m.,0.142857,holoclean
1246,flight,co-1561-phx-iah,0.949688,holoclean_keep
1246,sched_arr_time,11:35 a.m.,0.956871,holoclean_keep
1246,sched_dep_time,8:05 a.m.,0.891391,holoclean_keep
1247,act_arr_time,4:43 p.m.,0.551873,holoclean_keep
1247,act_dep_time,3:04 p.m.,0.711235,holoclean_keep
1247,flight,ua-2314-atl-phl,0.955355,holoclean_keep
1247,sched_arr_time,5:00 p.m.,0.266463,holoclean
1247,sched_dep_time,2:55 p.m.,0.295065,holoclean
1248,act_arr_time,4:08 p.m.,0.711235,holoclean_keep
1248,act_dep_time,12:13 p.m.,0.711235,holoclean_keep
1248,flight,aa-446-dfw-phl,0.968958,holoclean_keep
1248,sched_arr_time,3:50 p.m.,0.632170,holoclean
1248,sched_dep_time,11:50 a.m.,0.722324,holoclean
1249,act_arr_time,1:06 p.m.,0.250000,holoclean
1249,act_dep_time,11:56 a.m.,0.250000,holoclean
1249,flight,co-1023-iah-den,0.934723,holoclean_keep
1249,sched_arr_time,1:17 p.m.,0.948229,holoclean_keep
1249,sched_dep_time,11:40 a.m.,0.965371,holoclean_keep
1250,act_arr_time,8:50 a.m.,0.551873,holoclean_keep
1250,act_dep_time,6:09 a.m.,0.711235,holoclean_keep
1250,flight,aa-466-iah-mia,0.980628,holoclean_keep
1250,sched_arr_time,9:20 a.m.,0.441694,holoclean
1250,sched_dep_time,6:00 a.m.,0.747197,holoclean
1251,act_arr_time,5:00 p.m.,0.648786,holoclean_keep
1251,act_dep_time,11:45 a.m.,0.648786,holoclean_keep
1251,flight,ua-3050-phx-clt,0.941971,holoclean_keep
1251,sched_arr_time,4:57 p.m.,0.794419,holoclean
1251,sched_dep_time,11:05 a.m.,0.870023,holoclean
1252,act_arr_time,10:18 a.m.,0.333333,holoclean
1252,act_dep_time,6:02 a.m.,0.333333,holoclean
1252,flight,co-89-iah-ewr,0.856302,holoclean_keep
1252,sched_arr_time,10:20 a.m.,0.657401,holoclean_keep
1252,sched_dep_time,6:00 a.m.,0.985840,holoclean_keep
1253,act_arr_time,10:47 a.m.,0.333333,holoclean
1253,act_dep_time,8:40 a.m.,0.333333,holoclean
1253,flight,co-1088-cle-iah,0.938056,holoclean_keep
1253,sched_arr_time,10:54 a.m.,0.958482,holoclean_keep
1253,sched_dep_time,8:40 a.m.,0.983855,holoclean_keep
1254,act_arr_time,11:50 a.m.,0.711235,holoclean_keep
1254,act_dep_time,10:19 a.m.,0.711235,holoclean_keep
1254,flight,aa-1664-mia-atl,0.976011,holoclean_keep
1254,sched_arr_time,12:10 p.m.,0.757101,holoclean
1254,sched_dep_time,10:15 a.m.,0.803619,holoclean
1255,act_arr_time,3:13 p.m.,0.711235,holoclean_keep
1255,act_dep_time,2:03 p.m.,0.648786,holoclean_keep
1255,flight,aa-1279-dfw-phx,0.957551,holoclean_keep
1255,sched_arr_time,2:35 p.m.,0.857510,holoclean
1255,sched_dep_time,1:00 p.m.,0.860730,holoclean
1256,act_arr_time,1:23 p.m.,0.786986,holoclean_keep
1256,act_dep_time,8:07 a.m.,0.786986,holoclean_keep
1256,flight,ua-854-sfo-iah,0.957659,holoclean_keep
1256,sched_arr_time,1:39 p.m.,0.660220,holoclean
1256,sched_dep_time,7:53 a.m.,0.458149,holoclean
1257,act_arr_time,3:09 p.m.,0.711235,holoclean_keep
1257,act_dep_time,12:56 p.m.,0.551873,holoclean_keep
1257,flight,ua-382-iad-lax,0.965140,holoclean_keep
1257,sched_arr_time,3:30 p.m.,0.221194,holoclean
1257,sched_dep_time,12:30 p.m.,0.359153,holoclean
1258,act_arr_time,1:55 p.m.,0.786986,holoclean_keep
1258,act_dep_time,12:14 p.m.,0.711235,holoclean_keep
1258,flight,aa-4344-ord-dtw,0.954655,holoclean_keep
1258,sched_arr_time,2:00 p.m.,0.256227,holoclean
1258,sched_dep_time,11:45 a.m.,0.603346,holoclean
1259,act_arr_time,5:22 p.m.,0.711235,holoclean_keep
1259,act_dep_time,2:43 p.m.,0.711235,holoclean_keep
1259,flight,ua-257-jfk-sfo,0.941973,holoclean_keep
1259,sched_arr_time,6:15 p.m.,0.639088,holoclean
1259,sched_dep_time,2:30 p.m.,0.688816,holoclean
1260,act_arr_time,1:11 p.m.,0.648786,holoclean_keep
1260,act_dep_time,12:07 p.m.,0.513519,holoclean_keep
1260,flight,ua-2945-phl-clt,0.945727,holoclean_keep
1260,sched_arr_time,1:45 p.m.,0.497213,holoclean
1260,sched_dep_time,12:00 p.m.,0.603438,holoclean
1261,act_arr_time,7:43 p.m.,0.333333,holoclean
1261,act_dep_time,5:22 p.m.,0.500000,holoclean
1261,flight,co-63-ewr-iah,0.934083,holoclean_keep
1261,sched_arr_time,8:22 p.m.,0.931814,holoclean_keep
1261,sched_dep_time,5:25 p.m.,0.928217,holoclean_keep
1262,act_arr_time,8:46 p.m.,0.200000,holoclean
1262,act_dep_time,7:27 p.m.,0.333333,holoclean
1262,flight,co-47-iah-lax,0.935017,holoclean_keep
1262,sched_arr_time,8:56 p.m.,0.872277,holoclean_keep
1262,sched_dep_time,7:10 p.m.,0.979083,holoclean_keep
1263,act_arr_time,2:39 p.m.,0.648786,holoclean_keep
1263,act_dep_time,11:06 a.m.,0.711235,holoclean_keep
1263,flight,aa-2050-ord-mia,0.946128,holoclean_keep
1263,sched_arr_time,2:45 p.m.,0.627749,holoclean
1263,sched_dep_time,10:40 a.m.,0.889654,holoclean
1264,act_arr_time,5:24 p.m.,0.880797,holoclean_keep
1264,act_dep_time,1:43 p.m.,0.786986,holoclean_keep
1264,flight,ua-248-phx-ord,0.956349,holoclean_keep
1264,sched_arr_time,5:15 p.m.,0.373050,holoclean
1264,sched_dep_time,12:57 p.m.,0.464309,holoclean
1265,act_arr_time,3:25 p.m.,0.333333,holoclean
1265,act_dep_time,3:27 p.m.,0.500000,holoclean
1265,flight,aa-4330-cvg-ord,0.936578,holoclean_keep
1265,sched_arr_time,4:00 p.m.,0.942023,holoclean_keep
1265,sched_dep_time,3:35 p.m.,0.933521,holoclean_keep
1266,act_arr_time,10:34 a.m.,0.480150,holoclean_keep
1266,act_dep_time,7:22 a.m.,0.711235,holoclean_keep
1266,flight,aa-1434-dfw-mco,0.915039,holoclean_keep
1266,sched_arr_time,10:35 a.m.,0.300101,holoclean
1266,sched_dep_time,7:15 a.m.,0.632708,holoclean
1267,act_arr_time,7:25 p.m.,0.648786,holoclean_keep
1267,act_dep_time,6:47 p.m.,0.711235,holoclean_keep
1267,flight,aa-1640-mia-mco,0.928479,holoclean_keep
1267,sched_arr_time,7:25 p.m.,0.539611,holoclean
1267,sched_dep_time,6:30 p.m.,0.569686,holoclean
1268,act_arr_time,8:38 p.m.,0.711235,holoclean_keep
1268,act_dep_time,6:56 p.m.,0.786986,holoclean_keep
1268,flight,aa-4307-ord-dtw,0.985300,holoclean_keep
1268,sched_arr_time,9:10 p.m.,0.469254,holoclean
1268,sched_dep_time,6:45 p.m.,0.784725,holoclean
1269,act_arr_time,3:04 p.m.,0.648786,holoclean_keep
1269,act_dep_time,12:12 p.m.,0.513519,holoclean_keep
1269,flight,aa-3-jfk-lax,0.871559,holoclean_keep
1269,sched_arr_time,3:15 p.m.,0.476768,holoclean
1269,sched_dep_time,12:00 p.m.,0.538859,holoclean
1270,act_arr_time,12:02 a.m.,0.200000,holoclean
1270,act_dep_time,7:15 p.m.,0.200000,holoclean
1270,flight,co-1694-lax-iah,0.938820,holoclean_keep
1270,sched_arr_time,12/2/11 12:21 a.m.,0.549950,holoclean_keep
1271,act_arr_time,7:20 p.m.,0.551873,holoclean_keep
1271,act_dep_time,2:04 p.m.,0.711235,holoclean_keep
1271,flight,ua-843-lax-ord,0.939347,holoclean_keep
1271,sched_arr_time,7:53 p.m.,0.250844,holoclean
1271,sched_dep_time,1:55 p.m.,0.248137,holoclean
1272,act_arr_time,12:02 p.m.,0.333333,holoclean
1272,act_dep_time,9:14 a.m.,0.200000,holoclean
1272,flight,co-1193-ewr-mco,0.938465,holoclean_keep
1272,sched_arr_time,12:18 p.m.,0.955469,holoclean_keep
1272,sched_dep_time,9:15 a.m.,0.994641,holoclean_keep
1273,act_arr_time,7:49 a.m.,0.648786,holoclean_keep
1273,act_dep_time,6:57 a.m.,0.711235,holoclean_keep
1273,flight,aa-3842-msp-ord,0.964476,holoclean_keep
1273,sched_arr_time,7:30 a.m.,0.374737,holoclean
1273,sched_dep_time,6:00 a.m.,0.748748,holoclean
1274,act_arr_time,9:26 a.m.,0.551873,holoclean_keep
1274,act_dep_time,7:31 a.m.,0.711235,holoclean_keep
1274,flight,aa-643-mia-ord,0.942809,holoclean_keep
1274,sched_arr_time,9:35 a.m.,0.430888,holoclean
1274,sched_dep_time,7:10 a.m.,0.880805,holoclean
1275,act_arr_time,7:43 p.m.,0.786986,holoclean_keep
1275,act_dep_time,5:09 p.m.,0.711235,holoclean_keep
1275,flight,aa-1007-mia-phx,0.983047,holoclean_keep
1275,sched_arr_time,8:05 p.m.,0.351456,holoclean
1275,sched_dep_time,4:55 p.m.,0.678250,holoclean
1276,act_arr_time,10:43 a.m.,0.551873,holoclean_keep
1276,act_dep_time,7:39 a.m.,0.648786,holoclean_keep
1276,flight,aa-2525-dfw-mia,0.912664,holoclean_keep
1276,sched_arr_time,11:10 a.m.,0.312875,holoclean
1276,sched_dep_time,7:25 a.m.,0.718487,holoclean
1277,act_arr_time,6:28 p.m.,0.596418,holoclean_keep
1277,act_dep_time,4:44 p.m.,0.513519,holoclean_keep
1277,flight,ua-2906-phl-mco,0.934562,holoclean_keep
1277,sched_arr_time,6:23 p.m.,0.552652,holoclean
1277,sched_dep_time,3:50 p.m.,0.854709,holoclean
1278,act_arr_time,7:23 p.m.,0.786986,holoclean_keep
1278,act_dep_time,4:37 p.m.,0.786986,holoclean_keep
1278,flight,ua-938-den-ord,0.954777,holoclean_keep
1278,sched_arr_time,7:35 p.m.,0.602872,holoclean
1278,sched_dep_time,4:16 p.m.,0.651868,holoclean
1279,act_arr_time,9:47 p.m.,0.786986,holoclean_keep
1279,act_dep_time,8:23 p.m.,0.880797,holoclean_keep
1279,flight,aa-1221-mco-ord,0.944397,holoclean_keep
1279,sched_arr_time,9:45 p.m.,0.609817,holoclean
1279,sched_dep_time,8:00 p.m.,0.766074,holoclean
1280,act_arr_time,6:13 p.m.,0.500000,holoclean
1280,act_dep_time,10:20 a.m.,0.333333,holoclean
1280,flight,co-16-lax-ewr,0.936920,holoclean_keep
1280,sched_arr_time,6:44 p.m.,0.839662,holoclean_keep
1280,sched_dep_time,10:25 a.m.,0.983984,holoclean_keep
1281,act_arr_time,10:43 a.m.,0.596418,holoclean_keep
1281,act_dep_time,7:30 a.m.,0.513519,holoclean_keep
1281,flight,ua-2515-dfw-clt,0.846006,holoclean_keep
1281,sched_arr_time,10:31 a.m.,0.289850,holoclean
1281,sched_dep_time,7:05 a.m.,0.320792,holoclean
1282,act_arr_time,2:58 p.m.,0.711235,holoclean_keep
1282,act_dep_time,11:02 a.m.,0.711235,holoclean_keep
1282,flight,aa-400-dfw-jfk,0.951330,holoclean_keep
1282,sched_arr_time,2:59 p.m.,0.705248,holoclean
1282,sched_dep_time,10:40 a.m.,0.867544,holoclean
1283,act_arr_time,4:20 p.m.,0.648786,holoclean_keep
1283,act_dep_time,1:48 p.m.,0.711235,holoclean_keep
1283,flight,ua-664-ord-phl,0.948649,holoclean_keep
1283,sched_arr_time,4:31 p.m.,0.404166,holoclean
1283,sched_dep_time,1:33 p.m.,0.671578,holoclean
1284,act_arr_time,2:50 p.m.,0.786986,holoclean_keep
1284,act_dep_time,12:42 p.m.,0.786986,holoclean_keep
1284,flight,aa-3756-ord-slc,0.947183,holoclean_keep
1284,sched_arr_time,2:45 p.m.,0.895710,holoclean
1284,sched_dep_time,12:15 p.m.,0.601560,holoclean
1285,act_arr_time,4:05 p.m.,0.333333,holoclean
1285,act_dep_time,1:48 p.m.,0.250000,holoclean
1285,flight,ua-37-ewr-mco,0.936673,holoclean_keep
1285,sched_arr_time,4:17 p.m.,0.946554,holoclean_keep
1285,sched_dep_time,1:29 p.m.,0.928218,holoclean_keep
1286,act_arr_time,5:52 a.m.,0.711235,holoclean_keep
1286,act_dep_time,12:11 a.m.,0.786986,holoclean_keep
1286,flight,aa-1522-sfo-ord,0.941363,holoclean_keep
1286,sched_arr_time,5:50 a.m.,0.164882,holoclean
1286,sched_dep_time,11:55 p.m.,0.875891,holoclean
1287,act_arr_time,12/2/11 12:01 a.m.,0.551873,holoclean_keep
1287,act_dep_time,4:28 p.m.,0.596418,holoclean_keep
1287,flight,ua-233-lax-jfk,0.938296,holoclean_keep
1287,sched_arr_time,12:29 a.m.,0.153171,holoclean
1287,sched_dep_time,4:25 p.m.,0.888007,holoclean
1288,act_arr_time,11:49 p.m.,0.648786,holoclean_keep
1288,act_dep_time,9:06 p.m.,0.711235,holoclean_keep
1288,flight,aa-3823-lax-den,0.939358,holoclean_keep
1288,sched_arr_time,12:15 a.m.,0.150303,holoclean
1288,sched_dep_time,9:00 p.m.,0.491284,holoclean
1289,act_arr_time,11:35 p.m.,0.711235,holoclean_keep
1289,act_dep_time,8:29 p.m.,0.711235,holoclean_keep
1289,flight,aa-2312-dfw-dtw,0.935746,holoclean_keep
1289,sched_arr_time,11:50 p.m.,0.671716,holoclean
1289,sched_dep_time,8:25 p.m.,0.584376,holoclean
1290,act_arr_time,9:45 a.m.,0.513519,holoclean_keep
1290,act_dep_time,7:23 a.m.,0.596418,holoclean_keep
1290,flight,aa-1165-jfk-mia,0.842831,holoclean_keep
1290,sched_arr_time,10:34 a.m.,0.265765,holoclean
1290,sched_dep_time,6:59 a.m.,0.554846,holoclean
1291,act_arr_time,11:33 a.m.,0.596418,holoclean_keep
1291,act_dep_time,8:52 a.m.,0.711235,holoclean_keep
1291,flight,aa-431-mia-sfo,0.974894,holoclean_keep
1291,sched_arr_time,11:50 a.m.,0.490726,holoclean
1291,sched_dep_time,8:35 a.m.,0.735572,holoclean
1292,act_arr_time,9:13 a.m.,0.880797,holoclean_keep
1292,act_dep_time,8:37 a.m.,0.786986,holoclean_keep
1292,flight,ua-3373-iad-phl,0.956172,holoclean_keep
1292,sched_arr_time,9:24 a.m.,0.691850,holoclean
1292,sched_dep_time,8:29 a.m.,0.676202,holoclean
1293,act_arr_time,3:29 p.m.,0.711235,holoclean_keep
1293,act_dep_time,1:41 p.m.,0.711235,holoclean_keep
1293,flight,aa-649-ord-sna,0.943944,holoclean_keep
1293,sched_arr_time,3:50 p.m.,0.795098,holoclean
1293,sched_dep_time,1:30 p.m.,0.497189,holoclean
1294,act_arr_time,4:55 p.m.,0.500000,holoclean
1294,act_dep_time,3:01 p.m.,0.500000,holoclean
1294,flight,co-1250-mia-iah,0.937351,holoclean_keep
1294,sched_arr_time,4:48 p.m.,0.834081,holoclean_keep
1294,sched_dep_time,2:53 p.m.,0.931038,holoclean_keep
1295,act_arr_time,8:33 a.m.,0.711235,holoclean_keep
1295,act_dep_time,7:41 a.m.,0.786986,holoclean_keep
1295,flight,ua-6273-yyc-sfo,0.958395,holoclean_keep
1295,sched_arr_time,9:43 a.m.,0.356959,holoclean
1295,sched_dep_time,7:35 a.m.,0.365588,holoclean
1296,act_arr_time,5:21 a.m.,0.333333,holoclean
1296,act_dep_time,11/30/2011 11:34 p.m.,0.333333,holoclean
1296,flight,ua-828-sfo-ord,0.946436,holoclean_keep
1296,sched_arr_time,12/2/11 5:11 a.m.,0.591168,holoclean_keep
1296,sched_dep_time,11:08 p.m.,0.995557,holoclean_keep
1297,act_arr_time,6:19 p.m.,0.551873,holoclean_keep
1297,act_dep_time,5:38 p.m.,0.711235,holoclean_keep
1297,flight,co-4888-iah-dal,0.922286,holoclean_keep
1297,sched_arr_time,6:40 p.m.,0.442096,holoclean
1297,sched_dep_time,5:30 p.m.,0.887010,holoclean
1298,act_arr_time,7:50 a.m.,0.711235,holoclean_keep
1298,act_dep_time,1:50 p.m. (+8:00),0.648786,holoclean_keep
1298,flight,ua-858-pvg-sfo,0.955668,holoclean_keep
1298,sched_arr_time,8:27 a.m.,0.377986,holoclean
1298,sched_dep_time,1:45 p.m.,0.598090,holoclean
1299,act_arr_time,1:52 p.m.,0.648786,holoclean_keep
1299,act_dep_time,11:47 a.m.,0.711235,holoclean_keep
1299,flight,ua-2704-dtw-phx,0.989965,holoclean_keep
1299,sched_arr_time,1:40 p.m.,0.628494,holoclean
1299,sched_dep_time,11:15 a.m.,0.441332,holoclean
1300,act_arr_time,9:12 p.m.,0.648786,holoclean_keep
1300,act_dep_time,8:40 p.m.,0.786986,holoclean_keep
1300,flight,aa-3063-slc-lax,0.953261,holoclean_keep
1300,sched_arr_time,9:20 p.m.,0.414978,holoclean
1300,sched_dep_time,8:20 p.m.,0.333077,holoclean
1301,act_arr_time,4:22 p.m.,0.551873,holoclean_keep
1301,act_dep_time,3:04 p.m.,0.711235,holoclean_keep
1301,flight,ua-2708-ewr-clt,0.970937,holoclean_keep
1301,sched_arr_time,4:53 p.m.,0.242264,holoclean
1301,sched_dep_time,2:55 p.m.,0.263296,holoclean
1302,act_arr_time,6:59 p.m.,0.333333,holoclean
1302,act_dep_time,2:48 p.m.,0.333333,holoclean
1302,flight,ua-62-iah-ewr,0.822976,holoclean_keep
1302,sched_arr_time,7:03 p.m.,0.915703,holoclean_keep
1302,sched_dep_time,2:30 p.m.,0.931545,holoclean_keep
1303,act_arr_time,11:45 a.m.,0.250000,holoclean
1303,act_dep_time,9:16 a.m.,0.250000,holoclean
1303,flight,ua-1500-iah-gua,0.938747,holoclean_keep
1303,sched_arr_time,11:45 a.m.,0.942444,holoclean_keep
1303,sched_dep_time,8:55 a.m.,0.975472,holoclean_keep
1304,act_arr_time,3:36 p.m.,0.880797,holoclean_keep
1304,act_dep_time,2:44 p.m.,0.880797,holoclean_keep
1304,flight,aa-3804-phl-ord,0.952154,holoclean_keep
1304,sched_arr_time,4:05 p.m.,0.856746,holoclean
1304,sched_dep_time,2:35 p.m.,0.603299,holoclean
1305,act_arr_time,5:39 p.m.,0.648786,holoclean_keep
1305,act_dep_time,3:28 p.m.,0.786986,holoclean_keep
1305,flight,aa-1917-jfk-mco,0.967303,holoclean_keep
1305,sched_arr_time,5:55 p.m.,0.497238,holoclean
1305,sched_dep_time,2:55 p.m.,0.900542,holoclean
1306,act_arr_time,11:04 a.m.,0.513519,holoclean_keep
1306,act_dep_time,7:22 a.m.,0.711235,holoclean_keep
1306,flight,aa-2268-phx-ord,0.910717,holoclean_keep
1306,sched_arr_time,11:35 a.m.,0.369019,holoclean
1306,sched_dep_time,7:15 a.m.,0.683509,holoclean
1307,act_arr_time,1:42 p.m.,0.711235,holoclean_keep
1307,act_dep_time,12:11 p.m.,0.786986,holoclean_keep
1307,flight,aa-4277-cvg-jfk,0.972286,holoclean_keep
1307,sched_arr_time,2:15 p.m.,0.610261,holoclean
1307,sched_dep_time,12:10 p.m.,0.900157,holoclean
1308,act_arr_time,10:58 a.m.,0.551873,holoclean_keep
1308,act_dep_time,8:04 a.m.,0.711235,holoclean_keep
1308,flight,aa-2957-dfw-cvg,0.941773,holoclean_keep
1308,sched_arr_time,11:05 a.m.,0.404621,holoclean
1308,sched_dep_time,7:55 a.m.,0.752705,holoclean
1309,act_arr_time,12:00 p.m.,0.333333,holoclean
1309,act_dep_time,8:52 a.m.,0.250000,holoclean
1309,flight,ua-37-edi-ewr,0.934551,holoclean_keep
1309,sched_arr_time,11:53 a.m.,0.954784,holoclean_keep
1309,sched_dep_time,9:05 a.m. (-00:00),0.802508,holoclean_keep
1310,act_arr_time,2:49 p.m.,0.786986,holoclean_keep
1310,act_dep_time,1:20 p.m.,0.786986,holoclean_keep
1310,flight,aa-789-ord-den,0.943339,holoclean_keep
1310,sched_arr_time,2:35 p.m.,0.772280,holoclean
1310,sched_dep_time,1:05 p.m.,0.560493,holoclean
1311,act_arr_time,10:12 a.m.,0.711235,holoclean_keep
1311,act_dep_time,8:55 a.m.,0.711235,holoclean_keep
1311,flight,aa-415-bos-ord,0.951865,holoclean_keep
1311,sched_arr_time,10:40 a.m.,0.610201,holoclean
1311,sched_dep_time,8:35 a.m.,0.635622,holoclean
1312,act_arr_time,6:30 p.m.,0.786986,holoclean_keep
1312,act_dep_time,3:38 p.m.,0.786986,holoclean_keep
1312,flight,aa-85-jfk-sfo,0.945057,holoclean_keep
1312,sched_arr_time,6:30 p.m.,0.742965,holoclean
1312,sched_dep_time,3:05 p.m.,0.572567,holoclean
1313,act_arr_time,7:59 a.m.,0.596418,holoclean_keep
1313,act_dep_time,8:04 a.m.,0.786986,holoclean_keep
1313,flight,aa-3979-cvg-ord,0.978744,holoclean_keep
1313,sched_arr_time,8:00 a.m.,0.477738,holoclean
1313,sched_dep_time,7:30 a.m.,0.745990,holoclean
1314,act_arr_time,6:11 p.m.,0.786986,holoclean_keep
1314,act_dep_time,4:12 p.m.,0.880797,holoclean_keep
1314,flight,aa-3786-iah-ord,0.944763,holoclean_keep
1314,sched_arr_time,6:40 p.m.,0.594657,holoclean
1314,sched_dep_time,4:00 p.m.,0.915596,holoclean
1315,act_arr_time,2:21 p.m.,0.711235,holoclean_keep
1315,act_dep_time,11:52 a.m.,0.786986,holoclean_keep
1315,flight,aa-271-mia-lax,0.945580,holoclean_keep
1315,sched_arr_time,2:25 p.m.,0.771334,holoclean
1315,sched_dep_time,11:35 a.m.,0.893987,holoclean
1316,act_arr_time,5:09 p.m.,0.500000,holoclean
1316,act_dep_time,3:31 p.m.,0.500000,holoclean
1316,flight,co-50-cle-ewr,0.892940,holoclean_keep
1316,sched_arr_time,4:49 p.m.,0.811312,holoclean_keep
1316,sched_dep_time,2:55 p.m.,0.928222,holoclean_keep
1317,act_arr_time,5:34 p.m.,0.648786,holoclean_keep
1317,act_dep_time,11:55 a.m.,0.513519,holoclean_keep
1317,flight,ua-3099-phx-phl,0.905977,holoclean_keep
1317,sched_arr_time,6:17 p.m.,0.517334,holoclean
1317,sched_dep_time,11:55 a.m.,0.645144,holoclean
1318,act_arr_time,12:37 p.m.,0.596418,holoclean_keep
1318,act_dep_time,10:55 a.m.,0.711235,holoclean_keep
1318,flight,aa-4198-ord-cle,0.948799,holoclean_keep
1318,sched_arr_time,12:55 p.m.,0.606750,holoclean
1318,sched_dep_time,10:40 a.m.,0.763290,holoclean
1319,act_arr_time,7:37 a.m.,0.596418,holoclean_keep
1319,act_dep_time,6:58 a.m.,0.711235,holoclean_keep
1319,flight,aa-404-mia-mco,0.945131,holoclean_keep
1319,sched_arr_time,7:45 a.m.,0.506770,holoclean
1319,sched_dep_time,6:45 a.m.,0.849720,holoclean
1320,act_arr_time,6:33 p.m.,0.500000,holoclean
1320,act_dep_time,3:58 p.m.,0.333333,holoclean
1320,flight,co-45-ewr-mia,0.947694,holoclean_keep
1320,sched_arr_time,7:05 p.m.,0.864264,holoclean_keep
1321,act_arr_time,6:15 a.m.,0.596418,holoclean_keep
1321,act_dep_time,6:11 a.m.,0.711235,holoclean_keep
1321,flight,aa-3809-phx-lax,0.939813,holoclean_keep
1321,sched_arr_time,6:40 a.m.,0.631093,holoclean
1321,sched_dep_time,6:00 a.m.,0.880748,holoclean
1322,act_arr_time,10:52 a.m.,0.513519,holoclean_keep
1322,act_dep_time,7:40 a.m.,0.711235,holoclean_keep
1322,flight,aa-59-jfk-sfo,0.964816,holoclean_keep
1322,sched_arr_time,10:45 a.m.,0.459434,holoclean
1322,sched_dep_time,7:10 a.m.,0.739248,holoclean
1323,act_arr_time,3:12 p.m.,0.786986,holoclean_keep
1323,act_dep_time,7:32 a.m.,0.711235,holoclean_keep
1323,flight,aa-222-lax-bos,0.947454,holoclean_keep
1323,sched_arr_time,3:30 p.m.,0.754747,holoclean
1323,sched_dep_time,7:10 a.m.,0.889222,holoclean
1324,act_arr_time,9:32adec 1,0.786986,holoclean_keep
1324,act_dep_time,7:02adec 1,0.786986,holoclean_keep
1324,flight,aa-3859-iah-ord,0.986835,holoclean_keep
1324,sched_arr_time,9:40adec 1,0.799930,holoclean_keep
1324,sched_dep_time,7:10adec 1,0.872981,holoclean_keep
1325,act_arr_time,10:02 p.m.,0.551873,holoclean_keep
1325,act_dep_time,7:14 p.m.,0.711235,holoclean_keep
1325,flight,co-1586-iah-mco,0.998623,holoclean_keep
1325,sched_arr_time,10:15 p.m.,0.965166,holoclean_keep
1325,sched_dep_time,7:00 p.m.,0.988850,holoclean_keep
1326,act_arr_time,9:28adec 1,0.648786,holoclean_keep
1326,act_dep_time,6:40adec 1,0.786986,holoclean_keep
1326,flight,aa-518-mia-jfk,0.993133,holoclean_keep
1326,sched_arr_time,9:25adec 1,0.896796,holoclean_keep
1326,sched_dep_time,6:40adec 1,0.871837,holoclean_keep
1327,act_arr_time,11:58adec 1,0.648786,holoclean_keep
1327,act_dep_time,8:48adec 1,0.648786,holoclean_keep
1327,flight,ua-397-jfk-sfo,0.993388,holoclean_keep
1327,sched_arr_time,11:55adec 1,0.901044,holoclean_keep
1327,sched_dep_time,8:19adec 1,0.905046,holoclean_keep
1328,act_arr_time,9:29 a.m.,0.200000,holoclean
1328,act_dep_time,8:42 a.m.,0.250000,holoclean
1328,flight,ua-3925-iad-orf,0.921849,holoclean_keep
1328,sched_arr_time,9:54adec 1,0.759985,holoclean_keep
1328,sched_dep_time,8:41adec 1,0.891239,holoclean_keep
1329,act_arr_time,10:28 p.m.,0.200000,holoclean
1329,act_dep_time,7:45 p.m.,0.786986,holoclean_keep
1329,flight,aa-1733-ord-phx,0.980520,holoclean_keep
1329,sched_arr_time,10:30 p.m.,0.955122,holoclean_keep
1329,sched_dep_time,7:45 p.m.,0.994497,holoclean_keep
1330,act_arr_time,3:16 p.m.,0.648786,holoclean_keep
1330,act_dep_time,11:54adec 1,0.711235,holoclean_keep
1330,flight,aa-3-jfk-lax,0.989802,holoclean_keep
1330,sched_arr_time,3:15 p.m.,0.951379,holoclean_keep
1330,sched_dep_time,12:00 p.m.,0.989191,holoclean_keep
1331,act_arr_time,5:17 p.m.,0.648786,holoclean_keep
1331,act_dep_time,3:28 p.m.,0.711235,holoclean_keep
1331,flight,ua-2830-mco-clt,0.997086,holoclean_keep
1331,sched_arr_time,5:05 p.m.,0.993561,holoclean_keep
1331,sched_dep_time,3:27 p.m.,0.996716,holoclean_keep
1332,act_arr_time,3:31 p.m.,0.880797,holoclean_keep
1332,act_dep_time,11:37adec 1,0.786986,holoclean_keep
1332,flight,co-58-den-iah,0.996088,holoclean_keep
1332,sched_arr_time,2:50 p.m.,0.969871,holoclean_keep
1332,sched_dep_time,11:25 a.m.,0.515712,holoclean
1333,act_arr_time,11:11 a.m.,0.250000,holoclean
1333,act_dep_time,10:33 a.m.,0.500000,holoclean
1333,flight,ua-5487-sfo-mry,0.934979,holoclean_keep
1333,sched_arr_time,11:19adec 1,0.912664,holoclean_keep
1333,sched_dep_time,10:39adec 1,0.957943,holoclean_keep
1334,act_arr_time,12/2/11 6:35 a.m.,0.142857,holoclean
1334,act_dep_time,11:29 p.m.,0.200000,holoclean
1334,flight,aa-204-lax-mco,0.936582,holoclean_keep
1334,sched_arr_time,6:55adec 2,0.467551,holoclean_keep
1334,sched_dep_time,11:25 p.m.,0.957082,holoclean_keep
1335,act_arr_time,7:17adec 1,0.711235,holoclean_keep
1335,act_dep_time,6:09adec 1,0.711235,holoclean_keep
1335,flight,ua-414-lax-sfo,0.993350,holoclean_keep
1335,sched_arr_time,7:23adec 1,0.939279,holoclean_keep
1335,sched_dep_time,6:14adec 1,0.948888,holoclean_keep
1336,act_arr_time,5:26adec 1,0.711235,holoclean_keep
1336,act_dep_time,12:41adec 1,0.711235,holoclean_keep
1336,flight,co-1614-lax-iah,0.993648,holoclean_keep
1336,sched_arr_time,5:35adec 1,0.947887,holoclean_keep
1336,sched_dep_time,12:30adec 1,0.947903,holoclean_keep
1337,act_arr_time,6:28 p.m.,0.648786,holoclean_keep
1337,act_dep_time,3:58 p.m.,0.648786,holoclean_keep
1337,flight,ua-2726-fll-phl,0.965252,holoclean_keep
1337,sched_arr_time,6:46 p.m.,0.913445,holoclean_keep
1337,sched_dep_time,4:00 p.m.,0.975208,holoclean_keep
1338,act_arr_time,9:08 a.m.,0.333333,holoclean
1338,act_dep_time,7:29 a.m.,0.500000,holoclean
1338,flight,co-52-iah-lax,0.961497,holoclean_keep
1338,sched_arr_time,9:21adec 2,0.693704,holoclean_keep
1338,sched_dep_time,7:35adec 1,0.895278,holoclean_keep
1339,act_arr_time,1:19 p.m.,0.880797,holoclean_keep
1339,act_dep_time,10:19adec 1,0.711235,holoclean_keep
1339,flight,co-1090-bos-iah,0.998969,holoclean_keep
1339,sched_arr_time,1:16 p.m.,0.910948,holoclean_keep
1339,sched_dep_time,9:45adec 1,0.575619,holoclean_keep
1340,act_arr_time,1:27 p.m.,0.711235,holoclean_keep
1340,act_dep_time,9:59adec 1,0.648786,holoclean_keep
1340,flight,aa-616-dfw-dtw,0.998158,holoclean_keep
1340,sched_arr_time,12:35 p.m.,0.992194,holoclean_keep
1340,sched_dep_time,9:05 a.m.,0.759677,holoclean
1341,act_arr_time,9:56adec 1,0.786986,holoclean_keep
1341,act_dep_time,8:12adec 1,0.711235,holoclean_keep
1341,flight,ua-3515-iad-msp,0.993295,holoclean_keep
1341,sched_arr_time,10:06adec 1,0.942901,holoclean_keep
1341,sched_dep_time,8:15adec 1,0.950103,holoclean_keep
1342,act_arr_time,9:45adec 1,0.711235,holoclean_keep
1342,act_dep_time,7:04adec 1,0.786986,holoclean_keep
1342,flight,aa-3468-cvg-mia,0.992547,holoclean_keep
1342,sched_arr_time,9:55adec 1,0.906130,holoclean_keep
1342,sched_dep_time,7:00adec 1,0.890222,holoclean_keep
1343,act_arr_time,7:39 p.m.,0.711235,holoclean_keep
1343,act_dep_time,4:16 p.m.,0.786986,holoclean_keep
1343,flight,aa-484-dfw-mia,0.994596,holoclean_keep
1343,sched_arr_time,7:55 p.m.,0.981193,holoclean_keep
1343,sched_dep_time,4:15 p.m.,0.976345,holoclean_keep
1344,act_arr_time,1:40 p.m.,0.786986,holoclean_keep
1344,act_dep_time,10:42adec 1,0.648786,holoclean_keep
1344,flight,aa-1886-bos-mia,0.998662,holoclean_keep
1344,sched_arr_time,2:20 p.m.,0.960308,holoclean_keep
1344,sched_dep_time,10:45adec 1,0.693131,holoclean_keep
1345,act_arr_time,7:10 p.m.,0.786986,holoclean_keep
1345,act_dep_time,2:48 p.m.,0.786986,holoclean_keep
1345,flight,co-62-iah-ewr,0.887051,holoclean_keep
1345,sched_arr_time,7:03 p.m.,0.953023,holoclean_keep
1345,sched_dep_time,2:30 p.m.,0.951040,holoclean_keep
1346,act_arr_time,11:32adec 1,0.648786,holoclean_keep
1346,act_dep_time,8:00adec 1,0.648786,holoclean_keep
1346,flight,co-1561-phx-iah,0.996568,holoclean_keep
1346,sched_arr_time,11:35adec 1,0.946862,holoclean_keep
1346,sched_dep_time,8:05adec 1,0.865349,holoclean_keep
1347,act_arr_time,4:47 p.m.,0.648786,holoclean_keep
1347,act_dep_time,2:46 p.m.,0.711235,holoclean_keep
1347,flight,ua-2314-atl-phl,0.988454,holoclean_keep
1347,sched_arr_time,5:00 p.m.,0.878542,holoclean_keep
1347,sched_dep_time,2:55 p.m.,0.936647,holoclean_keep
1348,act_arr_time,4:09 p.m.,0.551873,holoclean_keep
1348,act_dep_time,11:54adec 1,0.551873,holoclean_keep
1348,flight,aa-446-dfw-phl,0.982368,holoclean_keep
1348,sched_arr_time,3:50 p.m.,0.980843,holoclean_keep
1348,sched_dep_time,11:50 a.m.,0.476293,holoclean
1349,act_arr_time,1:14 p.m.,0.711235,holoclean_keep
1349,act_dep_time,11:56adec 1,0.648786,holoclean_keep
1349,flight,co-1023-iah-den,0.997517,holoclean_keep
1349,sched_arr_time,1:17 p.m.,0.938808,holoclean_keep
1349,sched_dep_time,11:40adec 1,0.652322,holoclean_keep
1350,act_arr_time,9:05adec 1,0.648786,holoclean_keep
1350,act_dep_time,5:58adec 1,0.711235,holoclean_keep
1350,flight,aa-466-iah-mia,0.989330,holoclean_keep
1350,sched_arr_time,9:20adec 1,0.804910,holoclean_keep
1350,sched_dep_time,6:00adec 1,0.899854,holoclean_keep
1351,act_arr_time,5:05 p.m.,0.648786,holoclean_keep
1351,act_dep_time,11:30adec 1,0.711235,holoclean_keep
1351,flight,ua-3050-phx-clt,0.993866,holoclean_keep
1351,sched_arr_time,4:57 p.m.,0.992680,holoclean_keep
1351,sched_dep_time,11:05 a.m.,0.700100,holoclean
1352,act_arr_time,10:27adec 1,0.786986,holoclean_keep
1352,act_dep_time,6:02adec 1,0.786986,holoclean_keep
1352,flight,co-89-iah-ewr,0.988931,holoclean_keep
1352,sched_arr_time,10:20adec 1,0.843287,holoclean_keep
1352,sched_dep_time,6:00adec 1,0.936364,holoclean_keep
1353,act_arr_time,10:56adec 1,0.786986,holoclean_keep
1353,act_dep_time,8:40adec 1,0.786986,holoclean_keep
1353,flight,co-1088-cle-iah,0.993764,holoclean_keep
1353,sched_arr_time,10:54adec 1,0.944630,holoclean_keep
1353,sched_dep_time,8:40adec 1,0.943838,holoclean_keep
1354,act_arr_time,11:56adec 1,0.786986,holoclean_keep
1354,act_dep_time,10:10adec 1,0.711235,holoclean_keep
1354,flight,aa-1664-mia-atl,0.993257,holoclean_keep
1354,sched_arr_time,12:10 p.m.,0.993317,holoclean_keep
1354,sched_dep_time,10:15 a.m.,0.567985,holoclean
1355,act_arr_time,3:30 p.m.,0.401818,holoclean_keep
1355,act_dep_time,1:48 p.m.,0.513519,holoclean_keep
1355,flight,aa-1279-dfw-phx,0.953469,holoclean_keep
1355,sched_arr_time,2:35 p.m.,0.951897,holoclean_keep
1355,sched_dep_time,1:00 p.m.,0.941422,holoclean_keep
1356,act_arr_time,1:30 p.m.,0.786986,holoclean_keep
1356,act_dep_time,7:49adec 1,0.786986,holoclean_keep
1356,flight,ua-854-sfo-iah,0.993604,holoclean_keep
1356,sched_arr_time,1:39 p.m.,0.966432,holoclean_keep
1356,sched_dep_time,7:53adec 1,0.649289,holoclean_keep
1357,act_arr_time,3:07 p.m.,0.250000,holoclean
1357,act_dep_time,12:35 p.m.,0.648786,holoclean_keep
1357,flight,ua-382-iad-lax,0.977725,holoclean_keep
1357,sched_arr_time,3:03 p.m.,0.777674,holoclean_keep
1357,sched_dep_time,12:30 p.m.,0.978537,holoclean_keep
1358,act_arr_time,2:10 p.m.,0.786986,holoclean_keep
1358,act_dep_time,11:47adec 1,0.711235,holoclean_keep
1358,flight,aa-4344-ord-dtw,0.993949,holoclean_keep
1358,sched_arr_time,2:00 p.m.,0.904048,holoclean_keep
1358,sched_dep_time,11:45adec 1,0.731150,holoclean_keep
1359,act_arr_time,5:42 p.m.,0.648786,holoclean_keep
1359,act_dep_time,2:42 p.m.,0.648786,holoclean_keep
1359,flight,ua-257-jfk-sfo,0.998549,holoclean_keep
1359,sched_arr_time,6:15 p.m.,0.971055,holoclean_keep
1359,sched_dep_time,2:30 p.m.,0.596971,holoclean
1360,act_arr_time,1:15 p.m.,0.648786,holoclean_keep
1360,act_dep_time,11:51adec 1,0.596418,holoclean_keep
1360,flight,ua-2945-phl-clt,0.996994,holoclean_keep
1360,sched_arr_time,1:45 p.m.,0.970090,holoclean_keep
1360,sched_dep_time,12:00 p.m.,0.988380,holoclean_keep
1361,act_arr_time,8:03 p.m.,0.786986,holoclean_keep
1361,act_dep_time,5:22 p.m.,0.880797,holoclean_keep
1361,flight,co-63-ewr-iah,0.994576,holoclean_keep
1361,sched_arr_time,8:22 p.m.,0.957057,holoclean_keep
1361,sched_dep_time,5:25 p.m.,0.943875,holoclean_keep
1362,act_arr_time,8:46 p.m.,0.200000,holoclean
1362,act_dep_time,8:25 p.m.,0.786986,holoclean_keep
1362,flight,co-47-iah-lax,0.979795,holoclean_keep
1362,sched_arr_time,10:48 p.m.,0.711861,holoclean_keep
1362,sched_dep_time,7:10 p.m.,0.981007,holoclean_keep
1363,act_arr_time,2:46 p.m.,0.551873,holoclean_keep
1363,act_dep_time,10:46adec 1,0.551873,holoclean_keep
1363,flight,aa-2050-ord-mia,0.981072,holoclean_keep
1363,sched_arr_time,2:45 p.m.,0.955244,holoclean_keep
1363,sched_dep_time,10:40 a.m.,0.570608,holoclean
1364,act_arr_time,5:34 p.m.,0.711235,holoclean_keep
1364,act_dep_time,1:32 p.m.,0.648786,holoclean_keep
1364,flight,ua-248-phx-ord,0.984080,holoclean_keep
1364,sched_arr_time,5:15 p.m.,0.700703,holoclean_keep
1364,sched_dep_time,12:57 p.m.,0.897736,holoclean_keep
1365,act_arr_time,3:33 p.m.,0.596418,holoclean_keep
1365,act_dep_time,3:27 p.m.,0.880797,holoclean_keep
1365,flight,aa-4330-cvg-ord,0.987244,holoclean_keep
1365,sched_arr_time,4:00 p.m.,0.891973,holoclean_keep
1365,sched_dep_time,3:35 p.m.,0.981254,holoclean_keep
1366,act_arr_time,10:36adec 1,0.648786,holoclean_keep
1366,act_dep_time,7:08adec 1,0.711235,holoclean_keep
1366,flight,aa-1434-dfw-mco,0.996156,holoclean_keep
1366,sched_arr_time,10:35adec 1,0.844285,holoclean_keep
1366,sched_dep_time,7:15adec 1,0.886523,holoclean_keep
1367,act_arr_time,7:25 p.m.,0.200000,holoclean
1367,act_dep_time,6:47 p.m.,0.250000,holoclean
1367,flight,aa-1640-mia-mco,0.938988,holoclean_keep
1367,sched_arr_time,7:25 p.m.,0.941011,holoclean_keep
1367,sched_dep_time,6:30 p.m.,0.958795,holoclean_keep
1368,act_arr_time,8:53 p.m.,0.711235,holoclean_keep
1368,act_dep_time,6:40 p.m.,0.711235,holoclean_keep
1368,flight,aa-4307-ord-dtw,0.998869,holoclean_keep
1368,sched_arr_time,9:10 p.m.,0.981614,holoclean_keep
1368,sched_dep_time,6:45 p.m.,0.990823,holoclean_keep
1369,act_arr_time,12:02 a.m.,0.200000,holoclean
1369,act_dep_time,7:15 p.m.,0.200000,holoclean
1369,flight,co-1694-lax-iah,0.939019,holoclean_keep
1369,sched_arr_time,12:21adec 2,0.485444,holoclean_keep
1370,act_arr_time,7:58 p.m.,0.786986,holoclean_keep
1370,act_dep_time,2:37 p.m.,0.711235,holoclean_keep
1370,flight,ua-843-lax-ord,0.993750,holoclean_keep
1370,sched_arr_time,7:53 p.m.,0.911532,holoclean_keep
1370,sched_dep_time,2:22 p.m.,0.630396,holoclean_keep
1371,act_arr_time,12:09 p.m.,0.786986,holoclean_keep
1371,act_dep_time,9:14adec 1,0.513519,holoclean_keep
1371,flight,co-1193-ewr-mco,0.996132,holoclean_keep
1371,sched_arr_time,12:18 p.m.,0.958400,holoclean_keep
1371,sched_dep_time,9:15 a.m.,0.684732,holoclean
1372,act_arr_time,7:51adec 1,0.786986,holoclean_keep
1372,act_dep_time,5:59adec 1,0.711235,holoclean_keep
1372,flight,aa-3842-msp-ord,0.989330,holoclean_keep
1372,sched_arr_time,7:30adec 1,0.823504,holoclean_keep
1372,sched_dep_time,6:00adec 1,0.890226,holoclean_keep
1373,act_arr_time,9:31adec 1,0.596418,holoclean_keep
1373,act_dep_time,7:10adec 1,0.711235,holoclean_keep
1373,flight,aa-643-mia-ord,0.979317,holoclean_keep
1373,sched_arr_time,9:35adec 1,0.790420,holoclean_keep
1373,sched_dep_time,7:10adec 1,0.892347,holoclean_keep
1374,act_arr_time,7:55 p.m.,0.786986,holoclean_keep
1374,act_dep_time,4:56 p.m.,0.711235,holoclean_keep
1374,flight,aa-1007-mia-phx,0.998161,holoclean_keep
1374,sched_arr_time,8:05 p.m.,0.959902,holoclean_keep
1374,sched_dep_time,4:55 p.m.,0.931060,holoclean_keep
1375,act_arr_time,6:38 p.m.,0.551873,holoclean_keep
1375,act_dep_time,4:28 p.m.,0.596418,holoclean_keep
1375,flight,ua-2906-phl-mco,0.998349,holoclean_keep
1375,sched_arr_time,6:23 p.m.,0.992385,holoclean_keep
1375,sched_dep_time,3:50 p.m.,0.977977,holoclean_keep
1376,act_arr_time,7:36 p.m.,0.648786,holoclean_keep
1376,act_dep_time,4:15 p.m.,0.786986,holoclean_keep
1376,flight,ua-938-den-ord,0.996996,holoclean_keep
1376,sched_arr_time,7:35 p.m.,0.921115,holoclean_keep
1376,sched_dep_time,4:16 p.m.,0.963897,holoclean_keep
1377,act_arr_time,9:53 p.m.,0.786986,holoclean_keep
1377,act_dep_time,8:01 p.m.,0.880797,holoclean_keep
1377,flight,aa-1221-mco-ord,0.994214,holoclean_keep
1377,sched_arr_time,9:45 p.m.,0.982539,holoclean_keep
1377,sched_dep_time,8:00 p.m.,0.991314,holoclean_keep
1378,act_arr_time,6:34 p.m.,0.880797,holoclean_keep
1378,act_dep_time,10:20adec 1,0.711235,holoclean_keep
1378,flight,co-16-lax-ewr,0.998667,holoclean_keep
1378,sched_arr_time,6:44 p.m.,0.981144,holoclean_keep
1378,sched_dep_time,10:25 a.m.,0.478990,holoclean
1379,act_arr_time,10:47adec 1,0.648786,holoclean_keep
1379,act_dep_time,7:07adec 1,0.596418,holoclean_keep
1379,flight,ua-2515-dfw-clt,0.993593,holoclean_keep
1379,sched_arr_time,10:31adec 1,0.966296,holoclean_keep
1379,sched_dep_time,7:05adec 1,0.969716,holoclean_keep
1380,act_arr_time,3:04 p.m.,0.711235,holoclean_keep
1380,act_dep_time,10:47adec 1,0.648786,holoclean_keep
1380,flight,aa-400-dfw-jfk,0.985248,holoclean_keep
1380,sched_arr_time,2:59 p.m.,0.912428,holoclean_keep
1380,sched_dep_time,10:40 a.m.,0.597532,holoclean
1381,act_arr_time,4:23 p.m.,0.786986,holoclean_keep
1381,act_dep_time,1:31 p.m.,0.711235,holoclean_keep
1381,flight,ua-664-ord-phl,0.994537,holoclean_keep
1381,sched_arr_time,4:31 p.m.,0.980229,holoclean_keep
1381,sched_dep_time,1:33 p.m.,0.996089,holoclean_keep
1382,act_arr_time,2:50 p.m.,0.513519,holoclean_keep
1382,act_dep_time,12:10 p.m.,0.551873,holoclean_keep
1382,flight,aa-3756-ord-slc,0.980462,holoclean_keep
1382,sched_arr_time,2:45 p.m.,0.955515,holoclean_keep
1382,sched_dep_time,12:15 p.m.,0.962284,holoclean_keep
1383,act_arr_time,4:17 p.m.,0.551873,holoclean_keep
1383,act_dep_time,1:48 p.m.,0.711235,holoclean_keep
1383,flight,ua-37-ewr-mco,0.993225,holoclean_keep
1383,sched_arr_time,4:17 p.m.,0.874867,holoclean_keep
1383,sched_dep_time,1:29 p.m.,0.977768,holoclean_keep
1384,act_arr_time,5:42 a.m. (estimated runway),0.250000,holoclean
1384,act_dep_time,12:10 a.m. (estimated runway),0.333333,holoclean
1384,flight,aa-1522-sfo-ord,0.939704,holoclean_keep
1384,sched_arr_time,5:50adec 2,0.472273,holoclean_keep
1384,sched_dep_time,11:55 p.m.,0.993564,holoclean_keep
1385,act_arr_time,11:56 p.m.,0.166667,holoclean
1385,act_dep_time,4:25 p.m.,0.166667,holoclean
1385,flight,ua-233-lax-jfk,0.936415,holoclean_keep
1385,sched_arr_time,12:29adec 2,0.515947,holoclean_keep
1385,sched_dep_time,4:25 p.m.,0.961085,holoclean_keep
1386,act_arr_time,11:49 p.m.,0.200000,holoclean
1386,act_dep_time,9:06 p.m.,0.250000,holoclean
1386,flight,aa-3823-lax-den,0.939613,holoclean_keep
1386,sched_arr_time,12:15adec 2,0.469382,holoclean_keep
1386,sched_dep_time,9:00 p.m.,0.957706,holoclean_keep
1387,act_arr_time,11:35 p.m.,0.250000,holoclean
1387,act_dep_time,8:29 p.m.,0.250000,holoclean
1387,flight,aa-2312-dfw-dtw,0.940171,holoclean_keep
1387,sched_arr_time,11:50 p.m.,0.970411,holoclean_keep
1387,sched_dep_time,8:25 p.m.,0.961084,holoclean_keep
1388,act_arr_time,10:04adec 1,0.596418,holoclean_keep
1388,act_dep_time,6:56adec 1,0.711235,holoclean_keep
1388,flight,aa-1165-jfk-mia,0.992933,holoclean_keep
1388,sched_arr_time,10:34adec 1,0.897537,holoclean_keep
1388,sched_dep_time,6:59adec 1,0.906219,holoclean_keep
1389,act_arr_time,11:44adec 1,0.648786,holoclean_keep
1389,act_dep_time,8:31adec 1,0.711235,holoclean_keep
1389,flight,aa-431-mia-sfo,0.995543,holoclean_keep
1389,sched_arr_time,11:50adec 1,0.867865,holoclean_keep
1389,sched_dep_time,8:35adec 1,0.899853,holoclean_keep
1390,act_arr_time,3:26 p.m.,0.166667,holoclean
1390,act_dep_time,11:54 a.m.,0.111111,holoclean
1390,flight,aa-649-ord-sna,0.950189,holoclean_keep
1390,sched_arr_time,3:50 p.m.,0.973522,holoclean_keep
1390,sched_dep_time,1:30 p.m.,0.945833,holoclean_keep
1391,act_arr_time,4:59 p.m.,0.880797,holoclean_keep
1391,act_dep_time,3:01 p.m.,0.880797,holoclean_keep
1391,flight,co-1250-mia-iah,0.994683,holoclean_keep
1391,sched_arr_time,4:48 p.m.,0.906638,holoclean_keep
1391,sched_dep_time,2:53 p.m.,0.950495,holoclean_keep
1392,act_arr_time,8:45adec 1,0.711235,holoclean_keep
1392,act_dep_time,7:27adec 1,0.786986,holoclean_keep
1392,flight,ua-6273-yyc-sfo,0.996020,holoclean_keep
1392,sched_arr_time,9:43adec 1,0.903232,holoclean_keep
1392,sched_dep_time,7:35adec 1,0.951118,holoclean_keep
1393,act_arr_time,5:21 a.m.,0.333333,holoclean
1393,act_dep_time,11/30/2011 11:34 p.m.,0.333333,holoclean
1393,flight,ua-828-sfo-ord,0.944905,holoclean_keep
1393,sched_arr_time,5:11adec 2,0.542220,holoclean_keep
1393,sched_dep_time,11:08 p.m.,0.995557,holoclean_keep
1394,act_arr_time,6:09 p.m.,0.166667,holoclean
1394,act_dep_time,3:52 p.m.,0.166667,holoclean
1394,flight,co-4888-iah-dal,0.967731,holoclean_keep
1394,sched_arr_time,6:40 p.m.,0.915688,holoclean_keep
1394,sched_dep_time,5:30 p.m.,0.977868,holoclean_keep
1395,act_arr_time,8:02adec 1,0.648786,holoclean_keep
1395,act_dep_time,1:32 p.m.,0.648786,holoclean_keep
1395,flight,ua-858-pvg-sfo,0.995540,holoclean_keep
1395,sched_arr_time,8:27adec 1,0.860915,holoclean_keep
1395,sched_dep_time,1:45 p.m.,0.967288,holoclean_keep
1396,act_arr_time,2:00 p.m.,0.711235,holoclean_keep
1396,act_dep_time,11:15adec 1,0.711235,holoclean_keep
1396,flight,ua-2704-dtw-phx,0.993868,holoclean_keep
1396,sched_arr_time,1:40 p.m.,0.885668,holoclean_keep
1396,sched_dep_time,11:15adec 1,0.676216,holoclean_keep
1397,act_arr_time,9:11 p.m.,0.200000,holoclean
1397,act_dep_time,8:30 p.m.,0.786986,holoclean_keep
1397,flight,aa-3063-slc-lax,0.977997,holoclean_keep
1397,sched_arr_time,9:18 p.m.,0.748777,holoclean_keep
1397,sched_dep_time,8:20 p.m.,0.930229,holoclean_keep
1398,act_arr_time,4:44 p.m.,0.711235,holoclean_keep
1398,act_dep_time,2:52 p.m.,0.711235,holoclean_keep
1398,flight,ua-2708-ewr-clt,0.987498,holoclean_keep
1398,sched_arr_time,4:53 p.m.,0.852209,holoclean_keep
1398,sched_dep_time,2:55 p.m.,0.923842,holoclean_keep
1399,act_arr_time,7:10 p.m.,0.786986,holoclean_keep
1399,act_dep_time,2:48 p.m.,0.786986,holoclean_keep
1399,flight,ua-62-iah-ewr,0.846018,holoclean_keep
1399,sched_arr_time,7:03 p.m.,0.951184,holoclean_keep
1399,sched_dep_time,2:30 p.m.,0.949010,holoclean_keep
1400,act_arr_time,11:45 a.m.,0.250000,holoclean
1400,act_dep_time,9:16adec 1,0.711235,holoclean_keep
1400,flight,ua-1500-iah-gua,0.979718,holoclean_keep
1400,sched_arr_time,12:05 p.m.,0.895837,holoclean_keep
1400,sched_dep_time,8:55adec 1,0.937918,holoclean_keep
1401,act_arr_time,3:43 p.m.,0.880797,holoclean_keep
1401,act_dep_time,2:32 p.m.,0.880797,holoclean_keep
1401,flight,aa-3804-phl-ord,0.994176,holoclean_keep
1401,sched_arr_time,4:05 p.m.,0.992288,holoclean_keep
1401,sched_dep_time,2:35 p.m.,0.978331,holoclean_keep
1402,act_arr_time,5:43 p.m.,0.711235,holoclean_keep
1402,act_dep_time,3:00 p.m.,0.786986,holoclean_keep
1402,flight,aa-1917-jfk-mco,0.992890,holoclean_keep
1402,sched_arr_time,5:55 p.m.,0.946003,holoclean_keep
1402,sched_dep_time,2:55 p.m.,0.977701,holoclean_keep
1403,act_arr_time,11:06adec 1,0.596418,holoclean_keep
1403,act_dep_time,7:10adec 1,0.596418,holoclean_keep
1403,flight,aa-2268-phx-ord,0.857365,holoclean_keep
1403,sched_arr_time,11:35adec 1,0.628546,holoclean_keep
1403,sched_dep_time,7:15adec 1,0.661706,holoclean_keep
1404,act_arr_time,1:43 p.m.,0.786986,holoclean_keep
1404,act_dep_time,12:01 p.m.,0.786986,holoclean_keep
1404,flight,aa-4277-cvg-jfk,0.994539,holoclean_keep
1404,sched_arr_time,2:15 p.m.,0.992812,holoclean_keep
1404,sched_dep_time,12:10 p.m.,0.978029,holoclean_keep
1405,act_arr_time,11:01adec 1,0.711235,holoclean_keep
1405,act_dep_time,7:51adec 1,0.711235,holoclean_keep
1405,flight,aa-2957-dfw-cvg,0.992989,holoclean_keep
1405,sched_arr_time,11:05adec 1,0.898986,holoclean_keep
1405,sched_dep_time,7:55adec 1,0.878365,holoclean_keep
1406,act_arr_time,12:09 p.m.,0.786986,holoclean_keep
1406,act_dep_time,8:52adec 1,0.551873,holoclean_keep
1406,flight,ua-37-edi-ewr,0.995438,holoclean_keep
1406,sched_arr_time,11:53adec 1,0.811314,holoclean_keep
1406,sched_dep_time,9:05adec 1,0.862468,holoclean_keep
1407,act_arr_time,3:13 p.m.,0.513519,holoclean_keep
1407,act_dep_time,1:06 p.m.,0.513519,holoclean_keep
1407,flight,aa-789-ord-den,0.984049,holoclean_keep
1407,sched_arr_time,2:35 p.m.,0.974519,holoclean_keep
1407,sched_dep_time,1:05 p.m.,0.963132,holoclean_keep
1408,act_arr_time,10:16adec 1,0.711235,holoclean_keep
1408,act_dep_time,8:32adec 1,0.711235,holoclean_keep
1408,flight,aa-415-bos-ord,0.996849,holoclean_keep
1408,sched_arr_time,10:40adec 1,0.925494,holoclean_keep
1408,sched_dep_time,8:35adec 1,0.962952,holoclean_keep
1409,act_arr_time,6:43 p.m.,0.711235,holoclean_keep
1409,act_dep_time,3:09 p.m.,0.711235,holoclean_keep
1409,flight,aa-85-jfk-sfo,0.998972,holoclean_keep
1409,sched_arr_time,6:30 p.m.,0.992097,holoclean_keep
1409,sched_dep_time,3:05 p.m.,0.995878,holoclean_keep
1410,act_arr_time,8:06adec 1,0.711235,holoclean_keep
1410,act_dep_time,7:28adec 1,0.786986,holoclean_keep
1410,flight,aa-3979-cvg-ord,0.992881,holoclean_keep
1410,sched_arr_time,8:00adec 1,0.907805,holoclean_keep
1410,sched_dep_time,7:30adec 1,0.893197,holoclean_keep
1411,act_arr_time,4:56 p.m.,0.786986,holoclean_keep
1411,act_dep_time,11:20adec 1,0.711235,holoclean_keep
1411,flight,aa-1544-san-ord,0.997626,holoclean_keep
1411,sched_arr_time,5:25 p.m.,0.930407,holoclean_keep
1411,sched_dep_time,11:25adec 1,0.748051,holoclean_keep
1412,act_arr_time,6:15 p.m.,0.648786,holoclean_keep
1412,act_dep_time,3:52 p.m.,0.711235,holoclean_keep
1412,flight,aa-3786-iah-ord,0.984495,holoclean_keep
1412,sched_arr_time,6:40 p.m.,0.931956,holoclean_keep
1412,sched_dep_time,4:00 p.m.,0.985517,holoclean_keep
1413,act_arr_time,2:27 p.m.,0.711235,holoclean_keep
1413,act_dep_time,11:33adec 1,0.786986,holoclean_keep
1413,flight,aa-271-mia-lax,0.993685,holoclean_keep
1413,sched_arr_time,2:25 p.m.,0.993116,holoclean_keep
1413,sched_dep_time,11:35 a.m.,0.770067,holoclean
1414,act_arr_time,11:06adec 1,0.596418,holoclean_keep
1414,act_dep_time,7:22adec 1,0.648786,holoclean_keep
1414,flight,aa-2525-dfw-mia,0.996948,holoclean_keep
1414,sched_arr_time,11:10adec 1,0.832358,holoclean_keep
1414,sched_dep_time,7:25adec 1,0.885415,holoclean_keep
1415,act_arr_time,5:26 p.m.,0.880797,holoclean_keep
1415,act_dep_time,3:31 p.m.,0.880797,holoclean_keep
1415,flight,co-50-cle-ewr,0.990816,holoclean_keep
1415,sched_arr_time,4:49 p.m.,0.887908,holoclean_keep
1415,sched_dep_time,2:55 p.m.,0.947199,holoclean_keep
1416,act_arr_time,5:38 p.m.,0.648786,holoclean_keep
1416,act_dep_time,11:43adec 1,0.711235,holoclean_keep
1416,flight,ua-3099-phx-phl,0.993988,holoclean_keep
1416,sched_arr_time,6:17 p.m.,0.993332,holoclean_keep
1416,sched_dep_time,11:55 a.m.,0.771126,holoclean
1417,act_arr_time,12:50 p.m.,0.786986,holoclean_keep
1417,act_dep_time,10:35adec 1,0.711235,holoclean_keep
1417,flight,aa-4198-ord-cle,0.993636,holoclean_keep
1417,sched_arr_time,12:55 p.m.,0.967090,holoclean_keep
1417,sched_dep_time,10:40 a.m.,0.761803,holoclean
1418,act_arr_time,7:40adec 1,0.596418,holoclean_keep
1418,act_dep_time,6:41adec 1,0.711235,holoclean_keep
1418,flight,aa-404-mia-mco,0.992855,holoclean_keep
1418,sched_arr_time,7:45adec 1,0.894453,holoclean_keep
1418,sched_dep_time,6:45adec 1,0.899850,holoclean_keep
1419,act_arr_time,6:36 p.m.,0.786986,holoclean_keep
1419,act_dep_time,3:58 p.m.,0.648786,holoclean_keep
1419,flight,co-45-ewr-mia,0.971628,holoclean_keep
1419,sched_arr_time,7:05 p.m.,0.922317,holoclean_keep
1420,act_arr_time,6:19adec 1,0.596418,holoclean_keep
1420,act_dep_time,5:56adec 1,0.711235,holoclean_keep
1420,flight,aa-3809-phx-lax,0.986340,holoclean_keep
1420,sched_arr_time,6:40adec 1,0.799930,holoclean_keep
1420,sched_dep_time,6:00adec 1,0.872982,holoclean_keep
1421,act_arr_time,11:12adec 1,0.648786,holoclean_keep
1421,act_dep_time,7:14adec 1,0.711235,holoclean_keep
1421,flight,aa-59-jfk-sfo,0.989097,holoclean_keep
1421,sched_arr_time,10:45adec 1,0.820538,holoclean_keep
1421,sched_dep_time,7:10adec 1,0.894086,holoclean_keep
1422,act_arr_time,3:14 p.m.,0.711235,holoclean_keep
1422,act_dep_time,7:05adec 1,0.648786,holoclean_keep
1422,flight,aa-222-lax-bos,0.984561,holoclean_keep
1422,sched_arr_time,3:30 p.m.,0.951557,holoclean_keep
1422,sched_dep_time,7:10 a.m.,0.672921,holoclean
1423,act_arr_time,3:26 p.m.,0.166667,holoclean
1423,act_dep_time,11:54 a.m.,0.142857,holoclean
1423,flight,aa-446-dfw-phl,0.794425,holoclean_keep
1423,sched_arr_time,3:50 p.m.,0.962589,holoclean_keep
1423,sched_dep_time,11:50 a.m.,0.664700,holoclean
1424,act_arr_time,9:11 a.m.,0.500000,holoclean
1424,act_dep_time,8:26 a.m.,0.333333,holoclean
1424,flight,ua-3373-iad-phl,0.833819,holoclean_keep
1424,sched_arr_time,9:24 a.m.,0.927917,holoclean_keep
1424,sched_dep_time,8:29 a.m.,0.839530,holoclean
1425,act_arr_time,3:36 p.m.,0.500000,holoclean
1425,act_dep_time,2:32 p.m.,0.500000,holoclean
1425,flight,aa-3804-phl-ord,0.812915,holoclean_keep
1425,sched_arr_time,4:05 p.m.,0.834533,holoclean
1425,sched_dep_time,2:35 p.m.,0.876617,holoclean_keep
1426,act_arr_time,4:18 p.m.,0.333333,holoclean
1426,act_dep_time,1:31 p.m.,0.250000,holoclean
1426,flight,ua-664-ord-phl,0.797994,holoclean_keep
1426,sched_arr_time,4:31 p.m.,0.918130,holoclean_keep
1426,sched_dep_time,1:33 p.m.,0.951570,holoclean
1427,act_arr_time,10:29 p.m.,0.551873,holoclean_keep
1427,act_dep_time,7:14 p.m.,0.711235,holoclean_keep
1427,flight,co-1586-iah-mco,0.998753,holoclean_keep
1427,sched_arr_time,10:15 p.m.,0.929699,holoclean_keep
1427,sched_dep_time,7:00 p.m.,0.983831,holoclean_keep
1428,act_arr_time,9:14 a.m.,0.786986,holoclean_keep
1428,act_dep_time,7:29 a.m.,0.786986,holoclean_keep
1428,flight,co-52-iah-lax,0.992005,holoclean_keep
1428,sched_arr_time,9:21 a.m.,0.835301,holoclean_keep
1428,sched_dep_time,7:35 a.m.,0.971978,holoclean_keep
1429,act_arr_time,1:14 p.m.,0.711235,holoclean_keep
1429,act_dep_time,11:56 a.m.,0.648786,holoclean_keep
1429,flight,co-1023-iah-den,0.997837,holoclean_keep
1429,sched_arr_time,1:17 p.m.,0.922272,holoclean_keep
1429,sched_dep_time,11:40 a.m.,0.943125,holoclean_keep
1430,act_arr_time,10:27 a.m.,0.786986,holoclean_keep
1430,act_dep_time,6:02 a.m.,0.786986,holoclean_keep
1430,flight,co-89-iah-ewr,0.986681,holoclean_keep
1430,sched_arr_time,10:20 a.m.,0.769725,holoclean_keep
1430,sched_dep_time,6:00 a.m.,0.989451,holoclean_keep
1431,act_arr_time,12:21 a.m.,0.648786,holoclean_keep
1431,act_dep_time,7:15 p.m.,0.648786,holoclean_keep
1431,flight,co-1694-lax-iah,0.993948,holoclean_keep
1431,sched_arr_time,12:21 a.m.,0.851769,holoclean_keep
1432,act_arr_time,5:26 a.m.,0.711235,holoclean_keep
1432,act_dep_time,12:41 a.m.,0.711235,holoclean_keep
1432,flight,co-1614-lax-iah,0.994472,holoclean_keep
1432,sched_arr_time,5:35 a.m.,0.972557,holoclean_keep
1432,sched_dep_time,12:30 a.m.,0.986591,holoclean_keep
1433,act_arr_time,10:56 a.m.,0.786986,holoclean_keep
1433,act_dep_time,8:40 a.m.,0.786986,holoclean_keep
1433,flight,co-1088-cle-iah,0.994690,holoclean_keep
1433,sched_arr_time,10:54 a.m.,0.974119,holoclean_keep
1433,sched_dep_time,8:40 a.m.,0.987542,holoclean_keep
1434,act_arr_time,3:31 p.m.,0.880797,holoclean_keep
1434,act_dep_time,11:32 a.m.,0.786986,holoclean_keep
1434,flight,co-58-den-iah,0.998350,holoclean_keep
1434,sched_arr_time,2:50 p.m.,0.973139,holoclean_keep
1434,sched_dep_time,11:25 a.m.,0.985485,holoclean_keep
1435,act_arr_time,5:26 p.m.,0.880797,holoclean_keep
1435,act_dep_time,3:31 p.m.,0.880797,holoclean_keep
1435,flight,co-50-cle-ewr,0.990837,holoclean_keep
1435,sched_arr_time,4:49 p.m.,0.887875,holoclean_keep
1435,sched_dep_time,2:55 p.m.,0.947201,holoclean_keep
1436,act_arr_time,7:10 p.m.,0.786986,holoclean_keep
1436,act_dep_time,2:48 p.m.,0.786986,holoclean_keep
1436,flight,co-62-iah-ewr,0.887279,holoclean_keep
1436,sched_arr_time,7:03 p.m.,0.953012,holoclean_keep
1436,sched_dep_time,2:30 p.m.,0.951047,holoclean_keep
1437,act_arr_time,12:09 p.m.,0.786986,holoclean_keep
1437,act_dep_time,9:14 a.m.,0.513519,holoclean_keep
1437,flight,co-1193-ewr-mco,0.997447,holoclean_keep
1437,sched_arr_time,12:18 p.m.,0.956663,holoclean_keep
1437,sched_dep_time,9:15 a.m.,0.985522,holoclean_keep
1438,act_arr_time,6:34 p.m.,0.880797,holoclean_keep
1438,act_dep_time,10:20 a.m.,0.711235,holoclean_keep
1438,flight,co-16-lax-ewr,0.998917,holoclean_keep
1438,sched_arr_time,6:44 p.m.,0.978937,holoclean_keep
1438,sched_dep_time,10:25 a.m.,0.972878,holoclean_keep
1439,act_arr_time,1:19 p.m.,0.786986,holoclean_keep
1439,act_dep_time,10:19 a.m.,0.711235,holoclean_keep
1439,flight,co-1090-bos-iah,0.991960,holoclean_keep
1439,sched_arr_time,1:16 p.m.,0.955640,holoclean_keep
1439,sched_dep_time,9:45 a.m.,0.959998,holoclean_keep
1440,act_arr_time,4:59 p.m.,0.880797,holoclean_keep
1440,act_dep_time,3:01 p.m.,0.880797,holoclean_keep
1440,flight,co-1250-mia-iah,0.994799,holoclean_keep
1440,sched_arr_time,4:48 p.m.,0.906614,holoclean_keep
1440,sched_dep_time,2:53 p.m.,0.950504,holoclean_keep
1441,act_arr_time,9:52 p.m.,0.648786,holoclean_keep
1441,act_dep_time,8:25 p.m.,0.786986,holoclean_keep
1441,flight,co-47-iah-lax,0.994161,holoclean_keep
1441,sched_arr_time,8:56 p.m.,0.952699,holoclean_keep
1441,sched_dep_time,7:10 p.m.,0.988605,holoclean_keep
1442,act_arr_time,6:40 p.m.,0.596418,holoclean_keep
1442,act_dep_time,5:30 p.m.,0.596418,holoclean_keep
1442,flight,co-4888-iah-dal,0.996389,holoclean_keep
1442,sched_arr_time,6:40 p.m.,0.975020,holoclean_keep
1442,sched_dep_time,5:30 p.m.,0.988619,holoclean_keep
1443,act_arr_time,6:36 p.m.,0.786986,holoclean_keep
1443,act_dep_time,3:58 p.m.,0.648786,holoclean_keep
1443,flight,co-45-ewr-mia,0.971690,holoclean_keep
1443,sched_arr_time,7:05 p.m.,0.922297,holoclean_keep
1444,act_arr_time,8:03 p.m.,0.786986,holoclean_keep
1444,act_dep_time,5:22 p.m.,0.880797,holoclean_keep
1444,flight,co-63-ewr-iah,0.994625,holoclean_keep
1444,sched_arr_time,8:22 p.m.,0.957045,holoclean_keep
1444,sched_dep_time,5:25 p.m.,0.943885,holoclean_keep
1445,act_arr_time,11:32 a.m.,0.551873,holoclean_keep
1445,act_dep_time,8:00 a.m.,0.551873,holoclean_keep
1445,flight,co-1561-phx-iah,0.995946,holoclean_keep
1445,sched_arr_time,11:35 a.m.,0.973098,holoclean_keep
1445,sched_dep_time,8:05 a.m.,0.914357,holoclean_keep
1446,act_arr_time,7:51 a.m.,0.711235,holoclean_keep
1446,act_dep_time,6:56 a.m.,0.711235,holoclean_keep
1446,flight,aa-3842-msp-ord,0.984461,holoclean_keep
1446,sched_arr_time,7:30 a.m.,0.872851,holoclean_keep
1446,sched_dep_time,6:00 a.m.,0.990901,holoclean_keep
1447,act_arr_time,3:43 p.m.,0.880797,holoclean_keep
1447,act_dep_time,2:44 p.m.,0.880797,holoclean_keep
1447,flight,aa-3804-phl-ord,0.994950,holoclean_keep
1447,sched_arr_time,4:05 p.m.,0.991419,holoclean_keep
1447,sched_dep_time,2:35 p.m.,0.977561,holoclean_keep
1448,act_arr_time,1:19 p.m.,0.786986,holoclean_keep
1448,act_dep_time,10:19 a.m.,0.711235,holoclean_keep
1448,flight,co-1090-bos-iah,0.991949,holoclean_keep
1448,sched_arr_time,1:16 p.m.,0.955647,holoclean_keep
1448,sched_dep_time,9:45 a.m.,0.959994,holoclean_keep
1449,act_arr_time,5:43 p.m.,0.596418,holoclean_keep
1449,act_dep_time,3:27 p.m.,0.786986,holoclean_keep
1449,flight,aa-1917-jfk-mco,0.986164,holoclean_keep
1449,sched_arr_time,5:55 p.m.,0.917412,holoclean_keep
1449,sched_dep_time,2:55 p.m.,0.992401,holoclean_keep
1450,act_arr_time,6:38 p.m.,0.551873,holoclean_keep
1450,act_dep_time,4:28 p.m.,0.596418,holoclean_keep
1450,flight,ua-2906-phl-mco,0.998349,holoclean_keep
1450,sched_arr_time,6:23 p.m.,0.992384,holoclean_keep
1450,sched_dep_time,3:50 p.m.,0.977978,holoclean_keep
1451,act_arr_time,10:27 a.m.,0.786986,holoclean_keep
1451,act_dep_time,6:02 a.m.,0.786986,holoclean_keep
1451,flight,co-89-iah-ewr,0.986659,holoclean_keep
1451,sched_arr_time,10:20 a.m.,0.769763,holoclean_keep
1451,sched_dep_time,6:00 a.m.,0.989452,holoclean_keep
1452,act_arr_time,7:36 p.m.,0.648786,holoclean_keep
1452,act_dep_time,4:15 p.m.,0.786986,holoclean_keep
1452,flight,ua-938-den-ord,0.997000,holoclean_keep
1452,sched_arr_time,7:35 p.m.,0.921104,holoclean_keep
1452,sched_dep_time,4:16 p.m.,0.963900,holoclean_keep
1453,act_arr_time,9:43 a.m.,0.648786,holoclean_keep
1453,act_dep_time,8:42 a.m.,0.711235,holoclean_keep
1453,flight,ua-3925-iad-orf,0.993745,holoclean_keep
1453,sched_arr_time,9:54 a.m.,0.865114,holoclean_keep
1453,sched_dep_time,8:41 a.m.,0.966937,holoclean_keep
1454,act_arr_time,3:13 p.m.,0.513519,holoclean_keep
1454,act_dep_time,1:19 p.m.,0.513519,holoclean_keep
1454,flight,aa-789-ord-den,0.985017,holoclean_keep
1454,sched_arr_time,2:35 p.m.,0.971874,holoclean_keep
1454,sched_dep_time,1:05 p.m.,0.963133,holoclean_keep
1455,act_arr_time,10:36 a.m.,0.648786,holoclean_keep
1455,act_dep_time,7:21 a.m.,0.711235,holoclean_keep
1455,flight,aa-1434-dfw-mco,0.996974,holoclean_keep
1455,sched_arr_time,10:35 a.m.,0.930268,holoclean_keep
1455,sched_dep_time,7:15 a.m.,0.996249,holoclean_keep
1456,act_arr_time,4:23 p.m.,0.786986,holoclean_keep
1456,act_dep_time,1:31 p.m.,0.711235,holoclean_keep
1456,flight,ua-664-ord-phl,0.994567,holoclean_keep
1456,sched_arr_time,4:31 p.m.,0.980227,holoclean_keep
1456,sched_dep_time,1:33 p.m.,0.996089,holoclean_keep
1457,act_arr_time,2:50 p.m.,0.596418,holoclean_keep
1457,act_dep_time,12:41 p.m.,0.551873,holoclean_keep
1457,flight,aa-3756-ord-slc,0.997490,holoclean_keep
1457,sched_arr_time,2:45 p.m.,0.989940,holoclean_keep
1457,sched_dep_time,12:15 p.m.,0.978473,holoclean_keep
1458,act_arr_time,5:26 a.m.,0.711235,holoclean_keep
1458,act_dep_time,12:41 a.m.,0.711235,holoclean_keep
1458,flight,co-1614-lax-iah,0.994573,holoclean_keep
1458,sched_arr_time,5:35 a.m.,0.972561,holoclean_keep
1458,sched_dep_time,12:30 a.m.,0.986589,holoclean_keep
1459,act_arr_time,3:31 p.m.,0.880797,holoclean_keep
1459,act_dep_time,11:32 a.m.,0.786986,holoclean_keep
1459,flight,co-58-den-iah,0.998348,holoclean_keep
1459,sched_arr_time,2:50 p.m.,0.973143,holoclean_keep
1459,sched_dep_time,11:25 a.m.,0.985484,holoclean_keep
1460,act_arr_time,12:01 a.m. (estimated runway),0.596418,holoclean_keep
1460,act_dep_time,4:28 p.m. (estimated runway),0.596418,holoclean_keep
1460,flight,ua-233-lax-jfk,0.993990,holoclean_keep
1460,sched_arr_time,12:29 a.m.,0.856171,holoclean_keep
1460,sched_dep_time,4:25 p.m.,0.979821,holoclean_keep
1461,act_arr_time,8:06 a.m.,0.596418,holoclean_keep
1461,act_dep_time,8:04 a.m.,0.786986,holoclean_keep
1461,flight,aa-3979-cvg-ord,0.998277,holoclean_keep
1461,sched_arr_time,8:00 a.m.,0.965981,holoclean_keep
1461,sched_dep_time,7:30 a.m.,0.989932,holoclean_keep
1462,act_arr_time,11:49 p.m. (estimated runway),0.648786,holoclean_keep
1462,act_dep_time,9:06 p.m. (estimated runway),0.711235,holoclean_keep
1462,flight,aa-3823-lax-den,0.993854,holoclean_keep
1462,sched_arr_time,12:15 a.m.,0.829143,holoclean_keep
1462,sched_dep_time,9:00 p.m.,0.973409,holoclean_keep
1463,act_arr_time,6:15 p.m.,0.648786,holoclean_keep
1463,act_dep_time,4:12 p.m.,0.711235,holoclean_keep
1463,flight,aa-3786-iah-ord,0.986385,holoclean_keep
1463,sched_arr_time,6:40 p.m.,0.925696,holoclean_keep
1463,sched_dep_time,4:00 p.m.,0.985082,holoclean_keep
1464,act_arr_time,11:44 a.m.,0.596418,holoclean_keep
1464,act_dep_time,8:51 a.m.,0.711235,holoclean_keep
1464,flight,aa-431-mia-sfo,0.995531,holoclean_keep
1464,sched_arr_time,11:50 a.m.,0.952356,holoclean_keep
1464,sched_dep_time,8:35 a.m.,0.989064,holoclean_keep
1465,act_arr_time,10:30 p.m. (estimated),0.648786,holoclean_keep
1465,act_dep_time,7:58 p.m.,0.786986,holoclean_keep
1465,flight,aa-1733-ord-phx,0.994203,holoclean_keep
1465,sched_arr_time,10:30 p.m.,0.983281,holoclean_keep
1465,sched_dep_time,7:45 p.m.,0.996716,holoclean_keep
1466,act_arr_time,9:13 a.m.,0.711235,holoclean_keep
1466,act_dep_time,8:26 a.m.,0.786986,holoclean_keep
1466,flight,ua-3373-iad-phl,0.995498,holoclean_keep
1466,sched_arr_time,9:24 a.m.,0.961767,holoclean_keep
1466,sched_dep_time,8:29 a.m.,0.977236,holoclean_keep
1467,act_arr_time,5:38 p.m.,0.648786,holoclean_keep
1467,act_dep_time,11:43 a.m.,0.711235,holoclean_keep
1467,flight,ua-3099-phx-phl,0.994745,holoclean_keep
1467,sched_arr_time,6:17 p.m.,0.992739,holoclean_keep
1467,sched_dep_time,11:55 a.m.,0.995773,holoclean_keep
1468,act_arr_time,4:47 p.m.,0.648786,holoclean_keep
1468,act_dep_time,2:46 p.m.,0.711235,holoclean_keep
1468,flight,ua-2314-atl-phl,0.988462,holoclean_keep
1468,sched_arr_time,5:00 p.m.,0.878529,holoclean_keep
1468,sched_dep_time,2:55 p.m.,0.936651,holoclean_keep
1469,act_arr_time,6:34 p.m.,0.880797,holoclean_keep
1469,act_dep_time,10:20 a.m.,0.711235,holoclean_keep
1469,flight,co-16-lax-ewr,0.998914,holoclean_keep
1469,sched_arr_time,6:44 p.m.,0.978940,holoclean_keep
1469,sched_dep_time,10:25 a.m.,0.972874,holoclean_keep
1470,act_arr_time,4:59 p.m.,0.880797,holoclean_keep
1470,act_dep_time,3:01 p.m.,0.880797,holoclean_keep
1470,flight,co-1250-mia-iah,0.994667,holoclean_keep
1470,sched_arr_time,4:48 p.m.,0.906627,holoclean_keep
1470,sched_dep_time,2:53 p.m.,0.950498,holoclean_keep
1471,act_arr_time,9:45 a.m.,0.711235,holoclean_keep
1471,act_dep_time,7:25 a.m.,0.648786,holoclean_keep
1471,flight,aa-3468-cvg-mia,0.998427,holoclean_keep
1471,sched_arr_time,9:55 a.m.,0.956955,holoclean_keep
1471,sched_dep_time,7:00 a.m.,0.988868,holoclean_keep
1472,act_arr_time,2:46 p.m.,0.551873,holoclean_keep
1472,act_dep_time,11:05 a.m.,0.551873,holoclean_keep
1472,flight,aa-2050-ord-mia,0.984632,holoclean_keep
1472,sched_arr_time,2:45 p.m.,0.929352,holoclean_keep
1472,sched_dep_time,10:40 a.m.,0.977893,holoclean_keep
1473,act_arr_time,10:16 a.m.,0.711235,holoclean_keep
1473,act_dep_time,8:56 a.m.,0.711235,holoclean_keep
1473,flight,aa-415-bos-ord,0.995142,holoclean_keep
1473,sched_arr_time,10:40 a.m.,0.889102,holoclean_keep
1473,sched_dep_time,8:35 a.m.,0.982939,holoclean_keep
1474,act_arr_time,9:19 p.m. (estimated),0.648786,holoclean_keep
1474,act_dep_time,8:39 p.m.,0.786986,holoclean_keep
1474,flight,aa-3063-slc-lax,0.994110,holoclean_keep
1474,sched_arr_time,9:20 p.m.,0.952937,holoclean_keep
1474,sched_dep_time,8:20 p.m.,0.954766,holoclean_keep
1475,act_arr_time,6:19 a.m.,0.480150,holoclean_keep
1475,act_dep_time,6:10 a.m.,0.711235,holoclean_keep
1475,flight,aa-3809-phx-lax,0.977436,holoclean_keep
1475,sched_arr_time,6:40 a.m.,0.885748,holoclean_keep
1475,sched_dep_time,6:00 a.m.,0.996461,holoclean_keep
1476,act_arr_time,11:12 a.m.,0.551873,holoclean_keep
1476,act_dep_time,7:39 a.m.,0.711235,holoclean_keep
1476,flight,aa-59-jfk-sfo,0.972791,holoclean_keep
1476,sched_arr_time,10:45 a.m.,0.853760,holoclean_keep
1476,sched_dep_time,7:10 a.m.,0.988977,holoclean_keep
1477,act_arr_time,7:10 p.m.,0.786986,holoclean_keep
1477,act_dep_time,2:48 p.m.,0.786986,holoclean_keep
1477,flight,ua-62-iah-ewr,0.846174,holoclean_keep
1477,sched_arr_time,7:03 p.m.,0.951180,holoclean_keep
1477,sched_dep_time,2:30 p.m.,0.949012,holoclean_keep
1478,act_arr_time,1:27 p.m.,0.648786,holoclean_keep
1478,act_dep_time,10:10 a.m.,0.648786,holoclean_keep
1478,flight,aa-616-dfw-dtw,0.993135,holoclean_keep
1478,sched_arr_time,12:35 p.m.,0.965229,holoclean_keep
1478,sched_dep_time,9:05 a.m.,0.989376,holoclean_keep
1479,act_arr_time,3:16 p.m.,0.551873,holoclean_keep
1479,act_dep_time,12:11 p.m.,0.711235,holoclean_keep
1479,flight,aa-3-jfk-lax,0.988048,holoclean_keep
1479,sched_arr_time,3:15 p.m.,0.950604,holoclean_keep
1479,sched_dep_time,12:00 p.m.,0.989141,holoclean_keep
1480,act_arr_time,12:21 a.m. (estimated),0.648786,holoclean_keep
1480,act_dep_time,7:15 p.m. (estimated),0.648786,holoclean_keep
1480,flight,co-1694-lax-iah,0.994294,holoclean_keep
1480,sched_arr_time,12:21 a.m.,0.851789,holoclean_keep
1481,act_arr_time,4:09 p.m.,0.450853,holoclean_keep
1481,act_dep_time,12:12 p.m.,0.551873,holoclean_keep
1481,flight,aa-446-dfw-phl,0.980499,holoclean_keep
1481,sched_arr_time,3:50 p.m.,0.967417,holoclean_keep
1481,sched_dep_time,11:50 a.m.,0.947316,holoclean_keep
1482,act_arr_time,11:30 a.m.,0.200000,holoclean
1482,act_dep_time,8:29 a.m.,0.200000,holoclean
1482,flight,ua-397-jfk-sfo,0.831440,holoclean_keep
1482,sched_arr_time,11:55 a.m.,0.919537,holoclean_keep
1482,sched_dep_time,8:00 a.m.,0.850430,holoclean
1483,act_arr_time,6:11 p.m.,0.250000,holoclean
1483,act_dep_time,3:09 p.m.,0.250000,holoclean
1483,flight,aa-85-jfk-sfo,0.952304,holoclean_keep
1483,sched_arr_time,6:30 p.m.,0.963624,holoclean_keep
1483,sched_dep_time,3:05 p.m.,0.945800,holoclean
1484,act_arr_time,11:33 a.m.,0.200000,holoclean
1484,act_dep_time,8:31 a.m.,0.250000,holoclean
1484,flight,aa-431-mia-sfo,0.811828,holoclean_keep
1484,sched_arr_time,11:50 a.m.,0.914373,holoclean_keep
1484,sched_dep_time,8:35 a.m.,0.939888,holoclean
1485,act_arr_time,10:49 a.m.,0.200000,holoclean
1485,act_dep_time,7:14 a.m.,0.250000,holoclean
1485,flight,aa-59-jfk-sfo,0.792351,holoclean_keep
1485,sched_arr_time,10:45 a.m.,0.911229,holoclean_keep
1485,sched_dep_time,7:10 a.m.,0.943617,holoclean
1486,act_arr_time,5:22 p.m.,0.200000,holoclean
1486,act_dep_time,2:26 p.m.,0.200000,holoclean
1486,flight,ua-257-jfk-sfo,0.931480,holoclean_keep
1486,sched_arr_time,6:15 p.m.,0.914373,holoclean_keep
1486,sched_dep_time,2:30 p.m.,0.751999,holoclean
1487,act_arr_time,7:04 a.m.,0.250000,holoclean
1487,act_dep_time,5:56 a.m.,0.250000,holoclean
1487,flight,ua-414-lax-sfo,0.836409,holoclean_keep
1487,sched_arr_time,7:23 a.m.,0.840480,holoclean_keep
1487,sched_dep_time,6:00 a.m.,0.659963,holoclean
1488,act_arr_time,9:22 a.m.,0.786986,holoclean_keep
1488,act_dep_time,7:16 a.m.,0.786986,holoclean_keep
1488,flight,aa-3859-iah-ord,0.948373,holoclean_keep
1488,sched_arr_time,9:40 a.m.,0.711042,holoclean
1488,sched_dep_time,7:10 a.m.,0.915358,holoclean
1489,act_arr_time,10:02 p.m.,0.142857,holoclean
1489,act_dep_time,7:14 p.m.,0.250000,holoclean
1489,flight,co-1586-iah-mco,0.980841,holoclean_keep
1489,sched_arr_time,10:15 p.m.,0.894806,holoclean_keep
1489,sched_dep_time,7:00 p.m.,0.979534,holoclean_keep
1490,act_arr_time,9:14 a.m.,0.648786,holoclean_keep
1490,act_dep_time,6:54 a.m.,0.711235,holoclean_keep
1490,flight,aa-518-mia-jfk,0.960217,holoclean_keep
1490,sched_arr_time,9:25 a.m.,0.512251,holoclean
1490,sched_dep_time,6:40 a.m.,0.763279,holoclean
1491,act_arr_time,11:30 a.m.,0.648786,holoclean_keep
1491,act_dep_time,8:48 a.m.,0.648786,holoclean_keep
1491,flight,ua-397-jfk-sfo,0.944998,holoclean_keep
1491,sched_arr_time,11:55 a.m.,0.608916,holoclean
1491,sched_dep_time,8:00 a.m.,0.651606,holoclean
1492,act_arr_time,9:29 a.m.,0.648786,holoclean_keep
1492,act_dep_time,9:00 a.m.,0.596418,holoclean_keep
1492,flight,ua-3925-iad-orf,0.922456,holoclean_keep
1492,sched_arr_time,9:54 a.m.,0.200604,holoclean
1492,sched_dep_time,8:41 a.m.,0.316097,holoclean
1493,act_arr_time,10:31 p.m.,0.648786,holoclean_keep
1493,act_dep_time,7:59 p.m.,0.786986,holoclean_keep
1493,flight,aa-1733-ord-phx,0.939783,holoclean_keep
1493,sched_arr_time,10:30 p.m.,0.643855,holoclean
1493,sched_dep_time,7:45 p.m.,0.881886,holoclean
1494,act_arr_time,5:14 p.m.,0.786986,holoclean_keep
1494,act_dep_time,3:50 p.m.,0.711235,holoclean_keep
1494,flight,ua-2830-mco-clt,0.948588,holoclean_keep
1494,sched_arr_time,5:05 p.m.,0.456797,holoclean
1494,sched_dep_time,3:27 p.m.,0.516784,holoclean
1495,act_arr_time,3:25 p.m.,0.500000,holoclean
1495,act_dep_time,11:32 a.m.,0.333333,holoclean
1495,flight,co-58-den-iah,0.977491,holoclean_keep
1495,sched_arr_time,2:50 p.m.,0.954735,holoclean_keep
1495,sched_dep_time,11:25 a.m.,0.982157,holoclean_keep
1496,act_arr_time,4:54 p.m.,0.786986,holoclean_keep
1496,act_dep_time,11:41 a.m.,0.711235,holoclean_keep
1496,flight,aa-1544-san-ord,0.955018,holoclean_keep
1496,sched_arr_time,5:25 p.m.,0.629629,holoclean
1496,sched_dep_time,11:25 a.m.,0.414376,holoclean
1497,act_arr_time,11:11 a.m.,0.711235,holoclean_keep
1497,act_dep_time,10:53 a.m.,0.880797,holoclean_keep
1497,flight,ua-5487-sfo-mry,0.960330,holoclean_keep
1497,sched_arr_time,11:19 a.m.,0.500000,holoclean
1497,sched_dep_time,10:39 a.m.,0.500000,holoclean
1498,act_arr_time,12/2/11 6:35 a.m.,0.551873,holoclean_keep
1498,act_dep_time,11:29 p.m.,0.648786,holoclean_keep
1498,flight,aa-204-lax-mco,0.943936,holoclean_keep
1498,sched_arr_time,6:55 a.m. dec 02,0.137906,holoclean
1498,sched_dep_time,11:25 p.m.,0.487667,holoclean
1499,act_arr_time,7:04 a.m.,0.596418,holoclean_keep
1499,act_dep_time,6:10 a.m.,0.711235,holoclean_keep
1499,flight,ua-414-lax-sfo,0.975229,holoclean_keep
1499,sched_arr_time,7:23 a.m.,0.261804,holoclean
1499,sched_dep_time,6:00 a.m.,0.441965,holoclean
1500,act_arr_time,5:23 a.m.,0.250000,holoclean
1500,act_dep_time,12:41 a.m.,0.250000,holoclean
1500,flight,co-1614-lax-iah,0.937540,holoclean_keep
1500,sched_arr_time,5:35 a.m.,0.956018,holoclean_keep
1500,sched_dep_time,12:30 a.m.,0.982626,holoclean_keep
1501,act_arr_time,6:25 p.m.,0.711235,holoclean_keep
1501,act_dep_time,4:10 p.m.,0.711235,holoclean_keep
1501,flight,ua-2726-fll-phl,0.947714,holoclean_keep
1501,sched_arr_time,6:46 p.m.,0.889431,holoclean
1501,sched_dep_time,4:00 p.m.,0.603391,holoclean
1502,act_arr_time,9:08 a.m.,0.333333,holoclean
1502,act_dep_time,7:29 a.m.,0.500000,holoclean
1502,flight,co-52-iah-lax,0.979930,holoclean_keep
1502,sched_arr_time,9:21 a.m.,0.824951,holoclean_keep
1502,sched_dep_time,7:35 a.m.,0.983855,holoclean_keep
1503,act_arr_time,1:09 p.m.,0.500000,holoclean
1503,act_dep_time,10:19 a.m.,0.333333,holoclean
1503,flight,co-1090-bos-iah,0.938854,holoclean_keep
1503,sched_arr_time,1:16 p.m.,0.839662,holoclean_keep
1503,sched_dep_time,9:45 a.m.,0.975653,holoclean_keep
1504,act_arr_time,1:11 p.m.,0.711235,holoclean_keep
1504,act_dep_time,10:11 a.m.,0.648786,holoclean_keep
1504,flight,aa-616-dfw-dtw,0.976655,holoclean_keep
1504,sched_arr_time,12:35 p.m.,0.823551,holoclean
1504,sched_dep_time,9:05 a.m.,0.896475,holoclean
1505,act_arr_time,9:56 a.m.,0.711235,holoclean_keep
1505,act_dep_time,8:26 a.m.,0.648786,holoclean_keep
1505,flight,ua-3515-iad-msp,0.963677,holoclean_keep
1505,sched_arr_time,10:06 a.m.,0.274197,holoclean
1505,sched_dep_time,8:15 a.m.,0.274232,holoclean
1506,act_arr_time,9:29 a.m.,0.711235,holoclean_keep
1506,act_dep_time,7:25 a.m.,0.648786,holoclean_keep
1506,flight,aa-3468-cvg-mia,0.939627,holoclean_keep
1506,sched_arr_time,9:55 a.m.,0.490773,holoclean
1506,sched_dep_time,7:00 a.m.,0.728292,holoclean
1507,act_arr_time,7:37 p.m.,0.711235,holoclean_keep
1507,act_dep_time,4:29 p.m.,0.786986,holoclean_keep
1507,flight,aa-484-dfw-mia,0.942357,holoclean_keep
1507,sched_arr_time,7:55 p.m.,0.587062,holoclean
1507,sched_dep_time,4:15 p.m.,0.536632,holoclean
1508,act_arr_time,1:36 p.m.,0.711235,holoclean_keep
1508,act_dep_time,10:54 a.m.,0.711235,holoclean_keep
1508,flight,aa-1886-bos-mia,0.970024,holoclean_keep
1508,sched_arr_time,2:20 p.m.,0.582875,holoclean
1508,sched_dep_time,10:45 a.m.,0.414788,holoclean
1509,act_arr_time,6:59 p.m.,0.333333,holoclean
1509,act_dep_time,2:48 p.m.,0.333333,holoclean
1509,flight,co-62-iah-ewr,0.839919,holoclean_keep
1509,sched_arr_time,7:03 p.m.,0.918764,holoclean_keep
1509,sched_dep_time,2:30 p.m.,0.934222,holoclean_keep
1510,act_arr_time,11:04 a.m.,0.142857,holoclean
1510,act_dep_time,7:10 a.m.,0.142857,holoclean
1510,flight,co-1561-phx-iah,0.949688,holoclean_keep
1510,sched_arr_time,11:35 a.m.,0.956871,holoclean_keep
1510,sched_dep_time,8:05 a.m.,0.891391,holoclean_keep
1511,act_arr_time,4:43 p.m.,0.551873,holoclean_keep
1511,act_dep_time,3:04 p.m.,0.711235,holoclean_keep
1511,flight,ua-2314-atl-phl,0.955355,holoclean_keep
1511,sched_arr_time,5:00 p.m.,0.266465,holoclean
1511,sched_dep_time,2:55 p.m.,0.295068,holoclean
1512,act_arr_time,4:08 p.m.,0.711235,holoclean_keep
1512,act_dep_time,12:13 p.m.,0.711235,holoclean_keep
1512,flight,aa-446-dfw-phl,0.968958,holoclean_keep
1512,sched_arr_time,3:50 p.m.,0.632170,holoclean
1512,sched_dep_time,11:50 a.m.,0.722324,holoclean
1513,act_arr_time,1:06 p.m.,0.250000,holoclean
1513,act_dep_time,11:56 a.m.,0.250000,holoclean
1513,flight,co-1023-iah-den,0.934903,holoclean_keep
1513,sched_arr_time,1:17 p.m.,0.948229,holoclean_keep
1513,sched_dep_time,11:40 a.m.,0.965371,holoclean_keep
1514,act_arr_time,8:50 a.m.,0.551873,holoclean_keep
1514,act_dep_time,6:09 a.m.,0.711235,holoclean_keep
1514,flight,aa-466-iah-mia,0.980628,holoclean_keep
1514,sched_arr_time,9:20 a.m.,0.441694,holoclean
1514,sched_dep_time,6:00 a.m.,0.747197,holoclean
1515,act_arr_time,5:00 p.m.,0.648786,holoclean_keep
1515,act_dep_time,11:45 a.m.,0.648786,holoclean_keep
1515,flight,ua-3050-phx-clt,0.941971,holoclean_keep
1515,sched_arr_time,4:57 p.m.,0.794419,holoclean
1515,sched_dep_time,11:05 a.m.,0.870023,holoclean
1516,act_arr_time,10:18 a.m.,0.333333,holoclean
1516,act_dep_time,6:02 a.m.,0.333333,holoclean
1516,flight,co-89-iah-ewr,0.856302,holoclean_keep
1516,sched_arr_time,10:20 a.m.,0.657401,holoclean_keep
1516,sched_dep_time,6:00 a.m.,0.985840,holoclean_keep
1517,act_arr_time,10:47 a.m.,0.333333,holoclean
1517,act_dep_time,8:40 a.m.,0.333333,holoclean
1517,flight,co-1088-cle-iah,0.940223,holoclean_keep
1517,sched_arr_time,10:54 a.m.,0.958482,holoclean_keep
1517,sched_dep_time,8:40 a.m.,0.983855,holoclean_keep
1518,act_arr_time,11:50 a.m.,0.711235,holoclean_keep
1518,act_dep_time,10:19 a.m.,0.711235,holoclean_keep
1518,flight,aa-1664-mia-atl,0.976011,holoclean_keep
1518,sched_arr_time,12:10 p.m.,0.757101,holoclean
1518,sched_dep_time,10:15 a.m.,0.803619,holoclean
1519,act_arr_time,3:13 p.m.,0.711235,holoclean_keep
1519,act_dep_time,2:03 p.m.,0.648786,holoclean_keep
1519,flight,aa-1279-dfw-phx,0.957551,holoclean_keep
1519,sched_arr_time,2:35 p.m.,0.857510,holoclean
1519,sched_dep_time,1:00 p.m.,0.860730,holoclean
1520,act_arr_time,1:23 p.m.,0.786986,holoclean_keep
1520,act_dep_time,8:07 a.m.,0.786986,holoclean_keep
1520,flight,ua-854-sfo-iah,0.956108,holoclean_keep
1520,sched_arr_time,1:39 p.m.,0.660220,holoclean
1520,sched_dep_time,7:53 a.m.,0.458149,holoclean
1521,act_arr_time,3:09 p.m.,0.711235,holoclean_keep
1521,act_dep_time,12:56 p.m.,0.551873,holoclean_keep
1521,flight,ua-382-iad-lax,0.965140,holoclean_keep
1521,sched_arr_time,3:30 p.m.,0.221194,holoclean
1521,sched_dep_time,12:30 p.m.,0.359153,holoclean
1522,act_arr_time,1:55 p.m.,0.786986,holoclean_keep
1522,act_dep_time,12:14 p.m.,0.711235,holoclean_keep
1522,flight,aa-4344-ord-dtw,0.954781,holoclean_keep
1522,sched_arr_time,2:00 p.m.,0.256227,holoclean
1522,sched_dep_time,11:45 a.m.,0.603346,holoclean
1523,act_arr_time,5:22 p.m.,0.711235,holoclean_keep
1523,act_dep_time,2:43 p.m.,0.711235,holoclean_keep
1523,flight,ua-257-jfk-sfo,0.945838,holoclean_keep
1523,sched_arr_time,6:15 p.m.,0.639088,holoclean
1523,sched_dep_time,2:30 p.m.,0.688816,holoclean
1524,act_arr_time,1:11 p.m.,0.648786,holoclean_keep
1524,act_dep_time,12:07 p.m.,0.513519,holoclean_keep
1524,flight,ua-2945-phl-clt,0.945727,holoclean_keep
1524,sched_arr_time,1:45 p.m.,0.497213,holoclean
1524,sched_dep_time,12:00 p.m.,0.603438,holoclean
1525,act_arr_time,7:43 p.m.,0.333333,holoclean
1525,act_dep_time,5:22 p.m.,0.500000,holoclean
1525,flight,co-63-ewr-iah,0.935945,holoclean_keep
1525,sched_arr_time,8:22 p.m.,0.931814,holoclean_keep
1525,sched_dep_time,5:25 p.m.,0.928216,holoclean_keep
1526,act_arr_time,8:46 p.m.,0.200000,holoclean
1526,act_dep_time,7:27 p.m.,0.333333,holoclean
1526,flight,co-47-iah-lax,0.934709,holoclean_keep
1526,sched_arr_time,8:56 p.m.,0.872277,holoclean_keep
1526,sched_dep_time,7:10 p.m.,0.979083,holoclean_keep
1527,act_arr_time,2:39 p.m.,0.648786,holoclean_keep
1527,act_dep_time,11:06 a.m.,0.711235,holoclean_keep
1527,flight,aa-2050-ord-mia,0.942497,holoclean_keep
1527,sched_arr_time,2:45 p.m.,0.627749,holoclean
1527,sched_dep_time,10:40 a.m.,0.889654,holoclean
1528,act_arr_time,5:24 p.m.,0.880797,holoclean_keep
1528,act_dep_time,1:43 p.m.,0.786986,holoclean_keep
1528,flight,ua-248-phx-ord,0.955619,holoclean_keep
1528,sched_arr_time,5:15 p.m.,0.373050,holoclean
1528,sched_dep_time,12:57 p.m.,0.464309,holoclean
1529,act_arr_time,3:25 p.m.,0.333333,holoclean
1529,act_dep_time,3:27 p.m.,0.500000,holoclean
1529,flight,aa-4330-cvg-ord,0.935319,holoclean_keep
1529,sched_arr_time,4:00 p.m.,0.942023,holoclean_keep
1529,sched_dep_time,3:35 p.m.,0.933521,holoclean_keep
1530,act_arr_time,10:34 a.m.,0.480150,holoclean_keep
1530,act_dep_time,7:22 a.m.,0.711235,holoclean_keep
1530,flight,aa-1434-dfw-mco,0.915039,holoclean_keep
1530,sched_arr_time,10:35 a.m.,0.300101,holoclean
1530,sched_dep_time,7:15 a.m.,0.632708,holoclean
1531,act_arr_time,7:25 p.m.,0.648786,holoclean_keep
1531,act_dep_time,6:47 p.m.,0.711235,holoclean_keep
1531,flight,aa-1640-mia-mco,0.932347,holoclean_keep
1531,sched_arr_time,7:25 p.m.,0.539611,holoclean
1531,sched_dep_time,6:30 p.m.,0.569690,holoclean
1532,act_arr_time,8:38 p.m.,0.711235,holoclean_keep
1532,act_dep_time,6:56 p.m.,0.786986,holoclean_keep
1532,flight,aa-4307-ord-dtw,0.985300,holoclean_keep
1532,sched_arr_time,9:10 p.m.,0.469254,holoclean
1532,sched_dep_time,6:45 p.m.,0.784725,holoclean
1533,act_arr_time,3:04 p.m.,0.648786,holoclean_keep
1533,act_dep_time,12:12 p.m.,0.513519,holoclean_keep
1533,flight,aa-3-jfk-lax,0.871559,holoclean_keep
1533,sched_arr_time,3:15 p.m.,0.476768,holoclean
1533,sched_dep_time,12:00 p.m.,0.538859,holoclean
1534,act_arr_time,12:02 a.m.,0.200000,holoclean
1534,act_dep_time,7:15 p.m.,0.200000,holoclean
1534,flight,co-1694-lax-iah,0.940024,holoclean_keep
1534,sched_arr_time,12/2/11 12:21 a.m.,0.549950,holoclean_keep
1535,act_arr_time,7:20 p.m.,0.551873,holoclean_keep
1535,act_dep_time,2:04 p.m.,0.711235,holoclean_keep
1535,flight,ua-843-lax-ord,0.939347,holoclean_keep
1535,sched_arr_time,7:53 p.m.,0.250844,holoclean
1535,sched_dep_time,1:55 p.m.,0.248137,holoclean
1536,act_arr_time,12:02 p.m.,0.333333,holoclean
1536,act_dep_time,9:14 a.m.,0.200000,holoclean
1536,flight,co-1193-ewr-mco,0.938059,holoclean_keep
1536,sched_arr_time,12:18 p.m.,0.955469,holoclean_keep
1536,sched_dep_time,9:15 a.m.,0.994641,holoclean_keep
1537,act_arr_time,7:49 a.m.,0.648786,holoclean_keep
1537,act_dep_time,6:57 a.m.,0.711235,holoclean_keep
1537,flight,aa-3842-msp-ord,0.964476,holoclean_keep
1537,sched_arr_time,7:30 a.m.,0.374737,holoclean
1537,sched_dep_time,6:00 a.m.,0.748748,holoclean
1538,act_arr_time,9:26 a.m.,0.551873,holoclean_keep
1538,act_dep_time,7:31 a.m.,0.711235,holoclean_keep
1538,flight,aa-643-mia-ord,0.942809,holoclean_keep
1538,sched_arr_time,9:35 a.m.,0.430888,holoclean
1538,sched_dep_time,7:10 a.m.,0.880805,holoclean
1539,act_arr_time,7:43 p.m.,0.786986,holoclean_keep
1539,act_dep_time,5:09 p.m.,0.711235,holoclean_keep
1539,flight,aa-1007-mia-phx,0.983047,holoclean_keep
1539,sched_arr_time,8:05 p.m.,0.351456,holoclean
1539,sched_dep_time,4:55 p.m.,0.678250,holoclean
1540,act_arr_time,10:43 a.m.,0.551873,holoclean_keep
1540,act_dep_time,7:39 a.m.,0.648786,holoclean_keep
1540,flight,aa-2525-dfw-mia,0.912664,holoclean_keep
1540,sched_arr_time,11:10 a.m.,0.312875,holoclean
1540,sched_dep_time,7:25 a.m.,0.718487,holoclean
1541,act_arr_time,6:28 p.m.,0.596418,holoclean_keep
1541,act_dep_time,4:44 p.m.,0.513519,holoclean_keep
1541,flight,ua-2906-phl-mco,0.934562,holoclean_keep
1541,sched_arr_time,6:23 p.m.,0.552652,holoclean
1541,sched_dep_time,3:50 p.m.,0.854709,holoclean
1542,act_arr_time,7:23 p.m.,0.786986,holoclean_keep
1542,act_dep_time,4:37 p.m.,0.786986,holoclean_keep
1542,flight,ua-938-den-ord,0.952422,holoclean_keep
1542,sched_arr_time,7:35 p.m.,0.602872,holoclean
1542,sched_dep_time,4:16 p.m.,0.651868,holoclean
1543,act_arr_time,9:47 p.m.,0.786986,holoclean_keep
1543,act_dep_time,8:23 p.m.,0.880797,holoclean_keep
1543,flight,aa-1221-mco-ord,0.943538,holoclean_keep
1543,sched_arr_time,9:45 p.m.,0.609817,holoclean
1543,sched_dep_time,8:00 p.m.,0.766074,holoclean
1544,act_arr_time,6:13 p.m.,0.500000,holoclean
1544,act_dep_time,10:20 a.m.,0.333333,holoclean
1544,flight,co-16-lax-ewr,0.939106,holoclean_keep
1544,sched_arr_time,6:44 p.m.,0.839662,holoclean_keep
1544,sched_dep_time,10:25 a.m.,0.983984,holoclean_keep
1545,act_arr_time,10:43 a.m.,0.596418,holoclean_keep
1545,act_dep_time,7:30 a.m.,0.513519,holoclean_keep
1545,flight,ua-2515-dfw-clt,0.846006,holoclean_keep
1545,sched_arr_time,10:31 a.m.,0.289850,holoclean
1545,sched_dep_time,7:05 a.m.,0.320792,holoclean
1546,act_arr_time,2:58 p.m.,0.711235,holoclean_keep
1546,act_dep_time,11:02 a.m.,0.711235,holoclean_keep
1546,flight,aa-400-dfw-jfk,0.950928,holoclean_keep
1546,sched_arr_time,2:59 p.m.,0.705248,holoclean
1546,sched_dep_time,10:40 a.m.,0.867544,holoclean
1547,act_arr_time,4:20 p.m.,0.648786,holoclean_keep
1547,act_dep_time,1:48 p.m.,0.711235,holoclean_keep
1547,flight,ua-664-ord-phl,0.948649,holoclean_keep
1547,sched_arr_time,4:31 p.m.,0.404166,holoclean
1547,sched_dep_time,1:33 p.m.,0.671578,holoclean
1548,act_arr_time,2:50 p.m.,0.786986,holoclean_keep
1548,act_dep_time,12:42 p.m.,0.786986,holoclean_keep
1548,flight,aa-3756-ord-slc,0.943460,holoclean_keep
1548,sched_arr_time,2:45 p.m.,0.895710,holoclean
1548,sched_dep_time,12:15 p.m.,0.601570,holoclean
1549,act_arr_time,4:05 p.m.,0.333333,holoclean
1549,act_dep_time,1:48 p.m.,0.250000,holoclean
1549,flight,ua-37-ewr-mco,0.936261,holoclean_keep
1549,sched_arr_time,4:17 p.m.,0.946554,holoclean_keep
1549,sched_dep_time,1:29 p.m.,0.928218,holoclean_keep
1550,act_arr_time,5:52 a.m.,0.711235,holoclean_keep
1550,act_dep_time,12:11 a.m.,0.786986,holoclean_keep
1550,flight,aa-1522-sfo-ord,0.948085,holoclean_keep
1550,sched_arr_time,5:50 a.m.,0.164882,holoclean
1550,sched_dep_time,11:55 p.m.,0.875891,holoclean
1551,act_arr_time,12/2/11 12:01 a.m.,0.551873,holoclean_keep
1551,act_dep_time,4:28 p.m.,0.596418,holoclean_keep
1551,flight,ua-233-lax-jfk,0.938296,holoclean_keep
1551,sched_arr_time,12:29 a.m.,0.153171,holoclean
1551,sched_dep_time,4:25 p.m.,0.888007,holoclean
1552,act_arr_time,11:49 p.m.,0.648786,holoclean_keep
1552,act_dep_time,9:06 p.m.,0.711235,holoclean_keep
1552,flight,aa-3823-lax-den,0.943498,holoclean_keep
1552,sched_arr_time,12:15 a.m.,0.150303,holoclean
1552,sched_dep_time,9:00 p.m.,0.491283,holoclean
1553,act_arr_time,11:35 p.m.,0.711235,holoclean_keep
1553,act_dep_time,8:29 p.m.,0.711235,holoclean_keep
1553,flight,aa-2312-dfw-dtw,0.938114,holoclean_keep
1553,sched_arr_time,11:50 p.m.,0.671716,holoclean
1553,sched_dep_time,8:25 p.m.,0.584387,holoclean
1554,act_arr_time,9:45 a.m.,0.513519,holoclean_keep
1554,act_dep_time,7:23 a.m.,0.596418,holoclean_keep
1554,flight,aa-1165-jfk-mia,0.842831,holoclean_keep
1554,sched_arr_time,10:34 a.m.,0.265765,holoclean
1554,sched_dep_time,6:59 a.m.,0.554846,holoclean
1555,act_arr_time,11:33 a.m.,0.596418,holoclean_keep
1555,act_dep_time,8:52 a.m.,0.711235,holoclean_keep
1555,flight,aa-431-mia-sfo,0.974894,holoclean_keep
1555,sched_arr_time,11:50 a.m.,0.490726,holoclean
1555,sched_dep_time,8:35 a.m.,0.735572,holoclean
1556,act_arr_time,9:13 a.m.,0.880797,holoclean_keep
1556,act_dep_time,8:37 a.m.,0.786986,holoclean_keep
1556,flight,ua-3373-iad-phl,0.957621,holoclean_keep
1556,sched_arr_time,9:24 a.m.,0.691850,holoclean
1556,sched_dep_time,8:29 a.m.,0.676202,holoclean
1557,act_arr_time,3:29 p.m.,0.711235,holoclean_keep
1557,act_dep_time,1:41 p.m.,0.711235,holoclean_keep
1557,flight,aa-649-ord-sna,0.946755,holoclean_keep
1557,sched_arr_time,3:50 p.m.,0.795098,holoclean
1557,sched_dep_time,1:30 p.m.,0.497186,holoclean
1558,act_arr_time,4:55 p.m.,0.500000,holoclean
1558,act_dep_time,3:01 p.m.,0.500000,holoclean
1558,flight,co-1250-mia-iah,0.935549,holoclean_keep
1558,sched_arr_time,4:48 p.m.,0.834079,holoclean_keep
1558,sched_dep_time,2:53 p.m.,0.931037,holoclean_keep
1559,act_arr_time,8:33 a.m.,0.711235,holoclean_keep
1559,act_dep_time,7:41 a.m.,0.786986,holoclean_keep
1559,flight,ua-6273-yyc-sfo,0.956378,holoclean_keep
1559,sched_arr_time,9:43 a.m.,0.356959,holoclean
1559,sched_dep_time,7:35 a.m.,0.365588,holoclean
1560,act_arr_time,5:21 a.m.,0.333333,holoclean
1560,act_dep_time,11/30/2011 11:34 p.m.,0.333333,holoclean
1560,flight,ua-828-sfo-ord,0.945933,holoclean_keep
1560,sched_arr_time,12/2/11 5:11 a.m.,0.591168,holoclean_keep
1560,sched_dep_time,11:08 p.m.,0.995557,holoclean_keep
1561,act_arr_time,6:19 p.m.,0.551873,holoclean_keep
1561,act_dep_time,5:38 p.m.,0.711235,holoclean_keep
1561,flight,co-4888-iah-dal,0.922286,holoclean_keep
1561,sched_arr_time,6:40 p.m.,0.442096,holoclean
1561,sched_dep_time,5:30 p.m.,0.887010,holoclean
1562,act_arr_time,7:50 a.m.,0.711235,holoclean_keep
1562,act_dep_time,1:50 p.m. (+8:00),0.648786,holoclean_keep
1562,flight,ua-858-pvg-sfo,0.956143,holoclean_keep
1562,sched_arr_time,8:27 a.m.,0.377986,holoclean
1562,sched_dep_time,1:45 p.m.,0.598090,holoclean
1563,act_arr_time,1:52 p.m.,0.648786,holoclean_keep
1563,act_dep_time,11:47 a.m.,0.711235,holoclean_keep
1563,flight,ua-2704-dtw-phx,0.989965,holoclean_keep
1563,sched_arr_time,1:40 p.m.,0.628494,holoclean
1563,sched_dep_time,11:15 a.m.,0.441332,holoclean
1564,act_arr_time,9:12 p.m.,0.648786,holoclean_keep
1564,act_dep_time,8:40 p.m.,0.786986,holoclean_keep
1564,flight,aa-3063-slc-lax,0.952562,holoclean_keep
1564,sched_arr_time,9:20 p.m.,0.414978,holoclean
1564,sched_dep_time,8:20 p.m.,0.333070,holoclean
1565,act_arr_time,4:22 p.m.,0.551873,holoclean_keep
1565,act_dep_time,3:04 p.m.,0.711235,holoclean_keep
1565,flight,ua-2708-ewr-clt,0.970937,holoclean_keep
1565,sched_arr_time,4:53 p.m.,0.242264,holoclean
1565,sched_dep_time,2:55 p.m.,0.263293,holoclean
1566,act_arr_time,6:59 p.m.,0.333333,holoclean
1566,act_dep_time,2:48 p.m.,0.333333,holoclean
1566,flight,ua-62-iah-ewr,0.822976,holoclean_keep
1566,sched_arr_time,7:03 p.m.,0.915703,holoclean_keep
1566,sched_dep_time,2:30 p.m.,0.931546,holoclean_keep
1567,act_arr_time,11:45 a.m.,0.250000,holoclean
1567,act_dep_time,9:16 a.m.,0.250000,holoclean
1567,flight,ua-1500-iah-gua,0.936701,holoclean_keep
1567,sched_arr_time,11:45 a.m.,0.942444,holoclean_keep
1567,sched_dep_time,8:55 a.m.,0.975472,holoclean_keep
1568,act_arr_time,3:36 p.m.,0.880797,holoclean_keep
1568,act_dep_time,2:44 p.m.,0.880797,holoclean_keep
1568,flight,aa-3804-phl-ord,0.946891,holoclean_keep
1568,sched_arr_time,4:05 p.m.,0.856746,holoclean
1568,sched_dep_time,2:35 p.m.,0.603305,holoclean
1569,act_arr_time,5:39 p.m.,0.648786,holoclean_keep
1569,act_dep_time,3:28 p.m.,0.786986,holoclean_keep
1569,flight,aa-1917-jfk-mco,0.967303,holoclean_keep
1569,sched_arr_time,5:55 p.m.,0.497238,holoclean
1569,sched_dep_time,2:55 p.m.,0.900542,holoclean
1570,act_arr_time,11:04 a.m.,0.513519,holoclean_keep
1570,act_dep_time,7:22 a.m.,0.711235,holoclean_keep
1570,flight,aa-2268-phx-ord,0.910717,holoclean_keep
1570,sched_arr_time,11:35 a.m.,0.369019,holoclean
1570,sched_dep_time,7:15 a.m.,0.683509,holoclean
1571,act_arr_time,1:42 p.m.,0.711235,holoclean_keep
1571,act_dep_time,12:11 p.m.,0.786986,holoclean_keep
1571,flight,aa-4277-cvg-jfk,0.972286,holoclean_keep
1571,sched_arr_time,2:15 p.m.,0.610261,holoclean
1571,sched_dep_time,12:10 p.m.,0.900157,holoclean
1572,act_arr_time,10:58 a.m.,0.551873,holoclean_keep
1572,act_dep_time,8:04 a.m.,0.711235,holoclean_keep
1572,flight,aa-2957-dfw-cvg,0.941773,holoclean_keep
1572,sched_arr_time,11:05 a.m.,0.404621,holoclean
1572,sched_dep_time,7:55 a.m.,0.752705,holoclean
1573,act_arr_time,12:00 p.m.,0.333333,holoclean
1573,act_dep_time,8:52 a.m.,0.250000,holoclean
1573,flight,ua-37-edi-ewr,0.934664,holoclean_keep
1573,sched_arr_time,11:53 a.m.,0.954784,holoclean_keep
1573,sched_dep_time,9:05 a.m. (-00:00),0.802508,holoclean_keep
1574,act_arr_time,2:49 p.m.,0.786986,holoclean_keep
1574,act_dep_time,1:20 p.m.,0.786986,holoclean_keep
1574,flight,aa-789-ord-den,0.942783,holoclean_keep
1574,sched_arr_time,2:35 p.m.,0.772280,holoclean
1574,sched_dep_time,1:05 p.m.,0.560490,holoclean
1575,act_arr_time,10:12 a.m.,0.711235,holoclean_keep
1575,act_dep_time,8:55 a.m.,0.711235,holoclean_keep
1575,flight,aa-415-bos-ord,0.950056,holoclean_keep
1575,sched_arr_time,10:40 a.m.,0.610201,holoclean
1575,sched_dep_time,8:35 a.m.,0.635622,holoclean
1576,act_arr_time,6:30 p.m.,0.786986,holoclean_keep
1576,act_dep_time,3:38 p.m.,0.786986,holoclean_keep
1576,flight,aa-85-jfk-sfo,0.943855,holoclean_keep
1576,sched_arr_time,6:30 p.m.,0.742965,holoclean
1576,sched_dep_time,3:05 p.m.,0.572562,holoclean
1577,act_arr_time,7:59 a.m.,0.596418,holoclean_keep
1577,act_dep_time,8:04 a.m.,0.786986,holoclean_keep
1577,flight,aa-3979-cvg-ord,0.978744,holoclean_keep
1577,sched_arr_time,8:00 a.m.,0.477738,holoclean
1577,sched_dep_time,7:30 a.m.,0.745990,holoclean
1578,act_arr_time,6:11 p.m.,0.786986,holoclean_keep
1578,act_dep_time,4:12 p.m.,0.880797,holoclean_keep
1578,flight,aa-3786-iah-ord,0.942525,holoclean_keep
1578,sched_arr_time,6:40 p.m.,0.594657,holoclean
1578,sched_dep_time,4:00 p.m.,0.915596,holoclean
1579,act_arr_time,2:21 p.m.,0.711235,holoclean_keep
1579,act_dep_time,11:52 a.m.,0.786986,holoclean_keep
1579,flight,aa-271-mia-lax,0.949801,holoclean_keep
1579,sched_arr_time,2:25 p.m.,0.771334,holoclean
1579,sched_dep_time,11:35 a.m.,0.893987,holoclean
1580,act_arr_time,5:09 p.m.,0.500000,holoclean
1580,act_dep_time,3:31 p.m.,0.500000,holoclean
1580,flight,co-50-cle-ewr,0.892940,holoclean_keep
1580,sched_arr_time,4:49 p.m.,0.811312,holoclean_keep
1580,sched_dep_time,2:55 p.m.,0.928221,holoclean_keep
1581,act_arr_time,5:34 p.m.,0.648786,holoclean_keep
1581,act_dep_time,11:55 a.m.,0.513519,holoclean_keep
1581,flight,ua-3099-phx-phl,0.905977,holoclean_keep
1581,sched_arr_time,6:17 p.m.,0.517334,holoclean
1581,sched_dep_time,11:55 a.m.,0.645144,holoclean
1582,act_arr_time,12:37 p.m.,0.596418,holoclean_keep
1582,act_dep_time,10:55 a.m.,0.711235,holoclean_keep
1582,flight,aa-4198-ord-cle,0.948799,holoclean_keep
1582,sched_arr_time,12:55 p.m.,0.606750,holoclean
1582,sched_dep_time,10:40 a.m.,0.763290,holoclean
1583,act_arr_time,7:37 a.m.,0.596418,holoclean_keep
1583,act_dep_time,6:58 a.m.,0.711235,holoclean_keep
1583,flight,aa-404-mia-mco,0.945118,holoclean_keep
1583,sched_arr_time,7:45 a.m.,0.506770,holoclean
1583,sched_dep_time,6:45 a.m.,0.849720,holoclean
1584,act_arr_time,6:33 p.m.,0.500000,holoclean
1584,act_dep_time,3:58 p.m.,0.333333,holoclean
1584,flight,co-45-ewr-mia,0.947694,holoclean_keep
1584,sched_arr_time,7:05 p.m.,0.864264,holoclean_keep
1585,act_arr_time,6:15 a.m.,0.596418,holoclean_keep
1585,act_dep_time,6:11 a.m.,0.711235,holoclean_keep
1585,flight,aa-3809-phx-lax,0.943362,holoclean_keep
1585,sched_arr_time,6:40 a.m.,0.631093,holoclean
1585,sched_dep_time,6:00 a.m.,0.880748,holoclean
1586,act_arr_time,10:52 a.m.,0.513519,holoclean_keep
1586,act_dep_time,7:40 a.m.,0.711235,holoclean_keep
1586,flight,aa-59-jfk-sfo,0.964816,holoclean_keep
1586,sched_arr_time,10:45 a.m.,0.459434,holoclean
1586,sched_dep_time,7:10 a.m.,0.739248,holoclean
1587,act_arr_time,3:12 p.m.,0.786986,holoclean_keep
1587,act_dep_time,7:32 a.m.,0.711235,holoclean_keep
1587,flight,aa-222-lax-bos,0.948483,holoclean_keep
1587,sched_arr_time,3:30 p.m.,0.754747,holoclean
1587,sched_dep_time,7:10 a.m.,0.889222,holoclean
1588,act_arr_time,10:28 p.m.,0.200000,holoclean
1588,act_dep_time,7:45 p.m.,0.786986,holoclean_keep
1588,flight,aa-1733-ord-phx,0.980838,holoclean_keep
1588,sched_arr_time,10:30 p.m.,0.955121,holoclean_keep
1588,sched_dep_time,7:45 p.m.,0.994497,holoclean_keep
1589,act_arr_time,10:02 p.m.,0.551873,holoclean_keep
1589,act_dep_time,7:14 p.m.,0.711235,holoclean_keep
1589,flight,co-1586-iah-mco,0.998623,holoclean_keep
1589,sched_arr_time,10:15 p.m.,0.965164,holoclean_keep
1589,sched_dep_time,7:00 p.m.,0.988850,holoclean_keep
1590,act_arr_time,9:29 a.m.,0.200000,holoclean
1590,act_dep_time,8:42 a.m.,0.250000,holoclean
1590,flight,ua-3925-iad-orf,0.920290,holoclean_keep
1590,sched_arr_time,9:54adec 1,0.759987,holoclean_keep
1590,sched_dep_time,8:41adec 1,0.891238,holoclean_keep
1591,act_arr_time,7:25 p.m.,0.200000,holoclean
1591,act_dep_time,6:47 p.m.,0.250000,holoclean
1591,flight,aa-1640-mia-mco,0.941472,holoclean_keep
1591,sched_arr_time,7:25 p.m.,0.941008,holoclean_keep
1591,sched_dep_time,6:30 p.m.,0.958798,holoclean_keep
1592,act_arr_time,contact airline,0.711235,holoclean_keep
1592,act_dep_time,contact airline,0.711235,holoclean_keep
1592,flight,ua-2830-mco-clt,0.877953,holoclean_keep
1592,sched_arr_time,5:05 p.m.,0.760620,holoclean_keep
1592,sched_dep_time,3:27 p.m.,0.905589,holoclean_keep
1593,act_arr_time,11:11 a.m.,0.250000,holoclean
1593,act_dep_time,10:33 a.m.,0.500000,holoclean
1593,flight,ua-5487-sfo-mry,0.936663,holoclean_keep
1593,sched_arr_time,11:19adec 1,0.912659,holoclean_keep
1593,sched_dep_time,10:39adec 1,0.957945,holoclean_keep
1594,act_arr_time,12/2/11 6:35 a.m.,0.142857,holoclean
1594,act_dep_time,11:29 p.m.,0.200000,holoclean
1594,flight,aa-204-lax-mco,0.939273,holoclean_keep
1594,sched_arr_time,6:55adec 2,0.467535,holoclean_keep
1594,sched_dep_time,11:25 p.m.,0.957085,holoclean_keep
1595,act_arr_time,5:26adec 1,0.711235,holoclean_keep
1595,act_dep_time,12:41adec 1,0.711235,holoclean_keep
1595,flight,co-1614-lax-iah,0.993520,holoclean_keep
1595,sched_arr_time,5:35adec 1,0.947883,holoclean_keep
1595,sched_dep_time,12:30adec 1,0.947905,holoclean_keep
1596,act_arr_time,6:28 p.m.,0.648786,holoclean_keep
1596,act_dep_time,3:58 p.m.,0.648786,holoclean_keep
1596,flight,ua-2726-fll-phl,0.965274,holoclean_keep
1596,sched_arr_time,6:46 p.m.,0.913438,holoclean_keep
1596,sched_dep_time,4:00 p.m.,0.975210,holoclean_keep
1597,act_arr_time,1:19 p.m.,0.880797,holoclean_keep
1597,act_dep_time,10:19adec 1,0.711235,holoclean_keep
1597,flight,co-1090-bos-iah,0.998969,holoclean_keep
1597,sched_arr_time,1:16 p.m.,0.910940,holoclean_keep
1597,sched_dep_time,9:45adec 1,0.575629,holoclean_keep
1598,act_arr_time,9:45adec 1,0.711235,holoclean_keep
1598,act_dep_time,7:04adec 1,0.786986,holoclean_keep
1598,flight,aa-3468-cvg-mia,0.992797,holoclean_keep
1598,sched_arr_time,9:55adec 1,0.906124,holoclean_keep
1598,sched_dep_time,7:00adec 1,0.890226,holoclean_keep
1599,act_arr_time,7:10 p.m.,0.786986,holoclean_keep
1599,act_dep_time,2:48 p.m.,0.786986,holoclean_keep
1599,flight,co-62-iah-ewr,0.887127,holoclean_keep
1599,sched_arr_time,7:03 p.m.,0.953022,holoclean_keep
1599,sched_dep_time,2:30 p.m.,0.951039,holoclean_keep
1600,act_arr_time,1:14 p.m.,0.711235,holoclean_keep
1600,act_dep_time,11:56adec 1,0.648786,holoclean_keep
1600,flight,co-1023-iah-den,0.997517,holoclean_keep
1600,sched_arr_time,1:17 p.m.,0.938807,holoclean_keep
1600,sched_dep_time,11:40adec 1,0.652331,holoclean_keep
1601,act_arr_time,9:05adec 1,0.648786,holoclean_keep
1601,act_dep_time,5:58adec 1,0.711235,holoclean_keep
1601,flight,aa-466-iah-mia,0.989336,holoclean_keep
1601,sched_arr_time,9:20adec 1,0.804899,holoclean_keep
1601,sched_dep_time,6:00adec 1,0.899853,holoclean_keep
1602,act_arr_time,5:05 p.m.,0.648786,holoclean_keep
1602,act_dep_time,11:30adec 1,0.711235,holoclean_keep
1602,flight,ua-3050-phx-clt,0.993600,holoclean_keep
1602,sched_arr_time,4:57 p.m.,0.992679,holoclean_keep
1602,sched_dep_time,11:05 a.m.,0.700091,holoclean
1603,act_arr_time,11:56 a.m.,0.648786,holoclean_keep
1603,act_dep_time,10:10 a.m.,0.648786,holoclean_keep
1603,flight,aa-1664-mia-atl,0.987485,holoclean_keep
1603,sched_arr_time,12:10 p.m.,0.951133,holoclean_keep
1603,sched_dep_time,10:15 a.m.,0.981762,holoclean_keep
1604,act_arr_time,8:06adec 1,0.711235,holoclean_keep
1604,act_dep_time,7:28adec 1,0.786986,holoclean_keep
1604,flight,aa-3979-cvg-ord,0.992932,holoclean_keep
1604,sched_arr_time,8:00adec 1,0.907799,holoclean_keep
1604,sched_dep_time,7:30adec 1,0.893201,holoclean_keep
1605,act_arr_time,3:07 p.m.,0.250000,holoclean
1605,act_dep_time,12:35 p.m.,0.648786,holoclean_keep
1605,flight,ua-382-iad-lax,0.977896,holoclean_keep
1605,sched_arr_time,3:03 p.m.,0.777663,holoclean_keep
1605,sched_dep_time,12:30 p.m.,0.978538,holoclean_keep
1606,act_arr_time,1:27 p.m.,0.711235,holoclean_keep
1606,act_dep_time,9:59 a.m.,0.648786,holoclean_keep
1606,flight,aa-616-dfw-dtw,0.996102,holoclean_keep
1606,sched_arr_time,12:35 p.m.,0.979884,holoclean_keep
1606,sched_dep_time,9:05 a.m.,0.995529,holoclean_keep
1607,act_arr_time,2:10 p.m.,0.786986,holoclean_keep
1607,act_dep_time,11:47adec 1,0.711235,holoclean_keep
1607,flight,aa-4344-ord-dtw,0.993499,holoclean_keep
1607,sched_arr_time,2:00 p.m.,0.904040,holoclean_keep
1607,sched_dep_time,11:45adec 1,0.731159,holoclean_keep
1608,act_arr_time,1:15 p.m.,0.648786,holoclean_keep
1608,act_dep_time,11:51adec 1,0.596418,holoclean_keep
1608,flight,ua-2945-phl-clt,0.996997,holoclean_keep
1608,sched_arr_time,1:45 p.m.,0.970087,holoclean_keep
1608,sched_dep_time,12:00 p.m.,0.988380,holoclean_keep
1609,act_arr_time,8:46 p.m.,0.200000,holoclean
1609,act_dep_time,8:25 p.m.,0.786986,holoclean_keep
1609,flight,co-47-iah-lax,0.979862,holoclean_keep
1609,sched_arr_time,10:48 p.m.,0.711848,holoclean_keep
1609,sched_dep_time,7:10 p.m.,0.981008,holoclean_keep
1610,act_arr_time,2:27 p.m.,0.711235,holoclean_keep
1610,act_dep_time,11:33 a.m.,0.786986,holoclean_keep
1610,flight,aa-271-mia-lax,0.994491,holoclean_keep
1610,sched_arr_time,2:25 p.m.,0.992539,holoclean_keep
1610,sched_dep_time,11:35 a.m.,0.995765,holoclean_keep
1611,act_arr_time,7:51adec 1,0.786986,holoclean_keep
1611,act_dep_time,5:59adec 1,0.711235,holoclean_keep
1611,flight,aa-3842-msp-ord,0.989336,holoclean_keep
1611,sched_arr_time,7:30adec 1,0.823493,holoclean_keep
1611,sched_dep_time,6:00adec 1,0.890226,holoclean_keep
1612,act_arr_time,9:31adec 1,0.596418,holoclean_keep
1612,act_dep_time,7:10adec 1,0.711235,holoclean_keep
1612,flight,aa-643-mia-ord,0.979330,holoclean_keep
1612,sched_arr_time,9:35adec 1,0.790405,holoclean_keep
1612,sched_dep_time,7:10adec 1,0.892348,holoclean_keep
1613,act_arr_time,7:55 p.m.,0.786986,holoclean_keep
1613,act_dep_time,4:56 p.m.,0.711235,holoclean_keep
1613,flight,aa-1007-mia-phx,0.998163,holoclean_keep
1613,sched_arr_time,8:05 p.m.,0.959899,holoclean_keep
1613,sched_dep_time,4:55 p.m.,0.931062,holoclean_keep
1614,act_arr_time,11:06adec 1,0.596418,holoclean_keep
1614,act_dep_time,7:22adec 1,0.648786,holoclean_keep
1614,flight,aa-2525-dfw-mia,0.996950,holoclean_keep
1614,sched_arr_time,11:10adec 1,0.832345,holoclean_keep
1614,sched_dep_time,7:25adec 1,0.885421,holoclean_keep
1615,act_arr_time,9:53 p.m.,0.786986,holoclean_keep
1615,act_dep_time,8:01 p.m.,0.880797,holoclean_keep
1615,flight,aa-1221-mco-ord,0.994193,holoclean_keep
1615,sched_arr_time,9:45 p.m.,0.982538,holoclean_keep
1615,sched_dep_time,8:00 p.m.,0.991314,holoclean_keep
1616,act_arr_time,10:47adec 1,0.648786,holoclean_keep
1616,act_dep_time,7:07adec 1,0.596418,holoclean_keep
1616,flight,ua-2515-dfw-clt,0.993163,holoclean_keep
1616,sched_arr_time,10:31adec 1,0.966294,holoclean_keep
1616,sched_dep_time,7:05adec 1,0.969717,holoclean_keep
1617,act_arr_time,8:53 p.m.,0.711235,holoclean_keep
1617,act_dep_time,6:40 p.m.,0.711235,holoclean_keep
1617,flight,aa-4307-ord-dtw,0.998869,holoclean_keep
1617,sched_arr_time,9:10 p.m.,0.981613,holoclean_keep
1617,sched_dep_time,6:45 p.m.,0.990823,holoclean_keep
1618,act_arr_time,11:56 p.m.,0.166667,holoclean
1618,act_dep_time,4:25 p.m.,0.166667,holoclean
1618,flight,ua-233-lax-jfk,0.936400,holoclean_keep
1618,sched_arr_time,12:29adec 2,0.515931,holoclean_keep
1618,sched_dep_time,4:25 p.m.,0.961087,holoclean_keep
1619,act_arr_time,dec 02 not available,0.648786,holoclean_keep
1619,act_dep_time,not available,0.711235,holoclean_keep
1619,flight,aa-3823-lax-den,0.946020,holoclean_keep
1619,sched_arr_time,dec 02 12:15 a.m.,0.439050,holoclean_keep
1619,sched_dep_time,9:00 p.m.,0.950411,holoclean_keep
1620,act_arr_time,11:35 p.m.,0.250000,holoclean
1620,act_dep_time,8:29 p.m.,0.250000,holoclean
1620,flight,aa-2312-dfw-dtw,0.941206,holoclean_keep
1620,sched_arr_time,11:50 p.m.,0.970409,holoclean_keep
1620,sched_dep_time,8:25 p.m.,0.961085,holoclean_keep
1621,act_arr_time,10:04adec 1,0.596418,holoclean_keep
1621,act_dep_time,6:56adec 1,0.711235,holoclean_keep
1621,flight,aa-1165-jfk-mia,0.993176,holoclean_keep
1621,sched_arr_time,10:34adec 1,0.897531,holoclean_keep
1621,sched_dep_time,6:59adec 1,0.906222,holoclean_keep
1622,act_arr_time,11:44adec 1,0.648786,holoclean_keep
1622,act_dep_time,8:31adec 1,0.711235,holoclean_keep
1622,flight,aa-431-mia-sfo,0.995543,holoclean_keep
1622,sched_arr_time,11:50adec 1,0.867859,holoclean_keep
1622,sched_dep_time,8:35adec 1,0.899861,holoclean_keep
1623,act_arr_time,5:42 p.m.,0.362403,holoclean_keep
1623,act_dep_time,2:42 p.m.,0.362403,holoclean_keep
1623,flight,ua-257-jfk-sfo,0.908843,holoclean_keep
1623,sched_arr_time,not available,0.610286,holoclean_keep
1623,sched_dep_time,not available,0.788807,holoclean_keep
1624,act_arr_time,not available,0.551873,holoclean_keep
1624,act_dep_time,not available,0.480150,holoclean_keep
1624,flight,aa-649-ord-sna,0.840056,holoclean_keep
1624,sched_arr_time,3:50 p.m.,0.757465,holoclean_keep
1624,sched_dep_time,1:30 p.m.,0.842654,holoclean_keep
1625,act_arr_time,4:59 p.m.,0.880797,holoclean_keep
1625,act_dep_time,3:01 p.m.,0.880797,holoclean_keep
1625,flight,co-1250-mia-iah,0.994804,holoclean_keep
1625,sched_arr_time,4:48 p.m.,0.906634,holoclean_keep
1625,sched_dep_time,2:53 p.m.,0.950496,holoclean_keep
1626,act_arr_time,5:21 a.m.,0.333333,holoclean
1626,act_dep_time,11/30/2011 11:34 p.m.,0.333333,holoclean
1626,flight,ua-828-sfo-ord,0.945396,holoclean_keep
1626,sched_arr_time,5:11adec 2,0.542204,holoclean_keep
1626,sched_dep_time,11:08 p.m.,0.995557,holoclean_keep
1627,act_arr_time,9:11 p.m.,0.200000,holoclean
1627,act_dep_time,8:30 p.m.,0.786986,holoclean_keep
1627,flight,aa-3063-slc-lax,0.978550,holoclean_keep
1627,sched_arr_time,9:18 p.m.,0.748769,holoclean_keep
1627,sched_dep_time,8:20 p.m.,0.930232,holoclean_keep
1628,act_arr_time,5:43 p.m.,0.711235,holoclean_keep
1628,act_dep_time,3:00 p.m.,0.786986,holoclean_keep
1628,flight,aa-1917-jfk-mco,0.992894,holoclean_keep
1628,sched_arr_time,5:55 p.m.,0.945999,holoclean_keep
1628,sched_dep_time,2:55 p.m.,0.977702,holoclean_keep
1629,act_arr_time,8:45 a.m.,0.362403,holoclean_keep
1629,act_dep_time,7:41 a.m.,0.381094,holoclean_keep
1629,flight,ua-6273-yyc-sfo,0.918569,holoclean_keep
1629,sched_arr_time,not available,0.862132,holoclean_keep
1629,sched_dep_time,not available,0.926427,holoclean_keep
1630,act_arr_time,1:43 p.m.,0.786986,holoclean_keep
1630,act_dep_time,12:01 p.m.,0.786986,holoclean_keep
1630,flight,aa-4277-cvg-jfk,0.994649,holoclean_keep
1630,sched_arr_time,2:15 p.m.,0.992811,holoclean_keep
1630,sched_dep_time,12:10 p.m.,0.978030,holoclean_keep
1631,act_arr_time,12:09 p.m.,0.786986,holoclean_keep
1631,act_dep_time,8:52adec 1,0.551873,holoclean_keep
1631,flight,ua-37-edi-ewr,0.995442,holoclean_keep
1631,sched_arr_time,11:53adec 1,0.811300,holoclean_keep
1631,sched_dep_time,9:05adec 1,0.862471,holoclean_keep
1632,act_arr_time,11:12adec 1,0.648786,holoclean_keep
1632,act_dep_time,7:14adec 1,0.711235,holoclean_keep
1632,flight,aa-59-jfk-sfo,0.989102,holoclean_keep
1632,sched_arr_time,10:45adec 1,0.820527,holoclean_keep
1632,sched_dep_time,7:10adec 1,0.894086,holoclean_keep
1633,act_arr_time,10:16adec 1,0.711235,holoclean_keep
1633,act_dep_time,8:32adec 1,0.711235,holoclean_keep
1633,flight,aa-415-bos-ord,0.996849,holoclean_keep
1633,sched_arr_time,10:40adec 1,0.925492,holoclean_keep
1633,sched_dep_time,8:35adec 1,0.962955,holoclean_keep
1634,act_arr_time,4:56 p.m.,0.786986,holoclean_keep
1634,act_dep_time,11:20adec 1,0.711235,holoclean_keep
1634,flight,aa-1544-san-ord,0.997628,holoclean_keep
1634,sched_arr_time,5:25 p.m.,0.930400,holoclean_keep
1634,sched_dep_time,11:25adec 1,0.748051,holoclean_keep
1635,act_arr_time,6:15 p.m.,0.648786,holoclean_keep
1635,act_dep_time,3:52 p.m.,0.711235,holoclean_keep
1635,flight,aa-3786-iah-ord,0.984504,holoclean_keep
1635,sched_arr_time,6:40 p.m.,0.931956,holoclean_keep
1635,sched_dep_time,4:00 p.m.,0.985518,holoclean_keep
1636,act_arr_time,5:26 p.m.,0.880797,holoclean_keep
1636,act_dep_time,3:31 p.m.,0.880797,holoclean_keep
1636,flight,co-50-cle-ewr,0.990821,holoclean_keep
1636,sched_arr_time,4:49 p.m.,0.887901,holoclean_keep
1636,sched_dep_time,2:55 p.m.,0.947200,holoclean_keep
1637,act_arr_time,7:40adec 1,0.596418,holoclean_keep
1637,act_dep_time,6:41adec 1,0.711235,holoclean_keep
1637,flight,aa-404-mia-mco,0.992776,holoclean_keep
1637,sched_arr_time,7:45adec 1,0.894447,holoclean_keep
1637,sched_dep_time,6:45adec 1,0.899854,holoclean_keep
1638,act_arr_time,9:22 a.m.,0.333333,holoclean
1638,act_dep_time,7:02 a.m.,0.333333,holoclean
1638,flight,aa-3859-iah-ord,0.894971,holoclean_keep
1638,sched_arr_time,9:40 a.m.,0.716675,holoclean_keep
1638,sched_dep_time,7:10 a.m.,0.993567,holoclean_keep
1639,act_arr_time,7:49 a.m.,0.333333,holoclean
1639,act_dep_time,5:59 a.m.,0.250000,holoclean
1639,flight,aa-3842-msp-ord,0.865697,holoclean_keep
1639,sched_arr_time,7:30 a.m.,0.703818,holoclean_keep
1639,sched_dep_time,6:00 a.m.,0.992377,holoclean_keep
1640,act_arr_time,9:23 a.m.,0.200000,holoclean
1640,act_dep_time,7:10 a.m.,0.250000,holoclean
1640,flight,aa-643-mia-ord,0.886394,holoclean_keep
1640,sched_arr_time,9:35 a.m.,0.696806,holoclean_keep
1640,sched_dep_time,7:10 a.m.,0.992117,holoclean_keep
1641,act_arr_time,3:36 p.m.,0.500000,holoclean
1641,act_dep_time,2:32 p.m.,0.500000,holoclean
1641,flight,aa-3804-phl-ord,0.935388,holoclean_keep
1641,sched_arr_time,4:05 p.m.,0.972816,holoclean_keep
1641,sched_dep_time,2:35 p.m.,0.958278,holoclean_keep
1642,act_arr_time,11:04 a.m.,0.200000,holoclean
1642,act_dep_time,7:10 a.m.,0.200000,holoclean
1642,flight,aa-2268-phx-ord,0.906323,holoclean_keep
1642,sched_arr_time,11:35 a.m.,0.858425,holoclean_keep
1642,sched_dep_time,7:15 a.m.,0.971649,holoclean_keep
1643,act_arr_time,9:47 p.m.,0.333333,holoclean
1643,act_dep_time,8:01 p.m.,0.500000,holoclean
1643,flight,aa-1221-mco-ord,0.920690,holoclean_keep
1643,sched_arr_time,11/30 9:45 p.m.,0.713057,holoclean_keep
1643,sched_dep_time,11/30 8:00 p.m.,0.796078,holoclean_keep
1644,act_arr_time,7:23 p.m.,0.333333,holoclean
1644,act_dep_time,4:15 p.m.,0.333333,holoclean
1644,flight,ua-938-den-ord,0.922190,holoclean_keep
1644,sched_arr_time,11/30 7:35 p.m.,0.874480,holoclean_keep
1644,sched_dep_time,11/30 4:16 p.m.,0.925175,holoclean_keep
1645,act_arr_time,2:40 p.m.,0.125000,holoclean
1645,act_dep_time,11:01 a.m.,0.142857,holoclean
1645,flight,aa-789-ord-den,0.919147,holoclean_keep
1645,sched_arr_time,2:35 p.m.,0.971625,holoclean_keep
1645,sched_dep_time,1:05 p.m.,0.944881,holoclean_keep
1646,act_arr_time,8:38 p.m.,0.333333,holoclean
1646,act_dep_time,6:40 p.m.,0.333333,holoclean
1646,flight,aa-4307-ord-dtw,0.917911,holoclean_keep
1646,sched_arr_time,11/30 9:10 p.m.,0.708438,holoclean_keep
1646,sched_dep_time,11/30 6:45 p.m.,0.773768,holoclean_keep
1647,act_arr_time,7:57 a.m.,0.250000,holoclean
1647,act_dep_time,7:28 a.m.,0.333333,holoclean
1647,flight,aa-3979-cvg-ord,0.934165,holoclean_keep
1647,sched_arr_time,8:00 a.m.,0.934888,holoclean_keep
1647,sched_dep_time,7:30 a.m.,0.992114,holoclean_keep
1648,act_arr_time,4:18 p.m.,0.333333,holoclean
1648,act_dep_time,1:31 p.m.,0.250000,holoclean
1648,flight,ua-664-ord-phl,0.931029,holoclean_keep
1648,sched_arr_time,4:31 p.m.,0.938374,holoclean_keep
1648,sched_dep_time,1:33 p.m.,0.992848,holoclean_keep
1649,act_arr_time,2:36 p.m.,0.166667,holoclean
1649,act_dep_time,10:46 a.m.,0.142857,holoclean
1649,flight,aa-3756-ord-slc,0.965492,holoclean_keep
1649,sched_arr_time,2:45 p.m.,0.974627,holoclean_keep
1649,sched_dep_time,12:15 p.m.,0.964888,holoclean_keep
1650,act_arr_time,6:09 p.m.,0.333333,holoclean
1650,act_dep_time,3:52 p.m.,0.500000,holoclean
1650,flight,aa-3786-iah-ord,0.917861,holoclean_keep
1650,sched_arr_time,11/30 6:40 p.m.,0.697890,holoclean_keep
1650,sched_dep_time,11/30 4:00 p.m.,0.756485,holoclean_keep
1651,act_arr_time,5:42 a.m. (estimated runway),0.250000,holoclean
1651,act_dep_time,12:10 a.m. (estimated runway),0.333333,holoclean
1651,flight,aa-1522-sfo-ord,0.935037,holoclean_keep
1651,sched_arr_time,5:50 a.m.,0.667004,holoclean_keep
1651,sched_dep_time,11:55 p.m.,0.671645,holoclean
1652,act_arr_time,4:52 p.m.,0.333333,holoclean
1652,act_dep_time,11:20 a.m.,0.250000,holoclean
1652,flight,aa-1544-san-ord,0.929690,holoclean_keep
1652,sched_arr_time,11/30 5:25 p.m.,0.861481,holoclean_keep
1652,sched_dep_time,11/30 11:25 a.m.,0.899381,holoclean_keep
1653,act_arr_time,1:55 p.m.,0.333333,holoclean
1653,act_dep_time,11:47 a.m.,0.250000,holoclean
1653,flight,aa-4344-ord-dtw,0.931482,holoclean_keep
1653,sched_arr_time,2:00 p.m.,0.786196,holoclean_keep
1653,sched_dep_time,11:45 a.m.,0.950835,holoclean_keep
1654,act_arr_time,10:28 p.m.,0.200000,holoclean
1654,act_dep_time,7:45 p.m.,0.333333,holoclean
1654,flight,aa-1733-ord-phx,0.928461,holoclean_keep
1654,sched_arr_time,11/30 10:30 p.m.,0.705574,holoclean_keep
1654,sched_dep_time,11/30 7:45 p.m.,0.777601,holoclean_keep
1655,act_arr_time,12:37 p.m.,0.333333,holoclean
1655,act_dep_time,10:35 a.m.,0.250000,holoclean
1655,flight,aa-4198-ord-cle,0.930358,holoclean_keep
1655,sched_arr_time,12:55 p.m.,0.824920,holoclean_keep
1655,sched_dep_time,10:40 a.m.,0.992261,holoclean_keep
1656,act_arr_time,5:21 a.m.,0.333333,holoclean
1656,act_dep_time,11/30/2011 11:34 p.m.,0.333333,holoclean
1656,flight,ua-828-sfo-ord,0.939821,holoclean_keep
1656,sched_arr_time,5:11 a.m.,0.731433,holoclean_keep
1656,sched_dep_time,11:08 p.m.,0.755785,holoclean
1657,act_arr_time,2:36 p.m.,0.142857,holoclean
1657,act_dep_time,10:46 a.m.,0.142857,holoclean
1657,flight,aa-2050-ord-mia,0.826136,holoclean_keep
1657,sched_arr_time,2:45 p.m.,0.795630,holoclean_keep
1657,sched_dep_time,10:40 a.m.,0.959373,holoclean_keep
1658,act_arr_time,5:24 p.m.,0.500000,holoclean
1658,act_dep_time,1:32 p.m.,0.333333,holoclean
1658,flight,ua-248-phx-ord,0.933959,holoclean_keep
1658,sched_arr_time,11/30 5:15 p.m.,0.808599,holoclean_keep
1658,sched_dep_time,11/30 12:57 p.m.,0.894261,holoclean_keep
1659,act_arr_time,10:10 a.m.,0.250000,holoclean
1659,act_dep_time,8:32 a.m.,0.250000,holoclean
1659,flight,aa-415-bos-ord,0.935815,holoclean_keep
1659,sched_arr_time,10:40 a.m.,0.796600,holoclean_keep
1659,sched_dep_time,8:35 a.m.,0.975427,holoclean_keep
1660,act_arr_time,3:25 p.m.,0.333333,holoclean
1660,act_dep_time,3:27 p.m.,0.500000,holoclean
1660,flight,aa-4330-cvg-ord,0.934295,holoclean_keep
1660,sched_arr_time,4:00 p.m.,0.942012,holoclean_keep
1660,sched_dep_time,3:35 p.m.,0.933529,holoclean_keep
1661,act_arr_time,7:20 p.m.,0.333333,holoclean
1661,act_dep_time,2:04 p.m.,0.250000,holoclean
1661,flight,ua-843-lax-ord,0.927573,holoclean_keep
1661,sched_arr_time,11/30 7:53 p.m.,0.815256,holoclean_keep
1661,sched_dep_time,11/30 1:55 p.m.,0.874272,holoclean_keep
1662,act_arr_time,9:22 a.m.,0.786986,holoclean_keep
1662,act_dep_time,7:16 a.m.,0.786986,holoclean_keep
1662,flight,aa-3859-iah-ord,0.991127,holoclean_keep
1662,sched_arr_time,9:30 a.m.,0.461445,holoclean_keep
1662,sched_dep_time,7:10 a.m.,0.995958,holoclean_keep
1663,act_arr_time,9:14 a.m.,0.648786,holoclean_keep
1663,act_dep_time,6:54 a.m.,0.711235,holoclean_keep
1663,flight,aa-518-mia-jfk,0.996909,holoclean_keep
1663,sched_arr_time,8:54 a.m.,0.572762,holoclean_keep
1663,sched_dep_time,6:40 a.m.,0.986714,holoclean_keep
1664,act_arr_time,10:24 p.m.,0.596418,holoclean_keep
1664,act_dep_time,7:42 p.m.,0.786986,holoclean_keep
1664,flight,co-1586-iah-mco,0.993951,holoclean_keep
1664,sched_arr_time,9:40 p.m.,0.873242,holoclean_keep
1664,sched_dep_time,7:00 p.m.,0.953675,holoclean_keep
1665,act_arr_time,9:44 a.m.,0.551873,holoclean_keep
1665,act_dep_time,8:51 a.m.,0.711235,holoclean_keep
1665,flight,ua-3925-iad-orf,0.991778,holoclean_keep
1665,sched_arr_time,9:34 a.m.,0.817823,holoclean_keep
1665,sched_dep_time,8:41 a.m.,0.962950,holoclean_keep
1666,act_arr_time,10:28 p.m.,0.551873,holoclean_keep
1666,act_dep_time,7:59 p.m.,0.711235,holoclean_keep
1666,flight,aa-1733-ord-phx,0.993386,holoclean_keep
1666,sched_arr_time,10:15 p.m.,0.720445,holoclean_keep
1666,sched_dep_time,7:45 p.m.,0.955303,holoclean_keep
1667,act_arr_time,6:55 a.m.,0.513519,holoclean_keep
1667,act_dep_time,11:57 p.m.,0.596418,holoclean_keep
1667,flight,aa-204-lax-mco,0.996281,holoclean_keep
1667,sched_arr_time,6:30 a.m.,0.759398,holoclean_keep
1667,sched_dep_time,11:25 p.m.,0.988231,holoclean_keep
1668,act_arr_time,6:23 p.m.,0.711235,holoclean_keep
1668,act_dep_time,4:10 p.m.,0.711235,holoclean_keep
1668,flight,ua-2726-fll-phl,0.992232,holoclean_keep
1668,sched_arr_time,6:34 p.m.,0.744691,holoclean_keep
1668,sched_dep_time,4:00 p.m.,0.977670,holoclean_keep
1669,act_arr_time,9:08 a.m.,0.786986,holoclean_keep
1669,act_dep_time,7:56 a.m.,0.880797,holoclean_keep
1669,flight,co-52-iah-lax,0.998238,holoclean_keep
1669,sched_arr_time,9:11 a.m.,0.857024,holoclean_keep
1669,sched_dep_time,7:35 a.m.,0.990653,holoclean_keep
1670,act_arr_time,9:29 a.m.,0.711235,holoclean_keep
1670,act_dep_time,7:25 a.m.,0.648786,holoclean_keep
1670,flight,aa-3468-cvg-mia,0.994082,holoclean_keep
1670,sched_arr_time,9:45 a.m.,0.557536,holoclean_keep
1670,sched_dep_time,7:00 a.m.,0.984138,holoclean_keep
1671,act_arr_time,7:37 p.m.,0.711235,holoclean_keep
1671,act_dep_time,4:29 p.m.,0.786986,holoclean_keep
1671,flight,aa-484-dfw-mia,0.994195,holoclean_keep
1671,sched_arr_time,7:26 p.m.,0.655461,holoclean_keep
1671,sched_dep_time,4:15 p.m.,0.964482,holoclean_keep
1672,act_arr_time,1:11 p.m.,0.648786,holoclean_keep
1672,act_dep_time,10:10 a.m.,0.648786,holoclean_keep
1672,flight,aa-616-dfw-dtw,0.989728,holoclean_keep
1672,sched_arr_time,12:12 p.m.,0.552173,holoclean_keep
1672,sched_dep_time,9:05 a.m.,0.988149,holoclean_keep
1673,act_arr_time,3:59 p.m.,0.711235,holoclean_keep
1673,act_dep_time,12:13 p.m.,0.711235,holoclean_keep
1673,flight,aa-446-dfw-phl,0.997683,holoclean_keep
1673,sched_arr_time,3:33 p.m.,0.795954,holoclean_keep
1673,sched_dep_time,11:50 a.m.,0.990202,holoclean_keep
1674,act_arr_time,1:07 p.m.,0.711235,holoclean_keep
1674,act_dep_time,12:06 p.m.,0.711235,holoclean_keep
1674,flight,co-1023-iah-den,0.993874,holoclean_keep
1674,sched_arr_time,12:51 p.m.,0.891318,holoclean_keep
1674,sched_dep_time,11:40 a.m.,0.988713,holoclean_keep
1675,act_arr_time,8:50 a.m.,0.648786,holoclean_keep
1675,act_dep_time,6:08 a.m.,0.711235,holoclean_keep
1675,flight,aa-466-iah-mia,0.986638,holoclean_keep
1675,sched_arr_time,8:51 a.m.,0.477403,holoclean_keep
1675,sched_dep_time,6:00 a.m.,0.994038,holoclean_keep
1676,act_arr_time,4:57 p.m.,0.648786,holoclean_keep
1676,act_dep_time,11:45 a.m.,0.711235,holoclean_keep
1676,flight,ua-3050-phx-clt,0.994303,holoclean_keep
1676,sched_arr_time,4:37 p.m.,0.800361,holoclean_keep
1676,sched_dep_time,11:05 a.m.,0.996084,holoclean_keep
1677,act_arr_time,10:58 a.m.,0.711235,holoclean_keep
1677,act_dep_time,8:05 a.m.,0.711235,holoclean_keep
1677,flight,aa-2957-dfw-cvg,0.994096,holoclean_keep
1677,sched_arr_time,10:55 a.m.,0.641606,holoclean_keep
1677,sched_dep_time,7:55 a.m.,0.994893,holoclean_keep
1678,act_arr_time,11:50 a.m.,0.711235,holoclean_keep
1678,act_dep_time,10:19 a.m.,0.711235,holoclean_keep
1678,flight,aa-1664-mia-atl,0.998063,holoclean_keep
1678,sched_arr_time,12:10 p.m.,0.485054,holoclean
1678,sched_dep_time,10:15 a.m.,0.989549,holoclean_keep
1679,act_arr_time,7:59 a.m.,0.596418,holoclean_keep
1679,act_dep_time,8:04 a.m.,0.786986,holoclean_keep
1679,flight,aa-3979-cvg-ord,0.997989,holoclean_keep
1679,sched_arr_time,7:50 a.m.,0.624722,holoclean_keep
1679,sched_dep_time,7:30 a.m.,0.985485,holoclean_keep
1680,act_arr_time,3:13 p.m.,0.648786,holoclean_keep
1680,act_dep_time,2:04 p.m.,0.648786,holoclean_keep
1680,flight,aa-1279-dfw-phx,0.991790,holoclean_keep
1680,sched_arr_time,2:35 p.m.,0.562751,holoclean
1680,sched_dep_time,1:00 p.m.,0.993740,holoclean_keep
1681,act_arr_time,7:35 a.m.,0.513519,holoclean_keep
1681,act_dep_time,6:57 a.m.,0.711235,holoclean_keep
1681,flight,aa-404-mia-mco,0.996370,holoclean_keep
1681,sched_arr_time,7:25 a.m.,0.759402,holoclean_keep
1681,sched_dep_time,6:45 a.m.,0.989272,holoclean_keep
1682,act_arr_time,2:40 p.m.,0.450853,holoclean_keep
1682,act_dep_time,12:42 p.m.,0.480150,holoclean_keep
1682,flight,aa-3756-ord-slc,0.985592,holoclean_keep
1682,sched_arr_time,2:35 p.m.,0.772290,holoclean_keep
1682,sched_dep_time,12:15 p.m.,0.945695,holoclean_keep
1683,act_arr_time,3:07 p.m.,0.711235,holoclean_keep
1683,act_dep_time,12:56 p.m.,0.648786,holoclean_keep
1683,flight,ua-382-iad-lax,0.993847,holoclean_keep
1683,sched_arr_time,2:48 p.m.,0.873577,holoclean_keep
1683,sched_dep_time,12:30 p.m.,0.983662,holoclean_keep
1684,act_arr_time,5:27 p.m.,0.711235,holoclean_keep
1684,act_dep_time,2:42 p.m.,0.711235,holoclean_keep
1684,flight,ua-257-jfk-sfo,0.992834,holoclean_keep
1684,sched_arr_time,5:40 p.m.,0.803008,holoclean_keep
1684,sched_dep_time,2:30 p.m.,0.987434,holoclean_keep
1685,act_arr_time,1:08 p.m.,0.648786,holoclean_keep
1685,act_dep_time,12:07 p.m.,0.596418,holoclean_keep
1685,flight,ua-2945-phl-clt,0.996390,holoclean_keep
1685,sched_arr_time,1:35 p.m.,0.799639,holoclean_keep
1685,sched_dep_time,12:00 p.m.,0.990252,holoclean_keep
1686,act_arr_time,7:43 p.m.,0.711235,holoclean_keep
1686,act_dep_time,5:38 p.m.,0.711235,holoclean_keep
1686,flight,co-63-ewr-iah,0.985696,holoclean_keep
1686,sched_arr_time,8:04 p.m.,0.793733,holoclean_keep
1686,sched_dep_time,5:25 p.m.,0.988996,holoclean_keep
1687,act_arr_time,10:43 a.m.,0.551873,holoclean_keep
1687,act_dep_time,7:39 a.m.,0.648786,holoclean_keep
1687,flight,aa-2525-dfw-mia,0.991259,holoclean_keep
1687,sched_arr_time,10:43 a.m.,0.607251,holoclean_keep
1687,sched_dep_time,7:25 a.m.,0.983332,holoclean_keep
1688,act_arr_time,8:46 p.m.,0.648786,holoclean_keep
1688,act_dep_time,7:27 p.m.,0.786986,holoclean_keep
1688,flight,co-47-iah-lax,0.993615,holoclean_keep
1688,sched_arr_time,8:46 p.m.,0.942138,holoclean_keep
1688,sched_dep_time,7:27 p.m.,0.956106,holoclean_keep
1689,act_arr_time,2:21 p.m.,0.711235,holoclean_keep
1689,act_dep_time,11:52 a.m.,0.786986,holoclean_keep
1689,flight,aa-271-mia-lax,0.994562,holoclean_keep
1689,sched_arr_time,1:57 p.m.,0.615004,holoclean_keep
1689,sched_dep_time,11:35 a.m.,0.994799,holoclean_keep
1690,act_arr_time,2:39 p.m.,0.648786,holoclean_keep
1690,act_dep_time,11:05 a.m.,0.711235,holoclean_keep
1690,flight,aa-2050-ord-mia,0.993107,holoclean_keep
1690,sched_arr_time,2:10 p.m.,0.549553,holoclean_keep
1690,sched_dep_time,10:40 a.m.,0.994889,holoclean_keep
1691,act_arr_time,3:26 p.m.,0.513519,holoclean_keep
1691,act_dep_time,3:36 p.m.,0.513519,holoclean_keep
1691,flight,aa-4330-cvg-ord,0.976947,holoclean_keep
1691,sched_arr_time,3:50 p.m.,0.812659,holoclean_keep
1691,sched_dep_time,3:35 p.m.,0.874507,holoclean_keep
1692,act_arr_time,10:29 a.m.,0.648786,holoclean_keep
1692,act_dep_time,7:21 a.m.,0.711235,holoclean_keep
1692,flight,aa-1434-dfw-mco,0.996609,holoclean_keep
1692,sched_arr_time,10:18 a.m.,0.536022,holoclean_keep
1692,sched_dep_time,7:15 a.m.,0.996249,holoclean_keep
1693,act_arr_time,7:25 p.m.,0.648786,holoclean_keep
1693,act_dep_time,6:47 p.m.,0.711235,holoclean_keep
1693,flight,aa-1640-mia-mco,0.993796,holoclean_keep
1693,sched_arr_time,7:08 p.m.,0.719621,holoclean_keep
1693,sched_dep_time,6:30 p.m.,0.968836,holoclean_keep
1694,act_arr_time,8:38 p.m.,0.711235,holoclean_keep
1694,act_dep_time,6:56 p.m.,0.786986,holoclean_keep
1694,flight,aa-4307-ord-dtw,0.998632,holoclean_keep
1694,sched_arr_time,9:00 p.m.,0.668905,holoclean_keep
1694,sched_dep_time,6:45 p.m.,0.988311,holoclean_keep
1695,act_arr_time,3:04 p.m.,0.648786,holoclean_keep
1695,act_dep_time,12:12 p.m.,0.513519,holoclean_keep
1695,flight,aa-3-jfk-lax,0.965837,holoclean_keep
1695,sched_arr_time,2:47 p.m.,0.511338,holoclean_keep
1695,sched_dep_time,12:00 p.m.,0.964663,holoclean_keep
1696,act_arr_time,12:02 a.m.,0.648786,holoclean_keep
1696,act_dep_time,7:25 p.m.,0.648786,holoclean_keep
1696,flight,co-1694-lax-iah,0.994093,holoclean_keep
1696,sched_arr_time,11:52 p.m.,0.801024,holoclean_keep
1697,act_arr_time,12:02 p.m.,0.786986,holoclean_keep
1697,act_dep_time,9:57 a.m.,0.648786,holoclean_keep
1697,flight,co-1193-ewr-mco,0.993847,holoclean_keep
1697,sched_arr_time,12:08 p.m.,0.739191,holoclean_keep
1697,sched_dep_time,9:15 a.m.,0.997081,holoclean_keep
1698,act_arr_time,7:49 a.m.,0.711235,holoclean_keep
1698,act_dep_time,6:56 a.m.,0.711235,holoclean_keep
1698,flight,aa-3842-msp-ord,0.982923,holoclean_keep
1698,sched_arr_time,6:50 a.m.,0.538303,holoclean_keep
1698,sched_dep_time,6:00 a.m.,0.987461,holoclean_keep
1699,act_arr_time,9:26 a.m.,0.551873,holoclean_keep
1699,act_dep_time,7:31 a.m.,0.711235,holoclean_keep
1699,flight,aa-643-mia-ord,0.973951,holoclean_keep
1699,sched_arr_time,9:00 a.m.,0.560364,holoclean_keep
1699,sched_dep_time,7:10 a.m.,0.994070,holoclean_keep
1700,act_arr_time,7:43 p.m.,0.786986,holoclean_keep
1700,act_dep_time,5:08 p.m.,0.711235,holoclean_keep
1700,flight,aa-1007-mia-phx,0.997694,holoclean_keep
1700,sched_arr_time,7:38 p.m.,0.777089,holoclean_keep
1700,sched_dep_time,4:55 p.m.,0.981435,holoclean_keep
1701,act_arr_time,6:34 p.m.,0.596418,holoclean_keep
1701,act_dep_time,4:45 p.m.,0.480150,holoclean_keep
1701,flight,ua-2906-phl-mco,0.988836,holoclean_keep
1701,sched_arr_time,6:00 p.m.,0.652055,holoclean_keep
1701,sched_dep_time,3:50 p.m.,0.988461,holoclean_keep
1702,act_arr_time,9:47 p.m.,0.786986,holoclean_keep
1702,act_dep_time,8:23 p.m.,0.880797,holoclean_keep
1702,flight,aa-1221-mco-ord,0.994293,holoclean_keep
1702,sched_arr_time,9:25 p.m.,0.630820,holoclean_keep
1702,sched_dep_time,8:00 p.m.,0.986997,holoclean_keep
1703,act_arr_time,2:58 p.m.,0.424926,holoclean_keep
1703,act_dep_time,11:01 a.m.,0.450853,holoclean_keep
1703,flight,aa-400-dfw-jfk,0.950757,holoclean_keep
1703,sched_arr_time,2:35 p.m.,0.629043,holoclean_keep
1703,sched_dep_time,10:40 a.m.,0.875137,holoclean_keep
1704,act_arr_time,4:20 p.m.,0.648786,holoclean_keep
1704,act_dep_time,1:48 p.m.,0.711235,holoclean_keep
1704,flight,ua-664-ord-phl,0.995184,holoclean_keep
1704,sched_arr_time,4:20 p.m.,0.638887,holoclean_keep
1704,sched_dep_time,1:33 p.m.,0.979494,holoclean_keep
1705,act_arr_time,4:06 p.m.,0.711235,holoclean_keep
1705,act_dep_time,2:01 p.m.,0.648786,holoclean_keep
1705,flight,ua-37-ewr-mco,0.997340,holoclean_keep
1705,sched_arr_time,3:55 p.m.,0.857580,holoclean_keep
1705,sched_dep_time,1:29 p.m.,0.974006,holoclean_keep
1706,act_arr_time,12:19 a.m.,0.551873,holoclean_keep
1706,act_dep_time,4:35 p.m.,0.596418,holoclean_keep
1706,flight,ua-233-lax-jfk,0.997470,holoclean_keep
1706,sched_arr_time,12:09 a.m.,0.778275,holoclean_keep
1706,sched_dep_time,4:25 p.m.,0.978754,holoclean_keep
1707,act_arr_time,12:01 a.m.,0.648786,holoclean_keep
1707,act_dep_time,9:16 p.m.,0.711235,holoclean_keep
1707,flight,aa-3823-lax-den,0.993639,holoclean_keep
1707,sched_arr_time,12:05 a.m.,0.776217,holoclean_keep
1707,sched_dep_time,9:00 p.m.,0.978030,holoclean_keep
1708,act_arr_time,11:35 p.m.,0.711235,holoclean_keep
1708,act_dep_time,8:29 p.m.,0.711235,holoclean_keep
1708,flight,aa-2312-dfw-dtw,0.993731,holoclean_keep
1708,sched_arr_time,11:31 p.m.,0.731775,holoclean_keep
1708,sched_dep_time,8:25 p.m.,0.970585,holoclean_keep
1709,act_arr_time,9:45 a.m.,0.381094,holoclean_keep
1709,act_dep_time,7:22 a.m.,0.513519,holoclean_keep
1709,flight,aa-1165-jfk-mia,0.859002,holoclean_keep
1709,sched_arr_time,9:25 a.m.,0.465703,holoclean_keep
1709,sched_dep_time,6:59 a.m.,0.819573,holoclean_keep
1710,act_arr_time,11:33 a.m.,0.596418,holoclean_keep
1710,act_dep_time,8:51 a.m.,0.711235,holoclean_keep
1710,flight,aa-431-mia-sfo,0.994764,holoclean_keep
1710,sched_arr_time,11:22 a.m.,0.601761,holoclean_keep
1710,sched_dep_time,8:35 a.m.,0.985219,holoclean_keep
1711,act_arr_time,3:40 p.m.,0.596418,holoclean_keep
1711,act_dep_time,1:40 p.m.,0.513519,holoclean_keep
1711,flight,aa-649-ord-sna,0.991945,holoclean_keep
1711,sched_arr_time,3:30 p.m.,0.833574,holoclean_keep
1711,sched_dep_time,1:30 p.m.,0.963455,holoclean_keep
1712,act_arr_time,5:21 a.m.,0.786986,holoclean_keep
1712,act_dep_time,11:35 p.m.,0.786986,holoclean_keep
1712,flight,ua-828-sfo-ord,0.993993,holoclean_keep
1712,sched_arr_time,5:08 a.m.,0.809805,holoclean_keep
1712,sched_dep_time,11:08 p.m.,0.997735,holoclean_keep
1713,act_arr_time,6:56 p.m.,0.596418,holoclean_keep
1713,act_dep_time,6:11 p.m.,0.551873,holoclean_keep
1713,flight,co-4888-iah-dal,0.992472,holoclean_keep
1713,sched_arr_time,6:15 p.m.,0.857106,holoclean_keep
1713,sched_dep_time,5:30 p.m.,0.964500,holoclean_keep
1714,act_arr_time,9:11 p.m.,0.551873,holoclean_keep
1714,act_dep_time,8:40 p.m.,0.596418,holoclean_keep
1714,flight,aa-3063-slc-lax,0.992467,holoclean_keep
1714,sched_arr_time,9:10 p.m.,0.780930,holoclean_keep
1714,sched_dep_time,8:20 p.m.,0.906815,holoclean_keep
1715,act_arr_time,3:36 p.m.,0.786986,holoclean_keep
1715,act_dep_time,2:44 p.m.,0.786986,holoclean_keep
1715,flight,aa-3804-phl-ord,0.997450,holoclean_keep
1715,sched_arr_time,4:05 p.m.,0.524414,holoclean
1715,sched_dep_time,2:35 p.m.,0.988696,holoclean_keep
1716,act_arr_time,5:39 p.m.,0.596418,holoclean_keep
1716,act_dep_time,3:27 p.m.,0.786986,holoclean_keep
1716,flight,aa-1917-jfk-mco,0.984631,holoclean_keep
1716,sched_arr_time,5:17 p.m.,0.539554,holoclean_keep
1716,sched_dep_time,2:55 p.m.,0.989295,holoclean_keep
1717,act_arr_time,11:04 a.m.,0.513519,holoclean_keep
1717,act_dep_time,7:23 a.m.,0.711235,holoclean_keep
1717,flight,aa-2268-phx-ord,0.988610,holoclean_keep
1717,sched_arr_time,10:57 a.m.,0.536506,holoclean_keep
1717,sched_dep_time,7:15 a.m.,0.988019,holoclean_keep
1718,act_arr_time,1:42 p.m.,0.711235,holoclean_keep
1718,act_dep_time,12:10 p.m.,0.786986,holoclean_keep
1718,flight,aa-4277-cvg-jfk,0.998552,holoclean_keep
1718,sched_arr_time,2:05 p.m.,0.621977,holoclean_keep
1718,sched_dep_time,12:10 p.m.,0.995651,holoclean_keep
1719,act_arr_time,2:49 p.m.,0.786986,holoclean_keep
1719,act_dep_time,1:19 p.m.,0.786986,holoclean_keep
1719,flight,aa-789-ord-den,0.994141,holoclean_keep
1719,sched_arr_time,2:17 p.m.,0.624638,holoclean_keep
1719,sched_dep_time,1:05 p.m.,0.969675,holoclean_keep
1720,act_arr_time,6:30 p.m.,0.596418,holoclean_keep
1720,act_dep_time,3:36 p.m.,0.786986,holoclean_keep
1720,flight,aa-85-jfk-sfo,0.994370,holoclean_keep
1720,sched_arr_time,5:57 p.m.,0.672274,holoclean_keep
1720,sched_dep_time,3:05 p.m.,0.995614,holoclean_keep
1721,act_arr_time,6:11 p.m.,0.648786,holoclean_keep
1721,act_dep_time,4:12 p.m.,0.648786,holoclean_keep
1721,flight,aa-3786-iah-ord,0.969671,holoclean_keep
1721,sched_arr_time,6:30 p.m.,0.600201,holoclean_keep
1721,sched_dep_time,4:00 p.m.,0.953361,holoclean_keep
1722,act_arr_time,3:12 p.m.,0.786986,holoclean_keep
1722,act_dep_time,7:32 a.m.,0.711235,holoclean_keep
1722,flight,aa-222-lax-bos,0.990223,holoclean_keep
1722,sched_arr_time,2:52 p.m.,0.538842,holoclean_keep
1722,sched_dep_time,7:10 a.m.,0.994525,holoclean_keep
1723,act_arr_time,5:34 p.m.,0.648786,holoclean_keep
1723,act_dep_time,11:55 a.m.,0.513519,holoclean_keep
1723,flight,ua-3099-phx-phl,0.990925,holoclean_keep
1723,sched_arr_time,6:07 p.m.,0.548265,holoclean_keep
1723,sched_dep_time,11:55 a.m.,0.976852,holoclean_keep
1724,act_arr_time,12:37 p.m.,0.596418,holoclean_keep
1724,act_dep_time,10:55 a.m.,0.711235,holoclean_keep
1724,flight,aa-4198-ord-cle,0.982608,holoclean_keep
1724,sched_arr_time,12:45 p.m.,0.560427,holoclean_keep
1724,sched_dep_time,10:40 a.m.,0.986757,holoclean_keep
1725,act_arr_time,6:33 p.m.,0.880797,holoclean_keep
1725,act_dep_time,4:14 p.m.,0.786986,holoclean_keep
1725,flight,co-45-ewr-mia,0.994562,holoclean_keep
1725,sched_arr_time,6:31 p.m.,0.665036,holoclean_keep
1726,act_arr_time,6:09 a.m.,0.450853,holoclean_keep
1726,act_dep_time,6:10 a.m.,0.648786,holoclean_keep
1726,flight,aa-3809-phx-lax,0.950401,holoclean_keep
1726,sched_arr_time,6:30 a.m.,0.701850,holoclean_keep
1726,sched_dep_time,6:00 a.m.,0.982566,holoclean_keep
1727,act_arr_time,10:52 a.m.,0.551873,holoclean_keep
1727,act_dep_time,7:39 a.m.,0.711235,holoclean_keep
1727,flight,aa-59-jfk-sfo,0.964011,holoclean_keep
1727,sched_arr_time,10:09 a.m.,0.495620,holoclean_keep
1727,sched_dep_time,7:10 a.m.,0.985008,holoclean_keep
1728,act_arr_time,11:58 a.m.,0.648786,holoclean_keep
1728,act_dep_time,8:29 a.m.,0.648786,holoclean_keep
1728,flight,ua-397-jfk-sfo,0.994809,holoclean_keep
1728,sched_arr_time,11:55 a.m.,0.981723,holoclean_keep
1728,sched_dep_time,8:00 a.m.,0.986793,holoclean_keep
1729,act_arr_time,9:43 a.m.,0.648786,holoclean_keep
1729,act_dep_time,8:42 a.m.,0.711235,holoclean_keep
1729,flight,ua-3925-iad-orf,0.993754,holoclean_keep
1729,sched_arr_time,9:54 a.m.,0.865111,holoclean_keep
1729,sched_dep_time,8:41 a.m.,0.966938,holoclean_keep
1730,act_arr_time,5:17 p.m.,0.596418,holoclean_keep
1730,act_dep_time,3:27 p.m.,0.711235,holoclean_keep
1730,flight,ua-2830-mco-clt,0.989840,holoclean_keep
1730,sched_arr_time,5:05 p.m.,0.973094,holoclean_keep
1730,sched_dep_time,3:27 p.m.,0.991105,holoclean_keep
1731,act_arr_time,11:21 a.m.,0.711235,holoclean_keep
1731,act_dep_time,10:33 a.m.,0.880797,holoclean_keep
1731,flight,ua-5487-sfo-mry,0.994338,holoclean_keep
1731,sched_arr_time,11:19 a.m.,0.925885,holoclean_keep
1731,sched_dep_time,10:39 a.m.,0.961685,holoclean_keep
1732,act_arr_time,6:28 p.m.,0.711235,holoclean_keep
1732,act_dep_time,4:00 p.m.,0.648786,holoclean_keep
1732,flight,ua-2726-fll-phl,0.985790,holoclean_keep
1732,sched_arr_time,6:46 p.m.,0.925936,holoclean_keep
1732,sched_dep_time,4:00 p.m.,0.975209,holoclean_keep
1733,act_arr_time,5:05 p.m.,0.648786,holoclean_keep
1733,act_dep_time,11:30 a.m.,0.711235,holoclean_keep
1733,flight,ua-3050-phx-clt,0.994460,holoclean_keep
1733,sched_arr_time,4:57 p.m.,0.991740,holoclean_keep
1733,sched_dep_time,11:05 a.m.,0.993915,holoclean_keep
1734,act_arr_time,3:21 p.m.,0.711235,holoclean_keep
1734,act_dep_time,12:35 p.m.            delayed,0.648786,holoclean_keep
1734,flight,ua-382-iad-lax,0.993653,holoclean_keep
1734,sched_arr_time,3:19 p.m.,0.875566,holoclean_keep
1734,sched_dep_time,12:30 p.m.,0.982514,holoclean_keep
1735,act_arr_time,1:15 p.m.,0.648786,holoclean_keep
1735,act_dep_time,3:11 a.m.,0.596418,holoclean_keep
1735,flight,ua-2945-phl-clt,0.993719,holoclean_keep
1735,sched_arr_time,1:45 p.m.,0.993533,holoclean_keep
1735,sched_dep_time,12:00 p.m.,0.677676,holoclean
1736,act_arr_time,1:30 p.m.,0.786986,holoclean_keep
1736,act_dep_time,7:49 a.m.,0.786986,holoclean_keep
1736,flight,ua-854-sfo-iah,0.994457,holoclean_keep
1736,sched_arr_time,1:39 p.m.,0.962573,holoclean_keep
1736,sched_dep_time,7:53 a.m.,0.940666,holoclean_keep
1737,act_arr_time,9:56 a.m.,0.786986,holoclean_keep
1737,act_dep_time,8:12 a.m.,0.648786,holoclean_keep
1737,flight,ua-3515-iad-msp,0.999032,holoclean_keep
1737,sched_arr_time,10:06 a.m.,0.859297,holoclean_keep
1737,sched_dep_time,8:15 a.m.,0.926711,holoclean_keep
1738,act_arr_time,5:34 p.m.,0.880797,holoclean_keep
1738,act_dep_time,1:32 p.m.            delayed,0.648786,holoclean_keep
1738,flight,ua-248-phx-ord,0.994636,holoclean_keep
1738,sched_arr_time,5:15 p.m.,0.801966,holoclean_keep
1738,sched_dep_time,12:57 p.m.,0.924812,holoclean_keep
1739,act_arr_time,7:58 p.m.,0.786986,holoclean_keep
1739,act_dep_time,2:10 p.m.,0.711235,holoclean_keep
1739,flight,ua-843-lax-ord,0.994322,holoclean_keep
1739,sched_arr_time,7:53 p.m.,0.917039,holoclean_keep
1739,sched_dep_time,1:55 p.m.,0.899563,holoclean_keep
1740,act_arr_time,6:38 p.m.,0.596418,holoclean_keep
1740,act_dep_time,4:28 p.m.            delayed,0.596418,holoclean_keep
1740,flight,ua-2906-phl-mco,0.994465,holoclean_keep
1740,sched_arr_time,6:23 p.m.,0.993018,holoclean_keep
1740,sched_dep_time,3:50 p.m.,0.979083,holoclean_keep
1741,act_arr_time,7:36 p.m.,0.648786,holoclean_keep
1741,act_dep_time,4:15 p.m.,0.786986,holoclean_keep
1741,flight,ua-938-den-ord,0.997001,holoclean_keep
1741,sched_arr_time,7:35 p.m.,0.921102,holoclean_keep
1741,sched_dep_time,4:16 p.m.,0.963900,holoclean_keep
1742,act_arr_time,10:47 a.m.,0.596418,holoclean_keep
1742,act_dep_time,7:05 a.m.,0.551873,holoclean_keep
1742,flight,ua-2515-dfw-clt,0.990628,holoclean_keep
1742,sched_arr_time,10:31 a.m.,0.920203,holoclean_keep
1742,sched_dep_time,7:05 a.m.,0.956571,holoclean_keep
1743,act_arr_time,4:23 p.m.,0.786986,holoclean_keep
1743,act_dep_time,1:31 p.m.,0.711235,holoclean_keep
1743,flight,ua-664-ord-phl,0.994362,holoclean_keep
1743,sched_arr_time,4:31 p.m.,0.980226,holoclean_keep
1743,sched_dep_time,1:33 p.m.,0.996089,holoclean_keep
1744,act_arr_time,4:17 p.m.,0.786986,holoclean_keep
1744,act_dep_time,1:48 p.m.            delayed,0.711235,holoclean_keep
1744,flight,ua-37-ewr-mco,0.994537,holoclean_keep
1744,sched_arr_time,4:17 p.m.,0.971471,holoclean_keep
1744,sched_dep_time,1:29 p.m.,0.948660,holoclean_keep
1745,act_arr_time,fri dec 2 12:29 a.m.,0.596418,holoclean_keep
1745,act_dep_time,4:25 p.m.,0.596418,holoclean_keep
1745,flight,ua-233-lax-jfk,0.993516,holoclean_keep
1745,sched_arr_time,fri dec 2 12:29 a.m.,0.778727,holoclean_keep
1745,sched_dep_time,4:25 p.m.,0.979821,holoclean_keep
1746,act_arr_time,9:13 a.m.,0.711235,holoclean_keep
1746,act_dep_time,8:26 a.m.,0.786986,holoclean_keep
1746,flight,ua-3373-iad-phl,0.995493,holoclean_keep
1746,sched_arr_time,9:24 a.m.,0.961766,holoclean_keep
1746,sched_dep_time,8:29 a.m.,0.977236,holoclean_keep
1747,act_arr_time,8:45 a.m.,0.711235,holoclean_keep
1747,act_dep_time,7:27 a.m.,0.786986,holoclean_keep
1747,flight,ua-6273-yyc-sfo,0.993898,holoclean_keep
1747,sched_arr_time,9:43 a.m.,0.709852,holoclean_keep
1747,sched_dep_time,7:35 a.m.,0.933177,holoclean_keep
1748,act_arr_time,fri dec 2 5:11 a.m.,0.786986,holoclean_keep
1748,act_dep_time,11:08 p.m.            on time,0.786986,holoclean_keep
1748,flight,ua-828-sfo-ord,0.994078,holoclean_keep
1748,sched_arr_time,fri dec 2 5:11 a.m.,0.794296,holoclean_keep
1748,sched_dep_time,11:08 p.m.,0.997735,holoclean_keep
1749,act_arr_time,8:02 a.m.,0.648786,holoclean_keep
1749,act_dep_time,1:32 p.m.,0.648786,holoclean_keep
1749,flight,ua-858-pvg-sfo,0.996155,holoclean_keep
1749,sched_arr_time,8:27 a.m.,0.802901,holoclean_keep
1749,sched_dep_time,1:45 p.m.,0.947499,holoclean_keep
1750,act_arr_time,2:00 p.m.,0.711235,holoclean_keep
1750,act_dep_time,11:15 a.m.,0.711235,holoclean_keep
1750,flight,ua-2704-dtw-phx,0.994069,holoclean_keep
1750,sched_arr_time,1:40 p.m.,0.871649,holoclean_keep
1750,sched_dep_time,11:15 a.m.,0.968192,holoclean_keep
1751,act_arr_time,4:44 p.m.,0.648786,holoclean_keep
1751,act_dep_time,2:55 p.m.,0.711235,holoclean_keep
1751,flight,ua-2708-ewr-clt,0.971238,holoclean_keep
1751,sched_arr_time,4:53 p.m.,0.847861,holoclean_keep
1751,sched_dep_time,2:55 p.m.,0.929206,holoclean_keep
1752,act_arr_time,7:10 p.m.,0.786986,holoclean_keep
1752,act_dep_time,2:48 p.m.,0.786986,holoclean_keep
1752,flight,ua-62-iah-ewr,0.846181,holoclean_keep
1752,sched_arr_time,7:03 p.m.,0.951184,holoclean_keep
1752,sched_dep_time,2:30 p.m.,0.949019,holoclean_keep
1753,act_arr_time,11:56 a.m.,0.711235,holoclean_keep
1753,act_dep_time,9:16 a.m.            delayed,0.596418,holoclean_keep
1753,flight,ua-1500-iah-gua,0.991089,holoclean_keep
1753,sched_arr_time,11:45 a.m.,0.875493,holoclean_keep
1753,sched_dep_time,8:55 a.m.,0.951546,holoclean_keep
1754,act_arr_time,4:47 p.m.,0.596418,holoclean_keep
1754,act_dep_time,2:55 p.m.,0.711235,holoclean_keep
1754,flight,ua-2314-atl-phl,0.973354,holoclean_keep
1754,sched_arr_time,5:00 p.m.,0.872832,holoclean_keep
1754,sched_dep_time,2:55 p.m.,0.940545,holoclean_keep
1755,act_arr_time,12:09 p.m.,0.551873,holoclean_keep
1755,act_dep_time,8:52 a.m.,0.551873,holoclean_keep
1755,flight,ua-37-edi-ewr,0.919282,holoclean_keep
1755,sched_arr_time,11:53 a.m.,0.719499,holoclean_keep
1755,sched_dep_time,9:05 a.m.,0.763995,holoclean_keep
1756,act_arr_time,5:38 p.m.,0.648786,holoclean_keep
1756,act_dep_time,11:55 a.m.,0.711235,holoclean_keep
1756,flight,ua-3099-phx-phl,0.994969,holoclean_keep
1756,sched_arr_time,6:17 p.m.,0.991475,holoclean_keep
1756,sched_dep_time,11:55 a.m.,0.995564,holoclean_keep
1757,act_arr_time,7:17 a.m.,0.648786,holoclean_keep
1757,act_dep_time,5:56 a.m.,0.711235,holoclean_keep
1757,flight,ua-414-lax-sfo,0.977560,holoclean_keep
1757,sched_arr_time,7:23 a.m.,0.621842,holoclean_keep
1757,sched_dep_time,6:00 a.m.,0.944201,holoclean_keep
1758,act_arr_time,5:42 p.m.,0.648786,holoclean_keep
1758,act_dep_time,2:26 p.m.,0.648786,holoclean_keep
1758,flight,ua-257-jfk-sfo,0.991316,holoclean_keep
1758,sched_arr_time,6:15 p.m.,0.957078,holoclean_keep
1758,sched_dep_time,2:30 p.m.,0.973931,holoclean_keep
1759,act_arr_time,9:32 a.m.,0.786986,holoclean_keep
1759,act_dep_time,7:16 a.m.,0.786986,holoclean_keep
1759,flight,aa-3859-iah-ord,0.991390,holoclean_keep
1759,sched_arr_time,9:40 a.m.,0.891584,holoclean_keep
1759,sched_dep_time,7:10 a.m.,0.996597,holoclean_keep
1760,act_arr_time,10:29 p.m.,0.596418,holoclean_keep
1760,act_dep_time,7:14 p.m.,0.786986,holoclean_keep
1760,flight,co-1586-iah-mco,0.953559,holoclean_keep
1760,sched_arr_time,10:15 p.m.,0.582514,holoclean
1760,sched_dep_time,7:00 p.m.,0.391469,holoclean
1761,act_arr_time,9:28 a.m.,0.596418,holoclean_keep
1761,act_dep_time,6:54 a.m.,0.711235,holoclean_keep
1761,flight,aa-518-mia-jfk,0.999227,holoclean_keep
1761,sched_arr_time,9:25 a.m.,0.981029,holoclean_keep
1761,sched_dep_time,6:40 a.m.,0.990134,holoclean_keep
1762,act_arr_time,11:58 a.m.,0.648786,holoclean_keep
1762,act_dep_time,8:29 a.m.,0.648786,holoclean_keep
1762,flight,ua-397-jfk-sfo,0.994664,holoclean_keep
1762,sched_arr_time,11:55 a.m.,0.981726,holoclean_keep
1762,sched_dep_time,8:00 a.m.,0.986791,holoclean_keep
1763,act_arr_time,9:43 a.m.,0.648786,holoclean_keep
1763,act_dep_time,8:42 a.m.,0.711235,holoclean_keep
1763,flight,ua-3925-iad-orf,0.948611,holoclean_keep
1763,sched_arr_time,9:54 a.m.,0.413279,holoclean
1763,sched_dep_time,8:41 a.m.,0.557630,holoclean
1764,act_arr_time,10:28 p.m.,0.200000,holoclean
1764,act_dep_time,7:45 p.m.,0.333333,holoclean
1764,flight,aa-1733-ord-phx,0.937212,holoclean_keep
1764,sched_arr_time,10:30 p.m.,0.942403,holoclean_keep
1764,sched_dep_time,7:45 p.m.,0.993564,holoclean_keep
1765,act_arr_time,3:16 p.m.,0.551873,holoclean_keep
1765,act_dep_time,12:11 p.m.,0.711235,holoclean_keep
1765,flight,aa-3-jfk-lax,0.988034,holoclean_keep
1765,sched_arr_time,3:15 p.m.,0.950611,holoclean_keep
1765,sched_dep_time,12:00 p.m.,0.989141,holoclean_keep
1766,act_arr_time,5:17 p.m.,0.648786,holoclean_keep
1766,act_dep_time,3:28 p.m.,0.711235,holoclean_keep
1766,flight,ua-2830-mco-clt,0.997086,holoclean_keep
1766,sched_arr_time,5:05 p.m.,0.993561,holoclean_keep
1766,sched_dep_time,3:27 p.m.,0.996716,holoclean_keep
1767,act_arr_time,3:31 p.m.,0.880797,holoclean_keep
1767,act_dep_time,11:32 a.m.,0.786986,holoclean_keep
1767,flight,co-58-den-iah,0.955505,holoclean_keep
1767,sched_arr_time,2:50 p.m.,0.429977,holoclean
1767,sched_dep_time,11:25 a.m.,0.792627,holoclean
1768,act_arr_time,11:21 a.m.,0.711235,holoclean_keep
1768,act_dep_time,10:33 a.m.,0.880797,holoclean_keep
1768,flight,ua-5487-sfo-mry,0.957027,holoclean_keep
1768,sched_arr_time,11:19 a.m.,0.544551,holoclean
1768,sched_dep_time,10:39 a.m.,0.524228,holoclean
1769,act_arr_time,12/2/11 6:35 a.m.,0.142857,holoclean
1769,act_dep_time,11:29 p.m.,0.200000,holoclean
1769,flight,aa-204-lax-mco,0.940535,holoclean_keep
1769,sched_arr_time,6:55 a.m.  fri 02-dec-2011,0.489881,holoclean_keep
1769,sched_dep_time,11:25 p.m.,0.957084,holoclean_keep
1770,act_arr_time,7:17 a.m.,0.648786,holoclean_keep
1770,act_dep_time,5:56 a.m.,0.711235,holoclean_keep
1770,flight,ua-414-lax-sfo,0.990992,holoclean_keep
1770,sched_arr_time,7:23 a.m.,0.404330,holoclean
1770,sched_dep_time,6:00 a.m.,0.470656,holoclean
1771,act_arr_time,5:26 a.m.,0.711235,holoclean_keep
1771,act_dep_time,12:41 a.m.,0.711235,holoclean_keep
1771,flight,co-1614-lax-iah,0.950351,holoclean_keep
1771,sched_arr_time,5:35 a.m.,0.773410,holoclean
1771,sched_dep_time,12:30 a.m.,0.764967,holoclean
1772,act_arr_time,6:28 p.m.,0.648786,holoclean_keep
1772,act_dep_time,3:58 p.m.,0.648786,holoclean_keep
1772,flight,ua-2726-fll-phl,0.965252,holoclean_keep
1772,sched_arr_time,6:46 p.m.,0.913445,holoclean_keep
1772,sched_dep_time,4:00 p.m.,0.975209,holoclean_keep
1773,act_arr_time,9:14 a.m.,0.786986,holoclean_keep
1773,act_dep_time,7:29 a.m.,0.786986,holoclean_keep
1773,flight,co-52-iah-lax,0.972759,holoclean_keep
1773,sched_arr_time,9:21 a.m.,0.434486,holoclean
1773,sched_dep_time,7:35 a.m.,0.601938,holoclean
1774,act_arr_time,1:19 p.m.,0.786986,holoclean_keep
1774,act_dep_time,10:19 a.m.,0.711235,holoclean_keep
1774,flight,co-1090-bos-iah,0.932098,holoclean_keep
1774,sched_arr_time,1:16 p.m.,0.671950,holoclean
1774,sched_dep_time,9:45 a.m.,0.587231,holoclean
1775,act_arr_time,1:27 p.m.,0.648786,holoclean_keep
1775,act_dep_time,10:10 a.m.,0.648786,holoclean_keep
1775,flight,aa-616-dfw-dtw,0.993127,holoclean_keep
1775,sched_arr_time,12:35 p.m.,0.965234,holoclean_keep
1775,sched_dep_time,9:05 a.m.,0.989375,holoclean_keep
1776,act_arr_time,9:56 a.m.,0.786986,holoclean_keep
1776,act_dep_time,8:12 a.m.,0.648786,holoclean_keep
1776,flight,ua-3515-iad-msp,0.993453,holoclean_keep
1776,sched_arr_time,10:06 a.m.,0.365681,holoclean
1776,sched_dep_time,8:15 a.m.,0.352967,holoclean
1777,act_arr_time,9:45 a.m.,0.711235,holoclean_keep
1777,act_dep_time,7:25 a.m.,0.648786,holoclean_keep
1777,flight,aa-3468-cvg-mia,0.998425,holoclean_keep
1777,sched_arr_time,9:55 a.m.,0.956961,holoclean_keep
1777,sched_dep_time,7:00 a.m.,0.988867,holoclean_keep
1778,act_arr_time,7:39 p.m.,0.711235,holoclean_keep
1778,act_dep_time,4:29 p.m.,0.786986,holoclean_keep
1778,flight,aa-484-dfw-mia,0.994696,holoclean_keep
1778,sched_arr_time,7:55 p.m.,0.978368,holoclean_keep
1778,sched_dep_time,4:15 p.m.,0.975200,holoclean_keep
1779,act_arr_time,1:40 p.m.,0.648786,holoclean_keep
1779,act_dep_time,10:55 a.m.,0.648786,holoclean_keep
1779,flight,aa-1886-bos-mia,0.949899,holoclean_keep
1779,sched_arr_time,2:20 p.m.,0.377035,holoclean
1779,sched_dep_time,10:45 a.m.,0.337309,holoclean
1780,act_arr_time,7:10 p.m.,0.880797,holoclean_keep
1780,act_dep_time,2:48 p.m.,0.880797,holoclean_keep
1780,flight,co-62-iah-ewr,0.889113,holoclean_keep
1780,sched_arr_time,7:03 p.m.,0.468602,holoclean
1780,sched_dep_time,2:30 p.m.,0.454316,holoclean
1781,act_arr_time,11:32 a.m.,0.711235,holoclean_keep
1781,act_dep_time,8:00 a.m.,0.711235,holoclean_keep
1781,flight,co-1561-phx-iah,0.956410,holoclean_keep
1781,sched_arr_time,11:35 a.m.,0.776967,holoclean
1781,sched_dep_time,8:05 a.m.,0.769467,holoclean
1782,act_arr_time,4:47 p.m.,0.648786,holoclean_keep
1782,act_dep_time,2:46 p.m.,0.711235,holoclean_keep
1782,flight,ua-2314-atl-phl,0.954484,holoclean_keep
1782,sched_arr_time,5:00 p.m.,0.443485,holoclean
1782,sched_dep_time,2:55 p.m.,0.387722,holoclean
1783,act_arr_time,4:09 p.m.,0.450853,holoclean_keep
1783,act_dep_time,12:12 p.m.,0.551873,holoclean_keep
1783,flight,aa-446-dfw-phl,0.980487,holoclean_keep
1783,sched_arr_time,3:50 p.m.,0.967417,holoclean_keep
1783,sched_dep_time,11:50 a.m.,0.947312,holoclean_keep
1784,act_arr_time,1:14 p.m.,0.711235,holoclean_keep
1784,act_dep_time,11:56 a.m.,0.648786,holoclean_keep
1784,flight,co-1023-iah-den,0.981781,holoclean_keep
1784,sched_arr_time,1:17 p.m.,0.560839,holoclean
1784,sched_dep_time,11:40 a.m.,0.537992,holoclean
1785,act_arr_time,9:05 a.m.,0.648786,holoclean_keep
1785,act_dep_time,6:08 a.m.,0.711235,holoclean_keep
1785,flight,aa-466-iah-mia,0.987878,holoclean_keep
1785,sched_arr_time,9:20 a.m.,0.876563,holoclean_keep
1785,sched_dep_time,6:00 a.m.,0.995681,holoclean_keep
1786,act_arr_time,5:05 p.m.,0.648786,holoclean_keep
1786,act_dep_time,11:30 a.m.,0.711235,holoclean_keep
1786,flight,ua-3050-phx-clt,0.994610,holoclean_keep
1786,sched_arr_time,4:57 p.m.,0.991741,holoclean_keep
1786,sched_dep_time,11:05 a.m.,0.993915,holoclean_keep
1787,act_arr_time,10:27 a.m.,0.786986,holoclean_keep
1787,act_dep_time,6:02 a.m.,0.786986,holoclean_keep
1787,flight,co-89-iah-ewr,0.956154,holoclean_keep
1787,sched_arr_time,10:20 a.m.,0.812471,holoclean
1787,sched_dep_time,6:00 a.m.,0.806786,holoclean
1788,act_arr_time,10:56 a.m.,0.786986,holoclean_keep
1788,act_dep_time,8:40 a.m.,0.786986,holoclean_keep
1788,flight,co-1088-cle-iah,0.956305,holoclean_keep
1788,sched_arr_time,10:54 a.m.,0.784332,holoclean
1788,sched_dep_time,8:40 a.m.,0.778805,holoclean
1789,act_arr_time,11:56 a.m.,0.786986,holoclean_keep
1789,act_dep_time,10:18 a.m.,0.648786,holoclean_keep
1789,flight,aa-1664-mia-atl,0.998651,holoclean_keep
1789,sched_arr_time,12:10 p.m.,0.981912,holoclean_keep
1789,sched_dep_time,10:15 a.m.,0.990408,holoclean_keep
1790,act_arr_time,3:20 p.m. (runway),0.480150,holoclean_keep
1790,act_dep_time,2:04 p.m.,0.513519,holoclean_keep
1790,flight,aa-1279-dfw-phx,0.987917,holoclean_keep
1790,sched_arr_time,2:35 p.m.,0.990776,holoclean_keep
1790,sched_dep_time,1:00 p.m.,0.968593,holoclean_keep
1791,act_arr_time,1:30 p.m.,0.786986,holoclean_keep
1791,act_dep_time,7:49 a.m.,0.786986,holoclean_keep
1791,flight,ua-854-sfo-iah,0.958057,holoclean_keep
1791,sched_arr_time,1:39 p.m.,0.711285,holoclean
1791,sched_dep_time,7:53 a.m.,0.480909,holoclean
1792,act_arr_time,3:21 p.m.,0.711235,holoclean_keep
1792,act_dep_time,12:35 p.m.,0.648786,holoclean_keep
1792,flight,ua-382-iad-lax,0.953726,holoclean_keep
1792,sched_arr_time,3:19 p.m.,0.424062,holoclean
1792,sched_dep_time,12:30 p.m.,0.696385,holoclean
1793,act_arr_time,2:10 p.m.,0.596418,holoclean_keep
1793,act_dep_time,12:13 p.m.,0.711235,holoclean_keep
1793,flight,aa-4344-ord-dtw,0.960071,holoclean_keep
1793,sched_arr_time,2:00 p.m.,0.641139,holoclean
1793,sched_dep_time,11:45 a.m.,0.484586,holoclean
1794,act_arr_time,5:42 p.m.,0.648786,holoclean_keep
1794,act_dep_time,2:26 p.m.,0.648786,holoclean_keep
1794,flight,ua-257-jfk-sfo,0.991309,holoclean_keep
1794,sched_arr_time,6:15 p.m.,0.957081,holoclean_keep
1794,sched_dep_time,2:30 p.m.,0.973925,holoclean_keep
1795,act_arr_time,1:15 p.m.,0.648786,holoclean_keep
1795,act_dep_time,11:51 a.m.,0.596418,holoclean_keep
1795,flight,ua-2945-phl-clt,0.997112,holoclean_keep
1795,sched_arr_time,1:45 p.m.,0.970090,holoclean_keep
1795,sched_dep_time,12:00 p.m.,0.988380,holoclean_keep
1796,act_arr_time,8:03 p.m.,0.786986,holoclean_keep
1796,act_dep_time,5:22 p.m.,0.880797,holoclean_keep
1796,flight,co-63-ewr-iah,0.953571,holoclean_keep
1796,sched_arr_time,8:22 p.m.,0.725939,holoclean
1796,sched_dep_time,5:25 p.m.,0.418850,holoclean
1797,act_arr_time,8:56 p.m.,0.648786,holoclean_keep
1797,act_dep_time,8:25 p.m.,0.786986,holoclean_keep
1797,flight,co-47-iah-lax,0.949862,holoclean_keep
1797,sched_arr_time,8:56 p.m.,0.440825,holoclean
1797,sched_dep_time,7:10 p.m.,0.696323,holoclean
1798,act_arr_time,2:46 p.m.,0.551873,holoclean_keep
1798,act_dep_time,11:05 a.m.,0.551873,holoclean_keep
1798,flight,aa-2050-ord-mia,0.984620,holoclean_keep
1798,sched_arr_time,2:45 p.m.,0.929368,holoclean_keep
1798,sched_dep_time,10:40 a.m.,0.977894,holoclean_keep
1799,act_arr_time,5:34 p.m.,0.711235,holoclean_keep
1799,act_dep_time,1:32 p.m.,0.648786,holoclean_keep
1799,flight,ua-248-phx-ord,0.882326,holoclean_keep
1799,sched_arr_time,5:15 p.m.,0.203781,holoclean
1799,sched_dep_time,12:57 p.m.,0.273534,holoclean
1800,act_arr_time,3:33 p.m.,0.648786,holoclean_keep
1800,act_dep_time,3:36 p.m.,0.880797,holoclean_keep
1800,flight,aa-4330-cvg-ord,0.982382,holoclean_keep
1800,sched_arr_time,4:00 p.m.,0.547405,holoclean
1800,sched_dep_time,3:35 p.m.,0.847023,holoclean
1801,act_arr_time,10:36 a.m.,0.648786,holoclean_keep
1801,act_dep_time,7:21 a.m.,0.711235,holoclean_keep
1801,flight,aa-1434-dfw-mco,0.996970,holoclean_keep
1801,sched_arr_time,10:35 a.m.,0.930276,holoclean_keep
1801,sched_dep_time,7:15 a.m.,0.996249,holoclean_keep
1802,act_arr_time,7:25 p.m.,0.200000,holoclean
1802,act_dep_time,6:47 p.m.,0.250000,holoclean
1802,flight,aa-1640-mia-mco,0.940505,holoclean_keep
1802,sched_arr_time,7:25 p.m.,0.941011,holoclean_keep
1802,sched_dep_time,6:30 p.m.,0.958795,holoclean_keep
1803,act_arr_time,8:53 p.m.,0.711235,holoclean_keep
1803,act_dep_time,6:55 p.m.,0.711235,holoclean_keep
1803,flight,aa-4307-ord-dtw,0.998920,holoclean_keep
1803,sched_arr_time,9:10 p.m.,0.981614,holoclean_keep
1803,sched_dep_time,6:45 p.m.,0.990823,holoclean_keep
1804,act_arr_time,12:02 a.m.,0.200000,holoclean
1804,act_dep_time,7:15 p.m.,0.200000,holoclean
1804,flight,co-1694-lax-iah,0.940364,holoclean_keep
1804,sched_arr_time,12:21 a.m.  fri 02-dec-2011,0.528282,holoclean_keep
1805,act_arr_time,7:58 p.m.,0.786986,holoclean_keep
1805,act_dep_time,2:10 p.m.,0.711235,holoclean_keep
1805,flight,ua-843-lax-ord,0.955814,holoclean_keep
1805,sched_arr_time,7:53 p.m.,0.511635,holoclean
1805,sched_dep_time,1:55 p.m.,0.347114,holoclean
1806,act_arr_time,12:09 p.m.,0.786986,holoclean_keep
1806,act_dep_time,9:14 a.m.,0.513519,holoclean_keep
1806,flight,co-1193-ewr-mco,0.997441,holoclean_keep
1806,sched_arr_time,12:18 p.m.,0.956675,holoclean_keep
1806,sched_dep_time,9:15 a.m.,0.985519,holoclean_keep
1807,act_arr_time,7:51 a.m.,0.711235,holoclean_keep
1807,act_dep_time,6:56 a.m.,0.711235,holoclean_keep
1807,flight,aa-3842-msp-ord,0.984450,holoclean_keep
1807,sched_arr_time,7:30 a.m.,0.872862,holoclean_keep
1807,sched_dep_time,6:00 a.m.,0.990899,holoclean_keep
1808,act_arr_time,9:31 a.m.,0.596418,holoclean_keep
1808,act_dep_time,7:30 a.m.,0.711235,holoclean_keep
1808,flight,aa-643-mia-ord,0.978826,holoclean_keep
1808,sched_arr_time,9:35 a.m.,0.882491,holoclean_keep
1808,sched_dep_time,7:10 a.m.,0.995737,holoclean_keep
1809,act_arr_time,7:55 p.m.,0.786986,holoclean_keep
1809,act_dep_time,5:08 p.m.,0.711235,holoclean_keep
1809,flight,aa-1007-mia-phx,0.986479,holoclean_keep
1809,sched_arr_time,8:05 p.m.,0.693922,holoclean
1809,sched_dep_time,4:55 p.m.,0.352834,holoclean
1810,act_arr_time,6:38 p.m.,0.551873,holoclean_keep
1810,act_dep_time,4:28 p.m.,0.596418,holoclean_keep
1810,flight,ua-2906-phl-mco,0.998349,holoclean_keep
1810,sched_arr_time,6:23 p.m.,0.992385,holoclean_keep
1810,sched_dep_time,3:50 p.m.,0.977977,holoclean_keep
1811,act_arr_time,7:36 p.m.,0.648786,holoclean_keep
1811,act_dep_time,4:15 p.m.,0.786986,holoclean_keep
1811,flight,ua-938-den-ord,0.980600,holoclean_keep
1811,sched_arr_time,7:35 p.m.,0.538320,holoclean
1811,sched_dep_time,4:16 p.m.,0.535928,holoclean
1812,act_arr_time,9:53 p.m.,0.786986,holoclean_keep
1812,act_dep_time,8:23 p.m.,0.880797,holoclean_keep
1812,flight,aa-1221-mco-ord,0.994704,holoclean_keep
1812,sched_arr_time,9:45 p.m.,0.980721,holoclean_keep
1812,sched_dep_time,8:00 p.m.,0.990985,holoclean_keep
1813,act_arr_time,6:34 p.m.,0.880797,holoclean_keep
1813,act_dep_time,10:20 a.m.,0.711235,holoclean_keep
1813,flight,co-16-lax-ewr,0.989899,holoclean_keep
1813,sched_arr_time,6:44 p.m.,0.817726,holoclean
1813,sched_dep_time,10:25 a.m.,0.644663,holoclean
1814,act_arr_time,10:47 a.m.,0.648786,holoclean_keep
1814,act_dep_time,7:07 a.m.,0.551873,holoclean_keep
1814,flight,ua-2515-dfw-clt,0.982766,holoclean_keep
1814,sched_arr_time,10:31 a.m.,0.682164,holoclean
1814,sched_dep_time,7:05 a.m.,0.646040,holoclean
1815,act_arr_time,3:04 p.m.,0.711235,holoclean_keep
1815,act_dep_time,11:01 a.m.,0.648786,holoclean_keep
1815,flight,aa-400-dfw-jfk,0.980199,holoclean_keep
1815,sched_arr_time,2:59 p.m.,0.702070,holoclean
1815,sched_dep_time,10:40 a.m.,0.744154,holoclean
1816,act_arr_time,4:23 p.m.,0.786986,holoclean_keep
1816,act_dep_time,1:31 p.m.,0.711235,holoclean_keep
1816,flight,ua-664-ord-phl,0.994419,holoclean_keep
1816,sched_arr_time,4:31 p.m.,0.980229,holoclean_keep
1816,sched_dep_time,1:33 p.m.,0.996089,holoclean_keep
1817,act_arr_time,2:50 p.m.,0.596418,holoclean_keep
1817,act_dep_time,12:41 p.m.,0.551873,holoclean_keep
1817,flight,aa-3756-ord-slc,0.997490,holoclean_keep
1817,sched_arr_time,2:45 p.m.,0.989942,holoclean_keep
1817,sched_dep_time,12:15 p.m.,0.978472,holoclean_keep
1818,act_arr_time,4:17 p.m.,0.551873,holoclean_keep
1818,act_dep_time,1:48 p.m.,0.711235,holoclean_keep
1818,flight,ua-37-ewr-mco,0.943961,holoclean_keep
1818,sched_arr_time,4:17 p.m.,0.418470,holoclean
1818,sched_dep_time,1:29 p.m.,0.656807,holoclean
1819,act_arr_time,5:42 a.m. (estimated runway),0.250000,holoclean
1819,act_dep_time,12:10 a.m. (estimated runway),0.333333,holoclean
1819,flight,aa-1522-sfo-ord,0.939481,holoclean_keep
1819,sched_arr_time,5:50 a.m.  fri 02-dec-2011,0.522157,holoclean_keep
1819,sched_dep_time,11:55 p.m.,0.993564,holoclean_keep
1820,act_arr_time,11:56 p.m.,0.166667,holoclean
1820,act_dep_time,4:25 p.m.,0.166667,holoclean
1820,flight,ua-233-lax-jfk,0.938096,holoclean_keep
1820,sched_arr_time,12:29 a.m.  fri 02-dec-2011,0.537341,holoclean_keep
1820,sched_dep_time,4:25 p.m.,0.961086,holoclean_keep
1821,act_arr_time,11:49 p.m.,0.200000,holoclean
1821,act_dep_time,9:06 p.m.,0.250000,holoclean
1821,flight,aa-3823-lax-den,0.937271,holoclean_keep
1821,sched_arr_time,12:15 a.m.  fri 02-dec-2011,0.513027,holoclean_keep
1821,sched_dep_time,9:00 p.m.,0.957706,holoclean_keep
1822,act_arr_time,11:35 p.m.,0.250000,holoclean
1822,act_dep_time,8:29 p.m.,0.250000,holoclean
1822,flight,aa-2312-dfw-dtw,0.941385,holoclean_keep
1822,sched_arr_time,11:50 p.m.,0.970411,holoclean_keep
1822,sched_dep_time,8:25 p.m.,0.961087,holoclean_keep
1823,act_arr_time,10:04 a.m.,0.450853,holoclean_keep
1823,act_dep_time,7:22 a.m.,0.711235,holoclean_keep
1823,flight,aa-1165-jfk-mia,0.989956,holoclean_keep
1823,sched_arr_time,10:34 a.m.,0.920723,holoclean_keep
1823,sched_dep_time,6:59 a.m.,0.981252,holoclean_keep
1824,act_arr_time,11:44 a.m.,0.596418,holoclean_keep
1824,act_dep_time,8:51 a.m.,0.711235,holoclean_keep
1824,flight,aa-431-mia-sfo,0.995531,holoclean_keep
1824,sched_arr_time,11:50 a.m.,0.952359,holoclean_keep
1824,sched_dep_time,8:35 a.m.,0.989062,holoclean_keep
1825,act_arr_time,9:13 a.m.,0.711235,holoclean_keep
1825,act_dep_time,8:26 a.m.,0.786986,holoclean_keep
1825,flight,ua-3373-iad-phl,0.954762,holoclean_keep
1825,sched_arr_time,9:24 a.m.,0.706400,holoclean
1825,sched_dep_time,8:29 a.m.,0.685213,holoclean
1826,act_arr_time,3:26 p.m.,0.166667,holoclean
1826,act_dep_time,11:54 a.m.,0.111111,holoclean
1826,flight,aa-649-ord-sna,0.950189,holoclean_keep
1826,sched_arr_time,3:50 p.m.,0.973522,holoclean_keep
1826,sched_dep_time,1:30 p.m.,0.945833,holoclean_keep
1827,act_arr_time,4:59 p.m.,0.880797,holoclean_keep
1827,act_dep_time,3:01 p.m.,0.880797,holoclean_keep
1827,flight,co-1250-mia-iah,0.956259,holoclean_keep
1827,sched_arr_time,4:48 p.m.,0.476657,holoclean
1827,sched_dep_time,2:53 p.m.,0.451126,holoclean
1828,act_arr_time,8:45 a.m.,0.711235,holoclean_keep
1828,act_dep_time,7:27 a.m.,0.786986,holoclean_keep
1828,flight,ua-6273-yyc-sfo,0.956730,holoclean_keep
1828,sched_arr_time,9:43 a.m.,0.374905,holoclean
1828,sched_dep_time,7:35 a.m.,0.376721,holoclean
1829,act_arr_time,5:21 a.m.,0.333333,holoclean
1829,act_dep_time,11/30/2011 11:34 p.m.,0.333333,holoclean
1829,flight,ua-828-sfo-ord,0.946708,holoclean_keep
1829,sched_arr_time,5:11 a.m.,0.659130,holoclean_keep
1829,sched_dep_time,11:08 p.m.,0.993796,holoclean_keep
1830,act_arr_time,6:09 p.m.,0.166667,holoclean
1830,act_dep_time,3:52 p.m.,0.166667,holoclean
1830,flight,co-4888-iah-dal,0.967731,holoclean_keep
1830,sched_arr_time,6:40 p.m.,0.915688,holoclean_keep
1830,sched_dep_time,5:30 p.m.,0.977868,holoclean_keep
1831,act_arr_time,8:02 a.m.,0.648786,holoclean_keep
1831,act_dep_time,1:32 p.m.,0.648786,holoclean_keep
1831,flight,ua-858-pvg-sfo,0.970430,holoclean_keep
1831,sched_arr_time,8:27 a.m.,0.304868,holoclean
1831,sched_dep_time,1:45 p.m.,0.440362,holoclean
1832,act_arr_time,2:00 p.m.,0.711235,holoclean_keep
1832,act_dep_time,11:15 a.m.,0.711235,holoclean_keep
1832,flight,ua-2704-dtw-phx,0.954925,holoclean_keep
1832,sched_arr_time,1:40 p.m.,0.389183,holoclean
1832,sched_dep_time,11:15 a.m.,0.663755,holoclean
1833,act_arr_time,9:20 p.m.,0.648786,holoclean_keep
1833,act_dep_time,8:39 p.m.,0.786986,holoclean_keep
1833,flight,aa-3063-slc-lax,0.948944,holoclean_keep
1833,sched_arr_time,9:20 p.m.,0.460846,holoclean
1833,sched_dep_time,8:20 p.m.,0.349305,holoclean
1834,act_arr_time,4:44 p.m.,0.711235,holoclean_keep
1834,act_dep_time,2:52 p.m.,0.711235,holoclean_keep
1834,flight,ua-2708-ewr-clt,0.954770,holoclean_keep
1834,sched_arr_time,4:53 p.m.,0.394613,holoclean
1834,sched_dep_time,2:55 p.m.,0.342114,holoclean
1835,act_arr_time,7:10 p.m.,0.786986,holoclean_keep
1835,act_dep_time,2:48 p.m.,0.786986,holoclean_keep
1835,flight,ua-62-iah-ewr,0.871948,holoclean_keep
1835,sched_arr_time,7:03 p.m.,0.460257,holoclean
1835,sched_dep_time,2:30 p.m.,0.444041,holoclean
1836,act_arr_time,11:45 a.m.,0.711235,holoclean_keep
1836,act_dep_time,9:16 a.m.,0.711235,holoclean_keep
1836,flight,ua-1500-iah-gua,0.952797,holoclean_keep
1836,sched_arr_time,11:45 a.m.,0.613095,holoclean
1836,sched_dep_time,8:55 a.m.,0.639097,holoclean
1837,act_arr_time,3:43 p.m.,0.880797,holoclean_keep
1837,act_dep_time,2:44 p.m.,0.880797,holoclean_keep
1837,flight,aa-3804-phl-ord,0.994974,holoclean_keep
1837,sched_arr_time,4:05 p.m.,0.991420,holoclean_keep
1837,sched_dep_time,2:35 p.m.,0.977558,holoclean_keep
1838,act_arr_time,5:43 p.m.,0.596418,holoclean_keep
1838,act_dep_time,3:27 p.m.,0.786986,holoclean_keep
1838,flight,aa-1917-jfk-mco,0.986151,holoclean_keep
1838,sched_arr_time,5:55 p.m.,0.917419,holoclean_keep
1838,sched_dep_time,2:55 p.m.,0.992399,holoclean_keep
1839,act_arr_time,11:06 a.m.,0.480150,holoclean_keep
1839,act_dep_time,7:22 a.m.,0.551873,holoclean_keep
1839,flight,aa-2268-phx-ord,0.910118,holoclean_keep
1839,sched_arr_time,11:35 a.m.,0.821457,holoclean_keep
1839,sched_dep_time,7:15 a.m.,0.950989,holoclean_keep
1840,act_arr_time,1:43 p.m.,0.711235,holoclean_keep
1840,act_dep_time,12:10 p.m.,0.786986,holoclean_keep
1840,flight,aa-4277-cvg-jfk,0.998863,holoclean_keep
1840,sched_arr_time,2:15 p.m.,0.982067,holoclean_keep
1840,sched_dep_time,12:10 p.m.,0.996993,holoclean_keep
1841,act_arr_time,11:01 a.m.,0.551873,holoclean_keep
1841,act_dep_time,8:04 a.m.,0.711235,holoclean_keep
1841,flight,aa-2957-dfw-cvg,0.995021,holoclean_keep
1841,sched_arr_time,11:05 a.m.,0.953912,holoclean_keep
1841,sched_dep_time,7:55 a.m.,0.990275,holoclean_keep
1842,act_arr_time,12:09 p.m.,0.551873,holoclean_keep
1842,act_dep_time,8:52 a.m.,0.551873,holoclean_keep
1842,flight,ua-37-edi-ewr,0.834782,holoclean_keep
1842,sched_arr_time,11:53 a.m.,0.349317,holoclean
1842,sched_dep_time,9:05 a.m.,0.214177,holoclean
1843,act_arr_time,3:13 p.m.,0.513519,holoclean_keep
1843,act_dep_time,1:19 p.m.,0.513519,holoclean_keep
1843,flight,aa-789-ord-den,0.985003,holoclean_keep
1843,sched_arr_time,2:35 p.m.,0.971875,holoclean_keep
1843,sched_dep_time,1:05 p.m.,0.963131,holoclean_keep
1844,act_arr_time,10:16 a.m.,0.711235,holoclean_keep
1844,act_dep_time,8:56 a.m.,0.711235,holoclean_keep
1844,flight,aa-415-bos-ord,0.953020,holoclean_keep
1844,sched_arr_time,10:40 a.m.,0.762136,holoclean
1844,sched_dep_time,8:35 a.m.,0.716857,holoclean
1845,act_arr_time,6:43 p.m.,0.551873,holoclean_keep
1845,act_dep_time,3:36 p.m.,0.711235,holoclean_keep
1845,flight,aa-85-jfk-sfo,0.992042,holoclean_keep
1845,sched_arr_time,6:30 p.m.,0.968269,holoclean_keep
1845,sched_dep_time,3:05 p.m.,0.989164,holoclean_keep
1846,act_arr_time,8:06 a.m.,0.596418,holoclean_keep
1846,act_dep_time,8:04 a.m.,0.786986,holoclean_keep
1846,flight,aa-3979-cvg-ord,0.998275,holoclean_keep
1846,sched_arr_time,8:00 a.m.,0.965985,holoclean_keep
1846,sched_dep_time,7:30 a.m.,0.989931,holoclean_keep
1847,act_arr_time,4:56 p.m.,0.786986,holoclean_keep
1847,act_dep_time,11:40 a.m.,0.711235,holoclean_keep
1847,flight,aa-1544-san-ord,0.954613,holoclean_keep
1847,sched_arr_time,5:25 p.m.,0.718132,holoclean
1847,sched_dep_time,11:25 a.m.,0.433782,holoclean
1848,act_arr_time,6:15 p.m.,0.648786,holoclean_keep
1848,act_dep_time,4:12 p.m.,0.711235,holoclean_keep
1848,flight,aa-3786-iah-ord,0.986369,holoclean_keep
1848,sched_arr_time,6:40 p.m.,0.925702,holoclean_keep
1848,sched_dep_time,4:00 p.m.,0.985082,holoclean_keep
1849,act_arr_time,2:27 p.m.,0.711235,holoclean_keep
1849,act_dep_time,11:52 a.m.,0.786986,holoclean_keep
1849,flight,aa-271-mia-lax,0.995016,holoclean_keep
1849,sched_arr_time,2:25 p.m.,0.991699,holoclean_keep
1849,sched_dep_time,11:35 a.m.,0.995611,holoclean_keep
1850,act_arr_time,11:06 a.m.,0.551873,holoclean_keep
1850,act_dep_time,7:39 a.m.,0.648786,holoclean_keep
1850,flight,aa-2525-dfw-mia,0.991791,holoclean_keep
1850,sched_arr_time,11:10 a.m.,0.874849,holoclean_keep
1850,sched_dep_time,7:25 a.m.,0.976900,holoclean_keep
1851,act_arr_time,5:26 p.m.,0.880797,holoclean_keep
1851,act_dep_time,3:31 p.m.,0.880797,holoclean_keep
1851,flight,co-50-cle-ewr,0.956321,holoclean_keep
1851,sched_arr_time,4:49 p.m.,0.456395,holoclean
1851,sched_dep_time,2:55 p.m.,0.434624,holoclean
1852,act_arr_time,5:38 p.m.,0.648786,holoclean_keep
1852,act_dep_time,11:43 a.m.,0.711235,holoclean_keep
1852,flight,ua-3099-phx-phl,0.994752,holoclean_keep
1852,sched_arr_time,6:17 p.m.,0.992740,holoclean_keep
1852,sched_dep_time,11:55 a.m.,0.995773,holoclean_keep
1853,act_arr_time,12:50 p.m.,0.711235,holoclean_keep
1853,act_dep_time,10:54 a.m.,0.711235,holoclean_keep
1853,flight,aa-4198-ord-cle,0.985595,holoclean_keep
1853,sched_arr_time,12:55 p.m.,0.939005,holoclean_keep
1853,sched_dep_time,10:40 a.m.,0.995307,holoclean_keep
1854,act_arr_time,7:40 a.m.,0.513519,holoclean_keep
1854,act_dep_time,6:57 a.m.,0.711235,holoclean_keep
1854,flight,aa-404-mia-mco,0.997057,holoclean_keep
1854,sched_arr_time,7:45 a.m.,0.951859,holoclean_keep
1854,sched_dep_time,6:45 a.m.,0.989272,holoclean_keep
1855,act_arr_time,6:36 p.m.,0.786986,holoclean_keep
1855,act_dep_time,3:58 p.m.,0.648786,holoclean_keep
1855,flight,co-45-ewr-mia,0.971628,holoclean_keep
1855,sched_arr_time,7:05 p.m.,0.922317,holoclean_keep
1856,act_arr_time,6:19 a.m.,0.480150,holoclean_keep
1856,act_dep_time,6:10 a.m.,0.711235,holoclean_keep
1856,flight,aa-3809-phx-lax,0.977422,holoclean_keep
1856,sched_arr_time,6:40 a.m.,0.885756,holoclean_keep
1856,sched_dep_time,6:00 a.m.,0.996460,holoclean_keep
1857,act_arr_time,11:12 a.m.,0.551873,holoclean_keep
1857,act_dep_time,7:39 a.m.,0.711235,holoclean_keep
1857,flight,aa-59-jfk-sfo,0.972759,holoclean_keep
1857,sched_arr_time,10:45 a.m.,0.853778,holoclean_keep
1857,sched_dep_time,7:10 a.m.,0.988978,holoclean_keep
1858,act_arr_time,3:14 p.m.,0.513519,holoclean_keep
1858,act_dep_time,7:31 a.m.,0.648786,holoclean_keep
1858,flight,aa-222-lax-bos,0.950384,holoclean_keep
1858,sched_arr_time,3:30 p.m.,0.900023,holoclean_keep
1858,sched_dep_time,7:10 a.m.,0.987403,holoclean_keep
1859,act_arr_time,9:32 a.m.,0.786986,holoclean_keep
1859,act_dep_time,7:16 a.m.,0.786986,holoclean_keep
1859,flight,aa-3859-iah-ord,0.991390,holoclean_keep
1859,sched_arr_time,9:40 a.m.,0.891583,holoclean_keep
1859,sched_dep_time,7:10 a.m.,0.996597,holoclean_keep
1860,act_arr_time,10:29 p.m.,0.551873,holoclean_keep
1860,act_dep_time,7:14 p.m.,0.711235,holoclean_keep
1860,flight,co-1586-iah-mco,0.998750,holoclean_keep
1860,sched_arr_time,10:15 p.m.,0.929717,holoclean_keep
1860,sched_dep_time,7:00 p.m.,0.983827,holoclean_keep
1861,act_arr_time,9:28 a.m.,0.596418,holoclean_keep
1861,act_dep_time,6:54 a.m.,0.711235,holoclean_keep
1861,flight,aa-518-mia-jfk,0.999227,holoclean_keep
1861,sched_arr_time,9:25 a.m.,0.981029,holoclean_keep
1861,sched_dep_time,6:40 a.m.,0.990134,holoclean_keep
1862,act_arr_time,11:58 a.m.,0.648786,holoclean_keep
1862,act_dep_time,8:29 a.m.,0.648786,holoclean_keep
1862,flight,ua-397-jfk-sfo,0.994849,holoclean_keep
1862,sched_arr_time,11:55 a.m.,0.981726,holoclean_keep
1862,sched_dep_time,8:00 a.m.,0.986791,holoclean_keep
1863,act_arr_time,9:43 a.m.,0.648786,holoclean_keep
1863,act_dep_time,8:42 a.m.,0.711235,holoclean_keep
1863,flight,ua-3925-iad-orf,0.993757,holoclean_keep
1863,sched_arr_time,9:54 a.m.,0.865127,holoclean_keep
1863,sched_dep_time,8:41 a.m.,0.966935,holoclean_keep
1864,act_arr_time,10:30 p.m. (estimated),0.648786,holoclean_keep
1864,act_dep_time,7:58 p.m.,0.786986,holoclean_keep
1864,flight,aa-1733-ord-phx,0.994140,holoclean_keep
1864,sched_arr_time,10:30 p.m.,0.983283,holoclean_keep
1864,sched_dep_time,7:45 p.m.,0.996716,holoclean_keep
1865,act_arr_time,2:10 p.m.,0.596418,holoclean_keep
1865,act_dep_time,12:13 p.m.,0.711235,holoclean_keep
1865,flight,aa-4344-ord-dtw,0.994311,holoclean_keep
1865,sched_arr_time,2:00 p.m.,0.949720,holoclean_keep
1865,sched_dep_time,11:45 a.m.,0.931580,holoclean_keep
1866,act_arr_time,7:25 p.m. (estimated runway),0.648786,holoclean_keep
1866,act_dep_time,6:47 p.m. (estimated runway),0.711235,holoclean_keep
1866,flight,aa-1640-mia-mco,0.994165,holoclean_keep
1866,sched_arr_time,7:25 p.m.,0.982861,holoclean_keep
1866,sched_dep_time,6:30 p.m.,0.978606,holoclean_keep
1867,act_arr_time,5:17 p.m.,0.648786,holoclean_keep
1867,act_dep_time,3:28 p.m.,0.711235,holoclean_keep
1867,flight,ua-2830-mco-clt,0.997086,holoclean_keep
1867,sched_arr_time,5:05 p.m.,0.993561,holoclean_keep
1867,sched_dep_time,3:27 p.m.,0.996716,holoclean_keep
1868,act_arr_time,3:31 p.m.,0.880797,holoclean_keep
1868,act_dep_time,11:32 a.m.,0.786986,holoclean_keep
1868,flight,co-58-den-iah,0.998347,holoclean_keep
1868,sched_arr_time,2:50 p.m.,0.973146,holoclean_keep
1868,sched_dep_time,11:25 a.m.,0.985483,holoclean_keep
1869,act_arr_time,6:35 a.m. (estimated runway),0.551873,holoclean_keep
1869,act_dep_time,11:29 p.m. (estimated runway),0.648786,holoclean_keep
1869,flight,aa-204-lax-mco,0.994037,holoclean_keep
1869,sched_arr_time,6:55 a.m.,0.790750,holoclean_keep
1869,sched_dep_time,11:25 p.m.,0.977699,holoclean_keep
1870,act_arr_time,7:17 a.m.,0.648786,holoclean_keep
1870,act_dep_time,5:56 a.m.,0.711235,holoclean_keep
1870,flight,ua-414-lax-sfo,0.977530,holoclean_keep
1870,sched_arr_time,7:23 a.m.,0.621883,holoclean_keep
1870,sched_dep_time,6:00 a.m.,0.944206,holoclean_keep
1871,act_arr_time,5:26 a.m.,0.711235,holoclean_keep
1871,act_dep_time,12:41 a.m.,0.711235,holoclean_keep
1871,flight,co-1614-lax-iah,0.994436,holoclean_keep
1871,sched_arr_time,5:35 a.m.,0.972564,holoclean_keep
1871,sched_dep_time,12:30 a.m.,0.986588,holoclean_keep
1872,act_arr_time,6:28 p.m.,0.648786,holoclean_keep
1872,act_dep_time,3:58 p.m.,0.648786,holoclean_keep
1872,flight,ua-2726-fll-phl,0.965252,holoclean_keep
1872,sched_arr_time,6:46 p.m.,0.913445,holoclean_keep
1872,sched_dep_time,4:00 p.m.,0.975210,holoclean_keep
1873,act_arr_time,9:14 a.m.,0.786986,holoclean_keep
1873,act_dep_time,7:29 a.m.,0.786986,holoclean_keep
1873,flight,co-52-iah-lax,0.991988,holoclean_keep
1873,sched_arr_time,9:21 a.m.,0.835339,holoclean_keep
1873,sched_dep_time,7:35 a.m.,0.971972,holoclean_keep
1874,act_arr_time,1:19 p.m.,0.786986,holoclean_keep
1874,act_dep_time,10:19 a.m.,0.711235,holoclean_keep
1874,flight,co-1090-bos-iah,0.991942,holoclean_keep
1874,sched_arr_time,1:16 p.m.,0.955653,holoclean_keep
1874,sched_dep_time,9:45 a.m.,0.959991,holoclean_keep
1875,act_arr_time,9:45 a.m.,0.711235,holoclean_keep
1875,act_dep_time,7:25 a.m.,0.648786,holoclean_keep
1875,flight,aa-3468-cvg-mia,0.998425,holoclean_keep
1875,sched_arr_time,9:55 a.m.,0.956961,holoclean_keep
1875,sched_dep_time,7:00 a.m.,0.988867,holoclean_keep
1876,act_arr_time,9:56 a.m.,0.786986,holoclean_keep
1876,act_dep_time,8:12 a.m.,0.648786,holoclean_keep
1876,flight,ua-3515-iad-msp,0.999030,holoclean_keep
1876,sched_arr_time,10:06 a.m.,0.859317,holoclean_keep
1876,sched_dep_time,8:15 a.m.,0.926704,holoclean_keep
1877,act_arr_time,7:39 p.m.,0.711235,holoclean_keep
1877,act_dep_time,4:29 p.m.,0.786986,holoclean_keep
1877,flight,aa-484-dfw-mia,0.994687,holoclean_keep
1877,sched_arr_time,7:55 p.m.,0.978367,holoclean_keep
1877,sched_dep_time,4:15 p.m.,0.975199,holoclean_keep
1878,act_arr_time,1:27 p.m.,0.648786,holoclean_keep
1878,act_dep_time,10:10 a.m.,0.648786,holoclean_keep
1878,flight,aa-616-dfw-dtw,0.993128,holoclean_keep
1878,sched_arr_time,12:35 p.m.,0.965234,holoclean_keep
1878,sched_dep_time,9:05 a.m.,0.989375,holoclean_keep
1879,act_arr_time,7:10 p.m.,0.786986,holoclean_keep
1879,act_dep_time,2:48 p.m.,0.786986,holoclean_keep
1879,flight,co-62-iah-ewr,0.887051,holoclean_keep
1879,sched_arr_time,7:03 p.m.,0.953023,holoclean_keep
1879,sched_dep_time,2:30 p.m.,0.951043,holoclean_keep
1880,act_arr_time,8:03 p.m.,0.786986,holoclean_keep
1880,act_dep_time,5:22 p.m.,0.880797,holoclean_keep
1880,flight,co-63-ewr-iah,0.994479,holoclean_keep
1880,sched_arr_time,8:22 p.m.,0.957057,holoclean_keep
1880,sched_dep_time,5:25 p.m.,0.943874,holoclean_keep
1881,act_arr_time,4:09 p.m.,0.450853,holoclean_keep
1881,act_dep_time,12:12 p.m.,0.551873,holoclean_keep
1881,flight,aa-446-dfw-phl,0.980490,holoclean_keep
1881,sched_arr_time,3:50 p.m.,0.967419,holoclean_keep
1881,sched_dep_time,11:50 a.m.,0.947312,holoclean_keep
1882,act_arr_time,1:14 p.m.,0.711235,holoclean_keep
1882,act_dep_time,11:56 a.m.,0.648786,holoclean_keep
1882,flight,co-1023-iah-den,0.997832,holoclean_keep
1882,sched_arr_time,1:17 p.m.,0.922294,holoclean_keep
1882,sched_dep_time,11:40 a.m.,0.943113,holoclean_keep
1883,act_arr_time,9:05 a.m.,0.648786,holoclean_keep
1883,act_dep_time,6:08 a.m.,0.711235,holoclean_keep
1883,flight,aa-466-iah-mia,0.987878,holoclean_keep
1883,sched_arr_time,9:20 a.m.,0.876564,holoclean_keep
1883,sched_dep_time,6:00 a.m.,0.995681,holoclean_keep
1884,act_arr_time,5:05 p.m.,0.648786,holoclean_keep
1884,act_dep_time,11:30 a.m.,0.711235,holoclean_keep
1884,flight,ua-3050-phx-clt,0.994525,holoclean_keep
1884,sched_arr_time,4:57 p.m.,0.991741,holoclean_keep
1884,sched_dep_time,11:05 a.m.,0.993915,holoclean_keep
1885,act_arr_time,10:27 a.m.,0.786986,holoclean_keep
1885,act_dep_time,6:02 a.m.,0.786986,holoclean_keep
1885,flight,co-89-iah-ewr,0.986652,holoclean_keep
1885,sched_arr_time,10:20 a.m.,0.769781,holoclean_keep
1885,sched_dep_time,6:00 a.m.,0.989451,holoclean_keep
1886,act_arr_time,10:56 a.m.,0.786986,holoclean_keep
1886,act_dep_time,8:40 a.m.,0.786986,holoclean_keep
1886,flight,co-1088-cle-iah,0.994663,holoclean_keep
1886,sched_arr_time,10:54 a.m.,0.974126,holoclean_keep
1886,sched_dep_time,8:40 a.m.,0.987540,holoclean_keep
1887,act_arr_time,11:01 a.m.,0.551873,holoclean_keep
1887,act_dep_time,8:04 a.m.,0.711235,holoclean_keep
1887,flight,aa-2957-dfw-cvg,0.995021,holoclean_keep
1887,sched_arr_time,11:05 a.m.,0.953911,holoclean_keep
1887,sched_dep_time,7:55 a.m.,0.990275,holoclean_keep
1888,act_arr_time,11:56 a.m.,0.786986,holoclean_keep
1888,act_dep_time,10:18 a.m.,0.648786,holoclean_keep
1888,flight,aa-1664-mia-atl,0.998652,holoclean_keep
1888,sched_arr_time,12:10 p.m.,0.981912,holoclean_keep
1888,sched_dep_time,10:15 a.m.,0.990408,holoclean_keep
1889,act_arr_time,8:06 a.m.,0.596418,holoclean_keep
1889,act_dep_time,8:04 a.m.,0.786986,holoclean_keep
1889,flight,aa-3979-cvg-ord,0.998275,holoclean_keep
1889,sched_arr_time,8:00 a.m.,0.965985,holoclean_keep
1889,sched_dep_time,7:30 a.m.,0.989931,holoclean_keep
1890,act_arr_time,3:20 p.m. (runway),0.480150,holoclean_keep
1890,act_dep_time,2:04 p.m.,0.513519,holoclean_keep
1890,flight,aa-1279-dfw-phx,0.987917,holoclean_keep
1890,sched_arr_time,2:35 p.m.,0.990776,holoclean_keep
1890,sched_dep_time,1:00 p.m.,0.968593,holoclean_keep
1891,act_arr_time,7:40 a.m.,0.513519,holoclean_keep
1891,act_dep_time,6:57 a.m.,0.711235,holoclean_keep
1891,flight,aa-404-mia-mco,0.997057,holoclean_keep
1891,sched_arr_time,7:45 a.m.,0.951859,holoclean_keep
1891,sched_dep_time,6:45 a.m.,0.989272,holoclean_keep
1892,act_arr_time,2:50 p.m.,0.596418,holoclean_keep
1892,act_dep_time,12:41 p.m.,0.551873,holoclean_keep
1892,flight,aa-3756-ord-slc,0.997490,holoclean_keep
1892,sched_arr_time,2:45 p.m.,0.989942,holoclean_keep
1892,sched_dep_time,12:15 p.m.,0.978471,holoclean_keep
1893,act_arr_time,3:21 p.m.,0.711235,holoclean_keep
1893,act_dep_time,12:35 p.m.,0.648786,holoclean_keep
1893,flight,ua-382-iad-lax,0.993951,holoclean_keep
1893,sched_arr_time,3:19 p.m.,0.848797,holoclean_keep
1893,sched_dep_time,12:30 p.m.,0.981314,holoclean_keep
1894,act_arr_time,1:15 p.m.,0.648786,holoclean_keep
1894,act_dep_time,11:51 a.m.,0.596418,holoclean_keep
1894,flight,ua-2945-phl-clt,0.997112,holoclean_keep
1894,sched_arr_time,1:45 p.m.,0.970090,holoclean_keep
1894,sched_dep_time,12:00 p.m.,0.988380,holoclean_keep
1895,act_arr_time,9:52 p.m. (estimated),0.648786,holoclean_keep
1895,act_dep_time,8:25 p.m.,0.786986,holoclean_keep
1895,flight,co-47-iah-lax,0.994027,holoclean_keep
1895,sched_arr_time,8:56 p.m.,0.952711,holoclean_keep
1895,sched_dep_time,7:10 p.m.,0.988602,holoclean_keep
1896,act_arr_time,2:27 p.m.,0.711235,holoclean_keep
1896,act_dep_time,11:52 a.m.,0.786986,holoclean_keep
1896,flight,aa-271-mia-lax,0.995106,holoclean_keep
1896,sched_arr_time,2:25 p.m.,0.991699,holoclean_keep
1896,sched_dep_time,11:35 a.m.,0.995612,holoclean_keep
1897,act_arr_time,2:46 p.m.,0.551873,holoclean_keep
1897,act_dep_time,11:05 a.m.,0.551873,holoclean_keep
1897,flight,aa-2050-ord-mia,0.984620,holoclean_keep
1897,sched_arr_time,2:45 p.m.,0.929368,holoclean_keep
1897,sched_dep_time,10:40 a.m.,0.977895,holoclean_keep
1898,act_arr_time,5:34 p.m.,0.711235,holoclean_keep
1898,act_dep_time,1:32 p.m.,0.648786,holoclean_keep
1898,flight,ua-248-phx-ord,0.984084,holoclean_keep
1898,sched_arr_time,5:15 p.m.,0.700700,holoclean_keep
1898,sched_dep_time,12:57 p.m.,0.897735,holoclean_keep
1899,act_arr_time,3:33 p.m.,0.648786,holoclean_keep
1899,act_dep_time,3:36 p.m.,0.880797,holoclean_keep
1899,flight,aa-4330-cvg-ord,0.998064,holoclean_keep
1899,sched_arr_time,4:00 p.m.,0.918960,holoclean_keep
1899,sched_dep_time,3:35 p.m.,0.992094,holoclean_keep
1900,act_arr_time,10:36 a.m.,0.648786,holoclean_keep
1900,act_dep_time,7:21 a.m.,0.711235,holoclean_keep
1900,flight,aa-1434-dfw-mco,0.996970,holoclean_keep
1900,sched_arr_time,10:35 a.m.,0.930277,holoclean_keep
1900,sched_dep_time,7:15 a.m.,0.996249,holoclean_keep
1901,act_arr_time,11:32 a.m.,0.551873,holoclean_keep
1901,act_dep_time,8:00 a.m.,0.551873,holoclean_keep
1901,flight,co-1561-phx-iah,0.995937,holoclean_keep
1901,sched_arr_time,11:35 a.m.,0.973104,holoclean_keep
1901,sched_dep_time,8:05 a.m.,0.914338,holoclean_keep
1902,act_arr_time,8:53 p.m.,0.711235,holoclean_keep
1902,act_dep_time,6:55 p.m.,0.711235,holoclean_keep
1902,flight,aa-4307-ord-dtw,0.998920,holoclean_keep
1902,sched_arr_time,9:10 p.m.,0.981614,holoclean_keep
1902,sched_dep_time,6:45 p.m.,0.990823,holoclean_keep
1903,act_arr_time,3:16 p.m.,0.551873,holoclean_keep
1903,act_dep_time,12:11 p.m.,0.711235,holoclean_keep
1903,flight,aa-3-jfk-lax,0.988034,holoclean_keep
1903,sched_arr_time,3:15 p.m.,0.950611,holoclean_keep
1903,sched_dep_time,12:00 p.m.,0.989141,holoclean_keep
1904,act_arr_time,12:21 a.m. (estimated),0.648786,holoclean_keep
1904,act_dep_time,7:15 p.m. (estimated),0.648786,holoclean_keep
1904,flight,co-1694-lax-iah,0.994146,holoclean_keep
1904,sched_arr_time,12:21 a.m.,0.851803,holoclean_keep
1905,act_arr_time,7:58 p.m.,0.786986,holoclean_keep
1905,act_dep_time,2:10 p.m.,0.711235,holoclean_keep
1905,flight,ua-843-lax-ord,0.994278,holoclean_keep
1905,sched_arr_time,7:53 p.m.,0.917050,holoclean_keep
1905,sched_dep_time,1:55 p.m.,0.899555,holoclean_keep
1906,act_arr_time,12:09 p.m.,0.786986,holoclean_keep
1906,act_dep_time,9:14 a.m.,0.513519,holoclean_keep
1906,flight,co-1193-ewr-mco,0.997442,holoclean_keep
1906,sched_arr_time,12:18 p.m.,0.956675,holoclean_keep
1906,sched_dep_time,9:15 a.m.,0.985519,holoclean_keep
1907,act_arr_time,7:51 a.m.,0.711235,holoclean_keep
1907,act_dep_time,6:56 a.m.,0.711235,holoclean_keep
1907,flight,aa-3842-msp-ord,0.984450,holoclean_keep
1907,sched_arr_time,7:30 a.m.,0.872863,holoclean_keep
1907,sched_dep_time,6:00 a.m.,0.990900,holoclean_keep
1908,act_arr_time,9:31 a.m.,0.596418,holoclean_keep
1908,act_dep_time,7:30 a.m.,0.711235,holoclean_keep
1908,flight,aa-643-mia-ord,0.978826,holoclean_keep
1908,sched_arr_time,9:35 a.m.,0.882490,holoclean_keep
1908,sched_dep_time,7:10 a.m.,0.995737,holoclean_keep
1909,act_arr_time,7:55 p.m.,0.786986,holoclean_keep
1909,act_dep_time,5:08 p.m.,0.711235,holoclean_keep
1909,flight,aa-1007-mia-phx,0.998292,holoclean_keep
1909,sched_arr_time,8:05 p.m.,0.950049,holoclean_keep
1909,sched_dep_time,4:55 p.m.,0.927167,holoclean_keep
1910,act_arr_time,11:06 a.m.,0.551873,holoclean_keep
1910,act_dep_time,7:39 a.m.,0.648786,holoclean_keep
1910,flight,aa-2525-dfw-mia,0.991791,holoclean_keep
1910,sched_arr_time,11:10 a.m.,0.874851,holoclean_keep
1910,sched_dep_time,7:25 a.m.,0.976900,holoclean_keep
1911,act_arr_time,6:38 p.m.,0.551873,holoclean_keep
1911,act_dep_time,4:28 p.m.,0.596418,holoclean_keep
1911,flight,ua-2906-phl-mco,0.998349,holoclean_keep
1911,sched_arr_time,6:23 p.m.,0.992385,holoclean_keep
1911,sched_dep_time,3:50 p.m.,0.977975,holoclean_keep
1912,act_arr_time,7:36 p.m.,0.648786,holoclean_keep
1912,act_dep_time,4:15 p.m.,0.786986,holoclean_keep
1912,flight,ua-938-den-ord,0.996996,holoclean_keep
1912,sched_arr_time,7:35 p.m.,0.921115,holoclean_keep
1912,sched_dep_time,4:16 p.m.,0.963897,holoclean_keep
1913,act_arr_time,9:53 p.m.,0.786986,holoclean_keep
1913,act_dep_time,8:23 p.m.,0.880797,holoclean_keep
1913,flight,aa-1221-mco-ord,0.994779,holoclean_keep
1913,sched_arr_time,9:45 p.m.,0.980721,holoclean_keep
1913,sched_dep_time,8:00 p.m.,0.990985,holoclean_keep
1914,act_arr_time,6:34 p.m.,0.880797,holoclean_keep
1914,act_dep_time,10:20 a.m.,0.711235,holoclean_keep
1914,flight,co-16-lax-ewr,0.998914,holoclean_keep
1914,sched_arr_time,6:44 p.m.,0.978942,holoclean_keep
1914,sched_dep_time,10:25 a.m.,0.972873,holoclean_keep
1915,act_arr_time,10:47 a.m.,0.648786,holoclean_keep
1915,act_dep_time,7:07 a.m.,0.551873,holoclean_keep
1915,flight,ua-2515-dfw-clt,0.997785,holoclean_keep
1915,sched_arr_time,10:31 a.m.,0.957338,holoclean_keep
1915,sched_dep_time,7:05 a.m.,0.976526,holoclean_keep
1916,act_arr_time,3:04 p.m.,0.711235,holoclean_keep
1916,act_dep_time,11:01 a.m.,0.648786,holoclean_keep
1916,flight,aa-400-dfw-jfk,0.985642,holoclean_keep
1916,sched_arr_time,2:59 p.m.,0.849951,holoclean_keep
1916,sched_dep_time,10:40 a.m.,0.983339,holoclean_keep
1917,act_arr_time,4:23 p.m.,0.786986,holoclean_keep
1917,act_dep_time,1:31 p.m.,0.711235,holoclean_keep
1917,flight,ua-664-ord-phl,0.994548,holoclean_keep
1917,sched_arr_time,4:31 p.m.,0.980229,holoclean_keep
1917,sched_dep_time,1:33 p.m.,0.996089,holoclean_keep
1918,act_arr_time,4:17 p.m.,0.551873,holoclean_keep
1918,act_dep_time,1:48 p.m.,0.711235,holoclean_keep
1918,flight,ua-37-ewr-mco,0.993225,holoclean_keep
1918,sched_arr_time,4:17 p.m.,0.874867,holoclean_keep
1918,sched_dep_time,1:29 p.m.,0.977768,holoclean_keep
1919,act_arr_time,5:42 a.m. (estimated runway),0.711235,holoclean_keep
1919,act_dep_time,12:10 a.m. (estimated runway),0.786986,holoclean_keep
1919,flight,aa-1522-sfo-ord,0.994180,holoclean_keep
1919,sched_arr_time,5:50 a.m.,0.839238,holoclean_keep
1919,sched_dep_time,11:55 p.m.,0.995150,holoclean_keep
1920,act_arr_time,12:01 a.m. (estimated runway),0.596418,holoclean_keep
1920,act_dep_time,4:28 p.m. (estimated runway),0.596418,holoclean_keep
1920,flight,ua-233-lax-jfk,0.993948,holoclean_keep
1920,sched_arr_time,12:29 a.m.,0.856185,holoclean_keep
1920,sched_dep_time,4:25 p.m.,0.979820,holoclean_keep
1921,act_arr_time,11:49 p.m. (estimated runway),0.648786,holoclean_keep
1921,act_dep_time,9:06 p.m. (estimated runway),0.711235,holoclean_keep
1921,flight,aa-3823-lax-den,0.993665,holoclean_keep
1921,sched_arr_time,12:15 a.m.,0.829159,holoclean_keep
1921,sched_dep_time,9:00 p.m.,0.973405,holoclean_keep
1922,act_arr_time,11:35 p.m. (estimated runway),0.711235,holoclean_keep
1922,act_dep_time,8:29 p.m. (estimated runway),0.711235,holoclean_keep
1922,flight,aa-2312-dfw-dtw,0.994270,holoclean_keep
1922,sched_arr_time,11:50 p.m.,0.991589,holoclean_keep
1922,sched_dep_time,8:25 p.m.,0.979819,holoclean_keep
1923,act_arr_time,4:47 p.m.,0.648786,holoclean_keep
1923,act_dep_time,2:46 p.m.,0.711235,holoclean_keep
1923,flight,ua-2314-atl-phl,0.988454,holoclean_keep
1923,sched_arr_time,5:00 p.m.,0.878542,holoclean_keep
1923,sched_dep_time,2:55 p.m.,0.936648,holoclean_keep
1924,act_arr_time,10:04 a.m.,0.450853,holoclean_keep
1924,act_dep_time,7:22 a.m.,0.711235,holoclean_keep
1924,flight,aa-1165-jfk-mia,0.989956,holoclean_keep
1924,sched_arr_time,10:34 a.m.,0.920724,holoclean_keep
1924,sched_dep_time,6:59 a.m.,0.981252,holoclean_keep
1925,act_arr_time,11:44 a.m.,0.596418,holoclean_keep
1925,act_dep_time,8:51 a.m.,0.711235,holoclean_keep
1925,flight,aa-431-mia-sfo,0.995531,holoclean_keep
1925,sched_arr_time,11:50 a.m.,0.952360,holoclean_keep
1925,sched_dep_time,8:35 a.m.,0.989063,holoclean_keep
1926,act_arr_time,5:42 p.m.,0.648786,holoclean_keep
1926,act_dep_time,2:26 p.m.,0.648786,holoclean_keep
1926,flight,ua-257-jfk-sfo,0.991309,holoclean_keep
1926,sched_arr_time,6:15 p.m.,0.957083,holoclean_keep
1926,sched_dep_time,2:30 p.m.,0.973927,holoclean_keep
1927,act_arr_time,9:13 a.m.,0.711235,holoclean_keep
1927,act_dep_time,8:26 a.m.,0.786986,holoclean_keep
1927,flight,ua-3373-iad-phl,0.995493,holoclean_keep
1927,sched_arr_time,9:24 a.m.,0.961771,holoclean_keep
1927,sched_dep_time,8:29 a.m.,0.977234,holoclean_keep
1928,act_arr_time,4:59 p.m.,0.880797,holoclean_keep
1928,act_dep_time,3:01 p.m.,0.880797,holoclean_keep
1928,flight,co-1250-mia-iah,0.994715,holoclean_keep
1928,sched_arr_time,4:48 p.m.,0.906641,holoclean_keep
1928,sched_dep_time,2:53 p.m.,0.950494,holoclean_keep
1929,act_arr_time,5:21 a.m.,0.333333,holoclean
1929,act_dep_time,11/30/2011 11:34 p.m.,0.333333,holoclean
1929,flight,ua-828-sfo-ord,0.947163,holoclean_keep
1929,sched_arr_time,5:11 a.m.,0.659128,holoclean_keep
1929,sched_dep_time,11:08 p.m.,0.993796,holoclean_keep
1930,act_arr_time,6:40 p.m. (estimated),0.596418,holoclean_keep
1930,act_dep_time,5:30 p.m. (estimated),0.596418,holoclean_keep
1930,flight,co-4888-iah-dal,0.996449,holoclean_keep
1930,sched_arr_time,6:40 p.m.,0.975026,holoclean_keep
1930,sched_dep_time,5:30 p.m.,0.988618,holoclean_keep
1931,act_arr_time,2:00 p.m.,0.711235,holoclean_keep
1931,act_dep_time,11:15 a.m.,0.711235,holoclean_keep
1931,flight,ua-2704-dtw-phx,0.994257,holoclean_keep
1931,sched_arr_time,1:40 p.m.,0.871667,holoclean_keep
1931,sched_dep_time,11:15 a.m.,0.968189,holoclean_keep
1932,act_arr_time,9:19 p.m. (estimated),0.648786,holoclean_keep
1932,act_dep_time,8:39 p.m.,0.786986,holoclean_keep
1932,flight,aa-3063-slc-lax,0.994045,holoclean_keep
1932,sched_arr_time,9:20 p.m.,0.952943,holoclean_keep
1932,sched_dep_time,8:20 p.m.,0.954762,holoclean_keep
1933,act_arr_time,4:44 p.m.,0.711235,holoclean_keep
1933,act_dep_time,2:52 p.m.,0.711235,holoclean_keep
1933,flight,ua-2708-ewr-clt,0.987498,holoclean_keep
1933,sched_arr_time,4:53 p.m.,0.852209,holoclean_keep
1933,sched_dep_time,2:55 p.m.,0.923843,holoclean_keep
1934,act_arr_time,7:10 p.m.,0.786986,holoclean_keep
1934,act_dep_time,2:48 p.m.,0.786986,holoclean_keep
1934,flight,ua-62-iah-ewr,0.846018,holoclean_keep
1934,sched_arr_time,7:03 p.m.,0.951184,holoclean_keep
1934,sched_dep_time,2:30 p.m.,0.949013,holoclean_keep
1935,act_arr_time,3:43 p.m.,0.880797,holoclean_keep
1935,act_dep_time,2:44 p.m.,0.880797,holoclean_keep
1935,flight,aa-3804-phl-ord,0.994969,holoclean_keep
1935,sched_arr_time,4:05 p.m.,0.991420,holoclean_keep
1935,sched_dep_time,2:35 p.m.,0.977559,holoclean_keep
1936,act_arr_time,5:43 p.m.,0.596418,holoclean_keep
1936,act_dep_time,3:27 p.m.,0.786986,holoclean_keep
1936,flight,aa-1917-jfk-mco,0.986151,holoclean_keep
1936,sched_arr_time,5:55 p.m.,0.917422,holoclean_keep
1936,sched_dep_time,2:55 p.m.,0.992400,holoclean_keep
1937,act_arr_time,11:06 a.m.,0.480150,holoclean_keep
1937,act_dep_time,7:22 a.m.,0.551873,holoclean_keep
1937,flight,aa-2268-phx-ord,0.910118,holoclean_keep
1937,sched_arr_time,11:35 a.m.,0.821446,holoclean_keep
1937,sched_dep_time,7:15 a.m.,0.950988,holoclean_keep
1938,act_arr_time,1:43 p.m.,0.711235,holoclean_keep
1938,act_dep_time,12:10 p.m.,0.786986,holoclean_keep
1938,flight,aa-4277-cvg-jfk,0.998863,holoclean_keep
1938,sched_arr_time,2:15 p.m.,0.982067,holoclean_keep
1938,sched_dep_time,12:10 p.m.,0.996993,holoclean_keep
1939,act_arr_time,3:13 p.m.,0.513519,holoclean_keep
1939,act_dep_time,1:19 p.m.,0.513519,holoclean_keep
1939,flight,aa-789-ord-den,0.985003,holoclean_keep
1939,sched_arr_time,2:35 p.m.,0.971875,holoclean_keep
1939,sched_dep_time,1:05 p.m.,0.963130,holoclean_keep
1940,act_arr_time,1:30 p.m.,0.786986,holoclean_keep
1940,act_dep_time,7:49 a.m.,0.786986,holoclean_keep
1940,flight,ua-854-sfo-iah,0.994473,holoclean_keep
1940,sched_arr_time,1:39 p.m.,0.962579,holoclean_keep
1940,sched_dep_time,7:53 a.m.,0.940661,holoclean_keep
1941,act_arr_time,10:16 a.m.,0.711235,holoclean_keep
1941,act_dep_time,8:56 a.m.,0.711235,holoclean_keep
1941,flight,aa-415-bos-ord,0.995142,holoclean_keep
1941,sched_arr_time,10:40 a.m.,0.889109,holoclean_keep
1941,sched_dep_time,8:35 a.m.,0.982937,holoclean_keep
1942,act_arr_time,6:43 p.m.,0.551873,holoclean_keep
1942,act_dep_time,3:36 p.m.,0.711235,holoclean_keep
1942,flight,aa-85-jfk-sfo,0.992042,holoclean_keep
1942,sched_arr_time,6:30 p.m.,0.968269,holoclean_keep
1942,sched_dep_time,3:05 p.m.,0.989164,holoclean_keep
1943,act_arr_time,6:15 p.m.,0.648786,holoclean_keep
1943,act_dep_time,4:12 p.m.,0.711235,holoclean_keep
1943,flight,aa-3786-iah-ord,0.986369,holoclean_keep
1943,sched_arr_time,6:40 p.m.,0.925702,holoclean_keep
1943,sched_dep_time,4:00 p.m.,0.985082,holoclean_keep
1944,act_arr_time,3:14 p.m.,0.513519,holoclean_keep
1944,act_dep_time,7:31 a.m.,0.648786,holoclean_keep
1944,flight,aa-222-lax-bos,0.950387,holoclean_keep
1944,sched_arr_time,3:30 p.m.,0.900023,holoclean_keep
1944,sched_dep_time,7:10 a.m.,0.987404,holoclean_keep
1945,act_arr_time,5:26 p.m.,0.880797,holoclean_keep
1945,act_dep_time,3:31 p.m.,0.880797,holoclean_keep
1945,flight,co-50-cle-ewr,0.990816,holoclean_keep
1945,sched_arr_time,4:49 p.m.,0.887908,holoclean_keep
1945,sched_dep_time,2:55 p.m.,0.947201,holoclean_keep
1946,act_arr_time,5:38 p.m.,0.648786,holoclean_keep
1946,act_dep_time,11:43 a.m.,0.711235,holoclean_keep
1946,flight,ua-3099-phx-phl,0.994753,holoclean_keep
1946,sched_arr_time,6:17 p.m.,0.992740,holoclean_keep
1946,sched_dep_time,11:55 a.m.,0.995773,holoclean_keep
1947,act_arr_time,12:50 p.m.,0.711235,holoclean_keep
1947,act_dep_time,10:54 a.m.,0.711235,holoclean_keep
1947,flight,aa-4198-ord-cle,0.985598,holoclean_keep
1947,sched_arr_time,12:55 p.m.,0.939006,holoclean_keep
1947,sched_dep_time,10:40 a.m.,0.995307,holoclean_keep
1948,act_arr_time,6:36 p.m.,0.786986,holoclean_keep
1948,act_dep_time,3:58 p.m.,0.648786,holoclean_keep
1948,flight,co-45-ewr-mia,0.971628,holoclean_keep
1948,sched_arr_time,7:05 p.m.,0.922317,holoclean_keep
1949,act_arr_time,6:19 a.m.,0.480150,holoclean_keep
1949,act_dep_time,6:10 a.m.,0.711235,holoclean_keep
1949,flight,aa-3809-phx-lax,0.977422,holoclean_keep
1949,sched_arr_time,6:40 a.m.,0.885758,holoclean_keep
1949,sched_dep_time,6:00 a.m.,0.996461,holoclean_keep
1950,act_arr_time,11:12 a.m.,0.551873,holoclean_keep
1950,act_dep_time,7:39 a.m.,0.711235,holoclean_keep
1950,flight,aa-59-jfk-sfo,0.972759,holoclean_keep
1950,sched_arr_time,10:45 a.m.,0.853778,holoclean_keep
1950,sched_dep_time,7:10 a.m.,0.988978,holoclean_keep
1951,act_arr_time,9:22 a.m.,0.786986,holoclean_keep
1951,act_dep_time,7:16 a.m.,0.786986,holoclean_keep
1951,flight,aa-3859-iah-ord,0.991767,holoclean_keep
1951,sched_arr_time,9:40 a.m.,0.822410,holoclean_keep
1951,sched_dep_time,7:10 a.m.,0.995958,holoclean_keep
1952,act_arr_time,10:29 p.m.,0.596418,holoclean_keep
1952,act_dep_time,7:42 p.m.,0.786986,holoclean_keep
1952,flight,co-1586-iah-mco,0.952877,holoclean_keep
1952,sched_arr_time,10:15 p.m.,0.534450,holoclean
1952,sched_dep_time,7:00 p.m.,0.376453,holoclean
1953,act_arr_time,9:28 a.m.,0.596418,holoclean_keep
1953,act_dep_time,6:54 a.m.,0.711235,holoclean_keep
1953,flight,aa-518-mia-jfk,0.999227,holoclean_keep
1953,sched_arr_time,9:25 a.m.,0.981029,holoclean_keep
1953,sched_dep_time,6:40 a.m.,0.990134,holoclean_keep
1954,act_arr_time,11:58 a.m.,0.648786,holoclean_keep
1954,act_dep_time,8:49 a.m.,0.648786,holoclean_keep
1954,flight,ua-397-jfk-sfo,0.994632,holoclean_keep
1954,sched_arr_time,11:55 a.m.,0.981726,holoclean_keep
1954,sched_dep_time,8:00 a.m.,0.986791,holoclean_keep
1955,act_arr_time,9:43 a.m.,0.551873,holoclean_keep
1955,act_dep_time,9:01 a.m.,0.711235,holoclean_keep
1955,flight,ua-3925-iad-orf,0.957870,holoclean_keep
1955,sched_arr_time,9:54 a.m.,0.377388,holoclean
1955,sched_dep_time,8:41 a.m.,0.535321,holoclean
1956,act_arr_time,10:28 p.m.,0.200000,holoclean
1956,act_dep_time,7:59 p.m.,0.786986,holoclean_keep
1956,flight,aa-1733-ord-phx,0.981801,holoclean_keep
1956,sched_arr_time,10:30 p.m.,0.947590,holoclean_keep
1956,sched_dep_time,7:45 p.m.,0.994155,holoclean_keep
1957,act_arr_time,3:16 p.m.,0.648786,holoclean_keep
1957,act_dep_time,12:12 p.m.,0.711235,holoclean_keep
1957,flight,aa-3-jfk-lax,0.992897,holoclean_keep
1957,sched_arr_time,3:15 p.m.,0.949684,holoclean_keep
1957,sched_dep_time,12:00 p.m.,0.989201,holoclean_keep
1958,act_arr_time,5:17 p.m.,0.786986,holoclean_keep
1958,act_dep_time,3:50 p.m.,0.711235,holoclean_keep
1958,flight,ua-2830-mco-clt,0.995056,holoclean_keep
1958,sched_arr_time,5:05 p.m.,0.961178,holoclean_keep
1958,sched_dep_time,3:27 p.m.,0.976694,holoclean_keep
1959,act_arr_time,3:31 p.m.,0.880797,holoclean_keep
1959,act_dep_time,12:37 p.m.,0.786986,holoclean_keep
1959,flight,co-58-den-iah,0.957327,holoclean_keep
1959,sched_arr_time,2:50 p.m.,0.393609,holoclean
1959,sched_dep_time,11:25 a.m.,0.777439,holoclean
1960,act_arr_time,11:21 a.m.,0.711235,holoclean_keep
1960,act_dep_time,10:53 a.m.,0.880797,holoclean_keep
1960,flight,ua-5487-sfo-mry,0.959251,holoclean_keep
1960,sched_arr_time,11:19 a.m.,0.528209,holoclean
1960,sched_dep_time,10:39 a.m.,0.514396,holoclean
1961,act_arr_time,12/2/11 6:35 a.m.,0.142857,holoclean
1961,act_dep_time,11:29 p.m.,0.200000,holoclean
1961,flight,aa-204-lax-mco,0.940813,holoclean_keep
1961,sched_arr_time,6:55 a.m. dec 02,0.558265,holoclean_keep
1961,sched_dep_time,11:25 p.m.,0.957082,holoclean_keep
1962,act_arr_time,7:17 a.m.,0.596418,holoclean_keep
1962,act_dep_time,6:10 a.m.,0.711235,holoclean_keep
1962,flight,ua-414-lax-sfo,0.977072,holoclean_keep
1962,sched_arr_time,7:23 a.m.,0.309104,holoclean
1962,sched_dep_time,6:00 a.m.,0.468706,holoclean
1963,act_arr_time,5:26 a.m.,0.711235,holoclean_keep
1963,act_dep_time,12:58 a.m.,0.711235,holoclean_keep
1963,flight,co-1614-lax-iah,0.954993,holoclean_keep
1963,sched_arr_time,5:35 a.m.,0.746010,holoclean
1963,sched_dep_time,12:30 a.m.,0.748396,holoclean
1964,act_arr_time,6:25 p.m.,0.711235,holoclean_keep
1964,act_dep_time,4:10 p.m.,0.711235,holoclean_keep
1964,flight,ua-2726-fll-phl,0.993390,holoclean_keep
1964,sched_arr_time,6:46 p.m.,0.908152,holoclean_keep
1964,sched_dep_time,4:00 p.m.,0.972663,holoclean_keep
1965,act_arr_time,9:09 a.m.,0.786986,holoclean_keep
1965,act_dep_time,7:56 a.m.,0.786986,holoclean_keep
1965,flight,co-52-iah-lax,0.987381,holoclean_keep
1965,sched_arr_time,9:21 a.m.,0.334286,holoclean
1965,sched_dep_time,7:35 a.m.,0.556225,holoclean
1966,act_arr_time,1:19 p.m.,0.786986,holoclean_keep
1966,act_dep_time,10:35 a.m.,0.711235,holoclean_keep
1966,flight,co-1090-bos-iah,0.976818,holoclean_keep
1966,sched_arr_time,1:16 p.m.,0.820040,holoclean
1966,sched_dep_time,9:45 a.m.,0.586235,holoclean
1967,act_arr_time,1:18 p.m.,0.711235,holoclean_keep
1967,act_dep_time,10:11 a.m.,0.711235,holoclean_keep
1967,flight,aa-616-dfw-dtw,0.998593,holoclean_keep
1967,sched_arr_time,12:35 p.m.,0.980946,holoclean_keep
1967,sched_dep_time,9:05 a.m.,0.995948,holoclean_keep
1968,act_arr_time,9:56 a.m.,0.711235,holoclean_keep
1968,act_dep_time,8:26 a.m.,0.648786,holoclean_keep
1968,flight,ua-3515-iad-msp,0.963677,holoclean_keep
1968,sched_arr_time,10:06 a.m.,0.274200,holoclean
1968,sched_dep_time,8:15 a.m.,0.274230,holoclean
1969,act_arr_time,9:45 a.m.,0.711235,holoclean_keep
1969,act_dep_time,7:25 a.m.,0.648786,holoclean_keep
1969,flight,aa-3468-cvg-mia,0.998425,holoclean_keep
1969,sched_arr_time,9:55 a.m.,0.956961,holoclean_keep
1969,sched_dep_time,7:00 a.m.,0.988867,holoclean_keep
1970,act_arr_time,7:39 p.m.,0.648786,holoclean_keep
1970,act_dep_time,4:30 p.m.,0.786986,holoclean_keep
1970,flight,aa-484-dfw-mia,0.998966,holoclean_keep
1970,sched_arr_time,7:55 p.m.,0.969030,holoclean_keep
1970,sched_dep_time,4:15 p.m.,0.996657,holoclean_keep
1971,act_arr_time,1:40 p.m.,0.648786,holoclean_keep
1971,act_dep_time,10:55 a.m.,0.648786,holoclean_keep
1971,flight,aa-1886-bos-mia,0.949899,holoclean_keep
1971,sched_arr_time,2:20 p.m.,0.377035,holoclean
1971,sched_dep_time,10:45 a.m.,0.337306,holoclean
1972,act_arr_time,7:10 p.m.,0.880797,holoclean_keep
1972,act_dep_time,2:59 p.m.,0.880797,holoclean_keep
1972,flight,co-62-iah-ewr,0.880470,holoclean_keep
1972,sched_arr_time,7:03 p.m.,0.426572,holoclean
1972,sched_dep_time,2:30 p.m.,0.429175,holoclean
1973,act_arr_time,11:32 a.m.,0.711235,holoclean_keep
1973,act_dep_time,8:18 a.m.,0.711235,holoclean_keep
1973,flight,co-1561-phx-iah,0.952830,holoclean_keep
1973,sched_arr_time,11:35 a.m.,0.749858,holoclean
1973,sched_dep_time,8:05 a.m.,0.753111,holoclean
1974,act_arr_time,5:00 p.m.,0.551873,holoclean_keep
1974,act_dep_time,3:04 p.m.,0.648786,holoclean_keep
1974,flight,ua-2314-atl-phl,0.897183,holoclean_keep
1974,sched_arr_time,5:00 p.m.,0.266465,holoclean
1974,sched_dep_time,2:55 p.m.,0.295070,holoclean
1975,act_arr_time,4:09 p.m.,0.551873,holoclean_keep
1975,act_dep_time,12:13 p.m.,0.551873,holoclean_keep
1975,flight,aa-446-dfw-phl,0.989312,holoclean_keep
1975,sched_arr_time,3:50 p.m.,0.978832,holoclean_keep
1975,sched_dep_time,11:50 a.m.,0.948339,holoclean_keep
1976,act_arr_time,1:14 p.m.,0.711235,holoclean_keep
1976,act_dep_time,12:06 p.m.,0.648786,holoclean_keep
1976,flight,co-1023-iah-den,0.982207,holoclean_keep
1976,sched_arr_time,1:17 p.m.,0.520708,holoclean
1976,sched_dep_time,11:40 a.m.,0.528189,holoclean
1977,act_arr_time,9:05 a.m.,0.551873,holoclean_keep
1977,act_dep_time,6:09 a.m.,0.711235,holoclean_keep
1977,flight,aa-466-iah-mia,0.985895,holoclean_keep
1977,sched_arr_time,9:20 a.m.,0.858284,holoclean_keep
1977,sched_dep_time,6:00 a.m.,0.989540,holoclean_keep
1978,act_arr_time,5:03 p.m.,0.648786,holoclean_keep
1978,act_dep_time,11:45 a.m.,0.711235,holoclean_keep
1978,flight,ua-3050-phx-clt,0.994594,holoclean_keep
1978,sched_arr_time,4:57 p.m.,0.989908,holoclean_keep
1978,sched_dep_time,11:05 a.m.,0.994922,holoclean_keep
1979,act_arr_time,10:27 a.m.,0.786986,holoclean_keep
1979,act_dep_time,6:17 a.m.,0.786986,holoclean_keep
1979,flight,co-89-iah-ewr,0.954207,holoclean_keep
1979,sched_arr_time,10:20 a.m.,0.786144,holoclean
1979,sched_dep_time,6:00 a.m.,0.790971,holoclean
1980,act_arr_time,10:56 a.m.,0.596418,holoclean_keep
1980,act_dep_time,9:01 a.m.,0.786986,holoclean_keep
1980,flight,co-1088-cle-iah,0.974120,holoclean_keep
1980,sched_arr_time,10:54 a.m.,0.757840,holoclean
1980,sched_dep_time,8:40 a.m.,0.762908,holoclean
1981,act_arr_time,11:50 a.m.,0.711235,holoclean_keep
1981,act_dep_time,10:19 a.m.,0.711235,holoclean_keep
1981,flight,aa-1664-mia-atl,0.998361,holoclean_keep
1981,sched_arr_time,12:10 p.m.,0.968779,holoclean_keep
1981,sched_dep_time,10:15 a.m.,0.988529,holoclean_keep
1982,act_arr_time,3:19 p.m.,0.480150,holoclean_keep
1982,act_dep_time,2:04 p.m.,0.513519,holoclean_keep
1982,flight,aa-1279-dfw-phx,0.987985,holoclean_keep
1982,sched_arr_time,2:35 p.m.,0.990776,holoclean_keep
1982,sched_dep_time,1:00 p.m.,0.968593,holoclean_keep
1983,act_arr_time,1:30 p.m.,0.786986,holoclean_keep
1983,act_dep_time,8:07 a.m.,0.786986,holoclean_keep
1983,flight,ua-854-sfo-iah,0.956948,holoclean_keep
1983,sched_arr_time,1:39 p.m.,0.679486,holoclean
1983,sched_dep_time,7:53 a.m.,0.459988,holoclean
1984,act_arr_time,3:21 p.m.,0.711235,holoclean_keep
1984,act_dep_time,12:56 p.m.,0.648786,holoclean_keep
1984,flight,ua-382-iad-lax,0.956746,holoclean_keep
1984,sched_arr_time,3:19 p.m.,0.410494,holoclean
1984,sched_dep_time,12:30 p.m.,0.681922,holoclean
1985,act_arr_time,2:01 p.m.,0.786986,holoclean_keep
1985,act_dep_time,12:14 p.m.,0.711235,holoclean_keep
1985,flight,aa-4344-ord-dtw,0.955860,holoclean_keep
1985,sched_arr_time,2:00 p.m.,0.256229,holoclean
1985,sched_dep_time,11:45 a.m.,0.603346,holoclean
1986,act_arr_time,5:42 p.m.,0.648786,holoclean_keep
1986,act_dep_time,2:43 p.m.,0.648786,holoclean_keep
1986,flight,ua-257-jfk-sfo,0.991625,holoclean_keep
1986,sched_arr_time,6:15 p.m.,0.953334,holoclean_keep
1986,sched_dep_time,2:30 p.m.,0.972557,holoclean_keep
1987,act_arr_time,1:14 p.m.,0.648786,holoclean_keep
1987,act_dep_time,12:08 p.m.,0.480150,holoclean_keep
1987,flight,ua-2945-phl-clt,0.984379,holoclean_keep
1987,sched_arr_time,1:45 p.m.,0.920348,holoclean_keep
1987,sched_dep_time,12:00 p.m.,0.967038,holoclean_keep
1988,act_arr_time,8:03 p.m.,0.711235,holoclean_keep
1988,act_dep_time,5:38 p.m.,0.880797,holoclean_keep
1988,flight,co-63-ewr-iah,0.985239,holoclean_keep
1988,sched_arr_time,8:22 p.m.,0.682993,holoclean
1988,sched_dep_time,5:25 p.m.,0.405225,holoclean
1989,act_arr_time,9:38 p.m.,0.648786,holoclean_keep
1989,act_dep_time,8:36 p.m.,0.786986,holoclean_keep
1989,flight,co-47-iah-lax,0.951341,holoclean_keep
1989,sched_arr_time,8:56 p.m.,0.424478,holoclean
1989,sched_dep_time,7:10 p.m.,0.675108,holoclean
1990,act_arr_time,2:46 p.m.,0.551873,holoclean_keep
1990,act_dep_time,11:06 a.m.,0.551873,holoclean_keep
1990,flight,aa-2050-ord-mia,0.985023,holoclean_keep
1990,sched_arr_time,2:45 p.m.,0.927249,holoclean_keep
1990,sched_dep_time,10:40 a.m.,0.976645,holoclean_keep
1991,act_arr_time,5:34 p.m.,0.880797,holoclean_keep
1991,act_dep_time,1:43 p.m.,0.648786,holoclean_keep
1991,flight,ua-248-phx-ord,0.963078,holoclean_keep
1991,sched_arr_time,5:15 p.m.,0.256813,holoclean
1991,sched_dep_time,12:57 p.m.,0.311292,holoclean
1992,act_arr_time,3:25 p.m.,0.648786,holoclean_keep
1992,act_dep_time,3:36 p.m.,0.786986,holoclean_keep
1992,flight,aa-4330-cvg-ord,0.955024,holoclean_keep
1992,sched_arr_time,4:00 p.m.,0.390506,holoclean
1992,sched_dep_time,3:35 p.m.,0.800185,holoclean
1993,act_arr_time,10:29 a.m.,0.480150,holoclean_keep
1993,act_dep_time,7:22 a.m.,0.711235,holoclean_keep
1993,flight,aa-1434-dfw-mco,0.980219,holoclean_keep
1993,sched_arr_time,10:35 a.m.,0.829496,holoclean_keep
1993,sched_dep_time,7:15 a.m.,0.984078,holoclean_keep
1994,act_arr_time,7:25 p.m.,0.200000,holoclean
1994,act_dep_time,6:47 p.m.,0.250000,holoclean
1994,flight,aa-1640-mia-mco,0.942132,holoclean_keep
1994,sched_arr_time,7:25 p.m.,0.941011,holoclean_keep
1994,sched_dep_time,6:30 p.m.,0.958794,holoclean_keep
1995,act_arr_time,8:43 p.m.,0.648786,holoclean_keep
1995,act_dep_time,6:56 p.m.,0.711235,holoclean_keep
1995,flight,aa-4307-ord-dtw,0.996929,holoclean_keep
1995,sched_arr_time,9:10 p.m.,0.965975,holoclean_keep
1995,sched_dep_time,6:45 p.m.,0.983971,holoclean_keep
1996,act_arr_time,12:02 a.m.,0.200000,holoclean
1996,act_dep_time,7:15 p.m.,0.200000,holoclean
1996,flight,co-1694-lax-iah,0.941374,holoclean_keep
1996,sched_arr_time,12:21 a.m. dec 02,0.615225,holoclean_keep
1997,act_arr_time,7:58 p.m.,0.786986,holoclean_keep
1997,act_dep_time,2:38 p.m.,0.711235,holoclean_keep
1997,flight,ua-843-lax-ord,0.955250,holoclean_keep
1997,sched_arr_time,7:53 p.m.,0.478788,holoclean
1997,sched_dep_time,1:55 p.m.,0.329483,holoclean
1998,act_arr_time,12:09 p.m.,0.786986,holoclean_keep
1998,act_dep_time,9:58 a.m.,0.513519,holoclean_keep
1998,flight,co-1193-ewr-mco,0.997354,holoclean_keep
1998,sched_arr_time,12:18 p.m.,0.956675,holoclean_keep
1998,sched_dep_time,9:15 a.m.,0.985519,holoclean_keep
1999,act_arr_time,7:51 a.m.,0.648786,holoclean_keep
1999,act_dep_time,6:57 a.m.,0.711235,holoclean_keep
1999,flight,aa-3842-msp-ord,0.971879,holoclean_keep
1999,sched_arr_time,7:30 a.m.,0.847198,holoclean_keep
1999,sched_dep_time,6:00 a.m.,0.989625,holoclean_keep
2000,act_arr_time,9:29 a.m.,0.551873,holoclean_keep
2000,act_dep_time,7:31 a.m.,0.596418,holoclean_keep
2000,flight,aa-643-mia-ord,0.919620,holoclean_keep
2000,sched_arr_time,9:35 a.m.,0.752318,holoclean_keep
2000,sched_dep_time,7:10 a.m.,0.985994,holoclean_keep
2001,act_arr_time,7:53 p.m.,0.786986,holoclean_keep
2001,act_dep_time,5:09 p.m.,0.711235,holoclean_keep
2001,flight,aa-1007-mia-phx,0.982141,holoclean_keep
2001,sched_arr_time,8:05 p.m.,0.568898,holoclean
2001,sched_dep_time,4:55 p.m.,0.276025,holoclean
2002,act_arr_time,6:35 p.m.,0.596418,holoclean_keep
2002,act_dep_time,4:46 p.m.,0.596418,holoclean_keep
2002,flight,ua-2906-phl-mco,0.994674,holoclean_keep
2002,sched_arr_time,6:23 p.m.,0.993019,holoclean_keep
2002,sched_dep_time,3:50 p.m.,0.979080,holoclean_keep
2003,act_arr_time,7:36 p.m.,0.786986,holoclean_keep
2003,act_dep_time,4:37 p.m.,0.786986,holoclean_keep
2003,flight,ua-938-den-ord,0.955024,holoclean_keep
2003,sched_arr_time,7:35 p.m.,0.691779,holoclean
2003,sched_dep_time,4:16 p.m.,0.695644,holoclean
2004,act_arr_time,9:49 p.m.,0.786986,holoclean_keep
2004,act_dep_time,8:23 p.m.,0.880797,holoclean_keep
2004,flight,aa-1221-mco-ord,0.994555,holoclean_keep
2004,sched_arr_time,9:45 p.m.,0.980721,holoclean_keep
2004,sched_dep_time,8:00 p.m.,0.990985,holoclean_keep
2005,act_arr_time,6:34 p.m.,0.880797,holoclean_keep
2005,act_dep_time,10:37 a.m.,0.711235,holoclean_keep
2005,flight,co-16-lax-ewr,0.989776,holoclean_keep
2005,sched_arr_time,6:44 p.m.,0.794259,holoclean
2005,sched_dep_time,10:25 a.m.,0.623781,holoclean
2006,act_arr_time,10:45 a.m.,0.480150,holoclean_keep
2006,act_dep_time,7:31 a.m.,0.596418,holoclean_keep
2006,flight,ua-2515-dfw-clt,0.937343,holoclean_keep
2006,sched_arr_time,10:31 a.m.,0.253248,holoclean
2006,sched_dep_time,7:05 a.m.,0.419302,holoclean
2007,act_arr_time,3:04 p.m.,0.711235,holoclean_keep
2007,act_dep_time,11:02 a.m.,0.648786,holoclean_keep
2007,flight,aa-400-dfw-jfk,0.985923,holoclean_keep
2007,sched_arr_time,2:59 p.m.,0.858536,holoclean_keep
2007,sched_dep_time,10:40 a.m.,0.983339,holoclean_keep
2008,act_arr_time,4:23 p.m.,0.648786,holoclean_keep
2008,act_dep_time,1:48 p.m.,0.711235,holoclean_keep
2008,flight,ua-664-ord-phl,0.995935,holoclean_keep
2008,sched_arr_time,4:31 p.m.,0.951115,holoclean_keep
2008,sched_dep_time,1:33 p.m.,0.983455,holoclean_keep
2009,act_arr_time,2:52 p.m.,0.596418,holoclean_keep
2009,act_dep_time,12:42 p.m.,0.513519,holoclean_keep
2009,flight,aa-3756-ord-slc,0.993422,holoclean_keep
2009,sched_arr_time,2:45 p.m.,0.974942,holoclean_keep
2009,sched_dep_time,12:15 p.m.,0.976878,holoclean_keep
2010,act_arr_time,4:17 p.m.,0.786986,holoclean_keep
2010,act_dep_time,2:01 p.m.,0.711235,holoclean_keep
2010,flight,ua-37-ewr-mco,0.946767,holoclean_keep
2010,sched_arr_time,4:17 p.m.,0.731147,holoclean
2010,sched_dep_time,1:29 p.m.,0.413009,holoclean
2011,act_arr_time,5:42 a.m. (estimated runway),0.250000,holoclean
2011,act_dep_time,12:10 a.m. (estimated runway),0.333333,holoclean
2011,flight,aa-1522-sfo-ord,0.941829,holoclean_keep
2011,sched_arr_time,5:50 a.m. dec 02,0.572926,holoclean_keep
2011,sched_dep_time,11:55 p.m.,0.993564,holoclean_keep
2012,act_arr_time,11:56 p.m.,0.166667,holoclean
2012,act_dep_time,4:25 p.m.,0.166667,holoclean
2012,flight,ua-233-lax-jfk,0.937738,holoclean_keep
2012,sched_arr_time,12:29 a.m. dec 02,0.623509,holoclean_keep
2012,sched_dep_time,4:25 p.m.,0.961085,holoclean_keep
2013,act_arr_time,11:49 p.m.,0.200000,holoclean
2013,act_dep_time,9:06 p.m.,0.250000,holoclean
2013,flight,aa-3823-lax-den,0.936052,holoclean_keep
2013,sched_arr_time,12:15 a.m. dec 02,0.579806,holoclean_keep
2013,sched_dep_time,9:00 p.m.,0.957706,holoclean_keep
2014,act_arr_time,11:35 p.m.,0.250000,holoclean
2014,act_dep_time,8:29 p.m.,0.250000,holoclean
2014,flight,aa-2312-dfw-dtw,0.941965,holoclean_keep
2014,sched_arr_time,11:50 p.m.,0.970411,holoclean_keep
2014,sched_dep_time,8:25 p.m.,0.961087,holoclean_keep
2015,act_arr_time,10:04 a.m.,0.513519,holoclean_keep
2015,act_dep_time,7:23 a.m.,0.711235,holoclean_keep
2015,flight,aa-1165-jfk-mia,0.997193,holoclean_keep
2015,sched_arr_time,10:34 a.m.,0.934713,holoclean_keep
2015,sched_dep_time,6:59 a.m.,0.988060,holoclean_keep
2016,act_arr_time,11:44 a.m.,0.596418,holoclean_keep
2016,act_dep_time,8:52 a.m.,0.711235,holoclean_keep
2016,flight,aa-431-mia-sfo,0.995319,holoclean_keep
2016,sched_arr_time,11:50 a.m.,0.951591,holoclean_keep
2016,sched_dep_time,8:35 a.m.,0.988683,holoclean_keep
2017,act_arr_time,9:13 a.m.,0.880797,holoclean_keep
2017,act_dep_time,8:37 a.m.,0.786986,holoclean_keep
2017,flight,ua-3373-iad-phl,0.955379,holoclean_keep
2017,sched_arr_time,9:24 a.m.,0.691850,holoclean
2017,sched_dep_time,8:29 a.m.,0.676202,holoclean
2018,act_arr_time,3:26 p.m.,0.166667,holoclean
2018,act_dep_time,11:54 a.m.,0.111111,holoclean
2018,flight,aa-649-ord-sna,0.950189,holoclean_keep
2018,sched_arr_time,3:50 p.m.,0.973522,holoclean_keep
2018,sched_dep_time,1:30 p.m.,0.945833,holoclean_keep
2019,act_arr_time,4:59 p.m.,0.880797,holoclean_keep
2019,act_dep_time,3:17 p.m.,0.880797,holoclean_keep
2019,flight,co-1250-mia-iah,0.954916,holoclean_keep
2019,sched_arr_time,4:48 p.m.,0.431076,holoclean
2019,sched_dep_time,2:53 p.m.,0.423999,holoclean
2020,act_arr_time,8:45 a.m.,0.711235,holoclean_keep
2020,act_dep_time,7:41 a.m.,0.786986,holoclean_keep
2020,flight,ua-6273-yyc-sfo,0.958734,holoclean_keep
2020,sched_arr_time,not available,0.371603,holoclean
2020,sched_dep_time,7:35 a.m.,0.364635,holoclean
2021,act_arr_time,5:21 a.m.,0.333333,holoclean
2021,act_dep_time,11/30/2011 11:34 p.m.,0.333333,holoclean
2021,flight,ua-828-sfo-ord,0.946373,holoclean_keep
2021,sched_arr_time,5:11 a.m.dec 02,0.664107,holoclean_keep
2021,sched_dep_time,11:08 p.m.,0.995557,holoclean_keep
2022,act_arr_time,6:09 p.m.,0.166667,holoclean
2022,act_dep_time,3:52 p.m.,0.166667,holoclean
2022,flight,co-4888-iah-dal,0.967731,holoclean_keep
2022,sched_arr_time,6:40 p.m.,0.915688,holoclean_keep
2022,sched_dep_time,5:30 p.m.,0.977868,holoclean_keep
2023,act_arr_time,8:02 a.m.,0.711235,holoclean_keep
2023,act_dep_time,1:45 p.m.,0.648786,holoclean_keep
2023,flight,ua-858-pvg-sfo,0.958698,holoclean_keep
2023,sched_arr_time,8:27 a.m.,0.389701,holoclean
2023,sched_dep_time,1:45 p.m.,0.598090,holoclean
2024,act_arr_time,2:02 p.m.,0.648786,holoclean_keep
2024,act_dep_time,11:47 a.m.,0.711235,holoclean_keep
2024,flight,ua-2704-dtw-phx,0.990442,holoclean_keep
2024,sched_arr_time,1:40 p.m.,0.628494,holoclean
2024,sched_dep_time,11:15 a.m.,0.441332,holoclean
2025,act_arr_time,9:11 p.m.,0.648786,holoclean_keep
2025,act_dep_time,8:40 p.m.,0.786986,holoclean_keep
2025,flight,aa-3063-slc-lax,0.952886,holoclean_keep
2025,sched_arr_time,9:20 p.m.,0.381950,holoclean
2025,sched_dep_time,8:20 p.m.,0.362452,holoclean
2026,act_arr_time,4:24 p.m.,0.551873,holoclean_keep
2026,act_dep_time,3:04 p.m.,0.711235,holoclean_keep
2026,flight,ua-2708-ewr-clt,0.972024,holoclean_keep
2026,sched_arr_time,4:53 p.m.,0.242264,holoclean
2026,sched_dep_time,2:55 p.m.,0.263300,holoclean
2027,act_arr_time,7:10 p.m.,0.786986,holoclean_keep
2027,act_dep_time,2:59 p.m.,0.786986,holoclean_keep
2027,flight,ua-62-iah-ewr,0.881123,holoclean_keep
2027,sched_arr_time,7:03 p.m.,0.418384,holoclean
2027,sched_dep_time,2:30 p.m.,0.419041,holoclean
2028,act_arr_time,12:12 p.m.,0.711235,holoclean_keep
2028,act_dep_time,9:43 a.m.,0.711235,holoclean_keep
2028,flight,ua-1500-iah-gua,0.959445,holoclean_keep
2028,sched_arr_time,11:45 a.m.,0.613095,holoclean
2028,sched_dep_time,8:55 a.m.,0.639097,holoclean
2029,act_arr_time,3:36 p.m.,0.880797,holoclean_keep
2029,act_dep_time,2:44 p.m.,0.880797,holoclean_keep
2029,flight,aa-3804-phl-ord,0.994977,holoclean_keep
2029,sched_arr_time,4:05 p.m.,0.982807,holoclean_keep
2029,sched_dep_time,2:35 p.m.,0.972741,holoclean_keep
2030,act_arr_time,5:34 p.m.,0.648786,holoclean_keep
2030,act_dep_time,3:28 p.m.,0.551873,holoclean_keep
2030,flight,aa-1917-jfk-mco,0.930857,holoclean_keep
2030,sched_arr_time,5:55 p.m.,0.800555,holoclean_keep
2030,sched_dep_time,2:55 p.m.,0.979032,holoclean_keep
2031,act_arr_time,11:07 a.m.,0.480150,holoclean_keep
2031,act_dep_time,7:23 a.m.,0.648786,holoclean_keep
2031,flight,aa-2268-phx-ord,0.977637,holoclean_keep
2031,sched_arr_time,11:35 a.m.,0.934868,holoclean_keep
2031,sched_dep_time,7:15 a.m.,0.975356,holoclean_keep
2032,act_arr_time,1:43 p.m.,0.711235,holoclean_keep
2032,act_dep_time,12:11 p.m.,0.786986,holoclean_keep
2032,flight,aa-4277-cvg-jfk,0.998001,holoclean_keep
2032,sched_arr_time,2:15 p.m.,0.980663,holoclean_keep
2032,sched_dep_time,12:10 p.m.,0.996651,holoclean_keep
2033,act_arr_time,11:00 a.m.,0.711235,holoclean_keep
2033,act_dep_time,8:05 a.m.,0.648786,holoclean_keep
2033,flight,aa-2957-dfw-cvg,0.998567,holoclean_keep
2033,sched_arr_time,11:05 a.m.,0.958189,holoclean_keep
2033,sched_dep_time,7:55 a.m.,0.989785,holoclean_keep
2034,act_arr_time,12:09 p.m.,0.786986,holoclean_keep
2034,act_dep_time,9:05 a.m.,0.551873,holoclean_keep
2034,flight,ua-37-edi-ewr,0.969320,holoclean_keep
2034,sched_arr_time,11:53 a.m.,0.430604,holoclean
2034,sched_dep_time,9:05 a.m.,0.248395,holoclean
2035,act_arr_time,3:01 p.m.,0.513519,holoclean_keep
2035,act_dep_time,1:20 p.m.,0.551873,holoclean_keep
2035,flight,aa-789-ord-den,0.993129,holoclean_keep
2035,sched_arr_time,2:35 p.m.,0.991018,holoclean_keep
2035,sched_dep_time,1:05 p.m.,0.969285,holoclean_keep
2036,act_arr_time,10:10 a.m.,0.711235,holoclean_keep
2036,act_dep_time,8:56 a.m.,0.711235,holoclean_keep
2036,flight,aa-415-bos-ord,0.956049,holoclean_keep
2036,sched_arr_time,10:40 a.m.,0.629261,holoclean
2036,sched_dep_time,8:35 a.m.,0.646785,holoclean
2037,act_arr_time,6:43 p.m.,0.711235,holoclean_keep
2037,act_dep_time,3:38 p.m.,0.711235,holoclean_keep
2037,flight,aa-85-jfk-sfo,0.999069,holoclean_keep
2037,sched_arr_time,6:30 p.m.,0.991379,holoclean_keep
2037,sched_dep_time,3:05 p.m.,0.995657,holoclean_keep
2038,act_arr_time,7:57 a.m.,0.596418,holoclean_keep
2038,act_dep_time,8:04 a.m.,0.786986,holoclean_keep
2038,flight,aa-3979-cvg-ord,0.998220,holoclean_keep
2038,sched_arr_time,8:00 a.m.,0.965985,holoclean_keep
2038,sched_dep_time,7:30 a.m.,0.989931,holoclean_keep
2039,act_arr_time,4:56 p.m.,0.786986,holoclean_keep
2039,act_dep_time,11:41 a.m.,0.711235,holoclean_keep
2039,flight,aa-1544-san-ord,0.954161,holoclean_keep
2039,sched_arr_time,5:25 p.m.,0.704640,holoclean
2039,sched_dep_time,11:25 a.m.,0.424134,holoclean
2040,act_arr_time,6:09 p.m.,0.648786,holoclean_keep
2040,act_dep_time,4:12 p.m.,0.711235,holoclean_keep
2040,flight,aa-3786-iah-ord,0.985895,holoclean_keep
2040,sched_arr_time,6:40 p.m.,0.925702,holoclean_keep
2040,sched_dep_time,4:00 p.m.,0.985082,holoclean_keep
2041,act_arr_time,2:27 p.m.,0.711235,holoclean_keep
2041,act_dep_time,11:52 a.m.,0.786986,holoclean_keep
2041,flight,aa-271-mia-lax,0.995073,holoclean_keep
2041,sched_arr_time,2:25 p.m.,0.991699,holoclean_keep
2041,sched_dep_time,11:35 a.m.,0.995611,holoclean_keep
2042,act_arr_time,11:06 a.m.,0.480150,holoclean_keep
2042,act_dep_time,7:40 a.m.,0.648786,holoclean_keep
2042,flight,aa-2525-dfw-mia,0.987475,holoclean_keep
2042,sched_arr_time,11:10 a.m.,0.894016,holoclean_keep
2042,sched_dep_time,7:25 a.m.,0.976642,holoclean_keep
2043,act_arr_time,5:26 p.m.,0.880797,holoclean_keep
2043,act_dep_time,4:02 p.m.,0.880797,holoclean_keep
2043,flight,co-50-cle-ewr,0.955187,holoclean_keep
2043,sched_arr_time,4:49 p.m.,0.413352,holoclean
2043,sched_dep_time,2:55 p.m.,0.399359,holoclean
2044,act_arr_time,6:17 p.m.,0.648786,holoclean_keep
2044,act_dep_time,11:55 a.m.,0.711235,holoclean_keep
2044,flight,ua-3099-phx-phl,0.994779,holoclean_keep
2044,sched_arr_time,6:17 p.m.,0.991476,holoclean_keep
2044,sched_dep_time,11:55 a.m.,0.996044,holoclean_keep
2045,act_arr_time,12:48 p.m.,0.596418,holoclean_keep
2045,act_dep_time,10:55 a.m.,0.711235,holoclean_keep
2045,flight,aa-4198-ord-cle,0.984049,holoclean_keep
2045,sched_arr_time,12:55 p.m.,0.919974,holoclean_keep
2045,sched_dep_time,10:40 a.m.,0.989863,holoclean_keep
2046,act_arr_time,7:32 a.m.,0.596418,holoclean_keep
2046,act_dep_time,6:58 a.m.,0.711235,holoclean_keep
2046,flight,aa-404-mia-mco,0.994226,holoclean_keep
2046,sched_arr_time,7:45 a.m.,0.966212,holoclean_keep
2046,sched_dep_time,6:45 a.m.,0.995388,holoclean_keep
2047,act_arr_time,6:36 p.m.,0.786986,holoclean_keep
2047,act_dep_time,4:15 p.m.,0.648786,holoclean_keep
2047,flight,co-45-ewr-mia,0.962661,holoclean_keep
2047,sched_arr_time,7:05 p.m.,0.908384,holoclean_keep
2048,act_arr_time,6:19 a.m.,0.596418,holoclean_keep
2048,act_dep_time,6:11 a.m.,0.711235,holoclean_keep
2048,flight,aa-3809-phx-lax,0.989013,holoclean_keep
2048,sched_arr_time,6:40 a.m.,0.890272,holoclean_keep
2048,sched_dep_time,6:00 a.m.,0.996473,holoclean_keep
2049,act_arr_time,11:12 a.m.,0.513519,holoclean_keep
2049,act_dep_time,7:40 a.m.,0.711235,holoclean_keep
2049,flight,aa-59-jfk-sfo,0.980218,holoclean_keep
2049,sched_arr_time,10:45 a.m.,0.870032,holoclean_keep
2049,sched_dep_time,7:10 a.m.,0.988991,holoclean_keep
2050,act_arr_time,3:14 p.m.,0.711235,holoclean_keep
2050,act_dep_time,7:32 a.m.,0.648786,holoclean_keep
2050,flight,aa-222-lax-bos,0.987309,holoclean_keep
2050,sched_arr_time,3:30 p.m.,0.906596,holoclean_keep
2050,sched_dep_time,7:10 a.m.,0.987514,holoclean_keep
2051,act_arr_time,9:32 a.m.,0.786986,holoclean_keep
2051,act_dep_time,7:16 a.m.,0.786986,holoclean_keep
2051,flight,aa-3859-iah-ord,0.991390,holoclean_keep
2051,sched_arr_time,9:40 a.m.,0.891584,holoclean_keep
2051,sched_dep_time,7:10 a.m.,0.996597,holoclean_keep
2052,act_arr_time,10:29 p.m.,0.596418,holoclean_keep
2052,act_dep_time,7:14 p.m.,0.786986,holoclean_keep
2052,flight,co-1586-iah-mco,0.951243,holoclean_keep
2052,sched_arr_time,10:15 p.m.,0.582514,holoclean
2052,sched_dep_time,7:00 p.m.,0.391461,holoclean
2053,act_arr_time,9:28 a.m.,0.596418,holoclean_keep
2053,act_dep_time,6:54 a.m.,0.711235,holoclean_keep
2053,flight,aa-518-mia-jfk,0.999227,holoclean_keep
2053,sched_arr_time,9:25 a.m.,0.981029,holoclean_keep
2053,sched_dep_time,6:40 a.m.,0.990134,holoclean_keep
2054,act_arr_time,11:58 a.m.,0.648786,holoclean_keep
2054,act_dep_time,8:29 a.m.,0.648786,holoclean_keep
2054,flight,ua-397-jfk-sfo,0.994732,holoclean_keep
2054,sched_arr_time,11:55 a.m.,0.981726,holoclean_keep
2054,sched_dep_time,8:00 a.m.,0.986791,holoclean_keep
2055,act_arr_time,9:43 a.m.,0.648786,holoclean_keep
2055,act_dep_time,8:42 a.m.,0.711235,holoclean_keep
2055,flight,ua-3925-iad-orf,0.950639,holoclean_keep
2055,sched_arr_time,9:54 a.m.,0.413279,holoclean
2055,sched_dep_time,8:41 a.m.,0.557630,holoclean
2056,act_arr_time,10:28 p.m.,0.200000,holoclean
2056,act_dep_time,7:45 p.m.,0.333333,holoclean
2056,flight,aa-1733-ord-phx,0.939598,holoclean_keep
2056,sched_arr_time,10:30 p.m.,0.942403,holoclean_keep
2056,sched_dep_time,7:45 p.m.,0.993564,holoclean_keep
2057,act_arr_time,3:16 p.m.,0.551873,holoclean_keep
2057,act_dep_time,12:11 p.m.,0.711235,holoclean_keep
2057,flight,aa-3-jfk-lax,0.988034,holoclean_keep
2057,sched_arr_time,3:15 p.m.,0.950611,holoclean_keep
2057,sched_dep_time,12:00 p.m.,0.989141,holoclean_keep
2058,act_arr_time,5:17 p.m.,0.648786,holoclean_keep
2058,act_dep_time,3:28 p.m.,0.711235,holoclean_keep
2058,flight,ua-2830-mco-clt,0.997086,holoclean_keep
2058,sched_arr_time,5:05 p.m.,0.993561,holoclean_keep
2058,sched_dep_time,3:27 p.m.,0.996716,holoclean_keep
2059,act_arr_time,3:31 p.m.,0.880797,holoclean_keep
2059,act_dep_time,11:32 a.m.,0.786986,holoclean_keep
2059,flight,co-58-den-iah,0.954997,holoclean_keep
2059,sched_arr_time,2:50 p.m.,0.429980,holoclean
2059,sched_dep_time,11:25 a.m.,0.792627,holoclean
2060,act_arr_time,11:21 a.m.,0.711235,holoclean_keep
2060,act_dep_time,10:33 a.m.,0.880797,holoclean_keep
2060,flight,ua-5487-sfo-mry,0.959016,holoclean_keep
2060,sched_arr_time,11:19 a.m.,0.544551,holoclean
2060,sched_dep_time,10:39 a.m.,0.524228,holoclean
2061,act_arr_time,12/2/11 6:35 a.m.,0.142857,holoclean
2061,act_dep_time,11:29 p.m.,0.200000,holoclean
2061,flight,aa-204-lax-mco,0.938301,holoclean_keep
2061,sched_arr_time,6:55 a.m.  fri 02-dec-2011,0.489881,holoclean_keep
2061,sched_dep_time,11:25 p.m.,0.957083,holoclean_keep
2062,act_arr_time,7:17 a.m.,0.648786,holoclean_keep
2062,act_dep_time,5:56 a.m.,0.711235,holoclean_keep
2062,flight,ua-414-lax-sfo,0.990992,holoclean_keep
2062,sched_arr_time,7:23 a.m.,0.404330,holoclean
2062,sched_dep_time,6:00 a.m.,0.470656,holoclean
2063,act_arr_time,5:26 a.m.,0.711235,holoclean_keep
2063,act_dep_time,12:41 a.m.,0.711235,holoclean_keep
2063,flight,co-1614-lax-iah,0.953019,holoclean_keep
2063,sched_arr_time,5:35 a.m.,0.773410,holoclean
2063,sched_dep_time,12:30 a.m.,0.764967,holoclean
2064,act_arr_time,6:28 p.m.,0.648786,holoclean_keep
2064,act_dep_time,3:58 p.m.,0.648786,holoclean_keep
2064,flight,ua-2726-fll-phl,0.965252,holoclean_keep
2064,sched_arr_time,6:46 p.m.,0.913445,holoclean_keep
2064,sched_dep_time,4:00 p.m.,0.975209,holoclean_keep
2065,act_arr_time,9:14 a.m.,0.786986,holoclean_keep
2065,act_dep_time,7:29 a.m.,0.786986,holoclean_keep
2065,flight,co-52-iah-lax,0.972759,holoclean_keep
2065,sched_arr_time,9:21 a.m.,0.434486,holoclean
2065,sched_dep_time,7:35 a.m.,0.601938,holoclean
2066,act_arr_time,1:19 p.m.,0.786986,holoclean_keep
2066,act_dep_time,10:19 a.m.,0.711235,holoclean_keep
2066,flight,co-1090-bos-iah,0.932098,holoclean_keep
2066,sched_arr_time,1:16 p.m.,0.671950,holoclean
2066,sched_dep_time,9:45 a.m.,0.587231,holoclean
2067,act_arr_time,1:27 p.m.,0.648786,holoclean_keep
2067,act_dep_time,10:10 a.m.,0.648786,holoclean_keep
2067,flight,aa-616-dfw-dtw,0.993127,holoclean_keep
2067,sched_arr_time,12:35 p.m.,0.965234,holoclean_keep
2067,sched_dep_time,9:05 a.m.,0.989375,holoclean_keep
2068,act_arr_time,9:56 a.m.,0.786986,holoclean_keep
2068,act_dep_time,8:12 a.m.,0.648786,holoclean_keep
2068,flight,ua-3515-iad-msp,0.993453,holoclean_keep
2068,sched_arr_time,10:06 a.m.,0.365681,holoclean
2068,sched_dep_time,8:15 a.m.,0.352967,holoclean
2069,act_arr_time,9:45 a.m.,0.711235,holoclean_keep
2069,act_dep_time,7:25 a.m.,0.648786,holoclean_keep
2069,flight,aa-3468-cvg-mia,0.998425,holoclean_keep
2069,sched_arr_time,9:55 a.m.,0.956961,holoclean_keep
2069,sched_dep_time,7:00 a.m.,0.988867,holoclean_keep
2070,act_arr_time,7:39 p.m.,0.711235,holoclean_keep
2070,act_dep_time,4:29 p.m.,0.786986,holoclean_keep
2070,flight,aa-484-dfw-mia,0.994771,holoclean_keep
2070,sched_arr_time,7:55 p.m.,0.978368,holoclean_keep
2070,sched_dep_time,4:15 p.m.,0.975200,holoclean_keep
2071,act_arr_time,1:40 p.m.,0.648786,holoclean_keep
2071,act_dep_time,10:55 a.m.,0.648786,holoclean_keep
2071,flight,aa-1886-bos-mia,0.949899,holoclean_keep
2071,sched_arr_time,2:20 p.m.,0.377035,holoclean
2071,sched_dep_time,10:45 a.m.,0.337309,holoclean
2072,act_arr_time,7:10 p.m.,0.880797,holoclean_keep
2072,act_dep_time,2:48 p.m.,0.880797,holoclean_keep
2072,flight,co-62-iah-ewr,0.889113,holoclean_keep
2072,sched_arr_time,7:03 p.m.,0.468605,holoclean
2072,sched_dep_time,2:30 p.m.,0.454311,holoclean
2073,act_arr_time,11:32 a.m.,0.711235,holoclean_keep
2073,act_dep_time,8:00 a.m.,0.711235,holoclean_keep
2073,flight,co-1561-phx-iah,0.952859,holoclean_keep
2073,sched_arr_time,11:35 a.m.,0.776967,holoclean
2073,sched_dep_time,8:05 a.m.,0.769467,holoclean
2074,act_arr_time,4:47 p.m.,0.648786,holoclean_keep
2074,act_dep_time,2:46 p.m.,0.711235,holoclean_keep
2074,flight,ua-2314-atl-phl,0.956261,holoclean_keep
2074,sched_arr_time,5:00 p.m.,0.443481,holoclean
2074,sched_dep_time,2:55 p.m.,0.387727,holoclean
2075,act_arr_time,4:09 p.m.,0.450853,holoclean_keep
2075,act_dep_time,12:12 p.m.,0.551873,holoclean_keep
2075,flight,aa-446-dfw-phl,0.980487,holoclean_keep
2075,sched_arr_time,3:50 p.m.,0.967417,holoclean_keep
2075,sched_dep_time,11:50 a.m.,0.947312,holoclean_keep
2076,act_arr_time,1:14 p.m.,0.711235,holoclean_keep
2076,act_dep_time,11:56 a.m.,0.648786,holoclean_keep
2076,flight,co-1023-iah-den,0.981781,holoclean_keep
2076,sched_arr_time,1:17 p.m.,0.560839,holoclean
2076,sched_dep_time,11:40 a.m.,0.537992,holoclean
2077,act_arr_time,9:05 a.m.,0.648786,holoclean_keep
2077,act_dep_time,6:08 a.m.,0.711235,holoclean_keep
2077,flight,aa-466-iah-mia,0.987878,holoclean_keep
2077,sched_arr_time,9:20 a.m.,0.876563,holoclean_keep
2077,sched_dep_time,6:00 a.m.,0.995681,holoclean_keep
2078,act_arr_time,5:05 p.m.,0.648786,holoclean_keep
2078,act_dep_time,11:30 a.m.,0.711235,holoclean_keep
2078,flight,ua-3050-phx-clt,0.994561,holoclean_keep
2078,sched_arr_time,4:57 p.m.,0.991741,holoclean_keep
2078,sched_dep_time,11:05 a.m.,0.993915,holoclean_keep
2079,act_arr_time,10:27 a.m.,0.786986,holoclean_keep
2079,act_dep_time,6:02 a.m.,0.786986,holoclean_keep
2079,flight,co-89-iah-ewr,0.955816,holoclean_keep
2079,sched_arr_time,10:20 a.m.,0.812471,holoclean
2079,sched_dep_time,6:00 a.m.,0.806786,holoclean
2080,act_arr_time,10:56 a.m.,0.786986,holoclean_keep
2080,act_dep_time,8:40 a.m.,0.786986,holoclean_keep
2080,flight,co-1088-cle-iah,0.956520,holoclean_keep
2080,sched_arr_time,10:54 a.m.,0.784332,holoclean
2080,sched_dep_time,8:40 a.m.,0.778805,holoclean
2081,act_arr_time,11:56 a.m.,0.786986,holoclean_keep
2081,act_dep_time,10:18 a.m.,0.648786,holoclean_keep
2081,flight,aa-1664-mia-atl,0.998651,holoclean_keep
2081,sched_arr_time,12:10 p.m.,0.981912,holoclean_keep
2081,sched_dep_time,10:15 a.m.,0.990408,holoclean_keep
2082,act_arr_time,3:20 p.m. (runway),0.480150,holoclean_keep
2082,act_dep_time,2:04 p.m.,0.513519,holoclean_keep
2082,flight,aa-1279-dfw-phx,0.987917,holoclean_keep
2082,sched_arr_time,2:35 p.m.,0.990776,holoclean_keep
2082,sched_dep_time,1:00 p.m.,0.968593,holoclean_keep
2083,act_arr_time,1:30 p.m.,0.786986,holoclean_keep
2083,act_dep_time,7:49 a.m.,0.786986,holoclean_keep
2083,flight,ua-854-sfo-iah,0.957506,holoclean_keep
2083,sched_arr_time,1:39 p.m.,0.711285,holoclean
2083,sched_dep_time,7:53 a.m.,0.480909,holoclean
2084,act_arr_time,3:21 p.m.,0.711235,holoclean_keep
2084,act_dep_time,12:35 p.m.,0.648786,holoclean_keep
2084,flight,ua-382-iad-lax,0.956642,holoclean_keep
2084,sched_arr_time,3:19 p.m.,0.424062,holoclean
2084,sched_dep_time,12:30 p.m.,0.696385,holoclean
2085,act_arr_time,2:10 p.m.,0.596418,holoclean_keep
2085,act_dep_time,12:13 p.m.,0.711235,holoclean_keep
2085,flight,aa-4344-ord-dtw,0.960071,holoclean_keep
2085,sched_arr_time,2:00 p.m.,0.641139,holoclean
2085,sched_dep_time,11:45 a.m.,0.484586,holoclean
2086,act_arr_time,5:42 p.m.,0.648786,holoclean_keep
2086,act_dep_time,2:26 p.m.,0.648786,holoclean_keep
2086,flight,ua-257-jfk-sfo,0.991309,holoclean_keep
2086,sched_arr_time,6:15 p.m.,0.957081,holoclean_keep
2086,sched_dep_time,2:30 p.m.,0.973925,holoclean_keep
2087,act_arr_time,1:15 p.m.,0.648786,holoclean_keep
2087,act_dep_time,11:51 a.m.,0.596418,holoclean_keep
2087,flight,ua-2945-phl-clt,0.997112,holoclean_keep
2087,sched_arr_time,1:45 p.m.,0.970090,holoclean_keep
2087,sched_dep_time,12:00 p.m.,0.988380,holoclean_keep
2088,act_arr_time,8:03 p.m.,0.786986,holoclean_keep
2088,act_dep_time,5:22 p.m.,0.880797,holoclean_keep
2088,flight,co-63-ewr-iah,0.954734,holoclean_keep
2088,sched_arr_time,8:22 p.m.,0.725939,holoclean
2088,sched_dep_time,5:25 p.m.,0.418849,holoclean
2089,act_arr_time,8:56 p.m.,0.648786,holoclean_keep
2089,act_dep_time,8:25 p.m.,0.786986,holoclean_keep
2089,flight,co-47-iah-lax,0.949982,holoclean_keep
2089,sched_arr_time,8:56 p.m.,0.440825,holoclean
2089,sched_dep_time,7:10 p.m.,0.696323,holoclean
2090,act_arr_time,2:46 p.m.,0.551873,holoclean_keep
2090,act_dep_time,11:05 a.m.,0.551873,holoclean_keep
2090,flight,aa-2050-ord-mia,0.984620,holoclean_keep
2090,sched_arr_time,2:45 p.m.,0.929368,holoclean_keep
2090,sched_dep_time,10:40 a.m.,0.977894,holoclean_keep
2091,act_arr_time,5:34 p.m.,0.711235,holoclean_keep
2091,act_dep_time,1:32 p.m.,0.648786,holoclean_keep
2091,flight,ua-248-phx-ord,0.882326,holoclean_keep
2091,sched_arr_time,5:15 p.m.,0.203781,holoclean
2091,sched_dep_time,12:57 p.m.,0.273534,holoclean
2092,act_arr_time,3:33 p.m.,0.648786,holoclean_keep
2092,act_dep_time,3:36 p.m.,0.880797,holoclean_keep
2092,flight,aa-4330-cvg-ord,0.982382,holoclean_keep
2092,sched_arr_time,4:00 p.m.,0.547405,holoclean
2092,sched_dep_time,3:35 p.m.,0.847023,holoclean
2093,act_arr_time,10:36 a.m.,0.648786,holoclean_keep
2093,act_dep_time,7:21 a.m.,0.711235,holoclean_keep
2093,flight,aa-1434-dfw-mco,0.996970,holoclean_keep
2093,sched_arr_time,10:35 a.m.,0.930276,holoclean_keep
2093,sched_dep_time,7:15 a.m.,0.996249,holoclean_keep
2094,act_arr_time,7:25 p.m.,0.200000,holoclean
2094,act_dep_time,6:47 p.m.,0.250000,holoclean
2094,flight,aa-1640-mia-mco,0.936414,holoclean_keep
2094,sched_arr_time,7:25 p.m.,0.941011,holoclean_keep
2094,sched_dep_time,6:30 p.m.,0.958796,holoclean_keep
2095,act_arr_time,8:53 p.m.,0.711235,holoclean_keep
2095,act_dep_time,6:55 p.m.,0.711235,holoclean_keep
2095,flight,aa-4307-ord-dtw,0.998920,holoclean_keep
2095,sched_arr_time,9:10 p.m.,0.981614,holoclean_keep
2095,sched_dep_time,6:45 p.m.,0.990823,holoclean_keep
2096,act_arr_time,12:02 a.m.,0.200000,holoclean
2096,act_dep_time,7:15 p.m.,0.200000,holoclean
2096,flight,co-1694-lax-iah,0.938766,holoclean_keep
2096,sched_arr_time,12:21 a.m.  fri 02-dec-2011,0.528282,holoclean_keep
2097,act_arr_time,7:58 p.m.,0.786986,holoclean_keep
2097,act_dep_time,2:10 p.m.,0.711235,holoclean_keep
2097,flight,ua-843-lax-ord,0.954314,holoclean_keep
2097,sched_arr_time,7:53 p.m.,0.511635,holoclean
2097,sched_dep_time,1:55 p.m.,0.347114,holoclean
2098,act_arr_time,12:09 p.m.,0.786986,holoclean_keep
2098,act_dep_time,9:14 a.m.,0.513519,holoclean_keep
2098,flight,co-1193-ewr-mco,0.997441,holoclean_keep
2098,sched_arr_time,12:18 p.m.,0.956675,holoclean_keep
2098,sched_dep_time,9:15 a.m.,0.985519,holoclean_keep
2099,act_arr_time,7:51 a.m.,0.711235,holoclean_keep
2099,act_dep_time,6:56 a.m.,0.711235,holoclean_keep
2099,flight,aa-3842-msp-ord,0.984450,holoclean_keep
2099,sched_arr_time,7:30 a.m.,0.872862,holoclean_keep
2099,sched_dep_time,6:00 a.m.,0.990899,holoclean_keep
2100,act_arr_time,9:31 a.m.,0.596418,holoclean_keep
2100,act_dep_time,7:30 a.m.,0.711235,holoclean_keep
2100,flight,aa-643-mia-ord,0.978826,holoclean_keep
2100,sched_arr_time,9:35 a.m.,0.882491,holoclean_keep
2100,sched_dep_time,7:10 a.m.,0.995737,holoclean_keep
2101,act_arr_time,7:55 p.m.,0.786986,holoclean_keep
2101,act_dep_time,5:08 p.m.,0.711235,holoclean_keep
2101,flight,aa-1007-mia-phx,0.986479,holoclean_keep
2101,sched_arr_time,8:05 p.m.,0.693922,holoclean
2101,sched_dep_time,4:55 p.m.,0.352834,holoclean
2102,act_arr_time,6:38 p.m.,0.551873,holoclean_keep
2102,act_dep_time,4:28 p.m.,0.596418,holoclean_keep
2102,flight,ua-2906-phl-mco,0.998349,holoclean_keep
2102,sched_arr_time,6:23 p.m.,0.992385,holoclean_keep
2102,sched_dep_time,3:50 p.m.,0.977977,holoclean_keep
2103,act_arr_time,7:36 p.m.,0.648786,holoclean_keep
2103,act_dep_time,4:15 p.m.,0.786986,holoclean_keep
2103,flight,ua-938-den-ord,0.980600,holoclean_keep
2103,sched_arr_time,7:35 p.m.,0.538320,holoclean
2103,sched_dep_time,4:16 p.m.,0.535928,holoclean
2104,act_arr_time,9:53 p.m.,0.786986,holoclean_keep
2104,act_dep_time,8:23 p.m.,0.880797,holoclean_keep
2104,flight,aa-1221-mco-ord,0.994646,holoclean_keep
2104,sched_arr_time,9:45 p.m.,0.980721,holoclean_keep
2104,sched_dep_time,8:00 p.m.,0.990985,holoclean_keep
2105,act_arr_time,6:34 p.m.,0.880797,holoclean_keep
2105,act_dep_time,10:20 a.m.,0.711235,holoclean_keep
2105,flight,co-16-lax-ewr,0.989899,holoclean_keep
2105,sched_arr_time,6:44 p.m.,0.817726,holoclean
2105,sched_dep_time,10:25 a.m.,0.644663,holoclean
2106,act_arr_time,10:47 a.m.,0.648786,holoclean_keep
2106,act_dep_time,7:07 a.m.,0.551873,holoclean_keep
2106,flight,ua-2515-dfw-clt,0.982766,holoclean_keep
2106,sched_arr_time,10:31 a.m.,0.682164,holoclean
2106,sched_dep_time,7:05 a.m.,0.646040,holoclean
2107,act_arr_time,3:04 p.m.,0.711235,holoclean_keep
2107,act_dep_time,11:01 a.m.,0.648786,holoclean_keep
2107,flight,aa-400-dfw-jfk,0.980199,holoclean_keep
2107,sched_arr_time,2:59 p.m.,0.702070,holoclean
2107,sched_dep_time,10:40 a.m.,0.744154,holoclean
2108,act_arr_time,4:23 p.m.,0.786986,holoclean_keep
2108,act_dep_time,1:31 p.m.,0.711235,holoclean_keep
2108,flight,ua-664-ord-phl,0.994338,holoclean_keep
2108,sched_arr_time,4:31 p.m.,0.980229,holoclean_keep
2108,sched_dep_time,1:33 p.m.,0.996089,holoclean_keep
2109,act_arr_time,2:50 p.m.,0.596418,holoclean_keep
2109,act_dep_time,12:41 p.m.,0.551873,holoclean_keep
2109,flight,aa-3756-ord-slc,0.997490,holoclean_keep
2109,sched_arr_time,2:45 p.m.,0.989942,holoclean_keep
2109,sched_dep_time,12:15 p.m.,0.978472,holoclean_keep
2110,act_arr_time,4:17 p.m.,0.551873,holoclean_keep
2110,act_dep_time,1:48 p.m.,0.711235,holoclean_keep
2110,flight,ua-37-ewr-mco,0.943961,holoclean_keep
2110,sched_arr_time,4:17 p.m.,0.418470,holoclean
2110,sched_dep_time,1:29 p.m.,0.656807,holoclean
2111,act_arr_time,5:42 a.m. (estimated runway),0.250000,holoclean
2111,act_dep_time,12:10 a.m. (estimated runway),0.333333,holoclean
2111,flight,aa-1522-sfo-ord,0.941005,holoclean_keep
2111,sched_arr_time,5:50 a.m.  fri 02-dec-2011,0.522157,holoclean_keep
2111,sched_dep_time,11:55 p.m.,0.993564,holoclean_keep
2112,act_arr_time,11:56 p.m.,0.166667,holoclean
2112,act_dep_time,4:25 p.m.,0.166667,holoclean
2112,flight,ua-233-lax-jfk,0.935726,holoclean_keep
2112,sched_arr_time,12:29 a.m.  fri 02-dec-2011,0.537341,holoclean_keep
2112,sched_dep_time,4:25 p.m.,0.961085,holoclean_keep
2113,act_arr_time,11:49 p.m.,0.200000,holoclean
2113,act_dep_time,9:06 p.m.,0.250000,holoclean
2113,flight,aa-3823-lax-den,0.937251,holoclean_keep
2113,sched_arr_time,12:15 a.m.  fri 02-dec-2011,0.513027,holoclean_keep
2113,sched_dep_time,9:00 p.m.,0.957705,holoclean_keep
2114,act_arr_time,11:35 p.m.,0.250000,holoclean
2114,act_dep_time,8:29 p.m.,0.250000,holoclean
2114,flight,aa-2312-dfw-dtw,0.939812,holoclean_keep
2114,sched_arr_time,11:50 p.m.,0.970411,holoclean_keep
2114,sched_dep_time,8:25 p.m.,0.961086,holoclean_keep
2115,act_arr_time,10:04 a.m.,0.450853,holoclean_keep
2115,act_dep_time,7:22 a.m.,0.711235,holoclean_keep
2115,flight,aa-1165-jfk-mia,0.989956,holoclean_keep
2115,sched_arr_time,10:34 a.m.,0.920723,holoclean_keep
2115,sched_dep_time,6:59 a.m.,0.981252,holoclean_keep
2116,act_arr_time,11:44 a.m.,0.596418,holoclean_keep
2116,act_dep_time,8:51 a.m.,0.711235,holoclean_keep
2116,flight,aa-431-mia-sfo,0.995531,holoclean_keep
2116,sched_arr_time,11:50 a.m.,0.952359,holoclean_keep
2116,sched_dep_time,8:35 a.m.,0.989062,holoclean_keep
2117,act_arr_time,9:13 a.m.,0.711235,holoclean_keep
2117,act_dep_time,8:26 a.m.,0.786986,holoclean_keep
2117,flight,ua-3373-iad-phl,0.954762,holoclean_keep
2117,sched_arr_time,9:24 a.m.,0.706400,holoclean
2117,sched_dep_time,8:29 a.m.,0.685213,holoclean
2118,act_arr_time,3:26 p.m.,0.166667,holoclean
2118,act_dep_time,11:54 a.m.,0.111111,holoclean
2118,flight,aa-649-ord-sna,0.950189,holoclean_keep
2118,sched_arr_time,3:50 p.m.,0.973522,holoclean_keep
2118,sched_dep_time,1:30 p.m.,0.945833,holoclean_keep
2119,act_arr_time,4:59 p.m.,0.880797,holoclean_keep
2119,act_dep_time,3:01 p.m.,0.880797,holoclean_keep
2119,flight,co-1250-mia-iah,0.955130,holoclean_keep
2119,sched_arr_time,4:48 p.m.,0.476657,holoclean
2119,sched_dep_time,2:53 p.m.,0.451126,holoclean
2120,act_arr_time,8:45 a.m.,0.711235,holoclean_keep
2120,act_dep_time,7:27 a.m.,0.786986,holoclean_keep
2120,flight,ua-6273-yyc-sfo,0.956978,holoclean_keep
2120,sched_arr_time,9:43 a.m.,0.374905,holoclean
2120,sched_dep_time,7:35 a.m.,0.376721,holoclean
2121,act_arr_time,5:21 a.m.,0.333333,holoclean
2121,act_dep_time,11/30/2011 11:34 p.m.,0.333333,holoclean
2121,flight,ua-828-sfo-ord,0.947200,holoclean_keep
2121,sched_arr_time,5:11 a.m.,0.659130,holoclean_keep
2121,sched_dep_time,11:08 p.m.,0.993796,holoclean_keep
2122,act_arr_time,6:09 p.m.,0.166667,holoclean
2122,act_dep_time,3:52 p.m.,0.166667,holoclean
2122,flight,co-4888-iah-dal,0.967731,holoclean_keep
2122,sched_arr_time,6:40 p.m.,0.915688,holoclean_keep
2122,sched_dep_time,5:30 p.m.,0.977868,holoclean_keep
2123,act_arr_time,8:02 a.m.,0.648786,holoclean_keep
2123,act_dep_time,1:32 p.m.,0.648786,holoclean_keep
2123,flight,ua-858-pvg-sfo,0.970430,holoclean_keep
2123,sched_arr_time,8:27 a.m.,0.304868,holoclean
2123,sched_dep_time,1:45 p.m.,0.440362,holoclean
2124,act_arr_time,2:00 p.m.,0.711235,holoclean_keep
2124,act_dep_time,11:15 a.m.,0.711235,holoclean_keep
2124,flight,ua-2704-dtw-phx,0.956090,holoclean_keep
2124,sched_arr_time,1:40 p.m.,0.389176,holoclean
2124,sched_dep_time,11:15 a.m.,0.663755,holoclean
2125,act_arr_time,9:20 p.m.,0.648786,holoclean_keep
2125,act_dep_time,8:39 p.m.,0.786986,holoclean_keep
2125,flight,aa-3063-slc-lax,0.953374,holoclean_keep
2125,sched_arr_time,9:20 p.m.,0.460846,holoclean
2125,sched_dep_time,8:20 p.m.,0.349301,holoclean
2126,act_arr_time,4:44 p.m.,0.711235,holoclean_keep
2126,act_dep_time,2:52 p.m.,0.711235,holoclean_keep
2126,flight,ua-2708-ewr-clt,0.958244,holoclean_keep
2126,sched_arr_time,4:53 p.m.,0.394616,holoclean
2126,sched_dep_time,2:55 p.m.,0.342107,holoclean
2127,act_arr_time,7:10 p.m.,0.786986,holoclean_keep
2127,act_dep_time,2:48 p.m.,0.786986,holoclean_keep
2127,flight,ua-62-iah-ewr,0.871948,holoclean_keep
2127,sched_arr_time,7:03 p.m.,0.460261,holoclean
2127,sched_dep_time,2:30 p.m.,0.444028,holoclean
2128,act_arr_time,11:45 a.m.,0.711235,holoclean_keep
2128,act_dep_time,9:16 a.m.,0.711235,holoclean_keep
2128,flight,ua-1500-iah-gua,0.956625,holoclean_keep
2128,sched_arr_time,11:45 a.m.,0.613095,holoclean
2128,sched_dep_time,8:55 a.m.,0.639097,holoclean
2129,act_arr_time,3:43 p.m.,0.880797,holoclean_keep
2129,act_dep_time,2:44 p.m.,0.880797,holoclean_keep
2129,flight,aa-3804-phl-ord,0.994862,holoclean_keep
2129,sched_arr_time,4:05 p.m.,0.991420,holoclean_keep
2129,sched_dep_time,2:35 p.m.,0.977559,holoclean_keep
2130,act_arr_time,5:43 p.m.,0.596418,holoclean_keep
2130,act_dep_time,3:27 p.m.,0.786986,holoclean_keep
2130,flight,aa-1917-jfk-mco,0.986151,holoclean_keep
2130,sched_arr_time,5:55 p.m.,0.917419,holoclean_keep
2130,sched_dep_time,2:55 p.m.,0.992399,holoclean_keep
2131,act_arr_time,11:06 a.m.,0.480150,holoclean_keep
2131,act_dep_time,7:22 a.m.,0.551873,holoclean_keep
2131,flight,aa-2268-phx-ord,0.910118,holoclean_keep
2131,sched_arr_time,11:35 a.m.,0.821457,holoclean_keep
2131,sched_dep_time,7:15 a.m.,0.950989,holoclean_keep
2132,act_arr_time,1:43 p.m.,0.711235,holoclean_keep
2132,act_dep_time,12:10 p.m.,0.786986,holoclean_keep
2132,flight,aa-4277-cvg-jfk,0.998863,holoclean_keep
2132,sched_arr_time,2:15 p.m.,0.982067,holoclean_keep
2132,sched_dep_time,12:10 p.m.,0.996993,holoclean_keep
2133,act_arr_time,11:01 a.m.,0.551873,holoclean_keep
2133,act_dep_time,8:04 a.m.,0.711235,holoclean_keep
2133,flight,aa-2957-dfw-cvg,0.995021,holoclean_keep
2133,sched_arr_time,11:05 a.m.,0.953912,holoclean_keep
2133,sched_dep_time,7:55 a.m.,0.990275,holoclean_keep
2134,act_arr_time,12:09 p.m.,0.551873,holoclean_keep
2134,act_dep_time,8:52 a.m.,0.551873,holoclean_keep
2134,flight,ua-37-edi-ewr,0.834782,holoclean_keep
2134,sched_arr_time,11:53 a.m.,0.349317,holoclean
2134,sched_dep_time,9:05 a.m.,0.214177,holoclean
2135,act_arr_time,3:13 p.m.,0.513519,holoclean_keep
2135,act_dep_time,1:19 p.m.,0.513519,holoclean_keep
2135,flight,aa-789-ord-den,0.985003,holoclean_keep
2135,sched_arr_time,2:35 p.m.,0.971875,holoclean_keep
2135,sched_dep_time,1:05 p.m.,0.963131,holoclean_keep
2136,act_arr_time,10:16 a.m.,0.711235,holoclean_keep
2136,act_dep_time,8:56 a.m.,0.711235,holoclean_keep
2136,flight,aa-415-bos-ord,0.955945,holoclean_keep
2136,sched_arr_time,10:40 a.m.,0.762136,holoclean
2136,sched_dep_time,8:35 a.m.,0.716857,holoclean
2137,act_arr_time,6:43 p.m.,0.551873,holoclean_keep
2137,act_dep_time,3:36 p.m.,0.711235,holoclean_keep
2137,flight,aa-85-jfk-sfo,0.992042,holoclean_keep
2137,sched_arr_time,6:30 p.m.,0.968269,holoclean_keep
2137,sched_dep_time,3:05 p.m.,0.989164,holoclean_keep
2138,act_arr_time,8:06 a.m.,0.596418,holoclean_keep
2138,act_dep_time,8:04 a.m.,0.786986,holoclean_keep
2138,flight,aa-3979-cvg-ord,0.998275,holoclean_keep
2138,sched_arr_time,8:00 a.m.,0.965985,holoclean_keep
2138,sched_dep_time,7:30 a.m.,0.989931,holoclean_keep
2139,act_arr_time,4:56 p.m.,0.786986,holoclean_keep
2139,act_dep_time,11:40 a.m.,0.711235,holoclean_keep
2139,flight,aa-1544-san-ord,0.955033,holoclean_keep
2139,sched_arr_time,5:25 p.m.,0.718132,holoclean
2139,sched_dep_time,11:25 a.m.,0.433782,holoclean
2140,act_arr_time,6:15 p.m.,0.648786,holoclean_keep
2140,act_dep_time,4:12 p.m.,0.711235,holoclean_keep
2140,flight,aa-3786-iah-ord,0.986369,holoclean_keep
2140,sched_arr_time,6:40 p.m.,0.925702,holoclean_keep
2140,sched_dep_time,4:00 p.m.,0.985082,holoclean_keep
2141,act_arr_time,2:27 p.m.,0.711235,holoclean_keep
2141,act_dep_time,11:52 a.m.,0.786986,holoclean_keep
2141,flight,aa-271-mia-lax,0.995130,holoclean_keep
2141,sched_arr_time,2:25 p.m.,0.991699,holoclean_keep
2141,sched_dep_time,11:35 a.m.,0.995611,holoclean_keep
2142,act_arr_time,11:06 a.m.,0.551873,holoclean_keep
2142,act_dep_time,7:39 a.m.,0.648786,holoclean_keep
2142,flight,aa-2525-dfw-mia,0.991791,holoclean_keep
2142,sched_arr_time,11:10 a.m.,0.874849,holoclean_keep
2142,sched_dep_time,7:25 a.m.,0.976900,holoclean_keep
2143,act_arr_time,5:26 p.m.,0.880797,holoclean_keep
2143,act_dep_time,3:31 p.m.,0.880797,holoclean_keep
2143,flight,co-50-cle-ewr,0.955030,holoclean_keep
2143,sched_arr_time,4:49 p.m.,0.456391,holoclean
2143,sched_dep_time,2:55 p.m.,0.434629,holoclean
2144,act_arr_time,5:38 p.m.,0.648786,holoclean_keep
2144,act_dep_time,11:43 a.m.,0.711235,holoclean_keep
2144,flight,ua-3099-phx-phl,0.994793,holoclean_keep
2144,sched_arr_time,6:17 p.m.,0.992740,holoclean_keep
2144,sched_dep_time,11:55 a.m.,0.995773,holoclean_keep
2145,act_arr_time,12:50 p.m.,0.711235,holoclean_keep
2145,act_dep_time,10:54 a.m.,0.711235,holoclean_keep
2145,flight,aa-4198-ord-cle,0.985595,holoclean_keep
2145,sched_arr_time,12:55 p.m.,0.939005,holoclean_keep
2145,sched_dep_time,10:40 a.m.,0.995307,holoclean_keep
2146,act_arr_time,7:40 a.m.,0.513519,holoclean_keep
2146,act_dep_time,6:57 a.m.,0.711235,holoclean_keep
2146,flight,aa-404-mia-mco,0.997057,holoclean_keep
2146,sched_arr_time,7:45 a.m.,0.951859,holoclean_keep
2146,sched_dep_time,6:45 a.m.,0.989272,holoclean_keep
2147,act_arr_time,6:36 p.m.,0.786986,holoclean_keep
2147,act_dep_time,3:58 p.m.,0.648786,holoclean_keep
2147,flight,co-45-ewr-mia,0.971628,holoclean_keep
2147,sched_arr_time,7:05 p.m.,0.922317,holoclean_keep
2148,act_arr_time,6:19 a.m.,0.480150,holoclean_keep
2148,act_dep_time,6:10 a.m.,0.711235,holoclean_keep
2148,flight,aa-3809-phx-lax,0.977422,holoclean_keep
2148,sched_arr_time,6:40 a.m.,0.885756,holoclean_keep
2148,sched_dep_time,6:00 a.m.,0.996460,holoclean_keep
2149,act_arr_time,11:12 a.m.,0.551873,holoclean_keep
2149,act_dep_time,7:39 a.m.,0.711235,holoclean_keep
2149,flight,aa-59-jfk-sfo,0.972759,holoclean_keep
2149,sched_arr_time,10:45 a.m.,0.853778,holoclean_keep
2149,sched_dep_time,7:10 a.m.,0.988978,holoclean_keep
2150,act_arr_time,3:14 p.m.,0.513519,holoclean_keep
2150,act_dep_time,7:31 a.m.,0.648786,holoclean_keep
2150,flight,aa-222-lax-bos,0.950384,holoclean_keep
2150,sched_arr_time,3:30 p.m.,0.900023,holoclean_keep
2150,sched_dep_time,7:10 a.m.,0.987403,holoclean_keep
2151,act_arr_time,3:25 p.m.,0.500000,holoclean
2151,act_dep_time,11:32 a.m.,0.333333,holoclean
2151,flight,co-58-den-iah,0.926621,holoclean_keep
2151,sched_arr_time,2:50 p.m.,0.749658,holoclean
2151,sched_dep_time,11:25 a.m.,0.955619,holoclean_keep
2152,act_arr_time,1:06 p.m.,0.250000,holoclean
2152,act_dep_time,11:56 a.m.,0.250000,holoclean
2152,flight,co-1023-iah-den,0.840527,holoclean_keep
2152,sched_arr_time,1:17 p.m.,0.936580,holoclean_keep
2152,sched_dep_time,11:40 a.m.,0.799302,holoclean
2153,act_arr_time,11:49 p.m.,0.200000,holoclean
2153,act_dep_time,9:06 p.m.,0.250000,holoclean
2153,flight,aa-3823-lax-den,0.826294,holoclean_keep
2153,sched_arr_time,12:15 a.m.,0.562885,holoclean_keep
2153,sched_dep_time,9:00 p.m.,0.719843,holoclean
2154,act_arr_time,7:23 p.m.,0.333333,holoclean
2154,act_dep_time,4:15 p.m.,0.333333,holoclean
2154,flight,ua-938-den-ord,0.819349,holoclean_keep
2154,sched_arr_time,7:35 p.m.,0.678675,holoclean
2154,sched_dep_time,4:16 p.m.,0.929709,holoclean_keep
2155,act_arr_time,2:40 p.m.,0.125000,holoclean
2155,act_dep_time,11:01 a.m.,0.142857,holoclean
2155,flight,aa-789-ord-den,0.776531,holoclean_keep
2155,sched_arr_time,2:35 p.m.,0.962752,holoclean_keep
2155,sched_dep_time,1:05 p.m.,0.703779,holoclean
2156,act_arr_time,9:22 a.m.,0.786986,holoclean_keep
2156,act_dep_time,7:16 a.m.,0.786986,holoclean_keep
2156,flight,aa-3859-iah-ord,0.991767,holoclean_keep
2156,sched_arr_time,9:40 a.m.,0.822410,holoclean_keep
2156,sched_dep_time,7:10 a.m.,0.995958,holoclean_keep
2157,act_arr_time,10:29 p.m.,0.596418,holoclean_keep
2157,act_dep_time,7:42 p.m.,0.786986,holoclean_keep
2157,flight,co-1586-iah-mco,0.951752,holoclean_keep
2157,sched_arr_time,10:15 p.m.,0.534450,holoclean
2157,sched_dep_time,7:00 p.m.,0.376457,holoclean
2158,act_arr_time,9:28 a.m.,0.596418,holoclean_keep
2158,act_dep_time,6:54 a.m.,0.711235,holoclean_keep
2158,flight,aa-518-mia-jfk,0.999227,holoclean_keep
2158,sched_arr_time,9:25 a.m.,0.981029,holoclean_keep
2158,sched_dep_time,6:40 a.m.,0.990134,holoclean_keep
2159,act_arr_time,11:58 a.m.,0.648786,holoclean_keep
2159,act_dep_time,8:49 a.m.,0.648786,holoclean_keep
2159,flight,ua-397-jfk-sfo,0.994740,holoclean_keep
2159,sched_arr_time,11:55 a.m.,0.981726,holoclean_keep
2159,sched_dep_time,8:00 a.m.,0.986791,holoclean_keep
2160,act_arr_time,9:43 a.m.,0.551873,holoclean_keep
2160,act_dep_time,9:01 a.m.,0.711235,holoclean_keep
2160,flight,ua-3925-iad-orf,0.957870,holoclean_keep
2160,sched_arr_time,9:54 a.m.,0.377388,holoclean
2160,sched_dep_time,8:41 a.m.,0.535321,holoclean
2161,act_arr_time,10:28 p.m.,0.200000,holoclean
2161,act_dep_time,7:59 p.m.,0.786986,holoclean_keep
2161,flight,aa-1733-ord-phx,0.981792,holoclean_keep
2161,sched_arr_time,10:30 p.m.,0.947590,holoclean_keep
2161,sched_dep_time,7:45 p.m.,0.994155,holoclean_keep
2162,act_arr_time,3:16 p.m.,0.648786,holoclean_keep
2162,act_dep_time,12:12 p.m.,0.711235,holoclean_keep
2162,flight,aa-3-jfk-lax,0.992897,holoclean_keep
2162,sched_arr_time,3:15 p.m.,0.949684,holoclean_keep
2162,sched_dep_time,12:00 p.m.,0.989201,holoclean_keep
2163,act_arr_time,5:17 p.m.,0.786986,holoclean_keep
2163,act_dep_time,3:50 p.m.,0.711235,holoclean_keep
2163,flight,ua-2830-mco-clt,0.995101,holoclean_keep
2163,sched_arr_time,5:05 p.m.,0.961178,holoclean_keep
2163,sched_dep_time,3:27 p.m.,0.976694,holoclean_keep
2164,act_arr_time,3:31 p.m.,0.880797,holoclean_keep
2164,act_dep_time,12:37 p.m.,0.786986,holoclean_keep
2164,flight,co-58-den-iah,0.956363,holoclean_keep
2164,sched_arr_time,2:50 p.m.,0.393615,holoclean
2164,sched_dep_time,11:25 a.m.,0.777439,holoclean
2165,act_arr_time,11:21 a.m.,0.711235,holoclean_keep
2165,act_dep_time,10:53 a.m.,0.880797,holoclean_keep
2165,flight,ua-5487-sfo-mry,0.960755,holoclean_keep
2165,sched_arr_time,11:19 a.m.,0.528209,holoclean
2165,sched_dep_time,10:39 a.m.,0.514396,holoclean
2166,act_arr_time,12/2/11 6:35 a.m.,0.142857,holoclean
2166,act_dep_time,11:29 p.m.,0.200000,holoclean
2166,flight,aa-204-lax-mco,0.938399,holoclean_keep
2166,sched_arr_time,6:55 a.m. dec 02,0.558265,holoclean_keep
2166,sched_dep_time,11:25 p.m.,0.957083,holoclean_keep
2167,act_arr_time,7:17 a.m.,0.596418,holoclean_keep
2167,act_dep_time,6:10 a.m.,0.711235,holoclean_keep
2167,flight,ua-414-lax-sfo,0.977072,holoclean_keep
2167,sched_arr_time,7:23 a.m.,0.309104,holoclean
2167,sched_dep_time,6:00 a.m.,0.468706,holoclean
2168,act_arr_time,5:26 a.m.,0.711235,holoclean_keep
2168,act_dep_time,12:58 a.m.,0.711235,holoclean_keep
2168,flight,co-1614-lax-iah,0.950335,holoclean_keep
2168,sched_arr_time,5:35 a.m.,0.746010,holoclean
2168,sched_dep_time,12:30 a.m.,0.748396,holoclean
2169,act_arr_time,6:25 p.m.,0.711235,holoclean_keep
2169,act_dep_time,4:10 p.m.,0.711235,holoclean_keep
2169,flight,ua-2726-fll-phl,0.993390,holoclean_keep
2169,sched_arr_time,6:46 p.m.,0.908152,holoclean_keep
2169,sched_dep_time,4:00 p.m.,0.972663,holoclean_keep
2170,act_arr_time,9:09 a.m.,0.786986,holoclean_keep
2170,act_dep_time,7:56 a.m.,0.786986,holoclean_keep
2170,flight,co-52-iah-lax,0.987381,holoclean_keep
2170,sched_arr_time,9:21 a.m.,0.334286,holoclean
2170,sched_dep_time,7:35 a.m.,0.556225,holoclean
2171,act_arr_time,1:19 p.m.,0.786986,holoclean_keep
2171,act_dep_time,10:35 a.m.,0.711235,holoclean_keep
2171,flight,co-1090-bos-iah,0.976818,holoclean_keep
2171,sched_arr_time,1:16 p.m.,0.820040,holoclean
2171,sched_dep_time,9:45 a.m.,0.586235,holoclean
2172,act_arr_time,1:18 p.m.,0.711235,holoclean_keep
2172,act_dep_time,10:11 a.m.,0.711235,holoclean_keep
2172,flight,aa-616-dfw-dtw,0.998593,holoclean_keep
2172,sched_arr_time,12:35 p.m.,0.980946,holoclean_keep
2172,sched_dep_time,9:05 a.m.,0.995948,holoclean_keep
2173,act_arr_time,9:56 a.m.,0.711235,holoclean_keep
2173,act_dep_time,8:26 a.m.,0.648786,holoclean_keep
2173,flight,ua-3515-iad-msp,0.963677,holoclean_keep
2173,sched_arr_time,10:06 a.m.,0.274200,holoclean
2173,sched_dep_time,8:15 a.m.,0.274230,holoclean
2174,act_arr_time,9:45 a.m.,0.711235,holoclean_keep
2174,act_dep_time,7:25 a.m.,0.648786,holoclean_keep
2174,flight,aa-3468-cvg-mia,0.998425,holoclean_keep
2174,sched_arr_time,9:55 a.m.,0.956961,holoclean_keep
2174,sched_dep_time,7:00 a.m.,0.988867,holoclean_keep
2175,act_arr_time,7:39 p.m.,0.648786,holoclean_keep
2175,act_dep_time,4:30 p.m.,0.786986,holoclean_keep
2175,flight,aa-484-dfw-mia,0.998966,holoclean_keep
2175,sched_arr_time,7:55 p.m.,0.969030,holoclean_keep
2175,sched_dep_time,4:15 p.m.,0.996657,holoclean_keep
2176,act_arr_time,1:40 p.m.,0.648786,holoclean_keep
2176,act_dep_time,10:55 a.m.,0.648786,holoclean_keep
2176,flight,aa-1886-bos-mia,0.949899,holoclean_keep
2176,sched_arr_time,2:20 p.m.,0.377035,holoclean
2176,sched_dep_time,10:45 a.m.,0.337306,holoclean
2177,act_arr_time,7:10 p.m.,0.880797,holoclean_keep
2177,act_dep_time,2:59 p.m.,0.880797,holoclean_keep
2177,flight,co-62-iah-ewr,0.880470,holoclean_keep
2177,sched_arr_time,7:03 p.m.,0.426575,holoclean
2177,sched_dep_time,2:30 p.m.,0.429176,holoclean
2178,act_arr_time,11:32 a.m.,0.711235,holoclean_keep
2178,act_dep_time,8:18 a.m.,0.711235,holoclean_keep
2178,flight,co-1561-phx-iah,0.955319,holoclean_keep
2178,sched_arr_time,11:35 a.m.,0.749858,holoclean
2178,sched_dep_time,8:05 a.m.,0.753111,holoclean
2179,act_arr_time,5:00 p.m.,0.551873,holoclean_keep
2179,act_dep_time,3:04 p.m.,0.648786,holoclean_keep
2179,flight,ua-2314-atl-phl,0.897183,holoclean_keep
2179,sched_arr_time,5:00 p.m.,0.266465,holoclean
2179,sched_dep_time,2:55 p.m.,0.295056,holoclean
2180,act_arr_time,4:09 p.m.,0.551873,holoclean_keep
2180,act_dep_time,12:13 p.m.,0.551873,holoclean_keep
2180,flight,aa-446-dfw-phl,0.989312,holoclean_keep
2180,sched_arr_time,3:50 p.m.,0.978832,holoclean_keep
2180,sched_dep_time,11:50 a.m.,0.948339,holoclean_keep
2181,act_arr_time,1:14 p.m.,0.711235,holoclean_keep
2181,act_dep_time,12:06 p.m.,0.648786,holoclean_keep
2181,flight,co-1023-iah-den,0.982207,holoclean_keep
2181,sched_arr_time,1:17 p.m.,0.520708,holoclean
2181,sched_dep_time,11:40 a.m.,0.528189,holoclean
2182,act_arr_time,9:05 a.m.,0.551873,holoclean_keep
2182,act_dep_time,6:09 a.m.,0.711235,holoclean_keep
2182,flight,aa-466-iah-mia,0.985895,holoclean_keep
2182,sched_arr_time,9:20 a.m.,0.858284,holoclean_keep
2182,sched_dep_time,6:00 a.m.,0.989540,holoclean_keep
2183,act_arr_time,5:03 p.m.,0.648786,holoclean_keep
2183,act_dep_time,11:45 a.m.,0.711235,holoclean_keep
2183,flight,ua-3050-phx-clt,0.994646,holoclean_keep
2183,sched_arr_time,4:57 p.m.,0.989908,holoclean_keep
2183,sched_dep_time,11:05 a.m.,0.994922,holoclean_keep
2184,act_arr_time,10:27 a.m.,0.786986,holoclean_keep
2184,act_dep_time,6:17 a.m.,0.786986,holoclean_keep
2184,flight,co-89-iah-ewr,0.953623,holoclean_keep
2184,sched_arr_time,10:20 a.m.,0.786144,holoclean
2184,sched_dep_time,6:00 a.m.,0.790971,holoclean
2185,act_arr_time,10:56 a.m.,0.596418,holoclean_keep
2185,act_dep_time,9:01 a.m.,0.786986,holoclean_keep
2185,flight,co-1088-cle-iah,0.974120,holoclean_keep
2185,sched_arr_time,10:54 a.m.,0.757840,holoclean
2185,sched_dep_time,8:40 a.m.,0.762908,holoclean
2186,act_arr_time,11:50 a.m.,0.711235,holoclean_keep
2186,act_dep_time,10:19 a.m.,0.711235,holoclean_keep
2186,flight,aa-1664-mia-atl,0.998361,holoclean_keep
2186,sched_arr_time,12:10 p.m.,0.968779,holoclean_keep
2186,sched_dep_time,10:15 a.m.,0.988529,holoclean_keep
2187,act_arr_time,3:19 p.m.,0.480150,holoclean_keep
2187,act_dep_time,2:04 p.m.,0.513519,holoclean_keep
2187,flight,aa-1279-dfw-phx,0.987985,holoclean_keep
2187,sched_arr_time,2:35 p.m.,0.990776,holoclean_keep
2187,sched_dep_time,1:00 p.m.,0.968593,holoclean_keep
2188,act_arr_time,1:30 p.m.,0.786986,holoclean_keep
2188,act_dep_time,8:07 a.m.,0.786986,holoclean_keep
2188,flight,ua-854-sfo-iah,0.958628,holoclean_keep
2188,sched_arr_time,1:39 p.m.,0.679486,holoclean
2188,sched_dep_time,7:53 a.m.,0.459988,holoclean
2189,act_arr_time,3:21 p.m.,0.711235,holoclean_keep
2189,act_dep_time,12:56 p.m.,0.648786,holoclean_keep
2189,flight,ua-382-iad-lax,0.955043,holoclean_keep
2189,sched_arr_time,3:19 p.m.,0.410494,holoclean
2189,sched_dep_time,12:30 p.m.,0.681922,holoclean
2190,act_arr_time,2:01 p.m.,0.786986,holoclean_keep
2190,act_dep_time,12:14 p.m.,0.711235,holoclean_keep
2190,flight,aa-4344-ord-dtw,0.954714,holoclean_keep
2190,sched_arr_time,2:00 p.m.,0.256229,holoclean
2190,sched_dep_time,11:45 a.m.,0.603346,holoclean
2191,act_arr_time,5:42 p.m.,0.648786,holoclean_keep
2191,act_dep_time,2:43 p.m.,0.648786,holoclean_keep
2191,flight,ua-257-jfk-sfo,0.991625,holoclean_keep
2191,sched_arr_time,6:15 p.m.,0.953334,holoclean_keep
2191,sched_dep_time,2:30 p.m.,0.972557,holoclean_keep
2192,act_arr_time,1:14 p.m.,0.648786,holoclean_keep
2192,act_dep_time,12:08 p.m.,0.480150,holoclean_keep
2192,flight,ua-2945-phl-clt,0.984379,holoclean_keep
2192,sched_arr_time,1:45 p.m.,0.920348,holoclean_keep
2192,sched_dep_time,12:00 p.m.,0.967038,holoclean_keep
2193,act_arr_time,8:03 p.m.,0.711235,holoclean_keep
2193,act_dep_time,5:38 p.m.,0.880797,holoclean_keep
2193,flight,co-63-ewr-iah,0.985239,holoclean_keep
2193,sched_arr_time,8:22 p.m.,0.682993,holoclean
2193,sched_dep_time,5:25 p.m.,0.405223,holoclean
2194,act_arr_time,9:38 p.m.,0.648786,holoclean_keep
2194,act_dep_time,8:36 p.m.,0.786986,holoclean_keep
2194,flight,co-47-iah-lax,0.954150,holoclean_keep
2194,sched_arr_time,8:56 p.m.,0.424478,holoclean
2194,sched_dep_time,7:10 p.m.,0.675108,holoclean
2195,act_arr_time,2:46 p.m.,0.551873,holoclean_keep
2195,act_dep_time,11:06 a.m.,0.551873,holoclean_keep
2195,flight,aa-2050-ord-mia,0.985023,holoclean_keep
2195,sched_arr_time,2:45 p.m.,0.927249,holoclean_keep
2195,sched_dep_time,10:40 a.m.,0.976645,holoclean_keep
2196,act_arr_time,5:34 p.m.,0.880797,holoclean_keep
2196,act_dep_time,1:43 p.m.,0.648786,holoclean_keep
2196,flight,ua-248-phx-ord,0.963078,holoclean_keep
2196,sched_arr_time,5:15 p.m.,0.256813,holoclean
2196,sched_dep_time,12:57 p.m.,0.311292,holoclean
2197,act_arr_time,3:25 p.m.,0.648786,holoclean_keep
2197,act_dep_time,3:36 p.m.,0.786986,holoclean_keep
2197,flight,aa-4330-cvg-ord,0.955024,holoclean_keep
2197,sched_arr_time,4:00 p.m.,0.390506,holoclean
2197,sched_dep_time,3:35 p.m.,0.800185,holoclean
2198,act_arr_time,10:29 a.m.,0.480150,holoclean_keep
2198,act_dep_time,7:22 a.m.,0.711235,holoclean_keep
2198,flight,aa-1434-dfw-mco,0.980219,holoclean_keep
2198,sched_arr_time,10:35 a.m.,0.829496,holoclean_keep
2198,sched_dep_time,7:15 a.m.,0.984078,holoclean_keep
2199,act_arr_time,7:25 p.m.,0.200000,holoclean
2199,act_dep_time,6:47 p.m.,0.250000,holoclean
2199,flight,aa-1640-mia-mco,0.940732,holoclean_keep
2199,sched_arr_time,7:25 p.m.,0.941011,holoclean_keep
2199,sched_dep_time,6:30 p.m.,0.958797,holoclean_keep
2200,act_arr_time,8:43 p.m.,0.648786,holoclean_keep
2200,act_dep_time,6:56 p.m.,0.711235,holoclean_keep
2200,flight,aa-4307-ord-dtw,0.996929,holoclean_keep
2200,sched_arr_time,9:10 p.m.,0.965975,holoclean_keep
2200,sched_dep_time,6:45 p.m.,0.983971,holoclean_keep
2201,act_arr_time,12:02 a.m.,0.200000,holoclean
2201,act_dep_time,7:15 p.m.,0.200000,holoclean
2201,flight,co-1694-lax-iah,0.941810,holoclean_keep
2201,sched_arr_time,12:21 a.m. dec 02,0.615225,holoclean_keep
2202,act_arr_time,7:58 p.m.,0.786986,holoclean_keep
2202,act_dep_time,2:38 p.m.,0.711235,holoclean_keep
2202,flight,ua-843-lax-ord,0.957712,holoclean_keep
2202,sched_arr_time,7:53 p.m.,0.478788,holoclean
2202,sched_dep_time,1:55 p.m.,0.329483,holoclean
2203,act_arr_time,12:09 p.m.,0.786986,holoclean_keep
2203,act_dep_time,9:58 a.m.,0.513519,holoclean_keep
2203,flight,co-1193-ewr-mco,0.997354,holoclean_keep
2203,sched_arr_time,12:18 p.m.,0.956675,holoclean_keep
2203,sched_dep_time,9:15 a.m.,0.985519,holoclean_keep
2204,act_arr_time,7:51 a.m.,0.648786,holoclean_keep
2204,act_dep_time,6:57 a.m.,0.711235,holoclean_keep
2204,flight,aa-3842-msp-ord,0.971879,holoclean_keep
2204,sched_arr_time,7:30 a.m.,0.847198,holoclean_keep
2204,sched_dep_time,6:00 a.m.,0.989625,holoclean_keep
2205,act_arr_time,9:29 a.m.,0.551873,holoclean_keep
2205,act_dep_time,7:31 a.m.,0.596418,holoclean_keep
2205,flight,aa-643-mia-ord,0.919620,holoclean_keep
2205,sched_arr_time,9:35 a.m.,0.752318,holoclean_keep
2205,sched_dep_time,7:10 a.m.,0.985994,holoclean_keep
2206,act_arr_time,7:53 p.m.,0.786986,holoclean_keep
2206,act_dep_time,5:09 p.m.,0.711235,holoclean_keep
2206,flight,aa-1007-mia-phx,0.982141,holoclean_keep
2206,sched_arr_time,8:05 p.m.,0.568898,holoclean
2206,sched_dep_time,4:55 p.m.,0.276027,holoclean
2207,act_arr_time,6:35 p.m.,0.596418,holoclean_keep
2207,act_dep_time,4:46 p.m.,0.596418,holoclean_keep
2207,flight,ua-2906-phl-mco,0.994536,holoclean_keep
2207,sched_arr_time,6:23 p.m.,0.993019,holoclean_keep
2207,sched_dep_time,3:50 p.m.,0.979080,holoclean_keep
2208,act_arr_time,7:36 p.m.,0.786986,holoclean_keep
2208,act_dep_time,4:37 p.m.,0.786986,holoclean_keep
2208,flight,ua-938-den-ord,0.956239,holoclean_keep
2208,sched_arr_time,7:35 p.m.,0.691779,holoclean
2208,sched_dep_time,4:16 p.m.,0.695644,holoclean
2209,act_arr_time,9:49 p.m.,0.786986,holoclean_keep
2209,act_dep_time,8:23 p.m.,0.880797,holoclean_keep
2209,flight,aa-1221-mco-ord,0.994680,holoclean_keep
2209,sched_arr_time,9:45 p.m.,0.980721,holoclean_keep
2209,sched_dep_time,8:00 p.m.,0.990985,holoclean_keep
2210,act_arr_time,6:34 p.m.,0.880797,holoclean_keep
2210,act_dep_time,10:37 a.m.,0.711235,holoclean_keep
2210,flight,co-16-lax-ewr,0.989776,holoclean_keep
2210,sched_arr_time,6:44 p.m.,0.794259,holoclean
2210,sched_dep_time,10:25 a.m.,0.623781,holoclean
2211,act_arr_time,10:45 a.m.,0.480150,holoclean_keep
2211,act_dep_time,7:31 a.m.,0.596418,holoclean_keep
2211,flight,ua-2515-dfw-clt,0.937343,holoclean_keep
2211,sched_arr_time,10:31 a.m.,0.253248,holoclean
2211,sched_dep_time,7:05 a.m.,0.419302,holoclean
2212,act_arr_time,3:04 p.m.,0.711235,holoclean_keep
2212,act_dep_time,11:02 a.m.,0.648786,holoclean_keep
2212,flight,aa-400-dfw-jfk,0.985923,holoclean_keep
2212,sched_arr_time,2:59 p.m.,0.858536,holoclean_keep
2212,sched_dep_time,10:40 a.m.,0.983339,holoclean_keep
2213,act_arr_time,4:23 p.m.,0.648786,holoclean_keep
2213,act_dep_time,1:48 p.m.,0.711235,holoclean_keep
2213,flight,ua-664-ord-phl,0.995935,holoclean_keep
2213,sched_arr_time,4:31 p.m.,0.951115,holoclean_keep
2213,sched_dep_time,1:33 p.m.,0.983455,holoclean_keep
2214,act_arr_time,2:52 p.m.,0.596418,holoclean_keep
2214,act_dep_time,12:42 p.m.,0.513519,holoclean_keep
2214,flight,aa-3756-ord-slc,0.993422,holoclean_keep
2214,sched_arr_time,2:45 p.m.,0.974942,holoclean_keep
2214,sched_dep_time,12:15 p.m.,0.976878,holoclean_keep
2215,act_arr_time,4:17 p.m.,0.786986,holoclean_keep
2215,act_dep_time,2:01 p.m.,0.711235,holoclean_keep
2215,flight,ua-37-ewr-mco,0.955790,holoclean_keep
2215,sched_arr_time,4:17 p.m.,0.731147,holoclean
2215,sched_dep_time,1:29 p.m.,0.413001,holoclean
2216,act_arr_time,5:42 a.m. (estimated runway),0.250000,holoclean
2216,act_dep_time,12:10 a.m. (estimated runway),0.333333,holoclean
2216,flight,aa-1522-sfo-ord,0.941915,holoclean_keep
2216,sched_arr_time,5:50 a.m. dec 02,0.572926,holoclean_keep
2216,sched_dep_time,11:55 p.m.,0.993564,holoclean_keep
2217,act_arr_time,11:56 p.m.,0.166667,holoclean
2217,act_dep_time,4:25 p.m.,0.166667,holoclean
2217,flight,ua-233-lax-jfk,0.934816,holoclean_keep
2217,sched_arr_time,12:29 a.m. dec 02,0.623509,holoclean_keep
2217,sched_dep_time,4:25 p.m.,0.961085,holoclean_keep
2218,act_arr_time,11:49 p.m.,0.200000,holoclean
2218,act_dep_time,9:06 p.m.,0.250000,holoclean
2218,flight,aa-3823-lax-den,0.937640,holoclean_keep
2218,sched_arr_time,12:15 a.m. dec 02,0.579806,holoclean_keep
2218,sched_dep_time,9:00 p.m.,0.957705,holoclean_keep
2219,act_arr_time,11:35 p.m.,0.250000,holoclean
2219,act_dep_time,8:29 p.m.,0.250000,holoclean
2219,flight,aa-2312-dfw-dtw,0.938854,holoclean_keep
2219,sched_arr_time,11:50 p.m.,0.970411,holoclean_keep
2219,sched_dep_time,8:25 p.m.,0.961087,holoclean_keep
2220,act_arr_time,10:04 a.m.,0.513519,holoclean_keep
2220,act_dep_time,7:23 a.m.,0.711235,holoclean_keep
2220,flight,aa-1165-jfk-mia,0.997193,holoclean_keep
2220,sched_arr_time,10:34 a.m.,0.934713,holoclean_keep
2220,sched_dep_time,6:59 a.m.,0.988060,holoclean_keep
2221,act_arr_time,11:44 a.m.,0.596418,holoclean_keep
2221,act_dep_time,8:52 a.m.,0.711235,holoclean_keep
2221,flight,aa-431-mia-sfo,0.995319,holoclean_keep
2221,sched_arr_time,11:50 a.m.,0.951591,holoclean_keep
2221,sched_dep_time,8:35 a.m.,0.988683,holoclean_keep
2222,act_arr_time,9:13 a.m.,0.880797,holoclean_keep
2222,act_dep_time,8:37 a.m.,0.786986,holoclean_keep
2222,flight,ua-3373-iad-phl,0.955832,holoclean_keep
2222,sched_arr_time,9:24 a.m.,0.691850,holoclean
2222,sched_dep_time,8:29 a.m.,0.676202,holoclean
2223,act_arr_time,3:26 p.m.,0.166667,holoclean
2223,act_dep_time,11:54 a.m.,0.111111,holoclean
2223,flight,aa-649-ord-sna,0.950189,holoclean_keep
2223,sched_arr_time,3:50 p.m.,0.973522,holoclean_keep
2223,sched_dep_time,1:30 p.m.,0.945833,holoclean_keep
2224,act_arr_time,4:59 p.m.,0.880797,holoclean_keep
2224,act_dep_time,3:17 p.m.,0.880797,holoclean_keep
2224,flight,co-1250-mia-iah,0.954852,holoclean_keep
2224,sched_arr_time,4:48 p.m.,0.431073,holoclean
2224,sched_dep_time,2:53 p.m.,0.423993,holoclean
2225,act_arr_time,8:45 a.m.,0.711235,holoclean_keep
2225,act_dep_time,7:41 a.m.,0.786986,holoclean_keep
2225,flight,ua-6273-yyc-sfo,0.958487,holoclean_keep
2225,sched_arr_time,not available,0.371603,holoclean
2225,sched_dep_time,7:35 a.m.,0.364635,holoclean
2226,act_arr_time,5:21 a.m.,0.333333,holoclean
2226,act_dep_time,11/30/2011 11:34 p.m.,0.333333,holoclean
2226,flight,ua-828-sfo-ord,0.947143,holoclean_keep
2226,sched_arr_time,5:11 a.m.dec 02,0.664107,holoclean_keep
2226,sched_dep_time,11:08 p.m.,0.995557,holoclean_keep
2227,act_arr_time,6:09 p.m.,0.166667,holoclean
2227,act_dep_time,3:52 p.m.,0.166667,holoclean
2227,flight,co-4888-iah-dal,0.967731,holoclean_keep
2227,sched_arr_time,6:40 p.m.,0.915688,holoclean_keep
2227,sched_dep_time,5:30 p.m.,0.977868,holoclean_keep
2228,act_arr_time,8:02 a.m.,0.711235,holoclean_keep
2228,act_dep_time,1:45 p.m.,0.648786,holoclean_keep
2228,flight,ua-858-pvg-sfo,0.957981,holoclean_keep
2228,sched_arr_time,8:27 a.m.,0.389701,holoclean
2228,sched_dep_time,1:45 p.m.,0.598090,holoclean
2229,act_arr_time,2:02 p.m.,0.648786,holoclean_keep
2229,act_dep_time,11:47 a.m.,0.711235,holoclean_keep
2229,flight,ua-2704-dtw-phx,0.990442,holoclean_keep
2229,sched_arr_time,1:40 p.m.,0.628494,holoclean
2229,sched_dep_time,11:15 a.m.,0.441332,holoclean
2230,act_arr_time,9:11 p.m.,0.648786,holoclean_keep
2230,act_dep_time,8:40 p.m.,0.786986,holoclean_keep
2230,flight,aa-3063-slc-lax,0.954054,holoclean_keep
2230,sched_arr_time,9:20 p.m.,0.381950,holoclean
2230,sched_dep_time,8:20 p.m.,0.362444,holoclean
2231,act_arr_time,4:24 p.m.,0.551873,holoclean_keep
2231,act_dep_time,3:04 p.m.,0.711235,holoclean_keep
2231,flight,ua-2708-ewr-clt,0.972024,holoclean_keep
2231,sched_arr_time,4:53 p.m.,0.242264,holoclean
2231,sched_dep_time,2:55 p.m.,0.263291,holoclean
2232,act_arr_time,7:10 p.m.,0.786986,holoclean_keep
2232,act_dep_time,2:59 p.m.,0.786986,holoclean_keep
2232,flight,ua-62-iah-ewr,0.881123,holoclean_keep
2232,sched_arr_time,7:03 p.m.,0.418390,holoclean
2232,sched_dep_time,2:30 p.m.,0.419040,holoclean
2233,act_arr_time,12:12 p.m.,0.711235,holoclean_keep
2233,act_dep_time,9:43 a.m.,0.711235,holoclean_keep
2233,flight,ua-1500-iah-gua,0.956051,holoclean_keep
2233,sched_arr_time,11:45 a.m.,0.613095,holoclean
2233,sched_dep_time,8:55 a.m.,0.639097,holoclean
2234,act_arr_time,3:36 p.m.,0.880797,holoclean_keep
2234,act_dep_time,2:44 p.m.,0.880797,holoclean_keep
2234,flight,aa-3804-phl-ord,0.994948,holoclean_keep
2234,sched_arr_time,4:05 p.m.,0.982807,holoclean_keep
2234,sched_dep_time,2:35 p.m.,0.972742,holoclean_keep
2235,act_arr_time,5:34 p.m.,0.648786,holoclean_keep
2235,act_dep_time,3:28 p.m.,0.551873,holoclean_keep
2235,flight,aa-1917-jfk-mco,0.930857,holoclean_keep
2235,sched_arr_time,5:55 p.m.,0.800555,holoclean_keep
2235,sched_dep_time,2:55 p.m.,0.979032,holoclean_keep
2236,act_arr_time,11:07 a.m.,0.480150,holoclean_keep
2236,act_dep_time,7:23 a.m.,0.648786,holoclean_keep
2236,flight,aa-2268-phx-ord,0.977637,holoclean_keep
2236,sched_arr_time,11:35 a.m.,0.934868,holoclean_keep
2236,sched_dep_time,7:15 a.m.,0.975356,holoclean_keep
2237,act_arr_time,1:43 p.m.,0.711235,holoclean_keep
2237,act_dep_time,12:11 p.m.,0.786986,holoclean_keep
2237,flight,aa-4277-cvg-jfk,0.998001,holoclean_keep
2237,sched_arr_time,2:15 p.m.,0.980663,holoclean_keep
2237,sched_dep_time,12:10 p.m.,0.996651,holoclean_keep
2238,act_arr_time,11:00 a.m.,0.711235,holoclean_keep
2238,act_dep_time,8:05 a.m.,0.648786,holoclean_keep
2238,flight,aa-2957-dfw-cvg,0.998567,holoclean_keep
2238,sched_arr_time,11:05 a.m.,0.958189,holoclean_keep
2238,sched_dep_time,7:55 a.m.,0.989785,holoclean_keep
2239,act_arr_time,12:09 p.m.,0.786986,holoclean_keep
2239,act_dep_time,9:05 a.m.,0.551873,holoclean_keep
2239,flight,ua-37-edi-ewr,0.969320,holoclean_keep
2239,sched_arr_time,11:53 a.m.,0.430604,holoclean
2239,sched_dep_time,9:05 a.m.,0.248395,holoclean
2240,act_arr_time,3:01 p.m.,0.513519,holoclean_keep
2240,act_dep_time,1:20 p.m.,0.551873,holoclean_keep
2240,flight,aa-789-ord-den,0.993129,holoclean_keep
2240,sched_arr_time,2:35 p.m.,0.991018,holoclean_keep
2240,sched_dep_time,1:05 p.m.,0.969285,holoclean_keep
2241,act_arr_time,10:10 a.m.,0.711235,holoclean_keep
2241,act_dep_time,8:56 a.m.,0.711235,holoclean_keep
2241,flight,aa-415-bos-ord,0.952608,holoclean_keep
2241,sched_arr_time,10:40 a.m.,0.629261,holoclean
2241,sched_dep_time,8:35 a.m.,0.646785,holoclean
2242,act_arr_time,6:43 p.m.,0.711235,holoclean_keep
2242,act_dep_time,3:38 p.m.,0.711235,holoclean_keep
2242,flight,aa-85-jfk-sfo,0.999069,holoclean_keep
2242,sched_arr_time,6:30 p.m.,0.991379,holoclean_keep
2242,sched_dep_time,3:05 p.m.,0.995657,holoclean_keep
2243,act_arr_time,7:57 a.m.,0.596418,holoclean_keep
2243,act_dep_time,8:04 a.m.,0.786986,holoclean_keep
2243,flight,aa-3979-cvg-ord,0.998220,holoclean_keep
2243,sched_arr_time,8:00 a.m.,0.965985,holoclean_keep
2243,sched_dep_time,7:30 a.m.,0.989931,holoclean_keep
2244,act_arr_time,4:56 p.m.,0.786986,holoclean_keep
2244,act_dep_time,11:41 a.m.,0.711235,holoclean_keep
2244,flight,aa-1544-san-ord,0.955460,holoclean_keep
2244,sched_arr_time,5:25 p.m.,0.704640,holoclean
2244,sched_dep_time,11:25 a.m.,0.424134,holoclean
2245,act_arr_time,6:09 p.m.,0.648786,holoclean_keep
2245,act_dep_time,4:12 p.m.,0.711235,holoclean_keep
2245,flight,aa-3786-iah-ord,0.985895,holoclean_keep
2245,sched_arr_time,6:40 p.m.,0.925702,holoclean_keep
2245,sched_dep_time,4:00 p.m.,0.985082,holoclean_keep
2246,act_arr_time,2:27 p.m.,0.711235,holoclean_keep
2246,act_dep_time,11:52 a.m.,0.786986,holoclean_keep
2246,flight,aa-271-mia-lax,0.995179,holoclean_keep
2246,sched_arr_time,2:25 p.m.,0.991699,holoclean_keep
2246,sched_dep_time,11:35 a.m.,0.995611,holoclean_keep
2247,act_arr_time,11:06 a.m.,0.480150,holoclean_keep
2247,act_dep_time,7:40 a.m.,0.648786,holoclean_keep
2247,flight,aa-2525-dfw-mia,0.987475,holoclean_keep
2247,sched_arr_time,11:10 a.m.,0.894016,holoclean_keep
2247,sched_dep_time,7:25 a.m.,0.976642,holoclean_keep
2248,act_arr_time,5:26 p.m.,0.880797,holoclean_keep
2248,act_dep_time,4:02 p.m.,0.880797,holoclean_keep
2248,flight,co-50-cle-ewr,0.954393,holoclean_keep
2248,sched_arr_time,4:49 p.m.,0.413352,holoclean
2248,sched_dep_time,2:55 p.m.,0.409014,holoclean
2249,act_arr_time,6:17 p.m.,0.648786,holoclean_keep
2249,act_dep_time,11:55 a.m.,0.711235,holoclean_keep
2249,flight,ua-3099-phx-phl,0.994699,holoclean_keep
2249,sched_arr_time,6:17 p.m.,0.991476,holoclean_keep
2249,sched_dep_time,11:55 a.m.,0.996044,holoclean_keep
2250,act_arr_time,12:48 p.m.,0.596418,holoclean_keep
2250,act_dep_time,10:55 a.m.,0.711235,holoclean_keep
2250,flight,aa-4198-ord-cle,0.984049,holoclean_keep
2250,sched_arr_time,12:55 p.m.,0.919974,holoclean_keep
2250,sched_dep_time,10:40 a.m.,0.989863,holoclean_keep
2251,act_arr_time,7:32 a.m.,0.596418,holoclean_keep
2251,act_dep_time,6:58 a.m.,0.711235,holoclean_keep
2251,flight,aa-404-mia-mco,0.994399,holoclean_keep
2251,sched_arr_time,7:45 a.m.,0.966212,holoclean_keep
2251,sched_dep_time,6:45 a.m.,0.995388,holoclean_keep
2252,act_arr_time,6:36 p.m.,0.786986,holoclean_keep
2252,act_dep_time,4:15 p.m.,0.648786,holoclean_keep
2252,flight,co-45-ewr-mia,0.962661,holoclean_keep
2252,sched_arr_time,7:05 p.m.,0.908384,holoclean_keep
2253,act_arr_time,6:19 a.m.,0.596418,holoclean_keep
2253,act_dep_time,6:11 a.m.,0.711235,holoclean_keep
2253,flight,aa-3809-phx-lax,0.989013,holoclean_keep
2253,sched_arr_time,6:40 a.m.,0.890272,holoclean_keep
2253,sched_dep_time,6:00 a.m.,0.996473,holoclean_keep
2254,act_arr_time,11:12 a.m.,0.513519,holoclean_keep
2254,act_dep_time,7:40 a.m.,0.711235,holoclean_keep
2254,flight,aa-59-jfk-sfo,0.980218,holoclean_keep
2254,sched_arr_time,10:45 a.m.,0.870032,holoclean_keep
2254,sched_dep_time,7:10 a.m.,0.988991,holoclean_keep
2255,act_arr_time,3:14 p.m.,0.711235,holoclean_keep
2255,act_dep_time,7:32 a.m.,0.648786,holoclean_keep
2255,flight,aa-222-lax-bos,0.987309,holoclean_keep
2255,sched_arr_time,3:30 p.m.,0.906596,holoclean_keep
2255,sched_dep_time,7:10 a.m.,0.987514,holoclean_keep
2256,act_arr_time,9:22 a.m.,0.786986,holoclean_keep
2256,act_dep_time,7:16 a.m.,0.786986,holoclean_keep
2256,flight,aa-3859-iah-ord,0.991127,holoclean_keep
2256,sched_arr_time,9:30 a.m.,0.461445,holoclean_keep
2256,sched_dep_time,7:10 a.m.,0.995958,holoclean_keep
2257,act_arr_time,9:14 a.m.,0.648786,holoclean_keep
2257,act_dep_time,6:54 a.m.,0.711235,holoclean_keep
2257,flight,aa-518-mia-jfk,0.996909,holoclean_keep
2257,sched_arr_time,8:54 a.m.,0.572762,holoclean_keep
2257,sched_dep_time,6:40 a.m.,0.986714,holoclean_keep
2258,act_arr_time,10:24 p.m.,0.596418,holoclean_keep
2258,act_dep_time,7:42 p.m.,0.786986,holoclean_keep
2258,flight,co-1586-iah-mco,0.994084,holoclean_keep
2258,sched_arr_time,9:40 p.m.,0.873242,holoclean_keep
2258,sched_dep_time,7:00 p.m.,0.953676,holoclean_keep
2259,act_arr_time,9:44 a.m.,0.551873,holoclean_keep
2259,act_dep_time,8:51 a.m.,0.711235,holoclean_keep
2259,flight,ua-3925-iad-orf,0.991778,holoclean_keep
2259,sched_arr_time,9:34 a.m.,0.817823,holoclean_keep
2259,sched_dep_time,8:41 a.m.,0.962950,holoclean_keep
2260,act_arr_time,10:28 p.m.,0.551873,holoclean_keep
2260,act_dep_time,7:59 p.m.,0.711235,holoclean_keep
2260,flight,aa-1733-ord-phx,0.993386,holoclean_keep
2260,sched_arr_time,10:15 p.m.,0.720445,holoclean_keep
2260,sched_dep_time,7:45 p.m.,0.955303,holoclean_keep
2261,act_arr_time,6:55 a.m.,0.513519,holoclean_keep
2261,act_dep_time,11:57 p.m.,0.596418,holoclean_keep
2261,flight,aa-204-lax-mco,0.996281,holoclean_keep
2261,sched_arr_time,6:30 a.m.,0.759398,holoclean_keep
2261,sched_dep_time,11:25 p.m.,0.988231,holoclean_keep
2262,act_arr_time,6:23 p.m.,0.711235,holoclean_keep
2262,act_dep_time,4:10 p.m.,0.711235,holoclean_keep
2262,flight,ua-2726-fll-phl,0.992232,holoclean_keep
2262,sched_arr_time,6:34 p.m.,0.744691,holoclean_keep
2262,sched_dep_time,4:00 p.m.,0.977670,holoclean_keep
2263,act_arr_time,9:08 a.m.,0.786986,holoclean_keep
2263,act_dep_time,7:56 a.m.,0.880797,holoclean_keep
2263,flight,co-52-iah-lax,0.998238,holoclean_keep
2263,sched_arr_time,9:11 a.m.,0.857024,holoclean_keep
2263,sched_dep_time,7:35 a.m.,0.990653,holoclean_keep
2264,act_arr_time,9:29 a.m.,0.711235,holoclean_keep
2264,act_dep_time,7:25 a.m.,0.648786,holoclean_keep
2264,flight,aa-3468-cvg-mia,0.994082,holoclean_keep
2264,sched_arr_time,9:45 a.m.,0.557536,holoclean_keep
2264,sched_dep_time,7:00 a.m.,0.984138,holoclean_keep
2265,act_arr_time,7:37 p.m.,0.711235,holoclean_keep
2265,act_dep_time,4:29 p.m.,0.786986,holoclean_keep
2265,flight,aa-484-dfw-mia,0.994289,holoclean_keep
2265,sched_arr_time,7:26 p.m.,0.655461,holoclean_keep
2265,sched_dep_time,4:15 p.m.,0.964479,holoclean_keep
2266,act_arr_time,1:11 p.m.,0.648786,holoclean_keep
2266,act_dep_time,10:10 a.m.,0.648786,holoclean_keep
2266,flight,aa-616-dfw-dtw,0.989728,holoclean_keep
2266,sched_arr_time,12:12 p.m.,0.552173,holoclean_keep
2266,sched_dep_time,9:05 a.m.,0.988149,holoclean_keep
2267,act_arr_time,3:59 p.m.,0.711235,holoclean_keep
2267,act_dep_time,12:13 p.m.,0.711235,holoclean_keep
2267,flight,aa-446-dfw-phl,0.997683,holoclean_keep
2267,sched_arr_time,3:33 p.m.,0.795954,holoclean_keep
2267,sched_dep_time,11:50 a.m.,0.990202,holoclean_keep
2268,act_arr_time,1:07 p.m.,0.711235,holoclean_keep
2268,act_dep_time,12:06 p.m.,0.711235,holoclean_keep
2268,flight,co-1023-iah-den,0.993819,holoclean_keep
2268,sched_arr_time,12:51 p.m.,0.891318,holoclean_keep
2268,sched_dep_time,11:40 a.m.,0.988713,holoclean_keep
2269,act_arr_time,8:50 a.m.,0.648786,holoclean_keep
2269,act_dep_time,6:08 a.m.,0.711235,holoclean_keep
2269,flight,aa-466-iah-mia,0.986638,holoclean_keep
2269,sched_arr_time,8:51 a.m.,0.477403,holoclean_keep
2269,sched_dep_time,6:00 a.m.,0.994038,holoclean_keep
2270,act_arr_time,4:57 p.m.,0.648786,holoclean_keep
2270,act_dep_time,11:45 a.m.,0.711235,holoclean_keep
2270,flight,ua-3050-phx-clt,0.994163,holoclean_keep
2270,sched_arr_time,4:37 p.m.,0.800361,holoclean_keep
2270,sched_dep_time,11:05 a.m.,0.996084,holoclean_keep
2271,act_arr_time,10:58 a.m.,0.711235,holoclean_keep
2271,act_dep_time,8:05 a.m.,0.711235,holoclean_keep
2271,flight,aa-2957-dfw-cvg,0.993926,holoclean_keep
2271,sched_arr_time,10:55 a.m.,0.641606,holoclean_keep
2271,sched_dep_time,7:55 a.m.,0.994893,holoclean_keep
2272,act_arr_time,11:50 a.m.,0.711235,holoclean_keep
2272,act_dep_time,10:19 a.m.,0.711235,holoclean_keep
2272,flight,aa-1664-mia-atl,0.998063,holoclean_keep
2272,sched_arr_time,12:10 p.m.,0.485054,holoclean
2272,sched_dep_time,10:15 a.m.,0.989549,holoclean_keep
2273,act_arr_time,7:59 a.m.,0.596418,holoclean_keep
2273,act_dep_time,8:04 a.m.,0.786986,holoclean_keep
2273,flight,aa-3979-cvg-ord,0.997989,holoclean_keep
2273,sched_arr_time,7:50 a.m.,0.624722,holoclean_keep
2273,sched_dep_time,7:30 a.m.,0.985485,holoclean_keep
2274,act_arr_time,3:13 p.m.,0.648786,holoclean_keep
2274,act_dep_time,2:04 p.m.,0.648786,holoclean_keep
2274,flight,aa-1279-dfw-phx,0.991790,holoclean_keep
2274,sched_arr_time,2:35 p.m.,0.562751,holoclean
2274,sched_dep_time,1:00 p.m.,0.993740,holoclean_keep
2275,act_arr_time,7:35 a.m.,0.513519,holoclean_keep
2275,act_dep_time,6:57 a.m.,0.711235,holoclean_keep
2275,flight,aa-404-mia-mco,0.996370,holoclean_keep
2275,sched_arr_time,7:25 a.m.,0.759402,holoclean_keep
2275,sched_dep_time,6:45 a.m.,0.989272,holoclean_keep
2276,act_arr_time,2:40 p.m.,0.450853,holoclean_keep
2276,act_dep_time,12:42 p.m.,0.480150,holoclean_keep
2276,flight,aa-3756-ord-slc,0.985592,holoclean_keep
2276,sched_arr_time,2:35 p.m.,0.772290,holoclean_keep
2276,sched_dep_time,12:15 p.m.,0.945695,holoclean_keep
2277,act_arr_time,3:07 p.m.,0.711235,holoclean_keep
2277,act_dep_time,12:56 p.m.,0.648786,holoclean_keep
2277,flight,ua-382-iad-lax,0.993752,holoclean_keep
2277,sched_arr_time,2:48 p.m.,0.873577,holoclean_keep
2277,sched_dep_time,12:30 p.m.,0.983662,holoclean_keep
2278,act_arr_time,5:27 p.m.,0.711235,holoclean_keep
2278,act_dep_time,2:42 p.m.,0.711235,holoclean_keep
2278,flight,ua-257-jfk-sfo,0.992834,holoclean_keep
2278,sched_arr_time,5:40 p.m.,0.803008,holoclean_keep
2278,sched_dep_time,2:30 p.m.,0.987434,holoclean_keep
2279,act_arr_time,1:08 p.m.,0.648786,holoclean_keep
2279,act_dep_time,12:07 p.m.,0.596418,holoclean_keep
2279,flight,ua-2945-phl-clt,0.996390,holoclean_keep
2279,sched_arr_time,1:35 p.m.,0.799639,holoclean_keep
2279,sched_dep_time,12:00 p.m.,0.990252,holoclean_keep
2280,act_arr_time,7:43 p.m.,0.711235,holoclean_keep
2280,act_dep_time,5:38 p.m.,0.711235,holoclean_keep
2280,flight,co-63-ewr-iah,0.985696,holoclean_keep
2280,sched_arr_time,8:04 p.m.,0.793733,holoclean_keep
2280,sched_dep_time,5:25 p.m.,0.988996,holoclean_keep
2281,act_arr_time,10:43 a.m.,0.551873,holoclean_keep
2281,act_dep_time,7:39 a.m.,0.648786,holoclean_keep
2281,flight,aa-2525-dfw-mia,0.991259,holoclean_keep
2281,sched_arr_time,10:43 a.m.,0.607251,holoclean_keep
2281,sched_dep_time,7:25 a.m.,0.983332,holoclean_keep
2282,act_arr_time,8:46 p.m.,0.648786,holoclean_keep
2282,act_dep_time,7:27 p.m.,0.786986,holoclean_keep
2282,flight,co-47-iah-lax,0.993587,holoclean_keep
2282,sched_arr_time,8:46 p.m.,0.942138,holoclean_keep
2282,sched_dep_time,7:27 p.m.,0.956106,holoclean_keep
2283,act_arr_time,2:21 p.m.,0.711235,holoclean_keep
2283,act_dep_time,11:52 a.m.,0.786986,holoclean_keep
2283,flight,aa-271-mia-lax,0.994612,holoclean_keep
2283,sched_arr_time,1:57 p.m.,0.615004,holoclean_keep
2283,sched_dep_time,11:35 a.m.,0.994799,holoclean_keep
2284,act_arr_time,2:39 p.m.,0.648786,holoclean_keep
2284,act_dep_time,11:05 a.m.,0.711235,holoclean_keep
2284,flight,aa-2050-ord-mia,0.993107,holoclean_keep
2284,sched_arr_time,2:10 p.m.,0.549553,holoclean_keep
2284,sched_dep_time,10:40 a.m.,0.994889,holoclean_keep
2285,act_arr_time,3:26 p.m.,0.513519,holoclean_keep
2285,act_dep_time,3:36 p.m.,0.513519,holoclean_keep
2285,flight,aa-4330-cvg-ord,0.976947,holoclean_keep
2285,sched_arr_time,3:50 p.m.,0.812659,holoclean_keep
2285,sched_dep_time,3:35 p.m.,0.874507,holoclean_keep
2286,act_arr_time,10:29 a.m.,0.648786,holoclean_keep
2286,act_dep_time,7:21 a.m.,0.711235,holoclean_keep
2286,flight,aa-1434-dfw-mco,0.996609,holoclean_keep
2286,sched_arr_time,10:18 a.m.,0.536022,holoclean_keep
2286,sched_dep_time,7:15 a.m.,0.996249,holoclean_keep
2287,act_arr_time,7:25 p.m.,0.648786,holoclean_keep
2287,act_dep_time,6:47 p.m.,0.711235,holoclean_keep
2287,flight,aa-1640-mia-mco,0.993860,holoclean_keep
2287,sched_arr_time,7:08 p.m.,0.719621,holoclean_keep
2287,sched_dep_time,6:30 p.m.,0.968836,holoclean_keep
2288,act_arr_time,8:38 p.m.,0.711235,holoclean_keep
2288,act_dep_time,6:56 p.m.,0.786986,holoclean_keep
2288,flight,aa-4307-ord-dtw,0.998632,holoclean_keep
2288,sched_arr_time,9:00 p.m.,0.668905,holoclean_keep
2288,sched_dep_time,6:45 p.m.,0.988311,holoclean_keep
2289,act_arr_time,3:04 p.m.,0.648786,holoclean_keep
2289,act_dep_time,12:12 p.m.,0.513519,holoclean_keep
2289,flight,aa-3-jfk-lax,0.965837,holoclean_keep
2289,sched_arr_time,2:47 p.m.,0.511338,holoclean_keep
2289,sched_dep_time,12:00 p.m.,0.964663,holoclean_keep
2290,act_arr_time,12:02 a.m.,0.648786,holoclean_keep
2290,act_dep_time,7:25 p.m.,0.648786,holoclean_keep
2290,flight,co-1694-lax-iah,0.994002,holoclean_keep
2290,sched_arr_time,11:52 p.m.,0.801024,holoclean_keep
2291,act_arr_time,12:02 p.m.,0.786986,holoclean_keep
2291,act_dep_time,9:57 a.m.,0.648786,holoclean_keep
2291,flight,co-1193-ewr-mco,0.993996,holoclean_keep
2291,sched_arr_time,12:08 p.m.,0.739191,holoclean_keep
2291,sched_dep_time,9:15 a.m.,0.997081,holoclean_keep
2292,act_arr_time,7:49 a.m.,0.711235,holoclean_keep
2292,act_dep_time,6:56 a.m.,0.711235,holoclean_keep
2292,flight,aa-3842-msp-ord,0.982923,holoclean_keep
2292,sched_arr_time,6:50 a.m.,0.538303,holoclean_keep
2292,sched_dep_time,6:00 a.m.,0.987461,holoclean_keep
2293,act_arr_time,9:26 a.m.,0.551873,holoclean_keep
2293,act_dep_time,7:31 a.m.,0.711235,holoclean_keep
2293,flight,aa-643-mia-ord,0.973951,holoclean_keep
2293,sched_arr_time,9:00 a.m.,0.560364,holoclean_keep
2293,sched_dep_time,7:10 a.m.,0.994070,holoclean_keep
2294,act_arr_time,7:43 p.m.,0.786986,holoclean_keep
2294,act_dep_time,5:08 p.m.,0.711235,holoclean_keep
2294,flight,aa-1007-mia-phx,0.997694,holoclean_keep
2294,sched_arr_time,7:38 p.m.,0.777089,holoclean_keep
2294,sched_dep_time,4:55 p.m.,0.981435,holoclean_keep
2295,act_arr_time,6:34 p.m.,0.596418,holoclean_keep
2295,act_dep_time,4:45 p.m.,0.480150,holoclean_keep
2295,flight,ua-2906-phl-mco,0.988836,holoclean_keep
2295,sched_arr_time,6:00 p.m.,0.652055,holoclean_keep
2295,sched_dep_time,3:50 p.m.,0.988461,holoclean_keep
2296,act_arr_time,9:47 p.m.,0.786986,holoclean_keep
2296,act_dep_time,8:23 p.m.,0.880797,holoclean_keep
2296,flight,aa-1221-mco-ord,0.994360,holoclean_keep
2296,sched_arr_time,9:25 p.m.,0.630820,holoclean_keep
2296,sched_dep_time,8:00 p.m.,0.986997,holoclean_keep
2297,act_arr_time,2:58 p.m.,0.424926,holoclean_keep
2297,act_dep_time,11:01 a.m.,0.450853,holoclean_keep
2297,flight,aa-400-dfw-jfk,0.950757,holoclean_keep
2297,sched_arr_time,2:35 p.m.,0.629043,holoclean_keep
2297,sched_dep_time,10:40 a.m.,0.875137,holoclean_keep
2298,act_arr_time,4:20 p.m.,0.648786,holoclean_keep
2298,act_dep_time,1:48 p.m.,0.711235,holoclean_keep
2298,flight,ua-664-ord-phl,0.995184,holoclean_keep
2298,sched_arr_time,4:20 p.m.,0.638887,holoclean_keep
2298,sched_dep_time,1:33 p.m.,0.979494,holoclean_keep
2299,act_arr_time,4:06 p.m.,0.711235,holoclean_keep
2299,act_dep_time,2:01 p.m.,0.648786,holoclean_keep
2299,flight,ua-37-ewr-mco,0.997340,holoclean_keep
2299,sched_arr_time,3:55 p.m.,0.857580,holoclean_keep
2299,sched_dep_time,1:29 p.m.,0.974006,holoclean_keep
2300,act_arr_time,12:19 a.m.,0.551873,holoclean_keep
2300,act_dep_time,4:35 p.m.,0.596418,holoclean_keep
2300,flight,ua-233-lax-jfk,0.997470,holoclean_keep
2300,sched_arr_time,12:09 a.m.,0.778275,holoclean_keep
2300,sched_dep_time,4:25 p.m.,0.978755,holoclean_keep
2301,act_arr_time,12:01 a.m.,0.648786,holoclean_keep
2301,act_dep_time,9:16 p.m.,0.711235,holoclean_keep
2301,flight,aa-3823-lax-den,0.993631,holoclean_keep
2301,sched_arr_time,12:05 a.m.,0.776217,holoclean_keep
2301,sched_dep_time,9:00 p.m.,0.978029,holoclean_keep
2302,act_arr_time,11:35 p.m.,0.711235,holoclean_keep
2302,act_dep_time,8:29 p.m.,0.711235,holoclean_keep
2302,flight,aa-2312-dfw-dtw,0.993779,holoclean_keep
2302,sched_arr_time,11:31 p.m.,0.731775,holoclean_keep
2302,sched_dep_time,8:25 p.m.,0.970585,holoclean_keep
2303,act_arr_time,9:45 a.m.,0.381094,holoclean_keep
2303,act_dep_time,7:22 a.m.,0.513519,holoclean_keep
2303,flight,aa-1165-jfk-mia,0.859002,holoclean_keep
2303,sched_arr_time,9:25 a.m.,0.465703,holoclean_keep
2303,sched_dep_time,6:59 a.m.,0.819573,holoclean_keep
2304,act_arr_time,11:33 a.m.,0.596418,holoclean_keep
2304,act_dep_time,8:51 a.m.,0.711235,holoclean_keep
2304,flight,aa-431-mia-sfo,0.994764,holoclean_keep
2304,sched_arr_time,11:22 a.m.,0.601761,holoclean_keep
2304,sched_dep_time,8:35 a.m.,0.985219,holoclean_keep
2305,act_arr_time,3:40 p.m.,0.596418,holoclean_keep
2305,act_dep_time,1:40 p.m.,0.513519,holoclean_keep
2305,flight,aa-649-ord-sna,0.991945,holoclean_keep
2305,sched_arr_time,3:30 p.m.,0.833574,holoclean_keep
2305,sched_dep_time,1:30 p.m.,0.963455,holoclean_keep
2306,act_arr_time,5:21 a.m.,0.786986,holoclean_keep
2306,act_dep_time,11:35 p.m.,0.786986,holoclean_keep
2306,flight,ua-828-sfo-ord,0.993950,holoclean_keep
2306,sched_arr_time,5:08 a.m.,0.809805,holoclean_keep
2306,sched_dep_time,11:08 p.m.,0.997735,holoclean_keep
2307,act_arr_time,6:56 p.m.,0.596418,holoclean_keep
2307,act_dep_time,6:11 p.m.,0.551873,holoclean_keep
2307,flight,co-4888-iah-dal,0.992472,holoclean_keep
2307,sched_arr_time,6:15 p.m.,0.857106,holoclean_keep
2307,sched_dep_time,5:30 p.m.,0.964500,holoclean_keep
2308,act_arr_time,9:11 p.m.,0.551873,holoclean_keep
2308,act_dep_time,8:40 p.m.,0.596418,holoclean_keep
2308,flight,aa-3063-slc-lax,0.992467,holoclean_keep
2308,sched_arr_time,9:10 p.m.,0.780930,holoclean_keep
2308,sched_dep_time,8:20 p.m.,0.906815,holoclean_keep
2309,act_arr_time,3:36 p.m.,0.786986,holoclean_keep
2309,act_dep_time,2:44 p.m.,0.786986,holoclean_keep
2309,flight,aa-3804-phl-ord,0.997450,holoclean_keep
2309,sched_arr_time,4:05 p.m.,0.524414,holoclean
2309,sched_dep_time,2:35 p.m.,0.988696,holoclean_keep
2310,act_arr_time,5:39 p.m.,0.596418,holoclean_keep
2310,act_dep_time,3:27 p.m.,0.786986,holoclean_keep
2310,flight,aa-1917-jfk-mco,0.984631,holoclean_keep
2310,sched_arr_time,5:17 p.m.,0.539554,holoclean_keep
2310,sched_dep_time,2:55 p.m.,0.989295,holoclean_keep
2311,act_arr_time,11:04 a.m.,0.513519,holoclean_keep
2311,act_dep_time,7:23 a.m.,0.711235,holoclean_keep
2311,flight,aa-2268-phx-ord,0.988610,holoclean_keep
2311,sched_arr_time,10:57 a.m.,0.536506,holoclean_keep
2311,sched_dep_time,7:15 a.m.,0.988019,holoclean_keep
2312,act_arr_time,1:42 p.m.,0.711235,holoclean_keep
2312,act_dep_time,12:10 p.m.,0.786986,holoclean_keep
2312,flight,aa-4277-cvg-jfk,0.998552,holoclean_keep
2312,sched_arr_time,2:05 p.m.,0.621977,holoclean_keep
2312,sched_dep_time,12:10 p.m.,0.995651,holoclean_keep
2313,act_arr_time,2:49 p.m.,0.786986,holoclean_keep
2313,act_dep_time,1:19 p.m.,0.786986,holoclean_keep
2313,flight,aa-789-ord-den,0.994131,holoclean_keep
2313,sched_arr_time,2:17 p.m.,0.624638,holoclean_keep
2313,sched_dep_time,1:05 p.m.,0.969673,holoclean_keep
2314,act_arr_time,6:30 p.m.,0.596418,holoclean_keep
2314,act_dep_time,3:36 p.m.,0.786986,holoclean_keep
2314,flight,aa-85-jfk-sfo,0.994370,holoclean_keep
2314,sched_arr_time,5:57 p.m.,0.672274,holoclean_keep
2314,sched_dep_time,3:05 p.m.,0.995614,holoclean_keep
2315,act_arr_time,6:11 p.m.,0.648786,holoclean_keep
2315,act_dep_time,4:12 p.m.,0.648786,holoclean_keep
2315,flight,aa-3786-iah-ord,0.969671,holoclean_keep
2315,sched_arr_time,6:30 p.m.,0.600201,holoclean_keep
2315,sched_dep_time,4:00 p.m.,0.953361,holoclean_keep
2316,act_arr_time,3:12 p.m.,0.786986,holoclean_keep
2316,act_dep_time,7:32 a.m.,0.711235,holoclean_keep
2316,flight,aa-222-lax-bos,0.990223,holoclean_keep
2316,sched_arr_time,2:52 p.m.,0.538842,holoclean_keep
2316,sched_dep_time,7:10 a.m.,0.994525,holoclean_keep
2317,act_arr_time,5:34 p.m.,0.648786,holoclean_keep
2317,act_dep_time,11:55 a.m.,0.513519,holoclean_keep
2317,flight,ua-3099-phx-phl,0.990925,holoclean_keep
2317,sched_arr_time,6:07 p.m.,0.548265,holoclean_keep
2317,sched_dep_time,11:55 a.m.,0.976852,holoclean_keep
2318,act_arr_time,12:37 p.m.,0.596418,holoclean_keep
2318,act_dep_time,10:55 a.m.,0.711235,holoclean_keep
2318,flight,aa-4198-ord-cle,0.982608,holoclean_keep
2318,sched_arr_time,12:45 p.m.,0.560427,holoclean_keep
2318,sched_dep_time,10:40 a.m.,0.986757,holoclean_keep
2319,act_arr_time,6:33 p.m.,0.880797,holoclean_keep
2319,act_dep_time,4:14 p.m.,0.786986,holoclean_keep
2319,flight,co-45-ewr-mia,0.994562,holoclean_keep
2319,sched_arr_time,6:31 p.m.,0.665036,holoclean_keep
2320,act_arr_time,6:09 a.m.,0.450853,holoclean_keep
2320,act_dep_time,6:10 a.m.,0.648786,holoclean_keep
2320,flight,aa-3809-phx-lax,0.950401,holoclean_keep
2320,sched_arr_time,6:30 a.m.,0.701850,holoclean_keep
2320,sched_dep_time,6:00 a.m.,0.982566,holoclean_keep
2321,act_arr_time,10:52 a.m.,0.551873,holoclean_keep
2321,act_dep_time,7:39 a.m.,0.711235,holoclean_keep
2321,flight,aa-59-jfk-sfo,0.964011,holoclean_keep
2321,sched_arr_time,10:09 a.m.,0.495620,holoclean_keep
2321,sched_dep_time,7:10 a.m.,0.985008,holoclean_keep
2322,act_arr_time,9:32 a.m.,0.786986,holoclean_keep
2322,act_dep_time,7:16 a.m.,0.786986,holoclean_keep
2322,flight,aa-3859-iah-ord,0.991390,holoclean_keep
2322,sched_arr_time,9:40 a.m.,0.891580,holoclean_keep
2322,sched_dep_time,7:10 a.m.,0.996598,holoclean_keep
2323,act_arr_time,9:28 a.m.,0.596418,holoclean_keep
2323,act_dep_time,6:54 a.m.,0.711235,holoclean_keep
2323,flight,aa-518-mia-jfk,0.999227,holoclean_keep
2323,sched_arr_time,9:25 a.m.,0.981028,holoclean_keep
2323,sched_dep_time,6:40 a.m.,0.990134,holoclean_keep
2324,act_arr_time,11:58 a.m.,0.648786,holoclean_keep
2324,act_dep_time,8:29 a.m.,0.648786,holoclean_keep
2324,flight,ua-397-jfk-sfo,0.994642,holoclean_keep
2324,sched_arr_time,11:55 a.m.,0.981725,holoclean_keep
2324,sched_dep_time,8:00 a.m.,0.986792,holoclean_keep
2325,act_arr_time,10:30 p.m. (estimated),0.648786,holoclean_keep
2325,act_dep_time,7:58 p.m.,0.786986,holoclean_keep
2325,flight,aa-1733-ord-phx,0.994196,holoclean_keep
2325,sched_arr_time,10:30 p.m.,0.983282,holoclean_keep
2325,sched_dep_time,7:45 p.m.,0.996716,holoclean_keep
2326,act_arr_time,7:25 p.m. (estimated runway),0.648786,holoclean_keep
2326,act_dep_time,6:47 p.m. (estimated runway),0.711235,holoclean_keep
2326,flight,aa-1640-mia-mco,0.994118,holoclean_keep
2326,sched_arr_time,7:25 p.m.,0.982860,holoclean_keep
2326,sched_dep_time,6:30 p.m.,0.978608,holoclean_keep
2327,act_arr_time,12:21 a.m. (estimated),0.648786,holoclean_keep
2327,act_dep_time,7:15 p.m. (estimated),0.648786,holoclean_keep
2327,flight,co-1694-lax-iah,0.994290,holoclean_keep
2327,sched_arr_time,12:21 a.m.,0.851797,holoclean_keep
2328,act_arr_time,5:17 p.m.,0.648786,holoclean_keep
2328,act_dep_time,3:28 p.m.,0.711235,holoclean_keep
2328,flight,ua-2830-mco-clt,0.997086,holoclean_keep
2328,sched_arr_time,5:05 p.m.,0.993561,holoclean_keep
2328,sched_dep_time,3:27 p.m.,0.996716,holoclean_keep
2329,act_arr_time,6:35 a.m. (estimated runway),0.551873,holoclean_keep
2329,act_dep_time,11:29 p.m. (estimated runway),0.648786,holoclean_keep
2329,flight,aa-204-lax-mco,0.993634,holoclean_keep
2329,sched_arr_time,6:55 a.m.,0.790742,holoclean_keep
2329,sched_dep_time,11:25 p.m.,0.977700,holoclean_keep
2330,act_arr_time,6:28 p.m.,0.648786,holoclean_keep
2330,act_dep_time,3:58 p.m.,0.648786,holoclean_keep
2330,flight,ua-2726-fll-phl,0.965252,holoclean_keep
2330,sched_arr_time,6:46 p.m.,0.913442,holoclean_keep
2330,sched_dep_time,4:00 p.m.,0.975209,holoclean_keep
2331,act_arr_time,9:45 a.m.,0.711235,holoclean_keep
2331,act_dep_time,7:25 a.m.,0.648786,holoclean_keep
2331,flight,aa-3468-cvg-mia,0.998425,holoclean_keep
2331,sched_arr_time,9:55 a.m.,0.956960,holoclean_keep
2331,sched_dep_time,7:00 a.m.,0.988867,holoclean_keep
2332,act_arr_time,7:39 p.m.,0.711235,holoclean_keep
2332,act_dep_time,4:29 p.m.,0.786986,holoclean_keep
2332,flight,aa-484-dfw-mia,0.994726,holoclean_keep
2332,sched_arr_time,7:55 p.m.,0.978366,holoclean_keep
2332,sched_dep_time,4:15 p.m.,0.975200,holoclean_keep
2333,act_arr_time,1:27 p.m.,0.648786,holoclean_keep
2333,act_dep_time,10:10 a.m.,0.648786,holoclean_keep
2333,flight,aa-616-dfw-dtw,0.993131,holoclean_keep
2333,sched_arr_time,12:35 p.m.,0.965232,holoclean_keep
2333,sched_dep_time,9:05 a.m.,0.989375,holoclean_keep
2334,act_arr_time,4:09 p.m.,0.450853,holoclean_keep
2334,act_dep_time,12:12 p.m.,0.551873,holoclean_keep
2334,flight,aa-446-dfw-phl,0.980490,holoclean_keep
2334,sched_arr_time,3:50 p.m.,0.967414,holoclean_keep
2334,sched_dep_time,11:50 a.m.,0.947312,holoclean_keep
2335,act_arr_time,9:05 a.m.,0.648786,holoclean_keep
2335,act_dep_time,6:08 a.m.,0.711235,holoclean_keep
2335,flight,aa-466-iah-mia,0.987883,holoclean_keep
2335,sched_arr_time,9:20 a.m.,0.876558,holoclean_keep
2335,sched_dep_time,6:00 a.m.,0.995681,holoclean_keep
2336,act_arr_time,5:05 p.m.,0.648786,holoclean_keep
2336,act_dep_time,11:30 a.m.,0.711235,holoclean_keep
2336,flight,ua-3050-phx-clt,0.994533,holoclean_keep
2336,sched_arr_time,4:57 p.m.,0.991740,holoclean_keep
2336,sched_dep_time,11:05 a.m.,0.993915,holoclean_keep
2337,act_arr_time,11:01 a.m.,0.551873,holoclean_keep
2337,act_dep_time,8:04 a.m.,0.711235,holoclean_keep
2337,flight,aa-2957-dfw-cvg,0.995021,holoclean_keep
2337,sched_arr_time,11:05 a.m.,0.953910,holoclean_keep
2337,sched_dep_time,7:55 a.m.,0.990275,holoclean_keep
2338,act_arr_time,11:56 a.m.,0.786986,holoclean_keep
2338,act_dep_time,10:18 a.m.,0.648786,holoclean_keep
2338,flight,aa-1664-mia-atl,0.998652,holoclean_keep
2338,sched_arr_time,12:10 p.m.,0.981911,holoclean_keep
2338,sched_dep_time,10:15 a.m.,0.990409,holoclean_keep
2339,act_arr_time,8:06 a.m.,0.596418,holoclean_keep
2339,act_dep_time,8:04 a.m.,0.786986,holoclean_keep
2339,flight,aa-3979-cvg-ord,0.998275,holoclean_keep
2339,sched_arr_time,8:00 a.m.,0.965984,holoclean_keep
2339,sched_dep_time,7:30 a.m.,0.989932,holoclean_keep
2340,act_arr_time,3:20 p.m. (runway),0.480150,holoclean_keep
2340,act_dep_time,2:04 p.m.,0.513519,holoclean_keep
2340,flight,aa-1279-dfw-phx,0.987921,holoclean_keep
2340,sched_arr_time,2:35 p.m.,0.990775,holoclean_keep
2340,sched_dep_time,1:00 p.m.,0.968593,holoclean_keep
2341,act_arr_time,7:40 a.m.,0.513519,holoclean_keep
2341,act_dep_time,6:57 a.m.,0.711235,holoclean_keep
2341,flight,aa-404-mia-mco,0.997057,holoclean_keep
2341,sched_arr_time,7:45 a.m.,0.951857,holoclean_keep
2341,sched_dep_time,6:45 a.m.,0.989272,holoclean_keep
2342,act_arr_time,2:50 p.m.,0.596418,holoclean_keep
2342,act_dep_time,12:41 p.m.,0.551873,holoclean_keep
2342,flight,aa-3756-ord-slc,0.997490,holoclean_keep
2342,sched_arr_time,2:45 p.m.,0.989942,holoclean_keep
2342,sched_dep_time,12:15 p.m.,0.978472,holoclean_keep
2343,act_arr_time,1:15 p.m.,0.648786,holoclean_keep
2343,act_dep_time,11:51 a.m.,0.596418,holoclean_keep
2343,flight,ua-2945-phl-clt,0.997112,holoclean_keep
2343,sched_arr_time,1:45 p.m.,0.970089,holoclean_keep
2343,sched_dep_time,12:00 p.m.,0.988381,holoclean_keep
2344,act_arr_time,11:06 a.m.,0.551873,holoclean_keep
2344,act_dep_time,7:39 a.m.,0.648786,holoclean_keep
2344,flight,aa-2525-dfw-mia,0.991791,holoclean_keep
2344,sched_arr_time,11:10 a.m.,0.874845,holoclean_keep
2344,sched_dep_time,7:25 a.m.,0.976900,holoclean_keep
2345,act_arr_time,2:27 p.m.,0.711235,holoclean_keep
2345,act_dep_time,11:52 a.m.,0.786986,holoclean_keep
2345,flight,aa-271-mia-lax,0.995174,holoclean_keep
2345,sched_arr_time,2:25 p.m.,0.991699,holoclean_keep
2345,sched_dep_time,11:35 a.m.,0.995612,holoclean_keep
2346,act_arr_time,2:46 p.m.,0.551873,holoclean_keep
2346,act_dep_time,11:05 a.m.,0.551873,holoclean_keep
2346,flight,aa-2050-ord-mia,0.984624,holoclean_keep
2346,sched_arr_time,2:45 p.m.,0.929363,holoclean_keep
2346,sched_dep_time,10:40 a.m.,0.977895,holoclean_keep
2347,act_arr_time,10:36 a.m.,0.648786,holoclean_keep
2347,act_dep_time,7:21 a.m.,0.711235,holoclean_keep
2347,flight,aa-1434-dfw-mco,0.996970,holoclean_keep
2347,sched_arr_time,10:35 a.m.,0.930273,holoclean_keep
2347,sched_dep_time,7:15 a.m.,0.996250,holoclean_keep
2348,act_arr_time,8:53 p.m.,0.711235,holoclean_keep
2348,act_dep_time,6:55 p.m.,0.711235,holoclean_keep
2348,flight,aa-4307-ord-dtw,0.998921,holoclean_keep
2348,sched_arr_time,9:10 p.m.,0.981613,holoclean_keep
2348,sched_dep_time,6:45 p.m.,0.990824,holoclean_keep
2349,act_arr_time,3:16 p.m.,0.551873,holoclean_keep
2349,act_dep_time,12:11 p.m.,0.711235,holoclean_keep
2349,flight,aa-3-jfk-lax,0.988034,holoclean_keep
2349,sched_arr_time,3:15 p.m.,0.950610,holoclean_keep
2349,sched_dep_time,12:00 p.m.,0.989141,holoclean_keep
2350,act_arr_time,12:09 p.m.,0.786986,holoclean_keep
2350,act_dep_time,9:14 a.m.,0.513519,holoclean_keep
2350,flight,co-1193-ewr-mco,0.997443,holoclean_keep
2350,sched_arr_time,12:18 p.m.,0.956673,holoclean_keep
2350,sched_dep_time,9:15 a.m.,0.985519,holoclean_keep
2351,act_arr_time,7:51 a.m.,0.711235,holoclean_keep
2351,act_dep_time,6:56 a.m.,0.711235,holoclean_keep
2351,flight,aa-3842-msp-ord,0.984455,holoclean_keep
2351,sched_arr_time,7:30 a.m.,0.872858,holoclean_keep
2351,sched_dep_time,6:00 a.m.,0.990900,holoclean_keep
2352,act_arr_time,9:31 a.m.,0.596418,holoclean_keep
2352,act_dep_time,7:30 a.m.,0.711235,holoclean_keep
2352,flight,aa-643-mia-ord,0.978831,holoclean_keep
2352,sched_arr_time,9:35 a.m.,0.882487,holoclean_keep
2352,sched_dep_time,7:10 a.m.,0.995738,holoclean_keep
2353,act_arr_time,6:38 p.m.,0.551873,holoclean_keep
2353,act_dep_time,4:28 p.m.,0.596418,holoclean_keep
2353,flight,ua-2906-phl-mco,0.998349,holoclean_keep
2353,sched_arr_time,6:23 p.m.,0.992384,holoclean_keep
2353,sched_dep_time,3:50 p.m.,0.977978,holoclean_keep
2354,act_arr_time,9:53 p.m.,0.786986,holoclean_keep
2354,act_dep_time,8:23 p.m.,0.880797,holoclean_keep
2354,flight,aa-1221-mco-ord,0.994762,holoclean_keep
2354,sched_arr_time,9:45 p.m.,0.980720,holoclean_keep
2354,sched_dep_time,8:00 p.m.,0.990985,holoclean_keep
2355,act_arr_time,4:23 p.m.,0.786986,holoclean_keep
2355,act_dep_time,1:31 p.m.,0.711235,holoclean_keep
2355,flight,ua-664-ord-phl,0.994341,holoclean_keep
2355,sched_arr_time,4:31 p.m.,0.980228,holoclean_keep
2355,sched_dep_time,1:33 p.m.,0.996089,holoclean_keep
2356,act_arr_time,5:42 a.m. (estimated runway),0.711235,holoclean_keep
2356,act_dep_time,12:10 a.m. (estimated runway),0.786986,holoclean_keep
2356,flight,aa-1522-sfo-ord,0.994241,holoclean_keep
2356,sched_arr_time,5:50 a.m.,0.839232,holoclean_keep
2356,sched_dep_time,11:55 p.m.,0.995150,holoclean_keep
2357,act_arr_time,12:01 a.m. (estimated runway),0.596418,holoclean_keep
2357,act_dep_time,4:28 p.m. (estimated runway),0.596418,holoclean_keep
2357,flight,ua-233-lax-jfk,0.993770,holoclean_keep
2357,sched_arr_time,12:29 a.m.,0.856179,holoclean_keep
2357,sched_dep_time,4:25 p.m.,0.979820,holoclean_keep
2358,act_arr_time,11:49 p.m. (estimated runway),0.648786,holoclean_keep
2358,act_dep_time,9:06 p.m. (estimated runway),0.711235,holoclean_keep
2358,flight,aa-3823-lax-den,0.994022,holoclean_keep
2358,sched_arr_time,12:15 a.m.,0.829153,holoclean_keep
2358,sched_dep_time,9:00 p.m.,0.973407,holoclean_keep
2359,act_arr_time,11:35 p.m. (estimated runway),0.711235,holoclean_keep
2359,act_dep_time,8:29 p.m. (estimated runway),0.711235,holoclean_keep
2359,flight,aa-2312-dfw-dtw,0.994157,holoclean_keep
2359,sched_arr_time,11:50 p.m.,0.991589,holoclean_keep
2359,sched_dep_time,8:25 p.m.,0.979820,holoclean_keep
2360,act_arr_time,10:04 a.m.,0.450853,holoclean_keep
2360,act_dep_time,7:22 a.m.,0.711235,holoclean_keep
2360,flight,aa-1165-jfk-mia,0.989956,holoclean_keep
2360,sched_arr_time,10:34 a.m.,0.920722,holoclean_keep
2360,sched_dep_time,6:59 a.m.,0.981252,holoclean_keep
2361,act_arr_time,11:44 a.m.,0.596418,holoclean_keep
2361,act_dep_time,8:51 a.m.,0.711235,holoclean_keep
2361,flight,aa-431-mia-sfo,0.995535,holoclean_keep
2361,sched_arr_time,11:50 a.m.,0.952357,holoclean_keep
2361,sched_dep_time,8:35 a.m.,0.989063,holoclean_keep
2362,act_arr_time,5:42 p.m.,0.648786,holoclean_keep
2362,act_dep_time,2:26 p.m.,0.648786,holoclean_keep
2362,flight,ua-257-jfk-sfo,0.991315,holoclean_keep
2362,sched_arr_time,6:15 p.m.,0.957079,holoclean_keep
2362,sched_dep_time,2:30 p.m.,0.973926,holoclean_keep
2363,act_arr_time,3:29 p.m. (estimated runway),0.596418,holoclean_keep
2363,act_dep_time,1:41 p.m. (estimated runway),0.480150,holoclean_keep
2363,flight,aa-649-ord-sna,0.994710,holoclean_keep
2363,sched_arr_time,3:50 p.m.,0.992490,holoclean_keep
2363,sched_dep_time,1:30 p.m.,0.971694,holoclean_keep
2364,act_arr_time,3:43 p.m.,0.880797,holoclean_keep
2364,act_dep_time,2:44 p.m.,0.880797,holoclean_keep
2364,flight,aa-3804-phl-ord,0.994911,holoclean_keep
2364,sched_arr_time,4:05 p.m.,0.991420,holoclean_keep
2364,sched_dep_time,2:35 p.m.,0.977559,holoclean_keep
2365,act_arr_time,5:43 p.m.,0.596418,holoclean_keep
2365,act_dep_time,3:27 p.m.,0.786986,holoclean_keep
2365,flight,aa-1917-jfk-mco,0.986160,holoclean_keep
2365,sched_arr_time,5:55 p.m.,0.917416,holoclean_keep
2365,sched_dep_time,2:55 p.m.,0.992399,holoclean_keep
2366,act_arr_time,11:06 a.m.,0.480150,holoclean_keep
2366,act_dep_time,7:22 a.m.,0.551873,holoclean_keep
2366,flight,aa-2268-phx-ord,0.910131,holoclean_keep
2366,sched_arr_time,11:35 a.m.,0.821454,holoclean_keep
2366,sched_dep_time,7:15 a.m.,0.950991,holoclean_keep
2367,act_arr_time,1:43 p.m.,0.711235,holoclean_keep
2367,act_dep_time,12:10 p.m.,0.786986,holoclean_keep
2367,flight,aa-4277-cvg-jfk,0.998863,holoclean_keep
2367,sched_arr_time,2:15 p.m.,0.982067,holoclean_keep
2367,sched_dep_time,12:10 p.m.,0.996993,holoclean_keep
2368,act_arr_time,3:13 p.m.,0.513519,holoclean_keep
2368,act_dep_time,1:19 p.m.,0.513519,holoclean_keep
2368,flight,aa-789-ord-den,0.985005,holoclean_keep
2368,sched_arr_time,2:35 p.m.,0.971872,holoclean_keep
2368,sched_dep_time,1:05 p.m.,0.963130,holoclean_keep
2369,act_arr_time,6:43 p.m.,0.551873,holoclean_keep
2369,act_dep_time,3:36 p.m.,0.711235,holoclean_keep
2369,flight,aa-85-jfk-sfo,0.992046,holoclean_keep
2369,sched_arr_time,6:30 p.m.,0.968268,holoclean_keep
2369,sched_dep_time,3:05 p.m.,0.989164,holoclean_keep
2370,act_arr_time,6:15 p.m.,0.648786,holoclean_keep
2370,act_dep_time,4:12 p.m.,0.711235,holoclean_keep
2370,flight,aa-3786-iah-ord,0.986372,holoclean_keep
2370,sched_arr_time,6:40 p.m.,0.925705,holoclean_keep
2370,sched_dep_time,4:00 p.m.,0.985084,holoclean_keep
2371,act_arr_time,3:14 p.m.,0.513519,holoclean_keep
2371,act_dep_time,7:31 a.m.,0.648786,holoclean_keep
2371,flight,aa-222-lax-bos,0.950391,holoclean_keep
2371,sched_arr_time,3:30 p.m.,0.900020,holoclean_keep
2371,sched_dep_time,7:10 a.m.,0.987405,holoclean_keep
2372,act_arr_time,5:38 p.m.,0.648786,holoclean_keep
2372,act_dep_time,11:43 a.m.,0.711235,holoclean_keep
2372,flight,ua-3099-phx-phl,0.994749,holoclean_keep
2372,sched_arr_time,6:17 p.m.,0.992739,holoclean_keep
2372,sched_dep_time,11:55 a.m.,0.995773,holoclean_keep
2373,act_arr_time,12:50 p.m.,0.711235,holoclean_keep
2373,act_dep_time,10:54 a.m.,0.711235,holoclean_keep
2373,flight,aa-4198-ord-cle,0.985603,holoclean_keep
2373,sched_arr_time,12:55 p.m.,0.939005,holoclean_keep
2373,sched_dep_time,10:40 a.m.,0.995307,holoclean_keep
2374,act_arr_time,6:36 p.m.,0.786986,holoclean_keep
2374,act_dep_time,3:58 p.m.,0.648786,holoclean_keep
2374,flight,co-45-ewr-mia,0.971628,holoclean_keep
2374,sched_arr_time,7:05 p.m.,0.922315,holoclean_keep
2375,act_arr_time,6:19 a.m.,0.480150,holoclean_keep
2375,act_dep_time,6:10 a.m.,0.711235,holoclean_keep
2375,flight,aa-3809-phx-lax,0.977431,holoclean_keep
2375,sched_arr_time,6:40 a.m.,0.885752,holoclean_keep
2375,sched_dep_time,6:00 a.m.,0.996461,holoclean_keep
2376,act_arr_time,11:12 a.m.,0.551873,holoclean_keep
2376,act_dep_time,7:39 a.m.,0.711235,holoclean_keep
2376,flight,aa-59-jfk-sfo,0.972759,holoclean_keep
2376,sched_arr_time,10:45 a.m.,0.853774,holoclean_keep
2376,sched_dep_time,7:10 a.m.,0.988979,holoclean_keep
