row_id,column,value,confidence,source
235295,article_title,Late repair of injuries of the anal sphincter,1.0000,jellyfish
498345,article_title,Ebola Virus GP Gene Polyadenylation Versus RNA Editing. (no correction needed),0.8000,jellyfish
789958,article_title,Duane retraction syndrome associated with oculocutaneous albinism: an ocular miswiring. This value appears to be correct and does not,0.8000,jellyfish
169865,article_title,"Noninvasive prenatal diagnosis of trisomy 21, 18 and 13 using cell-free fetal DNA",1.0000,jellyfish
803653,article_title,Diagnosis and Management of Cutaneous B-cell Lymphoma.,1.0000,jellyfish
98234,article_title,"Pregabalin, celecoxib, and their combination for treatment of chronic low-back pain",0.6000,jellyfish
823730,article_title,Activation and blockade of beta adrenoceptors in common cardiac disorders,1.0000,jellyfish
729712,article_title,Long-term effects of spontaneous breathing during ventilatory support in patients with acute lung injury,1.0000,jellyfish
396821,article_title,Awareness of deficits and on-road driving performance,1.0000,jellyfish
340222,article_title,A comparative evaluation of two head and neck immobilization devices using electronic portal imaging,1.0000,jellyfish
184417,article_title,Disparities in childhood asthma hospitalizations: A spatial analysis of contextual effects,1.0000,jellyfish
729686,article_title,Local anaesthetic wound infiltration for caesarean section pain relief: a meta-analysis,0.6000,jellyfish
278396,article_title,Smoking is accompanied by a suppressed cervical nitric oxide release in women with high-risk human papillomavirus infection,1.0000,jellyfish
965082,article_title,Imaging of scar in patients with ventricular arrhythmias of right ventricular origin: Cardiac magnetic resonance versus electroanatomic mapping,1.0000,jellyfish
53321,article_title,Monoaxial versus polyaxial locking systems: a biomechanical analysis of different locking systems for the fixation of proximal humeral fractures,1.0000,jellyfish
13601,article_title,Latex allergy in atopic children.,0.6000,jellyfish
668310,article_title,"A randomized controlled trial of Tai chi for balance, sleep quality and cognitive performance in elderly Vietnamese.",1.0000,jellyfish
282987,article_title,"Multisystemic Therapy for social, emotional, and behavioral problems in youth aged 10-17",1.0000,jellyfish
478292,article_title,Haemodynamic ischaemia in paediatric moyamoya disease associated with renovascular hypertension. This value appears to be correct and does not need correction. Therefore,0.4000,jellyfish
43736,article_title,Effect of pedaling technique on mechanical effectiveness and efficiency in cyclists.,1.0000,jellyfish
82614,article_title,"Lycopene metabolite, apo-10'-lycopenoic acid, inhibits diethylnitrosamine-initiated, high fat diet",1.0000,jellyfish
163526,article_title,A performance improvement process to tackle tachysystole,1.0000,jellyfish
514411,article_title,Osteoid osteoma treated by percutaneous thermal ablation: when do we fail? A systematic review and guidelines for future reporting. This value is already,0.8000,jellyfish
569841,article_title,Effects of chemotherapy in AIDS-associated non-Hodgkin's lymphoma on Kaposi's sarcoma herpesvirus DNA in blood.,0.6000,jellyfish
6207,article_title,Serum MMPs 7-9 and their inhibitors during glucocorticoid and anti-TNF-alpha therapy in pediatric inflammatory bowel disease,1.0000,jellyfish
21910,article_title,Examining Waiting Placement in Hospital: Utilization and the Lived Experience.,0.8000,jellyfish
378490,article_title,"A prospective observational study of obesity, body composition, and insulin resistance in 18 women with bipolar disorder and 17 matched control subjects.",1.0000,jellyfish
971878,article_title,Diminished A-cell secretion in the early phase of type I diabetes mellitus,1.0000,jellyfish
793918,article_title,Strong stability and host specific bacterial community in faeces of ponies.,0.8000,jellyfish
819166,article_title,"Responses to open peer commentaries on ""The Subjective Brain, Identity, and Neuroethics""",1.0000,jellyfish
880881,article_title,A case of giant Brunner's gland hyperplasia combined with adenomyomatous hyperplasia.,0.8000,jellyfish
629530,article_title,Efficacy and safety of the low-molecular weight heparin enoxaparin compared with unfractionated heparin across the acute coronary syndrome spectrum,1.0000,jellyfish
954388,article_title,Optimal Starting Age for School Attendance: FY76 Issue Analysis,1.0000,jellyfish
379737,article_title,Bone density and body composition in young women with chronic fatigue syndrome.,1.0000,jellyfish
676042,article_title,Prognostic value of morning blood pressure surge in clinical events: a meta-analysis of longitudinal studies.,1.0000,jellyfish
353972,article_title,"Child sexual abuse as a risk factor for sexual risk behaviours among socially disadvantaged adolescents in Ibadan, Nigeria.",0.6000,jellyfish
968125,article_title,Successful treatment of lung cancer by multimodal endobronchial interventions,1.0000,jellyfish
660168,article_title,Fat and neurosurgery: does obesity affect outcome after intracranial surgery?,1.0000,jellyfish
732534,article_title,Out of Harm's Way: Curbing Violence in the ED,0.6000,jellyfish
473026,article_title,The incidence of contrast-induced nephropathy in trauma patients. No corrections needed. The value is already correct.,0.4000,jellyfish
372175,article_title,Dosimetric analysis of proton pencil beam scanning radiation therapy versus dose painted intensity modulated radiation therapy for squamous cell carcinoma of the anal canal,1.0000,jellyfish
110072,article_title,Brain BDNF levels elevation induced by physical training is reduced after unilateral common carotid artery occlusion in rats.,0.8000,jellyfish
330553,article_title,Multiresistance of clinically relevant gram-positive bacterial isolates,0.6000,jellyfish
23215,article_title,ColoRectal Cancer Predicted Risk Online (CRC-PRO) calculator using data from the Multi-Ethnic Cohort Study. (no correction needed),0.6000,jellyfish
719532,article_title,Methodology to estimate building energy consumption using EnergyPlus Benchmark Models,1.0000,jellyfish
86421,article_title,Evidence that serum levels of the soluble receptor for advanced glycation end products are inversely associated with pancreatic cancer risk: a prospective study.,1.0000,jellyfish
433667,article_title,"Norton, Waterlow and Braden scores: a review of the literature and a comparison between the scores and clinical judgement",1.0000,jellyfish
530323,article_title,"Strategies for partner notification for sexually transmitted infections, including HIV.",1.0000,jellyfish
102893,article_title,A cohort study of the prevalence and impact of comorbid medical conditions in pediatric bipolar disorder.,0.6000,jellyfish
864817,article_title,Are tiks still active in patients treated with ti and everolimus? Experience from 36 patients treated in france in the record 1 trial.,0.8000,jellyfish
217725,article_title,Use of alendronate in peri-implant defect regeneration,1.0000,jellyfish
730822,article_title,"Prevention of phantom pain after major lower limb amputation by epidural infusion of diamorphine, clonidine and bupivacaine",1.0000,jellyfish
659297,article_title,How assistive technology use by individuals with disabilities impacts their caregivers: a systematic review of the research evidence.,1.0000,jellyfish
42247,article_title,"Gender differences in personal, social and environmental influences on active travel to and from school for Australian adolescents.",1.0000,jellyfish
302969,article_title,Adolescent overscheduling: The relationship between levels of participation in scheduled activities and self-reported clinical symptomology,1.0000,jellyfish
158672,article_title,Quantitative Analysis of Robustness of Dynamic Response and Signal Transfer in Insulin Mediated PI3K/AKT Pathway.,1.0000,jellyfish
616298,article_title,Does neuraxial anesthesia reduce intraoperative blood loss? A meta-analysis. No correction needed. The value is already correct.,0.6000,jellyfish
221086,article_title,Novel genetic linkage of rat Sp6 mutation to Amelogenesis imperfecta,1.0000,jellyfish
548616,article_title,"Educating Emergent Bilinguals: Policies, Programs, and Practices for English Language Learners. Language & Literacy Series",1.0000,jellyfish
669596,article_title,Similar survival between uncemented and cemented fixation prostheses in total knee arthroplasty: a meta-analysis and systematic comparative analysis using registers.,1.0000,jellyfish
474288,article_title,Current palliative chemotherapy trials in the elderly neglect patient-centred outcome measures.,1.0000,jellyfish
108424,article_title,Outcome of Gastric Bypass Patients.,1.0000,jellyfish
841679,article_title,A Modified Technique for Pulmonary Valve Replacement with a Homograft,1.0000,jellyfish
173830,article_title,"Advances in allergic skin disease, anaphylaxis, and hypersensitivity reactions to foods, drugs, and insects",1.0000,jellyfish
852927,article_title,"Phase II study of epirubicin, oxaliplatin and docetaxel combination in metastatic gastric or gastroesophageal junction adenocarc",1.0000,jellyfish
237623,article_title,Neck pain.,0.4000,jellyfish
912884,article_title,A guide to physiotherapy in cerebral palsy,1.0000,jellyfish
318931,article_title,Community associated methicillin-resistant Staphylococcus aureus in HIV-infected patients,1.0000,jellyfish
93659,article_title,The anxiety level of the patients who will undergo ultrasound-guided puncture biopsy: a survey study.,0.4000,jellyfish
349150,article_title,The relationship between capsulorhexis size and anterior chamber depth relation.,1.0000,jellyfish
572010,article_title,"A pilot study of rituximab in patients with recurrent, classic Hodgkin lymphoma.",1.0000,jellyfish
826030,article_title,A cognitive behavior intervention program in women with unexplained chest pain--a pilot study,1.0000,jellyfish
34962,article_title,Assessing social isolation in motor neurone disease: a Rasch analysis of the MND Social Withdrawal Scale.,0.6000,jellyfish
574309,article_title,"Three-year Outcomes in de Novo Liver Transplant Patients Receiving Everolimus with Reduced Tacrolimus: Follow-Up Results from a Randomized, Mult",1.0000,jellyfish
200077,article_title,Plasma cell leukemia--a case report.,0.8000,jellyfish
421512,article_title,CABG again outshines stenting for some patients with coronary artery blockage,1.0000,jellyfish
715052,article_title,Health-promoting behaviors of low-income cancer survivors,1.0000,jellyfish
172966,article_title,Food allergy in children,1.0000,jellyfish
140274,article_title,"Here to stay. An interview with Dr. David Satcher, Director, U.S. Centers for Disease Control and Prevention.",0.8000,jellyfish
282039,article_title,The first case of drug-induced immune hemolytic anemia due to hydrocortisone,1.0000,jellyfish
835177,article_title,KRAS mutational status assessment in patients with metastatic colorectal cancer: are the clinical implications so clear?,0.6000,jellyfish
519732,article_title,Classifying radiographic progression status in early rheumatoid arthritis patients using propensity scores to adjust for baseline differences.,1.0000,jellyfish
761104,article_title,"Infusing Tolerance, Diversity, and Social Personal Curriculum into Inclusive Social Studies Classes Using Family Portraits and Contextual Teaching and Learning",1.0000,jellyfish
408062,article_title,Adherence to fesoterodine in women with overactive bladder in routine clinical practice.,0.6000,jellyfish
889481,article_title,Chronic pain and its impact on quality of sleep,1.0000,jellyfish
894596,article_title,On the role of pre and post-processing in environmental data mining,1.0000,jellyfish
604985,article_title,Cardioactive steroid poisoning: a comparison of plant- and animal-derived compounds.,0.8000,jellyfish
220950,article_title,Forensic odontology: A prosthodontic view,1.0000,jellyfish
770196,article_title,FIGO staging of gynecologic cancer. 1994-1997 FIGO Committee on Gynecologic Oncology. International Federation of Gynecology and,1.0000,jellyfish
914468,article_title,Effect of neuromuscular electrical stimulation and isotonic exercises in flexor and extensor muscles of knee of hemiplegic patients,1.0000,jellyfish
346326,article_title,Ventricular fibrillation in acute mitral valve insufficiency caused by chordae tendineae rupture: report of a surgically corrected case. This value,1.0000,jellyfish
612846,article_title,Assessment of Prognostic Factors of Thoracic Synovial Sarcoma.,0.6000,jellyfish
282053,article_title,Secondary school tobacco policy and prevention curricula in South Carolina,1.0000,jellyfish
870257,article_title,Intimate Partner Violence Survivors' Unmet Social Service Needs,1.0000,jellyfish
417578,article_title,Partial fill strategies for oral oncolytics to reduce waste and drive persistency,1.0000,jellyfish
949067,article_title,The impact of advancing age on P-glycoprotein expression and activity: current knowledge and future directions,1.0000,jellyfish
931323,article_title,Prevalence of allergic diseases in Poland - ECAP study,1.0000,jellyfish
752456,article_title,The changing patterns of systemic fluoride intake,1.0000,jellyfish
377284,article_title,"Normal insulin sensitivity and IMCL content in overweight humans are associated with higher fasting lipid oxidation. This value is already correct, so it is repeated exactly unchanged.",0.6000,jellyfish
420138,article_title,"Dietary practices of ballet, jazz, and modern dancers",1.0000,jellyfish
444273,article_title,Iatrogenic perforation at colonic imaging.,1.0000,jellyfish
816680,article_title,The embodied nature of medical concepts: Image schemas and language for pain,1.0000,jellyfish
491006,article_title,Nasal steroids in snorers can decrease snoring frequency: a randomized placebo-controlled crossover trial,1.0000,jellyfish
628299,article_title,Risk of gestational diabetes mellitus in women with polycystic ovary syndrome: a systematic review and a meta-analysis.,1.0000,jellyfish
72089,article_title,"Clinical pharmacokinetics of Icotinib, an anti-cancer drug: evaluation of dose proportionality, food effect, and tolerability in healthy subjects.",1.0000,jellyfish
847287,article_title,"A qualitative exploration of the cancer experience among long-term survivors: comparisons by cancer type, ethnicity, gender, and age.",0.6000,jellyfish
764224,article_title,High intensity interval exercise training in overweight young women,1.0000,jellyfish
591619,article_title,Effect of antibiotic prescribing in primary care on methicillin-resistant Staphylococcus aureus carriage in community-resident adults: a controlled observational study,1.0000,jellyfish
125072,article_title,"Ghrelin improves left ventricular dysfunction and cardiac cachexia in heart failure. This value is already correct, so it is repeated exactly unchanged.",0.8000,jellyfish
255432,article_title,Pool fencing for preventing drowning in children.,1.0000,jellyfish
689284,article_title,Intrinsically de-sialylated CD103+ CD8 T cells mediate beneficial anti-glioma immune responses.,1.0000,jellyfish
781141,article_title,Mind the Gap: Difference between Framingham heart age and real age increases with age in HIV-positive individuals - A clinical cohort study,1.0000,jellyfish
148787,article_title,Cardiac atrophy in women following bed rest,1.0000,jellyfish
779281,article_title,Patent Abstracts,0.5000,jellyfish
684757,article_title,The value of a continuous ambulatory activity monitor for quantifying the amount and intensity of daily activity in patients with rheumatoid arthritis.,1.0000,jellyfish
447382,article_title,Antiplatelet therapy in patients with ST-elevation myocardial infarction undergoing myocardial revascularisation: Beyond clopidogrel. This value appears to,1.0000,jellyfish
585766,article_title,Thermoregulatory response of women to intermittent work in heat,0.6000,jellyfish
185291,article_title,Perceived barriers that impede provider relations and medication delivery: Hospice providers' experiences in nursing homes and private homes,1.0000,jellyfish
886237,article_title,"Effect of a non-pharmacological intervention, Voix d'Oré, on behavior disturbances in Alzheimer disease and associated disorders.",0.8000,jellyfish
954493,article_title,The Hierarchical Organization of Intellectual Structures,1.0000,jellyfish
922646,article_title,Desflurane and isoflurane increase lumbar cerebrospinal fluid pressure in normocapnic patients undergoing transsphenoidal hypophy,1.0000,jellyfish
843485,article_title,Pathways of care-seeking during fatal infant illnesses in under-resourced South African settings.,1.0000,jellyfish
668845,article_title,Impact of education and provision of complementary feeding on growth and morbidity in children less than 2 years of age in developing countries: a systematic review.,0.8000,jellyfish
863844,article_title,Sustained complete remission of a limited-stage blastic plasmacytoid dendritic cell neoplasm followed by a simultaneous combination of low-dose,1.0000,jellyfish
946006,article_title,Primary vaginal cancer and chemoradiotherapy: a patterns-of-care analysis,1.0000,jellyfish
36429,article_title,Neurological dysfunction induced by bilirubin. No corrections needed. The value is already correct.,0.6000,jellyfish
259367,article_title,A comparison of recovery characteristics of sevoflurane and propofol-remifentanil anesthesia in geriatric patients,1.0000,jellyfish
977276,article_title,Data mining usage in healthcare management: literature survey and decision tree application,1.0000,jellyfish
369578,article_title,Predicting infection in localized intraabdominal fluid collections: value of pH and pO2 measurements.,0.8000,jellyfish
772616,article_title,Antivitamin K drugs in stroke prevention,1.0000,jellyfish
334681,article_title,Teaching Medical Student Geriatrics Competencies in 1 Week: An Efficient Model to Teach and Document Selected Competencies Using Clinical and Community Resources,0.6000,jellyfish
757463,article_title,Low prevalence and increased household clustering of Mycobacterium tuberculosis infection in high altitude villages in Peru.,0.8000,jellyfish
465176,article_title,A literature review on chronic pain: the daily overcoming of a complex problem.,1.0000,jellyfish
368072,article_title,"Mobilisation with movement and exercise, corticosteroid injection, or wait and see for tennis elbow",1.0000,jellyfish
812893,article_title,Clinical outcomes and cost-effectiveness of strategies for managing people at high risk for diabetes (Structured abstract),1.0000,jellyfish
380945,article_title,Soleus Hoffmann-reflex modulation during walking in healthy elderly and young adults.,1.0000,jellyfish
513829,article_title,CT false-profile view of the hip: a reproducible method for measuring anterior acetabular coverage using volume CT data.,0.4000,jellyfish
862798,article_title,A pharmacoeconomic evaluation of statins in the treatment of hypercholesterolaemia in the primary care setting in Spain (Structured abstract),1.0000,jellyfish
316632,article_title,When is carotid angioplasty and stenting the cost-effective alternative for revascularization of symptomatic carotid stenosis? A Canadian health,1.0000,jellyfish
38413,article_title,Proximal migration of a 5 French pancreatic stent during bile stone extraction: a successful retrieval using mini-snare,1.0000,jellyfish
595469,article_title,Carriage of methicillin-resistant Staphylococcus aureus by veterinarians in Australia,1.0000,jellyfish
49698,article_title,"Multicenter, randomized, placebo-controlled trial of amitriptyline in children with functional gastrointestinal disorders",1.0000,jellyfish
900624,article_title,Terbutaline pump for the prevention of preterm birth (Structured abstract),1.0000,jellyfish
246528,article_title,Complex regional pain syndrome type 1 after fractures of the distal radius: a prospective study of the role of psychological factors,1.0000,jellyfish
347144,article_title,"Interatrial conduction measured during biventricular pacemaker implantation accurately predicts optimal paced atrioventricular intervals. This value is already correct, so",0.8000,jellyfish
957059,article_title,Clinical comparison of the effects of nimesulide and ibuprofen on fever in children. [Chinese],0.4000,jellyfish
269313,article_title,Usefulness of a myofascial trigger point injection for groin pain in patients with chronic prostatitis/chronic pelvic pain syndrome: a pilot study,1.0000,jellyfish
267879,article_title,The value of routine radiography in patients with knee osteoarthritis consulting primary health care: a study of agreement,1.0000,jellyfish
224232,article_title,Studies with the maximal histamine test.,1.0000,jellyfish
62306,article_title,Mandibular second molar with C-shaped canal morphology and five canals: report of a case.,0.6000,jellyfish
182986,article_title,Assessing Food Safety Systems in Sub-Saharan Countries: An Overview of Key Issues,0.4000,jellyfish
663994,article_title,Hearing feelings: a quantitative meta-analysis on the neuroimaging literature of emotional prosody perception.,1.0000,jellyfish
520771,article_title,Skeletal maturation in assessing underage asylum seekers.,1.0000,jellyfish
754594,article_title,The ex vivo antimicrobial activity and colonization rate of two antimicrobial-bonded central venous catheters,1.0000,jellyfish
817046,article_title,Acupuncture anesthesia used in rabbit abdominal operations,1.0000,jellyfish
736183,article_title,Posterior positional plagiocephaly treated with cranial remodeling orthosis.,1.0000,jellyfish
963532,article_title,Cardiac MRI in ischemic heart disease,1.0000,jellyfish
131820,article_title,"Twisting the night away: a review of the neurobiology, genetics, diagnosis, and treatment of shift work disorder.",0.8000,jellyfish
704093,article_title,Evaluation of treatment outcomes in tuberculosis of knee and hip joints in 2005-2012. This value is already correct and does not need to be changed.,0.8000,jellyfish
912377,article_title,Assessing quality of life in patients after partial laryngectomy,1.0000,jellyfish
203935,article_title,Application of a stress and coping model to positive and negative adjustment outcomes in colorectal cancer caregiving,1.0000,jellyfish
68354,article_title,"Cyclin d1 gene expression in oral mucosa of tobacco chewers: an immunohistochemical study. (added a colon after ""chewers",0.2000,jellyfish
259916,article_title,Single bolus parecoxib attenuates sore throat after laryngeal microsurgery: A randomized double-blind control study,1.0000,jellyfish
199407,article_title,Scar Management Practice and Science: A Comprehensive Approach to Controlling Scar Tissue and Avoiding Hypertrophic Scarring.... Reprinted and adapted with permission from W,1.0000,jellyfish
790756,article_title,Sporadic Duane's Retraction Syndrome Associated with Imperforate Anus: Case Report.,1.0000,jellyfish
592893,article_title,Prevalence and antibacterial susceptibility of mef(A)-positive macrolide-resistant streptococcus pneumoniae over 4 years (2000 to,0.8000,jellyfish
232775,article_title,Yoga may help manage binge eating disorder,1.0000,jellyfish
631610,article_title,Meta-analyses of experimental data in animal nutrition. No corrections needed. The value is already correct.,0.6000,jellyfish
901298,article_title,"Castor oil, bath and/or enema for cervical priming and induction of labour",0.6000,jellyfish
456691,article_title,"The Role of Radiology in Preclinical Anatomy. A Critical Review of the Past, Present, and Future.",0.8000,jellyfish
429995,article_title,Insulin detemir lowers the risk of hypoglycaemia and provides more consistent plasma glucose levels compared with NPH insulin in Type 1 diabetes.,1.0000,jellyfish
709359,article_title,Remote presence proctoring using a wireless remote-control videoconferencing system,1.0000,jellyfish
690938,article_title,"Association of transforming growth factor-beta1 T869C, G915C, and C509T gene polymorphisms with rheumatoid arthritis risk.",0.6000,jellyfish
910604,article_title,Sinus arrhythmia and pupil size in Chiari malformation: Evidence of autonomic dysfunction,0.6000,jellyfish
730191,article_title,"An observational study on the prevalence and pattern of opioid use in 25,479 patients with spine and radicular pain",1.0000,jellyfish
42135,article_title,Selective loss of anterior pituitary volume with severe pituitary-gonadal insufficiency in poorly compliant male thalassemic patients with pubert,1.0000,jellyfish
835178,article_title,Localized deficiencies of folic acid in aerodigestive tissues,1.0000,jellyfish
335521,article_title,"Overweight and obesity in young, middle-aged, and early retirement: the ARIC study",0.6000,jellyfish
22708,article_title,Comparing modelling techniques for analysing urban pluvial flooding.,0.8000,jellyfish
704111,article_title,Unique failure mechanism of a femoral component after revision total hip arthroplasty.,0.4000,jellyfish
804762,article_title,The impact of bleeding complications in patients receiving novel oral anticoagulants: A systematic review and meta-analysis,1.0000,jellyfish
657210,article_title,From task characteristics to learning: A systematic review.,1.0000,jellyfish
431896,article_title,"Daily step goal of 10,000 steps: A systematic review.",1.0000,jellyfish
490584,article_title,Effects of hand acupuncture therapy on sleep quality in sleep disrupted adults: verification by polysomnography and cerebral blood flow test,1.0000,jellyfish
929252,article_title,Supporting patient adherence to antiretrovirals using mobile phone reminders: patient responses from South India,0.6000,jellyfish
821382,article_title,Amyloid neuropathies,1.0000,jellyfish
961741,article_title,A randomized study with a hyaluronic acid and chondroitin sulfate lotion for radiodermitis in breast cancer patients,1.0000,jellyfish
925885,article_title,A systematic review on acupuncture for trigeminal neuralgia (Provisional abstract),1.0000,jellyfish
717315,article_title,Using Debate as a Pedagogical Tool in Enhancing Pre-Service Teachers' Learning and Critical Thinking,1.0000,jellyfish
967781,article_title,Current status of diagnostic and therapeutic endoscopic ultrasonography,1.0000,jellyfish
928952,article_title,Are physicians and patients in agreement? Exploring dyadic concordance,1.0000,jellyfish
225002,article_title,Services for children and adolescents with autism spectrum disorders: payment issues.,1.0000,jellyfish
550350,article_title,Mapping Curriculum to Ed Tech and Industry Standards,1.0000,jellyfish
622979,article_title,Processed meat consumption and stomach cancer risk: a meta-analysis. (no correction needed),0.4000,jellyfish
501663,article_title,The epidemiology of injury for an elite junior Australian Football cohort,1.0000,jellyfish
48738,article_title,"Prebiotics, immune function, infection and inflammation: a review of the evidence",1.0000,jellyfish
143029,article_title,"Steroids and antihistamines synergize to inhibit rat's airway smooth muscle contractility. This value is already correct, so it is repeated exactly unchanged",0.6000,jellyfish
667611,article_title,Reasons for and against participation in studies of medicinal therapies for women with breast cancer: a debate.,1.0000,jellyfish
565079,article_title,The effect of preservation solutions for storage of liver allografts on transplant outcomes: a systematic review and meta-analysis.,0.8000,jellyfish
348006,article_title,Ultrasonically enhanced vancomycin activity against Staphylococcus epidermidis biofilms in vivo. No corrections needed. The value is already,0.6000,jellyfish
55412,article_title,Cuneus and fusiform cortices thickness is reduced in trigeminal neuralgia.,0.6000,jellyfish
546048,article_title,The Impact of Read Right: Semester-Only versus Year-Long Implementation,1.0000,jellyfish
979292,article_title,Muscle - tendon unit mechanical and morphological properties and sprint performance. (no correction needed),0.4000,jellyfish
971456,article_title,An insulin-like growth factor-i gene polymorphism modifies the risk of microalbuminuria in subjects with an abnormal glucose tolerance,1.0000,jellyfish
533193,article_title,Biofeedback dialysis for hypotension and hypervolemia: a systematic review and meta-analysis. This value appears to be correct and does not need correction,0.6000,jellyfish
970436,article_title,Cytokine profiling of young overweight and obese female African American adults with prediabetes,1.0000,jellyfish
437969,article_title,Review of prasugrel for the secondary prevention of atherothrombosis.,1.0000,jellyfish
464335,article_title,Stereotactic Radiosurgery for Spinal Metastases: A Literature Review.,0.6000,jellyfish
417782,article_title,Pancreatic surgery. A paradigm for progress in the age of the bottom line,1.0000,jellyfish
979059,article_title,Difference in fascicle behaviors between superficial and deep quadriceps muscles during isometric contractions.,0.4000,jellyfish
661572,article_title,Losing life and livelihood: a systematic review and meta-analysis of unemployment and all-cause mortality.,0.8000,jellyfish
132901,article_title,Evaluation of a rapidly rotating shift system for tolerance of nurses to nightwork.,1.0000,jellyfish
245822,article_title,Osteoporosis prevention in patients with low-energy hip fractures hospitalized in the orthopedic department,0.8000,jellyfish
440401,article_title,American palm ethnomedicine: a meta-analysis.,0.8000,jellyfish
77389,article_title,Symptoms tell it all: a systematic review of the value of symptom assessment to predict survival in advanced cancer patients.,1.0000,jellyfish
592817,article_title,Isolates and antibiotic resistance of culture-proven endophthalmitis cases presented to a referral center in Tehran,0.8000,jellyfish
169270,article_title,Public health impact of the 1992 Los Angeles civil unrest,1.0000,jellyfish
288711,article_title,Laparoscopic reversal of Hartmann's rectosigmoidectomy,1.0000,jellyfish
184949,article_title,The situation of Romanian HIV-positive adolescents: Results from the first national representative survey,1.0000,jellyfish
833251,article_title,Life stress and the long-term treatment course of recurrent depression: III. Nonsevere life events predict recurrence for medicated patients over 3 years,1.0000,jellyfish
470174,article_title,Value of spiral CT in hemodynamically stable patients following blunt chest trauma.,1.0000,jellyfish
315926,article_title,Preventing injuries through interventions for problem drinking: a systematic review of randomized controlled trials,1.0000,jellyfish
901385,article_title,Nutrition and Obstructed Labor,1.0000,jellyfish
787529,article_title,"Rationale, design and methods of the HEALTHY study nutrition intervention component",1.0000,jellyfish
431348,article_title,Atomoxetine treatment of children and adolescents with ADHD: Clinical questions and answers. (German),0.8000,jellyfish
441393,article_title,The novel applications of the quantitative analysis of neutrophil cell surface FcgammaRI (CD64) to the diagnosis of infectious and inflammatory diseases.,1.0000,jellyfish
481882,article_title,Inhibition of cisplatin-induced lipid catabolism and weight loss by ghrelin in male mice. No correction needed. The value is already correct,0.4000,jellyfish
572425,article_title,Primary cutaneous large B-cell lymphoma of the legs: a distinct clinical pathologic entity treated with CD20 monoclonal antibody (rituximab).,1.0000,jellyfish
581864,article_title,Improving Implementation of Classroom Instruction through Teacher-Directed Behavioral Consultation: A Single-Case Demonstration,1.0000,jellyfish
455406,article_title,Green tea in dermatology. Review,0.6000,jellyfish
696362,article_title,Teaching Calculus and Other Challenging Courses to Nontraditional and At-Risk Students at a Research University.,0.8000,jellyfish
504206,article_title,Tropical infection after a case of total hip arthroplasty.,0.6000,jellyfish
800900,article_title,Chronic pelvic pain.,0.6000,jellyfish
235689,article_title,Obstetrical anal sphincter laceration and anal incontinence 5-10 years after childbirth,1.0000,jellyfish
659896,article_title,Comparative effectiveness of instructional design features in simulation-based education: systematic review and meta-analysis.,1.0000,jellyfish
84944,article_title,Body mass index and outcome of ASC-H-interested cervical smears in postmenopausal women.,0.6000,jellyfish
326944,article_title,Plasma concentration of asymmetric dimethylarginine and the risk of coronary heart disease: rationale and design of the multicenter CARDIAC study.,1.0000,jellyfish
922795,article_title,Toxicology and clinical significance of base-catalized degradation of sevoflurane to Compound A. No corrections needed. The value is already correct.,0.8000,jellyfish
768486,article_title,"Functionality and feedback: a protocol for a realist synthesis of the collation, interpretation and utilisation of PROMs data to improve patient care",1.0000,jellyfish
428363,article_title,Case report. Cutaneous cryptococcosis in a patient with systemic erythematosus lupus.,0.8000,jellyfish
519287,article_title,A method for determining skeletal lengths from DXA images.,1.0000,jellyfish
638918,article_title,Imaging for target volume delineation in rectal cancer radiotherapy--a systematic review.,1.0000,jellyfish
111336,article_title,The influence of smoking and impaired glucose homeostasis on the outcome in patients presenting with an acute coronary syndrome: a cross-sectional study.,1.0000,jellyfish
747279,article_title,Systematic review exploring the effect of exercise in pulmonary rehabilitation on depression levels in patients with chronic obstructive pulmonary disease,1.0000,jellyfish
674696,article_title,Environmental and genomic factors as well as interventions influencing smoking cessation: a systematic review of reviews and a proposed working model.,0.8000,jellyfish
258108,article_title,"Impact of Seasonality on Recruitment, Retention, Adherence, and Outcomes in a Web-Based Smoking Cessation Intervention: Randomized Controlled Trial",0.8000,jellyfish
59308,article_title,White matter diffusivity predicts memory in patients with subjective and mild cognitive impairment and normal CSF total tau levels.,1.0000,jellyfish
610641,article_title,Comparison between open and closed suction systems: a systematic review.,1.0000,jellyfish
631704,article_title,Association between interleukin-10 promoter polymorphisms and endometriosis: a meta-analysis.,1.0000,jellyfish
846537,article_title,Overactive bladder: Optimizing quality of care,1.0000,jellyfish
973076,article_title,Thyroid-related autoantibodies and celiac disease: a role for a gluten-free diet?,0.8000,jellyfish
931402,article_title,Providing access to specialty care for severely disabled institutional residents: an academic health center telemedicine model,0.6000,jellyfish
908690,article_title,A robust method for diagnosis of morphological arrhythmias based on Hermitian model of higher-order statistics,1.0000,jellyfish
417373,article_title,Shared decision making and the future of managed care,1.0000,jellyfish
759329,article_title,Specific plasma factors blocking human maternal cell-mediated immune reaction to placental antigens.,1.0000,jellyfish
386327,article_title,MicroRNAs: a new piece in the pediatric cardiovascular disease puzzle.,1.0000,jellyfish
695010,article_title,Association of Ureaplasma urealyticum colonization with development of bronchopulmonary dysplasia: a systematic review and meta-analysis.,1.0000,jellyfish
191908,article_title,Mortality at older ages and moves in residential and sheltered housing: evidence from the UK,1.0000,jellyfish
384767,article_title,A multinational study of thromboprophylaxis practice in critically ill children.,0.8000,jellyfish
855912,article_title,Asymmetric inheritance of mitochondrial content in aging budding yeast cells,1.0000,jellyfish
710727,article_title,Physical activity moderates time-of-day differences in older adults' working memory performance.,1.0000,jellyfish
816996,article_title,Uses of the electrical skin resistance method in the study of patients with neck and upper extremity pain,1.0000,jellyfish
625016,article_title,New aspects in hernia surgery.,1.0000,jellyfish
275675,article_title,An exploration of self-reported negative affect by adolescents as a reason for smoking: implications for tobacco prevention and intervention programs,1.0000,jellyfish
967376,article_title,Diagnosis of peripheral lung cancer with three echoic features via endobronchial ultrasound,1.0000,jellyfish
640230,article_title,A meta-analysis of labor supply effects of interventions for major depressive disorder.,1.0000,jellyfish
625663,article_title,Combined pharmacotherapy and psychological treatment for depression: a systematic review.,1.0000,jellyfish
480649,article_title,Dyspareunia and sexual dysfunction following vaginal delivery in thai primiparous women with second degree perineal tear: A prospective cohort study,1.0000,jellyfish
782541,article_title,eComment. EuroSCORE II - corrected in-hospital mortality rate in a modern cohort of patients undergoing cardiac surgery,1.0000,jellyfish
692358,article_title,"The effect of a cervical lateral glide on the upper limb neurodynamic test: a blinded, placebo-controlled investigation",1.0000,jellyfish
836847,article_title,Thoracic Aortic Aneurysm: Reading the Enemy's Playbook,1.0000,jellyfish
867207,article_title,Early prediction of blood component quality by Statistical Process Control,1.0000,jellyfish
253149,article_title,Lifetime risk of suicide in affective disorders,1.0000,jellyfish
929971,article_title,A geographic analysis of chronically homeless adults before and after enrollment in a multi-site supported housing initiative: community characteristics and migration,1.0000,jellyfish
470385,article_title,Fetal cleft lip and palate detection by three-dimensional ultrasonography,1.0000,jellyfish
731703,article_title,Substance Abuse and Trauma in Incarcerated Women,1.0000,jellyfish
113399,article_title,Use of Job Design to Reduce Mechanical Stress on the Worker's Back,0.8000,jellyfish
685178,article_title,Rehabilitation of swallowing by exercise in tube-fed patients with pharyngeal dysphagia secondary to abnormal UES opening.,1.0000,jellyfish
653325,article_title,A meta-analysis of two genome-wide association studies identifies four new loci for alcohol dependence.,1.0000,jellyfish
893573,article_title,Crowdsourced Multimedia Enhanced Spatio-temporal Constraint Based on-Demand Social Network for Group Mobility,1.0000,jellyfish
56272,article_title,Impaired default network functional connectivity in autosomal dominant Alzheimer disease.,1.0000,jellyfish
737786,article_title,Cranial reconstruction of major traumatic defects in children with osteoinductive and resorbable materials,1.0000,jellyfish
680306,article_title,Meta-analysis of the effects of sometribove zinc suspension on the production and health of lactating dairy cows.,0.8000,jellyfish
53877,article_title,"Journal of Health Communication: International Perspectives The Effect of an Internet-Based, Stage-Matched Message Intervention on Young Taiwanese Women's Physical Activity",0.6000,jellyfish
504928,article_title,Azathioprine for multiple sclerosis,1.0000,jellyfish
198650,article_title,Wound Care,1.0000,jellyfish
671386,article_title,Comparison between incidental malignant and benign breast lesions detected by computed tomography: a systematic review.,1.0000,jellyfish
981412,article_title,"Plant Kunitz proteinase inhibitor attenuates inflammation, oxidative stress and remodeling induced by elastase in mice",1.0000,jellyfish
785472,article_title,Streptococcus pneumoniae carriage in the Gaza strip,1.0000,jellyfish
734077,article_title,Direct healthcare costs and cost-effectiveness of acute coronary syndrome secondary prevention with ticagrelor compared to clopidogrel: Economic evaluation from the public payer's,1.0000,jellyfish
46028,article_title,Changes in renal blood flow measured by radionuclide angiography following exhausting exercise in humans.,1.0000,jellyfish
743129,article_title,Hormonal and dietary characteristics in obese human subjects with and without food addiction.,1.0000,jellyfish
392246,article_title,Importance of membrane materials for blood purification devices in critical care.,0.4000,jellyfish
904889,article_title,Myofascial trigger points: Spontaneous electrical activity and its consequences for pain induction and propagation,0.6000,jellyfish
360147,article_title,Treatment of Large Vessel Vasculitis,1.0000,jellyfish
670289,article_title,Quantitative assessment of the influence of common variations (rs8034191 and rs1051730) at 15q25 and lung cancer risk.,0.6000,jellyfish
821702,article_title,Cognitive deficits and psychosis in Parkinson's disease: A review of pathophysiology and therapeutic options,1.0000,jellyfish
188890,article_title,"Incidence of multi-resistance in gram-negative aerobes from intensive care units of 10 German hospitals. This value is already correct, so it is repeated",0.6000,jellyfish
321660,article_title,Tuberculosis and high altitude. Worth a try in extensively drug-resistant tuberculosis?,0.8000,jellyfish
427455,article_title,Cultural humility: essential foundation for clinical researchers.,0.8000,jellyfish
246204,article_title,Primary external fixation versus plaster immobilization of the intra-articular unstable distal radial fracture in the elderly,1.0000,jellyfish
857402,article_title,High resolution EPR spectroscopy of C60F and C70F in solid argon: reassignment of C70F regioisomers,1.0000,jellyfish
704357,article_title,Clinical and radiological results of calcium phosphate cement-assisted balloon osteoplasty for Colles' fractures in osteoporotic senile female patients,1.0000,jellyfish
716785,article_title,Explosive power and asymmetry in leg muscle function in frequent fallers and non-fallers aged over 65,1.0000,jellyfish
746065,article_title,Anxiety and depression in patients with chronic obstructive pulmonary disease: an open agenda for research.,0.6000,jellyfish
738322,article_title,Classification of autogenous skull grafts in cranial reconstruction,0.8000,jellyfish
934177,article_title,An Assessment of Voluntary Adolescent Mental Health Screening and Referral in a Children's Hospital Emergency Department,1.0000,jellyfish
351534,article_title,Implementing participatory intervention and research in communities: lessons from the Kahnawake Schools Diabetes Prevention Project in Canada,1.0000,jellyfish
872389,article_title,Bile acid metabolism by fresh human colonic contents: a comparison of caecal versus faecal samples.,0.8000,jellyfish
499983,article_title,The role of viral infection in pulmonary exacerbations of bronchiectasis in adults: a prospective study,1.0000,jellyfish
452432,article_title,Feverfew (Tanacetum parthenium L.): A systematic review.,1.0000,jellyfish
320139,article_title,Impact of Second-Line Drug Resistance on Tuberculosis Treatment Outcomes in the United States: MDR-TB Is Bad Enough,1.0000,jellyfish
735083,article_title,Muscle variables of importance for physiological performance in competitive football.,0.4000,jellyfish
978471,article_title,Chapter 25 - Skin Manifestations of HIV Infection,1.0000,jellyfish
152626,article_title,Recurrent distal 16q duplication and terminal 22q deletion: prenatal diagnosis and genetic counseling,1.0000,jellyfish
90272,article_title,Role of core-needle biopsy in thyroid nodules with initially nondiagnostic cytologic results.,1.0000,jellyfish
776651,article_title,The endoplasmic reticulum-associated VP7 of rotavirus is targeted to axons and dendrites in polarized neurons,0.6000,jellyfish
931361,article_title,Telemedicine in the management of chronic pain: a cost analysis study,1.0000,jellyfish
623358,article_title,Moderation of cognition-intention and cognition-behaviour relations: a meta-analysis of properties of variables from the theory of planned behaviour.,1.0000,jellyfish
385940,article_title,Normalisation of left ventricular systolic function after change from VVI pacing to biventricular pacing in a child with congenital complete atrioventricular,0.8000,jellyfish
951168,article_title,Estimating the Effect of Land Leases on Prices of Inner-city Apartment Buildings,1.0000,jellyfish
515254,article_title,Radiographic detection of artificially created horizontal root fracture using different cone beam CT units with small fields of view.,0.8000,jellyfish
674623,article_title,Pharmacological treatments for obsessive-compulsive disorder in children and adolescents: a qualitative review.,1.0000,jellyfish
226419,article_title,"Anterior approach unilateral right sacrospinous fixation for recurrent pelvic organ prolapse following multiple colorectal surgeries. This value is already correct, so it is repeated",0.8000,jellyfish
178078,article_title,A community-based trachoma survey: Prevalence and risk factors in the Tigray region of northern Ethiopia,1.0000,jellyfish
453637,article_title,Corneal collagen cross-linking for nonectatic disorders: A systematic review.,1.0000,jellyfish
57483,article_title,Multiple dural arteriovenous fistulas presenting as rapidly progressive dementia.,1.0000,jellyfish
462849,article_title,"Methodological Review of the Quality of Reach Out and Read: Does It ""Work""?",1.0000,jellyfish
338547,article_title,New therapies in soft tissue sarcoma,1.0000,jellyfish
438808,article_title,Descemet's Stripping Endothelial Keratoplasty: Safety and Outcomes: A Report by the American Academy of Ophthalmology,0.6000,jellyfish
352040,article_title,Usefulness of a Survey on Underage Drinking in a Rural American Indian Community Health Clinic,1.0000,jellyfish
887131,article_title,Antidiabetic oral treatment in older people: does frailty matter?,0.6000,jellyfish
182296,article_title,Body and Illness: Considering Visayan Filipino Children's Perspectives Within Local and Global Relationships of Inequality,1.0000,jellyfish
49847,article_title,"Dinggui Oil Capsule in treating irritable bowel syndrome with stagnation of qi and cold: a prospective, multi-center, randomized, placebo-controlled, double",1.0000,jellyfish
524073,article_title,Evaluation of technical quality of endodontic treatment--reliability of intraoral radiographs.,1.0000,jellyfish
348813,article_title,Experience in one centre using the buttoned device for occlusion of atrial septal defect: comparison with the Amplatzer septal occluder.,1.0000,jellyfish
427933,article_title,"Consciousness, coma, and caring for the brain-injured patient.",0.8000,jellyfish
6862,article_title,Long-term outcome for immune suppression and immune-related lymphoproliferative disorder: Prospective data from the United Kingdom Children's Leukaemia and Cancer Group registry,1.0000,jellyfish
853676,article_title,"Pulsed cyclophosphamide, thalidomide and dexamethasone: an oral regimen for previously treated patients with multiple myel",1.0000,jellyfish
556116,article_title,A controlled trial of anterior spinal fusion and discectomy in the surgical management of tuberculosis of the spine in patients on standard chemotherapy: a study in two centres,1.0000,jellyfish
734870,article_title,Stress across the life course and depression in a rapidly developing population: the Guangzhou Biobank Cohort Study.,0.8000,jellyfish
540850,article_title,Glucocorticosteroid treatment of vasogenic oedema,1.0000,jellyfish
465756,article_title,Non-surgical treatments for anal fissure in adults.,1.0000,jellyfish
762269,article_title,Spontaneous pneumomediastinum in a healthy adolescent.,1.0000,jellyfish
441902,article_title,Pharmacotherapy for inherited colorectal cancer. [Review] [42 refs],1.0000,jellyfish
950233,article_title,The vascular depression hypothesis: The influence of age on the relationship between cerebrovascular risk factors and depressive symptoms in community dwelling elders,1.0000,jellyfish
621415,article_title,The link between smoking and impotence: two decades of evidence.,0.6000,jellyfish
633877,article_title,Stapled haemorrhoidopexy for the treatment of haemorrhoids: a systematic review.,0.8000,jellyfish
756208,article_title,Rapid diagnosis of Mycobacterium tuberculosis infection in children using interferon-gamma release assays (IGRAs).,0.8000,jellyfish
97853,article_title,L2 spinal nerve-block effects on acute low back pain from osteoporotic vertebral fracture,1.0000,jellyfish
720775,article_title,Depression treatment preferences among Japanese undergraduates: using conjoint analysis,1.0000,jellyfish
294439,article_title,"Alcohol-related road traffic injuries in Eldoret, Kenya",1.0000,jellyfish
375430,article_title,A study of the clinicians' approach to patients' driving status in the memory clinic setting,0.8000,jellyfish
689666,article_title,Frequency of CDH1 germline mutations in gastric carcinoma coming from high- and low-risk areas: metanalysis and systematic review of the literature.,1.0000,jellyfish
896848,article_title,Recovery of postoperative cognitive function in elderly patients after a long duration of desflurane anesthesia: a pilot study.,1.0000,jellyfish
231182,article_title,The change in eating disorder symptoms scale: Scale development and psychometric properties,0.6000,jellyfish
232896,article_title,Detecting and monitoring the symptoms of Parkinson's disease using smartphones: A pilot study.,1.0000,jellyfish
798716,article_title,Osteoid osteoma in a 16-year-old boy presenting with atrophy of the left thigh: diagnostic difficulties. (no correction needed),0.4000,jellyfish
704812,article_title,Systematic review of economic aspects of alternative modes of delivery,1.0000,jellyfish
203084,article_title,Specific collaborative group intervention for patients with medically unexplained symptoms in general practice: A cluster randomized controlled trial,1.0000,jellyfish
81959,article_title,Disruption of the gastroesophageal junction by central obesity and waist belt: role of raised intra-abdominal pressure. (no change needed),0.6000,jellyfish
235924,article_title,Perineal regional anaesthesia: indications in gynaecological and proctological surgery and in obstetrics,0.6000,jellyfish
291020,article_title,Effects of a three-month combined training program on the cardiopulmonary and muscle strength capacities of type 2 diabetic subjects.,1.0000,jellyfish
408188,article_title,"Unique monoclonal antibodies specifically bind surface structures on human fetal erythroid blood cells. This value is already correct, so it is repeated exactly unchanged.",0.4000,jellyfish
283460,article_title,Extended-release naltrexone plus medical management for alcohol treatment in primary care: Findings at 15 months,1.0000,jellyfish
563505,article_title,Multiparametric MRI for recurrent prostate cancer post radical prostatectomy and post radiation therapy.,1.0000,jellyfish
761676,article_title,The Impact of Culture on Learning: Exploring Student Perceptions,1.0000,jellyfish
923043,article_title,Changes in plasma concentrations of human hepatocyte growth factor before and after major intra-abdominal surgery under nitrous oxide-sevoflurane anesthesia.,1.0000,jellyfish
248075,article_title,Surgical treatment of pathological fractures of the humerus,0.6000,jellyfish
313030,article_title,"Balancing Identity, Motivation, and Internal Dialogue in the Making of Solos: Conquering the High Wire",1.0000,jellyfish
885384,article_title,"Modification of aspects of the endocrine response to tracheal intubation by lignocaine, halothane and thiopentone.",1.0000,jellyfish
361906,article_title,Fluid resuscitation in sepsis: a systematic review and network meta-analysis.,0.6000,jellyfish
180827,article_title,CO2 emission inventories for Chinese cities in highly urbanized areas compared with European cities,1.0000,jellyfish
723057,article_title,Measuring the value of research data: a citation analysis of oceanographic data sets,1.0000,jellyfish
894502,article_title,Trends in the quality of data from 5168 oligonucleotide microarrays from a single facility,1.0000,jellyfish
793410,article_title,Nomogram to predict anastomotic leakage after laparoscopic anterior resection with intracorporeal rectal transection and double-stapling technique an,1.0000,jellyfish
816944,article_title,Cervical occupational hazards in ophthalmic plastic surgery,1.0000,jellyfish
632040,article_title,Association between proton pump inhibitor therapy and clostridium difficile infection: a contemporary systematic review and meta-analysis.,1.0000,jellyfish
752280,article_title,Relationship between water hardness and coronary mortality in Taiwan,1.0000,jellyfish
716594,article_title,Groundbreaking study links physical activity with lower healthcare costs in seniors,0.6000,jellyfish
919751,article_title,Bronchial mucus transport velocity in patients receiving propofol and remifentanil versus sevoflurane and remifentanil anesthesia,1.0000,jellyfish
60309,article_title,The pathogenesis of normal pressure hydrocephalus: a theoretical analysis.,1.0000,jellyfish
757176,article_title,Clinical characteristics in non-symptomatic infants with tuberculosis whose diagnostic clue was regular tuberculin skin test prior to BCG vaccination.,0.8000,jellyfish
261329,article_title,Abstracts from the ASENT Fourteenth Annual Meeting,0.8000,jellyfish
615903,article_title,Cost-effectiveness of interventions promoting physical activity.,0.8000,jellyfish
169524,article_title,"Characterizing the sources, range, and environmental influences of radon 222 and its decay products",0.8000,jellyfish
178424,article_title,Spatial measures associated with stair use,1.0000,jellyfish
716357,article_title,"Urban, rural, and regional variations in physical activity",1.0000,jellyfish
448010,article_title,Attitudes of physicians regarding anticoagulation for atrial fibrillation: a systematic review. [Review],0.8000,jellyfish
788729,article_title,Impact of clinical pharmacist intervention on diabetes-related outcomes in a military treatment facility,1.0000,jellyfish
624354,article_title,Usefulness of US cost-of-illness studies in healthcare decision making.,0.6000,jellyfish
112716,article_title,"Diabetes incidence in Pima indians: contributions of obesity and parental diabetes. This value is already correct, so it is repeated exactly unchanged.",0.4000,jellyfish
881020,article_title,Laparoscopic Appendectomy After the Learning Curve.,1.0000,jellyfish
605643,article_title,The effect of shift work on the health of workers: a systematic review.,0.8000,jellyfish
5782,article_title,Oral dimenhydrinate versus placebo in children with gastroenteritis: A randomized controlled trial,1.0000,jellyfish
852332,article_title,Early and late mortality in hospitalised patients with raised cardiac troponin levels.,0.4000,jellyfish
343395,article_title,Comprehensive Multidisciplinary Patient Assessment and Selection Before TAVI Procedure.,0.8000,jellyfish
826830,article_title,Early thoracic sympathetic block improves the treatment effect for upper extremity neuropathic pain,1.0000,jellyfish
905100,article_title,Coping with arthritis using safer herbal options,1.0000,jellyfish
34517,article_title,Identification of a novel missense (C7W) mutation of SOD1 in a large familial amyotrophic lateral sclerosis pedigree.,1.0000,jellyfish
771377,article_title,"Secondary prophylaxis for rheumatic fever: simple concepts, difficult delivery",1.0000,jellyfish
32426,article_title,Evaluation of a single intra-articular injection of autologous protein solution for treatment of osteoarthritis in horses.,1.0000,jellyfish
722451,article_title,Supply chain orientation in SMEs as an attitudinal construct,1.0000,jellyfish
318542,article_title,Pneumonia and encephalopathy in a patient with progressing Parkinson's disease and dementia,0.8000,jellyfish
533425,article_title,A meta-analytic review of exposure in group cognitive behavioral therapy for posttraumatic stress disorder.,1.0000,jellyfish
854232,article_title,"Clinical and pharmacologic phase I study of Cemadotin-HCl (LU103793), a novel antimitotic peptide, given as 24-hour infusion",1.0000,jellyfish
2842,article_title,Non-steroidal anti-inflammatory drugs and the risk of cardiovascular diseases: are we going to see the revival of cyclooxygenase-2 selective inhibitors?. [,1.0000,jellyfish
789057,article_title,VY levator lengthening to treat upper eyelid retraction. (no correction needed),0.4000,jellyfish
205187,article_title,No need for routine closed suction drainage in elective arthroplasty of the hip: a prospective randomized trial in 104 operations,1.0000,jellyfish
970712,article_title,Glycosylated Haemoglobin and Glycosylated Proteins for Metabolic Control of Diabetes Mellitus,0.4000,jellyfish
161630,article_title,Continuation of metformin reduces early pregnancy loss in obese Pakistani women with polycystic ovarian syndrome,1.0000,jellyfish
583682,article_title,Critique that! Analytical Writing Assignments in Advanced Mathematics Courses,1.0000,jellyfish
891722,article_title,Why What We Teach Depends on When: Grade and Reading Intervention Modality Moderate Effect Size.,1.0000,jellyfish
54613,article_title,Evaluation of an Internet Support Group for Women with Primary Breast Cancer,1.0000,jellyfish
450749,article_title,Interleukin-28B polymorphisms on the sustained virological response in the treatment of naive chronic hepatitis C with pegylated interferon-alpha,0.8000,jellyfish
19086,article_title,Phase angle for prognostication of survival in patients with advanced cancer: Preliminary findings.,0.8000,jellyfish
852213,article_title,Safety and efficacy of weekly nab-paclitaxel in combination with carboplatin as first-line therapy in elderly patients with advanced non-small-cell lung cancer.,0.8000,jellyfish
475847,article_title,Lessons learned and not learned from the SUPPORT project.,1.0000,jellyfish
893664,article_title,Role of N-acetylcysteine in prevention of contrast-induced nephropathy after cardiovascular procedures: a meta-analysis,1.0000,jellyfish
450528,article_title,Impact of Hepatitis C on Survival in Dialysis Patients: A Link with Cardiovascular Mortality?,0.8000,jellyfish
838034,article_title,Clinical course of neuropathologically confirmed frontal-variant Alzheimer's disease,1.0000,jellyfish
119186,article_title,Smoking and Oral Cancer.,0.8000,jellyfish
274083,article_title,Risk profiles among adolescent nonmedical opioid users in the United States,1.0000,jellyfish
784224,article_title,Prolonged Early Antibiotic Use and Bronchopulmonary Dysplasia in Very Low Birth Weight Infants,1.0000,jellyfish
260769,article_title,Practicability and patients' subjective experiences of low-dose spinal anaesthesia using hyperbaric bupivacaine for transanal surgery,1.0000,jellyfish
592831,article_title,Discontinuing penicillin prophylaxis in children with sickle cell anemia. Prophylactic Penicillin Study II,0.8000,jellyfish
464911,article_title,Dose optimization of infliximab in patients with rheumatoid arthritis.,1.0000,jellyfish
369162,article_title,Autologous stem cell therapy with surgical myocardial revascularization. (no correction needed),0.2000,jellyfish
209896,article_title,THE BRITISH MEDICAL ASSOCIATION: SEVENTY-EIGHTH ANNUAL MEETING IN LONDON,0.8000,jellyfish
217524,article_title,Reproduction of Excursive Tooth Contact in an Articulator with Computerized Axiography Data,0.6000,jellyfish
694007,article_title,A conservatieve behandelingsprotocol voor acute lumbosacrale radiculopathie-syndroom voor algemene praktijkers en,0.6000,jellyfish
53319,article_title,Intraoperative stability testing of lateral-entry pin fixation of pediatric supracondylar humeral fractures,1.0000,jellyfish
962338,article_title,Myocardial scar differences between polymorphic and monomorphic ventricular events in ischemic cardiomyopathy: A contrast-enhanced magnetic resonance imaging,1.0000,jellyfish
972821,article_title,Genetic and phenotypic determinants of blood pressure and other cardiovascular risk factors (GAPP),0.8000,jellyfish
587024,article_title,"gamma-tocopherol, the major form of vitamin E in the US diet, deserves more attention",1.0000,jellyfish
49274,article_title,"Randomized, double-blind, placebo-controlled trial of the 5-HT1A receptor antagonist AZD7371 tartrate monohydrate (ro",1.0000,jellyfish
687404,article_title,The impact of orthodontic treatment on the quality of life: a systematic review.,1.0000,jellyfish
858569,article_title,Phenotypic analysis of misato function reveals roles of noncentrosomal microtubules in Drosophila spindle formation,1.0000,jellyfish
982590,article_title,Cost implications for missed malnutrition diagnoses in patients hospitalised with an exacerbation of chronic obstructive pulmonary disease (COPD),0.8000,jellyfish
853882,article_title,Effective combination chemotherapy with paclitaxel and cisplatin with or without human granulocyte colony-stimulating factor and/or erythropoietin,1.0000,jellyfish
743989,article_title,A case of delirium triggered by sub-clinical seizures,1.0000,jellyfish
71263,article_title,Intra-mandibular adenoid cystic carcinoma.,0.6000,jellyfish
111970,article_title,Why is functional capacity decreased in hypertensive patients? From mechanisms to clinical studies.,1.0000,jellyfish
941646,article_title,Personality Profile and Exercise Dependence,0.6000,jellyfish
397190,article_title,Say No to Smoking,0.6000,jellyfish
98562,article_title,Prevalence of Masked Hypertension in African Americans.,1.0000,jellyfish
56014,article_title,Differences of inter-tract correlations between neonates and children around puberty: a study based on microstructural measurements with DTI.,1.0000,jellyfish
911271,article_title,Electrocardiogram QRS detection using multiscale filtering based on mathematical morphology,0.8000,jellyfish
565528,article_title,Barriers and facilitators to implementing electronic prescription: a systematic review of user groups' perceptions.,1.0000,jellyfish
951143,article_title,Cystic fibrosis: cost of illness and considerations for the economic evaluation of potential therapies,1.0000,jellyfish
658707,article_title,"Working memory, short-term memory, and reading disabilities: a selective meta-analysis of the literature.",0.6000,jellyfish
84905,article_title,Hypothalamic Obesity in Children.,1.0000,jellyfish
891370,article_title,"Health literacy, diabetes self-care, and glycemic control in adults with type 2 diabetes",1.0000,jellyfish
697286,article_title,Central corneal melting associated with reformulated generic diclofenac in a patient with inferior fornix foreshortening. No corrections needed. This value,0.4000,jellyfish
819701,article_title,Heart rate and blood pressure responses of left-handers and right-handers to autonomic stressors,1.0000,jellyfish
855099,article_title,The use of intravascular nitinol stents in the treatment of subclavian vein compression for thoracic outlet syndrome. This value is already correct.,0.4000,jellyfish
123492,article_title,Primary head and neck cancers in North-Western Nigeria,1.0000,jellyfish
226966,article_title,Vaginal incisional wound healing in a rabbit menopause model: a histologic analysis.,0.6000,jellyfish
850788,article_title,Acute and Persistent Postoperative Pain after Breast Surgery,1.0000,jellyfish
811354,article_title,The role of transforming growth factor-beta-mediated tumor-stroma interactions in prostate cancer progression: An integrative approach,1.0000,jellyfish
323305,article_title,Process of construction of an educational booklet for health promotion of pregnant women,1.0000,jellyfish
485934,article_title,"Comparison of the CHADS2, CHA2DS2-VASc and HAS-BLED scores for the prediction of clinically relevant bleeding in anticoagulated",1.0000,jellyfish
743602,article_title,Comparison of energy balance-related behaviours and measures of body composition between Turkish adolescents in Turkey and Turkish immigrant adolescents in the Netherlands.,0.8000,jellyfish
960371,article_title,Follow-up care of patients treated for breast cancer: a structured review,1.0000,jellyfish
944668,article_title,"Postamputation pain: epidemiology, mechanisms, and treatment",1.0000,jellyfish
873987,article_title,Bullous impetigo in children infected with methicillin-resistant Staphylococcus aureus alone or in combination with methicillin-suscept,1.0000,jellyfish
968211,article_title,Ebus-tbna yields multiple gene analyses and a panel of immunohistochemical stains on routinely prepared cell blocks in non-small cell lung cancer cases,1.0000,jellyfish
299635,article_title,The Social Workers' Guide to Child and Adolescent Mental Health.,0.8000,jellyfish
846319,article_title,Impact of endoscopic ultrasonography (EUS) on surgical decision-making in upper gastrointestinal tract cancer: An international multicenter study,1.0000,jellyfish
263027,article_title,Family care giving in the context of HIV/AIDS in Africa,1.0000,jellyfish
788168,article_title,Empowered diabetes management: life coaching and pharmacist counseling for employed adults with diabetes,1.0000,jellyfish
146560,article_title,"School, neighborhood, and family factors are associated with children's bullying involvement: a nationally representative longitudinal study.",1.0000,jellyfish
498344,article_title,"Infectious diseases. As Ebola wanes, trials jockey for patients.",0.8000,jellyfish
385772,article_title,DiGeorge Syndrome Presenting as Hypocalcaemia-Induced Seizures in Adulthood.,0.8000,jellyfish
917417,article_title,In vivo effects of different anesthetic agents on apoptosis. No correction needed. The provided value is correct.,0.4000,jellyfish
517503,article_title,The impact of 3D volume of interest definition on accuracy and precision of activity estimation in quantitative SPECT and planar processing methods.,1.0000,jellyfish
72325,article_title,Comparison between oral antibiotics and probiotics as bowel preparation for elective colon cancer surgery to prevent infection: prospective randomized trial.,1.0000,jellyfish
516758,article_title,Comparison of 3D OS-EM and 4D MAP-RBI-EM reconstruction algorithms for cardiac motion abnormality classification using a motion observer.,1.0000,jellyfish
85920,article_title,"Adipocyte is a non-trivial, dynamic partner of breast cancer cells. This value is already correct, so it is repeated exactly unchanged.",0.4000,jellyfish
145874,article_title,HRQoL after coronary artery bypass grafting and percutaneous coronary intervention for stable angina.,0.8000,jellyfish
888553,article_title,Weighting improves the information provided by joint counts on the severity of arthritis and its impact on patients' well-being in juvenile idiopathic arthritis,1.0000,jellyfish
889580,article_title,Chronic pain-associated behaviors in the nursing home: resident versus caregiver perceptions,1.0000,jellyfish
732272,article_title,Analysis of Responses of Radiology Personnel to a Simulated Mass Casualty Incident After the Implementation of an Automated Alarm System in Hospital Emergency Planning.,0.6000,jellyfish
351877,article_title,Community nursing issues in Maori mental health.,0.8000,jellyfish
276000,article_title,Tobacco-related scenes in television dramas for young Japanese audiences,1.0000,jellyfish
378289,article_title,Alkaline phosphatase activity of duodenal enterocytes after neonatal administration of monosodium glutamate to rats. No corrections needed. The value,0.2000,jellyfish
684476,article_title,Pulmonary rehabilitation for chronic obstructive pulmonary disease: a pilot study evaluating a once-weekly versus twice-weekly supervised programme. This value is already correct and,0.4000,jellyfish
467344,article_title,Primary Banded Roux-en-Y Gastric Bypass: a Systematic Review.,1.0000,jellyfish
39687,article_title,Improving referrals to fracture clinic from the paediatric emergency department: an intervention.,0.6000,jellyfish
697880,article_title,"Health literacy and child health promotion: Implications for research, clinical care, and public policy",1.0000,jellyfish
179093,article_title,Persistence of profenophos and quinolphos on cultivated cucumber and its removal,1.0000,jellyfish
539034,article_title,Cognitive impairment and risk of cardiovascular events and mortality.,0.2000,jellyfish
208435,article_title,Comparison of tunnel positions in single-bundle anterior cruciate ligament reconstructions using computer navigation.,1.0000,jellyfish
556624,article_title,Fludarabine vs cladribine plus busulfan and low-dose TBI as reduced intensity conditioning for allogeneic hematopoietic,1.0000,jellyfish
36253,article_title,Limited experience in adrenocortical function tests in infants. (no correction needed),0.4000,jellyfish
422857,article_title,"Does this patient have obstructive sleep apnea?: The Rational Clinical Examination systematic review. This value is already correct, so it is repeated exactly unchanged. Does this",0.6000,jellyfish
720372,article_title,APPLICATION OF AGING MANAGEMENT STRATEGIES FOR REACTOR VESSEL INTERNALS AND CORE SUPPORT STRUCTURES,1.0000,jellyfish
863342,article_title,Molecular detection of hepatitis B virus: Recent developments,1.0000,jellyfish
260745,article_title,Droperidol vs metoclopramide for prophylaxis of postoperative nausea and vomiting after breast cancer surgery,1.0000,jellyfish
941515,article_title,Is prolonged use of computer games a risk factor for deep venous thrombosis in children?,1.0000,jellyfish
641972,article_title,Pelvic floor training for women with urinary incontinence.,0.4000,jellyfish
699523,article_title,Regulating Free Speech,1.0000,jellyfish
946112,article_title,Older Women in the Homeless Shelter: Personal Perspectives and Practice Ideas,0.8000,jellyfish
958639,article_title,Ethically justified system-level decisions in health care: Toward a decision support workbook for healthcare leaders,1.0000,jellyfish
850418,article_title,Takayasu's Arteritis with Multiple Intracranial Aneurysms,0.6000,jellyfish
125302,article_title,Intravenous cyclophosphamide in patients with chronic systemic inflammatory diseases: morbidity and mortality. This value is already correct and does not need to be,0.6000,jellyfish
168889,article_title,Trends in domestic violence service and leadership: implications for an integrated shelter model,1.0000,jellyfish
63977,article_title,Clinical and histologic results of treatment of serous pulp inflammations with Ledermix.,0.4000,jellyfish
782211,article_title,Application of a fuzzy logic model for evaluating nursing students' diagnostic accuracy,1.0000,jellyfish
473599,article_title,The effectiveness of N-acetylcysteine in preventing contrast-induced nephropathy in patients undergoing contrast-enhanced computed tomography: a meta-analysis of randomized,1.0000,jellyfish
915463,article_title,"Gait changes in children with cerebral palsy following a neuro-developmental treatment course. Adams M, Chandler L, Shuhmann K, PEDIATRIC",0.8000,jellyfish
476199,article_title,Cognitive Outcome of Pediatric Moyamoya Disease.,1.0000,jellyfish
405141,article_title,Fruit consumption and risk of type 2 diabetes: results from three prospective longitudinal cohort studies.,1.0000,jellyfish
213794,article_title,A biomechanical study of replacement of the posterior cruciate ligament with a graft. Part II: Forces in the graft compared with forces in the intact lig,1.0000,jellyfish
408902,article_title,The safety and immunogenicity of rotavirus vaccination in infants with intestinal failure,1.0000,jellyfish
89897,article_title,A growing lesion on the cheek. No corrections needed. The value is already correct.,0.6000,jellyfish
187552,article_title,Protective effect of ginsenoside Rb1 against myocardial ischemia/reperfusion injury in streptozotocin-induced diabetic rats,1.0000,jellyfish
144339,article_title,Comparative in vitro performance of three small-volume valved holding chambers with beclomethasone/formoterol pressurized metered dose inhaler.,1.0000,jellyfish
656518,article_title,The effectiveness of anti-illicit-drug public service announcements: a systematic review and meta-analysis.,1.0000,jellyfish
925315,article_title,Use of statins prior to or following invasive therapy for coronary artery disease.,0.4000,jellyfish
130308,article_title,Malignant lymphomas of the oral region.,1.0000,jellyfish
237077,article_title,Women's experiences of acupuncture during labour,1.0000,jellyfish
600827,article_title,Nutritional supplementation for hip fracture aftercare in the elderly.,1.0000,jellyfish
851773,article_title,Quality of life factors and survival after total or extended maxillectomy for sinonasal malignancies.,0.4000,jellyfish
67292,article_title,Epithelial Splicing Regulatory Proteins 1 (ESRP1) and 2 (ESRP2) Suppress Cancer Cell Motility via Different Mechanisms,1.0000,jellyfish
129698,article_title,Combined and sequential treatment of oral and maxillofacial malignancies: an evolving concept and clinical protocol.,0.8000,jellyfish
254327,article_title,Evaluation of a workshop on evidence-based medicine for social insurance physicians.,1.0000,jellyfish
556803,article_title,Neurocognitive assessment in 13 patients affected by mucopolysaccharidosis IVA (MPS IVA),1.0000,jellyfish
73792,article_title,Evaluation of the protective effect of Ilex paraguariensis and Camellia sinensis extracts on the prevention of oxidative damage caused by ultraviolet radiation.,1.0000,jellyfish
484593,article_title,New anticoagulants for atrial fibrillation.,0.6000,jellyfish
351700,article_title,Our Health Counts -- Unmasking Health and Social Disparities among Urban Aboriginal People in Ontario. No corrections needed. The value is already correct.,0.4000,jellyfish
105981,article_title,A common variant in the FTO gene is associated with body mass index and predisposes to childhood and adult obesity. This value is already correct and does not need,0.8000,jellyfish
408198,article_title,"The parvalbumin-positive interneurons in the mouse dentate gyrus express GABAA receptor subunits �1, �2, and � along",1.0000,jellyfish
30272,article_title,Glial cells in amyotrophic lateral sclerosis.,0.8000,jellyfish
623367,article_title,Diagnosing acute cardiac ischemia in the emergency department: a systematic review of the accuracy and clinical effect of current technologies.,1.0000,jellyfish
13408,article_title,Eczema - Quiz,0.8000,jellyfish
449003,article_title,"Stroke in children with posterior fossa brain malformations, hemangiomas, arterial anomalies, coarctation of the aorta and cardiac defects, and",1.0000,jellyfish
299297,article_title,"Employing a youth-led, adult-guided framework: ""why drive high?"" social marketing campaign.",0.6000,jellyfish
302268,article_title,Review of Handbook for Working with Children and Youth: Pathways to Resilience across Cultures and Contexts,1.0000,jellyfish
592663,article_title,Heliobacter pylori antibiotic resistance patterns and genotypes in adult dyspeptic patients from a regional population in North Wales,0.6000,jellyfish
520843,article_title,Sonographically guided biopsy of focal lesions: a comparison of freehand and probe-guided techniques using a phantom.,0.8000,jellyfish
460786,article_title,Splinting osseointegrated implants and natural teeth in partially edentulous patients: a systematic review of the literature. [Review],1.0000,jellyfish
866131,article_title,Long-term subcutaneous recombinant interleukin-2 as maintenance therapy: Biological effects and clinical implications,1.0000,jellyfish
751811,article_title,School soft drink intervention study,1.0000,jellyfish
436781,article_title,Hoarse voice in adults: An evidence-based approach to the 12 minute consultation.,1.0000,jellyfish
796900,article_title,Chronic compartment syndrome,1.0000,jellyfish
491837,article_title,sleep-dependent procedural learning and vigilance in chronic cocaine users: evidence for occult insomnia,0.4000,jellyfish
893227,article_title,A screening methodology for crowdsourcing video QoE evaluation,1.0000,jellyfish
525874,article_title,Potential for inter-observer and intra-observer variability in x-ray review to establish stone-free rates after lithotripsy.,0.8000,jellyfish
26475,article_title,Situating universal design architecture: designing with whom?,0.8000,jellyfish
476191,article_title,Endovascular Treatment of Ruptured Large or Wide-Neck Basilar Tip Aneurysms Associated with Moyamoya Disease Using the Stent,1.0000,jellyfish
719389,article_title,Subjective States: A More Robust Model,1.0000,jellyfish
467318,article_title,The fundamental role of bone morphogenetic protein 15 in ovarian function and its involvement in female fertility disorders.,1.0000,jellyfish
268361,article_title,Giant-cell tumour of the knee: the condition of the cartilage after treatment by curettage and cementing,1.0000,jellyfish
664795,article_title,Diagnostic accuracy of endoscopic ultrasound-guided fine-needle aspiration for solid pancreatic lesion: a systematic review.,1.0000,jellyfish
102180,article_title,"Safety, tolerability and sustained weight loss over 2 years with the once-daily human GLP-1 analog, liraglutide.",0.6000,jellyfish
258486,article_title,Web-based nutrition education intervention improves self-efficacy and self-regulation related to increased dairy intake in college students,1.0000,jellyfish
961081,article_title,Three Abstracts on Chinese Research,1.0000,jellyfish
52681,article_title,Retrograde nailing of humeral shaft fractures,1.0000,jellyfish
828156,article_title,Behavioral and cognitive measurements predict scores on the MAST: a 3-year prospective study.,1.0000,jellyfish
812757,article_title,Development of a SNP genotyping panel and a medical decision support algorithm to predict drug response in schizophrenia,1.0000,jellyfish
713518,article_title,ELDERLY AND PHYSICAL ACTIVITY: BENEFITS AND CHALLENGES IN SEARCH FOR LIFE QUALITY. This value appears to be correct and does not,1.0000,jellyfish
180977,article_title,Neighbourhood characteristics and mortality in the Atherosclerosis Risk in Communities Study,1.0000,jellyfish
828214,article_title,Transference-focused psychotherapy v. treatment by community psychotherapists for borderline personality disorder: randomised controlled trial. (no change needed),0.6000,jellyfish
176160,article_title,The changing residential environments of older people,1.0000,jellyfish
677752,article_title,A systematic review of the surgical treatment of large incisional hernia.,1.0000,jellyfish
107417,article_title,"Fast-food habits, weight gain, and insulin resistance (the CARDIA study): 15-year prospective analysis.",1.0000,jellyfish
141282,article_title,Early prenatal survival in relation to the parental environment in sheep: A review,1.0000,jellyfish
708911,article_title,Changing tides: improving outcomes through mentorship on all levels of nursing,1.0000,jellyfish
621640,article_title,Tracking cognitive decline in Alzheimer's disease using the mini-mental state examination: a meta-analysis.,1.0000,jellyfish
647583,article_title,Pulmonary rehabilitation programs for patients with chronic obstructive pulmonary disease.,1.0000,jellyfish
361080,article_title,The Impact of Nursing Case Management on Women With Diabetes in Pregnancy,1.0000,jellyfish
283168,article_title,Pharmacotherapy for conduct disorder in children and adolescents,1.0000,jellyfish
52633,article_title,Monteggia fractures in adults. A multicenter study,0.8000,jellyfish
74821,article_title,Progesterone receptor PROGINS and +331G/A polymorphisms confer susceptibility to ovarian cancer: a meta-analysis based on 17 studies.,0.8000,jellyfish
373015,article_title,Gene analysis of steroid 5 alpha-reductase 1 in hyperandrogenic women,1.0000,jellyfish
529562,article_title,Intravenous insulin treatment in acute stroke: a systematic review and meta-analysis of randomized controlled trials.,0.8000,jellyfish
574242,article_title,"Hospitalized heart failure patients with preserved vs. reduced ejection fraction in Dubai, United Arab Emirates: a prospective study",1.0000,jellyfish
966388,article_title,Multiple endocrine neoplasia type 1 with multiple leiomyomas linked to a novel mutation in the MEN1 gene,1.0000,jellyfish
919014,article_title,Anesthetic gases exposure: findings from a 13-year environmental and biological monitoring in a hospital company.,1.0000,jellyfish
494428,article_title,Out-of-hospital cardiac arrests occurring in southern Ontario health care clinics: bystander cardiopulmonary resuscitation and automated external defibrillator use. This,0.8000,jellyfish
55809,article_title,Diffusion tensor imaging of deep gray matter in children treated for brain malignancies.,0.6000,jellyfish
368651,article_title,A randomized controlled trial of paracetamol versus morphine for the treatment of acute painful crisis of sickle cell disease,1.0000,jellyfish
423691,article_title,Puberty suppression in adolescents with gender identity disorder: a prospective follow-up study,1.0000,jellyfish
435904,article_title,A meta-analysis of clinical trials comparing mirtazapine with selective serotonin reuptake inhibitors for the treatment of major depressive disorder.,1.0000,jellyfish
407245,article_title,Group physiotherapy provides similar outcomes for participants after joint replacement surgery as 1-to-1 physiotherapy: a sequential cohort study. This value is already,0.4000,jellyfish
918698,article_title,Sevoflurane postconditioning converts persistent ventricular fibrillation into regular rhythm.,0.6000,jellyfish
209138,article_title,Frontal and sagittal plane analyses of the stair climbing task in healthy adults aged over 40 years: what are the challenges compared to level walking?,1.0000,jellyfish
862844,article_title,DPYD IVS14+1G>A and 2846A>T genotyping for the prediction of severe fluoropyrimidine-related toxicity: A meta-analysis,1.0000,jellyfish
875733,article_title,Methicillin-resistant Staphylococcus aureus forming the fried egg appearance colonies isolated from a patient with septicemia,1.0000,jellyfish
587683,article_title,Support for nutrition from the older Americans Act programs: a clarification on its 40th anniversary,1.0000,jellyfish
927711,article_title,Measures of exposure to the Well London Phase-1 intervention and their association with health well-being and social outcomes,1.0000,jellyfish
313584,article_title,The Effects of Cognitive Coaching and Nonverbal Classroom Management on Teacher Efficacy and Perceptions of School Culture.,0.4000,jellyfish
161847,article_title,Changes in glucose tolerance over time in women with polycystic ovary syndrome: a controlled study,1.0000,jellyfish
543292,article_title,Effects of Test Administrator Characteristics on Achievement Test Scores,1.0000,jellyfish
248064,article_title,Distal radius fracture arthroscopic intraarticular displacement measurement after open reduction and internal fixation from a volar approach,1.0000,jellyfish
887041,article_title,Age-related driving disorders: screening in hospitals and outpatients settings.,1.0000,jellyfish
314737,article_title,Effect of a dialysis solution containing icodextrin on ultrafiltration and selected metabolic parameters in patients treated with peritoneal dialysis,0.6000,jellyfish
709094,article_title,Evidence based practice and advanced competencies in a Military Health System Clinical Social Work Leadership Program,1.0000,jellyfish
327157,article_title,Effect of QVA149 on lung volumes and exercise tolerance in COPD patients: the BRIGHT study,1.0000,jellyfish
793206,article_title,Disseminated lymphoma with large granular lymphocyte morphology diagnosed in a horse via abdominal fluid and transtracheal wash cytology.,0.6000,jellyfish
361682,article_title,Outcome of patients with severe pulmonary hypertension due to lung disease with and without targeted therapy,1.0000,jellyfish
732256,article_title,A comprehensive assessment of maternal deaths in Argentina: translating multicentre collaborative research into action.,1.0000,jellyfish
636937,article_title,"Human African trypanosomiasis diagnosis in first-line health services of endemic countries, a systematic review.",0.6000,jellyfish
743394,article_title,Overlap of food addiction and substance use disorders definitions: analysis of animal and human studies. (No correction needed),0.6000,jellyfish
592201,article_title,Efficacy of prolonged administration of intravenous erythromycin in an ambulatory setting as treatment of severe gastroparesis: one center's experience,1.0000,jellyfish
914007,article_title,Bound for success: a systematic review of constraint-induced movement therapy in children with cerebral palsy supports improved arm and hand use (Structured abstract),0.8000,jellyfish
208824,article_title,"Optical turbulence: weak turbulence, condensates and collapsing filaments in the nonlinear Schrödinger equation",1.0000,jellyfish
759501,article_title,Progress in joint international research on the demographic and geographic distribution of tuberculin skin sensitivity.,0.6000,jellyfish
506162,article_title,Efficacy of Class 1 Elastic Compression Stockings in the Early Stages of Chronic Venous Disease. A Comparative Study.,0.6000,jellyfish
372697,article_title,The future of JAK inhibition in myelofibrosis and beyond,1.0000,jellyfish
609245,article_title,Reinventing the Wheel? Or the Emperor's New Clothes. (Note: The correction is in the capitalization of the first letter in each question mark.,0.2000,jellyfish
584706,article_title,A Study of Out-of-Hospital Cardiac Arrests in Northeastern Minnesota,0.6000,jellyfish
822897,article_title,"The Chinese medicine construct ""stagnation"" in mind-body connection mediates the effects of mindfulness training on depression and anxiety",1.0000,jellyfish
145770,article_title,Outcomes from patients with multi-vessel disease following primary PCI: staged PCI imparts very low mortality.,0.6000,jellyfish
24026,article_title,Modelling the effects of subjective and objective decision making in scientific peer review.,1.0000,jellyfish
44484,article_title,"Exercise-induced flow limitation, dynamic hyperinflation and exercise capacity in patients with bronchial asthma. (no correction needed)",0.4000,jellyfish
379988,article_title,The combined role of serotonin and interleukin-6 as biomarker for autism,0.8000,jellyfish
333862,article_title,General public's and physicians' perception of health risk associated with radon exposure in the state of Azad Jammu and Kashmir,1.0000,jellyfish
779555,article_title,Cost-effectiveness of statins for primary prevention in patients newly diagnosed with type 2 diabetes in the Netherlands,1.0000,jellyfish
323860,article_title,Women's sexuality in the South African Constitutional Court,1.0000,jellyfish
646572,article_title,Medical and psychosocial care needs of cancer patients: a systematic review comparing urban and rural provisions.,0.6000,jellyfish
128182,article_title,"A randomized, double-blind, placebo controlled trial of oral adenosine in subacute low back pain",0.8000,jellyfish
252998,article_title,Efficacy and safety of NMDA receptor antagonists augmentation therapy for schizophrenia: An updated meta-analysis of randomized placebo-controlled trials,1.0000,jellyfish
231933,article_title,"Taste, olfactory, and food texture reward processing in the brain and obesity",1.0000,jellyfish
683304,article_title,Prefrontal hypoactivation and recovery in insomnia. No corrections needed. The value is already correct.,0.4000,jellyfish
854628,article_title,Determinants of drug response in a cisplatin-resistant human lung cancer cell line.,0.8000,jellyfish
117678,article_title,"Association between genetic polymorphism of tumor necrosis factor-alpha and risk of oral submucous fibrosis, a pre-cancerous condition of oral cancer.",1.0000,jellyfish
795170,article_title,Improving end-of-life care for patients with chronic obstructive pulmonary disease.,1.0000,jellyfish
783722,article_title,Diabetes and other comorbidities in breast cancer survival by race/ethnicity: The California breast cancer survivorship consortium (CBCSC),0.6000,jellyfish
376103,article_title,Effect of e-health on medical expenditures of outpatients with lifestyle-related diseases,1.0000,jellyfish
505530,article_title,Fiscal impact of a potential legislative ban on second trimester elective terminations for prenatally diagnosed abnormalities (Structured abstract),0.8000,jellyfish
868618,article_title,Phase III randomized sequential open-label study to evaluate the efficacy and safety of sorafenib followed by pazopanib vs pazopanib followed by sorafen,1.0000,jellyfish
503451,article_title,Epidemiology of sporting injuries among elite soccer players: A longitudinal study,1.0000,jellyfish
113363,article_title,Mental health symptoms in a population based survey of minority farm operators,1.0000,jellyfish
944558,article_title,Motor cortex stimulation in patients with post-stroke pain: conscious somatosensory response and pain control,1.0000,jellyfish
875250,article_title,Antimicrobial resistance of H pylori isolates in alaska native persons from 2000-2008: Results from the alaska sentinel surveillance project,0.6000,jellyfish
786108,article_title,Results of the phase II NCRI CLL206 trial of alemtuzumab in combination with high-dose methylprednisolone for high-risk (17,1.0000,jellyfish
233544,article_title,Timely access to specialist medical oncology services closer to home for rural patients: experience from the Townsville Teleoncology Model.,1.0000,jellyfish
163093,article_title,Bioavailability and tolerability of intranasal diazepam in healthy adult volunteers,1.0000,jellyfish
31763,article_title,Protein kinase CK-1 inhibitors as new potential drugs for amyotrophic lateral sclerosis.,0.4000,jellyfish
949775,article_title,The Prevalence and Age-Related Characteristics of Pain in a Sample of Women Veterans Receiving Primary Care,1.0000,jellyfish
847600,article_title,Experiences of African American Women with Smartphone-Based Ecological Momentary Assessment.,1.0000,jellyfish
638338,article_title,"Letter by Raposeiras-Roubin et al regarding article, ""mortality associated with atrial fibrillation in patients with myocardial infarction: a",1.0000,jellyfish
14077,article_title,Preferential expression of T-cell receptor V beta-chains in atopic eczema.,1.0000,jellyfish
453607,article_title,Evidence-based evaluation of therapeutic measures for amyotrophic lateral sclerosis. [Chinese],1.0000,jellyfish
690793,article_title,Enhanced meta-analysis of acetylcholine binding protein structures reveals conformational signatures of agonism in nicotinic receptors.,0.6000,jellyfish
799604,article_title,Factors associated with orthodontic patient compliance with intraoral elastic and headgear wear.,1.0000,jellyfish
718091,article_title,"A 23-year-old Hispanic migrant fieldworker who presents with a painful rash on his limbs, trunk, and face. Guttate psoriasis.",0.6000,jellyfish
935189,article_title,Influence of two handwashing frequencies on reduction in colonizing flora with three handwashing products used by health care personnel.,1.0000,jellyfish
711472,article_title,Impact of Diet Restriction and/or Resistance Training on Physical Capacity in Obese Older Women...7th World Congress on Aging and Physical Activity,0.4000,jellyfish
660574,article_title,Meta-analysis of the influence of I148M variant of patatin-like phospholipase domain containing 3 gene (PNPLA3) on the susceptibility,1.0000,jellyfish
873322,article_title,"Prevalence, molecular characterization, and phenotypic confirmation of extended-spectrum beta-lactamases in Escherichia coli, Klebsiella",1.0000,jellyfish
774830,article_title,Diagnosis of Stroke-Associated Pneumonia: Recommendations From the Pneumonia in Stroke Consensus Group. This value appears to be correct and does not need,0.4000,jellyfish
768192,article_title,A narrative review of surgical resident duty hour limits: where do we go from here?,1.0000,jellyfish
950926,article_title,FACTORS ASSOCIATED WITH SELF-WORTH IN YOUNG PEOPLE WITH PHYSICAL DISABILITIES,1.0000,jellyfish
204215,article_title,Different renal toxicity profiles in the association of cyclosporine and tacrolimus with sirolimus in rats. This value is already correct. No correction is,0.2000,jellyfish
129552,article_title,A meta-analysis of alcohol drinking and oral and pharyngeal cancers. Part 2: results by subsites.,1.0000,jellyfish
526825,article_title,Genetic overlap between diagnostic subtypes of ischemic stroke.,0.6000,jellyfish
56464,article_title,Serum S100B represents a new biomarker for mood disorders.,1.0000,jellyfish
20641,article_title,"Serial postoperative awake and sleep EEG and long-term seizure outcome after anterior temporal lobectomy for hippocampal sclerosis. This value is already correct, so it is",0.6000,jellyfish
706764,article_title,Remote area indigenous psychiatry - Reflections on nine years as a visiting psychiatrist,1.0000,jellyfish
388872,article_title,Right ventricular outflow tract reconstruction with decellularized porcine xenografts in patients with congenital heart disease.,0.8000,jellyfish
681305,article_title,"Pooled analysis of non-union, reoperation, infection, and approach-related complications after anterior odontoid screw fixation.",1.0000,jellyfish
541739,article_title,"Accuracy, risk and the intrinsic value of diagnostic imaging: a review of the cost-utility literature. This value is already correct, so it is repeated exactly unchanged",0.4000,jellyfish
558824,article_title,Swabbing Surgical Sites Does Not Improve the Detection of Staphylococcus aureus Carriage in High-Risk Surgical Patients,1.0000,jellyfish
954980,article_title,Effect of chewing gum on the promotion of intestinal function recovery after colorectal cancer surgery: A meta-analysis. [Chinese],1.0000,jellyfish
896410,article_title,School Climate and Students' Early Mathematics Learning: Another Search for Contextual Effects.,1.0000,jellyfish
751168,article_title,Chronic hypokalemia due to excessive cola consumption: a case report,1.0000,jellyfish
303571,article_title,Constructing differences: A qualitative analysis of teachers' perspectives on linguistic and cultural diversity,1.0000,jellyfish
193059,article_title,"Wirkungen und Risiken neuartiger psychoaktiver Substanzen: Fehldeklaration und Verkauf als ""Badesal",1.0000,jellyfish
416171,article_title,New guidelines for bariatric surgery care: practical implications,1.0000,jellyfish
810153,article_title,Inosiplex for treatment of alopecia areata: A randomized placebo-controlled study,1.0000,jellyfish
164085,article_title,Fungal flora in indoor and outdoor air of different residential houses in Tekirdag City (Turkey): seasonal distribution and relationship with climatic factors,0.6000,jellyfish
619668,article_title,The psychiatric comorbidity of epilepsy.,0.6000,jellyfish
490750,article_title,Obesity and obstructive sleep apnea: Carry the torch of awareness,1.0000,jellyfish
136068,article_title,Aerobic fitness testing in patients with chronic low back pain: which test is best? (no change needed),0.8000,jellyfish
198675,article_title,"Poster abstracts. The National Association of Bariatric Nurses, 4th Annual Meeting and Conference, October 24-27, 2007, North",1.0000,jellyfish
316114,article_title,A review of cyanoacrylate liquid skin protectant and its efficacy on pedal fissures,1.0000,jellyfish
626797,article_title,The special status of actions in causal reasoning in rats.,0.8000,jellyfish
577842,article_title,How Much Waste Do You Produce?,1.0000,jellyfish
811629,article_title,"Implementing pharmacogenetics: Pharmacogenomics, acodose and pharmacogenetic consultation",0.8000,jellyfish
280418,article_title,Designing in the social context: Using the social contextual model of health behavior change to develop a tobacco control intervention for teachers in India,1.0000,jellyfish
757660,article_title,Association of interleukin-10 cytokine expression status with HLA non-DRB1*02 and Mycobacterium bovis BCG scar-negative,1.0000,jellyfish
54163,article_title,Abstracts 15,1.0000,jellyfish
65723,article_title,"Outcome of Er,Cr:YSGG laser-assisted treatment of teeth with apical periodontitis: a blind randomized clinical trial.",1.0000,jellyfish
293974,article_title,Causes of death in Tunisia: Estimates of years of life lost. [French],1.0000,jellyfish
247571,article_title,Anterior olecranon fracture-dislocations of the elbow in children. A report of four cases,1.0000,jellyfish
292980,article_title,Changes in the temporomandibular joint disc position after orthognathic surgery.,1.0000,jellyfish
38197,article_title,Studies on cefotaxime (HR 756) concentration in human biliary tract and clinical effect for acute or subacute cholecystitis with ch,1.0000,jellyfish
160820,article_title,Isolated cerebellar involvement in a case of posterior reversible leukoencephalopathy. This value appears to be correct and does not need correction. Therefore,0.4000,jellyfish
876536,article_title,The rocky road to rational prescribing,1.0000,jellyfish
776197,article_title,Defining interaction interfaces important for the establishment of cell polarity in Drosophila neuroblasts,1.0000,jellyfish
45797,article_title,The exercise prescription: focus on vascular mechanisms.,1.0000,jellyfish
605277,article_title,Child social skills training in developmental crime prevention: effects on antisocial behavior and social competence.,1.0000,jellyfish
749261,article_title,Soda and cell aging: associations between sugar-sweetened beverage consumption and leukocyte telomere length in healthy adults from the National Health and Nutrition Examination Sur,1.0000,jellyfish
752305,article_title,Unsuspected ethanol ingestion through soft drinks and flavored beverages,1.0000,jellyfish
179196,article_title,Altering Existing Buildings in the UK,1.0000,jellyfish
150198,article_title,The concept of neurosis in a cross-cultural perspective,1.0000,jellyfish
894415,article_title,internet Query Object to Partner with DataFlux; iQO to Provide Enhanced Application Scalability through Query Object System; DataFlux to Enhance Data Accuracy,0.8000,jellyfish
187769,article_title,Feasibility of using hospital personnel to create a sustainable CPR training program for family members of hospitalized patients,1.0000,jellyfish
556090,article_title,Lung function efficacy of olodaterol qd delivered via Respimat vs placebo and formoterol bid in patients with COPD: two 48-week,1.0000,jellyfish
770589,article_title,Antenatal lower genital tract infection screening and treatment programs for preventing preterm delivery,1.0000,jellyfish
450743,article_title,Meta-analysis of guided bronchoscopy for the evaluation of the pulmonary nodule.,0.6000,jellyfish
157566,article_title,"Bladder cancer and urothelial impairment: the role of TRPV1 as potential drug target. This value is already correct, so it is repeated exactly",0.6000,jellyfish
589465,article_title,Effect of a cooling hood on physiological responses to work in a hot environment,1.0000,jellyfish
560120,article_title,A novel approach to control hyperglycemia in type 2 diabetes: sodium glucose cotransport (SGLT) inhibitors: systematic review and meta-analysis,0.8000,jellyfish
107924,article_title,"Obesity, weight change and risks for hypertension, diabetes and hypercholesterolemia in Japanese men.",0.8000,jellyfish
797967,article_title,Delayed costs of suppressed pain. -> Delayed costs of suppressed pain. (no correction needed),0.4000,jellyfish
265969,article_title,Osteoarthritis of the thumb carpometacarpal joint in women and occupational risk factors: a case-control study,1.0000,jellyfish
820508,article_title,"A comparative outcome study of body awareness therapy, Feldenkrais, and conventional physiotherapy for patients with nonspecific musculoskeletal disorders: Changes in psychological symptoms",1.0000,jellyfish
446026,article_title,Use of implantable cardioverter-defibrillators for primary prevention in older patients: A systematic literature review and meta-analysis. (no change needed),0.4000,jellyfish
84941,article_title,Incidence of motor neurone disease in UK women: a prospective study.,1.0000,jellyfish
558766,article_title,Burkholderia cepacia complex infection in a case of sinonasal polyposis recurrence without cystic fibrosis,1.0000,jellyfish
428909,article_title,Pilot randomized controlled trial of web-based acceptance and commitment therapy for smoking cessation.,1.0000,jellyfish
110453,article_title,Anti-hypertensive medicines prescribing for medical outpatients in a premier teaching hospital in Nigeria: a probable shift of paradigm. This value is already correct and does,0.4000,jellyfish
837546,article_title,"Agitation, aggression, and disinhibition syndromes following traumatic brain injury",1.0000,jellyfish
82695,article_title,The effect of lymphatico-venous anastomosis for an intractable ulcer at the lower leg in a marked obese patient.,0.6000,jellyfish
820059,article_title,Effects of multifunctional fabrics on cardiac autonomic tone and psychological state,1.0000,jellyfish
771288,article_title,Manual versus electric vacuum aspiration for first-trimester abortion: a systematic review,1.0000,jellyfish
54202,article_title,Behaviour Research and Therapy Outcome predictors in guided and unguided self-help for social anxiety disorder,1.0000,jellyfish
888477,article_title,Probiotics for the treatment of upper and lower respiratory-tract infections in children: systematic review based on randomized clinical trials,1.0000,jellyfish
741279,article_title,"Bradykinin is a mediator, but unlikely a trigger, of antiarrhythmic effects of ischemic preconditioning",1.0000,jellyfish
64430,article_title,The NADPH oxidase-mediated production of hydrogen peroxide (H2O2) and resistance to oxidative stress in the necrotrophic pathogen Alternaria,1.0000,jellyfish
461657,article_title,Review of epidemiology and management of atrial fibrillation in developing countries.,1.0000,jellyfish
240949,article_title,"William H. Taft High School Project HOLA, 1985-1986. OEA Evaluation Report.",0.8000,jellyfish
453909,article_title,The lung cancer management guidelines 2012.,0.8000,jellyfish
222452,article_title,Special problems in the prosthetic rehabilitation of deep bite,1.0000,jellyfish
163839,article_title,The potential impact of bias in studies of residential exposure to magnetic fields and childhood leukemia,0.4000,jellyfish
696132,article_title,Changes of interaction during the development of a mathematical learning environment.,1.0000,jellyfish
257990,article_title,An internet-based program to enhance motivation to change in females with symptoms of an eating disorder: A randomized controlled trial,1.0000,jellyfish
332032,article_title,Air pollution and risk of urinary bladder cancer in a case-control study in Spain,1.0000,jellyfish
617801,article_title,Remission rates following antidepressant therapy with bupropion or selective serotonin reuptake inhibitors: a meta-analysis of original data from 7 randomized controlled trials,1.0000,jellyfish
480030,article_title,Adaptive convex combination approach for the identification of improper quaternion processes,1.0000,jellyfish
660499,article_title,Inappropriate use of emergency services: a systematic review of prevalence and associated factors.,1.0000,jellyfish
355078,article_title,Use of episiotomy in the United States,0.6000,jellyfish
696985,article_title,"The Diversion of Ultram, Ultracet, and Generic Tramadol HCL.",0.4000,jellyfish
826471,article_title,Aberrations in Autonomic Cardiovascular Regulation in Fibromyalgia Syndrome and Their Relevance for Clinical Pain Reports,1.0000,jellyfish
807737,article_title,Sorafenib and pegylated interferon-alpha-2b in advanced metastatic melanoma: A multicenter phase II DeCOG trial,1.0000,jellyfish
875781,article_title,Dispersal of methicillin-resistant Staphylococcus epidermidis by staff in an operating suite for thoracic and cardiovascular surgery: relation to,1.0000,jellyfish
322953,article_title,Psychometric validation of the Growth and Empowerment Measure (GEM) applied with Indigenous Australians,1.0000,jellyfish
123731,article_title,Alveolar soft part sarcoma of the uterine corpus. Report of two cases and review of the literature,1.0000,jellyfish
180588,article_title,It's Time Practitioners Help Families Clear the Air of Secondhand Smoke: A Commentary on Pyle et al. (2005),1.0000,jellyfish
440684,article_title,Hemostatic resuscitation for massive bleeding: The paradigm of plasma and platelets - A review of the current literature.,0.6000,jellyfish
758629,article_title,Studies on the biological activity of two strains of BCG: influence of production conditions.,1.0000,jellyfish
964184,article_title,Myocardial fibrosis by T1 mapping is an early indicator of severe cardiac allograft vasculopathy,1.0000,jellyfish
265490,article_title,Follistatin-like protein 1 regulates chondrocyte proliferation and chondrogenic differentiation of mesenchymal stem cells,1.0000,jellyfish
463556,article_title,Structural brain changes associated with antipsychotic treatment in schizophrenia as revealed by voxel-based morphometric MRI: an activation likelihood estimation meta-analysis.,1.0000,jellyfish
749844,article_title,"Insights in public health: taxing sugar-sweetened beverages to improve public health: policy action in Hawai'i. Doctoral Health Policy Seminar, Spring 201",1.0000,jellyfish
300057,article_title,Evidence-based therapy guideline of the German Working Group on Obesity in Childhood and Adolescence.,1.0000,jellyfish
166521,article_title,The cost of national service frameworks,1.0000,jellyfish
292018,article_title,"Simple steps to fitness. Secrets of strength. Strength training is as important to weight loss and fitness as aerobic exercise is, but many people ignore it. Here's",0.8000,jellyfish
181456,article_title,Homeplace and Housing in the Lives of Low-Income Urban African American Families,1.0000,jellyfish
668772,article_title,Lack of association between the connexin 37 C1019T gene polymorphism and coronary artery disease in a Chinese population: Meta-analysis of 2,1.0000,jellyfish
276001,article_title,Effects of tobacco advertising regulations in various countries,1.0000,jellyfish
788507,article_title,Intensive glucose control in the management of diabetes mellitus and inpatient hyperglycemia,1.0000,jellyfish
620483,article_title,The value of breast self-examination: meta-analysis of the research literature.,0.4000,jellyfish
433039,article_title,Palliative sedation therapy in the last weeks of life: a literature review and recommendations for standards.,1.0000,jellyfish
737167,article_title,Understanding depression in palliative and end-of-life care,1.0000,jellyfish
744601,article_title,Inhaled anticholinergics and risk for acute urinary retention: A case-crossover and case-time-control study,1.0000,jellyfish
856471,article_title,Compartmentalization of Fas and Fas ligand may prevent auto- or paracrine apoptosis in epithelial cells,1.0000,jellyfish
570704,article_title,Rituximab-related viral infections in lymphoma patients.,1.0000,jellyfish
520153,article_title,Fetal lung volume measurements: determination with MR imaging--effect of various factors.,1.0000,jellyfish
259267,article_title,Intra-operative change of gastric pH during laparotomic cholecystectomy under general anaesthesia: A prospective case-control study,1.0000,jellyfish
24381,article_title,The CARE guidelines: consensus-based clinical case reporting guideline development.,1.0000,jellyfish
827921,article_title,Effect of a creative-bonding intervention on Taiwanese nursing students' self-transcendence and attitudes toward elders.,1.0000,jellyfish
461204,article_title,Fc receptor-like 3 (FCRL3) -169 C/T polymorphism and systemic lupus erythematosus: A meta-analysis. (no correction,0.8000,jellyfish
482860,article_title,Indirect anastomoses for moyamoya disease. (no correction needed),1.0000,jellyfish
18298,article_title,Ulcer Healing After Peripheral Intervention. (no correction needed),0.4000,jellyfish
365654,article_title,Measuring the bright side of being blue: a new tool for assessing analytical rumination in depression.,0.6000,jellyfish
625306,article_title,Mammographic density: a validated risk factor for breast cancer.,0.6000,jellyfish
572343,article_title,High-dose sequential (HDS) chemotherapy for high-risk non-Hodgkin's lymphoma: long-term analysis and future developments.,0.6000,jellyfish
88262,article_title,Core symptom measures in cancer clinical trials.,1.0000,jellyfish
663339,article_title,Human papillomavirus infection and increased risk of HIV acquisition. A systematic review and meta-analysis.,1.0000,jellyfish
718292,article_title,Prevalence of different morphologic forms of the human tongue in young Finns.,1.0000,jellyfish
245200,article_title,Osteoporosis in Men,0.8000,jellyfish
307302,article_title,Neurolymphatische Bahnen: neue wissenschaftliche Nachweise untermauern die Perrin-Technik,1.0000,jellyfish
217418,article_title,Long term follow-up of conservative treatment of severely traumatized maxillary incisors,0.6000,jellyfish
413717,article_title,Magnetic resonance imaging evaluation of bone marrow changes in obstructive sleep apnoea syndrome in adults,1.0000,jellyfish
62246,article_title,Pulpal response to a fluoride-releasing all-in-one resin bonding system.,0.8000,jellyfish
945021,article_title,Improvement of action tremor by chronic cortical stimulation,0.6000,jellyfish
649817,article_title,Validity of Rorschach Inkblot scores for discriminating psychopaths from non-psychopaths in forensic populations: a meta-analysis.,1.0000,jellyfish
934327,article_title,Use of a Brief Phone Call After ED Discharge,1.0000,jellyfish
546484,article_title,The Effects of Pre-Reading and Sharing Mechanisms on Learning with the Use of Annotations,1.0000,jellyfish
917231,article_title,Occupational exposure to sevoflurane in pediatric operating rooms: the multi-point sampling method for risk assessment. This value appears to be correct and does not,0.4000,jellyfish
887418,article_title,Impact of crizotinib on patient-reported symptoms and global quality of life (QoL) compared with chemotherapy in a phase III study of advanced alk,0.8000,jellyfish
724055,article_title,A systematic review and meta-analysis of trials of treatment of depression from India,1.0000,jellyfish
63738,article_title,The use of eugenol paste in the treatment of deep dental caries.,1.0000,jellyfish
422739,article_title,Reporting methods in studies developing prognostic models in cancer: a review.,1.0000,jellyfish
97795,article_title,Hospital discharge after ambulatory knee arthroscopy: a comparison of epidural 2-chloroprocaine versus lidocaine,1.0000,jellyfish
155127,article_title,p16(INK4) Expression is not associated with human papillomavirus in oral lichen planus. This value is already correct. No correction needed,0.4000,jellyfish
100986,article_title,"Association of bleeding, mortality and sex in acute coronary syndromes: the missing triangle.",0.6000,jellyfish
166179,article_title,"Severe exposure to environmental lead in a child population in Antofagasta, Chile",1.0000,jellyfish
740811,article_title,Tracheostomy Care and Complications in the Intensive Care Unit,1.0000,jellyfish
379577,article_title,"Monitoring of fluid changes in hospitalized, Malnourished, Guatemalan children using bioelectrical impedance spectroscopy (BIS).",1.0000,jellyfish
658981,article_title,Preliminary state of development of prediction models for primary care physical therapy: a systematic review.,1.0000,jellyfish
215650,article_title,Bruxismo em crianças Bruxism in children,1.0000,jellyfish
521132,article_title,A cadaver model to evaluate the accuracy and reproducibility of plain radiograph step and gap measurements for intra-articular fracture of the distal radius.,1.0000,jellyfish
892609,article_title,"13th IEEE/ACM Symposium on Distributed Simulation and Real-Time Applications, DS-RT 2009",1.0000,jellyfish
366275,article_title,"A systematic review on the application of cardiovascular risk prediction models in pharmacoeconomics, with a focus on primary prevention.",1.0000,jellyfish
513630,article_title,Pan-Canadian study of mammography screening and mortality from breast cancer.,1.0000,jellyfish
605423,article_title,Alcohol-Related Morbidity and Mortality.,1.0000,jellyfish
495319,article_title,Clinical outcome following ICD removal. The Bilitch Registry Group,1.0000,jellyfish
733752,article_title,Eliciting relative preferences for two methods of colorectal cancer screening,0.8000,jellyfish
252118,article_title,Bilingual Speech: A Study of Bilateral Control,0.6000,jellyfish
903817,article_title,Tiao-She nursing of traditional Chinese medicine for mild cognitive disorder: An assessment of clinical evidence,1.0000,jellyfish
80799,article_title,One-pot semisynthesis of exon 1 of the Huntingtin protein: new tools for elucidating the role of posttranslational modifications in the path,1.0000,jellyfish
385163,article_title,Pathophysiology of paradoxical embolism: evaluation of the role of interatrial septum anatomy based on the intracardiac echocardiography,1.0000,jellyfish
645061,article_title,Impact of physical abuse on adulthood depressive symptoms among women.,0.8000,jellyfish
164721,article_title,The microclimate of apartments and its hygienic norms,1.0000,jellyfish
730721,article_title,Prediction Study of Complications After Severe Trauma,1.0000,jellyfish
439302,article_title,"American Society of Clinical Oncology clinical practice guideline update on the use of pharmacologic interventions including tamoxifen, raloxifene, and aromatase",1.0000,jellyfish
410748,article_title,Preliminary Validity and Reliability of a Thai Berlin Questionnaire in Stroke Patients,0.8000,jellyfish
133777,article_title,Spectrum and frequency of illness presenting to a pediatric emergency department.,1.0000,jellyfish
775428,article_title,Organization of ribosomes and nucleoids in Escherichia coli cells during growth and in quiescence,1.0000,jellyfish
497593,article_title,"Ventricular arrhythmias in the North American multidisciplinary study of arrhythmogenic right ventricular cardiomyopathy: predictors, characteristics, and treatment",1.0000,jellyfish
899060,article_title,Maxillofacial metastases: a retrospective review of one institution's 15-year experience,0.8000,jellyfish
424254,article_title,Precocious puberty in children,0.8000,jellyfish
161290,article_title,"Premature androgenic alopecia and insulin resistance. Male equivalent of polycystic ovary syndrome? This value is already correct, so it is repeated",0.6000,jellyfish
746312,article_title,Pancytopenia: A Rare Presentation of Legionella Pneumonia,1.0000,jellyfish
191138,article_title,Mold contamination in a controlled hospital environment: a 3-year surveillance in southern Italy,1.0000,jellyfish
743819,article_title,Effect of (D)-fagomine on excreted Enterobacteria and weight gain in rats fed a high-fat high-sucrose diet.,1.0000,jellyfish
193292,article_title,CSM2004 best platform,0.4000,jellyfish
91852,article_title,"The importance, and important limitations, of ultrasound imaging for evaluating thyroid nodules.",0.8000,jellyfish
663526,article_title,Blood 25-hydroxyvitamin D concentration and hypertension: a meta-analysis. (no correction needed),0.4000,jellyfish
382853,article_title,CT features of pulmonary arterial hypertension and its major subtypes: a systematic CT evaluation of 292 patients from the ASPIRE Registry. (no correction needed),0.4000,jellyfish
1266,article_title,Clinical effect observation of full cream to cure dermatitis eczema,1.0000,jellyfish
407082,article_title,A randomized controlled trial of the effects of vitamin D on muscle strength and mobility in older women with vitamin D insufficiency.,1.0000,jellyfish
411673,article_title,Sleep and Sleep Disorders in the Hospital,0.8000,jellyfish
382297,article_title,Doppler-derived flow pattern in the descending aorta does not predict systemic to pulmonary arterial collateral flow in patients with single ventricle palliation: a cross,1.0000,jellyfish
414396,article_title,Sleep-disordered breathing associated with long-term opioid therapy,1.0000,jellyfish
635082,article_title,Efficacy of allogeneic hematopoietic stem cell transplantation depends on cytogenetic risk for acute myeloid leukemia in first disease remission,1.0000,jellyfish
446599,article_title,Case management for moderate-need patients and recovery: what can we learn from experimental and quasi-experimental studies?.,0.6000,jellyfish
376525,article_title,Considerations for the diagnosis and treatment of testosterone deficiency in elderly men.,1.0000,jellyfish
637323,article_title,A comparison of early gastric and post-pyloric feeding in critically ill patients: a meta-analysis.,0.6000,jellyfish
153797,article_title,Definitive radiotherapy for T1 glottic squamous cell carcinoma: a 15-year Cruces University Hospital experience,0.8000,jellyfish
470179,article_title,Comparison of methods for defining prevalent vertebral deformities: the Study of Osteoporotic Fractures.,1.0000,jellyfish
9325,article_title,Children are pharmaco-therapeutic orphans. (no change needed),0.4000,jellyfish
294719,article_title,Prehospital hypertonic saline resuscitation attenuates the activation and promotes apoptosis of neutrophils in patients with severe traumatic brain injury. This value is already correct,1.0000,jellyfish
38130,article_title,Value of intravenous cholangiography prior to laparoscopic cholecystectomy,1.0000,jellyfish
455697,article_title,Systematic review of occupational engagement and health outcomes among community-dwelling older adults,1.0000,jellyfish
518335,article_title,Fractional flow reserve-guided percutaneous coronary intervention,0.8000,jellyfish
503528,article_title,Difference in postural control between patients with functional and mechanical ankle instability,1.0000,jellyfish
503354,article_title,"Early ankle mobilization, Part I: The immediate effect on acute, lateral ankle sprains (a randomized controlled trial)",1.0000,jellyfish
176844,article_title,Importance of Arsenic and Pesticides in Epidemic Chronic Kidney Disease in Sri Lanka,0.6000,jellyfish
820549,article_title,Chiropractic Vertebral Subluxations,1.0000,jellyfish
250975,article_title,Effect of infliximab on the healing of intestinal anastomosis. An experimental study in rats.,0.8000,jellyfish
37173,article_title,How to appraise the effectiveness of treatment,0.8000,jellyfish
641251,article_title,Non-steroidal anti-inflammatory drugs and myocardial infarctions: comparative systematic review of evidence from observational studies and randomised controlled trials.,0.8000,jellyfish
302179,article_title,Using a social communication intervention to enhance the social interactions and employment experiences of adolescents with high-functioning autism spectrum disorders.,0.4000,jellyfish
627882,article_title,Is there evidence that barrier membranes prevent bone resorption in autologous bone grafts during the healing period? A systematic review.,1.0000,jellyfish
264151,article_title,"Recognizing, naming, and measuring a family intensive care unit syndrome",1.0000,jellyfish
711975,article_title,"Association of diet, exercise, and smoking modification with risk of early cardiovascular events after acute coronary syndromes.",1.0000,jellyfish
12554,article_title,Retrovirus-mediated WASP gene transfer corrects Wiskott-Aldrich syndrome T-cell dysfunction.,1.0000,jellyfish
564924,article_title,Complication rate of endosonography (endobronchial and endoscopic ultrasound): a systematic review.,0.6000,jellyfish
364080,article_title,Comparison of serum and renal gentamicin concentrations with fractional urinary excretion tests as indicators of nephrotoxicity,1.0000,jellyfish
727134,article_title,The Antiseptic Efficacy and Tolerability of Lavasept 0.04% on Acute Traumatic Wounds,1.0000,jellyfish
356635,article_title,Determinants of arterial wall remodeling during lipid-lowering therapy: serial intravascular ultrasound observations from the Reversal of Atherosclerosis with Aggressive Lipid,1.0000,jellyfish
272721,article_title,Economic evaluation of inhaled nitric oxide in preterm infants undergoing mechanical ventilation,0.8000,jellyfish
979725,article_title,"The impact of emotional and social support on the quality of life, depression, and disability among US adults with chronic obstructive pulmonary disease (COPD): A",1.0000,jellyfish
470615,article_title,Can we improve the follow-up of asthmatic patients with an asthma educational program (PAMA)? [Abstract],0.6000,jellyfish
71351,article_title,Differential dendritic cell-mediated activation and functions of invariant NKT-cell subsets in oral cancer.,0.6000,jellyfish
793299,article_title,Use of probiotics and prebiotics in infant formulas. No correction needed. The value is already correct.,0.4000,jellyfish
673560,article_title,Post-acute Care,0.8000,jellyfish
258181,article_title,Internet-delivered exposure and mindfulness-based therapy for irritable bowel syndrome--a randomized controlled trial,1.0000,jellyfish
11709,article_title,Sleep-related nighttime crying (yonaki) in Japan: a community-based study.,1.0000,jellyfish
603381,article_title,WITHDRAWN: Zinc for the common cold. (no change needed),0.4000,jellyfish
570263,article_title,Successful treatment with a rituximab-based regimen of a splenic marginal zone lymphoma with villous lymphocytes in a very frail patient on maintenance dialysis,1.0000,jellyfish
395807,article_title,In this issue,1.0000,jellyfish
149836,article_title,Exercise-induced changes of the upper extremity in chronic stroke survivors,1.0000,jellyfish
813023,article_title,Respiratory syncytial virus prophylaxis: cost-effective analysis in Argentina (Structured summary),0.8000,jellyfish
691035,article_title,Behaviour change interventions to promote prescribing of generic drugs: a rapid evidence synthesis and systematic review.,0.6000,jellyfish
801512,article_title,Sex differences in pain.,1.0000,jellyfish
121133,article_title,Preoperative radiotherapy for oesophageal carcinoma,1.0000,jellyfish
82486,article_title,Robotic surgery in gynecology.,0.8000,jellyfish
136032,article_title,Cost-utility analysis of osteopathy in primary care: results from a pragmatic randomized controlled trial,0.6000,jellyfish
131606,article_title,The cost of depression-complicated alcoholism: health-care utilization and treatment effectiveness,1.0000,jellyfish
448384,article_title,Are birth kits a good idea? A systematic review of the evidence.,1.0000,jellyfish
57286,article_title,Differential functional connectivity within an emotion regulation neural network among individuals resilient and susceptible to the depressogenic effects of early life stress.,0.8000,jellyfish
622636,article_title,Nurturing students' interest in primary care research through summer training in meta-analysis.,0.6000,jellyfish
107979,article_title,Obesity from cradle to grave. (no correction needed),1.0000,jellyfish
252990,article_title,Effects on prolongation of Bazett's corrected QT interval of seven second-generation antipsychotics in the treatment of schizophrenia: A meta-analysis,1.0000,jellyfish
861475,article_title,Cost-effectiveness of pharmacological and psychosocial interventions for schizophrenia (Structured abstract),1.0000,jellyfish
503159,article_title,Sports injuries of the ankle. [Kanga],0.8000,jellyfish
325081,article_title,"Basic Rights: Subsistence, Affluence and U.S. Foreign Policy",1.0000,jellyfish
399134,article_title,Chronic heart failure: Current guideline recommendations and innovations. [German],0.8000,jellyfish
315951,article_title,Procalcitonin as a marker of sepsis,0.4000,jellyfish
98479,article_title,"The ROX coupler: Creation of a fixed iliofemoral arteriovenous anastomosis for the treatment of systemic arterial hypertension, exploiting",1.0000,jellyfish
673307,article_title,Downregulated E-cadherin expression indicates worse prognosis in Asian patients with colorectal cancer: evidence from meta-analysis.,0.8000,jellyfish
730754,article_title,Preoperative administration of tramadol continuous infusion reduces postoperative morphine requirements in patients undergoing surgery following femur fracture,1.0000,jellyfish
953002,article_title,A re-appraisal of screening for colour vision impairments,1.0000,jellyfish
246067,article_title,Comparison of different distal radius dorsal and volar fracture fixation plates: a biomechanical study,1.0000,jellyfish
161814,article_title,Polycystic ovary syndrome (PCOS) and other androgen excess-related conditions: can changes in dietary intake make a difference?,0.6000,jellyfish
8529,article_title,Maternal use of folic acid supplements during pregnancy and childhood respiratory health and atopy.,1.0000,jellyfish
198813,article_title,Shedding Health Risks with Bariatric Weight Loss Surgery,1.0000,jellyfish
535901,article_title,Historical misrepresentation in science: the case of fetal alcohol syndrome,1.0000,jellyfish
15325,article_title,Effects of different antihypertensive drugs on plasma fibrinogen in hypertensive patients.,0.8000,jellyfish
162189,article_title,"Significantly higher adrenocorticotropin-stimulated cortisol and 17-hydroxyprogesterone levels in 337 consecutive, premenop",1.0000,jellyfish
434500,article_title,Too little but not too late: results of a literature review to improve routine immunization programs in developing countries,1.0000,jellyfish
197174,article_title,Outcomes among patients with end-stage liver disease who are coinfected with HIV and hepatitis C virus.,0.6000,jellyfish
6786,article_title,Phase II study to evaluate the safety and efficacy of the oral neurokinin-1 receptor antagonist casopitant (GW679769) administered with ondans,1.0000,jellyfish
309274,article_title,Factors Predicting Success and Failure for Cervical Facet Radiofrequency Denervation: A Multi-Center Analysis,1.0000,jellyfish
672671,article_title,Mediterranean diet and metabolic syndrome: an updated systematic review.,0.6000,jellyfish
819735,article_title,Immunotherapy for autoimmune autonomic ganglionopathy,0.8000,jellyfish
21599,article_title,Challenges in Deactivating a Total Artificial Heart for a Patient with Capacity.,1.0000,jellyfish
980682,article_title,Readmissions after hospital discharge with acute exacerbation of COPD: are we missing something?,1.0000,jellyfish
547657,article_title,Read with Me! Examining the Effects of a Community Volunteer Reading Program on Preschoolers' Literacy Skills,1.0000,jellyfish
682676,article_title,Efficacy of continuation/maintenance electroconvulsive therapy for the prevention of recurrence of a major depressive episode in adults with unipolar depression: a systematic review,1.0000,jellyfish
820238,article_title,"Autonomic activity, pain, and perceived health in patients on sick leave due to stress-related illnesses",1.0000,jellyfish
82540,article_title,"Body mass index and socioeconomic status measured in adolescence, country of origin, and the incidence of gastroesophageal adenocarcinoma in a cohort of",0.6000,jellyfish
776189,article_title,Galphai generates multiple Pins activation states to link cortical polarity and spindle orientation in Drosophila neuroblasts,1.0000,jellyfish
422951,article_title,Exposure to second-hand smoke and the risk of tuberculosis in children and adults: a systematic review and meta-analysis of 18 observational studies.,1.0000,jellyfish
228622,article_title,"Disordered eating, acculturation, and treatment-seeking in a community sample of Hispanic, Asian, Black, and White women",1.0000,jellyfish
514759,article_title,Semi-automated scoring of pulmonary emphysema from X-ray CT: trainee reproducibility and accuracy.,1.0000,jellyfish
26216,article_title,The choice of whether to participate in a phase I clinical trial: increasing the awareness of patients with cancer. An exploratory study. (no correction needed),0.4000,jellyfish
164517,article_title,Study of high- and low-voltage-configuration homes from the 1988 Denver Childhood Cancer Study,0.6000,jellyfish
973603,article_title,Health services research methods: a guide to best practice,1.0000,jellyfish
345575,article_title,Transapical aortic valve implantation in 175 consecutive patients: excellent outcome in very high-risk patients. This value is already correct. No correction is needed,0.4000,jellyfish
304082,article_title,An evaluation of ultrasound imaging for identification of lumbar intervertebral level.,0.8000,jellyfish
33728,article_title,Branching enzyme deficiency: expanding the clinical spectrum.,0.6000,jellyfish
109595,article_title,"Blood insulin values after oral glucose tolerance test (OGTT) and body composition in 30 obese children. (Corrected spelling error in ""oral glucose tolerance test",0.6000,jellyfish
772026,article_title,Study: Edoxaban safer alternative to warfarin for patients with atrial fibrillation,0.6000,jellyfish
424870,article_title,Budesonide/formoterol in a single inhaler sustains lung function improvements in COPD [Abstract],1.0000,jellyfish
904168,article_title,"Can moxibustion, an ancient treatment modality, be evaluated in a double-blind randomized controlled trial? - A narrative review",1.0000,jellyfish
916713,article_title,"Amitriptyline, minocycline and maropitant reduce the sevoflurane minimum alveolar concentration and potentiate remifent",1.0000,jellyfish
819804,article_title,SUNCT syndrome: VIII. Pupillary reaction and corneal sensitivity,1.0000,jellyfish
892141,article_title,Competencies for undergraduate community-based education for the health professions - A systematic review.,1.0000,jellyfish
409335,article_title,"Efficacy, immunogenicity, and safety of a pentavalent human-bovine (WC3) reassortant rotavirus vaccine at the end of",1.0000,jellyfish
166779,article_title,Preferences and practices of Americans and their physicians in antihypertensive therapy,1.0000,jellyfish
720526,article_title,"Decision analysis for small, asymptomatic intracranial arteriovenous malformations",1.0000,jellyfish
513503,article_title,WhatsApp Messenger is useful and reproducible in the assessment of tibial plateau fractures: inter- and intra-observer agreement study. (no correction needed),0.6000,jellyfish
83012,article_title,Type I and II endometrial cancers: have they different risk factors?,1.0000,jellyfish
438681,article_title,Should psychiatrists use atypical antipsychotics to treat nonpsychotic anxiety?.,0.6000,jellyfish
317155,article_title,Predictors of intention to adhere to physiotherapy among women with urinary incontinence.,1.0000,jellyfish
261121,article_title,Role of non-opioid analgesic techniques in the management of pain after ambulatory surgery,1.0000,jellyfish
296269,article_title,Raised intracranial pressure following abdominal closure in a polytrauma patient. No corrections needed. The value is already correct.,0.4000,jellyfish
960478,article_title,"Collaborative practice: development, implementation, and evaluation of a weaning protocol for patients receiving mechanical ventilation",0.8000,jellyfish
741988,article_title,Changes in lower esophageal sphincter pressure (LES) after Stamm gastrostomy,1.0000,jellyfish
589265,article_title,Consumption of fried foods and risk of metabolic syndrome: the SUN cohort study,1.0000,jellyfish
931944,article_title,"The expert patients' programme online, a 1-year study of an Internet-based self-management programme for people with long-term conditions",1.0000,jellyfish
305933,article_title,Clinical course of patients with aspirin-exacerbated respiratory disease: can we predict the prognosis?,1.0000,jellyfish
360693,article_title,Perineal endometriosis: a case report and review of the literature,1.0000,jellyfish
772745,article_title,Management of hemorrhage complicated by novel oral anticoagulants in the emergency department: Case report from the northwestern emergency medicine residency,1.0000,jellyfish
683893,article_title,Improving cognition by adherence to physical or mental exercise: a moderated mediation analysis.,0.8000,jellyfish
168157,article_title,Evaluation of a hybrid constructed wetland for treating domestic sewage from individual housing units surrounding agricultural villages in South Korea,1.0000,jellyfish
97775,article_title,Posterior lumbar interbody fusion versus posterolateral fusion with instrumentation in the treatment of low-grade isthmic spondylolisthesis: midterm clinical,1.0000,jellyfish
740227,article_title,The Family Contract Game: Technique and Case Study,1.0000,jellyfish
449419,article_title,Inhibition of expression of VEGF in tumor cells by RNAi. [Chinese],1.0000,jellyfish
456934,article_title,Same-Day Discharge After Percutaneous Coronary Intervention: A Meta-Analysis.,1.0000,jellyfish
134738,article_title,Are stretches effective in the prevention and treatment of glenohumeral internal rotation deficit?,0.6000,jellyfish
66579,article_title,"Astaxanthin Inhibits JAK/STAT-3 Signaling to Abrogate Cell Proliferation, Invasion and Angiogenesis in a Ham",1.0000,jellyfish
557824,article_title,Analysis of the Cochrane Review: Biomarkers as Point-of-Care Tests to Guide Prescription of Antibiotics in Patients with Acute Respiratory Infections in,1.0000,jellyfish
215820,article_title,Prevalência de bruxismo e distúrbio do sono em deficientes visuais Prevalence of bruxism and sleep disorders in the visually,1.0000,jellyfish
658982,article_title,Diagnostic performance of body mass index to identify obesity as defined by body adiposity: a systematic review and meta-analysis.,0.8000,jellyfish
272806,article_title,Stress enhances retrieval of drug-related memories in abstinent heroin addicts,1.0000,jellyfish
773090,article_title,Combined antiplatelet and anticoagulant therapy: Clinical benefits and risks,1.0000,jellyfish
500618,article_title,Effects of control over office workspace on perceptions of the work environment and work outcomes,1.0000,jellyfish
385346,article_title,"New concepts in predicting, evaluating, and managing neurodevelopmental outcomes in children with congenital heart disease.",1.0000,jellyfish
938092,article_title,Continuous aspiration of subglottic secretions in preventing ventilator-associated pneumonia.,0.8000,jellyfish
383183,article_title,Transport of infants with congenital heart disease.,0.6000,jellyfish
889260,article_title,Harmonizing Pain Outcome Measures: Results of the Pre-OMERACT Meeting on Partnerships for Consensus on Patient-important Pain Outcome Domains Between the Co,1.0000,jellyfish
392576,article_title,Effects of Ginkgo biloba on haemostatic factors and inflammation in chronic peritoneal dialysis patients.,1.0000,jellyfish
209012,article_title,Contents List,1.0000,jellyfish
961006,article_title,Antimalarial agents: Are we running out of options? (no correction needed),0.6000,jellyfish
786558,article_title,A balancing act of the brain: activations and deactivations driven by cognitive load.,0.8000,jellyfish
35875,article_title,18F-flumazenil: a γ-aminobutyric acid A-specific PET radiotracer for the localization of drug-resistant temporal lobe epilepsy.,1.0000,jellyfish
882786,article_title,"In vitro culture of cells from respiratory mucosa on foils of collagen, poly-L-lactide (PLLA) and poly-3-hydroxy-b",1.0000,jellyfish
332926,article_title,Poverty is the main environmental factor for obesity in a Mexican-border city,1.0000,jellyfish
109843,article_title,Growth hormone treatment and diabetes: survey of the kabi pharmacia international growth study.,1.0000,jellyfish
820688,article_title,The effects of 4-aminopyridine on neurological deficits in chronic cases of traumatic spinal cord injury in dogs: A phase I clinical trial,1.0000,jellyfish
817811,article_title,Yoga Spinal Flexion Positions and Vertebral Compression Fracture in Osteopenia or Osteoporosis of Spine: Case Series,1.0000,jellyfish
855970,article_title,Augmin-dependent microtubule nucleation at microtubule walls in the spindle,1.0000,jellyfish
643856,article_title,Pravastatin and aspirin fixed-combination: a strategy to improve cardiovascular outcomes.,0.6000,jellyfish
482584,article_title,Functional conservation and divergence of J-domain-containing ZUO1/ZRF orthologs throughout evolution.,1.0000,jellyfish
553088,article_title,"Validity of International Classification of Diseases, Ninth Revision, Clinical Modification (ICD-9-CM) screening for sepsis in surgical mortalities.",0.8000,jellyfish
575935,article_title,"The association between urinary cortisol excretion and cardiovascular risk factors, bone status and quality of life in the population.",0.8000,jellyfish
450760,article_title,The value of transurethral bladder biopsy after intravesical bacillus Calmette-Guerin instillation therapy for nonmuscle invasive bladder cancer:,1.0000,jellyfish
160121,article_title,Complicated skin and soft tissue infections. (added a plural 's' to the end of the word),0.2000,jellyfish
471093,article_title,"Nonsyndromic 46,XX Testicular Disorders of Sex Development",1.0000,jellyfish
84783,article_title,Mild endoplasmic reticulum stress augments the proinflammatory effect of IL-1β in pancreatic rat β-cells via the IRE,1.0000,jellyfish
894794,article_title,SPECCHIO: a free spectral data management and processing system,1.0000,jellyfish
481173,article_title,Operations for Cervical Incompetence,1.0000,jellyfish
946487,article_title,Effectiveness of measles vaccination and vitamin A treatment,1.0000,jellyfish
685456,article_title,Acute effects of different nutritional supplements on symptoms and functional capacity in patients with chronic obstructive pulmonary disease.,0.6000,jellyfish
6028,article_title,Preliminary results from a single institutional prospective study of alemtuzumab for the treatment of steroid refractory acute graft versus host disease in pediatric patients,0.8000,jellyfish
48202,article_title,"Anaesthesia, movement and emesis",1.0000,jellyfish
558738,article_title,Antimicrobial susceptibility among Gram-positive organisms collected from pediatric patients globally between 2004 and 2011: results from the Tigecycline Evaluation and Surveillance,1.0000,jellyfish
908011,article_title,Left ventricular hypertrophy predicts outcome of hypertension regardless of the type of ventricular arrhythmia present,1.0000,jellyfish
260738,article_title,Combined use of caudal bupivacaine and rectal diclofenac is not superior to the use of each analgesic regimen alone,1.0000,jellyfish
979155,article_title,Measurement of muscle architecture concurrently with muscle hardness using ultrasound strain elastography.,0.8000,jellyfish
752075,article_title,Energy and fat intakes of children and adolescents in the United States: data from the National Health and Nutrition Examination Surveys,1.0000,jellyfish
670823,article_title,An official American Thoracic Society systematic review: Influence of psychosocial characteristics on workplace disability among workers with respiratory impairment.,0.6000,jellyfish
73289,article_title,Polymorphisms of the XPC gene may contribute to the risk of head and neck cancer: a meta-analysis. (no correction needed),0.6000,jellyfish
426134,article_title,An evaluation of the effectiveness of recruitment methods: The staying well after depression randomised controlled trial,0.6000,jellyfish
255382,article_title,Campfire burns in children: an Australian experience. No corrections needed. The value is already correct.,0.4000,jellyfish
979472,article_title,Distribution of silicotic collagenization in relation to smoking habits,1.0000,jellyfish
814758,article_title,Mega-ampere submicrosecond generator GIT-32,1.0000,jellyfish
226417,article_title,Correct Performance of Pelvic Muscle Exercises in Women Reporting Prior Knowledge.,1.0000,jellyfish
968815,article_title,"Long-term survival after ""liver first"" approach for locally advanced rectal cancer and synchronous liver metastases",0.8000,jellyfish
734259,article_title,Pharmacoeconomic Evaluation of Tiotropium Bromide in the Long-Term Treatment of Chronic Obstructive Pulmonary Disease (COPD) in,1.0000,jellyfish
235295,article_language,eng,1.0000,jellyfish
498345,article_language,ENG,1.0000,jellyfish
789958,article_language,eng,1.0000,jellyfish
169865,article_language,pol,1.0000,jellyfish
803653,article_language,eng,1.0000,jellyfish
98234,article_language,eng,1.0000,jellyfish
823730,article_language,eng,1.0000,jellyfish
729712,article_language,English,1.0000,jellyfish
396821,article_language,English,1.0000,jellyfish
340222,article_language,English,1.0000,jellyfish
184417,article_language,en,1.0000,jellyfish
729686,article_language,English,1.0000,jellyfish
278396,article_language,eng,1.0000,jellyfish
965082,article_language,en,1.0000,jellyfish
53321,article_language,eng,1.0000,jellyfish
13601,article_language,eng,1.0000,jellyfish
668310,article_language,eng,1.0000,jellyfish
282987,article_language,eng,1.0000,jellyfish
478292,article_language,eng,1.0000,jellyfish
43736,article_language,eng,1.0000,jellyfish
82614,article_language,eng,1.0000,jellyfish
163526,article_language,English,1.0000,jellyfish
514411,article_language,eng,1.0000,jellyfish
569841,article_language,eng,1.0000,jellyfish
6207,article_language,en,1.0000,jellyfish
21910,article_language,eng,1.0000,jellyfish
378490,article_language,eng,1.0000,jellyfish
971878,article_language,English,1.0000,jellyfish
793918,article_language,eng,1.0000,jellyfish
819166,article_language,English,1.0000,jellyfish
880881,article_language,kor,1.0000,jellyfish
629530,article_language,eng,1.0000,jellyfish
954388,article_language,English,1.0000,jellyfish
379737,article_language,eng,1.0000,jellyfish
676042,article_language,eng,1.0000,jellyfish
353972,article_language,English,0.8000,jellyfish
968125,article_language,English,1.0000,jellyfish
660168,article_language,eng,1.0000,jellyfish
732534,article_language,English,1.0000,jellyfish
473026,article_language,eng,1.0000,jellyfish
372175,article_language,en,1.0000,jellyfish
110072,article_language,eng,1.0000,jellyfish
330553,article_language,german,0.6000,jellyfish
23215,article_language,eng,1.0000,jellyfish
719532,article_language,en,1.0000,jellyfish
86421,article_language,eng,1.0000,jellyfish
433667,article_language,en,1.0000,jellyfish
530323,article_language,eng,1.0000,jellyfish
102893,article_language,eng,1.0000,jellyfish
864817,article_language,en,0.6000,jellyfish
217725,article_language,English,1.0000,jellyfish
730822,article_language,English,1.0000,jellyfish
659297,article_language,eng,1.0000,jellyfish
42247,article_language,eng,1.0000,jellyfish
302969,article_language,en,0.6000,jellyfish
158672,article_language,ENG,1.0000,jellyfish
616298,article_language,eng,1.0000,jellyfish
221086,article_language,eng,1.0000,jellyfish
548616,article_language,english,0.8000,jellyfish
669596,article_language,eng,1.0000,jellyfish
474288,article_language,eng,1.0000,jellyfish
108424,article_language,eng,1.0000,jellyfish
841679,article_language,English,1.0000,jellyfish
173830,article_language,English,0.8000,jellyfish
852927,article_language,eng,1.0000,jellyfish
237623,article_language,eng,1.0000,jellyfish
912884,article_language,en,0.6000,jellyfish
318931,article_language,English,0.6000,jellyfish
93659,article_language,chi,1.0000,jellyfish
349150,article_language,eng,1.0000,jellyfish
572010,article_language,eng,1.0000,jellyfish
826030,article_language,eng,1.0000,jellyfish
34962,article_language,eng,1.0000,jellyfish
574309,article_language,English,1.0000,jellyfish
200077,article_language,eng,1.0000,jellyfish
421512,article_language,eng,1.0000,jellyfish
715052,article_language,en,0.6000,jellyfish
172966,article_language,en,1.0000,jellyfish
140274,article_language,eng,1.0000,jellyfish
282039,article_language,en,1.0000,jellyfish
835177,article_language,eng,1.0000,jellyfish
519732,article_language,eng,1.0000,jellyfish
761104,article_language,en,1.0000,jellyfish
408062,article_language,eng,1.0000,jellyfish
889481,article_language,"eng, bra",0.6000,jellyfish
894596,article_language,English,0.8000,jellyfish
604985,article_language,eng,1.0000,jellyfish
220950,article_language,eng,1.0000,jellyfish
770196,article_language,eng,1.0000,jellyfish
914468,article_language,pt,0.4000,jellyfish
346326,article_language,eng,1.0000,jellyfish
612846,article_language,fre,1.0000,jellyfish
282053,article_language,eng,1.0000,jellyfish
870257,article_language,English,1.0000,jellyfish
417578,article_language,eng,1.0000,jellyfish
949067,article_language,eng,1.0000,jellyfish
931323,article_language,polish,0.6000,jellyfish
752456,article_language,en,0.8000,jellyfish
377284,article_language,eng,1.0000,jellyfish
420138,article_language,en,0.6000,jellyfish
444273,article_language,en,1.0000,jellyfish
816680,article_language,English,1.0000,jellyfish
491006,article_language,English,1.0000,jellyfish
628299,article_language,eng,1.0000,jellyfish
72089,article_language,eng,1.0000,jellyfish
847287,article_language,eng,1.0000,jellyfish
764224,article_language,en,1.0000,jellyfish
591619,article_language,eng,1.0000,jellyfish
125072,article_language,eng,1.0000,jellyfish
255432,article_language,eng,1.0000,jellyfish
689284,article_language,eng,1.0000,jellyfish
781141,article_language,English,1.0000,jellyfish
148787,article_language,eng,1.0000,jellyfish
779281,article_language,en,1.0000,jellyfish
684757,article_language,eng,1.0000,jellyfish
447382,article_language,en,1.0000,jellyfish
585766,article_language,English,0.6000,jellyfish
185291,article_language,English,0.6000,jellyfish
886237,article_language,fr,1.0000,jellyfish
954493,article_language,English,1.0000,jellyfish
922646,article_language,eng,1.0000,jellyfish
843485,article_language,eng,1.0000,jellyfish
668845,article_language,eng,1.0000,jellyfish
863844,article_language,eng,1.0000,jellyfish
946006,article_language,eng,1.0000,jellyfish
36429,article_language,spa,1.0000,jellyfish
259367,article_language,en,1.0000,jellyfish
977276,article_language,srpski,0.6000,jellyfish
369578,article_language,eng,1.0000,jellyfish
772616,article_language,en,1.0000,jellyfish
334681,article_language,English,0.8000,jellyfish
757463,article_language,eng,1.0000,jellyfish
465176,article_language,en,0.6000,jellyfish
368072,article_language,English,1.0000,jellyfish
812893,article_language,English,0.6000,jellyfish
380945,article_language,eng,1.0000,jellyfish
513829,article_language,eng,1.0000,jellyfish
862798,article_language,spanish,0.6000,jellyfish
316632,article_language,en,0.8000,jellyfish
38413,article_language,eng,1.0000,jellyfish
595469,article_language,eng,1.0000,jellyfish
49698,article_language,eng,1.0000,jellyfish
900624,article_language,en,1.0000,jellyfish
246528,article_language,eng,1.0000,jellyfish
347144,article_language,eng,1.0000,jellyfish
957059,article_language,"Chinese, Chinese, English",0.8000,jellyfish
269313,article_language,en,0.8000,jellyfish
267879,article_language,eng,1.0000,jellyfish
224232,article_language,eng,1.0000,jellyfish
62306,article_language,eng,1.0000,jellyfish
182986,article_language,en,1.0000,jellyfish
663994,article_language,eng,1.0000,jellyfish
520771,article_language,nld,1.0000,jellyfish
754594,article_language,eng,1.0000,jellyfish
817046,article_language,English,1.0000,jellyfish
736183,article_language,eng,1.0000,jellyfish
963532,article_language,English,1.0000,jellyfish
131820,article_language,eng,1.0000,jellyfish
704093,article_language,cze,0.8000,jellyfish
912377,article_language,English,1.0000,jellyfish
203935,article_language,en,0.8000,jellyfish
68354,article_language,eng,1.0000,jellyfish
259916,article_language,en,1.0000,jellyfish
199407,article_language,English,0.6000,jellyfish
790756,article_language,eng,1.0000,jellyfish
592893,article_language,en,0.6000,jellyfish
232775,article_language,en,1.0000,jellyfish
631610,article_language,eng,1.0000,jellyfish
901298,article_language,English,1.0000,jellyfish
456691,article_language,en,1.0000,jellyfish
429995,article_language,eng,1.0000,jellyfish
709359,article_language,eng,1.0000,jellyfish
690938,article_language,eng,1.0000,jellyfish
910604,article_language,English,1.0000,jellyfish
730191,article_language,English,1.0000,jellyfish
42135,article_language,eng,1.0000,jellyfish
835178,article_language,eng,1.0000,jellyfish
335521,article_language,English,0.8000,jellyfish
22708,article_language,eng,1.0000,jellyfish
704111,article_language,eng,1.0000,jellyfish
804762,article_language,English,1.0000,jellyfish
657210,article_language,ENG,1.0000,jellyfish
431896,article_language,en,1.0000,jellyfish
490584,article_language,Korean,1.0000,jellyfish
929252,article_language,English,1.0000,jellyfish
821382,article_language,English,1.0000,jellyfish
961741,article_language,Spanish,0.6000,jellyfish
925885,article_language,en,0.8000,jellyfish
717315,article_language,English,0.6000,jellyfish
967781,article_language,English,1.0000,jellyfish
928952,article_language,English,0.6000,jellyfish
225002,article_language,eng,1.0000,jellyfish
550350,article_language,en,1.0000,jellyfish
622979,article_language,eng,1.0000,jellyfish
501663,article_language,English,0.6000,jellyfish
48738,article_language,eng,1.0000,jellyfish
143029,article_language,ENG,1.0000,jellyfish
667611,article_language,eng,1.0000,jellyfish
565079,article_language,eng,1.0000,jellyfish
348006,article_language,eng,1.0000,jellyfish
55412,article_language,eng,1.0000,jellyfish
546048,article_language,en,1.0000,jellyfish
979292,article_language,eng,1.0000,jellyfish
971456,article_language,English,1.0000,jellyfish
533193,article_language,eng,1.0000,jellyfish
970436,article_language,English,1.0000,jellyfish
437969,article_language,en,0.8000,jellyfish
464335,article_language,en,1.0000,jellyfish
417782,article_language,eng,1.0000,jellyfish
979059,article_language,ENG,1.0000,jellyfish
661572,article_language,eng,1.0000,jellyfish
132901,article_language,eng,1.0000,jellyfish
245822,article_language,dan,1.0000,jellyfish
440401,article_language,en,1.0000,jellyfish
77389,article_language,eng,1.0000,jellyfish
592817,article_language,eng,1.0000,jellyfish
169270,article_language,english,1.0000,jellyfish
288711,article_language,en,1.0000,jellyfish
184949,article_language,ro,1.0000,jellyfish
833251,article_language,English,0.8000,jellyfish
470174,article_language,eng,1.0000,jellyfish
315926,article_language,en,1.0000,jellyfish
901385,article_language,English,0.8000,jellyfish
787529,article_language,eng,1.0000,jellyfish
431348,article_language,German,0.6000,jellyfish
441393,article_language,English,0.6000,jellyfish
481882,article_language,eng,1.0000,jellyfish
572425,article_language,eng,1.0000,jellyfish
581864,article_language,English,0.6000,jellyfish
455406,article_language,en,0.6000,jellyfish
696362,article_language,en,1.0000,jellyfish
504206,article_language,eng,1.0000,jellyfish
800900,article_language,eng,1.0000,jellyfish
235689,article_language,eng,1.0000,jellyfish
659896,article_language,eng,1.0000,jellyfish
84944,article_language,eng,1.0000,jellyfish
326944,article_language,eng,1.0000,jellyfish
922795,article_language,ger,1.0000,jellyfish
768486,article_language,eng,1.0000,jellyfish
428363,article_language,eng,1.0000,jellyfish
519287,article_language,eng,1.0000,jellyfish
638918,article_language,eng,1.0000,jellyfish
111336,article_language,eng,1.0000,jellyfish
747279,article_language,en,1.0000,jellyfish
674696,article_language,eng,1.0000,jellyfish
258108,article_language,en,1.0000,jellyfish
59308,article_language,eng,1.0000,jellyfish
610641,article_language,EN,1.0000,jellyfish
631704,article_language,eng,1.0000,jellyfish
846537,article_language,en,1.0000,jellyfish
973076,article_language,en,1.0000,jellyfish
931402,article_language,English,0.8000,jellyfish
908690,article_language,English,1.0000,jellyfish
417373,article_language,English,1.0000,jellyfish
759329,article_language,eng,1.0000,jellyfish
386327,article_language,eng,1.0000,jellyfish
695010,article_language,eng,1.0000,jellyfish
191908,article_language,English,0.6000,jellyfish
384767,article_language,eng,1.0000,jellyfish
855912,article_language,English,1.0000,jellyfish
710727,article_language,en,1.0000,jellyfish
816996,article_language,English,1.0000,jellyfish
625016,article_language,ger,1.0000,jellyfish
275675,article_language,eng,1.0000,jellyfish
967376,article_language,English,1.0000,jellyfish
640230,article_language,eng,1.0000,jellyfish
625663,article_language,eng,1.0000,jellyfish
480649,article_language,en,1.0000,jellyfish
782541,article_language,English,1.0000,jellyfish
692358,article_language,English,1.0000,jellyfish
836847,article_language,en,0.8000,jellyfish
867207,article_language,en,1.0000,jellyfish
253149,article_language,en,0.6000,jellyfish
929971,article_language,English,0.6000,jellyfish
470385,article_language,en,1.0000,jellyfish
731703,article_language,en,1.0000,jellyfish
113399,article_language,en,0.6000,jellyfish
685178,article_language,eng,1.0000,jellyfish
653325,article_language,eng,1.0000,jellyfish
893573,article_language,en,1.0000,jellyfish
56272,article_language,eng,1.0000,jellyfish
737786,article_language,en,0.6000,jellyfish
680306,article_language,eng,1.0000,jellyfish
53877,article_language,en,0.4000,jellyfish
504928,article_language,English,0.6000,jellyfish
198650,article_language,en,1.0000,jellyfish
671386,article_language,eng,1.0000,jellyfish
981412,article_language,en,1.0000,jellyfish
785472,article_language,eng,1.0000,jellyfish
734077,article_language,English,1.0000,jellyfish
46028,article_language,eng,1.0000,jellyfish
743129,article_language,eng,1.0000,jellyfish
392246,article_language,eng,1.0000,jellyfish
904889,article_language,en,0.8000,jellyfish
360147,article_language,en,1.0000,jellyfish
670289,article_language,eng,1.0000,jellyfish
821702,article_language,English,1.0000,jellyfish
188890,article_language,eng,1.0000,jellyfish
321660,article_language,English,1.0000,jellyfish
427455,article_language,eng,1.0000,jellyfish
246204,article_language,nl,0.8000,jellyfish
857402,article_language,English,1.0000,jellyfish
704357,article_language,eng,1.0000,jellyfish
716785,article_language,en,0.8000,jellyfish
746065,article_language,ro,1.0000,jellyfish
738322,article_language,eng,1.0000,jellyfish
934177,article_language,en,0.8000,jellyfish
351534,article_language,English,1.0000,jellyfish
872389,article_language,eng,1.0000,jellyfish
499983,article_language,English,1.0000,jellyfish
452432,article_language,en,0.8000,jellyfish
320139,article_language,English,1.0000,jellyfish
735083,article_language,ENG,1.0000,jellyfish
978471,article_language,English,1.0000,jellyfish
152626,article_language,eng,1.0000,jellyfish
90272,article_language,eng,1.0000,jellyfish
776651,article_language,English,1.0000,jellyfish
931361,article_language,English,1.0000,jellyfish
623358,article_language,eng,1.0000,jellyfish
385940,article_language,eng,1.0000,jellyfish
951168,article_language,en,1.0000,jellyfish
515254,article_language,eng,1.0000,jellyfish
674623,article_language,eng,1.0000,jellyfish
226419,article_language,ENG,1.0000,jellyfish
178078,article_language,amharic,1.0000,jellyfish
453637,article_language,en,1.0000,jellyfish
57483,article_language,eng,1.0000,jellyfish
462849,article_language,en,1.0000,jellyfish
338547,article_language,en,1.0000,jellyfish
438808,article_language,en,1.0000,jellyfish
352040,article_language,English,1.0000,jellyfish
887131,article_language,eng,1.0000,jellyfish
182296,article_language,English,0.6000,jellyfish
49847,article_language,chi,1.0000,jellyfish
524073,article_language,eng,1.0000,jellyfish
348813,article_language,eng,1.0000,jellyfish
427933,article_language,eng,1.0000,jellyfish
6862,article_language,English,1.0000,jellyfish
853676,article_language,eng,1.0000,jellyfish
556116,article_language,english,0.6000,jellyfish
734870,article_language,ENG,1.0000,jellyfish
540850,article_language,eng,1.0000,jellyfish
465756,article_language,English,0.6000,jellyfish
762269,article_language,eng,1.0000,jellyfish
441902,article_language,en,1.0000,jellyfish
950233,article_language,English,0.6000,jellyfish
621415,article_language,eng,1.0000,jellyfish
633877,article_language,eng,1.0000,jellyfish
756208,article_language,eng,1.0000,jellyfish
97853,article_language,eng,1.0000,jellyfish
720775,article_language,English,1.0000,jellyfish
294439,article_language,English,1.0000,jellyfish
375430,article_language,English,1.0000,jellyfish
689666,article_language,eng,1.0000,jellyfish
896848,article_language,eng,1.0000,jellyfish
231182,article_language,en,1.0000,jellyfish
232896,article_language,ENG,1.0000,jellyfish
798716,article_language,eng,1.0000,jellyfish
704812,article_language,eng,1.0000,jellyfish
203084,article_language,en,1.0000,jellyfish
81959,article_language,ENG,1.0000,jellyfish
235924,article_language,fre,1.0000,jellyfish
291020,article_language,eng,1.0000,jellyfish
408188,article_language,eng,1.0000,jellyfish
283460,article_language,en,0.8000,jellyfish
563505,article_language,eng,1.0000,jellyfish
761676,article_language,en,0.8000,jellyfish
923043,article_language,eng,0.6000,jellyfish
248075,article_language,eng,1.0000,jellyfish
313030,article_language,English,1.0000,jellyfish
885384,article_language,eng,1.0000,jellyfish
361906,article_language,eng,1.0000,jellyfish
180827,article_language,English,0.8000,jellyfish
723057,article_language,English,1.0000,jellyfish
894502,article_language,en,0.6000,jellyfish
793410,article_language,eng,1.0000,jellyfish
816944,article_language,English,1.0000,jellyfish
632040,article_language,eng,1.0000,jellyfish
752280,article_language,zh-tw,1.0000,jellyfish
716594,article_language,en,0.6000,jellyfish
919751,article_language,eng,1.0000,jellyfish
60309,article_language,eng,1.0000,jellyfish
757176,article_language,jpn,1.0000,jellyfish
261329,article_language,en,0.6000,jellyfish
615903,article_language,eng,1.0000,jellyfish
169524,article_language,English,0.8000,jellyfish
178424,article_language,English,1.0000,jellyfish
716357,article_language,en,1.0000,jellyfish
448010,article_language,en,1.0000,jellyfish
788729,article_language,eng,1.0000,jellyfish
624354,article_language,eng,1.0000,jellyfish
112716,article_language,eng,1.0000,jellyfish
881020,article_language,spa,1.0000,jellyfish
605643,article_language,por,1.0000,jellyfish
5782,article_language,English,0.8000,jellyfish
852332,article_language,eng,1.0000,jellyfish
343395,article_language,eng,1.0000,jellyfish
826830,article_language,eng,1.0000,jellyfish
905100,article_language,en,1.0000,jellyfish
34517,article_language,eng,1.0000,jellyfish
771377,article_language,eng,1.0000,jellyfish
32426,article_language,eng,1.0000,jellyfish
722451,article_language,English,1.0000,jellyfish
318542,article_language,English,0.6000,jellyfish
533425,article_language,eng,1.0000,jellyfish
854232,article_language,eng,1.0000,jellyfish
2842,article_language,english,0.6000,jellyfish
789057,article_language,eng,1.0000,jellyfish
205187,article_language,en,0.8000,jellyfish
970712,article_language,German,1.0000,jellyfish
161630,article_language,eng,1.0000,jellyfish
583682,article_language,English,0.6000,jellyfish
891722,article_language,en,1.0000,jellyfish
54613,article_language,English,1.0000,jellyfish
450749,article_language,en,1.0000,jellyfish
19086,article_language,eng,1.0000,jellyfish
852213,article_language,eng,1.0000,jellyfish
475847,article_language,eng,1.0000,jellyfish
893664,article_language,eng,1.0000,jellyfish
450528,article_language,en,1.0000,jellyfish
838034,article_language,en,1.0000,jellyfish
119186,article_language,eng,1.0000,jellyfish
274083,article_language,en,1.0000,jellyfish
784224,article_language,eng,1.0000,jellyfish
260769,article_language,en,1.0000,jellyfish
592831,article_language,en,0.8000,jellyfish
464911,article_language,en,1.0000,jellyfish
369162,article_language,tur,1.0000,jellyfish
209896,article_language,English,0.8000,jellyfish
217524,article_language,English,1.0000,jellyfish
694007,article_language,nl,1.0000,jellyfish
53319,article_language,eng,1.0000,jellyfish
962338,article_language,en,1.0000,jellyfish
972821,article_language,English,1.0000,jellyfish
587024,article_language,eng,1.0000,jellyfish
49274,article_language,eng,1.0000,jellyfish
687404,article_language,eng,1.0000,jellyfish
858569,article_language,English,1.0000,jellyfish
982590,article_language,en,0.6000,jellyfish
853882,article_language,eng,1.0000,jellyfish
743989,article_language,en,1.0000,jellyfish
71263,article_language,eng,1.0000,jellyfish
111970,article_language,eng,1.0000,jellyfish
941646,article_language,it,0.4000,jellyfish
397190,article_language,English,0.8000,jellyfish
98562,article_language,ENG,1.0000,jellyfish
56014,article_language,eng,1.0000,jellyfish
911271,article_language,English,1.0000,jellyfish
565528,article_language,eng,1.0000,jellyfish
951143,article_language,eng,1.0000,jellyfish
658707,article_language,eng,1.0000,jellyfish
84905,article_language,eng,1.0000,jellyfish
891370,article_language,eng,1.0000,jellyfish
697286,article_language,eng,1.0000,jellyfish
819701,article_language,English,1.0000,jellyfish
855099,article_language,pol,1.0000,jellyfish
123492,article_language,eng,1.0000,jellyfish
226966,article_language,eng,1.0000,jellyfish
850788,article_language,English,0.6000,jellyfish
811354,article_language,en,1.0000,jellyfish
323305,article_language,português,1.0000,jellyfish
485934,article_language,eng,1.0000,jellyfish
743602,article_language,eng,1.0000,jellyfish
960371,article_language,English,1.0000,jellyfish
944668,article_language,eng,1.0000,jellyfish
873987,article_language,eng,1.0000,jellyfish
968211,article_language,English,1.0000,jellyfish
299635,article_language,English,0.8000,jellyfish
846319,article_language,en,1.0000,jellyfish
263027,article_language,en,0.6000,jellyfish
788168,article_language,eng,1.0000,jellyfish
146560,article_language,eng,1.0000,jellyfish
498344,article_language,eng,1.0000,jellyfish
385772,article_language,eng,1.0000,jellyfish
917417,article_language,eng,1.0000,jellyfish
517503,article_language,eng,1.0000,jellyfish
72325,article_language,eng,1.0000,jellyfish
516758,article_language,ENG,1.0000,jellyfish
85920,article_language,eng,1.0000,jellyfish
145874,article_language,eng,1.0000,jellyfish
888553,article_language,eng,1.0000,jellyfish
889580,article_language,English,0.6000,jellyfish
732272,article_language,en,0.8000,jellyfish
351877,article_language,en,0.8000,jellyfish
276000,article_language,eng,1.0000,jellyfish
378289,article_language,eng,1.0000,jellyfish
684476,article_language,eng,1.0000,jellyfish
467344,article_language,en,1.0000,jellyfish
39687,article_language,English,0.6000,jellyfish
697880,article_language,en,0.6000,jellyfish
179093,article_language,en,1.0000,jellyfish
539034,article_language,eng,1.0000,jellyfish
208435,article_language,eng,1.0000,jellyfish
556624,article_language,en,1.0000,jellyfish
36253,article_language,jpn,1.0000,jellyfish
422857,article_language,eng,1.0000,jellyfish
720372,article_language,en,1.0000,jellyfish
863342,article_language,en,1.0000,jellyfish
260745,article_language,en,1.0000,jellyfish
941515,article_language,en,0.6000,jellyfish
641972,article_language,dan,1.0000,jellyfish
699523,article_language,English,1.0000,jellyfish
946112,article_language,English,1.0000,jellyfish
958639,article_language,English,1.0000,jellyfish
850418,article_language,en,1.0000,jellyfish
125302,article_language,eng,1.0000,jellyfish
168889,article_language,en,0.8000,jellyfish
63977,article_language,pol,1.0000,jellyfish
782211,article_language,English,1.0000,jellyfish
473599,article_language,en,1.0000,jellyfish
915463,article_language,English,0.6000,jellyfish
476199,article_language,eng,1.0000,jellyfish
405141,article_language,eng,1.0000,jellyfish
213794,article_language,English,1.0000,jellyfish
408902,article_language,en,1.0000,jellyfish
89897,article_language,eng,1.0000,jellyfish
187552,article_language,en,1.0000,jellyfish
144339,article_language,eng,1.0000,jellyfish
656518,article_language,eng,1.0000,jellyfish
925315,article_language,eng,1.0000,jellyfish
130308,article_language,eng,1.0000,jellyfish
237077,article_language,en,1.0000,jellyfish
600827,article_language,eng,1.0000,jellyfish
851773,article_language,eng,1.0000,jellyfish
67292,article_language,eng,1.0000,jellyfish
129698,article_language,eng,1.0000,jellyfish
254327,article_language,eng,1.0000,jellyfish
556803,article_language,en,0.4000,jellyfish
73792,article_language,eng,1.0000,jellyfish
484593,article_language,eng,1.0000,jellyfish
351700,article_language,English,1.0000,jellyfish
105981,article_language,eng,1.0000,jellyfish
408198,article_language,eng,1.0000,jellyfish
30272,article_language,ENG,1.0000,jellyfish
623367,article_language,eng,1.0000,jellyfish
13408,article_language,eng,1.0000,jellyfish
449003,article_language,en,1.0000,jellyfish
299297,article_language,en,0.8000,jellyfish
302268,article_language,English,1.0000,jellyfish
592663,article_language,eng,1.0000,jellyfish
520843,article_language,eng,1.0000,jellyfish
460786,article_language,en,1.0000,jellyfish
866131,article_language,en,1.0000,jellyfish
751811,article_language,English,0.8000,jellyfish
436781,article_language,en,0.8000,jellyfish
796900,article_language,en,0.6000,jellyfish
491837,article_language,English,1.0000,jellyfish
893227,article_language,en,1.0000,jellyfish
525874,article_language,eng,1.0000,jellyfish
26475,article_language,ENG,1.0000,jellyfish
476191,article_language,ENG,1.0000,jellyfish
719389,article_language,en,0.6000,jellyfish
467318,article_language,en,1.0000,jellyfish
268361,article_language,eng,1.0000,jellyfish
664795,article_language,eng,1.0000,jellyfish
102180,article_language,eng,1.0000,jellyfish
258486,article_language,English,1.0000,jellyfish
961081,article_language,English,1.0000,jellyfish
52681,article_language,eng,1.0000,jellyfish
828156,article_language,eng,1.0000,jellyfish
812757,article_language,en,1.0000,jellyfish
713518,article_language,English,0.6000,jellyfish
180977,article_language,en,0.8000,jellyfish
828214,article_language,eng,1.0000,jellyfish
176160,article_language,English,0.8000,jellyfish
677752,article_language,eng,1.0000,jellyfish
107417,article_language,eng,1.0000,jellyfish
141282,article_language,en,0.6000,jellyfish
708911,article_language,en,1.0000,jellyfish
621640,article_language,eng,1.0000,jellyfish
647583,article_language,eng,1.0000,jellyfish
361080,article_language,en,0.6000,jellyfish
283168,article_language,heb,1.0000,jellyfish
52633,article_language,eng,1.0000,jellyfish
74821,article_language,eng,1.0000,jellyfish
373015,article_language,en,1.0000,jellyfish
529562,article_language,eng,1.0000,jellyfish
574242,article_language,English,1.0000,jellyfish
966388,article_language,English,1.0000,jellyfish
919014,article_language,ita,0.8000,jellyfish
494428,article_language,eng,1.0000,jellyfish
55809,article_language,eng,1.0000,jellyfish
368651,article_language,English,0.8000,jellyfish
423691,article_language,English,1.0000,jellyfish
435904,article_language,en,0.8000,jellyfish
407245,article_language,eng,1.0000,jellyfish
918698,article_language,eng,1.0000,jellyfish
209138,article_language,en,1.0000,jellyfish
862844,article_language,en,1.0000,jellyfish
875733,article_language,jpn,1.0000,jellyfish
587683,article_language,eng,1.0000,jellyfish
927711,article_language,en,0.6000,jellyfish
313584,article_language,English,1.0000,jellyfish
161847,article_language,eng,1.0000,jellyfish
543292,article_language,en,0.6000,jellyfish
248064,article_language,eng,1.0000,jellyfish
887041,article_language,eng,1.0000,jellyfish
314737,article_language,en,1.0000,jellyfish
709094,article_language,eng,1.0000,jellyfish
327157,article_language,en,1.0000,jellyfish
793206,article_language,eng,1.0000,jellyfish
361682,article_language,English,1.0000,jellyfish
732256,article_language,en,0.8000,jellyfish
636937,article_language,eng,1.0000,jellyfish
743394,article_language,eng,1.0000,jellyfish
592201,article_language,eng,1.0000,jellyfish
914007,article_language,en,0.6000,jellyfish
208824,article_language,English,1.0000,jellyfish
759501,article_language,ger,1.0000,jellyfish
506162,article_language,eng,1.0000,jellyfish
372697,article_language,en,1.0000,jellyfish
609245,article_language,eng,1.0000,jellyfish
584706,article_language,eng,1.0000,jellyfish
822897,article_language,en,0.8000,jellyfish
145770,article_language,eng,1.0000,jellyfish
24026,article_language,eng,1.0000,jellyfish
44484,article_language,eng,1.0000,jellyfish
379988,article_language,en,1.0000,jellyfish
333862,article_language,en,0.6000,jellyfish
779555,article_language,English,1.0000,jellyfish
323860,article_language,English,1.0000,jellyfish
646572,article_language,ger,1.0000,jellyfish
128182,article_language,eng,1.0000,jellyfish
252998,article_language,en,0.6000,jellyfish
231933,article_language,en,1.0000,jellyfish
683304,article_language,eng,1.0000,jellyfish
854628,article_language,eng,1.0000,jellyfish
117678,article_language,eng,1.0000,jellyfish
795170,article_language,eng,1.0000,jellyfish
783722,article_language,English,1.0000,jellyfish
376103,article_language,English,1.0000,jellyfish
505530,article_language,en,0.8000,jellyfish
868618,article_language,en,1.0000,jellyfish
503451,article_language,en,0.6000,jellyfish
113363,article_language,en,0.6000,jellyfish
944558,article_language,eng,1.0000,jellyfish
875250,article_language,English,1.0000,jellyfish
786108,article_language,en,1.0000,jellyfish
233544,article_language,eng,1.0000,jellyfish
163093,article_language,English,1.0000,jellyfish
31763,article_language,eng,1.0000,jellyfish
949775,article_language,English,1.0000,jellyfish
847600,article_language,ENG,1.0000,jellyfish
638338,article_language,eng,1.0000,jellyfish
14077,article_language,eng,1.0000,jellyfish
453607,article_language,zh,1.0000,jellyfish
690793,article_language,eng,1.0000,jellyfish
799604,article_language,eng,1.0000,jellyfish
718091,article_language,eng,1.0000,jellyfish
935189,article_language,eng,1.0000,jellyfish
711472,article_language,English,0.6000,jellyfish
660574,article_language,eng,1.0000,jellyfish
873322,article_language,eng,1.0000,jellyfish
774830,article_language,en,1.0000,jellyfish
768192,article_language,eng,1.0000,jellyfish
950926,article_language,en,0.6000,jellyfish
204215,article_language,eng,1.0000,jellyfish
129552,article_language,eng,1.0000,jellyfish
526825,article_language,eng,1.0000,jellyfish
56464,article_language,eng,1.0000,jellyfish
20641,article_language,eng,1.0000,jellyfish
706764,article_language,English,0.6000,jellyfish
388872,article_language,eng,1.0000,jellyfish
681305,article_language,eng,1.0000,jellyfish
541739,article_language,eng,1.0000,jellyfish
558824,article_language,Eng,1.0000,jellyfish
954980,article_language,Chinese,0.4000,jellyfish
896410,article_language,en,0.8000,jellyfish
751168,article_language,en,1.0000,jellyfish
303571,article_language,en,1.0000,jellyfish
193059,article_language,de,1.0000,jellyfish
416171,article_language,French,1.0000,jellyfish
810153,article_language,en,1.0000,jellyfish
164085,article_language,en,1.0000,jellyfish
619668,article_language,eng,1.0000,jellyfish
490750,article_language,English,1.0000,jellyfish
136068,article_language,eng,1.0000,jellyfish
198675,article_language,English,1.0000,jellyfish
316114,article_language,English,1.0000,jellyfish
626797,article_language,eng,1.0000,jellyfish
577842,article_language,en,1.0000,jellyfish
811629,article_language,en,0.6000,jellyfish
280418,article_language,English,1.0000,jellyfish
757660,article_language,eng,1.0000,jellyfish
54163,article_language,en,0.8000,jellyfish
65723,article_language,eng,1.0000,jellyfish
293974,article_language,fr,1.0000,jellyfish
247571,article_language,eng,1.0000,jellyfish
292980,article_language,eng,1.0000,jellyfish
38197,article_language,jpn,1.0000,jellyfish
160820,article_language,eng,1.0000,jellyfish
876536,article_language,en,0.8000,jellyfish
776197,article_language,English,1.0000,jellyfish
45797,article_language,ENG,1.0000,jellyfish
605277,article_language,eng,1.0000,jellyfish
749261,article_language,en,1.0000,jellyfish
752305,article_language,english,0.6000,jellyfish
179196,article_language,English,0.6000,jellyfish
150198,article_language,eng,1.0000,jellyfish
894415,article_language,English,1.0000,jellyfish
187769,article_language,English,0.8000,jellyfish
556090,article_language,English,1.0000,jellyfish
770589,article_language,eng,1.0000,jellyfish
450743,article_language,en,1.0000,jellyfish
157566,article_language,eng,1.0000,jellyfish
589465,article_language,eng,1.0000,jellyfish
560120,article_language,eng,1.0000,jellyfish
107924,article_language,eng,1.0000,jellyfish
797967,article_language,eng,1.0000,jellyfish
265969,article_language,eng,1.0000,jellyfish
820508,article_language,English,1.0000,jellyfish
446026,article_language,en,1.0000,jellyfish
84941,article_language,eng,1.0000,jellyfish
558766,article_language,eng,1.0000,jellyfish
428909,article_language,en,1.0000,jellyfish
110453,article_language,eng,1.0000,jellyfish
837546,article_language,en,1.0000,jellyfish
82695,article_language,eng,1.0000,jellyfish
820059,article_language,English,1.0000,jellyfish
771288,article_language,eng,1.0000,jellyfish
54202,article_language,en,0.6000,jellyfish
888477,article_language,eng,1.0000,jellyfish
741279,article_language,en,1.0000,jellyfish
64430,article_language,eng,1.0000,jellyfish
461657,article_language,en,1.0000,jellyfish
240949,article_language,English,1.0000,jellyfish
453909,article_language,english,0.4000,jellyfish
222452,article_language,en,0.6000,jellyfish
163839,article_language,English,0.6000,jellyfish
696132,article_language,en,1.0000,jellyfish
257990,article_language,en,0.8000,jellyfish
332032,article_language,en,0.8000,jellyfish
617801,article_language,eng,1.0000,jellyfish
480030,article_language,eng,1.0000,jellyfish
660499,article_language,eng,1.0000,jellyfish
355078,article_language,eng,1.0000,jellyfish
696985,article_language,eng,1.0000,jellyfish
826471,article_language,eng,1.0000,jellyfish
807737,article_language,en,1.0000,jellyfish
875781,article_language,eng,1.0000,jellyfish
322953,article_language,English,1.0000,jellyfish
123731,article_language,eng,1.0000,jellyfish
180588,article_language,English,0.8000,jellyfish
440684,article_language,en,1.0000,jellyfish
758629,article_language,eng,1.0000,jellyfish
964184,article_language,en,1.0000,jellyfish
265490,article_language,Eng,1.0000,jellyfish
463556,article_language,en,1.0000,jellyfish
749844,article_language,English,1.0000,jellyfish
300057,article_language,ger,1.0000,jellyfish
166521,article_language,eng,1.0000,jellyfish
292018,article_language,eng,1.0000,jellyfish
181456,article_language,en,0.6000,jellyfish
668772,article_language,ENG,1.0000,jellyfish
276001,article_language,jpn,1.0000,jellyfish
788507,article_language,eng,1.0000,jellyfish
620483,article_language,eng,1.0000,jellyfish
433039,article_language,en,0.8000,jellyfish
737167,article_language,en,1.0000,jellyfish
744601,article_language,en,1.0000,jellyfish
856471,article_language,eng,1.0000,jellyfish
570704,article_language,eng,1.0000,jellyfish
520153,article_language,eng,1.0000,jellyfish
259267,article_language,en,1.0000,jellyfish
24381,article_language,eng,1.0000,jellyfish
827921,article_language,eng,1.0000,jellyfish
461204,article_language,en,1.0000,jellyfish
482860,article_language,jpn,1.0000,jellyfish
18298,article_language,ENG,1.0000,jellyfish
365654,article_language,eng,1.0000,jellyfish
625306,article_language,fre,1.0000,jellyfish
572343,article_language,eng,1.0000,jellyfish
88262,article_language,eng,1.0000,jellyfish
663339,article_language,eng,1.0000,jellyfish
718292,article_language,eng,1.0000,jellyfish
245200,article_language,eng,1.0000,jellyfish
307302,article_language,german,0.8000,jellyfish
217418,article_language,English,1.0000,jellyfish
413717,article_language,"English, Italian",1.0000,jellyfish
62246,article_language,eng,1.0000,jellyfish
945021,article_language,eng,1.0000,jellyfish
649817,article_language,eng,1.0000,jellyfish
934327,article_language,en,1.0000,jellyfish
546484,article_language,en,1.0000,jellyfish
917231,article_language,ita,0.6000,jellyfish
887418,article_language,English,0.6000,jellyfish
724055,article_language,English,1.0000,jellyfish
63738,article_language,rus,1.0000,jellyfish
422739,article_language,eng,1.0000,jellyfish
97795,article_language,en,0.6000,jellyfish
155127,article_language,eng,1.0000,jellyfish
100986,article_language,ENG,1.0000,jellyfish
166179,article_language,spanish,1.0000,jellyfish
740811,article_language,en,1.0000,jellyfish
379577,article_language,eng,1.0000,jellyfish
658981,article_language,eng,1.0000,jellyfish
215650,article_language,pt,1.0000,jellyfish
521132,article_language,eng,1.0000,jellyfish
892609,article_language,en,1.0000,jellyfish
366275,article_language,eng,1.0000,jellyfish
513630,article_language,eng,1.0000,jellyfish
605423,article_language,eng,1.0000,jellyfish
495319,article_language,eng,1.0000,jellyfish
733752,article_language,English,1.0000,jellyfish
252118,article_language,en,1.0000,jellyfish
903817,article_language,en,1.0000,jellyfish
80799,article_language,eng,1.0000,jellyfish
385163,article_language,eng,1.0000,jellyfish
645061,article_language,eng,1.0000,jellyfish
164721,article_language,german,1.0000,jellyfish
730721,article_language,en,1.0000,jellyfish
439302,article_language,en,1.0000,jellyfish
410748,article_language,English,1.0000,jellyfish
133777,article_language,eng,1.0000,jellyfish
775428,article_language,English,1.0000,jellyfish
497593,article_language,eng,1.0000,jellyfish
899060,article_language,English,1.0000,jellyfish
424254,article_language,English,1.0000,jellyfish
161290,article_language,eng,1.0000,jellyfish
746312,article_language,en,0.8000,jellyfish
191138,article_language,en,0.6000,jellyfish
743819,article_language,eng,1.0000,jellyfish
193292,article_language,english,0.6000,jellyfish
91852,article_language,eng,1.0000,jellyfish
663526,article_language,eng,1.0000,jellyfish
382853,article_language,eng,1.0000,jellyfish
1266,article_language,en,0.8000,jellyfish
407082,article_language,eng,1.0000,jellyfish
411673,article_language,English,1.0000,jellyfish
382297,article_language,eng,1.0000,jellyfish
414396,article_language,English,1.0000,jellyfish
635082,article_language,eng,1.0000,jellyfish
446599,article_language,French,1.0000,jellyfish
376525,article_language,eng,1.0000,jellyfish
637323,article_language,eng,1.0000,jellyfish
153797,article_language,en,1.0000,jellyfish
470179,article_language,eng,1.0000,jellyfish
9325,article_language,eng,1.0000,jellyfish
294719,article_language,eng,1.0000,jellyfish
38130,article_language,eng,1.0000,jellyfish
455697,article_language,en,1.0000,jellyfish
518335,article_language,eng,1.0000,jellyfish
503528,article_language,eng,1.0000,jellyfish
503354,article_language,en,1.0000,jellyfish
176844,article_language,English,1.0000,jellyfish
820549,article_language,English,1.0000,jellyfish
250975,article_language,eng,1.0000,jellyfish
37173,article_language,en,1.0000,jellyfish
641251,article_language,eng,1.0000,jellyfish
302179,article_language,English,1.0000,jellyfish
627882,article_language,eng,1.0000,jellyfish
264151,article_language,en,0.6000,jellyfish
711975,article_language,en,1.0000,jellyfish
12554,article_language,eng,1.0000,jellyfish
564924,article_language,eng,1.0000,jellyfish
364080,article_language,eng,1.0000,jellyfish
727134,article_language,en,1.0000,jellyfish
356635,article_language,en,1.0000,jellyfish
272721,article_language,en,1.0000,jellyfish
979725,article_language,en,1.0000,jellyfish
470615,article_language,Spanish,0.8000,jellyfish
71351,article_language,ENG,1.0000,jellyfish
793299,article_language,spa,1.0000,jellyfish
673560,article_language,spa,1.0000,jellyfish
258181,article_language,English,1.0000,jellyfish
11709,article_language,eng,1.0000,jellyfish
603381,article_language,eng,1.0000,jellyfish
570263,article_language,eng,1.0000,jellyfish
395807,article_language,English,1.0000,jellyfish
149836,article_language,eng,1.0000,jellyfish
813023,article_language,Spanish,1.0000,jellyfish
691035,article_language,eng,1.0000,jellyfish
801512,article_language,eng,1.0000,jellyfish
121133,article_language,eng,1.0000,jellyfish
82486,article_language,eng,1.0000,jellyfish
136032,article_language,eng,1.0000,jellyfish
131606,article_language,eng,1.0000,jellyfish
448384,article_language,en,1.0000,jellyfish
57286,article_language,eng,1.0000,jellyfish
622636,article_language,eng,1.0000,jellyfish
107979,article_language,eng,1.0000,jellyfish
252990,article_language,English,0.6000,jellyfish
861475,article_language,English,0.8000,jellyfish
503159,article_language,English,0.8000,jellyfish
325081,article_language,en,1.0000,jellyfish
399134,article_language,German,1.0000,jellyfish
315951,article_language,en,1.0000,jellyfish
98479,article_language,ENG,1.0000,jellyfish
673307,article_language,eng,1.0000,jellyfish
730754,article_language,English,1.0000,jellyfish
953002,article_language,English,1.0000,jellyfish
246067,article_language,eng,1.0000,jellyfish
161814,article_language,eng,1.0000,jellyfish
8529,article_language,eng,1.0000,jellyfish
198813,article_language,en,1.0000,jellyfish
535901,article_language,eng,1.0000,jellyfish
15325,article_language,en,0.6000,jellyfish
162189,article_language,eng,1.0000,jellyfish
434500,article_language,en,1.0000,jellyfish
197174,article_language,eng,1.0000,jellyfish
6786,article_language,English,1.0000,jellyfish
309274,article_language,English,1.0000,jellyfish
672671,article_language,eng,1.0000,jellyfish
819735,article_language,English,1.0000,jellyfish
21599,article_language,eng,1.0000,jellyfish
980682,article_language,en,1.0000,jellyfish
547657,article_language,English,0.6000,jellyfish
682676,article_language,eng,1.0000,jellyfish
820238,article_language,English,1.0000,jellyfish
82540,article_language,eng,1.0000,jellyfish
776189,article_language,English,1.0000,jellyfish
422951,article_language,eng,1.0000,jellyfish
228622,article_language,English,1.0000,jellyfish
514759,article_language,eng,1.0000,jellyfish
26216,article_language,eng,1.0000,jellyfish
164517,article_language,en,0.6000,jellyfish
973603,article_language,en,0.6000,jellyfish
345575,article_language,eng,1.0000,jellyfish
304082,article_language,eng,1.0000,jellyfish
33728,article_language,eng,1.0000,jellyfish
109595,article_language,ita,1.0000,jellyfish
772026,article_language,English,0.6000,jellyfish
424870,article_language,en,1.0000,jellyfish
904168,article_language,en,1.0000,jellyfish
916713,article_language,eng,1.0000,jellyfish
819804,article_language,English,1.0000,jellyfish
892141,article_language,en,0.8000,jellyfish
409335,article_language,en,1.0000,jellyfish
166779,article_language,eng,1.0000,jellyfish
720526,article_language,English,1.0000,jellyfish
513503,article_language,eng,1.0000,jellyfish
83012,article_language,eng,1.0000,jellyfish
438681,article_language,en,1.0000,jellyfish
317155,article_language,en,0.6000,jellyfish
261121,article_language,en,0.6000,jellyfish
296269,article_language,eng,1.0000,jellyfish
960478,article_language,eng,1.0000,jellyfish
741988,article_language,eng,1.0000,jellyfish
589265,article_language,eng,1.0000,jellyfish
931944,article_language,English,1.0000,jellyfish
305933,article_language,English,1.0000,jellyfish
360693,article_language,eng,1.0000,jellyfish
772745,article_language,en,0.8000,jellyfish
683893,article_language,eng,1.0000,jellyfish
168157,article_language,English,0.8000,jellyfish
97775,article_language,eng,1.0000,jellyfish
740227,article_language,English,1.0000,jellyfish
449419,article_language,zh,0.8000,jellyfish
456934,article_language,en,1.0000,jellyfish
134738,article_language,en,1.0000,jellyfish
66579,article_language,eng,1.0000,jellyfish
557824,article_language,English,0.6000,jellyfish
215820,article_language,pt,1.0000,jellyfish
658982,article_language,eng,1.0000,jellyfish
272806,article_language,eng,1.0000,jellyfish
773090,article_language,English,0.6000,jellyfish
500618,article_language,English,0.6000,jellyfish
385346,article_language,eng,1.0000,jellyfish
938092,article_language,en,0.8000,jellyfish
383183,article_language,eng,1.0000,jellyfish
889260,article_language,en,1.0000,jellyfish
392576,article_language,eng,1.0000,jellyfish
209012,article_language,en,1.0000,jellyfish
961006,article_language,English,1.0000,jellyfish
786558,article_language,en,1.0000,jellyfish
35875,article_language,eng,1.0000,jellyfish
882786,article_language,ger,1.0000,jellyfish
332926,article_language,Spanish,0.8000,jellyfish
109843,article_language,eng,1.0000,jellyfish
820688,article_language,English,1.0000,jellyfish
817811,article_language,English,1.0000,jellyfish
855970,article_language,English,1.0000,jellyfish
643856,article_language,eng,1.0000,jellyfish
482584,article_language,eng,1.0000,jellyfish
553088,article_language,eng,1.0000,jellyfish
575935,article_language,eng,1.0000,jellyfish
450760,article_language,en,1.0000,jellyfish
160121,article_language,eng,1.0000,jellyfish
471093,article_language,eng,1.0000,jellyfish
84783,article_language,eng,1.0000,jellyfish
894794,article_language,en,1.0000,jellyfish
481173,article_language,eng,1.0000,jellyfish
946487,article_language,eng,1.0000,jellyfish
685456,article_language,eng,1.0000,jellyfish
6028,article_language,en,1.0000,jellyfish
48202,article_language,en,1.0000,jellyfish
558738,article_language,eng,1.0000,jellyfish
908011,article_language,eng,1.0000,jellyfish
260738,article_language,en,0.6000,jellyfish
979155,article_language,eng,1.0000,jellyfish
752075,article_language,English,0.8000,jellyfish
670823,article_language,eng,1.0000,jellyfish
73289,article_language,eng,1.0000,jellyfish
426134,article_language,English,0.8000,jellyfish
255382,article_language,eng,1.0000,jellyfish
979472,article_language,eng,1.0000,jellyfish
814758,article_language,ru,1.0000,jellyfish
226417,article_language,ENG,1.0000,jellyfish
968815,article_language,English,1.0000,jellyfish
734259,article_language,en,0.4000,jellyfish
235295,journal_title,Proceedings of the Royal Society of Medicine,1.0000,jellyfish
498345,journal_title,The Journal of Infectious Diseases,1.0000,jellyfish
789958,journal_title,Indian J Ophthalmol,1.0000,jellyfish
169865,journal_title,Polski Merkury Lekarski,0.6000,jellyfish
803653,journal_title,Dermatol Clin,1.0000,jellyfish
98234,journal_title,Journal of Pain Research,1.0000,jellyfish
823730,journal_title,Br Med J,0.6000,jellyfish
729712,journal_title,American journal of respiratory and critical care medicine,1.0000,jellyfish
396821,journal_title,Clinical Neuropsychologist,1.0000,jellyfish
340222,journal_title,The British Journal of Radiology,1.0000,jellyfish
184417,journal_title,Transportation Research Part D-Transport and Environment,1.0000,jellyfish
729686,journal_title,International journal of clinical and experimental medicine,0.8000,jellyfish
278396,journal_title,Acta obstetricia et gynecologica Scandinavica,1.0000,jellyfish
965082,journal_title,Heart Rhythm,1.0000,jellyfish
53321,journal_title,Journal of Orthopaedic Trauma,0.8000,jellyfish
13601,journal_title,British Journal of Dermatology,1.0000,jellyfish
668310,journal_title,Clinical Interventions Aging,1.0000,jellyfish
282987,journal_title,Cochrane Database Syst Rev,1.0000,jellyfish
478292,journal_title,Acta Neurochirurgica,1.0000,jellyfish
43736,journal_title,Med Sci Sports Exerc,1.0000,jellyfish
82614,journal_title,Cancer Prev Res (Phila),0.6000,jellyfish
163526,journal_title,"Journal of Obstetric, Gynecologic & Neonatal Nursing",0.4000,jellyfish
514411,journal_title,Cardiovasc Intervent Radiol,1.0000,jellyfish
569841,journal_title,Journal of Clinical Oncology,1.0000,jellyfish
6207,journal_title,Scandinavian Journal of Gastroenterology,1.0000,jellyfish
21910,journal_title,Global Journal of Health Science,1.0000,jellyfish
378490,journal_title,The Journal of Clinical Psychiatry,1.0000,jellyfish
971878,journal_title,Metabolism: Clinical and Experimental,1.0000,jellyfish
793918,journal_title,PLoS ONE,1.0000,jellyfish
819166,journal_title,American Journal of Bioethics,1.0000,jellyfish
880881,journal_title,The Korean journal of gastroenterology = Taehan Sohwagi Hakhoe chi,1.0000,jellyfish
629530,journal_title,Eur Heart J,0.6000,jellyfish
954388,journal_title,Optimal Starting Age for School Attendance: FY76 Issue Analysis,0.8000,jellyfish
379737,journal_title,Neuroendocrinology,1.0000,jellyfish
676042,journal_title,Journal of Stroke and Cerebrovascular Diseases,1.0000,jellyfish
353972,journal_title,Vulnerable Children and Youth Studies,1.0000,jellyfish
968125,journal_title,Respiration,1.0000,jellyfish
660168,journal_title,Neurosurgery,1.0000,jellyfish
732534,journal_title,Health Facilities Management,1.0000,jellyfish
473026,journal_title,European journal of emergency medicine,0.6000,jellyfish
372175,journal_title,Int. J. Radiat. Oncol. Biol. Phys.,0.8000,jellyfish
110072,journal_title,Journal of cerebral blood flow and metabolism,0.8000,jellyfish
330553,journal_title,Intensivmedizin und Notfallmedizin,1.0000,jellyfish
23215,journal_title,Journal of the American Board of Family Medicine,1.0000,jellyfish
719532,journal_title,Energy and Buildings,1.0000,jellyfish
86421,journal_title,Cancer Res.,1.0000,jellyfish
433667,journal_title,Journal of Clinical Nursing,0.8000,jellyfish
530323,journal_title,Cochrane Database Syst Rev,1.0000,jellyfish
102893,journal_title,The Journal of Clinical Psychiatry,1.0000,jellyfish
864817,journal_title,Annals of Oncology,1.0000,jellyfish
217725,journal_title,Journal of Oral Science,0.4000,jellyfish
730822,journal_title,Ann R Coll Surg Engl,1.0000,jellyfish
659297,journal_title,American Journal of Physical Medicine & Rehabilitation,1.0000,jellyfish
42247,journal_title,Journal of Science and Medicine in Sport,1.0000,jellyfish
302969,journal_title,Journal of Adolescent Health,1.0000,jellyfish
158672,journal_title,Computers & Chemical Engineering,1.0000,jellyfish
616298,journal_title,Journal of Clinical Anesthesia,1.0000,jellyfish
221086,journal_title,Journal of Dental Research,1.0000,jellyfish
548616,journal_title,Teachers College Press,1.0000,jellyfish
669596,journal_title,Knee Surg Sports Traumatol Arthrosc,1.0000,jellyfish
474288,journal_title,Journal of Geriatric Oncology,1.0000,jellyfish
108424,journal_title,Obesity Surgery,1.0000,jellyfish
841679,journal_title,J. Thorac. Cardiovasc. Surg.,1.0000,jellyfish
173830,journal_title,Journal of Allergy and Clinical Immunology,1.0000,jellyfish
852927,journal_title,J Clin Oncol,1.0000,jellyfish
237623,journal_title,Clinical evidence,1.0000,jellyfish
912884,journal_title,Paediatrics and Child Health,1.0000,jellyfish
318931,journal_title,AIDS Reviews,1.0000,jellyfish
93659,journal_title,Sheng wu yi xue gong cheng xue za zhi = Journal of biomedical engineering = Sheng wu yi xue gong ch,1.0000,jellyfish
349150,journal_title,Ophthalmology,0.6000,jellyfish
572010,journal_title,CANCER,1.0000,jellyfish
826030,journal_title,European journal of cardiovascular nursing : journal of the working group on cardiovascular nursing of the european society of cardiology,1.0000,jellyfish
34962,journal_title,Journal of Neurological Sciences,0.8000,jellyfish
574309,journal_title,Transplantation,1.0000,jellyfish
200077,journal_title,Indian Journal of Pathology and Microbiology,1.0000,jellyfish
421512,journal_title,Journal of the American Medical Association,1.0000,jellyfish
715052,journal_title,Cancer Nursing,0.6000,jellyfish
172966,journal_title,Archives of Pediatrics,1.0000,jellyfish
140274,journal_title,Nepal Med Coll J,1.0000,jellyfish
282039,journal_title,Transfusion,1.0000,jellyfish
835177,journal_title,Eur J Cancer Care (English),0.6000,jellyfish
519732,journal_title,Statistical Methods in Medical Research,1.0000,jellyfish
761104,journal_title,TEACHING Exceptional Children Plus,1.0000,jellyfish
408062,journal_title,Actas Urol Esp,1.0000,jellyfish
889481,journal_title,Einstein Sao Paulo,0.8000,jellyfish
894596,journal_title,Proc. iEMSs 4th Biennial Meeting - Int. Congress on Environmental Modelling and Software: Integrating Sciences and Information Technology for Environmental Assessment and,1.0000,jellyfish
604985,journal_title,Journal of Medical Toxicology,1.0000,jellyfish
220950,journal_title,Forensic odontology: A prosthodontic view,0.8000,jellyfish
770196,journal_title,International journal of gynaecology and obstetrics: the official organ of the International Federation of Gynecology and Obstetrics,0.8000,jellyfish
914468,journal_title,Revista de Neurología,1.0000,jellyfish
346326,journal_title,J Cardiovasc Med (Hagerstown),1.0000,jellyfish
612846,journal_title,Pathologie rhumato-logique,0.2000,jellyfish
282053,journal_title,Nicotine & tobacco research : official journal of the Society for Research on Nicotine and Tobacco,1.0000,jellyfish
870257,journal_title,Journal of Social Service Research,1.0000,jellyfish
417578,journal_title,The American Journal of Managed Care,1.0000,jellyfish
949067,journal_title,Expert Opin Drug Metab Toxicol,1.0000,jellyfish
931323,journal_title,Allergy: European Journal of Allergy and Clinical Immunology,1.0000,jellyfish
752456,journal_title,Journal of Dental Research,1.0000,jellyfish
377284,journal_title,American journal of physiology. Endocrinology and metabolism,0.8000,jellyfish
420138,journal_title,Journal of the American Dietetic Association,1.0000,jellyfish
444273,journal_title,Colonic Imaging,0.6000,jellyfish
816680,journal_title,Cognitive Processing,1.0000,jellyfish
491006,journal_title,Lancet Respir Med,0.6000,jellyfish
628299,journal_title,Fertil Steril,0.6000,jellyfish
72089,journal_title,Cancer Chemother. Pharmacol.,1.0000,jellyfish
847287,journal_title,Psycho-oncology,1.0000,jellyfish
764224,journal_title,Journal of Sports Science and Medicine,0.4000,jellyfish
591619,journal_title,Journal of Antimicrobial Chemotherapy,0.8000,jellyfish
125072,journal_title,Curr Opin Pharmacol,1.0000,jellyfish
255432,journal_title,The Cochrane Database Syst Rev,1.0000,jellyfish
689284,journal_title,Cancer Immunol Immunother.,1.0000,jellyfish
781141,journal_title,BMJ Open,1.0000,jellyfish
148787,journal_title,Journal of Applied Physiology,1.0000,jellyfish
779281,journal_title,Industrial Robot: An International Journal,1.0000,jellyfish
684757,journal_title,The Journal of Rheumatology,1.0000,jellyfish
447382,journal_title,Journal of Thrombosis and Haemostasis,0.8000,jellyfish
585766,journal_title,Journal of Applied Physiology,1.0000,jellyfish
185291,journal_title,Journal of Hospice and Palliative Care Nursing,0.8000,jellyfish
886237,journal_title,Geriatrie et Psychologie Neuropsychiatrie du Vieillissement,0.6000,jellyfish
954493,journal_title,Journal of Experimental Psychology,0.6000,jellyfish
922646,journal_title,Anesthesiology,1.0000,jellyfish
843485,journal_title,Transactions of the Royal Society of Tropical Medicine and Hygiene,1.0000,jellyfish
668845,journal_title,BMC Public Health,1.0000,jellyfish
863844,journal_title,International journal of clinical and experimental pathology,1.0000,jellyfish
946006,journal_title,International journal of gynecological cancer : official journal of the International Gynecological Cancer Society,0.6000,jellyfish
36429,journal_title,Neurologia,1.0000,jellyfish
259367,journal_title,Anesthesia,0.4000,jellyfish
977276,journal_title,Medicinski Glasnik,1.0000,jellyfish
369578,journal_title,Scientific Session and Scientific Poster Abstracts,1.0000,jellyfish
772616,journal_title,Curr. Vasc. Pharmacol.,1.0000,jellyfish
334681,journal_title,Journal of the American Geriatrics Society,1.0000,jellyfish
757463,journal_title,Am. J. Trop. Med. Hyg.,0.6000,jellyfish
465176,journal_title,Journal of Pain Research,0.6000,jellyfish
368072,journal_title,BMJ 2006;333:939,1.0000,jellyfish
812893,journal_title,Annals of Internal Medicine,1.0000,jellyfish
380945,journal_title,The Journals of Gerontology: Biological Sciences and Medical Sciences,1.0000,jellyfish
513829,journal_title,Skeletal Radiology,1.0000,jellyfish
862798,journal_title,Pharmacoeconomics,1.0000,jellyfish
316632,journal_title,Canadian Journal of Cardiology,0.4000,jellyfish
38413,journal_title,Surgical Endoscopy,0.6000,jellyfish
595469,journal_title,Australian Veterinary Journal,1.0000,jellyfish
49698,journal_title,J Pediatr Gastroenterol Nutr,0.8000,jellyfish
900624,journal_title,Health Technology Assessment Database,0.8000,jellyfish
246528,journal_title,J Hand Surg Br,0.4000,jellyfish
347144,journal_title,Journal of cardiovascular electrophysiology,0.6000,jellyfish
957059,journal_title,Chinese Journal of New Drugs,1.0000,jellyfish
269313,journal_title,Journal of Urology,0.4000,jellyfish
267879,journal_title,The European Journal of General Practice,1.0000,jellyfish
224232,journal_title,Gut,1.0000,jellyfish
62306,journal_title,General dentistry,1.0000,jellyfish
182986,journal_title,Food Control,1.0000,jellyfish
663994,journal_title,Neuropsychologia,1.0000,jellyfish
520771,journal_title,"Euthanasie en andere medische beslissingen rond het levenseinde, 1990-1995",0.8000,jellyfish
754594,journal_title,Journal Title: Journal of Vascular Access Devices,0.4000,jellyfish
817046,journal_title,American Journal of Acupuncture,1.0000,jellyfish
736183,journal_title,Swiss Med. Weekly,0.6000,jellyfish
963532,journal_title,Circulation,1.0000,jellyfish
131820,journal_title,CNS Spectrums,1.0000,jellyfish
704093,journal_title,Palliative Schanzova osteotomie of the knee joint in patients with spinal cord injury in adolescence,0.2000,jellyfish
912377,journal_title,Hippokratia,1.0000,jellyfish
203935,journal_title,Psycho-Oncology,1.0000,jellyfish
68354,journal_title,Journal of Clinical and Diagnostic Research,1.0000,jellyfish
259916,journal_title,Anesthesiology,1.0000,jellyfish
199407,journal_title,Wound Healing South Africa,1.0000,jellyfish
790756,journal_title,Strabismus,1.0000,jellyfish
592893,journal_title,Journal of Antimicrobial Chemotherapy,1.0000,jellyfish
232775,journal_title,Focus on Alternative and Complementary Therapies,0.8000,jellyfish
631610,journal_title,Animal,1.0000,jellyfish
901298,journal_title,Cochrane Database Syst Rev,1.0000,jellyfish
456691,journal_title,Radiology,0.6000,jellyfish
429995,journal_title,Diabetic medicine : a journal of the British Diabetic Association,1.0000,jellyfish
709359,journal_title,Journal of Educational Technology Development,0.6000,jellyfish
690938,journal_title,Journal of Receptor and Signal Transduction Research,1.0000,jellyfish
910604,journal_title,Functional Neurology,1.0000,jellyfish
730191,journal_title,Spine,1.0000,jellyfish
42135,journal_title,Ann. N. Y. Acad. Sci.,0.6000,jellyfish
835178,journal_title,Annals of the New York Academy of Sciences,1.0000,jellyfish
335521,journal_title,Obesity (Silver Spring),1.0000,jellyfish
22708,journal_title,Water Sci. Technol.,1.0000,jellyfish
704111,journal_title,Orthopedics,1.0000,jellyfish
804762,journal_title,Haematologica,1.0000,jellyfish
657210,journal_title,Scandinavian journal of psychology,1.0000,jellyfish
431896,journal_title,Journal of Science and Health,0.6000,jellyfish
490584,journal_title,Journal of Alternative and Complementary Medicine,1.0000,jellyfish
929252,journal_title,AIDS Care,1.0000,jellyfish
821382,journal_title,Mount Sinai J Med,1.0000,jellyfish
961741,journal_title,Radiotherapy and Oncology,1.0000,jellyfish
925885,journal_title,Alternative Therapies in Health and Medicine,1.0000,jellyfish
717315,journal_title,Journal of International Education Research,1.0000,jellyfish
967781,journal_title,Radiologic Clinics of North America,1.0000,jellyfish
928952,journal_title,Health Education & Behavior,1.0000,jellyfish
225002,journal_title,Pediatrics Annals,0.6000,jellyfish
550350,journal_title,Learning & Leading with Technology,1.0000,jellyfish
622979,journal_title,Journal of Cancer Research,1.0000,jellyfish
501663,journal_title,Journal of Science & Medicine in Sport,0.6000,jellyfish
48738,journal_title,Journal title: Journal of Nutrition,0.4000,jellyfish
143029,journal_title,European Archives of Oto-Rhino-Laryngology,1.0000,jellyfish
667611,journal_title,BMC Medical Research Methodology,1.0000,jellyfish
565079,journal_title,Annals of Surgery,1.0000,jellyfish
348006,journal_title,Journal of Biomaterials Applications,1.0000,jellyfish
55412,journal_title,The journal of headache and pain,0.8000,jellyfish
546048,journal_title,ProQuest,0.6000,jellyfish
979292,journal_title,Journal of Sports Sciences,1.0000,jellyfish
971456,journal_title,European Journal of Endocrinology,1.0000,jellyfish
533193,journal_title,Nephrol. Dial. Transplant.,1.0000,jellyfish
970436,journal_title,Cytokine,1.0000,jellyfish
437969,journal_title,Therapeutics and Cardiovascular Risk Management,0.6000,jellyfish
464335,journal_title,Journal of Neurosurgery,1.0000,jellyfish
417782,journal_title,"Archives of Surgery (Chicago, Ill. : 1960)",0.6000,jellyfish
979059,journal_title,Muscle Nerve,1.0000,jellyfish
661572,journal_title,Social medicine,1.0000,jellyfish
132901,journal_title,International Archives of Occupational and Environmental Health,1.0000,jellyfish
245822,journal_title,Ugeskrift for Læger,1.0000,jellyfish
440401,journal_title,American Journal of Ethnopharmacology,0.8000,jellyfish
77389,journal_title,Crit. Rev. Oncol. Hematol.,1.0000,jellyfish
592817,journal_title,Iran J Ophthalmol,1.0000,jellyfish
169270,journal_title,Public Health Reports,1.0000,jellyfish
288711,journal_title,Colorectal Dis,0.6000,jellyfish
184949,journal_title,Romanian Journal of Infectious Diseases,0.6000,jellyfish
833251,journal_title,Journal of Consulting and Clinical Psychology,1.0000,jellyfish
470174,journal_title,Computerized Medical Imaging and Graphics: The Official Journal of the Computerized Medical Imaging Society,1.0000,jellyfish
315926,journal_title,Alcohol Clin Exp Res,0.6000,jellyfish
901385,journal_title,American Journal of Clinical Nutrition,1.0000,jellyfish
787529,journal_title,Int J Obes (Lond),1.0000,jellyfish
431348,journal_title,Atomoxetine treatment of children and adolescents with ADHD: Clinical questions and answers. (German) - Journal of Child and Adolescent Psychopharmacology,1.0000,jellyfish
441393,journal_title,Journal of Clinical Microbiology,0.4000,jellyfish
481882,journal_title,Endocrinology,1.0000,jellyfish
572425,journal_title,American Journal of Clinical Oncology-Cancer Clinical Trials,1.0000,jellyfish
581864,journal_title,International Journal of Behavioral Consultation and Therapy,1.0000,jellyfish
455406,journal_title,Journal of Dermatological Treatment,0.8000,jellyfish
696362,journal_title,College Teaching,1.0000,jellyfish
504206,journal_title,The Journal of Hospital Infection,1.0000,jellyfish
800900,journal_title,Best Pract Res Clin Gastroenterol,1.0000,jellyfish
235689,journal_title,American journal of obstetrics and gynecology,1.0000,jellyfish
659896,journal_title,Medical teacher,1.0000,jellyfish
84944,journal_title,Acta Cytol.,1.0000,jellyfish
326944,journal_title,Atheroscler Suppl,0.8000,jellyfish
922795,journal_title,Schlafstörungen bei kritisch kranken Patienten,1.0000,jellyfish
768486,journal_title,BMJ Open,1.0000,jellyfish
428363,journal_title,Mycoses,1.0000,jellyfish
519287,journal_title,BMC musculoskeletal disorders,1.0000,jellyfish
638918,journal_title,Clinical Oncology (Royal College of Radiologists),0.6000,jellyfish
111336,journal_title,BMJ Open,1.0000,jellyfish
747279,journal_title,Physiotherapy,1.0000,jellyfish
674696,journal_title,Public Health Genomics,1.0000,jellyfish
258108,journal_title,Journal of Medical Internet Research,0.6000,jellyfish
59308,journal_title,Journal of the International Neuropsychological Society : JINS,1.0000,jellyfish
610641,journal_title,Revista Brasileira de Terapia Intensiva,1.0000,jellyfish
631704,journal_title,Gene,1.0000,jellyfish
846537,journal_title,Am. J. Managed Care,1.0000,jellyfish
973076,journal_title,Journal of Clinical Gastroenterology,1.0000,jellyfish
931402,journal_title,Journal of Health Care for the Poor & Underserved,0.6000,jellyfish
908690,journal_title,Biomedical Engineering Online,1.0000,jellyfish
417373,journal_title,Disease Management and Clinical Outcomes,1.0000,jellyfish
759329,journal_title,Nature New Biology,1.0000,jellyfish
386327,journal_title,Cardiol Young,1.0000,jellyfish
695010,journal_title,Journal of Science and Technology,0.8000,jellyfish
191908,journal_title,Journal of Epidemiology and Community Health,1.0000,jellyfish
384767,journal_title,Critical Care Medicine,1.0000,jellyfish
855912,journal_title,Molecular Biology of the Cell,1.0000,jellyfish
710727,journal_title,Experimental Aging Research,1.0000,jellyfish
816996,journal_title,Johns Hopkins Med J.,0.4000,jellyfish
625016,journal_title,Urologie A,1.0000,jellyfish
275675,journal_title,Prev Med,0.8000,jellyfish
967376,journal_title,Chest,1.0000,jellyfish
640230,journal_title,Psychiatric Services,1.0000,jellyfish
625663,journal_title,Archives of General Psychiatry,1.0000,jellyfish
480649,journal_title,Journal of Sexual Medicine,1.0000,jellyfish
782541,journal_title,Interactive Cardiovascular & Thorac Surg,1.0000,jellyfish
692358,journal_title,"The Chartered Society of Physiotherapy Annual Congress and Exhibition: Defining Practice, Friday, October 17 to Sunday, October 19, 2003",0.6000,jellyfish
836847,journal_title,Curr. Probl. Cardiol.,0.8000,jellyfish
867207,journal_title,Vox Sanguinis,1.0000,jellyfish
253149,journal_title,The British Journal of Psychiatry,1.0000,jellyfish
929971,journal_title,American Journal of Community Psychology,1.0000,jellyfish
470385,journal_title,Ultrasound Obstetrics and Gynecology,0.6000,jellyfish
731703,journal_title,Substance Abuse and Trauma in Incarcerated Women,1.0000,jellyfish
113399,journal_title,Journal of Occupational Rehabilitation,1.0000,jellyfish
685178,journal_title,Annual Review of Medicine,0.8000,jellyfish
653325,journal_title,Journal of psychiatric research,0.6000,jellyfish
893573,journal_title,Proceedings of the 23rd ACM international conference on Multimedia,1.0000,jellyfish
56272,journal_title,Neurology,1.0000,jellyfish
737786,journal_title,International Journal of Oral and Maxillofacial Surgery,1.0000,jellyfish
680306,journal_title,Journal of Dairy Science,0.8000,jellyfish
53877,journal_title,Journal of Health Communication : International Perspectives,0.6000,jellyfish
504928,journal_title,Multiple Sclerosis Journal,0.8000,jellyfish
198650,journal_title,Wound Care,1.0000,jellyfish
671386,journal_title,Journal of Medical Imaging and Radiation Oncology,1.0000,jellyfish
981412,journal_title,European Respiratory Journal,1.0000,jellyfish
785472,journal_title,PLoS ONE,1.0000,jellyfish
734077,journal_title,Kardiologia Polska,1.0000,jellyfish
46028,journal_title,European Journal of Applied Physiology,0.6000,jellyfish
743129,journal_title,Nutrients,1.0000,jellyfish
392246,journal_title,Transfusion and Apheresis Science,1.0000,jellyfish
904889,journal_title,Chin Med J,0.6000,jellyfish
360147,journal_title,Current Immunology Reviews,1.0000,jellyfish
670289,journal_title,Tumour Biology : The Journal of the International Society for Oncodevelopmental Biology and Medicine,0.8000,jellyfish
821702,journal_title,CNS Neurosci Ther,1.0000,jellyfish
188890,journal_title,Scand J Infect Dis Suppl,0.6000,jellyfish
321660,journal_title,Respiratory Medicine,0.5000,jellyfish
427455,journal_title,Applied nursing research,1.0000,jellyfish
246204,journal_title,Aktuelle Traumatologie,1.0000,jellyfish
857402,journal_title,JOURNAL OF CHEMICAL PHYSICS,1.0000,jellyfish
704357,journal_title,Journal of Orthopaedic Science,0.8000,jellyfish
716785,journal_title,Journal of Aging and Physical Activity,0.8000,jellyfish
746065,journal_title,Revista Medico-Chirurgicală a Societății de Medici și Naturalisti din Iasi,0.8000,jellyfish
738322,journal_title,The Journal of the Oklahoma State Medical Association,1.0000,jellyfish
934177,journal_title,Journal of Adolescent Health,0.8000,jellyfish
351534,journal_title,Social Science and Medicine,1.0000,jellyfish
872389,journal_title,Gut,1.0000,jellyfish
499983,journal_title,Chest,1.0000,jellyfish
452432,journal_title,Feverfew (Tanacetum parthenium L.): A systematic review. [journal_title: Journal of Ethnopharmacology],0.6000,jellyfish
320139,journal_title,The Journal of Infectious Diseases,1.0000,jellyfish
735083,journal_title,European journal of applied physiology,1.0000,jellyfish
978471,journal_title,AIDS Research and Human Retroviruses,0.8000,jellyfish
152626,journal_title,Journal of Medical Genetics,1.0000,jellyfish
90272,journal_title,Radiology,1.0000,jellyfish
776651,journal_title,Journal of Neurocytology,1.0000,jellyfish
931361,journal_title,Canadian Journal of Anaesthesia,1.0000,jellyfish
623358,journal_title,The British Journal of Social Psychology,1.0000,jellyfish
385940,journal_title,Cardiology in the Young,1.0000,jellyfish
951168,journal_title,Urban Studies (Routledge),1.0000,jellyfish
515254,journal_title,Dentomaxillofacial Radiology,1.0000,jellyfish
674623,journal_title,Actas españolas de psiquiatría,1.0000,jellyfish
226419,journal_title,International Journal of Colorectal Disease,0.6000,jellyfish
178078,journal_title,Ethiopian Journal of Health Sciences,1.0000,jellyfish
453637,journal_title,Corneal collagen cross-linking for nonectatic disorders: A systematic review.,1.0000,jellyfish
57483,journal_title,The neurologist,1.0000,jellyfish
462849,journal_title,Journal of Developmental &amp; Behavioral Pediatrics,0.4000,jellyfish
338547,journal_title,Expert opinion on emerging drugs,1.0000,jellyfish
438808,journal_title,Ophthalmology,0.8000,jellyfish
352040,journal_title,American Indian and Alaska Native Mental Health Research: The Journal of the National Center,0.6000,jellyfish
887131,journal_title,Drugs Aging,1.0000,jellyfish
182296,journal_title,Journal of Filipino Studies,0.4000,jellyfish
49847,journal_title,Chinese Journal of Integrated Traditional and Western Medicine,0.6000,jellyfish
524073,journal_title,Endodontics & dental traumatology,1.0000,jellyfish
348813,journal_title,Cardiology in the young,1.0000,jellyfish
427933,journal_title,AACN Clinical Issues: Advanced Practice in Acute & Critical Care,1.0000,jellyfish
6862,journal_title,Leukemia and Lymphoma,1.0000,jellyfish
853676,journal_title,The hematology journal : the official journal of the European Haematology Association / EHA,1.0000,jellyfish
556116,journal_title,British Journal of Surgery,1.0000,jellyfish
734870,journal_title,International journal of geriatric psychiatry,1.0000,jellyfish
540850,journal_title,Acta Neurochirurgica. Supplementum,1.0000,jellyfish
465756,journal_title,Journal of Clinical Gastroenterology,0.8000,jellyfish
762269,journal_title,Acta Clinica Croatica,1.0000,jellyfish
441902,journal_title,Pharmacotherapy,1.0000,jellyfish
950233,journal_title,Aging & Mental Health,1.0000,jellyfish
621415,journal_title,Supplement: Active Living Research - Niche to Norm,0.6000,jellyfish
633877,journal_title,Colorectal Disease,0.6000,jellyfish
756208,journal_title,Allergy Asthma Proc,0.8000,jellyfish
97853,journal_title,Journal of Orthopaedic Science,0.8000,jellyfish
720775,journal_title,International Journal of Social Psychiatry,1.0000,jellyfish
294439,journal_title,East African Medical Journal,1.0000,jellyfish
375430,journal_title,Journal of Alzheimer's Disease,0.6000,jellyfish
689666,journal_title,Bmc Cancer,0.8000,jellyfish
896848,journal_title,Journal Of Anesthesia,1.0000,jellyfish
231182,journal_title,Eating Behaviors,1.0000,jellyfish
232896,journal_title,Parkinsonism Relat. Disord.,0.8000,jellyfish
798716,journal_title,Turk J Pediatr,1.0000,jellyfish
704812,journal_title,Health Econ Rev,0.4000,jellyfish
203084,journal_title,"Psychotherapy, Psychosomatics",1.0000,jellyfish
81959,journal_title,Diseases of the Esophagus,0.6000,jellyfish
235924,journal_title,Ann Fr Anesth Reanim,0.8000,jellyfish
291020,journal_title,Journal of Sports Medicine and Physical Fitness,1.0000,jellyfish
408188,journal_title,Experimental Cell Research,1.0000,jellyfish
283460,journal_title,Journal of Substance Abuse Treatment,1.0000,jellyfish
563505,journal_title,BioMed Research International,1.0000,jellyfish
761676,journal_title,Multicultural Education & Technology Journal,1.0000,jellyfish
923043,journal_title,Jpn J Anesth,0.6000,jellyfish
248075,journal_title,Injury,1.0000,jellyfish
313030,journal_title,International Journal of Qualitative Studies in Education,1.0000,jellyfish
885384,journal_title,BR J Anaesth,1.0000,jellyfish
361906,journal_title,Ann. Intern. Med.,1.0000,jellyfish
180827,journal_title,Energy Policy,1.0000,jellyfish
723057,journal_title,PLoS ONE,1.0000,jellyfish
894502,journal_title,Journal of Biomolecular Techniques,1.0000,jellyfish
793410,journal_title,Hepato-gastroenterology,0.8000,jellyfish
816944,journal_title,Current Opinion in Ophthalmology,1.0000,jellyfish
632040,journal_title,PLoS ONE,1.0000,jellyfish
752280,journal_title,J Toxicol Environ Health A,1.0000,jellyfish
716594,journal_title,Journal of Gerontology and Health Economics,0.6000,jellyfish
919751,journal_title,Anesth Analg,1.0000,jellyfish
60309,journal_title,Bull. Math. Biol.,0.8000,jellyfish
757176,journal_title,Kekkaku,1.0000,jellyfish
261329,journal_title,Abstracts from the ASENT 14th Annual Meeting,0.4000,jellyfish
615903,journal_title,British journal of sports medicine,0.6000,jellyfish
169524,journal_title,The Science of the Total Environment,0.6000,jellyfish
178424,journal_title,Spatial Analysis and Modeling in Transportation Systems,0.4000,jellyfish
716357,journal_title,Physical Activity,0.4000,jellyfish
448010,journal_title,Journal of Clinical Medicine,0.8000,jellyfish
788729,journal_title,The Annals of Pharmacotherapy,0.8000,jellyfish
624354,journal_title,PharmacoEconomics,1.0000,jellyfish
112716,journal_title,American Journal of Epidemiology,1.0000,jellyfish
881020,journal_title,Cirugía Pediátrica: Organo Oficial de la Sociedad Española de Cirugía Pediátrica,0.6000,jellyfish
605643,journal_title,O papel dos profissionais de saúde em casos de violência doméstica: um relato de experiência.,0.4000,jellyfish
5782,journal_title,Pediatrics,1.0000,jellyfish
852332,journal_title,Postgrad Med J,1.0000,jellyfish
343395,journal_title,Minerva Cardioangiol,1.0000,jellyfish
826830,journal_title,Anesth Analg,1.0000,jellyfish
905100,journal_title,Int. J. Pharm. Sci. Pharm. Sci. Pharm. Sci. Pharm. Sci. Pharm. Sci. Pharm. Sci. Pharm. Sci.,1.0000,jellyfish
34517,journal_title,Neurobiology of Aging,1.0000,jellyfish
771377,journal_title,World J Pediatr Congenit Heart Surg,0.4000,jellyfish
32426,journal_title,American journal of veterinary research,1.0000,jellyfish
722451,journal_title,Supply Chain Management: An International Journal,0.8000,jellyfish
318542,journal_title,Critical Care Nursing Quarterly,1.0000,jellyfish
533425,journal_title,Clinical Psychology Review,1.0000,jellyfish
854232,journal_title,ANN. ONCOL. → Ann Oncol.,0.8000,jellyfish
2842,journal_title,Polskie Archiwum Medycyny Wewnetrznej,1.0000,jellyfish
789057,journal_title,"Journal of Plastic, Reconstructive & Aesthetic Surgery: JPRAS",1.0000,jellyfish
205187,journal_title,"Journal of Bone and Joint Surgery, American Volume",0.8000,jellyfish
970712,journal_title,Wiener Medizinische Wochenschrift,1.0000,jellyfish
161630,journal_title,J Clin Endocrinol Metab,0.4000,jellyfish
583682,journal_title,PRIMUS,1.0000,jellyfish
891722,journal_title,Developmental Psychology,1.0000,jellyfish
54613,journal_title,Support Care Cancer,0.8000,jellyfish
450749,journal_title,Journal of Clinical Virology,0.6000,jellyfish
19086,journal_title,Cancer,1.0000,jellyfish
852213,journal_title,Ann Oncol,1.0000,jellyfish
475847,journal_title,Palliative Medicine,1.0000,jellyfish
893664,journal_title,Clinical Cardiology,0.6000,jellyfish
450528,journal_title,Journal of Clinical Investigation,0.6000,jellyfish
838034,journal_title,Nature Clinical Practice Neurology,1.0000,jellyfish
119186,journal_title,Journal of Dental Research,0.6000,jellyfish
274083,journal_title,Addict Behav.,0.6000,jellyfish
784224,journal_title,American Journal of Perinatology,1.0000,jellyfish
260769,journal_title,Journal of Neurosurgery: Spine,0.8000,jellyfish
592831,journal_title,Pediatrics,1.0000,jellyfish
464911,journal_title,Journal of Clinical Rheumatology,1.0000,jellyfish
369162,journal_title,Anadolu kardiyoloji dergisi : AKD = the Anatolian journal of cardiology,1.0000,jellyfish
209896,journal_title,The Lancet,1.0000,jellyfish
217524,journal_title,Journal of Prosthetic Dentistry,0.6000,jellyfish
694007,journal_title,Nederlands Tijdschrift Voor Fysiotherapie,1.0000,jellyfish
53319,journal_title,Journal of Pediatric Orthopaedics,1.0000,jellyfish
962338,journal_title,European Heart Journal,1.0000,jellyfish
972821,journal_title,Swiss Medical Weekly,1.0000,jellyfish
587024,journal_title,The American Journal of Clinical Nutrition,1.0000,jellyfish
49274,journal_title,Alimentary Pharmacology & Therapeutics,1.0000,jellyfish
687404,journal_title,BMC Oral Health,1.0000,jellyfish
858569,journal_title,J Cell Sci,0.6000,jellyfish
982590,journal_title,Respirology,1.0000,jellyfish
853882,journal_title,BR. J. CANCER,0.8000,jellyfish
743989,journal_title,J. Am. Geriatr. Soc. (no correction needed),0.6000,jellyfish
71263,journal_title,"Revue de stomatologie, chirurgie maxillofaciale et chirurgie orale",0.6000,jellyfish
111970,journal_title,Journal of Cardiovascular Medicine (Hagerstown),1.0000,jellyfish
941646,journal_title,Italian Journal of Psychopathology,1.0000,jellyfish
397190,journal_title,Consumer Reports on Health,1.0000,jellyfish
98562,journal_title,Journal of Clinical Hypertension (Greenwich) Greenwich Conn,0.4000,jellyfish
56014,journal_title,Frontiers in Human Neuroscience,1.0000,jellyfish
911271,journal_title,Conference proceedings of the Annual International Conference of the IEEE Engineering in Medicine and Biology Society. IEEE Engineering in Medicine and Biology Society. Conference,1.0000,jellyfish
565528,journal_title,Journal of Medical Informatics,1.0000,jellyfish
951143,journal_title,Pharmacoeconomics,1.0000,jellyfish
658707,journal_title,Journal of Learning Disabilities,1.0000,jellyfish
84905,journal_title,Obesity Reviews,1.0000,jellyfish
891370,journal_title,Diabetes Technol Ther,1.0000,jellyfish
697286,journal_title,Ophthalmology,1.0000,jellyfish
819701,journal_title,Indian Journal of Physiology and Pharmacology,1.0000,jellyfish
855099,journal_title,Nowoczesne biomateriały jako opatrunki hemostatyczne w chirurgii oszczędzającej miazsz nerki,1.0000,jellyfish
123492,journal_title,Journal of Cancer Research and Therapeutics,0.6000,jellyfish
226966,journal_title,International urogynecology journal,0.8000,jellyfish
850788,journal_title,Pain Medicine,1.0000,jellyfish
811354,journal_title,Cancer Research,1.0000,jellyfish
323305,journal_title,Rev Lat Am Enfermagem,1.0000,jellyfish
485934,journal_title,Thromb Haemost,1.0000,jellyfish
743602,journal_title,Public Health Nutr,1.0000,jellyfish
960371,journal_title,Cancer Treatment Reviews,0.8000,jellyfish
944668,journal_title,Journal of Pain Research,1.0000,jellyfish
873987,journal_title,J Clin Microbiol,1.0000,jellyfish
968211,journal_title,Laboratory Investigation,1.0000,jellyfish
299635,journal_title,Child & Family Social Work,1.0000,jellyfish
846319,journal_title,Surgical Endoscopy and Other Interventional Techniques,0.8000,jellyfish
263027,journal_title,African Journal of Reproductive Health,0.8000,jellyfish
788168,journal_title,Health education & behavior : the official publication of the Society for Public Health Education,1.0000,jellyfish
146560,journal_title,Journal of the American Academy of Child and Adolescent Psychiatry,1.0000,jellyfish
498344,journal_title,Science,1.0000,jellyfish
385772,journal_title,Case Reports in Medicine,1.0000,jellyfish
917417,journal_title,Korean J Anesth.,1.0000,jellyfish
517503,journal_title,Physics in Medicine and Biology,1.0000,jellyfish
72325,journal_title,Surgery,1.0000,jellyfish
516758,journal_title,IEEE Trans. Nucl. Sci.,1.0000,jellyfish
85920,journal_title,The International journal of developmental biology,0.8000,jellyfish
145874,journal_title,Scandinavian Cardiovascular Journal,1.0000,jellyfish
888553,journal_title,Rheumatology (Oxford) England,0.8000,jellyfish
889580,journal_title,Pain,1.0000,jellyfish
732272,journal_title,Emergency Radiology,1.0000,jellyfish
351877,journal_title,Australian & New Zealand Journal of Mental Health Nursing,1.0000,jellyfish
276000,journal_title,Tobacco Control,0.6000,jellyfish
378289,journal_title,Physiological Research / Academia Scientiarum Bohemoslovaca,0.8000,jellyfish
684476,journal_title,Physiotherapy,1.0000,jellyfish
467344,journal_title,Primary Banded Roux-en-Y Gastric Bypass: a Systematic Review.,0.8000,jellyfish
39687,journal_title,Journal of Paediatrics and Child Health,0.8000,jellyfish
697880,journal_title,Pediatrics,1.0000,jellyfish
179093,journal_title,"Journal of Environmental Science and Health, Part B",0.8000,jellyfish
539034,journal_title,Eur Heart J.,1.0000,jellyfish
208435,journal_title,Knee Surg Sports Traumatol Arthrosc,1.0000,jellyfish
556624,journal_title,Bone Marrow Transplantation,1.0000,jellyfish
36253,journal_title,Horumon to Rinsho,1.0000,jellyfish
422857,journal_title,JAMA,1.0000,jellyfish
720372,journal_title,"Proceedings of the ASME Pressure Vessels and Piping Conference 2010, Vol 7",0.8000,jellyfish
863342,journal_title,Laboratory Medicine,1.0000,jellyfish
260745,journal_title,Breast Cancer Research and Treatment,1.0000,jellyfish
941515,journal_title,"Clinical Medicine (London, England)",0.4000,jellyfish
641972,journal_title,Journal Title: Pelvic floor training for women with urinary incontinence,0.4000,jellyfish
699523,journal_title,Journal of Philosophy,0.8000,jellyfish
946112,journal_title,Journal of Women & Aging,1.0000,jellyfish
958639,journal_title,Dissertation Abstracts International: Section B: The Sciences and Engineering,1.0000,jellyfish
850418,journal_title,TAKAYASU'S ARTERIITIS WITH MULTIPLE INTRACRANIAL ANEURYSMS,0.8000,jellyfish
125302,journal_title,Scandinavian journal of rheumatology,0.6000,jellyfish
168889,journal_title,Administration and Mental Health Services,1.0000,jellyfish
63977,journal_title,Czas Stomatol,1.0000,jellyfish
782211,journal_title,International Journal of Medical Informatics,1.0000,jellyfish
473599,journal_title,International Urology and Nephrology,1.0000,jellyfish
915463,journal_title,Pediatric physical therapy,0.6000,jellyfish
476199,journal_title,Journal of Korean Neurosurgical Society,1.0000,jellyfish
405141,journal_title,BMJ,0.8000,jellyfish
213794,journal_title,Journal of Biomechanical Engineering,0.8000,jellyfish
408902,journal_title,J. Pediatric Infect. Dis. Soc. (no correction needed),0.4000,jellyfish
89897,journal_title,JAMA Otolaryngol Head Neck Surg,1.0000,jellyfish
187552,journal_title,Molecular Biology Reports,1.0000,jellyfish
144339,journal_title,Journal of Aerosol Medicine and Pulmonary Drug Delivery,1.0000,jellyfish
656518,journal_title,Journal of Epidemiology and Community Health,0.6000,jellyfish
925315,journal_title,CHINESE JOURNAL,1.0000,jellyfish
130308,journal_title,Canadian Forces Dental Services Quarterly,1.0000,jellyfish
237077,journal_title,British Journal of Midwifery,1.0000,jellyfish
600827,journal_title,Cochrane Database Syst Rev,1.0000,jellyfish
851773,journal_title,Journal Of Oral And Maxillofacial Surgery: Official Journal Of The American Association Of Oral And Maxillofacial Surgeons,1.0000,jellyfish
67292,journal_title,The Journal of Biological Chemistry,1.0000,jellyfish
129698,journal_title,Chinese medical journal,1.0000,jellyfish
254327,journal_title,Occupational Medicine-Oxford,0.8000,jellyfish
556803,journal_title,Journal of Inherited Metabolic Disease,1.0000,jellyfish
73792,journal_title,Environmental toxicology and pharmacology,1.0000,jellyfish
484593,journal_title,J Cardiovasc Med,1.0000,jellyfish
351700,journal_title,"Dissertation Abstracts International, Section A: Humanities & Social Sciences",0.6000,jellyfish
105981,journal_title,Science,1.0000,jellyfish
408198,journal_title,Neuroscience,1.0000,jellyfish
30272,journal_title,Experimental neurology,1.0000,jellyfish
623367,journal_title,Annals of Emergency Medicine,1.0000,jellyfish
13408,journal_title,Paediatr Child Health,1.0000,jellyfish
449003,journal_title,Pediatric Neurosurgery,0.6000,jellyfish
299297,journal_title,Family & Community Health,1.0000,jellyfish
302268,journal_title,Journal of Family Issues,0.6000,jellyfish
592663,journal_title,Journal of Clinical Pathology,1.0000,jellyfish
520843,journal_title,AJR American Journal of Roentgenology,0.6000,jellyfish
460786,journal_title,Journal of Oral Science,1.0000,jellyfish
866131,journal_title,Cancer Biotherapy,1.0000,jellyfish
751811,journal_title,BMJ,1.0000,jellyfish
436781,journal_title,Journal of Laryngology and Otology,1.0000,jellyfish
796900,journal_title,Rheumatology (Oxford) England,0.8000,jellyfish
491837,journal_title,"Sleep, Memory, and Brain Disorders",1.0000,jellyfish
893227,journal_title,A screening methodology for crowdsourcing video QoE evaluation,0.4000,jellyfish
525874,journal_title,J Urol,1.0000,jellyfish
26475,journal_title,Disability and Rehabilitation,0.8000,jellyfish
476191,journal_title,Journal of Stroke and Cerebrovascular Diseases,1.0000,jellyfish
719389,journal_title,Games and Economic Behavior,1.0000,jellyfish
467318,journal_title,Journal of Reproductive Medicine,0.4000,jellyfish
268361,journal_title,"The Journal of Bone and Joint Surgery, British Volume",0.8000,jellyfish
664795,journal_title,Journal of Cancer Research and Clinical Oncology,1.0000,jellyfish
102180,journal_title,International Journal of Obesity,0.8000,jellyfish
258486,journal_title,Journal of Nutrition Education and Behavior,1.0000,jellyfish
961081,journal_title,American Journal of Acupuncture,1.0000,jellyfish
52681,journal_title,Journal of Orthopaedic Trauma,1.0000,jellyfish
828156,journal_title,"Alcoholism, Clinical and Experimental Research",0.8000,jellyfish
812757,journal_title,Klinik Psikofarmakoloji Bulletin,1.0000,jellyfish
713518,journal_title,Journal of Nursing UFPE / Revista de Enfermagem UFPE,1.0000,jellyfish
180977,journal_title,American Journal of Epidemiology,1.0000,jellyfish
828214,journal_title,The British Journal of Psychiatry,1.0000,jellyfish
176160,journal_title,Journal of Aging Studies,0.6000,jellyfish
677752,journal_title,Hernia,1.0000,jellyfish
107417,journal_title,Lancet,1.0000,jellyfish
141282,journal_title,Small Ruminant Research,1.0000,jellyfish
708911,journal_title,Changing tides: improving outcomes through mentorship on all levels of nursing,0.8000,jellyfish
621640,journal_title,International Psychogeriatrics / IPA,0.4000,jellyfish
647583,journal_title,Jornal Brasileiro de Pneumologia: Publicacao Oficial da Sociedade Brasileira de Pneumologia e Tisilogia,0.8000,jellyfish
361080,journal_title,"JOGNN: Journal of Obstetric, Gynecologic & Neonatal Nursing",0.8000,jellyfish
283168,journal_title,Harefuah,1.0000,jellyfish
52633,journal_title,Botega,0.4000,jellyfish
74821,journal_title,Tumour Biology : The Journal of the International Society for Oncodevelopmental Biology and Medicine,0.6000,jellyfish
373015,journal_title,Croatian Medical Journal,0.6000,jellyfish
529562,journal_title,International journal of stroke,1.0000,jellyfish
574242,journal_title,European journal of heart failure,1.0000,jellyfish
966388,journal_title,Yonsei Med J,1.0000,jellyfish
919014,journal_title,Patologia dell'inquinamento industriale,0.4000,jellyfish
494428,journal_title,Canadian Family Physician,1.0000,jellyfish
55809,journal_title,Child's Nervous System : ChNS : Official Journal of the International Society for Pediatric Neurosurgery,0.4000,jellyfish
368651,journal_title,Journal of Clinical Pharmacy and Therapeutics,0.6000,jellyfish
423691,journal_title,Journal of Sexual Medicine,1.0000,jellyfish
435904,journal_title,Journal title: Journal of Clinical Psychopharmacology,1.0000,jellyfish
407245,journal_title,Arch Phys Med Rehabil,1.0000,jellyfish
918698,journal_title,Eur J Anaesthesiol,1.0000,jellyfish
209138,journal_title,Clinical Biomechanics,1.0000,jellyfish
862844,journal_title,Pharmacogenomics,1.0000,jellyfish
875733,journal_title,Rinsho Byori,1.0000,jellyfish
587683,journal_title,Journal of Nutrition in Gerontology and Geriatrics,1.0000,jellyfish
927711,journal_title,Journal of Epidemiology & Community Health,1.0000,jellyfish
313584,journal_title,Journal of Educational Research,1.0000,jellyfish
161847,journal_title,Journal of Clinical Endocrinology and Metabolism,1.0000,jellyfish
543292,journal_title,Journal Title: Journal of Educational Technology,0.8000,jellyfish
248064,journal_title,Journal of Orthopaedic Science,0.8000,jellyfish
887041,journal_title,Geriatrics & gerontology international,1.0000,jellyfish
314737,journal_title,Nephrology Dialysis Transplantation,1.0000,jellyfish
709094,journal_title,Journal of Medical Systems,1.0000,jellyfish
327157,journal_title,Respiratory medicine,1.0000,jellyfish
793206,journal_title,Veterinary Clinical Pathology,1.0000,jellyfish
361682,journal_title,Cardiovascular Therapeutics,1.0000,jellyfish
732256,journal_title,Bulletin of the World Health Organization,1.0000,jellyfish
636937,journal_title,Plos Neglected Tropical Diseases,0.8000,jellyfish
743394,journal_title,Neuropharmacology,1.0000,jellyfish
592201,journal_title,Gastroenterology Clinics of North America,1.0000,jellyfish
914007,journal_title,Physical therapy,1.0000,jellyfish
208824,journal_title,Physica D: Nonlinear Phenomena,1.0000,jellyfish
759501,journal_title,Zeitschrift f��r Erkrankungen der Atmungsorgane - Folia bronchologica,0.4000,jellyfish
506162,journal_title,Int. J. Angiol.,0.4000,jellyfish
372697,journal_title,Blood Rev.,0.8000,jellyfish
609245,journal_title,"Journal of Alternative and Complementary Medicine (New York, N.Y.)",0.6000,jellyfish
584706,journal_title,Jama,1.0000,jellyfish
822897,journal_title,Complementary Therapies in Medicine,1.0000,jellyfish
145770,journal_title,Catheter Cardiovasc Interv,1.0000,jellyfish
24026,journal_title,Nature,1.0000,jellyfish
44484,journal_title,The European Respiratory Journal,1.0000,jellyfish
379988,journal_title,Journal of Autism and Developmental Disorders,0.8000,jellyfish
333862,journal_title,Public Health Nursing,1.0000,jellyfish
779555,journal_title,Value in Health,1.0000,jellyfish
323860,journal_title,Feminist Legal Studies,1.0000,jellyfish
646572,journal_title,Klinische Onkologie,0.4000,jellyfish
128182,journal_title,Spine,1.0000,jellyfish
252998,journal_title,Journal of Psychiatric Research,0.8000,jellyfish
231933,journal_title,International Journal of Obesity,1.0000,jellyfish
683304,journal_title,Sleep,1.0000,jellyfish
854628,journal_title,Jpn J Cancer Res,1.0000,jellyfish
117678,journal_title,Journal of Dental Research,1.0000,jellyfish
795170,journal_title,Ther Adv Respir Dis,1.0000,jellyfish
783722,journal_title,Cancer Epidemiology Biomarkers and Prevention,1.0000,jellyfish
376103,journal_title,Journal of Medical Systems,1.0000,jellyfish
505530,journal_title,The Journal of Legal Medicine,0.4000,jellyfish
868618,journal_title,Onkologie,1.0000,jellyfish
503451,journal_title,Rheumatology,1.0000,jellyfish
113363,journal_title,Journal of Agricultural and Applied Economics,0.8000,jellyfish
944558,journal_title,Neurological Research,0.8000,jellyfish
875250,journal_title,Helicobacter,1.0000,jellyfish
786108,journal_title,Haematologica,1.0000,jellyfish
233544,journal_title,The Australian journal of rural health,1.0000,jellyfish
163093,journal_title,Epilepsy Research,0.8000,jellyfish
31763,journal_title,Journal of Medicinal Chemistry,1.0000,jellyfish
949775,journal_title,Journal of Women's Health,0.4000,jellyfish
847600,journal_title,Public Health Nursing,1.0000,jellyfish
638338,journal_title,Circulation,1.0000,jellyfish
14077,journal_title,Acta Derm. Venereol.,0.8000,jellyfish
453607,journal_title,Evidence-based evaluation of therapeutic measures for amyotrophic lateral sclerosis.,0.6000,jellyfish
690793,journal_title,Protein Sci.,1.0000,jellyfish
799604,journal_title,American Journal of Orthodontics and Dentofacial Orthopedics,1.0000,jellyfish
718091,journal_title,JAAPA: Journal of the American Academy of Physician Assistants,1.0000,jellyfish
935189,journal_title,American journal of infection control,1.0000,jellyfish
711472,journal_title,Journal of Aging and Physical Activity,1.0000,jellyfish
660574,journal_title,Hepatology,1.0000,jellyfish
873322,journal_title,Microbiology and Drug Resistance,1.0000,jellyfish
774830,journal_title,Stroke,1.0000,jellyfish
768192,journal_title,Journal of Graduate Medical Education,0.8000,jellyfish
950926,journal_title,Health & Social Work,1.0000,jellyfish
204215,journal_title,Nephrol. Dial. Transplant.,1.0000,jellyfish
129552,journal_title,Oral Oncol.,1.0000,jellyfish
526825,journal_title,Stroke,1.0000,jellyfish
56464,journal_title,Curr Drug Targets,1.0000,jellyfish
20641,journal_title,Epilepsy Res.,0.8000,jellyfish
706764,journal_title,Remote area indigenous psychiatry - Reflections on nine years as a visiting psychiatrist,0.6000,jellyfish
388872,journal_title,The Journal of Heart Valve Disease,1.0000,jellyfish
681305,journal_title,PLoS ONE,1.0000,jellyfish
541739,journal_title,Academic Radiology,1.0000,jellyfish
558824,journal_title,Journal of Surgical Research,0.4000,jellyfish
954980,journal_title,Chinese Journal of Evidence-Based Medicine,1.0000,jellyfish
896410,journal_title,American Journal of Education,1.0000,jellyfish
751168,journal_title,Cases Journal,1.0000,jellyfish
303571,journal_title,"Journal of Language, Identity & Education",0.8000,jellyfish
193059,journal_title,Neuropsychopharmakologie,1.0000,jellyfish
416171,journal_title,Journal of Gastrointestinal Surgery,0.8000,jellyfish
810153,journal_title,Acta Dermato-Venereologica,1.0000,jellyfish
164085,journal_title,Environmental monitoring and assessment,1.0000,jellyfish
619668,journal_title,Acta neurologica Scandinavica,1.0000,jellyfish
490750,journal_title,Obesity and Sleep Apnea: A Review of the Literature,0.6000,jellyfish
136068,journal_title,Journal of Orthopaedic and Sports Physical Therapy,1.0000,jellyfish
198675,journal_title,The National Association of Bariatric Nurses Journal,0.8000,jellyfish
316114,journal_title,Journal of Foot and Ankle Research,1.0000,jellyfish
626797,journal_title,Journal of Experimental Psychology: General,1.0000,jellyfish
577842,journal_title,Science and Children,1.0000,jellyfish
811629,journal_title,Basic and Clinical Pharmacology and Toxicology,1.0000,jellyfish
280418,journal_title,Health Education Research,1.0000,jellyfish
757660,journal_title,Infection and Immunity,1.0000,jellyfish
54163,journal_title,Abstracts of Biomedical Research,0.8000,jellyfish
65723,journal_title,Photomed Laser Surg,1.0000,jellyfish
293974,journal_title,Eastern Mediterranean Health Journal,1.0000,jellyfish
247571,journal_title,The Journal of Bone and Joint Surgery. American Volume.,0.4000,jellyfish
292980,journal_title,"Oral Surgery, Oral Medicine, Oral Pathology, Oral Radiology, and Endodontics",1.0000,jellyfish
38197,journal_title,Journal of Clinical Investigation,0.4000,jellyfish
160820,journal_title,Clinical Radiology,0.8000,jellyfish
876536,journal_title,Vaccine,1.0000,jellyfish
776197,journal_title,Experimental Biology,1.0000,jellyfish
45797,journal_title,Blood Press Monit,1.0000,jellyfish
605277,journal_title,Psicothema,1.0000,jellyfish
749261,journal_title,Am J Public Health,1.0000,jellyfish
752305,journal_title,Journal of Analytical Toxicology,1.0000,jellyfish
179196,journal_title,Energy Policy,1.0000,jellyfish
150198,journal_title,Cross-Cultural Psychiatry,1.0000,jellyfish
894415,journal_title,Business Wire,1.0000,jellyfish
187769,journal_title,Resuscitation,0.4000,jellyfish
556090,journal_title,Respirology,0.4000,jellyfish
770589,journal_title,Cochrane Database Syst Rev,1.0000,jellyfish
450743,journal_title,Meta-analysis of guided bronchoscopy for the evaluation of the pulmonary nodule.,1.0000,jellyfish
157566,journal_title,BioMed Research International,1.0000,jellyfish
589465,journal_title,Journal of Applied Physiology,1.0000,jellyfish
560120,journal_title,Ann. Med.,0.8000,jellyfish
107924,journal_title,European journal of clinical nutrition,1.0000,jellyfish
797967,journal_title,Journal of Personality and Social Psychology,1.0000,jellyfish
265969,journal_title,The Journal of Hand Surgery,1.0000,jellyfish
820508,journal_title,Physiotherapy Theory and Practice,0.6000,jellyfish
446026,journal_title,Journal of Cardiovascular Electrophysiology,1.0000,jellyfish
84941,journal_title,BMC Neurol,1.0000,jellyfish
558766,journal_title,Journal of Clinical Microbiology,1.0000,jellyfish
428909,journal_title,Nicotine & Tobacco Research,1.0000,jellyfish
110453,journal_title,Pharm Pract (Granada)  Related,0.4000,jellyfish
837546,journal_title,NeuroRehabilitation,1.0000,jellyfish
82695,journal_title,Microsurgery,1.0000,jellyfish
820059,journal_title,International Journal of Neuroscience,1.0000,jellyfish
771288,journal_title,BJOG : an international journal of obstetrics and gynaecology,1.0000,jellyfish
54202,journal_title,Behaviour Research and Therapy,1.0000,jellyfish
888477,journal_title,J Pediatria,1.0000,jellyfish
741279,journal_title,Journal of Cardiovascular Electrophysiology,1.0000,jellyfish
64430,journal_title,Mol Plant Pathol.,1.0000,jellyfish
461657,journal_title,Review of Cardiology,0.6000,jellyfish
240949,journal_title,Brooklyn Office of Educational Assessment Report,0.8000,jellyfish
453909,journal_title,Lung Cancer,0.8000,jellyfish
222452,journal_title,Prosthetic Rehabilitation Journal,1.0000,jellyfish
163839,journal_title,Bioelectromagnetics,1.0000,jellyfish
696132,journal_title,Journal of Mathematics Teacher Education,1.0000,jellyfish
257990,journal_title,Journal of Clinical Psychology,1.0000,jellyfish
332032,journal_title,Occupational and Environmental Medicine,1.0000,jellyfish
617801,journal_title,J Clin Psychiatry,1.0000,jellyfish
480030,journal_title,Journal of Signal Processing Systems,1.0000,jellyfish
660499,journal_title,"Violência contra a criança: revelando o perfil dos atendimentos em serviços de emergência, Brasil, 2006 e 2007.",1.0000,jellyfish
355078,journal_title,Birth,1.0000,jellyfish
696985,journal_title,Journal of Addictive Diseases,0.6000,jellyfish
826471,journal_title,Psychosom Med,1.0000,jellyfish
807737,journal_title,J. Clin. Oncol.,1.0000,jellyfish
875781,journal_title,The Journal of hospital infection,1.0000,jellyfish
322953,journal_title,Australian and New Zealand Journal of Psychiatry,1.0000,jellyfish
123731,journal_title,Journal of Clinical Pathology,0.4000,jellyfish
180588,journal_title,American Journal of Public Health,1.0000,jellyfish
440684,journal_title,Journal of Trauma and Acute Care Surgery,0.6000,jellyfish
758629,journal_title,Dev. Biol. Stand.,1.0000,jellyfish
964184,journal_title,Circulation,1.0000,jellyfish
265490,journal_title,Annals of the rheumatic diseases,0.8000,jellyfish
463556,journal_title,Schizophrenia Research,1.0000,jellyfish
749844,journal_title,Hawai'i journal of medicine & public health : a journal of Asia Pacific Medicine & Public Health,1.0000,jellyfish
300057,journal_title,"Bundesgesundheitsblatt, Gesundheitsforschung, Gesundheitsschutz",1.0000,jellyfish
166521,journal_title,Journal Title: Cost of National Service Frameworks,0.6000,jellyfish
292018,journal_title,Diabetes Forecast,1.0000,jellyfish
181456,journal_title,Home Economics Research Journal,1.0000,jellyfish
668772,journal_title,Biomedical Reports,1.0000,jellyfish
276001,journal_title,Nihon Koshu Eisei Zasshi,0.8000,jellyfish
788507,journal_title,American Journal of Health-System Pharmacy,0.8000,jellyfish
620483,journal_title,Oncology Nursing Forum,1.0000,jellyfish
433039,journal_title,Palliative Medicine,1.0000,jellyfish
737167,journal_title,Nursing standard (Royal College of Nursing (Great Britain) : 1987)  Please let me know if this is correct or not. I'll,0.4000,jellyfish
744601,journal_title,Value Health,1.0000,jellyfish
856471,journal_title,EXPERIMENTAL CELL RESEARCH,1.0000,jellyfish
570704,journal_title,Leukemia & Lymphoma,1.0000,jellyfish
520153,journal_title,RADIOLOGY,1.0000,jellyfish
259267,journal_title,Journal of Clinical and Diagnostic Research,1.0000,jellyfish
24381,journal_title,Headache,1.0000,jellyfish
827921,journal_title,Res Nurs Health,1.0000,jellyfish
461204,journal_title,Systemic Lupus Erythematosus Journal,0.6000,jellyfish
482860,journal_title,Neurological surgery,0.8000,jellyfish
18298,journal_title,Circulation,1.0000,jellyfish
365654,journal_title,PLoS ONE,1.0000,jellyfish
625306,journal_title,Prévention de l'insuffisance rénale induite par les produits de contraste iodés,0.8000,jellyfish
572343,journal_title,Ann. Hematology,0.4000,jellyfish
88262,journal_title,Journal of Cancer Research,1.0000,jellyfish
663339,journal_title,"AIDS (London, England)",0.8000,jellyfish
718292,journal_title,Oral Surg. Oral Med. Oral Pathol.,0.6000,jellyfish
245200,journal_title,Archives of Internal Medicine,1.0000,jellyfish
307302,journal_title,Neurolymphatica,0.6000,jellyfish
217418,journal_title,Journal of Oral Science,0.4000,jellyfish
413717,journal_title,Journal of Clinical Sleep Medicine,0.6000,jellyfish
62246,journal_title,Operative Dentistry,1.0000,jellyfish
945021,journal_title,Movement disorders : official journal of the Movement Disorder Society,1.0000,jellyfish
649817,journal_title,Psychological Assessment,1.0000,jellyfish
934327,journal_title,Journal Title: Journal of Emergency Medicine,1.0000,jellyfish
546484,journal_title,Turkish Online Journal of Educational Technology - TOJET,1.0000,jellyfish
917231,journal_title,"Patologia dell'asbesto e correlati negli adulti operai del settore cemento-amianto. (Note: I corrected the word """,0.2000,jellyfish
887418,journal_title,European Journal of Cancer,1.0000,jellyfish
724055,journal_title,Indian Journal of Psychiatry,1.0000,jellyfish
63738,journal_title,Stomatologia,1.0000,jellyfish
422739,journal_title,BMC Med,1.0000,jellyfish
97795,journal_title,Journal of Clinical Anesthesia,0.6000,jellyfish
155127,journal_title,"Oral Surgery, Oral Medicine, Oral Pathology and Oral Radiology",0.8000,jellyfish
100986,journal_title,Journal of Cardiovascular Medicine (Hagerstown),0.6000,jellyfish
166179,journal_title,"Exposición severa a plomo ambiental en una población infantil de Antofagasta, Chile.",0.6000,jellyfish
740811,journal_title,Critical Care Nurse,1.0000,jellyfish
379577,journal_title,Applied Radiation and Isotopes,0.8000,jellyfish
658981,journal_title,Journal of Epidemiology and Community Health,0.4000,jellyfish
215650,journal_title,Revista Brasileira de Odontologia,0.8000,jellyfish
521132,journal_title,The Journal of Hand Surgery,1.0000,jellyfish
892609,journal_title,DS-RT 2009,1.0000,jellyfish
366275,journal_title,European journal of preventive cardiology,1.0000,jellyfish
513630,journal_title,Journal of Cancer Research,0.6000,jellyfish
605423,journal_title,Alcohol Research & Health,1.0000,jellyfish
495319,journal_title,"Clinical outcome following ICD removal. The Bilitch Registry Group, article_language: eng, journal_title: Cardiovascular Surgery, jounral_abbreviation: ,",0.4000,jellyfish
733752,journal_title,European Journal of Cancer Care,1.0000,jellyfish
252118,journal_title,Brain and Language,1.0000,jellyfish
903817,journal_title,Chin. J. Evid.-Based Med.,1.0000,jellyfish
80799,journal_title,Angew. Chem. Int. Ed. Engl.,1.0000,jellyfish
385163,journal_title,Cardiol Young,1.0000,jellyfish
645061,journal_title,Issues Ment Health Nurs,1.0000,jellyfish
164721,journal_title,Das Mikroklima der Wohnungen und seine hygienische Normierung.,0.8000,jellyfish
730721,journal_title,Prediction of Surgical Site Infections After Severe Trauma,0.8000,jellyfish
439302,journal_title,Journal of Clinical Oncology,1.0000,jellyfish
410748,journal_title,Journal of the Medical Association of Thailand,0.6000,jellyfish
133777,journal_title,Acta Clin Belg,0.8000,jellyfish
775428,journal_title,Journal of Biological Chemistry,1.0000,jellyfish
497593,journal_title,Journal of Cardiovascular Electrophysiology,0.6000,jellyfish
899060,journal_title,Journal of Oral and Maxillofacial Surgery,1.0000,jellyfish
424254,journal_title,Acta Endocrinol Suppl (Copenh),1.0000,jellyfish
161290,journal_title,Endocrinol (Czech),0.6000,jellyfish
746312,journal_title,Crit. Care Med. → Crit. Care Med. (no change needed),0.4000,jellyfish
191138,journal_title,Journal of Hospital Infection,0.6000,jellyfish
743819,journal_title,Obesity (Silver Spring),1.0000,jellyfish
193292,journal_title,CSM2004 best platform,0.6000,jellyfish
91852,journal_title,JAMA Intern Med,1.0000,jellyfish
663526,journal_title,Journal of Hypertension,1.0000,jellyfish
382853,journal_title,Thorax,1.0000,jellyfish
1266,journal_title,International Journal of Medicine and Health Guidance News,1.0000,jellyfish
407082,journal_title,Journal of Gerontology: Medical Sciences,0.6000,jellyfish
411673,journal_title,Sleep and Breath,0.6000,jellyfish
382297,journal_title,World Journal of Pediatric & Congenital Heart Surgery,0.6000,jellyfish
414396,journal_title,Journal of Pain Research,0.6000,jellyfish
635082,journal_title,CANCER,1.0000,jellyfish
446599,journal_title,Journal Title: Revue d'Épidémiologie et de Santé Publique,0.4000,jellyfish
376525,journal_title,The American Journal of Medicine,1.0000,jellyfish
637323,journal_title,Intensive Care Med,1.0000,jellyfish
153797,journal_title,Clinical & Translational Oncology: Official Publication of the Federation of Spanish Oncology Societies & of the National Cancer Institute of Mexico,1.0000,jellyfish
470179,journal_title,Journal of Bone and Mineral Research,1.0000,jellyfish
9325,journal_title,Pediatr Allergy Immunol,1.0000,jellyfish
294719,journal_title,Shock,1.0000,jellyfish
38130,journal_title,Chirurg,1.0000,jellyfish
455697,journal_title,Systematic review of occupational engagement and health outcomes among community-dwelling older adults,1.0000,jellyfish
518335,journal_title,The New England journal of medicine,1.0000,jellyfish
503528,journal_title,Foot & ankle international,1.0000,jellyfish
503354,journal_title,Military Medicine,1.0000,jellyfish
176844,journal_title,Journal of Epidemiology and Community Health,0.4000,jellyfish
820549,journal_title,Focus on Alternative and Complementary Therapies,1.0000,jellyfish
250975,journal_title,"International Journal of Surgery (London, England)",0.4000,jellyfish
37173,journal_title,Journal title: Journal of Clinical and Diagnostic Research,0.6000,jellyfish
641251,journal_title,Annals of the Rheumatic Diseases,0.8000,jellyfish
302179,journal_title,Journal of Autism and Developmental Disorders,1.0000,jellyfish
627882,journal_title,International Journal of Oral and Maxillofacial Surgery,1.0000,jellyfish
264151,journal_title,Critical Care Nursing Quarterly,0.6000,jellyfish
711975,journal_title,Circulation,1.0000,jellyfish
12554,journal_title,Human Gene Therapy,1.0000,jellyfish
564924,journal_title,Respiration,1.0000,jellyfish
364080,journal_title,Journal of Clinical Pharmacology,0.4000,jellyfish
727134,journal_title,Journal Title: Wounds,0.4000,jellyfish
356635,journal_title,Circulation,1.0000,jellyfish
272721,journal_title,Pediatrics,1.0000,jellyfish
979725,journal_title,Value in Health,1.0000,jellyfish
470615,journal_title,European respiratory journal,1.0000,jellyfish
71351,journal_title,Oral Diseases,1.0000,jellyfish
793299,journal_title,Prediccion de la masa muscular apendicular esqueletica basado en mediciones antropometricas en Adultos Mayores Chilenos.,1.0000,jellyfish
673560,journal_title,"Tratamiento antibiótico intravenoso domiciliario del absceso hepático: seguridad, eficacia y factores pronosticos de re",1.0000,jellyfish
258181,journal_title,Journal of Clinical Gastroenterology,0.6000,jellyfish
11709,journal_title,Pediatrics,1.0000,jellyfish
603381,journal_title,Cochrane Database Syst Rev,1.0000,jellyfish
570263,journal_title,Cancer Chem Ther Pharmacol.,0.8000,jellyfish
395807,journal_title,Japanese Journal of Clinical Oncology,1.0000,jellyfish
149836,journal_title,Journal Title: Lett Exercise Technol,0.4000,jellyfish
813023,journal_title,Pediatric Infectious Disease Journal,1.0000,jellyfish
691035,journal_title,Bmj Open,1.0000,jellyfish
801512,journal_title,The Behavioral and Brain Sciences,1.0000,jellyfish
121133,journal_title,Br J Cancer,0.6000,jellyfish
82486,journal_title,Arch. Gynecol. Obstet.,0.4000,jellyfish
136032,journal_title,Family Practice,1.0000,jellyfish
131606,journal_title,Journal title: Addiction Research,0.8000,jellyfish
448384,journal_title,Journal of Perinatal Medicine,0.6000,jellyfish
57286,journal_title,Psychological medicine,0.8000,jellyfish
622636,journal_title,Academic Medicine,0.6000,jellyfish
107979,journal_title,Nepal Med Coll J,1.0000,jellyfish
252990,journal_title,Journal of Psychopharmacology,1.0000,jellyfish
861475,journal_title,Cost Effectiveness and Resource Allocation,1.0000,jellyfish
503159,journal_title,Nippon Seikeigeka Gakkai zasshi,0.8000,jellyfish
325081,journal_title,"Basic Rights: Subsistence, Affluence and U.S. Foreign Policy",1.0000,jellyfish
399134,journal_title,Deutsche Medizinische Wochenschrift,1.0000,jellyfish
315951,journal_title,Sepsis,0.4000,jellyfish
98479,journal_title,Catheter Cardiovasc Interv,1.0000,jellyfish
673307,journal_title,PLoS ONE,1.0000,jellyfish
730754,journal_title,Pain Practice,1.0000,jellyfish
953002,journal_title,Child Development,0.8000,jellyfish
246067,journal_title,The Journal of Hand Surgery,1.0000,jellyfish
161814,journal_title,Journal Title: None,0.6667,jellyfish
8529,journal_title,The European Respiratory Journal,1.0000,jellyfish
198813,journal_title,Journal of Nursing,1.0000,jellyfish
535901,journal_title,Sci Eng Ethics,0.6000,jellyfish
15325,journal_title,British journal of clinical pharmacology,1.0000,jellyfish
162189,journal_title,Journal of Clinical Endocrinology and Metabolism,1.0000,jellyfish
434500,journal_title,Too little but not too late: results of a literature review to improve routine immunization programs in developing countries,1.0000,jellyfish
197174,journal_title,Clinical Infectious Diseases,1.0000,jellyfish
6786,journal_title,Anesthesiology,1.0000,jellyfish
309274,journal_title,Pain,1.0000,jellyfish
672671,journal_title,Reviews on Endocrine and Metabolic Disorders,0.6000,jellyfish
819735,journal_title,Autonomic Neuroscience: Basic and Clinical,1.0000,jellyfish
21599,journal_title,Chest,1.0000,jellyfish
980682,journal_title,Hospital Practice,0.6000,jellyfish
547657,journal_title,ProQuest,0.8000,jellyfish
682676,journal_title,The journal of ECT,0.6000,jellyfish
820238,journal_title,Integrative Physiological and Behavioral Science,1.0000,jellyfish
82540,journal_title,Cancer,1.0000,jellyfish
776189,journal_title,Proceedings of the National Academy of Sciences of the United States of America,1.0000,jellyfish
422951,journal_title,PLoS Med,0.8000,jellyfish
228622,journal_title,Psychology of Women Quarterly,1.0000,jellyfish
514759,journal_title,Eur J Radiol,1.0000,jellyfish
26216,journal_title,Psycho-oncology,1.0000,jellyfish
164517,journal_title,Bioelectromagnetics,1.0000,jellyfish
973603,journal_title,Health services research methods: a guide to best practice,1.0000,jellyfish
345575,journal_title,Journal of the American College of Cardiology,1.0000,jellyfish
304082,journal_title,Anaesthesia,1.0000,jellyfish
33728,journal_title,JAMA Neurol,0.8000,jellyfish
109595,journal_title,La Pediatria Medica Chirurgica,1.0000,jellyfish
772026,journal_title,Drug Topics,1.0000,jellyfish
424870,journal_title,European Respiratory Journal,0.8000,jellyfish
904168,journal_title,J Chin Med,0.6000,jellyfish
916713,journal_title,Eur J Anaesthesiol,1.0000,jellyfish
819804,journal_title,Functional Neurology,1.0000,jellyfish
892141,journal_title,Medical Teacher,1.0000,jellyfish
409335,journal_title,Pediatrics,1.0000,jellyfish
166779,journal_title,Journal title: American Journal of Medicine,0.4000,jellyfish
720526,journal_title,Neurosurgery,1.0000,jellyfish
513503,journal_title,International journal of medical informatics,1.0000,jellyfish
83012,journal_title,Journal of Clinical Oncology,1.0000,jellyfish
438681,journal_title,Journal of Clinical Psychology,0.6000,jellyfish
317155,journal_title,Journal of Women's Health,1.0000,jellyfish
261121,journal_title,Journal of Pain Research,0.6000,jellyfish
296269,journal_title,JRSM Open,1.0000,jellyfish
960478,journal_title,"American journal of critical care : an official publication, American Association of Critical-Care Nurses",1.0000,jellyfish
741988,journal_title,The Journal of Surgical Research,0.6000,jellyfish
589265,journal_title,"Clinical nutrition (Edinburgh, Scotland)",0.4000,jellyfish
931944,journal_title,Chronic Illness,1.0000,jellyfish
305933,journal_title,Pharmacogenomics,1.0000,jellyfish
360693,journal_title,Techniques in Coloproctology,1.0000,jellyfish
772745,journal_title,Am. J. Emerg. Med.,1.0000,jellyfish
683893,journal_title,Aging Ment Health,1.0000,jellyfish
168157,journal_title,Journal of Environmental Monitoring,1.0000,jellyfish
97775,journal_title,Spine (Journal of the North American Spine Society),0.8000,jellyfish
740227,journal_title,Journal of Consulting Psychology,1.0000,jellyfish
449419,journal_title,RNAi Research Journal,0.4000,jellyfish
456934,journal_title,Cardiology Interventions,0.4000,jellyfish
134738,journal_title,Journal of Orthopaedic and Sports Physical Therapy,1.0000,jellyfish
66579,journal_title,PloS ONE,1.0000,jellyfish
557824,journal_title,Cochrane Database Syst Rev,1.0000,jellyfish
215820,journal_title,Revista Brasileira de Oftalmologia,1.0000,jellyfish
658982,journal_title,International Journal of Obesity,0.6000,jellyfish
272806,journal_title,Neuropsychopharmacology,1.0000,jellyfish
773090,journal_title,J. Thromb. Haemost.,0.4000,jellyfish
500618,journal_title,Journal of Environmental Psychology,1.0000,jellyfish
385346,journal_title,Curr. Opin. Pediatr.,0.6000,jellyfish
938092,journal_title,Ann. Intern. Med.,1.0000,jellyfish
383183,journal_title,Eur. J. Pediatr.,0.8000,jellyfish
889260,journal_title,Journal of Rheumatology,1.0000,jellyfish
392576,journal_title,Phytotherapy Research,0.6000,jellyfish
209012,journal_title,Gait & Posture,1.0000,jellyfish
961006,journal_title,Curr Opin Infect Dis,0.8000,jellyfish
786558,journal_title,Brain and behavior,0.8000,jellyfish
35875,journal_title,Journal of Nuclear Medicine,1.0000,jellyfish
882786,journal_title,Laryngorhinootologie,1.0000,jellyfish
332926,journal_title,Journal of Health Care for the Poor and Underserved,1.0000,jellyfish
109843,journal_title,Acta Paediatr Scand Suppl,1.0000,jellyfish
820688,journal_title,Journal of Neurotrauma,1.0000,jellyfish
817811,journal_title,Pain Practice,1.0000,jellyfish
855970,journal_title,JOURNAL OF CELL BIOLOGY,1.0000,jellyfish
643856,journal_title,Am J Cardiovasc Drugs,1.0000,jellyfish
482584,journal_title,Planta,1.0000,jellyfish
553088,journal_title,Surg Infect (Larchmt),0.6000,jellyfish
575935,journal_title,Steroids,1.0000,jellyfish
450760,journal_title,Urology,0.8000,jellyfish
160121,journal_title,The Journal of Antimicrobial Chemotherapy,1.0000,jellyfish
471093,journal_title,GeneReviews(R) 2.0,0.4000,jellyfish
84783,journal_title,Endocrinology,1.0000,jellyfish
894794,journal_title,Proceedings of SPIE,1.0000,jellyfish
481173,journal_title,Clinical obstetrics and gynecology,1.0000,jellyfish
946487,journal_title,International journal of epidemiology,0.6000,jellyfish
685456,journal_title,The American Journal of Clinical Nutrition,1.0000,jellyfish
6028,journal_title,Biology of Blood and Marrow Transplantation,1.0000,jellyfish
48202,journal_title,British Journal of Anaesthesia,1.0000,jellyfish
558738,journal_title,Journal of Clinical Microbiology,1.0000,jellyfish
908011,journal_title,Journal of Human Hypertension,1.0000,jellyfish
260738,journal_title,Combined use of caudal bupivacaine and rectal diclofenac is not superior to the use of each analgesic regimen alone,0.4000,jellyfish
979155,journal_title,Acta Radiol,1.0000,jellyfish
752075,journal_title,The American Journal of Clinical Nutrition,1.0000,jellyfish
670823,journal_title,American journal of respiratory and critical care medicine,0.8000,jellyfish
73289,journal_title,Tumour Biology,1.0000,jellyfish
426134,journal_title,CLINICAL TRIALS,1.0000,jellyfish
255382,journal_title,Burns,1.0000,jellyfish
979472,journal_title,Am Rev Respir Dis,0.6000,jellyfish
814758,journal_title,Review of Scientific Instruments,1.0000,jellyfish
226417,journal_title,Female Pelvic Med Reconstr Surg,1.0000,jellyfish
968815,journal_title,International Journal of Colorectal Disease,1.0000,jellyfish
734259,journal_title,European Journal of Health Economics,1.0000,jellyfish
235295,jounral_abbreviation,Proceedings of the Royal Society of Medicine,1.0000,jellyfish
498345,jounral_abbreviation,J Infect Dis,1.0000,jellyfish
789958,jounral_abbreviation,Indian J Ophthalmol,1.0000,jellyfish
169865,jounral_abbreviation,N Eng J Med,0.6000,jellyfish
803653,jounral_abbreviation,Dermatol Clin,1.0000,jellyfish
98234,jounral_abbreviation,eur,0.5000,jellyfish
823730,jounral_abbreviation,British Medical Bulletin,1.0000,jellyfish
729712,jounral_abbreviation,Am J Respir Crit Care Med,1.0000,jellyfish
396821,jounral_abbreviation,Clin Neuropsychol,1.0000,jellyfish
340222,jounral_abbreviation,Br J Radiol,0.6000,jellyfish
184417,jounral_abbreviation,Transportation Research Part D-Transport and Environment,0.8000,jellyfish
729686,jounral_abbreviation,Int J Clin Exp Med,1.0000,jellyfish
278396,jounral_abbreviation,Acta obstetricia et gynecologica Scandinavica,1.0000,jellyfish
965082,jounral_abbreviation,Heart Rhythm,1.0000,jellyfish
53321,jounral_abbreviation,J Orthop Trauma,0.6000,jellyfish
13601,jounral_abbreviation,Br J Dermatol,1.0000,jellyfish
668310,jounral_abbreviation,Clin Interv Aging,1.0000,jellyfish
282987,jounral_abbreviation,Cochrane Rev,1.0000,jellyfish
478292,jounral_abbreviation,Acta Neurochir (Wien)  ### Explanation:,0.8000,jellyfish
43736,jounral_abbreviation,Med Sci Sports Exerc,1.0000,jellyfish
82614,jounral_abbreviation,Cancer Prev Res (Phila),0.6000,jellyfish
163526,jounral_abbreviation,JOGN,1.0000,jellyfish
514411,jounral_abbreviation,Cardiovasc Intervent Radiol,1.0000,jellyfish
569841,jounral_abbreviation,J Clin Oncol,1.0000,jellyfish
6207,jounral_abbreviation,Scand J Gastroenterol,1.0000,jellyfish
21910,jounral_abbreviation,Glob J Health Sci,1.0000,jellyfish
378490,jounral_abbreviation,J Clin Psychiatry,1.0000,jellyfish
971878,jounral_abbreviation,Clin Exp Metab,0.8000,jellyfish
793918,jounral_abbreviation,PloS one,1.0000,jellyfish
819166,jounral_abbreviation,AJOB,1.0000,jellyfish
880881,jounral_abbreviation,Korean J Gastroenterol,1.0000,jellyfish
629530,jounral_abbreviation,Eur Heart J,1.0000,jellyfish
379737,jounral_abbreviation,Neuroprotective Agents,1.0000,jellyfish
676042,jounral_abbreviation,J Stroke Cerebrovasc Dis,1.0000,jellyfish
353972,jounral_abbreviation,Vul,1.0000,jellyfish
968125,jounral_abbreviation,Respiration,1.0000,jellyfish
660168,jounral_abbreviation,Neurosurgery,1.0000,jellyfish
732534,jounral_abbreviation,Health Facilities Management,0.6000,jellyfish
473026,jounral_abbreviation,Eur J Emerg Med,1.0000,jellyfish
372175,jounral_abbreviation,Int. J. Radiat. Oncol. Biol. Phys. => IJROBP,0.6000,jellyfish
110072,jounral_abbreviation,J. Cereb. Blood Flow Metab.,1.0000,jellyfish
330553,jounral_abbreviation,IM,1.0000,jellyfish
23215,jounral_abbreviation,J Am Board Fam Med,1.0000,jellyfish
719532,jounral_abbreviation,Energy and Build. 0378-7788,0.4000,jellyfish
86421,jounral_abbreviation,Cancer Res.,1.0000,jellyfish
433667,jounral_abbreviation,Journal abbreviation: J Clin Nurs,0.6000,jellyfish
530323,jounral_abbreviation,Cochrane Rev,1.0000,jellyfish
102893,jounral_abbreviation,J Clin Psychiatry,1.0000,jellyfish
864817,jounral_abbreviation,Ann Oncol,1.0000,jellyfish
217725,jounral_abbreviation,J Bone Miner Res,0.6000,jellyfish
730822,jounral_abbreviation,Ann R Coll Surg Engl,1.0000,jellyfish
659297,jounral_abbreviation,Am J Phys Med Rehabil,1.0000,jellyfish
42247,jounral_abbreviation,J Sci Med Sport,1.0000,jellyfish
302969,jounral_abbreviation,J Dev Behav Pediatr,0.8000,jellyfish
158672,jounral_abbreviation,Comput. Chem. Eng.  Please let me know if this is correct or not.,0.6000,jellyfish
616298,jounral_abbreviation,J Clin Anesth,1.0000,jellyfish
221086,jounral_abbreviation,J Genet Sci,0.8000,jellyfish
548616,jounral_abbreviation,teachers college press,0.6000,jellyfish
669596,jounral_abbreviation,Knee Surg Sports Traumatol Arthrosc,1.0000,jellyfish
474288,jounral_abbreviation,J Geriatr Oncol,1.0000,jellyfish
108424,jounral_abbreviation,Obes Surg,1.0000,jellyfish
841679,jounral_abbreviation,J. Cardiovasc. Surg.  Related questions: 1. What is the value of jounral_abbreviation in the given record? 2,0.2000,jellyfish
173830,jounral_abbreviation,J Allergy Clin Immunol,1.0000,jellyfish
852927,jounral_abbreviation,J Clin Oncol,1.0000,jellyfish
237623,jounral_abbreviation,Clin Evid (Online) → Clin Evid (Online) (no change needed) 1,0.2000,jellyfish
912884,jounral_abbreviation,Paediatrics Child Health,1.0000,jellyfish
318931,jounral_abbreviation,AIDS Rev  Please let me know if this is correct or not.,0.4000,jellyfish
93659,jounral_abbreviation,Sheng Wu Yi Xue Gong Cheng Xue Za Zhi,1.0000,jellyfish
349150,jounral_abbreviation,Ophthalmic Surg Lasers,1.0000,jellyfish
572010,jounral_abbreviation,CANCER,0.8000,jellyfish
826030,jounral_abbreviation,Eur J Cardiovasc Nurs,1.0000,jellyfish
34962,jounral_abbreviation,J. Neurol. Sci.,0.8000,jellyfish
574309,jounral_abbreviation,Transplantation,1.0000,jellyfish
200077,jounral_abbreviation,IJPM,1.0000,jellyfish
421512,jounral_abbreviation,J Am Coll Cardiol,0.8000,jellyfish
715052,jounral_abbreviation,Cancer Nurs,0.8000,jellyfish
172966,jounral_abbreviation,Arch Pediatr,1.0000,jellyfish
140274,jounral_abbreviation,Nepal Med Coll J,1.0000,jellyfish
282039,jounral_abbreviation,transfus,0.6000,jellyfish
835177,jounral_abbreviation,Eur J Cancer Care (Engl)  Please correct me if I'm wrong.,0.8000,jellyfish
519732,jounral_abbreviation,Stat Methods Med Res,1.0000,jellyfish
761104,jounral_abbreviation,TEACHING Exceptional Children Plus,0.8000,jellyfish
408062,jounral_abbreviation,Actas Urol Esp,1.0000,jellyfish
889481,jounral_abbreviation,Einstein (Sao Paulo) Brazil,1.0000,jellyfish
894596,jounral_abbreviation,iEMSs,1.0000,jellyfish
604985,jounral_abbreviation,Journal of medical toxicology,0.8000,jellyfish
220950,jounral_abbreviation,None provided,1.0000,jellyfish
770196,jounral_abbreviation,International Journal of Gynaecology and Obstetrics,0.6000,jellyfish
914468,jounral_abbreviation,Rev. Neurol.,1.0000,jellyfish
346326,jounral_abbreviation,"Journal of cardiovascular medicine (Hagerstown, Md.) -> J Cardiovasc Med (Hagerstown)",0.6000,jellyfish
612846,jounral_abbreviation,Pathologie biologie  (1),0.6667,jellyfish
282053,jounral_abbreviation,Nicotine & tobacco research,0.6000,jellyfish
870257,jounral_abbreviation,JSSR,1.0000,jellyfish
417578,jounral_abbreviation,Am J Manag Care,1.0000,jellyfish
949067,jounral_abbreviation,Expert Opin Drug Metab Toxicol,1.0000,jellyfish
931323,jounral_abbreviation,Allergy,1.0000,jellyfish
752456,jounral_abbreviation,Journal of Dental Research,0.8000,jellyfish
377284,jounral_abbreviation,Am J Physiol Endocrinol Metab,1.0000,jellyfish
420138,jounral_abbreviation,J Am Diet Assoc,1.0000,jellyfish
444273,jounral_abbreviation,Colorectal Dis,0.6000,jellyfish
816680,jounral_abbreviation,Cogn Process,1.0000,jellyfish
491006,jounral_abbreviation,J Allergy Clin Immunol,0.4000,jellyfish
628299,jounral_abbreviation,Fertil. Steril.,1.0000,jellyfish
72089,jounral_abbreviation,Cancer Chemother Pharmacol,1.0000,jellyfish
847287,jounral_abbreviation,Psychooncology,1.0000,jellyfish
764224,jounral_abbreviation,J Sports Sci Med,1.0000,jellyfish
591619,jounral_abbreviation,J Med Microbiol,0.8000,jellyfish
125072,jounral_abbreviation,Curr Opin Pharmacol,1.0000,jellyfish
255432,jounral_abbreviation,Cochrane Database Syst Rev,1.0000,jellyfish
689284,jounral_abbreviation,Cancer Immunol Immunother,1.0000,jellyfish
781141,jounral_abbreviation,BMJ Open,1.0000,jellyfish
148787,jounral_abbreviation,J Appl Physiol (1985)  ### Explanation:,0.4000,jellyfish
779281,jounral_abbreviation,Industrial Robot,0.8000,jellyfish
684757,jounral_abbreviation,J Rheumatol,1.0000,jellyfish
447382,jounral_abbreviation,JACC,1.0000,jellyfish
585766,jounral_abbreviation,J Appl Physiol,1.0000,jellyfish
185291,jounral_abbreviation,J Pain Symptom Manage,0.6000,jellyfish
886237,jounral_abbreviation,Gériatrie et Psychologie Neuropsychiatrie du Vieillissement,0.8000,jellyfish
922646,jounral_abbreviation,Anesthesiology,1.0000,jellyfish
843485,jounral_abbreviation,Trans. R. Soc. Trop. Med. Hyg.,1.0000,jellyfish
668845,jounral_abbreviation,BMC Public Health,1.0000,jellyfish
863844,jounral_abbreviation,Int J Clin Exp Pathol,1.0000,jellyfish
946006,jounral_abbreviation,International journal of gynecological cancer : official journal of the International Gynecological Cancer Society,1.0000,jellyfish
36429,jounral_abbreviation,Neurologia,1.0000,jellyfish
259367,jounral_abbreviation,Anesth Analg,1.0000,jellyfish
977276,jounral_abbreviation,Medicinski Glasnik,0.6000,jellyfish
369578,jounral_abbreviation,Sci Session Abstr,1.0000,jellyfish
772616,jounral_abbreviation,Curr. Vasc. Pharmacol. 7518,0.6000,jellyfish
334681,jounral_abbreviation,Jags,1.0000,jellyfish
757463,jounral_abbreviation,ajtmh,0.8000,jellyfish
465176,jounral_abbreviation,Pain,0.6000,jellyfish
368072,jounral_abbreviation,BMJ,1.0000,jellyfish
812893,jounral_abbreviation,Ann Intern Med,1.0000,jellyfish
380945,jounral_abbreviation,Gerontol A Biol Sci Med Sci,0.6000,jellyfish
513829,jounral_abbreviation,Skeletal Radiol,1.0000,jellyfish
862798,jounral_abbreviation,Pharmacoecon,0.8000,jellyfish
316632,jounral_abbreviation,Journal abbreviation: Stroke,0.2000,jellyfish
38413,jounral_abbreviation,"ST  - Proximal migration of a 5 French pancreatic stent during bile stone extraction: a successful retrieval using mini-snare-, author_list: {""",1.0000,jellyfish
595469,jounral_abbreviation,J Med Microbiol,0.4000,jellyfish
49698,jounral_abbreviation,gastro,0.6000,jellyfish
900624,jounral_abbreviation,HTA,0.8000,jellyfish
246528,jounral_abbreviation,Journal of Hand Surgery (British Vol.)  ### Explanation:,0.4000,jellyfish
347144,jounral_abbreviation,J Cardiovasc Electrophysiol.,1.0000,jellyfish
957059,jounral_abbreviation,Chinese Journal of New Drugs,1.0000,jellyfish
269313,jounral_abbreviation,J Urol,1.0000,jellyfish
267879,jounral_abbreviation,Eur J Gen Pract,1.0000,jellyfish
224232,jounral_abbreviation,Gut,1.0000,jellyfish
62306,jounral_abbreviation,Gen Dent,1.0000,jellyfish
182986,jounral_abbreviation,Food Control,1.0000,jellyfish
663994,jounral_abbreviation,Neuropsychologia,1.0000,jellyfish
520771,jounral_abbreviation,0028-2162,1.0000,jellyfish
754594,jounral_abbreviation,J Vasc Access,1.0000,jellyfish
817046,jounral_abbreviation,Am. J. Acupunct.,1.0000,jellyfish
736183,jounral_abbreviation,Swiss Med. Wkly,0.6000,jellyfish
963532,jounral_abbreviation,Circulation,1.0000,jellyfish
131820,jounral_abbreviation,CNS Spectr.,0.8000,jellyfish
912377,jounral_abbreviation,Hippokratia,1.0000,jellyfish
203935,jounral_abbreviation,Psycho-Oncol,1.0000,jellyfish
68354,jounral_abbreviation,J Clin Diagn Res,1.0000,jellyfish
259916,jounral_abbreviation,Anesthesiology,0.8000,jellyfish
199407,jounral_abbreviation,Wound Heal. S. Afr. Medpharm. J. Wound Care. Sci. Rev. Wound Manag. Pract. Sci. Rev,0.2000,jellyfish
790756,jounral_abbreviation,Strabismus,1.0000,jellyfish
592893,jounral_abbreviation,J Antimicrob Chemother,1.0000,jellyfish
232775,jounral_abbreviation,FOCT,1.0000,jellyfish
631610,jounral_abbreviation,Anim,1.0000,jellyfish
901298,jounral_abbreviation,CDR,1.0000,jellyfish
456691,jounral_abbreviation,J Med Imaging Radiol Sci,0.6000,jellyfish
429995,jounral_abbreviation,Diabetic Med,1.0000,jellyfish
709359,jounral_abbreviation,"j. telemed. 1/1/05 12 2 139-43 {""C. D. Smith"",""J. E. Skandal",0.2500,jellyfish
690938,jounral_abbreviation,J. Receptor Signal Transduction Res.,0.6000,jellyfish
910604,jounral_abbreviation,FN,1.0000,jellyfish
730191,jounral_abbreviation,Spine,1.0000,jellyfish
42135,jounral_abbreviation,Ann. N. Y. Acad. Sci.,0.8000,jellyfish
835178,jounral_abbreviation,Ann N Y Acad Sci,1.0000,jellyfish
335521,jounral_abbreviation,Obesity (Silver Spring),1.0000,jellyfish
22708,jounral_abbreviation,Water Sci. Technol.,0.8000,jellyfish
704111,jounral_abbreviation,Orthopedics,1.0000,jellyfish
804762,jounral_abbreviation,Haematol,0.6000,jellyfish
657210,jounral_abbreviation,Scand J Psychol,1.0000,jellyfish
431896,jounral_abbreviation,J Sports Sci Med,0.6000,jellyfish
490584,jounral_abbreviation,J Clin Med,0.4000,jellyfish
929252,jounral_abbreviation,AIDS Care,1.0000,jellyfish
821382,jounral_abbreviation,Mt Sinai J Med,1.0000,jellyfish
961741,jounral_abbreviation,Radiother Oncol,0.8000,jellyfish
925885,jounral_abbreviation,ATCM,1.0000,jellyfish
717315,jounral_abbreviation,J. Int. Educ. Res.  ### Explanation:,0.2000,jellyfish
967781,jounral_abbreviation,Radiol Clin North Am,1.0000,jellyfish
928952,jounral_abbreviation,HEB,1.0000,jellyfish
225002,jounral_abbreviation,Pediatrics Annals,1.0000,jellyfish
550350,jounral_abbreviation,LLT,1.0000,jellyfish
622979,jounral_abbreviation,J Natl Cancer Inst.,1.0000,jellyfish
501663,jounral_abbreviation,J Sport Sci Med Sport,0.6000,jellyfish
48738,jounral_abbreviation,J Infect Dis,1.0000,jellyfish
143029,jounral_abbreviation,Eur Arch Otorhinolaryngol,1.0000,jellyfish
667611,jounral_abbreviation,BMC Med Res Methodol,1.0000,jellyfish
565079,jounral_abbreviation,Ann Surg,1.0000,jellyfish
348006,jounral_abbreviation,J Biomater Appl,1.0000,jellyfish
55412,jounral_abbreviation,J Headache Pain,1.0000,jellyfish
546048,jounral_abbreviation,ProQuest,1.0000,jellyfish
979292,jounral_abbreviation,J Sports Sci,1.0000,jellyfish
971456,jounral_abbreviation,EJE,0.8000,jellyfish
533193,jounral_abbreviation,Nephrol. Dial. Transplant.,1.0000,jellyfish
970436,jounral_abbreviation,Cytokine,1.0000,jellyfish
437969,jounral_abbreviation,JACC,0.8000,jellyfish
464335,jounral_abbreviation,JNSP,0.4000,jellyfish
417782,jounral_abbreviation,Arch Surg,1.0000,jellyfish
979059,jounral_abbreviation,Muscle Nerve,1.0000,jellyfish
661572,jounral_abbreviation,Soc Sci Med,1.0000,jellyfish
132901,jounral_abbreviation,Int Arch Occup Environ Health,1.0000,jellyfish
245822,jounral_abbreviation,Ugeskr Laeger,1.0000,jellyfish
440401,jounral_abbreviation,Journal abbreviation: J Ethnopharmacol,0.4000,jellyfish
77389,jounral_abbreviation,Crit. Rev. Oncol. Hematol.,0.6000,jellyfish
592817,jounral_abbreviation,None provided. Please fill in the correct value for the attribute to be corrected.,0.3333,jellyfish
169270,jounral_abbreviation,Public Health Rep,1.0000,jellyfish
288711,jounral_abbreviation,Colorectal Dis,1.0000,jellyfish
184949,jounral_abbreviation,ROM INF DIS,0.4000,jellyfish
833251,jounral_abbreviation,J. C. P. →,1.0000,jellyfish
470174,jounral_abbreviation,Comput Med Imaging Graph,1.0000,jellyfish
315926,jounral_abbreviation,J Subst Abuse Treat,0.2000,jellyfish
901385,jounral_abbreviation,Am J Clin Nutr,1.0000,jellyfish
787529,jounral_abbreviation,(2005) Rev.  Int J Obes (Lond)  0307-0565,0.2000,jellyfish
431348,jounral_abbreviation,Atm,1.0000,jellyfish
441393,jounral_abbreviation,J Clin Immunol,0.4000,jellyfish
481882,jounral_abbreviation,Endocrinology,1.0000,jellyfish
572425,jounral_abbreviation,Am J Clin Oncol,0.8000,jellyfish
581864,jounral_abbreviation,IJBCCT,1.0000,jellyfish
455406,jounral_abbreviation,dermatol,0.6000,jellyfish
696362,jounral_abbreviation,College Teaching,1.0000,jellyfish
504206,jounral_abbreviation,J Hosp Infect,1.0000,jellyfish
800900,jounral_abbreviation,Best Pract Res Clin Gastroenterol,1.0000,jellyfish
235689,jounral_abbreviation,American journal of obstetrics and gynecology,1.0000,jellyfish
659896,jounral_abbreviation,Med Teach,1.0000,jellyfish
84944,jounral_abbreviation,Acta Cytol,0.8000,jellyfish
326944,jounral_abbreviation,Atheroscler Suppl,1.0000,jellyfish
922795,jounral_abbreviation,Anesthesiology,0.6000,jellyfish
768486,jounral_abbreviation,BMJ Open,1.0000,jellyfish
428363,jounral_abbreviation,Mycoses,1.0000,jellyfish
519287,jounral_abbreviation,BMC musculoskelet disorders,0.6000,jellyfish
638918,jounral_abbreviation,Clin Oncol (R Coll Radiol),1.0000,jellyfish
111336,jounral_abbreviation,BMJ Open,1.0000,jellyfish
747279,jounral_abbreviation,Physiotherapy,1.0000,jellyfish
674696,jounral_abbreviation,Public Health Genomics,1.0000,jellyfish
258108,jounral_abbreviation,J Addict Med,0.4000,jellyfish
59308,jounral_abbreviation,J Int Neuropsychol Soc,1.0000,jellyfish
610641,jounral_abbreviation,Rev Bras Ter Intensiva,1.0000,jellyfish
631704,jounral_abbreviation,Gene,1.0000,jellyfish
846537,jounral_abbreviation,Am J Manag Care,0.6000,jellyfish
973076,jounral_abbreviation,J Clin Gastroenterol,0.4000,jellyfish
931402,jounral_abbreviation,JHP&U,0.6000,jellyfish
908690,jounral_abbreviation,Biomed Eng Online,1.0000,jellyfish
417373,jounral_abbreviation,Disease Manag. View More,0.4000,jellyfish
759329,jounral_abbreviation,Nature,1.0000,jellyfish
386327,jounral_abbreviation,Cardiol Young,1.0000,jellyfish
695010,jounral_abbreviation,J Huazhong Univ Sci Technol Med Sci,1.0000,jellyfish
191908,jounral_abbreviation,J Epidemiol Community Health,0.6000,jellyfish
384767,jounral_abbreviation,Crit Care Med,1.0000,jellyfish
855912,jounral_abbreviation,MBioC,0.4000,jellyfish
710727,jounral_abbreviation,Exp Aging Res,1.0000,jellyfish
816996,jounral_abbreviation,JOHN Hopkins Med J.,0.8000,jellyfish
625016,jounral_abbreviation,Urol A,0.8000,jellyfish
275675,jounral_abbreviation,Prev Med,1.0000,jellyfish
967376,jounral_abbreviation,Chest,0.8000,jellyfish
640230,jounral_abbreviation,PSYCH SERV,0.6000,jellyfish
625663,jounral_abbreviation,Arch Gen Psychiatry,1.0000,jellyfish
480649,jounral_abbreviation,J Sex Med,1.0000,jellyfish
782541,jounral_abbreviation,Interact Cardiovasc Thorac Surg,1.0000,jellyfish
692358,jounral_abbreviation,Physiotherapy,1.0000,jellyfish
836847,jounral_abbreviation,Curr. Probl. Cardiol. ]]>]]]]]]]]]]]]]]]]]]]]]]]]]]]]]]]]]]]]]]]]]]]],0.4000,jellyfish
867207,jounral_abbreviation,VOX SANGUINIS,1.0000,jellyfish
253149,jounral_abbreviation,BJPsych,1.0000,jellyfish
929971,jounral_abbreviation,AJCP,1.0000,jellyfish
470385,jounral_abbreviation,Ultrasound Obstet Gynecol,0.6000,jellyfish
731703,jounral_abbreviation,NCT,1.0000,jellyfish
113399,jounral_abbreviation,Journal of Occupational Rehabilitation,0.2000,jellyfish
685178,jounral_abbreviation,J Am Geriatr Soc,0.4000,jellyfish
653325,jounral_abbreviation,J Psychiatr Res,1.0000,jellyfish
893573,jounral_abbreviation,MM,1.0000,jellyfish
56272,jounral_abbreviation,Neurology,1.0000,jellyfish
737786,jounral_abbreviation,Int J Oral Maxillofac Surg,1.0000,jellyfish
680306,jounral_abbreviation,J Am Vet Med Assoc,1.0000,jellyfish
53877,jounral_abbreviation,Journal of Health Communication,1.0000,jellyfish
504928,jounral_abbreviation,J Neurol Neurosurg Psychiatry,0.4000,jellyfish
198650,jounral_abbreviation,J Wound Care,1.0000,jellyfish
671386,jounral_abbreviation,J Med Imaging Radiat Oncol,1.0000,jellyfish
981412,jounral_abbreviation,EUR Respir J,0.4000,jellyfish
785472,jounral_abbreviation,PloS ONE,1.0000,jellyfish
734077,jounral_abbreviation,Kardiologia Polska,0.4000,jellyfish
46028,jounral_abbreviation,Eur J Appl Physiol,0.8000,jellyfish
743129,jounral_abbreviation,Nutrients,1.0000,jellyfish
392246,jounral_abbreviation,Transfus Apher Sci,1.0000,jellyfish
904889,jounral_abbreviation,Chin. Med. J. Chin. Med. J. Chin. Med. J. Chin. Med. J. Chin. Med. J. Chin,1.0000,jellyfish
360147,jounral_abbreviation,Curr Immunol Rev,1.0000,jellyfish
670289,jounral_abbreviation,Tumour Biol. → Tumour Biol. (no correction needed) Same as the original value. No change required. → Tumour Biol.,0.2000,jellyfish
821702,jounral_abbreviation,CNS Drugs,0.8000,jellyfish
188890,jounral_abbreviation,Scand J Infect Dis Suppl,1.0000,jellyfish
321660,jounral_abbreviation,N Engl J Med,0.5000,jellyfish
427455,jounral_abbreviation,Appl Nurs Res,1.0000,jellyfish
246204,jounral_abbreviation,Akt Traumatol,1.0000,jellyfish
857402,jounral_abbreviation,J Chem Phys,1.0000,jellyfish
704357,jounral_abbreviation,Journal of Orthopaedic Science,0.8000,jellyfish
716785,jounral_abbreviation,J Gerontol A Biol Sci Med Sci,1.0000,jellyfish
746065,jounral_abbreviation,Revista Medico-Chirurgicală a Societății de Medici și Naturalisti din Iași,0.6000,jellyfish
738322,jounral_abbreviation,The Journal of Oklahoma State Medical Association,1.0000,jellyfish
934177,jounral_abbreviation,J Pediatr,0.8000,jellyfish
351534,jounral_abbreviation,Soc Sci Med,1.0000,jellyfish
872389,jounral_abbreviation,Gut,1.0000,jellyfish
499983,jounral_abbreviation,Chest,0.6000,jellyfish
452432,jounral_abbreviation,Journal abbreviation: J Ethnopharmacol,1.0000,jellyfish
320139,jounral_abbreviation,Am J Respir Crit Care Med,0.6000,jellyfish
735083,jounral_abbreviation,Eur. J. Appl. Physiol. → Eur J Appl Physiol. (corrected value),0.6000,jellyfish
978471,jounral_abbreviation,J Investig Dermatol Symp Proc,0.8000,jellyfish
152626,jounral_abbreviation,J Med Genet,0.4000,jellyfish
90272,jounral_abbreviation,Radiology,1.0000,jellyfish
776651,jounral_abbreviation,"J. Neurocytol.  Please note that the abbreviation for the journal title should be ""J. Neurocytol."".",0.2000,jellyfish
931361,jounral_abbreviation,Can J Anaesth,1.0000,jellyfish
623358,jounral_abbreviation,Br J Soc Psychol,1.0000,jellyfish
385940,jounral_abbreviation,Cardiol Young,1.0000,jellyfish
951168,jounral_abbreviation,Urban Studies,1.0000,jellyfish
515254,jounral_abbreviation,Dentomaxillofac Radiol,1.0000,jellyfish
674623,jounral_abbreviation,Actas Esp Psiquiatr,1.0000,jellyfish
226419,jounral_abbreviation,Int J Colorectal Dis,1.0000,jellyfish
178078,jounral_abbreviation,Ethiop J Health Dev,1.0000,jellyfish
453637,jounral_abbreviation,J Clin Invest,0.4000,jellyfish
57483,jounral_abbreviation,Neurologist,1.0000,jellyfish
462849,jounral_abbreviation,JAMA Pediatr,0.6000,jellyfish
338547,jounral_abbreviation,Expert Opin Emerg Drugs,1.0000,jellyfish
438808,jounral_abbreviation,Ophthalmology,1.0000,jellyfish
352040,jounral_abbreviation,Am Health Res,0.6000,jellyfish
887131,jounral_abbreviation,Drugs Aging,1.0000,jellyfish
182296,jounral_abbreviation,Journal of Children and Media,0.5000,jellyfish
524073,jounral_abbreviation,Endod Dent Traumatol,1.0000,jellyfish
348813,jounral_abbreviation,Cardiology Young,0.8000,jellyfish
427933,jounral_abbreviation,AACN Clin Issues Adv Pract Acute Crit Care,1.0000,jellyfish
6862,jounral_abbreviation,Leuk Lymphoma,0.4000,jellyfish
853676,jounral_abbreviation,Hematol J. -> Hematology J.  The hematology journal : the official journal of the European Haematology Association / EHA should be abbreviated,0.2000,jellyfish
556116,jounral_abbreviation,BMJ,0.8000,jellyfish
734870,jounral_abbreviation,Int J Geriatr Psychiatry,1.0000,jellyfish
540850,jounral_abbreviation,Acta Neurochir Suppl,0.8000,jellyfish
465756,jounral_abbreviation,J Clin Gastroenterol,0.6000,jellyfish
762269,jounral_abbreviation,Acta Clin. Croat.  (no change needed)  (no change needed)  (no change needed)  (no change needed)  (,0.4000,jellyfish
441902,jounral_abbreviation,JCO,1.0000,jellyfish
950233,jounral_abbreviation,Amh,0.8000,jellyfish
621415,jounral_abbreviation,Suppliment,0.6000,jellyfish
633877,jounral_abbreviation,Colorectal Dis,1.0000,jellyfish
756208,jounral_abbreviation,Allergy Asthma Proc,1.0000,jellyfish
97853,jounral_abbreviation,J Neurosurg Spine,0.5000,jellyfish
720775,jounral_abbreviation,Int J Soc Psychiatry,1.0000,jellyfish
294439,jounral_abbreviation,E. Afr. Med. J.,1.0000,jellyfish
375430,jounral_abbreviation,J Med Syst,0.8000,jellyfish
689666,jounral_abbreviation,BMC Cancer,1.0000,jellyfish
896848,jounral_abbreviation,J Anesth,1.0000,jellyfish
231182,jounral_abbreviation,Eating Behav,1.0000,jellyfish
232896,jounral_abbreviation,Parkinsonism Relat Disord.,0.6000,jellyfish
798716,jounral_abbreviation,TURK PEDIATR JOURN,1.0000,jellyfish
704812,jounral_abbreviation,J Med Econ,1.0000,jellyfish
203084,jounral_abbreviation,Psychother. Psychosom.  Related articles in Pubmed,0.4000,jellyfish
81959,jounral_abbreviation,Dis. Esophagus,1.0000,jellyfish
235924,jounral_abbreviation,Annales francaises d'anesthesie et de reanimation,1.0000,jellyfish
291020,jounral_abbreviation,J Sports Med Phys Fitness,1.0000,jellyfish
408188,jounral_abbreviation,Exp. Cell Res.,0.4000,jellyfish
283460,jounral_abbreviation,JST,0.8000,jellyfish
563505,jounral_abbreviation,Biomed Res Int,1.0000,jellyfish
761676,jounral_abbreviation,ME&T JOURNAL,0.4000,jellyfish
923043,jounral_abbreviation,ANESTHESiol. Jpn. J. ANESTHESiol. Jpn. J. ANESTHESiol. Jpn. J,0.4000,jellyfish
248075,jounral_abbreviation,Injury,1.0000,jellyfish
313030,jounral_abbreviation,IJQSE,1.0000,jellyfish
885384,jounral_abbreviation,BJA,0.6000,jellyfish
361906,jounral_abbreviation,Ann. Intern. Med.,1.0000,jellyfish
180827,jounral_abbreviation,Energy Policy,1.0000,jellyfish
723057,jounral_abbreviation,PLoS ONE,1.0000,jellyfish
894502,jounral_abbreviation,JBT,1.0000,jellyfish
793410,jounral_abbreviation,Hepatogastroenterology,1.0000,jellyfish
816944,jounral_abbreviation,Curr Opin Ophthalmol,0.8000,jellyfish
632040,jounral_abbreviation,PloS one,1.0000,jellyfish
752280,jounral_abbreviation,J Toxicol Environ Health A,1.0000,jellyfish
716594,jounral_abbreviation,J Gerontol A Biol Sci Med Sci,1.0000,jellyfish
919751,jounral_abbreviation,Anesth Analg,1.0000,jellyfish
60309,jounral_abbreviation,Bull. Math. Biol. → Bull. Math. Biol. (no change needed),0.4000,jellyfish
757176,jounral_abbreviation,Kekkaku,1.0000,jellyfish
261329,jounral_abbreviation,ASEN,0.8000,jellyfish
615903,jounral_abbreviation,Br J Sports Med,1.0000,jellyfish
169524,jounral_abbreviation,Sci. Total Environ.,0.6000,jellyfish
178424,jounral_abbreviation,Journal abbreviation: Journal of Architectural and Planning Research,0.8000,jellyfish
716357,jounral_abbreviation,Am J Prev Med,1.0000,jellyfish
448010,jounral_abbreviation,J Clin Cardiol,0.8000,jellyfish
788729,jounral_abbreviation,The Annals of pharmacotherapy,0.6000,jellyfish
624354,jounral_abbreviation,Pharmacoeconomics,1.0000,jellyfish
112716,jounral_abbreviation,Am J Epidemiol.,1.0000,jellyfish
881020,jounral_abbreviation,Cir Pediatr,1.0000,jellyfish
605643,jounral_abbreviation,Rev Saude Publica,0.8000,jellyfish
5782,jounral_abbreviation,Pediatrics,1.0000,jellyfish
852332,jounral_abbreviation,Postgrad Med J,1.0000,jellyfish
343395,jounral_abbreviation,Minerva Cardioangiol,1.0000,jellyfish
826830,jounral_abbreviation,Anesth Analg,1.0000,jellyfish
905100,jounral_abbreviation,Int. J. Pharmcy Pharm. Sci. -> Int. J. Pharm. Sci.,0.4000,jellyfish
34517,jounral_abbreviation,Neurobiol. Aging,0.8000,jellyfish
771377,jounral_abbreviation,World J Pediatr Congenit Heart Surg,1.0000,jellyfish
32426,jounral_abbreviation,Am. J. Vet. Res.,1.0000,jellyfish
722451,jounral_abbreviation,SCM,0.8000,jellyfish
318542,jounral_abbreviation,Crit Care Nurs Qurn,0.6000,jellyfish
533425,jounral_abbreviation,Clin Psychol Rev,1.0000,jellyfish
854232,jounral_abbreviation,ONCOL,0.8000,jellyfish
2842,jounral_abbreviation,PAMW,1.0000,jellyfish
789057,jounral_abbreviation,J Plast Reconstr Aesthet Surg,1.0000,jellyfish
205187,jounral_abbreviation,J Bone Joint Surg Am,1.0000,jellyfish
970712,jounral_abbreviation,Wiener Med Wschr,1.0000,jellyfish
161630,jounral_abbreviation,J Clin Endocrinol Metab,1.0000,jellyfish
583682,jounral_abbreviation,PRIMUS,1.0000,jellyfish
891722,jounral_abbreviation,Dev. Psychol.,0.8000,jellyfish
54613,jounral_abbreviation,CANCER REVIEWS,1.0000,jellyfish
450749,jounral_abbreviation,Hepatology,0.8000,jellyfish
19086,jounral_abbreviation,Cancer,1.0000,jellyfish
852213,jounral_abbreviation,Ann Oncol,1.0000,jellyfish
475847,jounral_abbreviation,PALLIAT MED,1.0000,jellyfish
893664,jounral_abbreviation,Clin Cardiol,1.0000,jellyfish
450528,jounral_abbreviation,Nephrol Dial Transplant,0.6000,jellyfish
838034,jounral_abbreviation,Nature Clin Pract Neurology,0.8000,jellyfish
119186,jounral_abbreviation,J. Dent. Res. → J. Dent. Res. (no correction needed),0.4000,jellyfish
274083,jounral_abbreviation,Addict Behav.,1.0000,jellyfish
784224,jounral_abbreviation,American journal of perinatology,1.0000,jellyfish
260769,jounral_abbreviation,Journal abbreviation: Regional Anesthesia and Pain Medicine,0.4000,jellyfish
592831,jounral_abbreviation,J Pediatr,1.0000,jellyfish
464911,jounral_abbreviation,J Rheumatol,1.0000,jellyfish
369162,jounral_abbreviation,Anadolu Kardiyoloji Dergi,0.8000,jellyfish
209896,jounral_abbreviation,Lancet,0.8000,jellyfish
217524,jounral_abbreviation,J Oral Rehabil,0.4000,jellyfish
694007,jounral_abbreviation,NTvFysiotherapie,0.6000,jellyfish
53319,jounral_abbreviation,J Bone Joint Surg Am,1.0000,jellyfish
962338,jounral_abbreviation,Eur Heart J,1.0000,jellyfish
972821,jounral_abbreviation,SMW,1.0000,jellyfish
587024,jounral_abbreviation,Am J Clin Nutr,0.4000,jellyfish
49274,jounral_abbreviation,aliment pharmacol ther,0.4000,jellyfish
687404,jounral_abbreviation,BMC Oral Health,1.0000,jellyfish
858569,jounral_abbreviation,J Cell Sci,1.0000,jellyfish
982590,jounral_abbreviation,Respirol,0.6000,jellyfish
853882,jounral_abbreviation,BR J Cancer,0.6000,jellyfish
743989,jounral_abbreviation,JAGS,1.0000,jellyfish
71263,jounral_abbreviation,Rev Stomatol Chir Maxillofac Chir Orale,1.0000,jellyfish
111970,jounral_abbreviation,J Cardiovasc Med,1.0000,jellyfish
941646,jounral_abbreviation,clin,1.0000,jellyfish
397190,jounral_abbreviation,Consumer Reports,1.0000,jellyfish
98562,jounral_abbreviation,J Clin Hypertens (Greenwich) → J Clin Hypertens (Greenwich) (no change needed),0.6000,jellyfish
56014,jounral_abbreviation,Front Hum Neurosci,1.0000,jellyfish
911271,jounral_abbreviation,CONF. PROC. IEEE ENG. MED. BIONG. SOC. ANNUAL INT. CONF. IEEE ENG. MED. BIONG. SOC,0.4000,jellyfish
565528,jounral_abbreviation,J Am Med Inform Assoc,1.0000,jellyfish
951143,jounral_abbreviation,Pharmacoeconomics,1.0000,jellyfish
658707,jounral_abbreviation,J Learn Disabil,1.0000,jellyfish
84905,jounral_abbreviation,Obes Rev,1.0000,jellyfish
891370,jounral_abbreviation,Diabetes Technol Ther,1.0000,jellyfish
697286,jounral_abbreviation,Ophthalmology,1.0000,jellyfish
819701,jounral_abbreviation,IJP,0.6000,jellyfish
855099,jounral_abbreviation,Nowoczesne biomateria��y jako opatrunki hemostatyczne w chirurgii oszczedzajacej miazsz,1.0000,jellyfish
123492,jounral_abbreviation,Niger J Med,1.0000,jellyfish
226966,jounral_abbreviation,Int Urogynecol J,1.0000,jellyfish
850788,jounral_abbreviation,Pain Med,1.0000,jellyfish
811354,jounral_abbreviation,Cancer Res.,1.0000,jellyfish
323305,jounral_abbreviation,Rev Lat Am Enfermagem,1.0000,jellyfish
485934,jounral_abbreviation,Thromb Haemost,1.0000,jellyfish
743602,jounral_abbreviation,Public Health Nutr,1.0000,jellyfish
960371,jounral_abbreviation,Cancer Treat Rev,1.0000,jellyfish
944668,jounral_abbreviation,Journal of pain research,0.6000,jellyfish
873987,jounral_abbreviation,J Clin Microbiol,1.0000,jellyfish
968211,jounral_abbreviation,Lab Invest,1.0000,jellyfish
299635,jounral_abbreviation,Child & Fam. Soc. Work.,0.4000,jellyfish
846319,jounral_abbreviation,Surg Endosc,1.0000,jellyfish
263027,jounral_abbreviation,JOURNAL OF HIV/AIDS RESEARCH,0.2000,jellyfish
788168,jounral_abbreviation,Health Educ Behav,1.0000,jellyfish
146560,jounral_abbreviation,J Am Acad Child Adolesc Psychiatry,1.0000,jellyfish
498344,jounral_abbreviation,Science,1.0000,jellyfish
385772,jounral_abbreviation,Case Rep Med,0.6000,jellyfish
917417,jounral_abbreviation,Korean J Anesth,1.0000,jellyfish
517503,jounral_abbreviation,Phys Med Biol,1.0000,jellyfish
72325,jounral_abbreviation,Surgery,1.0000,jellyfish
516758,jounral_abbreviation,IEEE Trans Nucl Sci,0.8000,jellyfish
85920,jounral_abbreviation,Int. J. Dev. Biol.,0.8000,jellyfish
145874,jounral_abbreviation,Scand Cardiovasc J.,0.8000,jellyfish
888553,jounral_abbreviation,Rheumatology (Oxf),0.8000,jellyfish
889580,jounral_abbreviation,Pain,1.0000,jellyfish
732272,jounral_abbreviation,EMERG RADIOL,1.0000,jellyfish
351877,jounral_abbreviation,AUST NZ J MENT HEALTH NURS,1.0000,jellyfish
276000,jounral_abbreviation,Tobacco control,1.0000,jellyfish
378289,jounral_abbreviation,Physiol Res,1.0000,jellyfish
684476,jounral_abbreviation,Physiotherapy,1.0000,jellyfish
467344,jounral_abbreviation,J Clin Endocrinol Metab,0.4000,jellyfish
39687,jounral_abbreviation,J Clin Pediatr,0.6000,jellyfish
697880,jounral_abbreviation,Pediatrics,1.0000,jellyfish
179093,jounral_abbreviation,Pest. Sci.,0.4000,jellyfish
539034,jounral_abbreviation,Eur Heart J. This answer is correct. The value of jounral_abbreviation is already correct in the record. It does not need to be changed,0.2000,jellyfish
208435,jounral_abbreviation,Knee Surg Sports Traumatol Arthrosc,1.0000,jellyfish
556624,jounral_abbreviation,Blood,1.0000,jellyfish
36253,jounral_abbreviation,Horumon to Rinsho,0.8000,jellyfish
422857,jounral_abbreviation,JAMA,1.0000,jellyfish
720372,jounral_abbreviation,PV&PC,1.0000,jellyfish
863342,jounral_abbreviation,LaboratoriumsMedizin,1.0000,jellyfish
260745,jounral_abbreviation,Anesthesiology,0.8000,jellyfish
941515,jounral_abbreviation,Clin Med,1.0000,jellyfish
641972,jounral_abbreviation,None provided,1.0000,jellyfish
699523,jounral_abbreviation,"no correction needed, the value is correct as is. no correction needed, the value is correct as is. no correction needed, the value is correct as is",0.5000,jellyfish
946112,jounral_abbreviation,JWA,1.0000,jellyfish
958639,jounral_abbreviation,Sci Bus,0.4000,jellyfish
850418,jounral_abbreviation,TAKAYASUSCHE ARTERIITIS MIT MULTIPLEN INTRAKRANIELLEN ANEURYSMEN,1.0000,jellyfish
125302,jounral_abbreviation,Scand. J. Rheumatol.,1.0000,jellyfish
168889,jounral_abbreviation,Adm Policy Ment Health,1.0000,jellyfish
63977,jounral_abbreviation,Czas Stomatol,1.0000,jellyfish
782211,jounral_abbreviation,IJMI,1.0000,jellyfish
473599,jounral_abbreviation,Int Urol Nephrol,1.0000,jellyfish
915463,jounral_abbreviation,PPTher,1.0000,jellyfish
476199,jounral_abbreviation,J Korean Neurosurg Soc,1.0000,jellyfish
405141,jounral_abbreviation,BMJ,1.0000,jellyfish
213794,jounral_abbreviation,J Bone Joint Surg Am,0.6000,jellyfish
408902,jounral_abbreviation,J. Pediatr. Infect. Dis. Soc.,0.8000,jellyfish
89897,jounral_abbreviation,JAMA Otolaryngol Head Neck Surg,1.0000,jellyfish
187552,jounral_abbreviation,Mol Biol Rep,1.0000,jellyfish
144339,jounral_abbreviation,J Aerosol Med Pulm Drug Deliv,1.0000,jellyfish
656518,jounral_abbreviation,jeep,1.0000,jellyfish
925315,jounral_abbreviation,Chung Hua I Hsueh Tsa Chih,1.0000,jellyfish
130308,jounral_abbreviation,Can Forces Dent Serv Q,1.0000,jellyfish
237077,jounral_abbreviation,BJM,1.0000,jellyfish
600827,jounral_abbreviation,Cochrane Rev,1.0000,jellyfish
851773,jounral_abbreviation,J Oral Maxillofac Surg,1.0000,jellyfish
67292,jounral_abbreviation,J. Biol. Chem.,1.0000,jellyfish
129698,jounral_abbreviation,Chin. Med. J. → Chin. Med. J. (no change needed),0.4000,jellyfish
254327,jounral_abbreviation,Occ Med,0.6000,jellyfish
556803,jounral_abbreviation,J Genet Med,0.4000,jellyfish
73792,jounral_abbreviation,Environ. Toxicol. Pharmacol.,1.0000,jellyfish
484593,jounral_abbreviation,J Cardiovasc Med,1.0000,jellyfish
351700,jounral_abbreviation,Soc Sci,0.7500,jellyfish
105981,jounral_abbreviation,Science,1.0000,jellyfish
408198,jounral_abbreviation,Neuroscience,1.0000,jellyfish
30272,jounral_abbreviation,Exp. Neurol.,1.0000,jellyfish
623367,jounral_abbreviation,Ann Emerg Med,1.0000,jellyfish
13408,jounral_abbreviation,Paediatr Child Health,1.0000,jellyfish
449003,jounral_abbreviation,J Child Neurol,1.0000,jellyfish
299297,jounral_abbreviation,Fam Community Health,1.0000,jellyfish
302268,jounral_abbreviation,J Child Psychol Psychiatry,0.6000,jellyfish
592663,jounral_abbreviation,J Clin Pathol,0.6000,jellyfish
520843,jounral_abbreviation,AJR Am J Roentgenol,1.0000,jellyfish
460786,jounral_abbreviation,Journal of Oral Science,1.0000,jellyfish
866131,jounral_abbreviation,CABIO,0.6000,jellyfish
751811,jounral_abbreviation,BMJ,1.0000,jellyfish
436781,jounral_abbreviation,JAMA,0.4000,jellyfish
796900,jounral_abbreviation,Rheumatology Oxf,1.0000,jellyfish
491837,jounral_abbreviation,"Sleep, sleep-dependent procedural learning and vigilance in chronic cocaine users: Evidence for occult insomnia, English, J Clin Sleep Med, 82, 3,",0.4000,jellyfish
893227,jounral_abbreviation,"I cannot provide a value for the jounral_abbreviation attribute as it is not specified in the record. However, I can suggest some possible values based on",0.3333,jellyfish
525874,jounral_abbreviation,J Urol,1.0000,jellyfish
26475,jounral_abbreviation,Disabil Rehabil,0.8000,jellyfish
476191,jounral_abbreviation,J Stroke Cerebrovasc Dis,1.0000,jellyfish
719389,jounral_abbreviation,GEb,1.0000,jellyfish
467318,jounral_abbreviation,"Please note that the provided record does not contain enough information to determine the correct value for the attribute 'jounral_abbreviation'. However, based on the hint",0.5000,jellyfish
268361,jounral_abbreviation,The Journal of bone and joint surgery. Br,1.0000,jellyfish
664795,jounral_abbreviation,J Cancer Res Clin Oncol,0.6000,jellyfish
102180,jounral_abbreviation,Int J Obes (Lond),1.0000,jellyfish
258486,jounral_abbreviation,J Am Coll Nutr,0.8000,jellyfish
961081,jounral_abbreviation,American Acupuncturist,1.0000,jellyfish
52681,jounral_abbreviation,J Bone Joint Surg Am,0.8000,jellyfish
828156,jounral_abbreviation,Alcohol Clin Exp Res,1.0000,jellyfish
812757,jounral_abbreviation,Klinik Psikofarmakoloji Bulletin,0.8000,jellyfish
713518,jounral_abbreviation,REV ENFERMAGEM UFPE,1.0000,jellyfish
180977,jounral_abbreviation,Am J Epidemiol,0.8000,jellyfish
828214,jounral_abbreviation,Br J Psychiatry,1.0000,jellyfish
176160,jounral_abbreviation,Gerontologist,1.0000,jellyfish
677752,jounral_abbreviation,Hernia,1.0000,jellyfish
107417,jounral_abbreviation,Lancet,1.0000,jellyfish
141282,jounral_abbreviation,SRE,0.4000,jellyfish
708911,jounral_abbreviation,Nursing Research,0.4000,jellyfish
621640,jounral_abbreviation,Int Psychogeriatr,1.0000,jellyfish
647583,jounral_abbreviation,jornal brasileiro de pneumologia,0.8000,jellyfish
361080,jounral_abbreviation,JOGNN,1.0000,jellyfish
283168,jounral_abbreviation,Harefuah,1.0000,jellyfish
52633,jounral_abbreviation,J Bone Joint Surg Br,0.6000,jellyfish
74821,jounral_abbreviation,Tumour Biol.,1.0000,jellyfish
373015,jounral_abbreviation,CROAT MED J,1.0000,jellyfish
529562,jounral_abbreviation,Int J Stroke,1.0000,jellyfish
574242,jounral_abbreviation,Eur. J. Heart Fail.,1.0000,jellyfish
966388,jounral_abbreviation,Yonsei Med J,1.0000,jellyfish
919014,jounral_abbreviation,"None provided. The attribute to correct is jounral_abbreviation. Since the value is not provided, I will assume it's incorrect and provide a corrected value",1.0000,jellyfish
494428,jounral_abbreviation,Can Fam Physician,1.0000,jellyfish
55809,jounral_abbreviation,Childs Nerv Syst,1.0000,jellyfish
368651,jounral_abbreviation,Journal abbreviation: J Clin Pharm Ther,0.4000,jellyfish
423691,jounral_abbreviation,J Sex Med,1.0000,jellyfish
435904,jounral_abbreviation,J Clin Psychopharmacol,1.0000,jellyfish
407245,jounral_abbreviation,Arch Phys Med Rehabil,1.0000,jellyfish
918698,jounral_abbreviation,Eur J Anaesthesiol,1.0000,jellyfish
209138,jounral_abbreviation,Clin Biomech,1.0000,jellyfish
862844,jounral_abbreviation,Pharmacogenomics,1.0000,jellyfish
875733,jounral_abbreviation,Rinsho Byori. The Japanese Journal of Clinical Pathology.,0.6000,jellyfish
587683,jounral_abbreviation,J Nutr Gerontol Geriatr,1.0000,jellyfish
927711,jounral_abbreviation,JECDH,0.4000,jellyfish
313584,jounral_abbreviation,Journal Abbreviation: J Teach Educ,0.2500,jellyfish
161847,jounral_abbreviation,J Clin Endocrinol Metab,1.0000,jellyfish
543292,jounral_abbreviation,online submission,1.0000,jellyfish
248064,jounral_abbreviation,Journal of Orthopaedic Science,1.0000,jellyfish
887041,jounral_abbreviation,Geriatr Gerontol Int,1.0000,jellyfish
314737,jounral_abbreviation,Nephrol Dial Transplant,1.0000,jellyfish
709094,jounral_abbreviation,Jnl of Healthcare Leadership Manag,0.8000,jellyfish
327157,jounral_abbreviation,Respir Med,1.0000,jellyfish
793206,jounral_abbreviation,Vet Clin Pathol,1.0000,jellyfish
361682,jounral_abbreviation,Cardiovascular therapeutics,0.8000,jellyfish
732256,jounral_abbreviation,Bull WHO,1.0000,jellyfish
636937,jounral_abbreviation,PLoS NTLDiseases,0.4000,jellyfish
743394,jounral_abbreviation,Neuropharmacology,1.0000,jellyfish
592201,jounral_abbreviation,J Clin Gastroenterol,0.4000,jellyfish
914007,jounral_abbreviation,Phys Ther,1.0000,jellyfish
208824,jounral_abbreviation,Physica D,1.0000,jellyfish
759501,jounral_abbreviation,Z Erkr Atmungsorgane,0.4000,jellyfish
506162,jounral_abbreviation,Int Angiol,0.4000,jellyfish
372697,jounral_abbreviation,Blood Rev. → Blood Rev. (no correction needed),0.6000,jellyfish
609245,jounral_abbreviation,J Altern Complement Med,1.0000,jellyfish
584706,jounral_abbreviation,Jama,1.0000,jellyfish
822897,jounral_abbreviation,CTIM,1.0000,jellyfish
145770,jounral_abbreviation,Catheter Cardiovasc Interv,1.0000,jellyfish
24026,jounral_abbreviation,Nature,1.0000,jellyfish
44484,jounral_abbreviation,Eur. Respir. J.,0.8000,jellyfish
379988,jounral_abbreviation,J Neurosci Res,0.4000,jellyfish
333862,jounral_abbreviation,Public Health Nurs,1.0000,jellyfish
779555,jounral_abbreviation,Value in Health,1.0000,jellyfish
323860,jounral_abbreviation,FLS,0.4000,jellyfish
646572,jounral_abbreviation,Impfstoffe,0.8000,jellyfish
128182,jounral_abbreviation,NLM,1.0000,jellyfish
252998,jounral_abbreviation,J Psychiatr Res,0.8000,jellyfish
231933,jounral_abbreviation,Int J Obes,1.0000,jellyfish
683304,jounral_abbreviation,Sleep,1.0000,jellyfish
854628,jounral_abbreviation,Jpn J Cancer Res.  Please note that the abbreviation for the journal title is already correct and does not need any changes. The provided answer is accurate and,0.2000,jellyfish
117678,jounral_abbreviation,J. Dent. Res.,0.6000,jellyfish
795170,jounral_abbreviation,Ther Adv Respir Dis,1.0000,jellyfish
783722,jounral_abbreviation,Cancer Epidemiol Biomarkers Prev,1.0000,jellyfish
376103,jounral_abbreviation,None provided. Please provide the corrected value for the attribute 'jounral_abbreviation'.,0.5000,jellyfish
505530,jounral_abbreviation,JAMA,1.0000,jellyfish
868618,jounral_abbreviation,Onkologie,1.0000,jellyfish
503451,jounral_abbreviation,Rheumatology,1.0000,jellyfish
113363,jounral_abbreviation,J Agric Work Environ,0.6000,jellyfish
944558,jounral_abbreviation,Neuroreport,1.0000,jellyfish
875250,jounral_abbreviation,Helicobacter,1.0000,jellyfish
786108,jounral_abbreviation,Haem,0.4000,jellyfish
233544,jounral_abbreviation,Aust J Rural Health,1.0000,jellyfish
163093,jounral_abbreviation,epilepsyres,0.8000,jellyfish
31763,jounral_abbreviation,J Med Chem,0.8000,jellyfish
949775,jounral_abbreviation,JWH,1.0000,jellyfish
847600,jounral_abbreviation,Public Health Nurs,1.0000,jellyfish
638338,jounral_abbreviation,Circulation,1.0000,jellyfish
14077,jounral_abbreviation,Acta Derm. Venereol.,0.6000,jellyfish
453607,jounral_abbreviation,Neurosci Bull,0.8000,jellyfish
690793,jounral_abbreviation,Protein Sci.,1.0000,jellyfish
799604,jounral_abbreviation,Am J Orthod Dentofacial Orthop,1.0000,jellyfish
718091,jounral_abbreviation,JAAPA,1.0000,jellyfish
935189,jounral_abbreviation,Am J Infect Control,1.0000,jellyfish
711472,jounral_abbreviation,J Aging Phys Act,1.0000,jellyfish
660574,jounral_abbreviation,Hepatology,1.0000,jellyfish
873322,jounral_abbreviation,Microb Drug Resist,1.0000,jellyfish
774830,jounral_abbreviation,Stroke,1.0000,jellyfish
768192,jounral_abbreviation,Journal of graduate medical education,1.0000,jellyfish
950926,jounral_abbreviation,HSW,1.0000,jellyfish
204215,jounral_abbreviation,Nephrol. Dial. Transplant.,1.0000,jellyfish
129552,jounral_abbreviation,Oral Oncol.,1.0000,jellyfish
526825,jounral_abbreviation,Stroke,1.0000,jellyfish
56464,jounral_abbreviation,Curr Drug Targets,1.0000,jellyfish
20641,jounral_abbreviation,Epilepsy Res. → Epilepsy Res. (no change needed),1.0000,jellyfish
706764,jounral_abbreviation,Med Psychiatry,1.0000,jellyfish
388872,jounral_abbreviation,J Heart Valve Dis.,1.0000,jellyfish
681305,jounral_abbreviation,PloS one,1.0000,jellyfish
541739,jounral_abbreviation,Acad Radiol,1.0000,jellyfish
558824,jounral_abbreviation,JAMA Surg,0.6000,jellyfish
954980,jounral_abbreviation,Chin J Evid Based Med.,1.0000,jellyfish
896410,jounral_abbreviation,AJE,1.0000,jellyfish
751168,jounral_abbreviation,Cases J,1.0000,jellyfish
303571,jounral_abbreviation,"Journal abbreviation: Journal of Language, Culture and Communication",0.4000,jellyfish
193059,jounral_abbreviation,"To correct the value of the attribute jounral_abbreviation, I found that the current value is empty. After verifying the record, I determined that the correct",1.0000,jellyfish
416171,jounral_abbreviation,None provided,0.6000,jellyfish
810153,jounral_abbreviation,Acta Derm.-Venereol. Suppl.  Acta Derm.-Venereol. Suppl.  Acta Derm.-Venereol.,0.8000,jellyfish
164085,jounral_abbreviation,Environ Monit Assess,1.0000,jellyfish
619668,jounral_abbreviation,Acta Neurol Scand,1.0000,jellyfish
490750,jounral_abbreviation,J Clin Sleep Med,0.6000,jellyfish
136068,jounral_abbreviation,J Orthop Sports Phys Ther,0.6000,jellyfish
198675,jounral_abbreviation,NANB,1.0000,jellyfish
316114,jounral_abbreviation,J Dermatol Treat,1.0000,jellyfish
626797,jounral_abbreviation,JEP:GEN,0.6000,jellyfish
577842,jounral_abbreviation,Sci. Children,0.4000,jellyfish
811629,jounral_abbreviation,Basic Clin Pharmacol Toxicol,0.8000,jellyfish
280418,jounral_abbreviation,Health Educ Res,1.0000,jellyfish
757660,jounral_abbreviation,Infect. Immun.,1.0000,jellyfish
54163,jounral_abbreviation,S0748-7983,1.0000,jellyfish
65723,jounral_abbreviation,Photomed Laser Surg,1.0000,jellyfish
293974,jounral_abbreviation,EMHJ,1.0000,jellyfish
247571,jounral_abbreviation,"The Journal of Bone and Joint Surgery, American Volume",1.0000,jellyfish
292980,jounral_abbreviation,Oral Surg Oral Med Oral Pathol Oral Radiol Endod,1.0000,jellyfish
38197,jounral_abbreviation,Jpn J Gastroenterol,0.8000,jellyfish
160820,jounral_abbreviation,Clin Radiol,1.0000,jellyfish
876536,jounral_abbreviation,Vaccine,1.0000,jellyfish
776197,jounral_abbreviation,j. biochem. exp. med. (J. Biochem. Exp. Med.) (Note: The abbreviation for the FASEB Journal is F,0.2000,jellyfish
45797,jounral_abbreviation,Blood Pressure Monitoring,0.6000,jellyfish
605277,jounral_abbreviation,Psicothema,1.0000,jellyfish
749261,jounral_abbreviation,AJPH,1.0000,jellyfish
752305,jounral_abbreviation,Journal of Analytical Toxicology,1.0000,jellyfish
179196,jounral_abbreviation,EP,0.4000,jellyfish
150198,jounral_abbreviation,J Clin Psychol,0.8000,jellyfish
894415,jounral_abbreviation,Business Wire,1.0000,jellyfish
187769,jounral_abbreviation,Resuscitation,1.0000,jellyfish
556090,jounral_abbreviation,Respirology,1.0000,jellyfish
770589,jounral_abbreviation,Cochrane Rev,1.0000,jellyfish
450743,jounral_abbreviation,RESPIR CARE,0.4000,jellyfish
157566,jounral_abbreviation,Biomed Res Int,1.0000,jellyfish
589465,jounral_abbreviation,Journal of applied physiology,1.0000,jellyfish
560120,jounral_abbreviation,Ann. Med.,1.0000,jellyfish
107924,jounral_abbreviation,Eur J Clin Nutr,1.0000,jellyfish
797967,jounral_abbreviation,J Pers Soc Psychol,1.0000,jellyfish
265969,jounral_abbreviation,The Journal of Hand Surgery,1.0000,jellyfish
820508,jounral_abbreviation,Phys Ther,1.0000,jellyfish
446026,jounral_abbreviation,JACC,1.0000,jellyfish
84941,jounral_abbreviation,BMC Neurol,1.0000,jellyfish
558766,jounral_abbreviation,J Med Microbiol,1.0000,jellyfish
428909,jounral_abbreviation,N Tobacco Res,0.8000,jellyfish
110453,jounral_abbreviation,Pharm Pract,1.0000,jellyfish
837546,jounral_abbreviation,NeuroRehabilitation,1.0000,jellyfish
82695,jounral_abbreviation,Microsurgery,1.0000,jellyfish
820059,jounral_abbreviation,Int. J. Neurosci.,1.0000,jellyfish
771288,jounral_abbreviation,BJOG,1.0000,jellyfish
54202,jounral_abbreviation,BRAT,1.0000,jellyfish
888477,jounral_abbreviation,J Pediatr,1.0000,jellyfish
741279,jounral_abbreviation,J Cardiovasc Electrophysiol,1.0000,jellyfish
64430,jounral_abbreviation,Mol. Plant Pathol.,1.0000,jellyfish
461657,jounral_abbreviation,Journal of Cardiovascular Medicine,0.6000,jellyfish
240949,jounral_abbreviation,OEA,1.0000,jellyfish
453909,jounral_abbreviation,J Clin Oncol,0.6000,jellyfish
222452,jounral_abbreviation,Journal abbreviation: J Prosthet Dent,0.6000,jellyfish
163839,jounral_abbreviation,Bioelectromagnetics,1.0000,jellyfish
696132,jounral_abbreviation,JMTED,1.0000,jellyfish
257990,jounral_abbreviation,Journal abbreviation: Int J Eat Disord,0.6000,jellyfish
332032,jounral_abbreviation,Occup Environ Med,1.0000,jellyfish
617801,jounral_abbreviation,J Clin Psychiatry,1.0000,jellyfish
660499,jounral_abbreviation,Violencia contra a crianca,1.0000,jellyfish
355078,jounral_abbreviation,Birth,1.0000,jellyfish
696985,jounral_abbreviation,J Addict Dis,1.0000,jellyfish
826471,jounral_abbreviation,Psychosom Med,1.0000,jellyfish
807737,jounral_abbreviation,JCO,1.0000,jellyfish
875781,jounral_abbreviation,The Journal of hospital infection,1.0000,jellyfish
322953,jounral_abbreviation,ANZJPsychiatry,0.6000,jellyfish
123731,jounral_abbreviation,J Clin Pathol,1.0000,jellyfish
180588,jounral_abbreviation,Am J Public Health,1.0000,jellyfish
440684,jounral_abbreviation,J Clin Pathol,1.0000,jellyfish
758629,jounral_abbreviation,DEV. BIOL. STAND. -> Dev. Biol. Stand.,0.4000,jellyfish
964184,jounral_abbreviation,Circulation,1.0000,jellyfish
265490,jounral_abbreviation,Ann Rheum Dis,1.0000,jellyfish
463556,jounral_abbreviation,J Neurol Neurosurg Psychiatry,0.2000,jellyfish
749844,jounral_abbreviation,Hawai'i journal of medicine & public health,0.4000,jellyfish
300057,jounral_abbreviation,Bundesgesundheitsblatt Gesundheitsforschung Gesundheitsschutz,1.0000,jellyfish
166521,jounral_abbreviation,NLM,1.0000,jellyfish
292018,jounral_abbreviation,Diabetes Forecast,1.0000,jellyfish
181456,jounral_abbreviation,Journal of Housing and the Built Environment,0.4000,jellyfish
668772,jounral_abbreviation,Biomed Rep,1.0000,jellyfish
276001,jounral_abbreviation,nihon koshu eisei zasshi,0.6000,jellyfish
788507,jounral_abbreviation,AJHP,0.8000,jellyfish
620483,jounral_abbreviation,Oncol Nurs Forum,1.0000,jellyfish
433039,jounral_abbreviation,Journal of Pain and Symptom Manage,0.6000,jellyfish
737167,jounral_abbreviation,Nursing Standard,0.6000,jellyfish
744601,jounral_abbreviation,Value Health,1.0000,jellyfish
856471,jounral_abbreviation,EXPERIMENTAL CELL RES. ### Explanation:,0.6000,jellyfish
570704,jounral_abbreviation,LEUK LYM,1.0000,jellyfish
520153,jounral_abbreviation,radiology,0.4000,jellyfish
259267,jounral_abbreviation,Journal abbreviation: World J Surg,0.4000,jellyfish
24381,jounral_abbreviation,Headache,1.0000,jellyfish
827921,jounral_abbreviation,Res Nurs Health,1.0000,jellyfish
461204,jounral_abbreviation,J Clin Immunol,0.6667,jellyfish
482860,jounral_abbreviation,Neurosurg,0.6000,jellyfish
18298,jounral_abbreviation,Circulation,1.0000,jellyfish
365654,jounral_abbreviation,PloS ONE,1.0000,jellyfish
625306,jounral_abbreviation,Pr̩vention de l'insuffisance r̩nale induite par les produits de contrnste iodes does not seem to be,0.7500,jellyfish
572343,jounral_abbreviation,Ann Hematol,1.0000,jellyfish
88262,jounral_abbreviation,J Natl Cancer Inst.,1.0000,jellyfish
663339,jounral_abbreviation,AIDS,1.0000,jellyfish
718292,jounral_abbreviation,Oral Surg. Oral Med. Oral Pathol.,0.6000,jellyfish
245200,jounral_abbreviation,Arch Intern Med,1.0000,jellyfish
307302,jounral_abbreviation,Neurosci Biobehav Rev,0.6000,jellyfish
217418,jounral_abbreviation,J Oral Maxillofac Surg,0.2000,jellyfish
413717,jounral_abbreviation,None provided,0.6000,jellyfish
62246,jounral_abbreviation,Oper Dent,1.0000,jellyfish
945021,jounral_abbreviation,Movement disorders,0.6000,jellyfish
649817,jounral_abbreviation,Psychol Assess,1.0000,jellyfish
934327,jounral_abbreviation,JAMA Intern Med,0.8000,jellyfish
546484,jounral_abbreviation,TOJET,1.0000,jellyfish
917231,jounral_abbreviation,"None provided. Please check the record for errors and provide the corrected value for the attribute 'jounral_abbreviation'. If the value is already correct, repeat",0.5000,jellyfish
887418,jounral_abbreviation,EJC,1.0000,jellyfish
724055,jounral_abbreviation,Ind J Psychiatry,0.4000,jellyfish
63738,jounral_abbreviation,Stomatol  Answer: Stomatol,0.6000,jellyfish
422739,jounral_abbreviation,BMC Med,1.0000,jellyfish
97795,jounral_abbreviation,J Clin Anesth,1.0000,jellyfish
155127,jounral_abbreviation,Oral Surg Oral Med Oral Pathol Oral Radiol,1.0000,jellyfish
100986,jounral_abbreviation,J Cardiovasc Med,0.8000,jellyfish
166179,jounral_abbreviation,0034-9887,0.4000,jellyfish
740811,jounral_abbreviation,CCN,1.0000,jellyfish
379577,jounral_abbreviation,Appl Radiat Isot,1.0000,jellyfish
658981,jounral_abbreviation,J Clin Epidemiol,1.0000,jellyfish
215650,jounral_abbreviation,Rev Bras Odontol,1.0000,jellyfish
521132,jounral_abbreviation,The Journal of Hand Surgery,1.0000,jellyfish
892609,jounral_abbreviation,DS-RT,1.0000,jellyfish
366275,jounral_abbreviation,Eur J Prev Cardiol,1.0000,jellyfish
513630,jounral_abbreviation,J Natl Cancer Inst.,1.0000,jellyfish
605423,jounral_abbreviation,Alcohol Res Health,1.0000,jellyfish
495319,jounral_abbreviation,The Bilitch Registry Group,0.4000,jellyfish
733752,jounral_abbreviation,EJC,1.0000,jellyfish
252118,jounral_abbreviation,BILANGUAGE,0.4000,jellyfish
903817,jounral_abbreviation,Chin. J. Evid.-Based Med.  Chin. J. Evid.-Based Med.  Chin. J. Evid.-Based Med,0.6000,jellyfish
80799,jounral_abbreviation,Angew. Chem. Int. Ed. Engl.,1.0000,jellyfish
385163,jounral_abbreviation,Cardiol Young,1.0000,jellyfish
645061,jounral_abbreviation,IMHN,1.0000,jellyfish
164721,jounral_abbreviation,Das Mikorklima der Wohnungen und seine hygienische Normierung. 1/1/67 756-60 M. S. Gorom,0.2000,jellyfish
730721,jounral_abbreviation,NCT01713205,1.0000,jellyfish
439302,jounral_abbreviation,JCO,1.0000,jellyfish
410748,jounral_abbreviation,J Stroke Rehabil,1.0000,jellyfish
133777,jounral_abbreviation,Acta Clin Belg,1.0000,jellyfish
775428,jounral_abbreviation,JBC,1.0000,jellyfish
497593,jounral_abbreviation,J Cardiovasc Electrophysiol,0.6000,jellyfish
899060,jounral_abbreviation,JOMS,1.0000,jellyfish
424254,jounral_abbreviation,Acta Endocrinol Suppl,1.0000,jellyfish
161290,jounral_abbreviation,J Clin Endocrinol Metab,1.0000,jellyfish
746312,jounral_abbreviation,Crit Care Med,1.0000,jellyfish
191138,jounral_abbreviation,J Hosp Infect,0.8000,jellyfish
743819,jounral_abbreviation,Obesity (Silver Spring),1.0000,jellyfish
193292,jounral_abbreviation,CSM,0.4000,jellyfish
91852,jounral_abbreviation,JAMA Intern Med,1.0000,jellyfish
663526,jounral_abbreviation,J Hypertens,1.0000,jellyfish
382853,jounral_abbreviation,Thorax,1.0000,jellyfish
1266,jounral_abbreviation,IM&HG News,0.4000,jellyfish
407082,jounral_abbreviation,J Am Geriatr Soc,1.0000,jellyfish
411673,jounral_abbreviation,J Clin Sleep Med,1.0000,jellyfish
382297,jounral_abbreviation,World J Pediatr Congenit Heart Surg,1.0000,jellyfish
414396,jounral_abbreviation,J Clin Sleep Med,1.0000,jellyfish
635082,jounral_abbreviation,CANCER,1.0000,jellyfish
446599,jounral_abbreviation,Journal abbreviation: Revue de Psychothérapie Cognitive,0.2000,jellyfish
376525,jounral_abbreviation,Am. J. Med.,1.0000,jellyfish
637323,jounral_abbreviation,Intensive Care Med,1.0000,jellyfish
153797,jounral_abbreviation,Clin Transl Oncol,1.0000,jellyfish
470179,jounral_abbreviation,J. Bone Miner. Res.,1.0000,jellyfish
9325,jounral_abbreviation,Pediatr Allergy Immunol,1.0000,jellyfish
294719,jounral_abbreviation,Shock,1.0000,jellyfish
38130,jounral_abbreviation,Surg Endosc,1.0000,jellyfish
455697,jounral_abbreviation,J Gerontol A Biol Sci Med Sci,0.8000,jellyfish
518335,jounral_abbreviation,N. Engl. J. Med.,0.8000,jellyfish
503528,jounral_abbreviation,Foot Ankle Int,1.0000,jellyfish
503354,jounral_abbreviation,Mil Med,1.0000,jellyfish
176844,jounral_abbreviation,Nephrol Dial Transplant,1.0000,jellyfish
820549,jounral_abbreviation,Focus on Alt Ther,0.2000,jellyfish
250975,jounral_abbreviation,International journal of surgery,0.8000,jellyfish
37173,jounral_abbreviation,Indian J Pediatr,0.4000,jellyfish
641251,jounral_abbreviation,Ann Rheum Dis,1.0000,jellyfish
302179,jounral_abbreviation,J Dev Disord,0.6000,jellyfish
627882,jounral_abbreviation,IJOMI,1.0000,jellyfish
264151,jounral_abbreviation,J Clin Nurs,0.8000,jellyfish
711975,jounral_abbreviation,Circulation,1.0000,jellyfish
12554,jounral_abbreviation,Hum. Gene Ther.,0.6000,jellyfish
564924,jounral_abbreviation,Respiration,1.0000,jellyfish
364080,jounral_abbreviation,j Pharmacol Exp Ther,0.4000,jellyfish
727134,jounral_abbreviation,J Clin Aesthet Dermatol,0.4000,jellyfish
356635,jounral_abbreviation,Circulation,1.0000,jellyfish
272721,jounral_abbreviation,Pediatrics,1.0000,jellyfish
979725,jounral_abbreviation,Value in Health,1.0000,jellyfish
470615,jounral_abbreviation,eur respir j,1.0000,jellyfish
71351,jounral_abbreviation,Oral Dis,1.0000,jellyfish
673560,jounral_abbreviation,"Tratamiento antibiotico intravenoso domiciliario del absceso hepatico: seguridad, eficacia y factores pronosticos de reing",1.0000,jellyfish
258181,jounral_abbreviation,J Psychosom Res,1.0000,jellyfish
11709,jounral_abbreviation,Pediatrics,1.0000,jellyfish
603381,jounral_abbreviation,CDX Rev,0.4000,jellyfish
570263,jounral_abbreviation,Cancer Chem Ther Pharmacol.,1.0000,jellyfish
395807,jounral_abbreviation,Jpn J Clin Oncol,1.0000,jellyfish
149836,jounral_abbreviation,LET,1.0000,jellyfish
813023,jounral_abbreviation,PEDINF,0.4000,jellyfish
691035,jounral_abbreviation,BMJ Open,1.0000,jellyfish
801512,jounral_abbreviation,Behav Brain Sci,1.0000,jellyfish
121133,jounral_abbreviation,Br J Cancer,1.0000,jellyfish
82486,jounral_abbreviation,Arch. Gynecol. Obstet.,0.6000,jellyfish
136032,jounral_abbreviation,Fam Pract,1.0000,jellyfish
131606,jounral_abbreviation,JAMA,1.0000,jellyfish
448384,jounral_abbreviation,J Med Ethics,0.4000,jellyfish
57286,jounral_abbreviation,Psych Med,1.0000,jellyfish
622636,jounral_abbreviation,Acad Med,1.0000,jellyfish
107979,jounral_abbreviation,Nepal Med Coll J,1.0000,jellyfish
252990,jounral_abbreviation,J Psychopharmacol,1.0000,jellyfish
861475,jounral_abbreviation,CER,1.0000,jellyfish
503159,jounral_abbreviation,Nippon Seikeigeka Gakkai Zasshi,1.0000,jellyfish
325081,jounral_abbreviation,Basic Rights,0.6000,jellyfish
399134,jounral_abbreviation,Deutsche Medizinische Wochenschrift,1.0000,jellyfish
315951,jounral_abbreviation,J Clin Care,0.8000,jellyfish
98479,jounral_abbreviation,Catheter Cardiovasc Interv,1.0000,jellyfish
673307,jounral_abbreviation,PloS one,1.0000,jellyfish
730754,jounral_abbreviation,Pain Pract,0.6000,jellyfish
953002,jounral_abbreviation,Child Dev.  ### Explanation:,0.4000,jellyfish
246067,jounral_abbreviation,The Journal of Hand Surgery,1.0000,jellyfish
8529,jounral_abbreviation,Eur. Respir. J.,1.0000,jellyfish
198813,jounral_abbreviation,NURSE,1.0000,jellyfish
535901,jounral_abbreviation,Science and Engineering Ethics,1.0000,jellyfish
15325,jounral_abbreviation,Br J Clin Pharmacol,1.0000,jellyfish
162189,jounral_abbreviation,j clin endocrinol met,0.6000,jellyfish
434500,jounral_abbreviation,Journal abbreviation: Vaccine,0.6000,jellyfish
197174,jounral_abbreviation,Clin. Infect. Dis.,0.6000,jellyfish
6786,jounral_abbreviation,Anesthesiology,0.4000,jellyfish
309274,jounral_abbreviation,Pain,1.0000,jellyfish
672671,jounral_abbreviation,Rev Endocr Metab Disord,1.0000,jellyfish
819735,jounral_abbreviation,Aut. Neurosci. Basic Clin.,0.4000,jellyfish
21599,jounral_abbreviation,Chest,1.0000,jellyfish
980682,jounral_abbreviation,"Hospital practice (1995) has no abbreviation. However, the correct abbreviation for the journal title is ""Hosp Pract"". Therefore, the corrected value for the",0.4000,jellyfish
547657,jounral_abbreviation,ProQuest LLC,1.0000,jellyfish
682676,jounral_abbreviation,J ECT,1.0000,jellyfish
820238,jounral_abbreviation,Integr Physiol Behav Sci.,0.6000,jellyfish
82540,jounral_abbreviation,Cancer,1.0000,jellyfish
776189,jounral_abbreviation,Proc. Natl. Acad. Sci. U.S.A.,1.0000,jellyfish
422951,jounral_abbreviation,PLoS Med,1.0000,jellyfish
228622,jounral_abbreviation,PWQ,1.0000,jellyfish
514759,jounral_abbreviation,Eur J Radiol,1.0000,jellyfish
26216,jounral_abbreviation,Psychooncology,1.0000,jellyfish
164517,jounral_abbreviation,Bioelectromagnetics,1.0000,jellyfish
973603,jounral_abbreviation,Journal abbreviation: Health Serv Res Methods,0.8000,jellyfish
345575,jounral_abbreviation,J Am Coll Cardiol,0.6000,jellyfish
304082,jounral_abbreviation,Anaesthesia,1.0000,jellyfish
33728,jounral_abbreviation,JAMA Neurol,1.0000,jellyfish
109595,jounral_abbreviation,Pediatr Med Chir,1.0000,jellyfish
772026,jounral_abbreviation,Drug Topics,1.0000,jellyfish
424870,jounral_abbreviation,EUR RESPIR JOURNAL,0.6000,jellyfish
904168,jounral_abbreviation,J Chin Integr Med,1.0000,jellyfish
916713,jounral_abbreviation,Eur J Anaesthesiol,1.0000,jellyfish
819804,jounral_abbreviation,FN,1.0000,jellyfish
892141,jounral_abbreviation,Med Teach,1.0000,jellyfish
409335,jounral_abbreviation,Pediatrics,0.6000,jellyfish
166779,jounral_abbreviation,JAMA,1.0000,jellyfish
720526,jounral_abbreviation,Neurosurg,1.0000,jellyfish
513503,jounral_abbreviation,Int J Med Inform,1.0000,jellyfish
83012,jounral_abbreviation,J Clin Oncol,1.0000,jellyfish
438681,jounral_abbreviation,J Clin Psychol,0.6000,jellyfish
317155,jounral_abbreviation,J Med Syst,0.8000,jellyfish
261121,jounral_abbreviation,J Pain Res,1.0000,jellyfish
296269,jounral_abbreviation,JRSM Open,1.0000,jellyfish
960478,jounral_abbreviation,Am J Crit Care,1.0000,jellyfish
741988,jounral_abbreviation,The Journal of surgical research,0.6000,jellyfish
589265,jounral_abbreviation,Clinical nutrition,1.0000,jellyfish
931944,jounral_abbreviation,CI,1.0000,jellyfish
305933,jounral_abbreviation,Pharmacogenomics,1.0000,jellyfish
360693,jounral_abbreviation,Techniques in coloproctology,1.0000,jellyfish
772745,jounral_abbreviation,Am J Ther,1.0000,jellyfish
683893,jounral_abbreviation,Aging Ment Health,1.0000,jellyfish
168157,jounral_abbreviation,J Environ Monit,1.0000,jellyfish
97775,jounral_abbreviation,"Spine (Journal of the British Spine Foundation) (Note: The journal title and abbreviation are not provided in the record, so I assume they are not",0.2000,jellyfish
740227,jounral_abbreviation,J. Consult. Clin. Psychol.,1.0000,jellyfish
449419,jounral_abbreviation,sciencedirect,0.6000,jellyfish
456934,jounral_abbreviation,JACC,0.8000,jellyfish
134738,jounral_abbreviation,J Orthop Sports Phys Ther,1.0000,jellyfish
66579,jounral_abbreviation,PLoS ONE,1.0000,jellyfish
557824,jounral_abbreviation,Cochrane Database Syst Rev,1.0000,jellyfish
215820,jounral_abbreviation,None provided. Please provide the corrected value for the attribute to correct.,0.5000,jellyfish
658982,jounral_abbreviation,Int J Obes (Lond),0.8000,jellyfish
272806,jounral_abbreviation,Neuropsychopharmacol,0.8000,jellyfish
773090,jounral_abbreviation,J Thromb Haemost,0.4000,jellyfish
500618,jounral_abbreviation,JEP,1.0000,jellyfish
385346,jounral_abbreviation,Curr. Opin. Pediatr.,0.4000,jellyfish
938092,jounral_abbreviation,Ann. Intern. Med.,0.8000,jellyfish
383183,jounral_abbreviation,Eur. J. Pediatr.,0.6000,jellyfish
889260,jounral_abbreviation,J Rheumatol,1.0000,jellyfish
392576,jounral_abbreviation,Phytother Res,1.0000,jellyfish
209012,jounral_abbreviation,posture,0.6000,jellyfish
961006,jounral_abbreviation,Curr. Opin. Infect. Dis.,0.4000,jellyfish
786558,jounral_abbreviation,Brain Behav,1.0000,jellyfish
35875,jounral_abbreviation,J Nucl Med,0.6000,jellyfish
882786,jounral_abbreviation,Laryngorhinootologie,1.0000,jellyfish
332926,jounral_abbreviation,J Health Care Poor Underserved,1.0000,jellyfish
109843,jounral_abbreviation,Acta Paediatr Scand Suppl,1.0000,jellyfish
820688,jounral_abbreviation,J Neurotrauma,1.0000,jellyfish
817811,jounral_abbreviation,Pain Pract,0.8000,jellyfish
855970,jounral_abbreviation,J Cell Biol,1.0000,jellyfish
643856,jounral_abbreviation,Am J Cardiovasc Drugs,1.0000,jellyfish
482584,jounral_abbreviation,Planta,1.0000,jellyfish
553088,jounral_abbreviation,Surg Infect (Larchmt) → Surg Infect (Larchmt),0.8000,jellyfish
575935,jounral_abbreviation,Steroids,1.0000,jellyfish
450760,jounral_abbreviation,Urol Oncol,0.6000,jellyfish
160121,jounral_abbreviation,J Antimicrob Chemother,0.6000,jellyfish
471093,jounral_abbreviation,GeneReviews(R) Journal,0.4000,jellyfish
84783,jounral_abbreviation,Endocrinology,1.0000,jellyfish
894794,jounral_abbreviation,PROC SPIE,1.0000,jellyfish
481173,jounral_abbreviation,Clinical obstetrics and gynecology,1.0000,jellyfish
946487,jounral_abbreviation,International journal of epidemiology,1.0000,jellyfish
685456,jounral_abbreviation,The American Journal of Clinical Nutrition,0.6000,jellyfish
6028,jounral_abbreviation,Biol Blood Marrow Transplant.,1.0000,jellyfish
48202,jounral_abbreviation,Br J Anaesth,0.6000,jellyfish
558738,jounral_abbreviation,J. Antibiot. Chemother.,0.6000,jellyfish
908011,jounral_abbreviation,Journal of Human Hypertension,1.0000,jellyfish
260738,jounral_abbreviation,Anesthesiology,1.0000,jellyfish
979155,jounral_abbreviation,Acta Radiol,1.0000,jellyfish
752075,jounral_abbreviation,Am J Clin Nutr,0.6000,jellyfish
670823,jounral_abbreviation,Am J Respir Crit Care Med,0.8000,jellyfish
73289,jounral_abbreviation,Tumour Biol.,1.0000,jellyfish
426134,jounral_abbreviation,CLINICAL TRIALS,1.0000,jellyfish
255382,jounral_abbreviation,Burns,1.0000,jellyfish
979472,jounral_abbreviation,Am Rev Respir Dis,1.0000,jellyfish
814758,jounral_abbreviation,Rev. Sci. Instrum.,0.8000,jellyfish
226417,jounral_abbreviation,Female Pelvic Med Reconstr Surg,1.0000,jellyfish
968815,jounral_abbreviation,IJCD,0.8000,jellyfish
734259,jounral_abbreviation,Eur Health Econ Rev,1.0000,jellyfish
235295,journal_issn,0023-1851,0.8000,jellyfish
498345,journal_issn,1537-6613,1.0000,jellyfish
789958,journal_issn,0301-4738,1.0000,jellyfish
169865,journal_issn,1525-8426,0.4000,jellyfish
803653,journal_issn,1557-0272,0.4000,jellyfish
98234,journal_issn,1015-3467,0.4000,jellyfish
823730,journal_issn,0007-1420,1.0000,jellyfish
729712,journal_issn,1096-1488,0.6000,jellyfish
396821,journal_issn,1385-4046,1.0000,jellyfish
340222,journal_issn,0743-0429,0.6000,jellyfish
184417,journal_issn,1361-9209,1.0000,jellyfish
729686,journal_issn,1940-5901,1.0000,jellyfish
278396,journal_issn,0001-6349,1.0000,jellyfish
965082,journal_issn,1547-5271,1.0000,jellyfish
53321,journal_issn,0042-9084,0.4000,jellyfish
13601,journal_issn,0007-0963,1.0000,jellyfish
668310,journal_issn,1176-1998,0.8000,jellyfish
282987,journal_issn,1469-493X,1.0000,jellyfish
478292,journal_issn,0948-3164,1.0000,jellyfish
43736,journal_issn,0913-1,0.6000,jellyfish
82614,journal_issn,1940-6215,1.0000,jellyfish
163526,journal_issn,1528-1092,0.6000,jellyfish
514411,journal_issn,1432-086X,1.0000,jellyfish
569841,journal_issn,1527-7755,1.0000,jellyfish
6207,journal_issn,0947-4165,0.4000,jellyfish
21910,journal_issn,1916-9736,1.0000,jellyfish
378490,journal_issn,1550-5994,0.8000,jellyfish
971878,journal_issn,0744-5418,0.2000,jellyfish
793918,journal_issn,1932-6203,1.0000,jellyfish
819166,journal_issn,1526-5161,1.0000,jellyfish
880881,journal_issn,1598-9992,1.0000,jellyfish
629530,journal_issn,0195-668X,1.0000,jellyfish
954388,journal_issn,0000-0000,1.0000,jellyfish
379737,journal_issn,1234-5678,1.0000,jellyfish
676042,journal_issn,1532-8511,1.0000,jellyfish
353972,journal_issn,1745-0128,0.4000,jellyfish
968125,journal_issn,0025-7931,1.0000,jellyfish
660168,journal_issn,1529-5471,0.4000,jellyfish
732534,journal_issn,0891-6210,0.8000,jellyfish
473026,journal_issn,1471-2473,0.8000,jellyfish
372175,journal_issn,0360-3016,1.0000,jellyfish
110072,journal_issn,1559-7016,1.0000,jellyfish
330553,journal_issn,0175-3851,1.0000,jellyfish
23215,journal_issn,1557-2625,1.0000,jellyfish
719532,journal_issn,0378-7788,1.0000,jellyfish
86421,journal_issn,1538-7445,1.0000,jellyfish
433667,journal_issn,1 345-6789,0.4000,jellyfish
530323,journal_issn,1469-493X,1.0000,jellyfish
102893,journal_issn,1095-1550,0.8000,jellyfish
864817,journal_issn,0744-7435,0.4000,jellyfish
217725,journal_issn,10.1016/j.bone.2005.02.012,0.2500,jellyfish
730822,journal_issn,0035-8843,1.0000,jellyfish
659297,journal_issn,1537-7385,1.0000,jellyfish
42247,journal_issn,0028-3547,0.2000,jellyfish
302969,journal_issn,1-3-4-5-6-7-8-9-10-11-12-13-14-15-16-17-,0.6000,jellyfish
158672,journal_issn,0098-1354,1.0000,jellyfish
616298,journal_issn,0959-2605,1.0000,jellyfish
221086,journal_issn,1234-5678,1.0000,jellyfish
548616,journal_issn,0-8077-4913-3,1.0000,jellyfish
669596,journal_issn,1433-7347,1.0000,jellyfish
474288,journal_issn,1879-9390,0.4000,jellyfish
108424,journal_issn,0960-8923,1.0000,jellyfish
841679,journal_issn,0943-0727,0.4000,jellyfish
173830,journal_issn,0091-6749,0.6000,jellyfish
852927,journal_issn,1756-9966,1.0000,jellyfish
237623,journal_issn,1752-8526,1.0000,jellyfish
912884,journal_issn,0743-4154,0.8000,jellyfish
318931,journal_issn,1139-6121,1.0000,jellyfish
93659,journal_issn,1001-5515,1.0000,jellyfish
349150,journal_issn,1082-3069,0.8000,jellyfish
572010,journal_issn,0008-543X,1.0000,jellyfish
826030,journal_issn,1471-4831,0.4000,jellyfish
34962,journal_issn,0348-2708,0.6000,jellyfish
574309,journal_issn,0041-1337,1.0000,jellyfish
200077,journal_issn,0377-4929,1.0000,jellyfish
421512,journal_issn,001-002,0.2000,jellyfish
715052,journal_issn,1-1-11,0.4000,jellyfish
172966,journal_issn,0929-693X,1.0000,jellyfish
140274,journal_issn,None provided. Please provide the corrected value for the attribute journal_issn.,0.4000,jellyfish
282039,journal_issn,0041-1132,1.0000,jellyfish
835177,journal_issn,0961-5423,0.4000,jellyfish
519732,journal_issn,0962-2802,1.0000,jellyfish
761104,journal_issn,1553-9318,1.0000,jellyfish
408062,journal_issn,1699-7980,1.0000,jellyfish
889481,journal_issn,0605-235X,0.2000,jellyfish
894596,journal_issn,978-1-901972-42-8,0.4000,jellyfish
604985,journal_issn,1556-9039,1.0000,jellyfish
220950,journal_issn,1/1/12,1.0000,jellyfish
770196,journal_issn,0020-7292,1.0000,jellyfish
914468,journal_issn,0210-0010,1.0000,jellyfish
346326,journal_issn,1558-2027,1.0000,jellyfish
612846,journal_issn,1776-2588,1.0000,jellyfish
282053,journal_issn,1462-2203,1.0000,jellyfish
870257,journal_issn,0148-8376 1540-7314,1.0000,jellyfish
417578,journal_issn,1088-0224,1.0000,jellyfish
949067,journal_issn,1742-5255,0.8000,jellyfish
931323,journal_issn,1045-4111,0.8000,jellyfish
752456,journal_issn,0022-0345,1.0000,jellyfish
377284,journal_issn,0193-1849,1.0000,jellyfish
420138,journal_issn,0747-3016,0.6000,jellyfish
444273,journal_issn,1-3,0.8000,jellyfish
816680,journal_issn,1612-4782,1.0000,jellyfish
491006,journal_issn,1522-4868,0.3333,jellyfish
628299,journal_issn,1556-5653,1.0000,jellyfish
72089,journal_issn,1432-0843,1.0000,jellyfish
847287,journal_issn,1057-9249,1.0000,jellyfish
764224,journal_issn,1234-5678,1.0000,jellyfish
591619,journal_issn,1545-8281,0.4000,jellyfish
125072,journal_issn,1471-4892,1.0000,jellyfish
255432,journal_issn,1469-493X,1.0000,jellyfish
689284,journal_issn,1436-3465,1.0000,jellyfish
781141,journal_issn,2044-6055,1.0000,jellyfish
148787,journal_issn,1 15 3,0.2000,jellyfish
779281,journal_issn,0143-991X,1.0000,jellyfish
684757,journal_issn,0315-162X,1.0000,jellyfish
447382,journal_issn,None provided,1.0000,jellyfish
585766,journal_issn,0021-8987,1.0000,jellyfish
185291,journal_issn,1544-2895,0.3333,jellyfish
886237,journal_issn,2115-7863(Electronic);2115-8789(Print) -> 2115-7863(Electronic);2115-8789,0.8000,jellyfish
954493,journal_issn,0000-0000,0.8000,jellyfish
922646,journal_issn,1170-1185,0.4000,jellyfish
843485,journal_issn,1183-3503,0.4000,jellyfish
668845,journal_issn,1471-2458,1.0000,jellyfish
863844,journal_issn,1936-2625,1.0000,jellyfish
946006,journal_issn,1048-891X,0.8000,jellyfish
36429,journal_issn,0418-2808,0.4000,jellyfish
259367,journal_issn,1-1234-5678,0.4000,jellyfish
977276,journal_issn,1840-0132 1840-2445 (electronic) -> 1840-0132 1840-2445 (electronic),0.6000,jellyfish
369578,journal_issn,1051-0443,1.0000,jellyfish
772616,journal_issn,0948-3667,0.4000,jellyfish
334681,journal_issn,1259-1076,0.8000,jellyfish
757463,journal_issn,0748-1190,0.2000,jellyfish
465176,journal_issn,1-3,0.4000,jellyfish
368072,journal_issn,0743-1108,0.8000,jellyfish
812893,journal_issn,0743-1488,0.8000,jellyfish
380945,journal_issn,1079-5006,1.0000,jellyfish
513829,journal_issn,1432-2161,1.0000,jellyfish
862798,journal_issn,0965-2000,0.6000,jellyfish
316632,journal_issn,1 1195-8175,0.2000,jellyfish
38413,journal_issn,1303-3296,0.6667,jellyfish
595469,journal_issn,1041-4434,0.8000,jellyfish
49698,journal_issn,1045-2852,0.3333,jellyfish
900624,journal_issn,1471-3953,0.2000,jellyfish
246528,journal_issn,0266-7681,1.0000,jellyfish
347144,journal_issn,1540-8167,1.0000,jellyfish
269313,journal_issn,None provided,0.5000,jellyfish
267879,journal_issn,1381-4788,1.0000,jellyfish
224232,journal_issn,0017-5749,1.0000,jellyfish
62306,journal_issn,0363-6771,0.6000,jellyfish
182986,journal_issn,0956-7135,1.0000,jellyfish
663994,journal_issn,1873-3514,1.0000,jellyfish
520771,journal_issn,0028-2162,1.0000,jellyfish
754594,journal_issn,1/5/99,0.5000,jellyfish
817046,journal_issn,0090-1396-0X,1.0000,jellyfish
736183,journal_issn,1424-7860,1.0000,jellyfish
963532,journal_issn,0363-6135,0.6000,jellyfish
131820,journal_issn,1092-8529,1.0000,jellyfish
704093,journal_issn,1040-0118,0.4000,jellyfish
912377,journal_issn,1790-8019,1.0000,jellyfish
203935,journal_issn,1055-3171,0.8000,jellyfish
68354,journal_issn,2249-782X,1.0000,jellyfish
259916,journal_issn,None provided,1.0000,jellyfish
199407,journal_issn,22101481,1.0000,jellyfish
790756,journal_issn,0927-3972,1.0000,jellyfish
592893,journal_issn,1042-2458,0.4000,jellyfish
232775,journal_issn,1938-817X,0.2000,jellyfish
631610,journal_issn,1751-7311,1.0000,jellyfish
901298,journal_issn,1305 5853,0.4000,jellyfish
456691,journal_issn,1-3,1.0000,jellyfish
429995,journal_issn,0742-3071,1.0000,jellyfish
709359,journal_issn,1234-5678,0.6000,jellyfish
690938,journal_issn,1532-4281,1.0000,jellyfish
910604,journal_issn,0393-5264,0.8000,jellyfish
730191,journal_issn,0362-3536,0.6000,jellyfish
42135,journal_issn,0077-8923,1.0000,jellyfish
835178,journal_issn,0027-8923,0.8000,jellyfish
335521,journal_issn,1930-7381,1.0000,jellyfish
22708,journal_issn,0273-1223,0.6000,jellyfish
704111,journal_issn,1938-2367,1.0000,jellyfish
804762,journal_issn,0390-6078,1.0000,jellyfish
657210,journal_issn,1467-9450,1.0000,jellyfish
431896,journal_issn,10.1097/MED.0000000000000034,0.2000,jellyfish
929252,journal_issn,0954-0121,1.0000,jellyfish
821382,journal_issn,0743-1932,0.2000,jellyfish
961741,journal_issn,0744-2800,1.0000,jellyfish
925885,journal_issn,1078-6791,1.0000,jellyfish
717315,journal_issn,2158-0979,1.0000,jellyfish
967781,journal_issn,0033-8389,1.0000,jellyfish
928952,journal_issn,1090-1981,1.0000,jellyfish
225002,journal_issn,0090-4481,1.0000,jellyfish
550350,journal_issn,0741-2333,0.4000,jellyfish
622979,journal_issn,1460-2105,1.0000,jellyfish
501663,journal_issn,1440-2440,1.0000,jellyfish
48738,journal_issn,1535-6110,0.2000,jellyfish
143029,journal_issn,1434-4726,1.0000,jellyfish
667611,journal_issn,1471-2288,1.0000,jellyfish
565079,journal_issn,1528-1140,1.0000,jellyfish
348006,journal_issn,0887-3118,0.4000,jellyfish
55412,journal_issn,1129-2377,1.0000,jellyfish
546048,journal_issn,ISSN,0.2000,jellyfish
979292,journal_issn,0264-0414,1.0000,jellyfish
971456,journal_issn,0924-8035,0.6000,jellyfish
533193,journal_issn,1460-2385,1.0000,jellyfish
970436,journal_issn,1096-0023,1.0000,jellyfish
464335,journal_issn,1-12345678,0.4000,jellyfish
417782,journal_issn,1525-7368,0.4000,jellyfish
979059,journal_issn,1097-4598,1.0000,jellyfish
661572,journal_issn,0149-7843,0.2000,jellyfish
132901,journal_issn,0340-0131,1.0000,jellyfish
245822,journal_issn,0041-5782,1.0000,jellyfish
440401,journal_issn,1-3,0.6000,jellyfish
77389,journal_issn,1879-0461,1.0000,jellyfish
592817,journal_issn,1936-5530,0.2000,jellyfish
169270,journal_issn,0034-1102,1.0000,jellyfish
288711,journal_issn,1462-8910,1.0000,jellyfish
184949,journal_issn,"Please note that the provided record does not contain the attribute 'journal_issn'. Therefore, it is not possible to correct a value for this attribute. However",0.2500,jellyfish
833251,journal_issn,0022-006X,0.6000,jellyfish
470174,journal_issn,0895-6111,1.0000,jellyfish
315926,journal_issn,1234-5678,0.5000,jellyfish
901385,journal_issn,0741-5705,0.6000,jellyfish
787529,journal_issn,0956-7524,0.6000,jellyfish
431348,journal_issn,10.2363/1506-4142,0.2000,jellyfish
441393,journal_issn,1-3,1.0000,jellyfish
481882,journal_issn,1945-7170,1.0000,jellyfish
572425,journal_issn,0277-3732,1.0000,jellyfish
581864,journal_issn,1555-7855,1.0000,jellyfish
455406,journal_issn,1-52-4,0.4000,jellyfish
696362,journal_issn,009-5-755,0.2000,jellyfish
504206,journal_issn,1532-2939,1.0000,jellyfish
800900,journal_issn,1532-1916,1.0000,jellyfish
235689,journal_issn,002-9378,0.6000,jellyfish
659896,journal_issn,0146-187X,1.0000,jellyfish
84944,journal_issn,0019-7071,0.4000,jellyfish
326944,journal_issn,1567-5688,1.0000,jellyfish
922795,journal_issn,4/8/7-9/0/3/2,0.2000,jellyfish
768486,journal_issn,2044-6055,1.0000,jellyfish
428363,journal_issn,0933-7407,1.0000,jellyfish
519287,journal_issn,1471-2474,1.0000,jellyfish
638918,journal_issn,1433-2981,1.0000,jellyfish
111336,journal_issn,2044-6055,1.0000,jellyfish
747279,journal_issn,1873-1465,1.0000,jellyfish
674696,journal_issn,1662-8063,1.0000,jellyfish
258108,journal_issn,1559-5029,0.2000,jellyfish
59308,journal_issn,1469-7661,1.0000,jellyfish
610641,journal_issn,1982-4335,0.6000,jellyfish
631704,journal_issn,1879-0038,1.0000,jellyfish
846537,journal_issn,1088-0224,1.0000,jellyfish
973076,journal_issn,0743-5472,0.4000,jellyfish
931402,journal_issn,1049-2089,1.0000,jellyfish
908690,journal_issn,1475-925X,1.0000,jellyfish
417373,journal_issn,1088-3371,1.0000,jellyfish
759329,journal_issn,0090-0028,1.0000,jellyfish
386327,journal_issn,1467-1107,1.0000,jellyfish
695010,journal_issn,1672-0733,1.0000,jellyfish
191908,journal_issn,0143-005X,1.0000,jellyfish
384767,journal_issn,1530-0293,1.0000,jellyfish
855912,journal_issn,001-10-001-10-001-10-001-10-001-10-001-10-001-10-001-10-,1.0000,jellyfish
710727,journal_issn,1096-4657,1.0000,jellyfish
625016,journal_issn,0340-2592,1.0000,jellyfish
275675,journal_issn,0148-3644,0.4000,jellyfish
967376,journal_issn,0935-0348,0.4000,jellyfish
640230,journal_issn,1075-2730,1.0000,jellyfish
625663,journal_issn,0140-1649,0.2000,jellyfish
480649,journal_issn,1525-5647,0.2000,jellyfish
782541,journal_issn,15692985,0.6000,jellyfish
692358,journal_issn,1383-2054,0.4000,jellyfish
836847,journal_issn,0965-9565,0.2000,jellyfish
867207,journal_issn,0042-9007,1.0000,jellyfish
253149,journal_issn,0957-1166 0007-1165,0.4000,jellyfish
929971,journal_issn,0091-0562,1.0000,jellyfish
470385,journal_issn,4 3 2 1 3 9 5 5 6 8 0 6,0.2000,jellyfish
731703,journal_issn,"Please note that the provided record does not contain a valid journal_issn value. Therefore, I will not repeat the current value but instead provide the corrected value",0.3333,jellyfish
113399,journal_issn,001-1234,0.2000,jellyfish
685178,journal_issn,1535-7613,0.6000,jellyfish
653325,journal_issn,1879-1379,1.0000,jellyfish
893573,journal_issn,978-1-4503-3459-4,1.0000,jellyfish
56272,journal_issn,1526-632X,1.0000,jellyfish
737786,journal_issn,0901-5027,1.0000,jellyfish
680306,journal_issn,64 3-569X,0.2000,jellyfish
53877,journal_issn,1534-6665,0.2000,jellyfish
504928,journal_issn,1471-2474,0.4000,jellyfish
198650,journal_issn,000-0000,0.6000,jellyfish
671386,journal_issn,1754-9485,1.0000,jellyfish
981412,journal_issn,1093-0303,0.4000,jellyfish
785472,journal_issn,1932-6203,1.0000,jellyfish
734077,journal_issn,1111-1111,0.8000,jellyfish
46028,journal_issn,0301-5548,1.0000,jellyfish
743129,journal_issn,2072-6643,1.0000,jellyfish
392246,journal_issn,1473-0502,1.0000,jellyfish
904889,journal_issn,1749-8546,1.0000,jellyfish
360147,journal_issn,1573-3955 1875-631X,0.6000,jellyfish
670289,journal_issn,1423-0380,1.0000,jellyfish
821702,journal_issn,1525-3465,0.6000,jellyfish
188890,journal_issn,0300-8878,1.0000,jellyfish
321660,journal_issn,1 38 2 5 9 7 3,0.2000,jellyfish
427455,journal_issn,1532-8201,1.0000,jellyfish
246204,journal_issn,4-3-4-3/4,0.2000,jellyfish
857402,journal_issn,1089-7690,1.0000,jellyfish
704357,journal_issn,0949-2658,1.0000,jellyfish
716785,journal_issn,1234-5678,0.8000,jellyfish
746065,journal_issn,0048-7848,0.6000,jellyfish
738322,journal_issn,0030-1876,0.4000,jellyfish
934177,journal_issn,"Please provide the corrected value for the attribute journal_issn. If the current value is already correct, repeat it exactly unchanged.",0.2000,jellyfish
351534,journal_issn,0744-1939,0.8000,jellyfish
872389,journal_issn,0017-5749,1.0000,jellyfish
499983,journal_issn,1097-1324,0.4000,jellyfish
452432,journal_issn,Please provide the corrected value for the attribute journal_issn.,0.4000,jellyfish
320139,journal_issn,978-1-55581-933-4,0.4000,jellyfish
735083,journal_issn,1439-6327,1.0000,jellyfish
978471,journal_issn,1-1-03,0.2000,jellyfish
152626,journal_issn,1028-4559,1.0000,jellyfish
90272,journal_issn,1527-1315,1.0000,jellyfish
776651,journal_issn,None provided. Please provide the corrected value for the attribute journal_issn.,0.3333,jellyfish
931361,journal_issn,1525-8460,0.8000,jellyfish
623358,journal_issn,0144-6665,1.0000,jellyfish
385940,journal_issn,1467-1107,1.0000,jellyfish
951168,journal_issn,0778-4120,0.4000,jellyfish
515254,journal_issn,0250-832X,0.8000,jellyfish
674623,journal_issn,1575-3474,0.8000,jellyfish
226419,journal_issn,1432-1262,1.0000,jellyfish
178078,journal_issn,1234-5678,1.0000,jellyfish
453637,journal_issn,1-3,0.6000,jellyfish
57483,journal_issn,1074-7931,0.8000,jellyfish
462849,journal_issn,1-3,0.8000,jellyfish
338547,journal_issn,1744-7623,1.0000,jellyfish
438808,journal_issn,1-415-1111-1111-1,0.4000,jellyfish
352040,journal_issn,1539-9736,0.6000,jellyfish
887131,journal_issn,1179-1969,1.0000,jellyfish
182296,journal_issn,1/1/06,0.8000,jellyfish
524073,journal_issn,0109-2502,1.0000,jellyfish
348813,journal_issn,1047-9511,1.0000,jellyfish
427933,journal_issn,1078-7438,0.6000,jellyfish
6862,journal_issn,"Please note that the provided record does not contain the attribute 'journal_issn' but instead contains a list of ClinicalTrials.gov identifiers. Therefore, it",0.2500,jellyfish
853676,journal_issn,1466-4860,1.0000,jellyfish
556116,journal_issn,0009-2103,0.4000,jellyfish
734870,journal_issn,1099-1166,1.0000,jellyfish
540850,journal_issn,0945-9496,0.4000,jellyfish
465756,journal_issn,1-3,1.0000,jellyfish
762269,journal_issn,0353-9466,1.0000,jellyfish
441902,journal_issn,1-23,0.2000,jellyfish
950233,journal_issn,1360-7863,1.0000,jellyfish
621415,journal_issn,0091-7435,1.0000,jellyfish
633877,journal_issn,1463-1318,1.0000,jellyfish
756208,journal_issn,1539-6304,1.0000,jellyfish
97853,journal_issn,10.1296/xxxx-xxxx,0.3333,jellyfish
720775,journal_issn,0020-7640,1.0000,jellyfish
294439,journal_issn,0012-835X,1.0000,jellyfish
375430,journal_issn,1234-5678,0.8000,jellyfish
689666,journal_issn,1471-2407,1.0000,jellyfish
896848,journal_issn,1438-8359,0.6000,jellyfish
231182,journal_issn,0744-3795,0.2000,jellyfish
232896,journal_issn,1873-5126,1.0000,jellyfish
798716,journal_issn,0041-4301,0.8000,jellyfish
704812,journal_issn,1089-0123,0.6000,jellyfish
203084,journal_issn,0942-1022,0.4000,jellyfish
81959,journal_issn,1442-2050,1.0000,jellyfish
235924,journal_issn,0750-7658,1.0000,jellyfish
291020,journal_issn,0022-4707,1.0000,jellyfish
408188,journal_issn,1090-2422,1.0000,jellyfish
283460,journal_issn,1545-2028,0.2000,jellyfish
563505,journal_issn,2314-6141,1.0000,jellyfish
761676,journal_issn,1750-497X,1.0000,jellyfish
923043,journal_issn,0021-4892,1.0000,jellyfish
248075,journal_issn,0020-1383,1.0000,jellyfish
313030,journal_issn,1198-8171,0.4000,jellyfish
885384,journal_issn,0007-0912,1.0000,jellyfish
361906,journal_issn,1538-3591,0.8000,jellyfish
180827,journal_issn,0301-4215,1.0000,jellyfish
723057,journal_issn,2043-9178,0.8000,jellyfish
894502,journal_issn,1532-7868,0.2000,jellyfish
793410,journal_issn,0172-6390,1.0000,jellyfish
816944,journal_issn,1096-7076,0.4000,jellyfish
632040,journal_issn,1932-6203,1.0000,jellyfish
752280,journal_issn,0098-4108,1.0000,jellyfish
716594,journal_issn,1234-5678,0.4000,jellyfish
919751,journal_issn,1526-7598,1.0000,jellyfish
60309,journal_issn,0092-8240,1.0000,jellyfish
757176,journal_issn,0023-7778,0.8000,jellyfish
261329,journal_issn,000-0000-0000,0.4000,jellyfish
615903,journal_issn,1470-5313,0.8000,jellyfish
169524,journal_issn,0268-9894,0.4000,jellyfish
178424,journal_issn,1/1/07,0.4000,jellyfish
716357,journal_issn,0743-9547,0.2000,jellyfish
448010,journal_issn,1. 1558-2004,0.2000,jellyfish
788729,journal_issn,1060-0280,1.0000,jellyfish
624354,journal_issn,1170-7690,0.2000,jellyfish
112716,journal_issn,0744-1939,0.6000,jellyfish
881020,journal_issn,0214-1221,1.0000,jellyfish
605643,journal_issn,1234-5678,1.0000,jellyfish
5782,journal_issn,1182-2190,0.6000,jellyfish
852332,journal_issn,1469-0756,0.6000,jellyfish
343395,journal_issn,1827-1618,1.0000,jellyfish
826830,journal_issn,1526-7598,1.0000,jellyfish
905100,journal_issn,0975-1491,1.0000,jellyfish
34517,journal_issn,1558-1497,1.0000,jellyfish
771377,journal_issn,2150-1351 (Print) 2150-1351,1.0000,jellyfish
32426,journal_issn,1943-5681,1.0000,jellyfish
722451,journal_issn,0749-6416,0.2000,jellyfish
318542,journal_issn,1545-5333,0.4000,jellyfish
533425,journal_issn,0923-6973,0.2000,jellyfish
854232,journal_issn,0923-7534,1.0000,jellyfish
2842,journal_issn,1947-4893,0.2000,jellyfish
789057,journal_issn,1878-0539,1.0000,jellyfish
205187,journal_issn,1048-1092,0.4000,jellyfish
970712,journal_issn,0949-8083,0.2000,jellyfish
161630,journal_issn,1478-0792,0.2000,jellyfish
583682,journal_issn,1051-1970,1.0000,jellyfish
891722,journal_issn,0012-1649,1.0000,jellyfish
54613,journal_issn,10.1002/cncr.11174,1.0000,jellyfish
450749,journal_issn,NA,0.7500,jellyfish
19086,journal_issn,1097-0142,1.0000,jellyfish
852213,journal_issn,1569-8041,0.6000,jellyfish
475847,journal_issn,0269-2163,1.0000,jellyfish
893664,journal_issn,0160-9289,1.0000,jellyfish
450528,journal_issn,1-11,0.2000,jellyfish
838034,journal_issn,1745-834X 1745-8358,1.0000,jellyfish
119186,journal_issn,0022-0345,1.0000,jellyfish
274083,journal_issn,0306-4603,1.0000,jellyfish
784224,journal_issn,0735-1631,1.0000,jellyfish
260769,journal_issn,1/1/09,1.0000,jellyfish
592831,journal_issn,1042-9517,0.2500,jellyfish
464911,journal_issn,0000-0000,0.4000,jellyfish
369162,journal_issn,1308-0032,1.0000,jellyfish
209896,journal_issn,"Lancet. 176, no. 4537 (1853): 468-493. - https://doi.org/10.1016/S",0.2000,jellyfish
217524,journal_issn,1234-5678,0.4000,jellyfish
694007,journal_issn,0377-208X,0.8000,jellyfish
53319,journal_issn,1234-5678,0.4000,jellyfish
962338,journal_issn,0928-4844,0.6000,jellyfish
972821,journal_issn,1999-01-01 00:00:00,0.8000,jellyfish
587024,journal_issn,0731-4005,0.4000,jellyfish
49274,journal_issn,10.1111/j.1572-0241.2008.02115.x DP  - NLM ET  - 2008/09/,0.8000,jellyfish
687404,journal_issn,1472-6831,1.0000,jellyfish
858569,journal_issn,0021-9533,1.0000,jellyfish
982590,journal_issn,1532-4658,0.4000,jellyfish
853882,journal_issn,0007-0920,1.0000,jellyfish
743989,journal_issn,1527-4511,0.8000,jellyfish
71263,journal_issn,2213-6541,1.0000,jellyfish
111970,journal_issn,1558-2035,1.0000,jellyfish
941646,journal_issn,1592-1107,1.0000,jellyfish
397190,journal_issn,1059-0832,1.0000,jellyfish
98562,journal_issn,1751-7176,1.0000,jellyfish
56014,journal_issn,1662-5161,1.0000,jellyfish
911271,journal_issn,1558-170X,0.8000,jellyfish
565528,journal_issn,1529-1092,0.6000,jellyfish
951143,journal_issn,1050-3157,0.4000,jellyfish
658707,journal_issn,0021-9868,1.0000,jellyfish
84905,journal_issn,1467-7891,1.0000,jellyfish
891370,journal_issn,1520-9156,1.0000,jellyfish
697286,journal_issn,1178-1721,0.8000,jellyfish
819701,journal_issn,0019-5499,1.0000,jellyfish
855099,journal_issn,2098-3915,0.2000,jellyfish
123492,journal_issn,1234-5678,1.0000,jellyfish
226966,journal_issn,1433-3023,1.0000,jellyfish
850788,journal_issn,0744-3016,0.4000,jellyfish
811354,journal_issn,0033-2727,0.6000,jellyfish
323305,journal_issn,0104-1169,1.0000,jellyfish
485934,journal_issn,0340-6245,1.0000,jellyfish
743602,journal_issn,1475-2727,0.8000,jellyfish
960371,journal_issn,0965-932X,0.4000,jellyfish
944668,journal_issn,1178-7090,1.0000,jellyfish
873987,journal_issn,2684-6958,0.8000,jellyfish
968211,journal_issn,0023-6837,1.0000,jellyfish
299635,journal_issn,1356-7500,1.0000,jellyfish
846319,journal_issn,1474-5472,0.4000,jellyfish
263027,journal_issn,1234-5678,1.0000,jellyfish
788168,journal_issn,1090-1981,1.0000,jellyfish
146560,journal_issn,1527-5418,1.0000,jellyfish
498344,journal_issn,1095-9203,1.0000,jellyfish
385772,journal_issn,1687-9627,1.0000,jellyfish
917417,journal_issn,2005-7563,1.0000,jellyfish
517503,journal_issn,1361-6560,1.0000,jellyfish
72325,journal_issn,1538-2718,1.0000,jellyfish
516758,journal_issn,0018-9499,1.0000,jellyfish
85920,journal_issn,1696-3547,1.0000,jellyfish
145874,journal_issn,1651-2006,1.0000,jellyfish
888553,journal_issn,1462-0324,1.0000,jellyfish
889580,journal_issn,0304-3959,1.0000,jellyfish
732272,journal_issn,1070-3004,1.0000,jellyfish
351877,journal_issn,0964-9647,0.6000,jellyfish
276000,journal_issn,0964-4563,1.0000,jellyfish
378289,journal_issn,0862-8408,1.0000,jellyfish
684476,journal_issn,1873-1465,1.0000,jellyfish
467344,journal_issn,1 38 2 5,0.2000,jellyfish
39687,journal_issn,1-3,0.6000,jellyfish
697880,journal_issn,1535-6592,0.4000,jellyfish
179093,journal_issn,1234-5678,1.0000,jellyfish
539034,journal_issn,1522-9645,1.0000,jellyfish
208435,journal_issn,1433-7347,1.0000,jellyfish
556624,journal_issn,1098-4091,0.4000,jellyfish
36253,journal_issn,0046-7167,1.0000,jellyfish
422857,journal_issn,310,0.4000,jellyfish
720372,journal_issn,978-0-7918-4926-2,1.0000,jellyfish
863342,journal_issn,4/2/3-4/8/5,0.4000,jellyfish
260745,journal_issn,1525-6,0.6667,jellyfish
941515,journal_issn,1470-2168,1.0000,jellyfish
641972,journal_issn,1603-6824,1.0000,jellyfish
699523,journal_issn,1-3,0.4000,jellyfish
946112,journal_issn,0895-2841,1.0000,jellyfish
958639,journal_issn,0779-0123,1.0000,jellyfish
850418,journal_issn,0428-8246,1.0000,jellyfish
125302,journal_issn,0300-9742,1.0000,jellyfish
168889,journal_issn,0894-587X,1.0000,jellyfish
63977,journal_issn,999-9999,0.4000,jellyfish
782211,journal_issn,0747-5632,1.0000,jellyfish
473599,journal_issn,0301-1623,1.0000,jellyfish
915463,journal_issn,0961-5347,0.6000,jellyfish
476199,journal_issn,2005-3711,1.0000,jellyfish
405141,journal_issn,1756-1833,1.0000,jellyfish
213794,journal_issn,0044-3615,0.2000,jellyfish
408902,journal_issn,1542-4869,0.6000,jellyfish
89897,journal_issn,2168-619X,1.0000,jellyfish
187552,journal_issn,0301-4851,1.0000,jellyfish
144339,journal_issn,1941-2703,1.0000,jellyfish
656518,journal_issn,1470-2738,1.0000,jellyfish
925315,journal_issn,0379-6235,0.2000,jellyfish
130308,journal_issn,0775-3503,0.2000,jellyfish
237077,journal_issn,0969-4900,1.0000,jellyfish
600827,journal_issn,1469-493X,1.0000,jellyfish
851773,journal_issn,1532-5053,1.0000,jellyfish
67292,journal_issn,1083-351X,1.0000,jellyfish
129698,journal_issn,0366-6999,1.0000,jellyfish
254327,journal_issn,0962-7480,1.0000,jellyfish
556803,journal_issn,1934-4702,0.2000,jellyfish
73792,journal_issn,1872-7077,1.0000,jellyfish
484593,journal_issn,1558-2027,0.8000,jellyfish
351700,journal_issn,00:00:00,0.2500,jellyfish
105981,journal_issn,1095-9203,1.0000,jellyfish
408198,journal_issn,0306-4522,1.0000,jellyfish
30272,journal_issn,1090-2430,1.0000,jellyfish
623367,journal_issn,0196-0644,1.0000,jellyfish
13408,journal_issn,1911-4186,1.0000,jellyfish
449003,journal_issn,1. 0012-4444,0.2500,jellyfish
299297,journal_issn,0160-6379,1.0000,jellyfish
302268,journal_issn,1234-5678,0.8000,jellyfish
592663,journal_issn,1234-5678,0.4000,jellyfish
520843,journal_issn,0361-803X,1.0000,jellyfish
460786,journal_issn,1-10,0.4000,jellyfish
866131,journal_issn,1062-8401,1.0000,jellyfish
751811,journal_issn,1468-5833 (Electronic),0.2000,jellyfish
436781,journal_issn,1-38,0.4000,jellyfish
796900,journal_issn,1462-0324,0.6000,jellyfish
491837,journal_issn,10.1097/01.WNF.0000154429.31544.8F,0.2000,jellyfish
893227,journal_issn,1-2-3-4-5-6-7-8-9-10-11-12-13-14-15-16-,0.2000,jellyfish
525874,journal_issn,0022-5347,1.0000,jellyfish
26475,journal_issn,1464-5165,1.0000,jellyfish
476191,journal_issn,1532-8511,1.0000,jellyfish
719389,journal_issn,0899-8256,1.0000,jellyfish
467318,journal_issn,1-2-3-4-5-6-7-8-9-10-11-12-13-14-15-16-,0.4000,jellyfish
268361,journal_issn,0021-9355,0.4000,jellyfish
664795,journal_issn,1432-1335,1.0000,jellyfish
102180,journal_issn,1476-6773,0.4000,jellyfish
258486,journal_issn,1544-0114,0.6000,jellyfish
961081,journal_issn,1520-7714,1.0000,jellyfish
52681,journal_issn,1234-5678,0.6000,jellyfish
828156,journal_issn,0145-6008,1.0000,jellyfish
812757,journal_issn,1017-7833,1.0000,jellyfish
713518,journal_issn,1981-8963,1.0000,jellyfish
180977,journal_issn,1047-2768,0.4000,jellyfish
828214,journal_issn,1472-1465,1.0000,jellyfish
176160,journal_issn,1/1/11,0.8000,jellyfish
677752,journal_issn,1248-9204,1.0000,jellyfish
107417,journal_issn,1470-5008,0.4000,jellyfish
141282,journal_issn,0921-4488,1.0000,jellyfish
708911,journal_issn,1234-5678,0.6000,jellyfish
621640,journal_issn,1041-6102,1.0000,jellyfish
647583,journal_issn,1806-3756,1.0000,jellyfish
361080,journal_issn,0884-2175,1.0000,jellyfish
283168,journal_issn,0743-4715,0.4000,jellyfish
52633,journal_issn,"Please provide the corrected value for the attribute journal_issn. If the current value is already correct, repeat it exactly unchanged. Otherwise, provide the corrected value",0.2000,jellyfish
74821,journal_issn,1423-0380,1.0000,jellyfish
373015,journal_issn,0353-9504,1.0000,jellyfish
529562,journal_issn,1747-4949,1.0000,jellyfish
574242,journal_issn,1879-0844,0.6000,jellyfish
966388,journal_issn,1976-2437,1.0000,jellyfish
919014,journal_issn,1592-7830,1.0000,jellyfish
494428,journal_issn,1936-2217,0.6000,jellyfish
55809,journal_issn,1433-0350,1.0000,jellyfish
368651,journal_issn,1234-5678,0.6000,jellyfish
423691,journal_issn,1527-1362,0.2000,jellyfish
435904,journal_issn,1 37 2 5 9 8 6 3 7 9 5 3 0 8 9 7,0.2000,jellyfish
407245,journal_issn,1532-821X,1.0000,jellyfish
918698,journal_issn,1365-2346,1.0000,jellyfish
209138,journal_issn,0268-0033,1.0000,jellyfish
862844,journal_issn,1462-2416,1.0000,jellyfish
875733,journal_issn,0041-4760,0.6000,jellyfish
587683,journal_issn,1543-2072,0.6000,jellyfish
927711,journal_issn,0143-005X,1.0000,jellyfish
313584,journal_issn,0000-0000,1.0000,jellyfish
161847,journal_issn,1472-6483,0.3333,jellyfish
543292,journal_issn,978-1-234-56789-0,0.4000,jellyfish
248064,journal_issn,0949-2658,1.0000,jellyfish
887041,journal_issn,1447-0594,1.0000,jellyfish
314737,journal_issn,1234-5678,0.2000,jellyfish
709094,journal_issn,1-1-1-1-1-1-1-1-1-1-1-1-1-1-1-1-,0.6000,jellyfish
327157,journal_issn,1045-2105,0.6000,jellyfish
793206,journal_issn,1939-165X,1.0000,jellyfish
361682,journal_issn,1045-3114,0.6000,jellyfish
732256,journal_issn,0042-9686,0.4000,jellyfish
636937,journal_issn,1935-2735,1.0000,jellyfish
743394,journal_issn,1873-7064,1.0000,jellyfish
592201,journal_issn,1 38 2 5 9 7 3 1 8 9 6 4 0 0 0 0,0.5000,jellyfish
914007,journal_issn,0013-9023,0.2000,jellyfish
208824,journal_issn,0167-2789,1.0000,jellyfish
759501,journal_issn,0044-2631,1.0000,jellyfish
506162,journal_issn,0392-9590,1.0000,jellyfish
372697,journal_issn,0268-960X,1.0000,jellyfish
609245,journal_issn,1077-1188,0.6000,jellyfish
584706,journal_issn,0148-9165,1.0000,jellyfish
822897,journal_issn,93-**93**-**93**-**93**-**93**-**93**-**93**-**93**-**93,0.4000,jellyfish
145770,journal_issn,1522-726X,1.0000,jellyfish
24026,journal_issn,1476-5327,0.4000,jellyfish
44484,journal_issn,0903-1936,1.0000,jellyfish
379988,journal_issn,1234-5678,1.0000,jellyfish
333862,journal_issn,0737-1209,1.0000,jellyfish
779555,journal_issn,1494-7322,0.2000,jellyfish
323860,journal_issn,0966-3622,1.0000,jellyfish
646572,journal_issn,1439-4413,1.0000,jellyfish
128182,journal_issn,1522-4868,0.5000,jellyfish
252998,journal_issn,0022-3956,1.0000,jellyfish
231933,journal_issn,095 828 8,0.4000,jellyfish
683304,journal_issn,0161-8105,1.0000,jellyfish
854628,journal_issn,0910-5050,1.0000,jellyfish
117678,journal_issn,0022-0345,1.0000,jellyfish
795170,journal_issn,1753-4666,1.0000,jellyfish
783722,journal_issn,1525-1098,0.6000,jellyfish
376103,journal_issn,1/1/11,0.8000,jellyfish
505530,journal_issn,Please provide the corrected value of the attribute journal_issn.,0.2500,jellyfish
868618,journal_issn,0378-584X,1.0000,jellyfish
503451,journal_issn,1462-0324,1.0000,jellyfish
113363,journal_issn,1-10-10,0.2000,jellyfish
944558,journal_issn,1256-1234 (Print) 1256-1234,0.8000,jellyfish
875250,journal_issn,1523-5378,1.0000,jellyfish
786108,journal_issn,0390-6078,1.0000,jellyfish
233544,journal_issn,1440-1584,1.0000,jellyfish
163093,journal_issn,1923-1118,0.6000,jellyfish
31763,journal_issn,1520-4804,1.0000,jellyfish
949775,journal_issn,1540-9996,1.0000,jellyfish
847600,journal_issn,1525-1446,1.0000,jellyfish
638338,journal_issn,1524-4539,1.0000,jellyfish
14077,journal_issn,0785-4108,0.2000,jellyfish
453607,journal_issn,1-11-12-13-14-15-16-17-18-19-20-21-22-23-24-25-,0.4000,jellyfish
690793,journal_issn,1469-896X,1.0000,jellyfish
799604,journal_issn,0889-5406,1.0000,jellyfish
718091,journal_issn,1547-1896,1.0000,jellyfish
935189,journal_issn,0145-7300,0.2000,jellyfish
711472,journal_issn,1063-8652,1.0000,jellyfish
660574,journal_issn,1527-3350,1.0000,jellyfish
873322,journal_issn,1078-6294 (Print)     1078-6294,0.4000,jellyfish
774830,journal_issn,0039-2499,1.0000,jellyfish
768192,journal_issn,1949-8349,0.6000,jellyfish
950926,journal_issn,0360-7283,1.0000,jellyfish
204215,journal_issn,1460-2385,1.0000,jellyfish
129552,journal_issn,1879-0593,1.0000,jellyfish
526825,journal_issn,1524-4628,1.0000,jellyfish
56464,journal_issn,1873-5592,1.0000,jellyfish
20641,journal_issn,1872-6844,1.0000,jellyfish
706764,journal_issn,10.1037/0000-0000,0.6000,jellyfish
388872,journal_issn,0966-8519,1.0000,jellyfish
681305,journal_issn,1932-6203,1.0000,jellyfish
541739,journal_issn,1532-2165,0.2000,jellyfish
558824,journal_issn,1-2-3-4-5-6-7-8-9-10-11-12-13-14-15-16-,0.2000,jellyfish
954980,journal_issn,1672-2531,1.0000,jellyfish
896410,journal_issn,0195-6744,1.0000,jellyfish
751168,journal_issn,1757-1626,1.0000,jellyfish
303571,journal_issn,10.1080/13676767.2022.2022,0.2000,jellyfish
193059,journal_issn,1118-1119,1.0000,jellyfish
416171,journal_issn,1079-1808,0.2000,jellyfish
810153,journal_issn,05 09 33,0.4000,jellyfish
164085,journal_issn,1573-2959,1.0000,jellyfish
619668,journal_issn,1173-0118,0.4000,jellyfish
490750,journal_issn,1-1234-5678,1.0000,jellyfish
136068,journal_issn,1522-4868,0.4000,jellyfish
198675,journal_issn,"None provided. Please provide the corrected value for the attribute journal_issn. If the current value is already correct, repeat it exactly unchanged.",0.2500,jellyfish
316114,journal_issn,1-3-4-5-6-7-8-9-10-11-12-13-14-15-16-17-,0.4000,jellyfish
626797,journal_issn,0096-3445,1.0000,jellyfish
577842,journal_issn,0036-8148,1.0000,jellyfish
811629,journal_issn,1535-6117,0.2000,jellyfish
280418,journal_issn,0268-1153,1.0000,jellyfish
757660,journal_issn,0019-9567,0.8000,jellyfish
54163,journal_issn,0748-7983,0.4000,jellyfish
65723,journal_issn,1557-8550,1.0000,jellyfish
293974,journal_issn,1020-3397,1.0000,jellyfish
247571,journal_issn,0021-9355 (Print) (No correction needed),0.4000,jellyfish
292980,journal_issn,1528-395X,1.0000,jellyfish
160820,journal_issn,0743-3585,0.6000,jellyfish
876536,journal_issn,0924-8673,0.6000,jellyfish
776197,journal_issn,05-0114-0001-0001,0.2000,jellyfish
45797,journal_issn,1473-5725,1.0000,jellyfish
605277,journal_issn,0214-9915,1.0000,jellyfish
749261,journal_issn,1541-0048,1.0000,jellyfish
752305,journal_issn,0146-4760,1.0000,jellyfish
179196,journal_issn,0301-4215,1.0000,jellyfish
150198,journal_issn,1525-0068,0.4000,jellyfish
894415,journal_issn,1213-4567-89,0.2000,jellyfish
187769,journal_issn,1-42-1,0.5000,jellyfish
556090,journal_issn,1440-1843,0.8000,jellyfish
770589,journal_issn,1469-493X,1.0000,jellyfish
450743,journal_issn,1-3,0.6000,jellyfish
157566,journal_issn,2314-6141,0.8000,jellyfish
589465,journal_issn,0021-8987,1.0000,jellyfish
560120,journal_issn,1365-2060,1.0000,jellyfish
107924,journal_issn,0954-3007,1.0000,jellyfish
797967,journal_issn,0022-3514,1.0000,jellyfish
265969,journal_issn,0363-5023,1.0000,jellyfish
820508,journal_issn,0959-3985,1.0000,jellyfish
446026,journal_issn,1-38/49-53,0.2500,jellyfish
84941,journal_issn,1471-2377,1.0000,jellyfish
558766,journal_issn,1545-8282,0.4000,jellyfish
428909,journal_issn,1462-2203,1.0000,jellyfish
110453,journal_issn,1885-642X,1.0000,jellyfish
837546,journal_issn,1053-8135,1.0000,jellyfish
82695,journal_issn,1098-2752,1.0000,jellyfish
820059,journal_issn,0020-7454,1.0000,jellyfish
771288,journal_issn,1470-0328,1.0000,jellyfish
54202,journal_issn,0745-3074,0.8000,jellyfish
888477,journal_issn,0021-7557,1.0000,jellyfish
741279,journal_issn,0948-4704,0.6000,jellyfish
64430,journal_issn,1364-3703,1.0000,jellyfish
461657,journal_issn,1-109,0.8000,jellyfish
240949,journal_issn,"No value provided for the attribute journal_issn. Therefore, the corrected value is: None.",0.2000,jellyfish
453909,journal_issn,1-38-12,0.6000,jellyfish
222452,journal_issn,1234-5678,0.8000,jellyfish
163839,journal_issn,1521-186X,1.0000,jellyfish
696132,journal_issn,1386-4416,1.0000,jellyfish
257990,journal_issn,1522-5323,0.2000,jellyfish
332032,journal_issn,1470-7926,1.0000,jellyfish
617801,journal_issn,0160-6689,1.0000,jellyfish
480030,journal_issn,1234-5678,1.0000,jellyfish
660499,journal_issn,1678-4464,0.6000,jellyfish
355078,journal_issn,1523-536X,1.0000,jellyfish
696985,journal_issn,1545-0848,0.6000,jellyfish
826471,journal_issn,0033-3174,1.0000,jellyfish
807737,journal_issn,0732-183X,1.0000,jellyfish
875781,journal_issn,0945-1611,0.4000,jellyfish
322953,journal_issn,1308-376X,0.2000,jellyfish
123731,journal_issn,0948-2947,0.2000,jellyfish
180588,journal_issn,1/8/05,0.8000,jellyfish
440684,journal_issn,1-3-4-5-6-7-8-9-10-11-12-13-14-15-16-17-,1.0000,jellyfish
758629,journal_issn,0301-5149,1.0000,jellyfish
964184,journal_issn,1343-72,0.4000,jellyfish
265490,journal_issn,1334-5678,1.0000,jellyfish
463556,journal_issn,1 0 0 0 0 0 0 0 0 0 0 0 0 0 0 0,0.4000,jellyfish
749844,journal_issn,1895-0826,0.2000,jellyfish
300057,journal_issn,1437-1588,1.0000,jellyfish
166521,journal_issn,1522-4868,1.0000,jellyfish
292018,journal_issn,0095-8301,1.0000,jellyfish
181456,journal_issn,0015-5555,0.4000,jellyfish
668772,journal_issn,2049-9434,1.0000,jellyfish
276001,journal_issn,0547-1766 (Print) 0547-1766,0.4000,jellyfish
788507,journal_issn,1078-1096,0.6000,jellyfish
620483,journal_issn,0190-535X,1.0000,jellyfish
433039,journal_issn,1-13,0.6000,jellyfish
737167,journal_issn,0029-6570,1.0000,jellyfish
744601,journal_issn,1098-3015,1.0000,jellyfish
856471,journal_issn,"30-32, 52-54",0.4000,jellyfish
570704,journal_issn,1042-8194,1.0000,jellyfish
520153,journal_issn,0043-8974,1.0000,jellyfish
259267,journal_issn,1234-5678,0.8000,jellyfish
24381,journal_issn,1526-4610,1.0000,jellyfish
827921,journal_issn,1098-240X,0.8000,jellyfish
461204,journal_issn,--- Not available ---,0.4000,jellyfish
482860,journal_issn,0301-2603,1.0000,jellyfish
18298,journal_issn,1347-4820,1.0000,jellyfish
365654,journal_issn,1932-6203,1.0000,jellyfish
625306,journal_issn,0221-0363,1.0000,jellyfish
572343,journal_issn,0939-5550,0.4000,jellyfish
88262,journal_issn,1460-2105,1.0000,jellyfish
663339,journal_issn,1473-5571,1.0000,jellyfish
718292,journal_issn,0030-4220,0.6000,jellyfish
245200,journal_issn,0003-9926,0.8000,jellyfish
307302,journal_issn,1-3-4-5-6-7-8-9-10-11-12-13-14-15-16-17-,0.6000,jellyfish
217418,journal_issn,1234-5678,1.0000,jellyfish
413717,journal_issn,1118-1119,0.8000,jellyfish
62246,journal_issn,0363-6488,1.0000,jellyfish
945021,journal_issn,0885-3185,1.0000,jellyfish
649817,journal_issn,1939-1341,1.0000,jellyfish
934327,journal_issn,Not provided,0.7500,jellyfish
546484,journal_issn,1303-6521,1.0000,jellyfish
917231,journal_issn,1592-7830,1.0000,jellyfish
887418,journal_issn,0958-41,0.4000,jellyfish
724055,journal_issn,"eISSN: 0970-3222, pISSN: 0019-5049",0.2000,jellyfish
63738,journal_issn,0029-1735,0.4000,jellyfish
422739,journal_issn,1741-7015,1.0000,jellyfish
97795,journal_issn,1-3-4-5-6-7-8-9-10-11-12-13-14-15-16-17-,0.4000,jellyfish
155127,journal_issn,2212-4411,1.0000,jellyfish
100986,journal_issn,1558-2035,1.0000,jellyfish
166179,journal_issn,0034-9887,1.0000,jellyfish
740811,journal_issn,0746-479X,0.6000,jellyfish
379577,journal_issn,0969-8043,1.0000,jellyfish
658981,journal_issn,1879-2510,0.6000,jellyfish
215650,journal_issn,10.1080/19827000.2020.171,0.2000,jellyfish
521132,journal_issn,0363-5023,1.0000,jellyfish
892609,journal_issn,1930-6945,0.4000,jellyfish
366275,journal_issn,2047-4881,1.0000,jellyfish
513630,journal_issn,0028-1112,1.0000,jellyfish
605423,journal_issn,1537-0796,0.6000,jellyfish
495319,journal_issn,1045-2357,0.6000,jellyfish
733752,journal_issn,0967-2518,0.6000,jellyfish
252118,journal_issn,0093-934X,1.0000,jellyfish
903817,journal_issn,1672-2531,1.0000,jellyfish
80799,journal_issn,1521-3773,1.0000,jellyfish
385163,journal_issn,1467-1107,1.0000,jellyfish
645061,journal_issn,1096-4673,1.0000,jellyfish
164721,journal_issn,0049-8610,0.6000,jellyfish
730721,journal_issn,1-1234-5678,0.6000,jellyfish
439302,journal_issn,0018-4793,0.4000,jellyfish
410748,journal_issn,1234-5678,1.0000,jellyfish
133777,journal_issn,0944-1108,0.4000,jellyfish
775428,journal_issn,0021-9258,0.8000,jellyfish
899060,journal_issn,0743-4096,1.0000,jellyfish
424254,journal_issn,0300-9750,1.0000,jellyfish
161290,journal_issn,1522-4791,0.6000,jellyfish
746312,journal_issn,0090-3493,1.0000,jellyfish
191138,journal_issn,1525-541X,0.2000,jellyfish
743819,journal_issn,1930-739X,1.0000,jellyfish
193292,journal_issn,0000-0000,1.0000,jellyfish
91852,journal_issn,2168-6114,1.0000,jellyfish
663526,journal_issn,1473-5598,1.0000,jellyfish
382853,journal_issn,1468-3296,1.0000,jellyfish
1266,journal_issn,1522-3456,0.5000,jellyfish
407082,journal_issn,1532-5415,1.0000,jellyfish
411673,journal_issn,1411-1234,0.4000,jellyfish
382297,journal_issn,2150-136X,1.0000,jellyfish
414396,journal_issn,1234-5678,1.0000,jellyfish
635082,journal_issn,0008-543X,1.0000,jellyfish
446599,journal_issn,Please provide the corrected value for the attribute journal_issn.,0.4000,jellyfish
376525,journal_issn,0745-8995,0.4000,jellyfish
637323,journal_issn,0342-4642,1.0000,jellyfish
153797,journal_issn,0349-0306,0.2000,jellyfish
470179,journal_issn,0889-0539,0.6000,jellyfish
9325,journal_issn,1399-3038,1.0000,jellyfish
294719,journal_issn,1540-0514,1.0000,jellyfish
38130,journal_issn,1044-6942,0.6000,jellyfish
455697,journal_issn,1-13,0.6000,jellyfish
518335,journal_issn,0218-7339,0.8000,jellyfish
503528,journal_issn,1071-1007,0.6000,jellyfish
503354,journal_issn,1525-7428,0.2000,jellyfish
176844,journal_issn,1-3-4-5-6-7-8-9-10-11-12-13-14-15-16-17-,0.8000,jellyfish
820549,journal_issn,1525-9285,0.8000,jellyfish
250975,journal_issn,1743-9159,1.0000,jellyfish
37173,journal_issn,0970-7070,0.4000,jellyfish
641251,journal_issn,1307,0.6000,jellyfish
302179,journal_issn,1-2-3-4-5-6-7-8-9-10-11-12-13-14-15-16-,0.4000,jellyfish
627882,journal_issn,0882-2786,1.0000,jellyfish
264151,journal_issn,1-1234-5678,0.8000,jellyfish
711975,journal_issn,0926-6353,0.4000,jellyfish
12554,journal_issn,1043-0342,1.0000,jellyfish
564924,journal_issn,1423-0356,1.0000,jellyfish
364080,journal_issn,1234-5678,1.0000,jellyfish
727134,journal_issn,1/1/10,1.0000,jellyfish
356635,journal_issn,036 0126-7,0.4000,jellyfish
272721,journal_issn,0742-3994,0.6000,jellyfish
979725,journal_issn,1548-4357,0.6000,jellyfish
470615,journal_issn,1095-1078,1.0000,jellyfish
71351,journal_issn,1601-0825,1.0000,jellyfish
793299,journal_issn,1234-5678,1.0000,jellyfish
673560,journal_issn,0025-7753,1.0000,jellyfish
258181,journal_issn,1472-6955,0.4000,jellyfish
11709,journal_issn,0148-1825,1.0000,jellyfish
603381,journal_issn,CD001364,0.8000,jellyfish
570263,journal_issn,1432-0843,1.0000,jellyfish
395807,journal_issn,0044-7778,0.4000,jellyfish
149836,journal_issn,1041-3108,0.4000,jellyfish
813023,journal_issn,0943-7671,0.4000,jellyfish
691035,journal_issn,2044-6055,1.0000,jellyfish
801512,journal_issn,0140-525X,1.0000,jellyfish
121133,journal_issn,1522-4794,0.6000,jellyfish
82486,journal_issn,1432-0711,0.4000,jellyfish
136032,journal_issn,10.1093/fampra/cmh612,0.4000,jellyfish
131606,journal_issn,"152-52 ST  - The cost of depression-complicated alcoholism: health-care utilization and treatment effectiveness-, author_list: {""E. M. CN",0.5000,jellyfish
448384,journal_issn,1-3,0.4000,jellyfish
57286,journal_issn,0269-8978,0.4000,jellyfish
622636,journal_issn,1040-2446,1.0000,jellyfish
107979,journal_issn,1040-0118,0.2500,jellyfish
252990,journal_issn,1369-1618,0.8000,jellyfish
861475,journal_issn,1478-7547 (electronic) (No correction needed),0.8000,jellyfish
503159,journal_issn,0044-5323,0.6000,jellyfish
325081,journal_issn,0044-2356,0.4000,jellyfish
399134,journal_issn,1298-0114,0.2000,jellyfish
315951,journal_issn,999-0,0.2500,jellyfish
98479,journal_issn,1522-726X,1.0000,jellyfish
673307,journal_issn,1932-6203,1.0000,jellyfish
730754,journal_issn,1090-3605,1.0000,jellyfish
953002,journal_issn,0305-1862,1.0000,jellyfish
246067,journal_issn,0363-5023,1.0000,jellyfish
161814,journal_issn,1040-0118,0.2500,jellyfish
8529,journal_issn,1399-3003,0.6000,jellyfish
198813,journal_issn,10.1097/01.NURSE.0000343454.35505.5a DP - EBSCOhost Camden,1.0000,jellyfish
535901,journal_issn,1353-3452 (Print) 1353-3452,0.8000,jellyfish
15325,journal_issn,0306-5251,1.0000,jellyfish
434500,journal_issn,1-13 1-2 3 4 5 6 7 8 9 10 11 12 13 14,0.4000,jellyfish
197174,journal_issn,1537-6591,1.0000,jellyfish
6786,journal_issn,1363-7056,0.6000,jellyfish
309274,journal_issn,4,0.8000,jellyfish
672671,journal_issn,1573-2606,1.0000,jellyfish
819735,journal_issn,1566-0702,1.0000,jellyfish
21599,journal_issn,1931-3543,1.0000,jellyfish
980682,journal_issn,0744-2707,0.4000,jellyfish
547657,journal_issn,978-1-4328-3113-4,0.2000,jellyfish
682676,journal_issn,1533-4112,0.8000,jellyfish
820238,journal_issn,1053-881X,1.0000,jellyfish
82540,journal_issn,1097-0142,1.0000,jellyfish
776189,journal_issn,0027-8424,1.0000,jellyfish
422951,journal_issn,1093-3098,0.2000,jellyfish
228622,journal_issn,1471-6402,0.6000,jellyfish
514759,journal_issn,1873-2112,1.0000,jellyfish
26216,journal_issn,1099-1611,1.0000,jellyfish
164517,journal_issn,1521-186X,1.0000,jellyfish
973603,journal_issn,1-3-4-5-6-7-8-9-10-11-12-13-14-15-16-17-,0.4000,jellyfish
345575,journal_issn,0748-2741,0.8000,jellyfish
304082,journal_issn,1346-42,0.8000,jellyfish
33728,journal_issn,2168-6157,1.0000,jellyfish
109595,journal_issn,0391-5387,1.0000,jellyfish
772026,journal_issn,1525-7741,0.6000,jellyfish
424870,journal_issn,1095-1078,0.6000,jellyfish
904168,journal_issn,1672-1977,1.0000,jellyfish
916713,journal_issn,1365-2346,1.0000,jellyfish
819804,journal_issn,0393-5264,0.6000,jellyfish
892141,journal_issn,0142-159X,0.8000,jellyfish
409335,journal_issn,0743-4145,0.4000,jellyfish
166779,journal_issn,1525-2407,0.6000,jellyfish
720526,journal_issn,1092-0684,1.0000,jellyfish
513503,journal_issn,0348-3031,0.4000,jellyfish
83012,journal_issn,1525-1330,1.0000,jellyfish
438681,journal_issn,1-3,0.8000,jellyfish
317155,journal_issn,1 234 567 8 9 0,0.2000,jellyfish
261121,journal_issn,1-2-03,0.2000,jellyfish
296269,journal_issn,2054-2704,1.0000,jellyfish
960478,journal_issn,1067-3264 (Print)     1067-3264,0.4000,jellyfish
741988,journal_issn,0022-4804,0.8000,jellyfish
589265,journal_issn,0261-5614,1.0000,jellyfish
931944,journal_issn,1742-3953,1.0000,jellyfish
305933,journal_issn,1472-5483,0.4000,jellyfish
360693,journal_issn,1123-6337,1.0000,jellyfish
772745,journal_issn,1545-0830,0.5000,jellyfish
683893,journal_issn,1364-6915,1.0000,jellyfish
168157,journal_issn,1462-5555,0.4000,jellyfish
97775,journal_issn,1525-9268,0.2000,jellyfish
740227,journal_issn,0023-1939,0.6000,jellyfish
449419,journal_issn,1-3-4-5-6-7-8-9-10-11-12-13-14-15-16-17-,0.4000,jellyfish
456934,journal_issn,NA,0.6000,jellyfish
134738,journal_issn,None provided. Please provide the corrected value for the attribute journal_issn.,0.5000,jellyfish
66579,journal_issn,1932-6203,1.0000,jellyfish
557824,journal_issn,CD010130,0.8000,jellyfish
215820,journal_issn,10.1590/S0004-282X2006000100019,0.2000,jellyfish
658982,journal_issn,1470-5853,0.6000,jellyfish
272806,journal_issn,0893-133X,0.6000,jellyfish
773090,journal_issn,1538-7933,1.0000,jellyfish
500618,journal_issn,0272-4944,1.0000,jellyfish
385346,journal_issn,1531-698X,1.0000,jellyfish
938092,journal_issn,1538-3797,1.0000,jellyfish
383183,journal_issn,1432-1076,1.0000,jellyfish
889260,journal_issn,1534-6321,0.6000,jellyfish
392576,journal_issn,0951-418X,1.0000,jellyfish
209012,journal_issn,0966-6362,1.0000,jellyfish
961006,journal_issn,0951-7375,1.0000,jellyfish
786558,journal_issn,2162-3279,1.0000,jellyfish
35875,journal_issn,1535-5667,1.0000,jellyfish
882786,journal_issn,0935-8943,1.0000,jellyfish
332926,journal_issn,1049-2089,1.0000,jellyfish
109843,journal_issn,0300-8843,1.0000,jellyfish
820688,journal_issn,1544-0114,0.2000,jellyfish
817811,journal_issn,1543-4786,0.6000,jellyfish
855970,journal_issn,0021-9525,1.0000,jellyfish
643856,journal_issn,1175-3277,1.0000,jellyfish
482584,journal_issn,1432-2048,1.0000,jellyfish
553088,journal_issn,1557-8674,1.0000,jellyfish
575935,journal_issn,1878-5867,1.0000,jellyfish
450760,journal_issn,1-3,0.6000,jellyfish
160121,journal_issn,1460-2091,1.0000,jellyfish
84783,journal_issn,1945-7170,1.0000,jellyfish
894794,journal_issn,1070-1068-1,0.4000,jellyfish
481173,journal_issn,0029-0009-9201,0.8000,jellyfish
946487,journal_issn,0142-0722,1.0000,jellyfish
685456,journal_issn,0744-3047,0.4000,jellyfish
6028,journal_issn,1083-8791,1.0000,jellyfish
48202,journal_issn,0007-0912,1.0000,jellyfish
558738,journal_issn,2048-2054-30,0.4000,jellyfish
908011,journal_issn,0950-9240,1.0000,jellyfish
260738,journal_issn,1 0 0 0 0 0 0 0 0 0 0 0 0 0 0 0,0.2000,jellyfish
979155,journal_issn,1600-0455,1.0000,jellyfish
752075,journal_issn,0747-7304,1.0000,jellyfish
670823,journal_issn,1538-9445,0.6000,jellyfish
73289,journal_issn,1423-0380,1.0000,jellyfish
426134,journal_issn,1544-0115,0.4000,jellyfish
255382,journal_issn,0300-9325,0.4000,jellyfish
979472,journal_issn,0003-0805,1.0000,jellyfish
814758,journal_issn,1 52 7 3,0.2000,jellyfish
226417,journal_issn,2154-4212,1.0000,jellyfish
968815,journal_issn,0947-0912,0.4000,jellyfish
734259,journal_issn,0945-611X,0.6000,jellyfish
235295,article_jvolumn,65,0.4000,jellyfish
498345,article_jvolumn,vol. 211,0.5000,jellyfish
789958,article_jvolumn,54,1.0000,jellyfish
169865,article_jvolumn,84 → 85,0.6000,jellyfish
803653,article_jvolumn,33 → 34,0.6000,jellyfish
98234,article_jvolumn,12,1.0000,jellyfish
823730,article_jvolumn,29 → 30,0.6000,jellyfish
729712,article_jvolumn,165,1.0000,jellyfish
396821,article_jvolumn,25,1.0000,jellyfish
340222,article_jvolumn,80,0.4000,jellyfish
184417,article_jvolumn,14,1.0000,jellyfish
729686,article_jvolumn,8,0.6000,jellyfish
278396,article_jvolumn,92,1.0000,jellyfish
965082,article_jvolumn,12,0.6000,jellyfish
53321,article_jvolumn,35,1.0000,jellyfish
13601,article_jvolumn,140,0.8000,jellyfish
668310,article_jvolumn,8,0.6000,jellyfish
282987,article_jvolumn,2,1.0000,jellyfish
478292,article_jvolumn,139 → 139,0.4000,jellyfish
43736,article_jvolumn,39,1.0000,jellyfish
82614,article_jvolumn,6,1.0000,jellyfish
163526,article_jvolumn,40,1.0000,jellyfish
514411,article_jvolumn,37,1.0000,jellyfish
569841,article_jvolumn,27,0.8000,jellyfish
6207,article_jvolumn,47,1.0000,jellyfish
21910,article_jvolumn,7,0.8000,jellyfish
378490,article_jvolumn,69,1.0000,jellyfish
971878,article_jvolumn,35,0.8000,jellyfish
793918,article_jvolumn,8,1.0000,jellyfish
819166,article_jvolumn,7,1.0000,jellyfish
880881,article_jvolumn,52,0.6000,jellyfish
629530,article_jvolumn,29,0.6000,jellyfish
954388,article_jvolumn,0,1.0000,jellyfish
379737,article_jvolumn,625,1.0000,jellyfish
676042,article_jvolumn,24,0.6000,jellyfish
353972,article_jvolumn,1,0.8000,jellyfish
968125,article_jvolumn,88,1.0000,jellyfish
660168,article_jvolumn,64,1.0000,jellyfish
732534,article_jvolumn,10,0.4000,jellyfish
473026,article_jvolumn,15,1.0000,jellyfish
372175,article_jvolumn,90,1.0000,jellyfish
110072,article_jvolumn,34,1.0000,jellyfish
330553,article_jvolumn,34,0.8000,jellyfish
23215,article_jvolumn,27,1.0000,jellyfish
719532,article_jvolumn,43,0.6000,jellyfish
86421,article_jvolumn,71,1.0000,jellyfish
433667,article_jvolumn,1,0.8000,jellyfish
530323,article_jvolumn,7,0.8000,jellyfish
102893,article_jvolumn,71,0.6000,jellyfish
864817,article_jvolumn,21,0.6000,jellyfish
217725,article_jvolumn,70,1.0000,jellyfish
730822,article_jvolumn,76,0.4000,jellyfish
659297,article_jvolumn,91,1.0000,jellyfish
42247,article_jvolumn,13,0.4000,jellyfish
302969,article_jvolumn,90,1.0000,jellyfish
158672,article_jvolumn,71,1.0000,jellyfish
616298,article_jvolumn,18,1.0000,jellyfish
221086,article_jvolumn,1,0.6000,jellyfish
548616,article_jvolumn,1,1.0000,jellyfish
669596,article_jvolumn,23,0.6000,jellyfish
474288,article_jvolumn,7,1.0000,jellyfish
108424,article_jvolumn,13,1.0000,jellyfish
841679,article_jvolumn,30,0.6000,jellyfish
173830,article_jvolumn,125,1.0000,jellyfish
852927,article_jvolumn,34,1.0000,jellyfish
237623,article_jvolumn,2008,1.0000,jellyfish
912884,article_jvolumn,18,1.0000,jellyfish
318931,article_jvolumn,12,1.0000,jellyfish
93659,article_jvolumn,29,1.0000,jellyfish
349150,article_jvolumn,31,0.4000,jellyfish
572010,article_jvolumn,98,1.0000,jellyfish
826030,article_jvolumn,12,1.0000,jellyfish
34962,article_jvolumn,334,1.0000,jellyfish
574309,article_jvolumn,99,1.0000,jellyfish
200077,article_jvolumn,46,1.0000,jellyfish
421512,article_jvolumn,309,1.0000,jellyfish
715052,article_jvolumn,25,1.0000,jellyfish
172966,article_jvolumn,13,1.0000,jellyfish
140274,article_jvolumn,1,0.8000,jellyfish
282039,article_jvolumn,48,1.0000,jellyfish
835177,article_jvolumn,20,1.0000,jellyfish
519732,article_jvolumn,16,1.0000,jellyfish
761104,article_jvolumn,1,0.6000,jellyfish
408062,article_jvolumn,39,1.0000,jellyfish
889481,article_jvolumn,12,0.4000,jellyfish
894596,article_jvolumn,4,0.6000,jellyfish
604985,article_jvolumn,2,1.0000,jellyfish
220950,article_jvolumn,4,1.0000,jellyfish
770196,article_jvolumn,65,0.6000,jellyfish
914468,article_jvolumn,46,1.0000,jellyfish
346326,article_jvolumn,10,0.8000,jellyfish
612846,article_jvolumn,27,0.8000,jellyfish
282053,article_jvolumn,2,1.0000,jellyfish
870257,article_jvolumn,37,1.0000,jellyfish
417578,article_jvolumn,19,0.8000,jellyfish
949067,article_jvolumn,1,0.6000,jellyfish
931323,article_jvolumn,64,1.0000,jellyfish
752456,article_jvolumn,71,0.4000,jellyfish
377284,article_jvolumn,283 → 302,0.4000,jellyfish
420138,article_jvolumn,92,1.0000,jellyfish
444273,article_jvolumn,1,0.8000,jellyfish
816680,article_jvolumn,15,1.0000,jellyfish
491006,article_jvolumn,24,1.0000,jellyfish
628299,article_jvolumn,92,1.0000,jellyfish
72089,article_jvolumn,73,1.0000,jellyfish
847287,article_jvolumn,15,1.0000,jellyfish
764224,article_jvolumn,52,0.6000,jellyfish
591619,article_jvolumn,39,1.0000,jellyfish
125072,article_jvolumn,4,0.8000,jellyfish
255432,article_jvolumn,1,1.0000,jellyfish
689284,article_jvolumn,65,0.4000,jellyfish
781141,article_jvolumn,3,0.4000,jellyfish
148787,article_jvolumn,103 → 1,0.4000,jellyfish
779281,article_jvolumn,38,1.0000,jellyfish
684757,article_jvolumn,28,1.0000,jellyfish
447382,article_jvolumn,23,0.2000,jellyfish
585766,article_jvolumn,41,1.0000,jellyfish
185291,article_jvolumn,13,1.0000,jellyfish
886237,article_jvolumn,11,0.8000,jellyfish
954493,article_jvolumn,1,1.0000,jellyfish
922646,article_jvolumn,85,0.6000,jellyfish
843485,article_jvolumn,106,0.8000,jellyfish
668845,article_jvolumn,13,1.0000,jellyfish
863844,article_jvolumn,7,0.8000,jellyfish
946006,article_jvolumn,21,0.8000,jellyfish
36429,article_jvolumn,27,0.6000,jellyfish
259367,article_jvolumn,14,1.0000,jellyfish
977276,article_jvolumn,3,0.6000,jellyfish
369578,article_jvolumn,10,1.0000,jellyfish
772616,article_jvolumn,11,1.0000,jellyfish
334681,article_jvolumn,62,0.8000,jellyfish
757463,article_jvolumn,68,0.6000,jellyfish
465176,article_jvolumn,0,0.6000,jellyfish
368072,article_jvolumn,332,0.6000,jellyfish
812893,article_jvolumn,153,0.8000,jellyfish
380945,article_jvolumn,55,0.8000,jellyfish
513829,article_jvolumn,43,1.0000,jellyfish
862798,article_jvolumn,23,1.0000,jellyfish
316632,article_jvolumn,35,1.0000,jellyfish
38413,article_jvolumn,17 → 17,0.8000,jellyfish
595469,article_jvolumn,89,1.0000,jellyfish
49698,article_jvolumn,137 → 137,0.4000,jellyfish
900624,article_jvolumn,0,0.8000,jellyfish
246528,article_jvolumn,30,0.8000,jellyfish
347144,article_jvolumn,18,1.0000,jellyfish
957059,article_jvolumn,21,1.0000,jellyfish
269313,article_jvolumn,94,1.0000,jellyfish
267879,article_jvolumn,14,0.6000,jellyfish
224232,article_jvolumn,7,1.0000,jellyfish
62306,article_jvolumn,52,1.0000,jellyfish
182986,article_jvolumn,12,1.0000,jellyfish
663994,article_jvolumn,50,1.0000,jellyfish
520771,article_jvolumn,149 → 149 (no change needed),0.6000,jellyfish
754594,article_jvolumn,27,1.0000,jellyfish
817046,article_jvolumn,2,0.6000,jellyfish
736183,article_jvolumn,137,0.6000,jellyfish
963532,article_jvolumn,123,0.8000,jellyfish
131820,article_jvolumn,18,1.0000,jellyfish
704093,article_jvolumn,70,0.6000,jellyfish
912377,article_jvolumn,18,0.6000,jellyfish
203935,article_jvolumn,19,0.4000,jellyfish
68354,article_jvolumn,9,0.8000,jellyfish
259916,article_jvolumn,30,1.0000,jellyfish
199407,article_jvolumn,3,1.0000,jellyfish
790756,article_jvolumn,1,1.0000,jellyfish
592893,article_jvolumn,45,1.0000,jellyfish
232775,article_jvolumn,15,0.6000,jellyfish
631610,article_jvolumn,2,0.6000,jellyfish
901298,article_jvolumn,1,0.6000,jellyfish
456691,article_jvolumn,1,1.0000,jellyfish
429995,article_jvolumn,29,1.0000,jellyfish
709359,article_jvolumn,12,1.0000,jellyfish
690938,article_jvolumn,34,1.0000,jellyfish
910604,article_jvolumn,7,0.4000,jellyfish
730191,article_jvolumn,27,0.8000,jellyfish
42135,article_jvolumn,850,0.6000,jellyfish
835178,article_jvolumn,669 → 670,0.8000,jellyfish
335521,article_jvolumn,17,1.0000,jellyfish
22708,article_jvolumn,71,0.6000,jellyfish
704111,article_jvolumn,36,1.0000,jellyfish
804762,article_jvolumn,99,0.8000,jellyfish
657210,article_jvolumn,1,0.4000,jellyfish
431896,article_jvolumn,0,1.0000,jellyfish
490584,article_jvolumn,37,1.0000,jellyfish
929252,article_jvolumn,24,0.8000,jellyfish
821382,article_jvolumn,79,0.4000,jellyfish
961741,article_jvolumn,1,0.8000,jellyfish
925885,article_jvolumn,14,0.8000,jellyfish
717315,article_jvolumn,10,0.4000,jellyfish
967781,article_jvolumn,39,0.8000,jellyfish
928952,article_jvolumn,40,1.0000,jellyfish
225002,article_jvolumn,38,1.0000,jellyfish
550350,article_jvolumn,33,1.0000,jellyfish
622979,article_jvolumn,98,1.0000,jellyfish
501663,article_jvolumn,12,0.4000,jellyfish
48738,article_jvolumn,101 → 1,0.8000,jellyfish
143029,article_jvolumn,None provided,1.0000,jellyfish
667611,article_jvolumn,12,0.4000,jellyfish
565079,article_jvolumn,260 → 261,1.0000,jellyfish
348006,article_jvolumn,18,1.0000,jellyfish
55412,article_jvolumn,15,1.0000,jellyfish
546048,article_jvolumn,1,0.8000,jellyfish
979292,article_jvolumn,35,1.0000,jellyfish
971456,article_jvolumn,154 → 145,0.8000,jellyfish
533193,article_jvolumn,28,0.4000,jellyfish
970436,article_jvolumn,64,1.0000,jellyfish
437969,article_jvolumn,0,0.4000,jellyfish
464335,article_jvolumn,0,1.0000,jellyfish
417782,article_jvolumn,130 → 129,0.8000,jellyfish
979059,article_jvolumn,### Explanation:,1.0000,jellyfish
661572,article_jvolumn,72 → 73,0.8000,jellyfish
132901,article_jvolumn,65,0.8000,jellyfish
245822,article_jvolumn,164,1.0000,jellyfish
440401,article_jvolumn,0,0.6000,jellyfish
77389,article_jvolumn,84,0.8000,jellyfish
592817,article_jvolumn,19,1.0000,jellyfish
169270,article_jvolumn,107,0.8000,jellyfish
288711,article_jvolumn,12,0.6000,jellyfish
184949,article_jvolumn,22,0.6000,jellyfish
833251,article_jvolumn,74,1.0000,jellyfish
470174,article_jvolumn,23,0.6000,jellyfish
315926,article_jvolumn,34,1.0000,jellyfish
901385,article_jvolumn,72,1.0000,jellyfish
787529,article_jvolumn,33,1.0000,jellyfish
431348,article_jvolumn,0,0.6000,jellyfish
441393,article_jvolumn,1,1.0000,jellyfish
481882,article_jvolumn,154 → 155,0.6000,jellyfish
572425,article_jvolumn,25,0.8000,jellyfish
581864,article_jvolumn,2,1.0000,jellyfish
455406,article_jvolumn,0,1.0000,jellyfish
696362,article_jvolumn,54,0.8000,jellyfish
504206,article_jvolumn,87 → 88,0.4000,jellyfish
800900,article_jvolumn,23,1.0000,jellyfish
235689,article_jvolumn,207 → 208,0.6000,jellyfish
659896,article_jvolumn,35,1.0000,jellyfish
84944,article_jvolumn,56,1.0000,jellyfish
326944,article_jvolumn,3,0.8000,jellyfish
922795,article_jvolumn,45,0.6000,jellyfish
768486,article_jvolumn,4,1.0000,jellyfish
428363,article_jvolumn,45,1.0000,jellyfish
519287,article_jvolumn,9,0.4000,jellyfish
638918,article_jvolumn,24,0.6000,jellyfish
111336,article_jvolumn,4,1.0000,jellyfish
747279,article_jvolumn,97 → 100,0.4000,jellyfish
674696,article_jvolumn,16,1.0000,jellyfish
258108,article_jvolumn,15,0.8000,jellyfish
59308,article_jvolumn,16,1.0000,jellyfish
610641,article_jvolumn,22,1.0000,jellyfish
631704,article_jvolumn,515,0.4000,jellyfish
846537,article_jvolumn,7,1.0000,jellyfish
973076,article_jvolumn,35,1.0000,jellyfish
931402,article_jvolumn,20,1.0000,jellyfish
908690,article_jvolumn,12,1.0000,jellyfish
417373,article_jvolumn,2,0.6000,jellyfish
759329,article_jvolumn,243,1.0000,jellyfish
386327,article_jvolumn,23,1.0000,jellyfish
695010,article_jvolumn,34,0.6000,jellyfish
191908,article_jvolumn,68,1.0000,jellyfish
384767,article_jvolumn,43,0.4000,jellyfish
855912,article_jvolumn,23,1.0000,jellyfish
710727,article_jvolumn,32,1.0000,jellyfish
816996,article_jvolumn,137 → 138,1.0000,jellyfish
625016,article_jvolumn,44,0.8000,jellyfish
275675,article_jvolumn,42,1.0000,jellyfish
967376,article_jvolumn,132 → 134,0.6000,jellyfish
640230,article_jvolumn,57 → 58,0.6000,jellyfish
625663,article_jvolumn,61,1.0000,jellyfish
480649,article_jvolumn,12,1.0000,jellyfish
782541,article_jvolumn,20,0.8000,jellyfish
692358,article_jvolumn,1,1.0000,jellyfish
836847,article_jvolumn,33,1.0000,jellyfish
867207,article_jvolumn,99 → 100,0.6000,jellyfish
253149,article_jvolumn,193,0.6000,jellyfish
929971,article_jvolumn,48,0.4000,jellyfish
470385,article_jvolumn,16,0.6000,jellyfish
731703,article_jvolumn,0,1.0000,jellyfish
113399,article_jvolumn,1,0.6000,jellyfish
685178,article_jvolumn,122 → 123,1.0000,jellyfish
653325,article_jvolumn,45,1.0000,jellyfish
893573,article_jvolumn,1,1.0000,jellyfish
56272,article_jvolumn,81,1.0000,jellyfish
737786,article_jvolumn,40,1.0000,jellyfish
680306,article_jvolumn,245,1.0000,jellyfish
53877,article_jvolumn,25,0.6000,jellyfish
504928,article_jvolumn,1,1.0000,jellyfish
198650,article_jvolumn,7,1.0000,jellyfish
671386,article_jvolumn,57,1.0000,jellyfish
981412,article_jvolumn,44,1.0000,jellyfish
785472,article_jvolumn,7,0.6000,jellyfish
734077,article_jvolumn,72 → 71,0.8000,jellyfish
46028,article_jvolumn,65,0.8000,jellyfish
743129,article_jvolumn,7 → 12,1.0000,jellyfish
392246,article_jvolumn,40,0.8000,jellyfish
904889,article_jvolumn,7,0.4000,jellyfish
360147,article_jvolumn,8,0.6000,jellyfish
670289,article_jvolumn,35 → 36,0.8000,jellyfish
821702,article_jvolumn,20,1.0000,jellyfish
188890,article_jvolumn,78,0.6000,jellyfish
321660,article_jvolumn,189,0.8000,jellyfish
427455,article_jvolumn,26,1.0000,jellyfish
246204,article_jvolumn,34,1.0000,jellyfish
857402,article_jvolumn,134,0.6000,jellyfish
704357,article_jvolumn,12,0.8000,jellyfish
716785,article_jvolumn,31,1.0000,jellyfish
746065,article_jvolumn,118 → 119,1.0000,jellyfish
738322,article_jvolumn,86,0.8000,jellyfish
934177,article_jvolumn,0,1.0000,jellyfish
351534,article_jvolumn,56,1.0000,jellyfish
872389,article_jvolumn,49,1.0000,jellyfish
499983,article_jvolumn,147 → 147,0.8000,jellyfish
452432,article_jvolumn,0,1.0000,jellyfish
320139,article_jvolumn,16 → 17,0.6000,jellyfish
735083,article_jvolumn,None provided,0.2500,jellyfish
978471,article_jvolumn,25,1.0000,jellyfish
152626,article_jvolumn,49 → 50,0.6000,jellyfish
90272,article_jvolumn,270,1.0000,jellyfish
776651,article_jvolumn,22,1.0000,jellyfish
931361,article_jvolumn,56,0.8000,jellyfish
623358,article_jvolumn,43 → 2,0.4000,jellyfish
385940,article_jvolumn,24,1.0000,jellyfish
951168,article_jvolumn,40,1.0000,jellyfish
515254,article_jvolumn,42,1.0000,jellyfish
674623,article_jvolumn,41,1.0000,jellyfish
178078,article_jvolumn,13,1.0000,jellyfish
453637,article_jvolumn,0,1.0000,jellyfish
57483,article_jvolumn,18,1.0000,jellyfish
462849,article_jvolumn,0,0.6000,jellyfish
338547,article_jvolumn,15,0.8000,jellyfish
438808,article_jvolumn,0,1.0000,jellyfish
352040,article_jvolumn,19,0.4000,jellyfish
887131,article_jvolumn,26,1.0000,jellyfish
182296,article_jvolumn,25,1.0000,jellyfish
49847,article_jvolumn,3,0.6000,jellyfish
524073,article_jvolumn,12,0.8000,jellyfish
348813,article_jvolumn,10,1.0000,jellyfish
427933,article_jvolumn,16,1.0000,jellyfish
6862,article_jvolumn,53,1.0000,jellyfish
853676,article_jvolumn,6,0.4000,jellyfish
556116,article_jvolumn,63,0.4000,jellyfish
734870,article_jvolumn,13,0.3333,jellyfish
540850,article_jvolumn,43 → 72,0.4000,jellyfish
465756,article_jvolumn,0,1.0000,jellyfish
762269,article_jvolumn,48,1.0000,jellyfish
441902,article_jvolumn,0,1.0000,jellyfish
950233,article_jvolumn,10,0.8000,jellyfish
621415,article_jvolumn,32,1.0000,jellyfish
633877,article_jvolumn,12,1.0000,jellyfish
756208,article_jvolumn,33,0.8000,jellyfish
97853,article_jvolumn,10,1.0000,jellyfish
720775,article_jvolumn,58,0.6000,jellyfish
294439,article_jvolumn,75,0.8000,jellyfish
375430,article_jvolumn,30,1.0000,jellyfish
689666,article_jvolumn,12,0.8000,jellyfish
896848,article_jvolumn,29,1.0000,jellyfish
231182,article_jvolumn,12,1.0000,jellyfish
232896,article_jvolumn,### Explanation:,0.4000,jellyfish
798716,article_jvolumn,50,1.0000,jellyfish
704812,article_jvolumn,108,0.8000,jellyfish
203084,article_jvolumn,82,1.0000,jellyfish
81959,article_jvolumn,None provided,0.6667,jellyfish
235924,article_jvolumn,25,1.0000,jellyfish
291020,article_jvolumn,53,1.0000,jellyfish
408188,article_jvolumn,319 → 319,0.8000,jellyfish
283460,article_jvolumn,43,1.0000,jellyfish
563505,article_jvolumn,2014,1.0000,jellyfish
761676,article_jvolumn,3,1.0000,jellyfish
923043,article_jvolumn,43,1.0000,jellyfish
248075,article_jvolumn,41,1.0000,jellyfish
313030,article_jvolumn,25,1.0000,jellyfish
885384,article_jvolumn,56,1.0000,jellyfish
361906,article_jvolumn,161,1.0000,jellyfish
180827,article_jvolumn,47,1.0000,jellyfish
723057,article_jvolumn,7,0.8000,jellyfish
894502,article_jvolumn,16,1.0000,jellyfish
793410,article_jvolumn,61,1.0000,jellyfish
816944,article_jvolumn,26,1.0000,jellyfish
632040,article_jvolumn,13,1.0000,jellyfish
752280,article_jvolumn,49,1.0000,jellyfish
716594,article_jvolumn,7,0.8000,jellyfish
919751,article_jvolumn,102,1.0000,jellyfish
60309,article_jvolumn,61,1.0000,jellyfish
757176,article_jvolumn,81,0.6000,jellyfish
261329,article_jvolumn,9,0.8000,jellyfish
615903,article_jvolumn,43,0.4000,jellyfish
169524,article_jvolumn,1,0.8000,jellyfish
178424,article_jvolumn,21,1.0000,jellyfish
716357,article_jvolumn,21,0.8000,jellyfish
448010,article_jvolumn,0,1.0000,jellyfish
788729,article_jvolumn,46,0.8000,jellyfish
624354,article_jvolumn,19,0.4000,jellyfish
112716,article_jvolumn,115,0.6000,jellyfish
881020,article_jvolumn,21,0.6000,jellyfish
605643,article_jvolumn,29,0.4000,jellyfish
5782,article_jvolumn,129,0.8000,jellyfish
852332,article_jvolumn,88,1.0000,jellyfish
343395,article_jvolumn,62,0.8000,jellyfish
826830,article_jvolumn,113 → 114,0.6000,jellyfish
905100,article_jvolumn,2,1.0000,jellyfish
34517,article_jvolumn,35,0.8000,jellyfish
771377,article_jvolumn,4,1.0000,jellyfish
32426,article_jvolumn,75,1.0000,jellyfish
722451,article_jvolumn,19,0.8000,jellyfish
318542,article_jvolumn,35,1.0000,jellyfish
533425,article_jvolumn,33,0.6000,jellyfish
854232,article_jvolumn,11,0.4000,jellyfish
2842,article_jvolumn,119 → 120,0.6000,jellyfish
789057,article_jvolumn,66,1.0000,jellyfish
205187,article_jvolumn,75 → 1,0.6000,jellyfish
970712,article_jvolumn,165,0.8000,jellyfish
161630,article_jvolumn,68,0.6000,jellyfish
583682,article_jvolumn,15,0.6000,jellyfish
891722,article_jvolumn,46,1.0000,jellyfish
54613,article_jvolumn,12,0.4000,jellyfish
450749,article_jvolumn,0,1.0000,jellyfish
19086,article_jvolumn,120 → 121,0.8000,jellyfish
852213,article_jvolumn,24,1.0000,jellyfish
475847,article_jvolumn,12,0.8000,jellyfish
893664,article_jvolumn,27,1.0000,jellyfish
450528,article_jvolumn,0,0.8000,jellyfish
838034,article_jvolumn,4,1.0000,jellyfish
119186,article_jvolumn,43,0.8000,jellyfish
274083,article_jvolumn,37,0.8000,jellyfish
784224,article_jvolumn,32,0.6000,jellyfish
260769,article_jvolumn,24,1.0000,jellyfish
592831,article_jvolumn,127,0.4000,jellyfish
464911,article_jvolumn,1,0.4000,jellyfish
369162,article_jvolumn,11,1.0000,jellyfish
209896,article_jvolumn,176,0.8000,jellyfish
217524,article_jvolumn,78,0.8000,jellyfish
694007,article_jvolumn,110 → 109,0.4000,jellyfish
53319,article_jvolumn,27,1.0000,jellyfish
962338,article_jvolumn,38,1.0000,jellyfish
972821,article_jvolumn,143 → 1,0.4000,jellyfish
587024,article_jvolumn,65,0.4000,jellyfish
49274,article_jvolumn,103,0.8000,jellyfish
687404,article_jvolumn,14,0.8000,jellyfish
858569,article_jvolumn,124 → 125,0.6000,jellyfish
982590,article_jvolumn,20,1.0000,jellyfish
853882,article_jvolumn,86,1.0000,jellyfish
743989,article_jvolumn,63,1.0000,jellyfish
71263,article_jvolumn,115 → 116,1.0000,jellyfish
111970,article_jvolumn,15,1.0000,jellyfish
941646,article_jvolumn,13,1.0000,jellyfish
397190,article_jvolumn,19,1.0000,jellyfish
98562,article_jvolumn,None provided,0.5000,jellyfish
56014,article_jvolumn,13,1.0000,jellyfish
911271,article_jvolumn,2007,1.0000,jellyfish
565528,article_jvolumn,21,1.0000,jellyfish
951143,article_jvolumn,21,0.6000,jellyfish
658707,article_jvolumn,42,1.0000,jellyfish
84905,article_jvolumn,13,1.0000,jellyfish
891370,article_jvolumn,10,0.6000,jellyfish
697286,article_jvolumn,1,0.6000,jellyfish
819701,article_jvolumn,49,0.8000,jellyfish
855099,article_jvolumn,37,1.0000,jellyfish
123492,article_jvolumn,28,0.6000,jellyfish
226966,article_jvolumn,23,1.0000,jellyfish
850788,article_jvolumn,10,1.0000,jellyfish
811354,article_jvolumn,69,1.0000,jellyfish
323305,article_jvolumn,20,0.6000,jellyfish
485934,article_jvolumn,110,1.0000,jellyfish
743602,article_jvolumn,17,1.0000,jellyfish
960371,article_jvolumn,35,0.4000,jellyfish
944668,article_jvolumn,1,1.0000,jellyfish
873987,article_jvolumn,47,0.4000,jellyfish
968211,article_jvolumn,95 → 96,0.8000,jellyfish
299635,article_jvolumn,16,1.0000,jellyfish
846319,article_jvolumn,21,1.0000,jellyfish
263027,article_jvolumn,21,1.0000,jellyfish
788168,article_jvolumn,40,0.8000,jellyfish
146560,article_jvolumn,48,1.0000,jellyfish
498344,article_jvolumn,348,0.8000,jellyfish
385772,article_jvolumn,2013,1.0000,jellyfish
917417,article_jvolumn,63,1.0000,jellyfish
517503,article_jvolumn,55,0.6000,jellyfish
72325,article_jvolumn,155 → 162,0.4000,jellyfish
516758,article_jvolumn,57,1.0000,jellyfish
85920,article_jvolumn,55,1.0000,jellyfish
145874,article_jvolumn,43,0.8000,jellyfish
888553,article_jvolumn,45,0.8000,jellyfish
889580,article_jvolumn,77,0.4000,jellyfish
732272,article_jvolumn,18,1.0000,jellyfish
351877,article_jvolumn,7,0.4000,jellyfish
276000,article_jvolumn,8,1.0000,jellyfish
378289,article_jvolumn,49,0.8000,jellyfish
684476,article_jvolumn,96 → 98,0.4000,jellyfish
467344,article_jvolumn,0,1.0000,jellyfish
39687,article_jvolumn,1,0.6000,jellyfish
697880,article_jvolumn,124 → 124 (no change needed),0.6000,jellyfish
179093,article_jvolumn,6,1.0000,jellyfish
539034,article_jvolumn,33,1.0000,jellyfish
208435,article_jvolumn,18,1.0000,jellyfish
556624,article_jvolumn,39,1.0000,jellyfish
36253,article_jvolumn,16,0.6000,jellyfish
422857,article_jvolumn,310,1.0000,jellyfish
720372,article_jvolumn,7,1.0000,jellyfish
863342,article_jvolumn,29,1.0000,jellyfish
260745,article_jvolumn,28,1.0000,jellyfish
941515,article_jvolumn,2,1.0000,jellyfish
641972,article_jvolumn,169,0.6000,jellyfish
699523,article_jvolumn,23,1.0000,jellyfish
946112,article_jvolumn,23,1.0000,jellyfish
958639,article_jvolumn,70,1.0000,jellyfish
850418,article_jvolumn,23,0.6000,jellyfish
125302,article_jvolumn,37,1.0000,jellyfish
168889,article_jvolumn,27,1.0000,jellyfish
63977,article_jvolumn,25,0.4000,jellyfish
782211,article_jvolumn,83,0.8000,jellyfish
473599,article_jvolumn,45,1.0000,jellyfish
915463,article_jvolumn,12,1.0000,jellyfish
476199,article_jvolumn,57,1.0000,jellyfish
405141,article_jvolumn,349,1.0000,jellyfish
213794,article_jvolumn,79,1.0000,jellyfish
408902,article_jvolumn,3,0.6000,jellyfish
89897,article_jvolumn,140,0.6000,jellyfish
187552,article_jvolumn,38,1.0000,jellyfish
144339,article_jvolumn,26,1.0000,jellyfish
656518,article_jvolumn,65,1.0000,jellyfish
925315,article_jvolumn,85,1.0000,jellyfish
130308,article_jvolumn,19,1.0000,jellyfish
237077,article_jvolumn,21,0.8000,jellyfish
600827,article_jvolumn,1,0.5000,jellyfish
851773,article_jvolumn,73,0.6000,jellyfish
67292,article_jvolumn,289,0.6000,jellyfish
129698,article_jvolumn,121 → 121 (no change needed),0.2000,jellyfish
254327,article_jvolumn,58,1.0000,jellyfish
556803,article_jvolumn,37,1.0000,jellyfish
73792,article_jvolumn,37,0.8000,jellyfish
484593,article_jvolumn,10,0.8000,jellyfish
351700,article_jvolumn,0,1.0000,jellyfish
105981,article_jvolumn,316,1.0000,jellyfish
408198,article_jvolumn,254 → 255,0.8000,jellyfish
30272,article_jvolumn,Exp. Neurol.,0.2000,jellyfish
623367,article_jvolumn,37,1.0000,jellyfish
13408,article_jvolumn,5,0.8000,jellyfish
449003,article_jvolumn,0,0.6000,jellyfish
299297,article_jvolumn,34,1.0000,jellyfish
302268,article_jvolumn,47,1.0000,jellyfish
592663,article_jvolumn,54,0.8000,jellyfish
520843,article_jvolumn,184,1.0000,jellyfish
460786,article_jvolumn,0,1.0000,jellyfish
866131,article_jvolumn,11,0.6000,jellyfish
751811,article_jvolumn,329 → 1,1.0000,jellyfish
436781,article_jvolumn,0,1.0000,jellyfish
796900,article_jvolumn,44 → 45,0.4000,jellyfish
491837,article_jvolumn,82,0.8000,jellyfish
893227,article_jvolumn,1,1.0000,jellyfish
525874,article_jvolumn,147 → 188,0.4000,jellyfish
26475,article_jvolumn,12,1.0000,jellyfish
476191,article_jvolumn,1,0.5000,jellyfish
719389,article_jvolumn,69,0.4000,jellyfish
467318,article_jvolumn,0,0.6000,jellyfish
268361,article_jvolumn,89,1.0000,jellyfish
664795,article_jvolumn,139,0.4000,jellyfish
102180,article_jvolumn,36,1.0000,jellyfish
258486,article_jvolumn,110,0.8000,jellyfish
961081,article_jvolumn,63,1.0000,jellyfish
52681,article_jvolumn,2,0.8000,jellyfish
828156,article_jvolumn,21,0.6000,jellyfish
812757,article_jvolumn,23,0.4000,jellyfish
713518,article_jvolumn,7,1.0000,jellyfish
180977,article_jvolumn,33,1.0000,jellyfish
828214,article_jvolumn,196,1.0000,jellyfish
176160,article_jvolumn,1,1.0000,jellyfish
677752,article_jvolumn,20,0.4000,jellyfish
107417,article_jvolumn,365,0.8000,jellyfish
141282,article_jvolumn,29,1.0000,jellyfish
708911,article_jvolumn,33,1.0000,jellyfish
621640,article_jvolumn,12,1.0000,jellyfish
647583,article_jvolumn,37 → 38,0.6000,jellyfish
361080,article_jvolumn,41,0.8000,jellyfish
283168,article_jvolumn,151,0.6000,jellyfish
52633,article_jvolumn,62 → 1,0.6000,jellyfish
74821,article_jvolumn,35,1.0000,jellyfish
373015,article_jvolumn,46,1.0000,jellyfish
529562,article_jvolumn,7,1.0000,jellyfish
574242,article_jvolumn,16,1.0000,jellyfish
966388,article_jvolumn,49,1.0000,jellyfish
919014,article_jvolumn,29,1.0000,jellyfish
494428,article_jvolumn,56,1.0000,jellyfish
55809,article_jvolumn,30,1.0000,jellyfish
368651,article_jvolumn,20,0.6000,jellyfish
423691,article_jvolumn,8,0.6000,jellyfish
435904,article_jvolumn,12,0.6000,jellyfish
407245,article_jvolumn,90,1.0000,jellyfish
918698,article_jvolumn,26,1.0000,jellyfish
209138,article_jvolumn,18,1.0000,jellyfish
862844,article_jvolumn,14,1.0000,jellyfish
875733,article_jvolumn,43,1.0000,jellyfish
587683,article_jvolumn,32,1.0000,jellyfish
927711,article_jvolumn,68,1.0000,jellyfish
313584,article_jvolumn,11,0.4000,jellyfish
161847,article_jvolumn,90,0.4000,jellyfish
543292,article_jvolumn,1,0.8000,jellyfish
248064,article_jvolumn,15,0.8000,jellyfish
887041,article_jvolumn,10,1.0000,jellyfish
314737,article_jvolumn,141,1.0000,jellyfish
709094,article_jvolumn,24,1.0000,jellyfish
327157,article_jvolumn,108,0.6000,jellyfish
793206,article_jvolumn,44,1.0000,jellyfish
361682,article_jvolumn,32,1.0000,jellyfish
732256,article_jvolumn,85,1.0000,jellyfish
636937,article_jvolumn,7,1.0000,jellyfish
743394,article_jvolumn,85,1.0000,jellyfish
592201,article_jvolumn,28,1.0000,jellyfish
914007,article_jvolumn,89,1.0000,jellyfish
208824,article_jvolumn,57,0.8000,jellyfish
759501,article_jvolumn,133 → 134,0.6000,jellyfish
506162,article_jvolumn,22 → 23,0.4000,jellyfish
372697,article_jvolumn,29,0.8000,jellyfish
609245,article_jvolumn,7,1.0000,jellyfish
584706,article_jvolumn,256 → 1,0.6000,jellyfish
822897,article_jvolumn,21,0.8000,jellyfish
145770,article_jvolumn,77 → 77,0.2000,jellyfish
24026,article_jvolumn,506 → 507,0.6000,jellyfish
44484,article_jvolumn,24,1.0000,jellyfish
379988,article_jvolumn,284,1.0000,jellyfish
333862,article_jvolumn,25,1.0000,jellyfish
779555,article_jvolumn,17,1.0000,jellyfish
323860,article_jvolumn,14,0.6000,jellyfish
646572,article_jvolumn,135 → 135 (no change needed),0.8000,jellyfish
128182,article_jvolumn,34,0.6000,jellyfish
252998,article_jvolumn,49,0.4000,jellyfish
231933,article_jvolumn,41,0.4000,jellyfish
683304,article_jvolumn,31,1.0000,jellyfish
854628,article_jvolumn,81,0.6000,jellyfish
117678,article_jvolumn,80,1.0000,jellyfish
795170,article_jvolumn,7,0.4000,jellyfish
783722,article_jvolumn,24,1.0000,jellyfish
376103,article_jvolumn,17 → 12,0.4000,jellyfish
505530,article_jvolumn,91,1.0000,jellyfish
868618,article_jvolumn,36 → 36,0.4000,jellyfish
503451,article_jvolumn,51,0.6000,jellyfish
113363,article_jvolumn,1,1.0000,jellyfish
944558,article_jvolumn,25,1.0000,jellyfish
875250,article_jvolumn,14,1.0000,jellyfish
786108,article_jvolumn,94 → 95,1.0000,jellyfish
233544,article_jvolumn,22,1.0000,jellyfish
163093,article_jvolumn,84,1.0000,jellyfish
31763,article_jvolumn,57,1.0000,jellyfish
949775,article_jvolumn,15,1.0000,jellyfish
847600,article_jvolumn,34,0.4000,jellyfish
638338,article_jvolumn,134,0.4000,jellyfish
14077,article_jvolumn,77,1.0000,jellyfish
453607,article_jvolumn,0,0.6000,jellyfish
690793,article_jvolumn,21,0.6000,jellyfish
799604,article_jvolumn,97,1.0000,jellyfish
718091,article_jvolumn,20,0.6000,jellyfish
935189,article_jvolumn,17,1.0000,jellyfish
711472,article_jvolumn,16,1.0000,jellyfish
660574,article_jvolumn,64,1.0000,jellyfish
873322,article_jvolumn,14,1.0000,jellyfish
774830,article_jvolumn,46,1.0000,jellyfish
768192,article_jvolumn,5,1.0000,jellyfish
950926,article_jvolumn,37,0.4000,jellyfish
204215,article_jvolumn,23,1.0000,jellyfish
129552,article_jvolumn,46,1.0000,jellyfish
526825,article_jvolumn,46,1.0000,jellyfish
56464,article_jvolumn,14,1.0000,jellyfish
20641,article_jvolumn,108,1.0000,jellyfish
706764,article_jvolumn,45,1.0000,jellyfish
388872,article_jvolumn,20,1.0000,jellyfish
681305,article_jvolumn,13,0.6000,jellyfish
541739,article_jvolumn,19,0.8000,jellyfish
558824,article_jvolumn,1,1.0000,jellyfish
954980,article_jvolumn,15,1.0000,jellyfish
896410,article_jvolumn,119 → 120,0.6000,jellyfish
751168,article_jvolumn,1,1.0000,jellyfish
303571,article_jvolumn,18,1.0000,jellyfish
193059,article_jvolumn,111 → 112,0.6000,jellyfish
416171,article_jvolumn,7,0.8000,jellyfish
810153,article_jvolumn,86,1.0000,jellyfish
164085,article_jvolumn,189,0.8000,jellyfish
619668,article_jvolumn,129,0.8000,jellyfish
490750,article_jvolumn,7,1.0000,jellyfish
136068,article_jvolumn,25,0.8000,jellyfish
198675,article_jvolumn,2,0.8000,jellyfish
316114,article_jvolumn,2,1.0000,jellyfish
626797,article_jvolumn,137,0.8000,jellyfish
577842,article_jvolumn,50,1.0000,jellyfish
811629,article_jvolumn,113,0.8000,jellyfish
280418,article_jvolumn,28,1.0000,jellyfish
757660,article_jvolumn,69,1.0000,jellyfish
54163,article_jvolumn,36,1.0000,jellyfish
65723,article_jvolumn,32,1.0000,jellyfish
293974,article_jvolumn,20,1.0000,jellyfish
247571,article_jvolumn,91,1.0000,jellyfish
292980,article_jvolumn,108,1.0000,jellyfish
38197,article_jvolumn,34 → 35,0.8000,jellyfish
160820,article_jvolumn,61,0.6000,jellyfish
876536,article_jvolumn,26,1.0000,jellyfish
776197,article_jvolumn,29,0.6000,jellyfish
45797,article_jvolumn,2,0.8000,jellyfish
605277,article_jvolumn,18,1.0000,jellyfish
749261,article_jvolumn,104,1.0000,jellyfish
752305,article_jvolumn,21,0.8000,jellyfish
179196,article_jvolumn,36,1.0000,jellyfish
150198,article_jvolumn,20,1.0000,jellyfish
894415,article_jvolumn,1,1.0000,jellyfish
187769,article_jvolumn,126,1.0000,jellyfish
556090,article_jvolumn,1,0.4000,jellyfish
770589,article_jvolumn,1,0.6000,jellyfish
450743,article_jvolumn,0,0.6000,jellyfish
157566,article_jvolumn,2014,1.0000,jellyfish
589465,article_jvolumn,29 → 104,0.4000,jellyfish
560120,article_jvolumn,44,1.0000,jellyfish
107924,article_jvolumn,56,1.0000,jellyfish
797967,article_jvolumn,65,0.8000,jellyfish
265969,article_jvolumn,32,1.0000,jellyfish
820508,article_jvolumn,19,0.8000,jellyfish
446026,article_jvolumn,1,0.4000,jellyfish
84941,article_jvolumn,14,0.4000,jellyfish
558766,article_jvolumn,35,0.6000,jellyfish
428909,article_jvolumn,15,0.6000,jellyfish
110453,article_jvolumn,12,1.0000,jellyfish
837546,article_jvolumn,17,0.6000,jellyfish
82695,article_jvolumn,34,1.0000,jellyfish
820059,article_jvolumn,114 → 115,0.8000,jellyfish
771288,article_jvolumn,125,0.8000,jellyfish
54202,article_jvolumn,50,1.0000,jellyfish
888477,article_jvolumn,91,1.0000,jellyfish
741279,article_jvolumn,18,0.8000,jellyfish
64430,article_jvolumn,12,1.0000,jellyfish
461657,article_jvolumn,0,0.6000,jellyfish
240949,article_jvolumn,0,1.0000,jellyfish
453909,article_jvolumn,0,0.8000,jellyfish
222452,article_jvolumn,30,1.0000,jellyfish
163839,article_jvolumn,11,0.2000,jellyfish
696132,article_jvolumn,14,1.0000,jellyfish
257990,article_jvolumn,44,1.0000,jellyfish
332032,article_jvolumn,65,1.0000,jellyfish
617801,article_jvolumn,66,1.0000,jellyfish
480030,article_jvolumn,25,1.0000,jellyfish
660499,article_jvolumn,25,0.6000,jellyfish
355078,article_jvolumn,37,0.4000,jellyfish
696985,article_jvolumn,25,1.0000,jellyfish
826471,article_jvolumn,72,1.0000,jellyfish
807737,article_jvolumn,28,1.0000,jellyfish
875781,article_jvolumn,44 → 45,0.8000,jellyfish
322953,article_jvolumn,44,0.6000,jellyfish
123731,article_jvolumn,194 → 2,0.8000,jellyfish
180588,article_jvolumn,23,1.0000,jellyfish
440684,article_jvolumn,0,1.0000,jellyfish
758629,article_jvolumn,58 → 59,0.6000,jellyfish
964184,article_jvolumn,146,0.6000,jellyfish
265490,article_jvolumn,66,0.4000,jellyfish
463556,article_jvolumn,12,0.8000,jellyfish
749844,article_jvolumn,72 → 73,0.8000,jellyfish
300057,article_jvolumn,54,0.8000,jellyfish
166521,article_jvolumn,65,0.8000,jellyfish
292018,article_jvolumn,55,1.0000,jellyfish
181456,article_jvolumn,12,0.6000,jellyfish
668772,article_jvolumn,1,0.6000,jellyfish
276001,article_jvolumn,43,1.0000,jellyfish
788507,article_jvolumn,67,1.0000,jellyfish
620483,article_jvolumn,28,1.0000,jellyfish
433039,article_jvolumn,0,1.0000,jellyfish
737167,article_jvolumn,23,1.0000,jellyfish
744601,article_jvolumn,17,0.8000,jellyfish
856471,article_jvolumn,305,0.2000,jellyfish
570704,article_jvolumn,48,1.0000,jellyfish
520153,article_jvolumn,240,1.0000,jellyfish
259267,article_jvolumn,56,0.8000,jellyfish
24381,article_jvolumn,53,1.0000,jellyfish
827921,article_jvolumn,32,0.6000,jellyfish
461204,article_jvolumn,1,0.6000,jellyfish
482860,article_jvolumn,27,1.0000,jellyfish
18298,article_jvolumn,"None provided. Please provide the corrected value of article_jvolumn. If the current value is already correct, repeat it exactly unchanged.",1.0000,jellyfish
365654,article_jvolumn,13,0.6000,jellyfish
625306,article_jvolumn,89,1.0000,jellyfish
572343,article_jvolumn,80,0.6000,jellyfish
88262,article_jvolumn,106 → 107,0.6000,jellyfish
663339,article_jvolumn,26,1.0000,jellyfish
718292,article_jvolumn,54,0.8000,jellyfish
245200,article_jvolumn,158 → 159,1.0000,jellyfish
307302,article_jvolumn,14,1.0000,jellyfish
217418,article_jvolumn,13,1.0000,jellyfish
413717,article_jvolumn,111 → 12,0.6000,jellyfish
62246,article_jvolumn,27,1.0000,jellyfish
945021,article_jvolumn,14,1.0000,jellyfish
649817,article_jvolumn,22,1.0000,jellyfish
934327,article_jvolumn,0,1.0000,jellyfish
546484,article_jvolumn,10,1.0000,jellyfish
917231,article_jvolumn,34,1.0000,jellyfish
887418,article_jvolumn,50,0.6000,jellyfish
724055,article_jvolumn,56,0.8000,jellyfish
63738,article_jvolumn,51,0.6000,jellyfish
422739,article_jvolumn,12,0.8000,jellyfish
97795,article_jvolumn,27,1.0000,jellyfish
155127,article_jvolumn,118 → 119,1.0000,jellyfish
100986,article_jvolumn,None provided,0.6000,jellyfish
166179,article_jvolumn,128,0.8000,jellyfish
740811,article_jvolumn,33,1.0000,jellyfish
379577,article_jvolumn,50,0.8000,jellyfish
658981,article_jvolumn,65,1.0000,jellyfish
215650,article_jvolumn,3,0.6000,jellyfish
521132,article_jvolumn,41,0.6000,jellyfish
892609,article_jvolumn,1,1.0000,jellyfish
366275,article_jvolumn,19,0.6000,jellyfish
513630,article_jvolumn,106,1.0000,jellyfish
605423,article_jvolumn,29,0.8000,jellyfish
495319,article_jvolumn,16,0.8000,jellyfish
733752,article_jvolumn,12,0.8000,jellyfish
252118,article_jvolumn,13,0.8000,jellyfish
903817,article_jvolumn,15,0.6000,jellyfish
80799,article_jvolumn,53,1.0000,jellyfish
385163,article_jvolumn,25,0.8000,jellyfish
645061,article_jvolumn,29,1.0000,jellyfish
164721,article_jvolumn,13,1.0000,jellyfish
730721,article_jvolumn,0,0.6000,jellyfish
439302,article_jvolumn,12,0.4000,jellyfish
410748,article_jvolumn,7,0.6000,jellyfish
133777,article_jvolumn,61,1.0000,jellyfish
775428,article_jvolumn,289,0.8000,jellyfish
497593,article_jvolumn,64,1.0000,jellyfish
899060,article_jvolumn,71,0.8000,jellyfish
424254,article_jvolumn,288 → 145,1.0000,jellyfish
161290,article_jvolumn,31,0.4000,jellyfish
746312,article_jvolumn,41,1.0000,jellyfish
191138,article_jvolumn,14,0.8000,jellyfish
743819,article_jvolumn,22,1.0000,jellyfish
193292,article_jvolumn,4,0.6000,jellyfish
91852,article_jvolumn,173 → 174,0.8000,jellyfish
663526,article_jvolumn,29,1.0000,jellyfish
382853,article_jvolumn,70,1.0000,jellyfish
1266,article_jvolumn,12,0.8000,jellyfish
407082,article_jvolumn,58,1.0000,jellyfish
411673,article_jvolumn,141,0.8000,jellyfish
382297,article_jvolumn,6,1.0000,jellyfish
414396,article_jvolumn,123,0.4000,jellyfish
635082,article_jvolumn,103,1.0000,jellyfish
446599,article_jvolumn,0,1.0000,jellyfish
376525,article_jvolumn,120 → 121,0.4000,jellyfish
637323,article_jvolumn,33,0.8000,jellyfish
153797,article_jvolumn,15,1.0000,jellyfish
470179,article_jvolumn,11,0.8000,jellyfish
9325,article_jvolumn,21,0.6000,jellyfish
294719,article_jvolumn,40,1.0000,jellyfish
38130,article_jvolumn,23 → 24,0.6000,jellyfish
455697,article_jvolumn,1,0.4000,jellyfish
518335,article_jvolumn,360,0.6000,jellyfish
503528,article_jvolumn,35,1.0000,jellyfish
503354,article_jvolumn,175,1.0000,jellyfish
176844,article_jvolumn,15,1.0000,jellyfish
820549,article_jvolumn,12,0.8000,jellyfish
250975,article_jvolumn,13,0.6000,jellyfish
37173,article_jvolumn,27 → 27,0.8000,jellyfish
641251,article_jvolumn,66,1.0000,jellyfish
302179,article_jvolumn,1,0.8000,jellyfish
627882,article_jvolumn,22,1.0000,jellyfish
264151,article_jvolumn,11,1.0000,jellyfish
711975,article_jvolumn,121 → 136,0.6000,jellyfish
12554,article_jvolumn,13,1.0000,jellyfish
564924,article_jvolumn,87,0.8000,jellyfish
364080,article_jvolumn,12,1.0000,jellyfish
727134,article_jvolumn,1,0.6000,jellyfish
356635,article_jvolumn,136,1.0000,jellyfish
272721,article_jvolumn,124,0.6000,jellyfish
979725,article_jvolumn,18,1.0000,jellyfish
470615,article_jvolumn,44,0.4000,jellyfish
71351,article_jvolumn,Volume 21,0.2500,jellyfish
793299,article_jvolumn,31,0.6000,jellyfish
673560,article_jvolumn,143 → 143 (no change needed),0.8000,jellyfish
258181,article_jvolumn,48,1.0000,jellyfish
11709,article_jvolumn,119,0.6000,jellyfish
603381,article_jvolumn,None provided,1.0000,jellyfish
570263,article_jvolumn,63,0.4000,jellyfish
395807,article_jvolumn,40,0.8000,jellyfish
149836,article_jvolumn,12,0.6000,jellyfish
813023,article_jvolumn,21,1.0000,jellyfish
691035,article_jvolumn,4,1.0000,jellyfish
801512,article_jvolumn,21,1.0000,jellyfish
121133,article_jvolumn,1,0.4000,jellyfish
82486,article_jvolumn,289 → 287,0.6000,jellyfish
136032,article_jvolumn,19,0.6000,jellyfish
131606,article_jvolumn,20,0.6000,jellyfish
448384,article_jvolumn,0,1.0000,jellyfish
57286,article_jvolumn,43,1.0000,jellyfish
622636,article_jvolumn,76,1.0000,jellyfish
107979,article_jvolumn,27,1.0000,jellyfish
252990,article_jvolumn,25,1.0000,jellyfish
861475,article_jvolumn,9 → 10,0.6000,jellyfish
503159,article_jvolumn,63,0.8000,jellyfish
325081,article_jvolumn,1,0.4000,jellyfish
399134,article_jvolumn,56,1.0000,jellyfish
315951,article_jvolumn,55,0.8000,jellyfish
98479,article_jvolumn,"None provided. Please provide the corrected value for the attribute to correct, article_jvolumn. If the current value is already correct, repeat it exactly unchanged.",0.2000,jellyfish
673307,article_jvolumn,8,1.0000,jellyfish
730754,article_jvolumn,12,0.4000,jellyfish
953002,article_jvolumn,25,0.6000,jellyfish
246067,article_jvolumn,38,1.0000,jellyfish
161814,article_jvolumn,23,0.4000,jellyfish
8529,article_jvolumn,39,1.0000,jellyfish
198813,article_jvolumn,39,1.0000,jellyfish
535901,article_jvolumn,3,0.6000,jellyfish
15325,article_jvolumn,41,0.6000,jellyfish
162189,article_jvolumn,90,1.0000,jellyfish
434500,article_jvolumn,1,1.0000,jellyfish
197174,article_jvolumn,41,0.4000,jellyfish
6786,article_jvolumn,116,0.8000,jellyfish
309274,article_jvolumn,32,1.0000,jellyfish
672671,article_jvolumn,14,1.0000,jellyfish
819735,article_jvolumn,146 → 147,0.4000,jellyfish
21599,article_jvolumn,145 → 146,1.0000,jellyfish
980682,article_jvolumn,42,0.8000,jellyfish
547657,article_jvolumn,1,0.6000,jellyfish
682676,article_jvolumn,30,1.0000,jellyfish
820238,article_jvolumn,40,1.0000,jellyfish
82540,article_jvolumn,119,0.6000,jellyfish
776189,article_jvolumn,104,1.0000,jellyfish
422951,article_jvolumn,12,1.0000,jellyfish
228622,article_jvolumn,24,1.0000,jellyfish
514759,article_jvolumn,82,1.0000,jellyfish
26216,article_jvolumn,23,1.0000,jellyfish
164517,article_jvolumn,23,1.0000,jellyfish
973603,article_jvolumn,0,0.6000,jellyfish
345575,article_jvolumn,56,1.0000,jellyfish
304082,article_jvolumn,57,1.0000,jellyfish
33728,article_jvolumn,71,0.8000,jellyfish
109595,article_jvolumn,16,0.8000,jellyfish
772026,article_jvolumn,0,1.0000,jellyfish
424870,article_jvolumn,22 → 38,0.6000,jellyfish
904168,article_jvolumn,13,0.8000,jellyfish
916713,article_jvolumn,32,1.0000,jellyfish
819804,article_jvolumn,7,0.6000,jellyfish
892141,article_jvolumn,34,1.0000,jellyfish
409335,article_jvolumn,119 → 136,0.4000,jellyfish
166779,article_jvolumn,81 → 1,1.0000,jellyfish
720526,article_jvolumn,25,0.4000,jellyfish
513503,article_jvolumn,84,1.0000,jellyfish
83012,article_jvolumn,31,1.0000,jellyfish
438681,article_jvolumn,0,1.0000,jellyfish
317155,article_jvolumn,0,0.6000,jellyfish
261121,article_jvolumn,101,0.4000,jellyfish
296269,article_jvolumn,2.05427E+015,1.0000,jellyfish
960478,article_jvolumn,13,0.6000,jellyfish
741988,article_jvolumn,42,0.8000,jellyfish
589265,article_jvolumn,33,1.0000,jellyfish
931944,article_jvolumn,4,1.0000,jellyfish
305933,article_jvolumn,15,1.0000,jellyfish
360693,article_jvolumn,12,0.8000,jellyfish
772745,article_jvolumn,20,0.8000,jellyfish
683893,article_jvolumn,15,1.0000,jellyfish
168157,article_jvolumn,12,1.0000,jellyfish
97775,article_jvolumn,14,0.6000,jellyfish
740227,article_jvolumn,44,1.0000,jellyfish
449419,article_jvolumn,1,1.0000,jellyfish
456934,article_jvolumn,0,1.0000,jellyfish
134738,article_jvolumn,17,1.0000,jellyfish
66579,article_jvolumn,9,1.0000,jellyfish
557824,article_jvolumn,27,1.0000,jellyfish
215820,article_jvolumn,26,1.0000,jellyfish
658982,article_jvolumn,34,1.0000,jellyfish
272806,article_jvolumn,35,1.0000,jellyfish
773090,article_jvolumn,7,0.6000,jellyfish
500618,article_jvolumn,26,0.4000,jellyfish
385346,article_jvolumn,25,1.0000,jellyfish
938092,article_jvolumn,123,0.8000,jellyfish
383183,article_jvolumn,174 → 175,1.0000,jellyfish
889260,article_jvolumn,42,1.0000,jellyfish
392576,article_jvolumn,19,0.8000,jellyfish
209012,article_jvolumn,40,1.0000,jellyfish
961006,article_jvolumn,8,1.0000,jellyfish
786558,article_jvolumn,1,1.0000,jellyfish
35875,article_jvolumn,54,1.0000,jellyfish
882786,article_jvolumn,83,0.8000,jellyfish
332926,article_jvolumn,24,1.0000,jellyfish
109843,article_jvolumn,379,0.8000,jellyfish
820688,article_jvolumn,9,0.4000,jellyfish
817811,article_jvolumn,13,1.0000,jellyfish
855970,article_jvolumn,202 → 193,0.6000,jellyfish
643856,article_jvolumn,7,0.4000,jellyfish
482584,article_jvolumn,239,0.8000,jellyfish
553088,article_jvolumn,15,1.0000,jellyfish
575935,article_jvolumn,101 → 101,0.4000,jellyfish
450760,article_jvolumn,1,0.6000,jellyfish
160121,article_jvolumn,65 → 68,0.8000,jellyfish
471093,article_jvolumn,0,0.6000,jellyfish
84783,article_jvolumn,153 → 153 (no change needed),0.6000,jellyfish
894794,article_jvolumn,7457,1.0000,jellyfish
481173,article_jvolumn,29 → 30,1.0000,jellyfish
946487,article_jvolumn,38,0.6000,jellyfish
685456,article_jvolumn,65,0.6000,jellyfish
6028,article_jvolumn,19,0.8000,jellyfish
48202,article_jvolumn,3,0.4000,jellyfish
558738,article_jvolumn,51,1.0000,jellyfish
908011,article_jvolumn,14,0.6000,jellyfish
260738,article_jvolumn,21,0.6000,jellyfish
979155,article_jvolumn,55,1.0000,jellyfish
752075,article_jvolumn,72,0.4000,jellyfish
670823,article_jvolumn,188,1.0000,jellyfish
73289,article_jvolumn,35,1.0000,jellyfish
426134,article_jvolumn,11,0.8000,jellyfish
255382,article_jvolumn,30,0.6000,jellyfish
979472,article_jvolumn,118,0.4000,jellyfish
814758,article_jvolumn,78,1.0000,jellyfish
226417,article_jvolumn,Volume 2,0.5000,jellyfish
968815,article_jvolumn,26,0.8000,jellyfish
734259,article_jvolumn,13,1.0000,jellyfish
235295,article_jissue,64,0.8000,jellyfish
498345,article_jissue,None provided,1.0000,jellyfish
789958,article_jissue,54,1.0000,jellyfish
169865,article_jissue,1,1.0000,jellyfish
803653,article_jissue,33,1.0000,jellyfish
98234,article_jissue,4,0.6000,jellyfish
823730,article_jissue,3,0.8000,jellyfish
729712,article_jissue,1,0.4000,jellyfish
396821,article_jissue,7,0.6000,jellyfish
340222,article_jissue,935,0.8000,jellyfish
184417,article_jissue,14,1.0000,jellyfish
729686,article_jissue,8,1.0000,jellyfish
278396,article_jissue,5,0.6000,jellyfish
965082,article_jissue,8,0.8000,jellyfish
53321,article_jissue,35,1.0000,jellyfish
13601,article_jissue,7,0.8000,jellyfish
668310,article_jissue,7,1.0000,jellyfish
282987,article_jissue,2,1.0000,jellyfish
478292,article_jissue,139,0.8000,jellyfish
43736,article_jissue,7,1.0000,jellyfish
82614,article_jissue,6,1.0000,jellyfish
163526,article_jissue,1,1.0000,jellyfish
514411,article_jissue,7,1.0000,jellyfish
569841,article_jissue,19,0.4000,jellyfish
6207,article_jissue,47,0.8000,jellyfish
21910,article_jissue,6,0.6000,jellyfish
378490,article_jissue,12,1.0000,jellyfish
971878,article_jissue,35,1.0000,jellyfish
793918,article_jissue,8,1.0000,jellyfish
819166,article_jissue,7,0.6000,jellyfish
880881,article_jissue,52,0.8000,jellyfish
629530,article_jissue,17,1.0000,jellyfish
954388,article_jissue,1,0.8000,jellyfish
379737,article_jissue,904,0.6000,jellyfish
676042,article_jissue,2,1.0000,jellyfish
353972,article_jissue,2,0.6000,jellyfish
968125,article_jissue,2,1.0000,jellyfish
660168,article_jissue,3,0.8000,jellyfish
732534,article_jissue,8,1.0000,jellyfish
473026,article_jissue,5,1.0000,jellyfish
372175,article_jissue,2,1.0000,jellyfish
110072,article_jissue,12,0.6000,jellyfish
330553,article_jissue,34,1.0000,jellyfish
23215,article_jissue,27,1.0000,jellyfish
719532,article_jissue,42,0.6000,jellyfish
86421,article_jissue,10,1.0000,jellyfish
433667,article_jissue,1,1.0000,jellyfish
530323,article_jissue,10,1.0000,jellyfish
102893,article_jissue,19,0.8000,jellyfish
864817,article_jissue,12,0.8000,jellyfish
217725,article_jissue,2,1.0000,jellyfish
730822,article_jissue,7,1.0000,jellyfish
659297,article_jissue,91,1.0000,jellyfish
42247,article_jissue,7,1.0000,jellyfish
302969,article_jissue,3,1.0000,jellyfish
616298,article_jissue,8,0.8000,jellyfish
221086,article_jissue,1,1.0000,jellyfish
548616,article_jissue,1,1.0000,jellyfish
669596,article_jissue,22,0.6000,jellyfish
474288,article_jissue,6,1.0000,jellyfish
108424,article_jissue,3,1.0000,jellyfish
841679,article_jissue,26,1.0000,jellyfish
173830,article_jissue,2,0.6000,jellyfish
852927,article_jissue,34,1.0000,jellyfish
237623,article_jissue,"2008, Vol. 6, No. 2",0.4000,jellyfish
912884,article_jissue,1,1.0000,jellyfish
318931,article_jissue,3,1.0000,jellyfish
93659,article_jissue,9,0.6000,jellyfish
349150,article_jissue,7,0.8000,jellyfish
572010,article_jissue,2,1.0000,jellyfish
826030,article_jissue,3,1.0000,jellyfish
34962,article_jissue,112,0.6000,jellyfish
574309,article_jissue,7,1.0000,jellyfish
200077,article_jissue,4,0.8000,jellyfish
421512,article_jissue,1,1.0000,jellyfish
715052,article_jissue,3,1.0000,jellyfish
172966,article_jissue,13,1.0000,jellyfish
140274,article_jissue,19,1.0000,jellyfish
282039,article_jissue,7,0.8000,jellyfish
835177,article_jissue,3,1.0000,jellyfish
519732,article_jissue,1,1.0000,jellyfish
761104,article_jissue,1,1.0000,jellyfish
408062,article_jissue,4,1.0000,jellyfish
889481,article_jissue,3,1.0000,jellyfish
894596,article_jissue,1,0.6000,jellyfish
604985,article_jissue,2,1.0000,jellyfish
220950,article_jissue,4,0.4000,jellyfish
770196,article_jissue,5,0.6000,jellyfish
914468,article_jissue,3,0.6000,jellyfish
346326,article_jissue,10,0.8000,jellyfish
612846,article_jissue,27,1.0000,jellyfish
282053,article_jissue,1,0.6000,jellyfish
870257,article_jissue,7,1.0000,jellyfish
417578,article_jissue,19,0.8000,jellyfish
949067,article_jissue,3 → 3,0.6000,jellyfish
931323,article_jissue,1,1.0000,jellyfish
752456,article_jissue,7,1.0000,jellyfish
377284,article_jissue,3,0.8000,jellyfish
420138,article_jissue,3,1.0000,jellyfish
444273,article_jissue,1,1.0000,jellyfish
816680,article_jissue,5,0.6000,jellyfish
491006,article_jissue,2,0.6000,jellyfish
628299,article_jissue,2,1.0000,jellyfish
72089,article_jissue,4,1.0000,jellyfish
847287,article_jissue,15,1.0000,jellyfish
764224,article_jissue,3,1.0000,jellyfish
591619,article_jissue,39,1.0000,jellyfish
125072,article_jissue,3,1.0000,jellyfish
255432,article_jissue,CD001047,0.8000,jellyfish
689284,article_jissue,9,0.6000,jellyfish
781141,article_jissue,8,0.6000,jellyfish
148787,article_jissue,1,1.0000,jellyfish
779281,article_jissue,6,0.4000,jellyfish
684757,article_jissue,7,0.4000,jellyfish
447382,article_jissue,1,0.6000,jellyfish
585766,article_jissue,41,1.0000,jellyfish
185291,article_jissue,1,1.0000,jellyfish
886237,article_jissue,11,1.0000,jellyfish
954493,article_jissue,1,1.0000,jellyfish
922646,article_jissue,6,1.0000,jellyfish
843485,article_jissue,2,1.0000,jellyfish
668845,article_jissue,S2,0.8000,jellyfish
863844,article_jissue,6,1.0000,jellyfish
946006,article_jissue,21,1.0000,jellyfish
36429,article_jissue,7,0.6000,jellyfish
259367,article_jissue,0,0.6000,jellyfish
977276,article_jissue,3,0.4000,jellyfish
369578,article_jissue,10,1.0000,jellyfish
772616,article_jissue,11,1.0000,jellyfish
334681,article_jissue,61,1.0000,jellyfish
757463,article_jissue,68,0.8000,jellyfish
465176,article_jissue,1,1.0000,jellyfish
368072,article_jissue,933,1.0000,jellyfish
812893,article_jissue,3,0.6000,jellyfish
380945,article_jissue,55,1.0000,jellyfish
513829,article_jissue,43,1.0000,jellyfish
862798,article_jissue,3,1.0000,jellyfish
316632,article_jissue,2,1.0000,jellyfish
38413,article_jissue,1,1.0000,jellyfish
595469,article_jissue,5,0.8000,jellyfish
49698,article_jissue,1,1.0000,jellyfish
900624,article_jissue,0,1.0000,jellyfish
246528,article_jissue,30,1.0000,jellyfish
347144,article_jissue,3,0.8000,jellyfish
957059,article_jissue,4,0.8000,jellyfish
269313,article_jissue,5,0.8000,jellyfish
267879,article_jissue,6,0.4000,jellyfish
224232,article_jissue,6,1.0000,jellyfish
62306,article_jissue,5,0.6000,jellyfish
182986,article_jissue,3,1.0000,jellyfish
663994,article_jissue,13,1.0000,jellyfish
520771,article_jissue,23,1.0000,jellyfish
754594,article_jissue,7,1.0000,jellyfish
817046,article_jissue,3,1.0000,jellyfish
736183,article_jissue,37,0.6000,jellyfish
963532,article_jissue,11,1.0000,jellyfish
131820,article_jissue,18,1.0000,jellyfish
704093,article_jissue,80,1.0000,jellyfish
912377,article_jissue,2,0.6000,jellyfish
203935,article_jissue,13,0.6000,jellyfish
68354,article_jissue,8,0.6000,jellyfish
259916,article_jissue,1,0.6000,jellyfish
199407,article_jissue,3,1.0000,jellyfish
790756,article_jissue,3 → 2,0.6000,jellyfish
592893,article_jissue,2,1.0000,jellyfish
232775,article_jissue,3,0.6000,jellyfish
631610,article_jissue,8,0.6000,jellyfish
901298,article_jissue,8,0.4000,jellyfish
456691,article_jissue,1,1.0000,jellyfish
429995,article_jissue,7,1.0000,jellyfish
709359,article_jissue,3,0.8000,jellyfish
690938,article_jissue,34,1.0000,jellyfish
910604,article_jissue,4,0.8000,jellyfish
730191,article_jissue,3,1.0000,jellyfish
42135,article_jissue,850,1.0000,jellyfish
835178,article_jissue,1,1.0000,jellyfish
335521,article_jissue,17,0.8000,jellyfish
22708,article_jissue,3,0.8000,jellyfish
704111,article_jissue,36,1.0000,jellyfish
804762,article_jissue,99,1.0000,jellyfish
657210,article_jissue,1/2,0.5000,jellyfish
431896,article_jissue,12,0.4000,jellyfish
490584,article_jissue,11,0.6000,jellyfish
929252,article_jissue,7,0.8000,jellyfish
821382,article_jissue,7,1.0000,jellyfish
961741,article_jissue,1,1.0000,jellyfish
925885,article_jissue,12,0.4000,jellyfish
717315,article_jissue,3,0.8000,jellyfish
967781,article_jissue,3,1.0000,jellyfish
928952,article_jissue,7,0.6000,jellyfish
225002,article_jissue,38,1.0000,jellyfish
550350,article_jissue,7,0.6000,jellyfish
622979,article_jissue,10,0.8000,jellyfish
501663,article_jissue,5,0.8000,jellyfish
48738,article_jissue,1,0.6000,jellyfish
143029,article_jissue,"None provided. Please provide the corrected value for the attribute 'article_jissue' in the rayyan record. If the current value is already correct, repeat it",0.2500,jellyfish
667611,article_jissue,12,1.0000,jellyfish
565079,article_jissue,2,1.0000,jellyfish
348006,article_jissue,4,0.6000,jellyfish
55412,article_jissue,15,0.6667,jellyfish
546048,article_jissue,1,1.0000,jellyfish
979292,article_jissue,11,1.0000,jellyfish
971456,article_jissue,5,0.6000,jellyfish
533193,article_jissue,28,0.6000,jellyfish
970436,article_jissue,64,1.0000,jellyfish
437969,article_jissue,1,0.4000,jellyfish
464335,article_jissue,0,0.6000,jellyfish
417782,article_jissue,4,0.6000,jellyfish
661572,article_jissue,7,0.8000,jellyfish
132901,article_jissue,7,1.0000,jellyfish
245822,article_jissue,27,0.4000,jellyfish
440401,article_jissue,1,1.0000,jellyfish
77389,article_jissue,84,0.8000,jellyfish
592817,article_jissue,3,0.8000,jellyfish
169270,article_jissue,7,1.0000,jellyfish
288711,article_jissue,10,0.6000,jellyfish
184949,article_jissue,1,1.0000,jellyfish
833251,article_jissue,1,0.6000,jellyfish
470174,article_jissue,22,1.0000,jellyfish
315926,article_jissue,3,0.6000,jellyfish
901385,article_jissue,71,0.4000,jellyfish
787529,article_jissue,33,1.0000,jellyfish
431348,article_jissue,1,0.8000,jellyfish
441393,article_jissue,1,1.0000,jellyfish
481882,article_jissue,9,1.0000,jellyfish
572425,article_jissue,3 → 6,0.6000,jellyfish
581864,article_jissue,2,1.0000,jellyfish
455406,article_jissue,1,1.0000,jellyfish
696362,article_jissue,4,1.0000,jellyfish
504206,article_jissue,3 → 3 (no change needed),0.4000,jellyfish
800900,article_jissue,23,1.0000,jellyfish
235689,article_jissue,7,1.0000,jellyfish
659896,article_jissue,35,0.6000,jellyfish
84944,article_jissue,56,1.0000,jellyfish
326944,article_jissue,4,1.0000,jellyfish
922795,article_jissue,45,0.6000,jellyfish
768486,article_jissue,e007,0.6000,jellyfish
428363,article_jissue,43,0.6000,jellyfish
519287,article_jissue,8,0.4000,jellyfish
638918,article_jissue,2,0.6000,jellyfish
111336,article_jissue,4,0.8000,jellyfish
747279,article_jissue,1,1.0000,jellyfish
674696,article_jissue,4 → 4,0.4000,jellyfish
258108,article_jissue,1,0.6000,jellyfish
59308,article_jissue,16,0.8000,jellyfish
610641,article_jissue,4,1.0000,jellyfish
631704,article_jissue,1,0.8000,jellyfish
846537,article_jissue,7,0.6000,jellyfish
973076,article_jissue,7,0.4000,jellyfish
931402,article_jissue,2,0.8000,jellyfish
908690,article_jissue,1,1.0000,jellyfish
417373,article_jissue,1,1.0000,jellyfish
759329,article_jissue,117 → 3,0.6000,jellyfish
386327,article_jissue,23,0.8000,jellyfish
695010,article_jissue,2,0.4000,jellyfish
191908,article_jissue,7,0.8000,jellyfish
384767,article_jissue,7,1.0000,jellyfish
855912,article_jissue,23,1.0000,jellyfish
710727,article_jissue,4,1.0000,jellyfish
816996,article_jissue,2,0.8000,jellyfish
625016,article_jissue,7,0.8000,jellyfish
275675,article_jissue,41,1.0000,jellyfish
967376,article_jissue,4,1.0000,jellyfish
640230,article_jissue,3,1.0000,jellyfish
625663,article_jissue,8,0.8000,jellyfish
480649,article_jissue,12,1.0000,jellyfish
782541,article_jissue,7,1.0000,jellyfish
692358,article_jissue,10,1.0000,jellyfish
836847,article_jissue,33,1.0000,jellyfish
867207,article_jissue,1,1.0000,jellyfish
253149,article_jissue,1,1.0000,jellyfish
929971,article_jissue,5,0.8000,jellyfish
470385,article_jissue,6,0.6000,jellyfish
731703,article_jissue,1,0.8000,jellyfish
113399,article_jissue,1,1.0000,jellyfish
685178,article_jissue,122,0.8000,jellyfish
653325,article_jissue,45,1.0000,jellyfish
893573,article_jissue,1,1.0000,jellyfish
56272,article_jissue,8,1.0000,jellyfish
737786,article_jissue,1,1.0000,jellyfish
680306,article_jissue,7,1.0000,jellyfish
53877,article_jissue,23,0.6000,jellyfish
504928,article_jissue,4,0.6000,jellyfish
198650,article_jissue,1,1.0000,jellyfish
671386,article_jissue,7,1.0000,jellyfish
981412,article_jissue,0 → 1,0.4000,jellyfish
785472,article_jissue,7,1.0000,jellyfish
734077,article_jissue,7,0.6000,jellyfish
46028,article_jissue,7,0.8000,jellyfish
743129,article_jissue,7,1.0000,jellyfish
392246,article_jissue,40,1.0000,jellyfish
904889,article_jissue,1,0.8000,jellyfish
360147,article_jissue,7,1.0000,jellyfish
670289,article_jissue,35,0.6000,jellyfish
821702,article_jissue,20,0.6000,jellyfish
188890,article_jissue,78 Suppl. 1,0.6000,jellyfish
321660,article_jissue,4,0.6000,jellyfish
427455,article_jissue,6,0.4000,jellyfish
246204,article_jissue,2,1.0000,jellyfish
857402,article_jissue,12,0.4000,jellyfish
704357,article_jissue,3,1.0000,jellyfish
716785,article_jissue,2,0.8000,jellyfish
746065,article_jissue,1,1.0000,jellyfish
738322,article_jissue,7,1.0000,jellyfish
934177,article_jissue,0,0.6000,jellyfish
351534,article_jissue,7,1.0000,jellyfish
872389,article_jissue,49,0.8000,jellyfish
499983,article_jissue,147,0.8000,jellyfish
452432,article_jissue,0,0.8000,jellyfish
320139,article_jissue,7,0.4000,jellyfish
735083,article_jissue,None provided,0.5000,jellyfish
978471,article_jissue,1,1.0000,jellyfish
152626,article_jissue,1,1.0000,jellyfish
90272,article_jissue,2,0.6000,jellyfish
776651,article_jissue,22,1.0000,jellyfish
931361,article_jissue,6,0.6000,jellyfish
623358,article_jissue,1,1.0000,jellyfish
385940,article_jissue,24,1.0000,jellyfish
951168,article_jissue,40,1.0000,jellyfish
515254,article_jissue,4,0.8000,jellyfish
674623,article_jissue,3,1.0000,jellyfish
226419,article_jissue,"None provided. Please provide the corrected value for the attribute to correct, article_jissue.",0.5000,jellyfish
178078,article_jissue,1,1.0000,jellyfish
453637,article_jissue,1,0.6000,jellyfish
57483,article_jissue,4,0.8000,jellyfish
462849,article_jissue,0,0.6000,jellyfish
338547,article_jissue,3,1.0000,jellyfish
438808,article_jissue,0,0.8000,jellyfish
352040,article_jissue,4,1.0000,jellyfish
887131,article_jissue,26,1.0000,jellyfish
182296,article_jissue,1,0.6000,jellyfish
49847,article_jissue,5,1.0000,jellyfish
524073,article_jissue,7,0.8000,jellyfish
348813,article_jissue,7,0.8000,jellyfish
427933,article_jissue,4,0.8000,jellyfish
6862,article_jissue,7,1.0000,jellyfish
853676,article_jissue,3,0.6000,jellyfish
556116,article_jissue,3,1.0000,jellyfish
734870,article_jissue,### Explanation:,0.6667,jellyfish
540850,article_jissue,1,0.6000,jellyfish
465756,article_jissue,1,1.0000,jellyfish
762269,article_jissue,4,0.6000,jellyfish
441902,article_jissue,1,0.6000,jellyfish
950233,article_jissue,3,1.0000,jellyfish
621415,article_jissue,32,1.0000,jellyfish
633877,article_jissue,11,0.6000,jellyfish
756208,article_jissue,3,0.6000,jellyfish
97853,article_jissue,10,0.6000,jellyfish
720775,article_jissue,3,0.6000,jellyfish
294439,article_jissue,12,1.0000,jellyfish
375430,article_jissue,1,1.0000,jellyfish
689666,article_jissue,8,1.0000,jellyfish
896848,article_jissue,4,1.0000,jellyfish
231182,article_jissue,3,0.8000,jellyfish
232896,article_jissue,None provided,1.0000,jellyfish
798716,article_jissue,50,0.6000,jellyfish
704812,article_jissue,2,0.6000,jellyfish
203084,article_jissue,2,1.0000,jellyfish
81959,article_jissue,None provided,1.0000,jellyfish
235924,article_jissue,25,1.0000,jellyfish
291020,article_jissue,1,0.8000,jellyfish
408188,article_jissue,19,1.0000,jellyfish
283460,article_jissue,4,1.0000,jellyfish
563505,article_jissue,"None provided. Please provide the corrected value for the attribute 'article_jissue'. If the current value is already correct, repeat it exactly unchanged. Otherwise, provide",0.2500,jellyfish
761676,article_jissue,3,1.0000,jellyfish
923043,article_jissue,43,1.0000,jellyfish
248075,article_jissue,41,1.0000,jellyfish
313030,article_jissue,24,0.8000,jellyfish
885384,article_jissue,4,0.6000,jellyfish
361906,article_jissue,7,0.4000,jellyfish
180827,article_jissue,1,0.8000,jellyfish
723057,article_jissue,1,1.0000,jellyfish
894502,article_jissue,2,0.8000,jellyfish
793410,article_jissue,61,1.0000,jellyfish
816944,article_jissue,6,1.0000,jellyfish
632040,article_jissue,13,0.8000,jellyfish
752280,article_jissue,1,0.6000,jellyfish
716594,article_jissue,7,1.0000,jellyfish
919751,article_jissue,5,0.8000,jellyfish
60309,article_jissue,7,1.0000,jellyfish
757176,article_jissue,8,1.0000,jellyfish
261329,article_jissue,3,0.4000,jellyfish
615903,article_jissue,43,1.0000,jellyfish
169524,article_jissue,1,1.0000,jellyfish
178424,article_jissue,1,0.8000,jellyfish
716357,article_jissue,3,1.0000,jellyfish
448010,article_jissue,1,0.6000,jellyfish
788729,article_jissue,5,0.4000,jellyfish
624354,article_jissue,3,1.0000,jellyfish
112716,article_jissue,3,0.6000,jellyfish
881020,article_jissue,21,0.4000,jellyfish
605643,article_jissue,29,1.0000,jellyfish
5782,article_jissue,129,0.8000,jellyfish
852332,article_jissue,1044,0.4000,jellyfish
343395,article_jissue,2,0.4000,jellyfish
826830,article_jissue,4,0.6000,jellyfish
905100,article_jissue,2,1.0000,jellyfish
34517,article_jissue,35,1.0000,jellyfish
771377,article_jissue,4 → 3,0.4000,jellyfish
32426,article_jissue,51,0.8000,jellyfish
722451,article_jissue,5,0.6000,jellyfish
318542,article_jissue,35,0.8000,jellyfish
533425,article_jissue,33,0.8000,jellyfish
854232,article_jissue,9,0.6000,jellyfish
2842,article_jissue,4 → 4,0.8000,jellyfish
789057,article_jissue,7,0.8000,jellyfish
205187,article_jissue,1,1.0000,jellyfish
970712,article_jissue,17,1.0000,jellyfish
161630,article_jissue,0 → 3,0.8000,jellyfish
583682,article_jissue,15,1.0000,jellyfish
891722,article_jissue,8,1.0000,jellyfish
54613,article_jissue,1,0.4000,jellyfish
450749,article_jissue,0,0.8000,jellyfish
19086,article_jissue,15,0.6000,jellyfish
852213,article_jissue,2,1.0000,jellyfish
475847,article_jissue,3,1.0000,jellyfish
893664,article_jissue,27,0.8000,jellyfish
450528,article_jissue,0,0.6000,jellyfish
838034,article_jissue,4,1.0000,jellyfish
119186,article_jissue,42.3,0.6000,jellyfish
274083,article_jissue,37,1.0000,jellyfish
784224,article_jissue,32,1.0000,jellyfish
260769,article_jissue,1,1.0000,jellyfish
592831,article_jissue,127,0.6000,jellyfish
464911,article_jissue,1,0.6000,jellyfish
369162,article_jissue,9,0.8000,jellyfish
209896,article_jissue,4537,1.0000,jellyfish
217524,article_jissue,4,1.0000,jellyfish
694007,article_jissue,1,0.8000,jellyfish
53319,article_jissue,7,1.0000,jellyfish
962338,article_jissue,38,0.4000,jellyfish
972821,article_jissue,1,1.0000,jellyfish
587024,article_jissue,72,0.6000,jellyfish
49274,article_jissue,3,0.6000,jellyfish
687404,article_jissue,12,0.6000,jellyfish
858569,article_jissue,1,1.0000,jellyfish
982590,article_jissue,1,1.0000,jellyfish
853882,article_jissue,86,0.4000,jellyfish
743989,article_jissue,1,0.6000,jellyfish
71263,article_jissue,3,1.0000,jellyfish
111970,article_jissue,7,0.8000,jellyfish
941646,article_jissue,3,1.0000,jellyfish
397190,article_jissue,11,0.8000,jellyfish
98562,article_jissue,None provided,0.6667,jellyfish
56014,article_jissue,7,0.5000,jellyfish
911271,article_jissue,1,0.8000,jellyfish
565528,article_jissue,21,0.6000,jellyfish
951143,article_jissue,15,0.8000,jellyfish
658707,article_jissue,3,0.6000,jellyfish
84905,article_jissue,13,0.6000,jellyfish
891370,article_jissue,12,1.0000,jellyfish
697286,article_jissue,1,1.0000,jellyfish
819701,article_jissue,3,0.8000,jellyfish
855099,article_jissue,37,0.8000,jellyfish
123492,article_jissue,4,0.6000,jellyfish
226966,article_jissue,23,0.6000,jellyfish
850788,article_jissue,10,0.6000,jellyfish
811354,article_jissue,19,0.6000,jellyfish
323305,article_jissue,2,0.8000,jellyfish
485934,article_jissue,7,1.0000,jellyfish
743602,article_jissue,13,1.0000,jellyfish
960371,article_jissue,1,1.0000,jellyfish
944668,article_jissue,1,1.0000,jellyfish
873987,article_jissue,7,1.0000,jellyfish
968211,article_jissue,1,1.0000,jellyfish
299635,article_jissue,3,1.0000,jellyfish
846319,article_jissue,5,0.6000,jellyfish
263027,article_jissue,1,1.0000,jellyfish
788168,article_jissue,40,1.0000,jellyfish
146560,article_jissue,7,0.8000,jellyfish
498344,article_jissue,6240,0.4000,jellyfish
385772,article_jissue,None provided,1.0000,jellyfish
917417,article_jissue,1,1.0000,jellyfish
517503,article_jissue,13,1.0000,jellyfish
72325,article_jissue,155,0.6000,jellyfish
516758,article_jissue,57,1.0000,jellyfish
85920,article_jissue,55,0.4000,jellyfish
145874,article_jissue,4,1.0000,jellyfish
888553,article_jissue,3 → 12,0.4000,jellyfish
889580,article_jissue,3,0.8000,jellyfish
732272,article_jissue,2,1.0000,jellyfish
351877,article_jissue,3,1.0000,jellyfish
276000,article_jissue,3,0.8000,jellyfish
378289,article_jissue,3,0.6000,jellyfish
684476,article_jissue,2,0.8000,jellyfish
467344,article_jissue,1,0.6000,jellyfish
39687,article_jissue,1,1.0000,jellyfish
697880,article_jissue,1,1.0000,jellyfish
179093,article_jissue,1,0.8000,jellyfish
539034,article_jissue,20,1.0000,jellyfish
208435,article_jissue,8,0.8000,jellyfish
556624,article_jissue,4,1.0000,jellyfish
36253,article_jissue,4 → 8,0.6000,jellyfish
422857,article_jissue,8,0.8000,jellyfish
720372,article_jissue,7,0.6000,jellyfish
863342,article_jissue,29,1.0000,jellyfish
260745,article_jissue,1,0.6000,jellyfish
941515,article_jissue,2,0.6000,jellyfish
641972,article_jissue,7,0.6000,jellyfish
699523,article_jissue,3,0.6000,jellyfish
946112,article_jissue,23,0.6000,jellyfish
958639,article_jissue,7,0.6000,jellyfish
850418,article_jissue,23,1.0000,jellyfish
125302,article_jissue,2,1.0000,jellyfish
168889,article_jissue,27,0.8000,jellyfish
63977,article_jissue,20,0.8000,jellyfish
782211,article_jissue,7,0.6000,jellyfish
473599,article_jissue,5,1.0000,jellyfish
915463,article_jissue,14,1.0000,jellyfish
476199,article_jissue,57,0.4000,jellyfish
405141,article_jissue,f5001,1.0000,jellyfish
213794,article_jissue,3,1.0000,jellyfish
408902,article_jissue,3,1.0000,jellyfish
89897,article_jissue,5,0.8000,jellyfish
187552,article_jissue,7,0.8000,jellyfish
144339,article_jissue,4,0.4000,jellyfish
656518,article_jissue,65,1.0000,jellyfish
925315,article_jissue,40,0.8000,jellyfish
130308,article_jissue,3,0.8000,jellyfish
237077,article_jissue,21,1.0000,jellyfish
600827,article_jissue,2,0.6000,jellyfish
851773,article_jissue,4,0.8000,jellyfish
67292,article_jissue,28940,0.8000,jellyfish
129698,article_jissue,21,1.0000,jellyfish
254327,article_jissue,3,1.0000,jellyfish
556803,article_jissue,37,1.0000,jellyfish
73792,article_jissue,2,0.8000,jellyfish
484593,article_jissue,10,1.0000,jellyfish
351700,article_jissue,0,1.0000,jellyfish
105981,article_jissue,5827,0.6000,jellyfish
408198,article_jissue,"None provided. Please provide the corrected value for the attribute 'article_jissue'. If the current value is already correct, repeat it exactly unchanged. Otherwise, provide",0.5000,jellyfish
30272,article_jissue,None provided,0.3333,jellyfish
623367,article_jissue,5,1.0000,jellyfish
13408,article_jissue,3,1.0000,jellyfish
449003,article_jissue,1,0.6000,jellyfish
299297,article_jissue,34,1.0000,jellyfish
302268,article_jissue,3,1.0000,jellyfish
592663,article_jissue,2,0.4000,jellyfish
520843,article_jissue,6,0.8000,jellyfish
460786,article_jissue,1,0.8000,jellyfish
866131,article_jissue,7,0.6000,jellyfish
751811,article_jissue,7461,1.0000,jellyfish
436781,article_jissue,0,0.6000,jellyfish
796900,article_jissue,44,0.6000,jellyfish
491837,article_jissue,3,0.6000,jellyfish
893227,article_jissue,1,1.0000,jellyfish
525874,article_jissue,3,0.6000,jellyfish
26475,article_jissue,6,0.8000,jellyfish
476191,article_jissue,None provided. Please provide the corrected value for the attribute 'article_jissue' in the rayyan record.,1.0000,jellyfish
719389,article_jissue,67,0.8000,jellyfish
467318,article_jissue,1,1.0000,jellyfish
268361,article_jissue,89,1.0000,jellyfish
664795,article_jissue,9,0.8000,jellyfish
102180,article_jissue,36,0.4000,jellyfish
258486,article_jissue,11,0.8000,jellyfish
961081,article_jissue,1,1.0000,jellyfish
52681,article_jissue,0,0.6000,jellyfish
828156,article_jissue,7,0.8000,jellyfish
812757,article_jissue,1,1.0000,jellyfish
713518,article_jissue,13,0.6000,jellyfish
180977,article_jissue,0,0.6000,jellyfish
828214,article_jissue,391,1.0000,jellyfish
176160,article_jissue,1,0.6000,jellyfish
677752,article_jissue,3,0.4000,jellyfish
107417,article_jissue,9453,0.8000,jellyfish
141282,article_jissue,29,0.8000,jellyfish
708911,article_jissue,3,1.0000,jellyfish
621640,article_jissue,12,0.6000,jellyfish
647583,article_jissue,4,1.0000,jellyfish
361080,article_jissue,41,0.6000,jellyfish
283168,article_jissue,7,1.0000,jellyfish
52633,article_jissue,1,1.0000,jellyfish
74821,article_jissue,35,1.0000,jellyfish
373015,article_jissue,4,0.8000,jellyfish
529562,article_jissue,5,0.8000,jellyfish
574242,article_jissue,4,1.0000,jellyfish
966388,article_jissue,4,1.0000,jellyfish
919014,article_jissue,29,1.0000,jellyfish
494428,article_jissue,8,1.0000,jellyfish
55809,article_jissue,4,1.0000,jellyfish
368651,article_jissue,20,0.8000,jellyfish
423691,article_jissue,8,1.0000,jellyfish
435904,article_jissue,12,1.0000,jellyfish
407245,article_jissue,90,0.6000,jellyfish
918698,article_jissue,11,1.0000,jellyfish
209138,article_jissue,18,0.8000,jellyfish
862844,article_jissue,14,0.4000,jellyfish
875733,article_jissue,11,0.6000,jellyfish
587683,article_jissue,32,1.0000,jellyfish
927711,article_jissue,8,0.8000,jellyfish
313584,article_jissue,11,0.4000,jellyfish
161847,article_jissue,1,0.8000,jellyfish
543292,article_jissue,1,0.8000,jellyfish
248064,article_jissue,4,1.0000,jellyfish
887041,article_jissue,4,0.6000,jellyfish
314737,article_jissue,7,0.8000,jellyfish
709094,article_jissue,8,0.2000,jellyfish
327157,article_jissue,4,1.0000,jellyfish
793206,article_jissue,41,0.6000,jellyfish
361682,article_jissue,7,1.0000,jellyfish
732256,article_jissue,8,1.0000,jellyfish
636937,article_jissue,e11,1.0000,jellyfish
743394,article_jissue,85,1.0000,jellyfish
592201,article_jissue,2,0.8000,jellyfish
914007,article_jissue,89,1.0000,jellyfish
208824,article_jissue,1,0.8000,jellyfish
759501,article_jissue,1,1.0000,jellyfish
506162,article_jissue,22,0.6000,jellyfish
372697,article_jissue,7,1.0000,jellyfish
609245,article_jissue,615,0.6000,jellyfish
584706,article_jissue,4 → 12,0.4000,jellyfish
822897,article_jissue,4,0.8000,jellyfish
145770,article_jissue,7,1.0000,jellyfish
24026,article_jissue,7485,1.0000,jellyfish
44484,article_jissue,3,0.8000,jellyfish
379988,article_jissue,1,1.0000,jellyfish
333862,article_jissue,25,1.0000,jellyfish
779555,article_jissue,3,0.6000,jellyfish
323860,article_jissue,3,0.8000,jellyfish
646572,article_jissue,35,1.0000,jellyfish
128182,article_jissue,2,0.6000,jellyfish
252998,article_jissue,12,1.0000,jellyfish
231933,article_jissue,5,0.6000,jellyfish
683304,article_jissue,7,0.6000,jellyfish
854628,article_jissue,5,1.0000,jellyfish
117678,article_jissue,80,1.0000,jellyfish
795170,article_jissue,7,1.0000,jellyfish
783722,article_jissue,2,1.0000,jellyfish
376103,article_jissue,8,1.0000,jellyfish
505530,article_jissue,5,1.0000,jellyfish
868618,article_jissue,1,1.0000,jellyfish
503451,article_jissue,0 → 1,1.0000,jellyfish
113363,article_jissue,62928,0.6000,jellyfish
944558,article_jissue,2,0.6000,jellyfish
875250,article_jissue,14,0.8000,jellyfish
786108,article_jissue,2,0.6000,jellyfish
233544,article_jissue,4,0.4000,jellyfish
163093,article_jissue,1,0.8000,jellyfish
31763,article_jissue,57,1.0000,jellyfish
949775,article_jissue,15,1.0000,jellyfish
847600,article_jissue,12/1/15,0.4000,jellyfish
638338,article_jissue,20,0.6000,jellyfish
14077,article_jissue,3,0.4000,jellyfish
453607,article_jissue,1,0.6000,jellyfish
690793,article_jissue,7,0.6000,jellyfish
799604,article_jissue,4 → 5,0.4000,jellyfish
718091,article_jissue,20,1.0000,jellyfish
935189,article_jissue,3,1.0000,jellyfish
711472,article_jissue,1,1.0000,jellyfish
660574,article_jissue,7,1.0000,jellyfish
873322,article_jissue,17,1.0000,jellyfish
774830,article_jissue,8,1.0000,jellyfish
768192,article_jissue,3,0.6000,jellyfish
950926,article_jissue,3,0.6000,jellyfish
204215,article_jissue,11,1.0000,jellyfish
129552,article_jissue,46,1.0000,jellyfish
526825,article_jissue,3,0.8000,jellyfish
56464,article_jissue,12,0.8000,jellyfish
20641,article_jissue,7,1.0000,jellyfish
706764,article_jissue,1,1.0000,jellyfish
388872,article_jissue,4,0.8000,jellyfish
681305,article_jissue,e103065,0.4000,jellyfish
541739,article_jissue,7,1.0000,jellyfish
558824,article_jissue,1,0.8000,jellyfish
954980,article_jissue,15,0.6000,jellyfish
896410,article_jissue,3,1.0000,jellyfish
751168,article_jissue,1,1.0000,jellyfish
303571,article_jissue,2,0.8000,jellyfish
193059,article_jissue,11,1.0000,jellyfish
416171,article_jissue,289,0.4000,jellyfish
810153,article_jissue,7,1.0000,jellyfish
164085,article_jissue,1,0.8000,jellyfish
619668,article_jissue,5,1.0000,jellyfish
490750,article_jissue,3,0.8000,jellyfish
136068,article_jissue,1,0.6000,jellyfish
198675,article_jissue,2,1.0000,jellyfish
316114,article_jissue,2,1.0000,jellyfish
626797,article_jissue,3,1.0000,jellyfish
577842,article_jissue,50,0.6000,jellyfish
811629,article_jissue,1,0.8000,jellyfish
280418,article_jissue,1,0.8000,jellyfish
757660,article_jissue,69,1.0000,jellyfish
54163,article_jissue,1,0.4000,jellyfish
65723,article_jissue,2,0.4000,jellyfish
293974,article_jissue,4,1.0000,jellyfish
247571,article_jissue,7,1.0000,jellyfish
292980,article_jissue,1,1.0000,jellyfish
38197,article_jissue,1,0.8000,jellyfish
160820,article_jissue,61,1.0000,jellyfish
876536,article_jissue,1,1.0000,jellyfish
776197,article_jissue,1,1.0000,jellyfish
45797,article_jissue,2,1.0000,jellyfish
605277,article_jissue,7,0.6000,jellyfish
749261,article_jissue,104,1.0000,jellyfish
752305,article_jissue,7,0.6000,jellyfish
179196,article_jissue,36,1.0000,jellyfish
150198,article_jissue,1,1.0000,jellyfish
894415,article_jissue,1,0.8000,jellyfish
187769,article_jissue,1,1.0000,jellyfish
556090,article_jissue,120,0.4000,jellyfish
770589,article_jissue,2,1.0000,jellyfish
450743,article_jissue,1,0.6000,jellyfish
157566,article_jissue,987,1.0000,jellyfish
589465,article_jissue,29,0.8000,jellyfish
560120,article_jissue,4,1.0000,jellyfish
107924,article_jissue,8,1.0000,jellyfish
797967,article_jissue,3,1.0000,jellyfish
265969,article_jissue,32,0.8000,jellyfish
820508,article_jissue,3,0.6000,jellyfish
446026,article_jissue,1,0.8000,jellyfish
84941,article_jissue,12,1.0000,jellyfish
558766,article_jissue,3,0.4000,jellyfish
428909,article_jissue,12,0.6000,jellyfish
110453,article_jissue,3,1.0000,jellyfish
837546,article_jissue,4,0.4000,jellyfish
82695,article_jissue,2,0.6000,jellyfish
820059,article_jissue,7,0.4000,jellyfish
771288,article_jissue,5,1.0000,jellyfish
54202,article_jissue,1,1.0000,jellyfish
888477,article_jissue,91,1.0000,jellyfish
741279,article_jissue,1,1.0000,jellyfish
64430,article_jissue,13,1.0000,jellyfish
461657,article_jissue,1,0.6000,jellyfish
240949,article_jissue,0,0.8000,jellyfish
453909,article_jissue,1,0.8000,jellyfish
222452,article_jissue,2,0.8000,jellyfish
163839,article_jissue,11,0.6000,jellyfish
696132,article_jissue,7,1.0000,jellyfish
257990,article_jissue,0,0.8000,jellyfish
332032,article_jissue,1,0.6000,jellyfish
617801,article_jissue,8,1.0000,jellyfish
480030,article_jissue,1,1.0000,jellyfish
660499,article_jissue,25,1.0000,jellyfish
355078,article_jissue,2,0.8000,jellyfish
696985,article_jissue,25,1.0000,jellyfish
826471,article_jissue,7,1.0000,jellyfish
807737,article_jissue,18,0.6000,jellyfish
875781,article_jissue,44,1.0000,jellyfish
322953,article_jissue,44,1.0000,jellyfish
123731,article_jissue,1,1.0000,jellyfish
180588,article_jissue,1,0.6000,jellyfish
440684,article_jissue,1,1.0000,jellyfish
758629,article_jissue,58,0.8000,jellyfish
964184,article_jissue,24,0.4000,jellyfish
265490,article_jissue,67,0.4000,jellyfish
463556,article_jissue,0,0.4000,jellyfish
749844,article_jissue,72,1.0000,jellyfish
300057,article_jissue,7,0.8000,jellyfish
166521,article_jissue,1,1.0000,jellyfish
292018,article_jissue,55,1.0000,jellyfish
181456,article_jissue,1,1.0000,jellyfish
668772,article_jissue,1,1.0000,jellyfish
276001,article_jissue,12,0.6000,jellyfish
788507,article_jissue,67,1.0000,jellyfish
620483,article_jissue,7,1.0000,jellyfish
433039,article_jissue,0,0.6000,jellyfish
737167,article_jissue,23,1.0000,jellyfish
744601,article_jissue,7,0.8000,jellyfish
856471,article_jissue,2,0.4000,jellyfish
570704,article_jissue,7,1.0000,jellyfish
520153,article_jissue,1,1.0000,jellyfish
259267,article_jissue,1,0.8000,jellyfish
24381,article_jissue,53,0.6000,jellyfish
827921,article_jissue,12,1.0000,jellyfish
461204,article_jissue,0,0.6000,jellyfish
482860,article_jissue,11,1.0000,jellyfish
18298,article_jissue,None provided,1.0000,jellyfish
365654,article_jissue,13,0.6000,jellyfish
625306,article_jissue,11,0.8000,jellyfish
572343,article_jissue,80,1.0000,jellyfish
88262,article_jissue,8,1.0000,jellyfish
663339,article_jissue,17,1.0000,jellyfish
718292,article_jissue,3,1.0000,jellyfish
245200,article_jissue,3,0.6000,jellyfish
307302,article_jissue,3,0.8000,jellyfish
217418,article_jissue,3,0.6000,jellyfish
413717,article_jissue,4,0.4000,jellyfish
62246,article_jissue,27,0.4000,jellyfish
945021,article_jissue,3,0.6000,jellyfish
649817,article_jissue,2,0.4000,jellyfish
934327,article_jissue,0.5,0.4000,jellyfish
546484,article_jissue,3,1.0000,jellyfish
917231,article_jissue,3,0.6000,jellyfish
887418,article_jissue,49,0.6000,jellyfish
724055,article_jissue,1,1.0000,jellyfish
63738,article_jissue,3,0.8000,jellyfish
422739,article_jissue,1,0.8000,jellyfish
97795,article_jissue,1,0.8000,jellyfish
155127,article_jissue,7,0.6000,jellyfish
100986,article_jissue,None provided,1.0000,jellyfish
166179,article_jissue,128,1.0000,jellyfish
740811,article_jissue,7,1.0000,jellyfish
379577,article_jissue,7,1.0000,jellyfish
658981,article_jissue,65,1.0000,jellyfish
215650,article_jissue,3,1.0000,jellyfish
521132,article_jissue,29,1.0000,jellyfish
892609,article_jissue,1,1.0000,jellyfish
366275,article_jissue,19,0.6000,jellyfish
513630,article_jissue,12,1.0000,jellyfish
605423,article_jissue,27,1.0000,jellyfish
495319,article_jissue,1,1.0000,jellyfish
733752,article_jissue,3,0.8000,jellyfish
252118,article_jissue,3,0.6000,jellyfish
903817,article_jissue,15,0.4000,jellyfish
80799,article_jissue,11,0.6000,jellyfish
385163,article_jissue,1,0.4000,jellyfish
645061,article_jissue,7,0.8000,jellyfish
164721,article_jissue,13,1.0000,jellyfish
730721,article_jissue,1,0.8000,jellyfish
439302,article_jissue,12,1.0000,jellyfish
410748,article_jissue,1,1.0000,jellyfish
133777,article_jissue,4,0.6000,jellyfish
775428,article_jissue,17,0.8000,jellyfish
497593,article_jissue,0 → 64,0.6000,jellyfish
899060,article_jissue,1,1.0000,jellyfish
424254,article_jissue,1,1.0000,jellyfish
161290,article_jissue,1,0.6000,jellyfish
746312,article_jissue,41,1.0000,jellyfish
191138,article_jissue,1,1.0000,jellyfish
743819,article_jissue,6,0.8000,jellyfish
193292,article_jissue,4,1.0000,jellyfish
91852,article_jissue,7,1.0000,jellyfish
663526,article_jissue,4,0.6000,jellyfish
382853,article_jissue,4,1.0000,jellyfish
1266,article_jissue,14 → 3,0.6000,jellyfish
407082,article_jissue,12,1.0000,jellyfish
411673,article_jissue,7,1.0000,jellyfish
382297,article_jissue,2,0.8000,jellyfish
414396,article_jissue,3,0.4000,jellyfish
635082,article_jissue,8,1.0000,jellyfish
446599,article_jissue,1,0.6000,jellyfish
376525,article_jissue,11,0.6000,jellyfish
637323,article_jissue,7,1.0000,jellyfish
153797,article_jissue,1,1.0000,jellyfish
470179,article_jissue,8,1.0000,jellyfish
9325,article_jissue,3,1.0000,jellyfish
294719,article_jissue,40,1.0000,jellyfish
38130,article_jissue,1,1.0000,jellyfish
455697,article_jissue,0,0.6000,jellyfish
518335,article_jissue,20,1.0000,jellyfish
503528,article_jissue,35,1.0000,jellyfish
503354,article_jissue,3,0.8000,jellyfish
176844,article_jissue,1,0.8000,jellyfish
820549,article_jissue,1,0.6000,jellyfish
250975,article_jissue,11,0.6000,jellyfish
37173,article_jissue,1,1.0000,jellyfish
641251,article_jissue,66,1.0000,jellyfish
302179,article_jissue,1,1.0000,jellyfish
627882,article_jissue,3,0.8000,jellyfish
264151,article_jissue,3,0.6000,jellyfish
711975,article_jissue,7,1.0000,jellyfish
12554,article_jissue,13,1.0000,jellyfish
564924,article_jissue,5,0.6000,jellyfish
364080,article_jissue,4,1.0000,jellyfish
727134,article_jissue,1,0.6000,jellyfish
356635,article_jissue,24,1.0000,jellyfish
272721,article_jissue,5,1.0000,jellyfish
979725,article_jissue,3 → 1,0.4000,jellyfish
470615,article_jissue,1,0.8000,jellyfish
71351,article_jissue,### 3/4,0.3333,jellyfish
793299,article_jissue,7,1.0000,jellyfish
673560,article_jissue,29,0.6000,jellyfish
258181,article_jissue,8,0.8000,jellyfish
11709,article_jissue,115,1.0000,jellyfish
603381,article_jissue,CD003364,1.0000,jellyfish
570263,article_jissue,4 → 4,0.6000,jellyfish
395807,article_jissue,11,0.6000,jellyfish
149836,article_jissue,12,0.6000,jellyfish
813023,article_jissue,4,1.0000,jellyfish
691035,article_jissue,4,1.0000,jellyfish
801512,article_jissue,3,0.8000,jellyfish
121133,article_jissue,4,1.0000,jellyfish
82486,article_jissue,3,0.6000,jellyfish
136032,article_jissue,3,0.6000,jellyfish
131606,article_jissue,1,0.8000,jellyfish
448384,article_jissue,0,0.6000,jellyfish
57286,article_jissue,7,0.8000,jellyfish
622636,article_jissue,7,0.8000,jellyfish
107979,article_jissue,27,1.0000,jellyfish
252990,article_jissue,7,0.8000,jellyfish
861475,article_jissue,1,0.8000,jellyfish
503159,article_jissue,1,1.0000,jellyfish
325081,article_jissue,1,0.8000,jellyfish
399134,article_jissue,7,0.6000,jellyfish
315951,article_jissue,7,1.0000,jellyfish
98479,article_jissue,None provided,0.4000,jellyfish
673307,article_jissue,e70758,0.4000,jellyfish
730754,article_jissue,3,0.4000,jellyfish
953002,article_jissue,23,1.0000,jellyfish
246067,article_jissue,2,1.0000,jellyfish
161814,article_jissue,23,0.6000,jellyfish
8529,article_jissue,7,0.8000,jellyfish
198813,article_jissue,1,0.8000,jellyfish
535901,article_jissue,3,0.6000,jellyfish
15325,article_jissue,5,0.6000,jellyfish
162189,article_jissue,90,1.0000,jellyfish
434500,article_jissue,1,1.0000,jellyfish
197174,article_jissue,41,1.0000,jellyfish
6786,article_jissue,2,0.8000,jellyfish
309274,article_jissue,32,1.0000,jellyfish
672671,article_jissue,3,1.0000,jellyfish
819735,article_jissue,146,1.0000,jellyfish
21599,article_jissue,5,0.8000,jellyfish
980682,article_jissue,2,0.6000,jellyfish
547657,article_jissue,1,1.0000,jellyfish
682676,article_jissue,3,1.0000,jellyfish
820238,article_jissue,2,1.0000,jellyfish
82540,article_jissue,23,0.8000,jellyfish
776189,article_jissue,34,0.6000,jellyfish
422951,article_jissue,e1001835,0.6000,jellyfish
228622,article_jissue,4,0.4000,jellyfish
514759,article_jissue,11,1.0000,jellyfish
26216,article_jissue,7,1.0000,jellyfish
164517,article_jissue,7,1.0000,jellyfish
973603,article_jissue,12,0.8000,jellyfish
345575,article_jissue,11,0.4000,jellyfish
304082,article_jissue,57,1.0000,jellyfish
33728,article_jissue,71,0.8000,jellyfish
109595,article_jissue,7,1.0000,jellyfish
772026,article_jissue,0,0.8000,jellyfish
424870,article_jissue,1,1.0000,jellyfish
904168,article_jissue,5,0.8000,jellyfish
916713,article_jissue,4,1.0000,jellyfish
819804,article_jissue,8,1.0000,jellyfish
892141,article_jissue,11,1.0000,jellyfish
409335,article_jissue,1,1.0000,jellyfish
166779,article_jissue,1,1.0000,jellyfish
720526,article_jissue,3,0.8000,jellyfish
513503,article_jissue,84,0.6000,jellyfish
83012,article_jissue,21,0.6000,jellyfish
438681,article_jissue,0,0.8000,jellyfish
317155,article_jissue,1,1.0000,jellyfish
261121,article_jissue,1,1.0000,jellyfish
296269,article_jissue,6,0.8000,jellyfish
960478,article_jissue,7,1.0000,jellyfish
741988,article_jissue,42,1.0000,jellyfish
589265,article_jissue,33,1.0000,jellyfish
931944,article_jissue,4,1.0000,jellyfish
305933,article_jissue,5,1.0000,jellyfish
360693,article_jissue,1,1.0000,jellyfish
772745,article_jissue,4,0.6000,jellyfish
683893,article_jissue,4,0.8000,jellyfish
168157,article_jissue,11,1.0000,jellyfish
97775,article_jissue,14,0.8000,jellyfish
740227,article_jissue,3,0.6000,jellyfish
449419,article_jissue,1,1.0000,jellyfish
456934,article_jissue,0,0.6000,jellyfish
134738,article_jissue,1,1.0000,jellyfish
66579,article_jissue,9,1.0000,jellyfish
557824,article_jissue,27,1.0000,jellyfish
215820,article_jissue,1,0.8000,jellyfish
658982,article_jissue,7,1.0000,jellyfish
272806,article_jissue,4,0.8000,jellyfish
773090,article_jissue,1,1.0000,jellyfish
500618,article_jissue,25,0.8000,jellyfish
385346,article_jissue,25,0.6000,jellyfish
938092,article_jissue,4,0.6000,jellyfish
383183,article_jissue,7,1.0000,jellyfish
889260,article_jissue,10,0.8000,jellyfish
392576,article_jissue,7,1.0000,jellyfish
209012,article_jissue,3,1.0000,jellyfish
961006,article_jissue,7,1.0000,jellyfish
786558,article_jissue,1,1.0000,jellyfish
35875,article_jissue,8,1.0000,jellyfish
882786,article_jissue,11,0.8000,jellyfish
332926,article_jissue,24,1.0000,jellyfish
109843,article_jissue,379,1.0000,jellyfish
820688,article_jissue,8,1.0000,jellyfish
817811,article_jissue,13,0.8000,jellyfish
855970,article_jissue,1,1.0000,jellyfish
643856,article_jissue,7,1.0000,jellyfish
482584,article_jissue,7,1.0000,jellyfish
553088,article_jissue,7,1.0000,jellyfish
575935,article_jissue,71,0.6000,jellyfish
450760,article_jissue,2,0.4000,jellyfish
160121,article_jissue,iii,0.6000,jellyfish
471093,article_jissue,0,0.6000,jellyfish
84783,article_jissue,7,1.0000,jellyfish
894794,article_jissue,1,1.0000,jellyfish
481173,article_jissue,29,0.8000,jellyfish
946487,article_jissue,1,1.0000,jellyfish
685456,article_jissue,3,1.0000,jellyfish
6028,article_jissue,3,0.4000,jellyfish
48202,article_jissue,4,0.6000,jellyfish
558738,article_jissue,7,1.0000,jellyfish
908011,article_jissue,13,1.0000,jellyfish
260738,article_jissue,1,1.0000,jellyfish
979155,article_jissue,9,1.0000,jellyfish
752075,article_jissue,72,1.0000,jellyfish
670823,article_jissue,11,0.8000,jellyfish
73289,article_jissue,4,1.0000,jellyfish
426134,article_jissue,11,0.6000,jellyfish
255382,article_jissue,4 → 8,0.4000,jellyfish
979472,article_jissue,2,0.6000,jellyfish
814758,article_jissue,5,0.6000,jellyfish
226417,article_jissue,None provided,0.6000,jellyfish
968815,article_jissue,11,0.6000,jellyfish
734259,article_jissue,3,1.0000,jellyfish
235295,article_jcreated_at,1/1/70,0.6000,jellyfish
498345,article_jcreated_at,4/2/2015,1.0000,jellyfish
789958,article_jcreated_at,2006-12-01,0.4000,jellyfish
169865,article_jcreated_at,1/1/2013,1.0000,jellyfish
803653,article_jcreated_at,10/15/2015,0.8000,jellyfish
98234,article_jcreated_at,1/1/2009,1.0000,jellyfish
823730,article_jcreated_at,1/1/73,0.6000,jellyfish
729712,article_jcreated_at,7/1/2001,0.8000,jellyfish
396821,article_jcreated_at,1/1/1900,1.0000,jellyfish
340222,article_jcreated_at,1/1/2006,1.0000,jellyfish
184417,article_jcreated_at,1/1/2009,1.0000,jellyfish
729686,article_jcreated_at,1/1/2015,0.8000,jellyfish
278396,article_jcreated_at,1/1/2013,1.0000,jellyfish
965082,article_jcreated_at,1/1/2008,1.0000,jellyfish
53321,article_jcreated_at,1/1/2001,0.8000,jellyfish
13601,article_jcreated_at,5/5/99,0.4000,jellyfish
668310,article_jcreated_at,1/1/2000,0.6000,jellyfish
282987,article_jcreated_at,1/1/2005,0.8000,jellyfish
478292,article_jcreated_at,1997-01-01,0.4000,jellyfish
43736,article_jcreated_at,6/1/2007,0.6000,jellyfish
82614,article_jcreated_at,2013-12-01,0.6000,jellyfish
163526,article_jcreated_at,1/1/1900,1.0000,jellyfish
514411,article_jcreated_at,2014-12-01,1.0000,jellyfish
569841,article_jcreated_at,5/20/2009,1.0000,jellyfish
6207,article_jcreated_at,2012-01-01,0.8000,jellyfish
21910,article_jcreated_at,3/14/2014,1.0000,jellyfish
378490,article_jcreated_at,12/1/2008,1.0000,jellyfish
971878,article_jcreated_at,1/1/86,1.0000,jellyfish
793918,article_jcreated_at,2013-01-01,0.6000,jellyfish
819166,article_jcreated_at,1/1/2009,1.0000,jellyfish
880881,article_jcreated_at,12/1/2008,0.6000,jellyfish
629530,article_jcreated_at,9/1/2007,1.0000,jellyfish
954388,article_jcreated_at,1/1/76,0.8000,jellyfish
379737,article_jcreated_at,5/5/00,1.0000,jellyfish
676042,article_jcreated_at,2/15/2015,0.6000,jellyfish
353972,article_jcreated_at,1/1/2008,1.0000,jellyfish
968125,article_jcreated_at,1/1/2014,0.6000,jellyfish
660168,article_jcreated_at,2/1/2009,1.0000,jellyfish
732534,article_jcreated_at,1/1/95,0.8000,jellyfish
473026,article_jcreated_at,6/1/2008,1.0000,jellyfish
372175,article_jcreated_at,2020-01-01,0.2000,jellyfish
110072,article_jcreated_at,10/14/2014,0.6000,jellyfish
330553,article_jcreated_at,1/1/97,0.6000,jellyfish
23215,article_jcreated_at,1/1/2014,1.0000,jellyfish
719532,article_jcreated_at,1/1/2010,1.0000,jellyfish
86421,article_jcreated_at,5/15/2011,0.8000,jellyfish
433667,article_jcreated_at,2022-07-25 00:00:00,0.2000,jellyfish
530323,article_jcreated_at,2013-01-01,0.6000,jellyfish
102893,article_jcreated_at,11/10/2010,0.6000,jellyfish
864817,article_jcreated_at,1/1/2010,0.6000,jellyfish
217725,article_jcreated_at,1/1/1900,0.6000,jellyfish
730822,article_jcreated_at,1/1/94,0.8000,jellyfish
659297,article_jcreated_at,11/12/2012,0.4000,jellyfish
42247,article_jcreated_at,01/11/10,0.6000,jellyfish
302969,article_jcreated_at,1/1/2007,1.0000,jellyfish
158672,article_jcreated_at,12/4/2014,1.0000,jellyfish
616298,article_jcreated_at,9/1/2006,1.0000,jellyfish
221086,article_jcreated_at,1/1/2000,0.6000,jellyfish
548616,article_jcreated_at,10/10/2010,0.6000,jellyfish
669596,article_jcreated_at,12/14/2014,0.8000,jellyfish
474288,article_jcreated_at,2015-01-01,0.6000,jellyfish
108424,article_jcreated_at,4/2/2002,0.6000,jellyfish
841679,article_jcreated_at,1/1/2000,0.4000,jellyfish
173830,article_jcreated_at,1/1/2005,1.0000,jellyfish
852927,article_jcreated_at,1/1/2009,0.4000,jellyfish
237623,article_jcreated_at,2008-01-01,0.6000,jellyfish
912884,article_jcreated_at,1/1/2008,1.0000,jellyfish
318931,article_jcreated_at,1/1/2000,0.6000,jellyfish
93659,article_jcreated_at,6/1/2012,1.0000,jellyfish
349150,article_jcreated_at,3/15/1999,0.8000,jellyfish
572010,article_jcreated_at,7/15/2003,1.0000,jellyfish
826030,article_jcreated_at,1/1/2012,0.6000,jellyfish
34962,article_jcreated_at,2013-11-15,0.6000,jellyfish
574309,article_jcreated_at,1/1/2015,0.6000,jellyfish
200077,article_jcreated_at,7/1/2003,1.0000,jellyfish
421512,article_jcreated_at,1/1/13,0.8000,jellyfish
715052,article_jcreated_at,1/1/1900,1.0000,jellyfish
172966,article_jcreated_at,1/1/2006,1.0000,jellyfish
140274,article_jcreated_at,1996-11-01,0.6000,jellyfish
282039,article_jcreated_at,1/1/2008,0.8000,jellyfish
835177,article_jcreated_at,1/1/2010,1.0000,jellyfish
519732,article_jcreated_at,2/1/2007,0.8000,jellyfish
761104,article_jcreated_at,1/1/2005,1.0000,jellyfish
408062,article_jcreated_at,2015-05-01,0.6000,jellyfish
889481,article_jcreated_at,1/1/2014,1.0000,jellyfish
894596,article_jcreated_at,1/1/2008,0.4000,jellyfish
604985,article_jcreated_at,2006-12-01,0.6000,jellyfish
220950,article_jcreated_at,1/1/2012,0.6000,jellyfish
770196,article_jcreated_at,1/1/94,1.0000,jellyfish
914468,article_jcreated_at,1/1/2008,0.8000,jellyfish
346326,article_jcreated_at,3/1/2009,0.8000,jellyfish
612846,article_jcreated_at,1/1/2010,0.8000,jellyfish
282053,article_jcreated_at,1/1/1900,0.4000,jellyfish
870257,article_jcreated_at,1/1/2001,0.6000,jellyfish
417578,article_jcreated_at,1/1/2013,1.0000,jellyfish
949067,article_jcreated_at,1/1/2007,0.8000,jellyfish
931323,article_jcreated_at,1/1/2009,1.0000,jellyfish
752456,article_jcreated_at,1/1/1992,1.0000,jellyfish
377284,article_jcreated_at,9/1/2002,1.0000,jellyfish
420138,article_jcreated_at,1/1/1992,0.8000,jellyfish
444273,article_jcreated_at,2021-05-25 12:00:00.0000000,0.2000,jellyfish
816680,article_jcreated_at,1/1/2014,0.6000,jellyfish
491006,article_jcreated_at,1/1/2000,0.8000,jellyfish
628299,article_jcreated_at,8/1/2009,1.0000,jellyfish
72089,article_jcreated_at,4/14/2014,0.8000,jellyfish
847287,article_jcreated_at,3/1/2006,1.0000,jellyfish
764224,article_jcreated_at,1/1/1900,0.8000,jellyfish
591619,article_jcreated_at,1/1/2012,0.6000,jellyfish
125072,article_jcreated_at,3/1/03,0.4000,jellyfish
255432,article_jcreated_at,1/1/2000,0.6000,jellyfish
689284,article_jcreated_at,9/1/2014,0.6000,jellyfish
781141,article_jcreated_at,1/1/2013,0.8000,jellyfish
148787,article_jcreated_at,1/1/2007,1.0000,jellyfish
779281,article_jcreated_at,1/1/1900,0.8000,jellyfish
684757,article_jcreated_at,1/1/01,0.6000,jellyfish
447382,article_jcreated_at,2022-01-01,0.2000,jellyfish
585766,article_jcreated_at,1/1/76,0.8000,jellyfish
185291,article_jcreated_at,1/1/2010,1.0000,jellyfish
886237,article_jcreated_at,2020-09-01T00:00:00.000Z,0.2000,jellyfish
954493,article_jcreated_at,1/1/1900,1.0000,jellyfish
922646,article_jcreated_at,11/22/96,0.6000,jellyfish
843485,article_jcreated_at,2/12/2012,1.0000,jellyfish
668845,article_jcreated_at,2013-01-01,0.8000,jellyfish
863844,article_jcreated_at,1/1/2013,0.6000,jellyfish
946006,article_jcreated_at,1/1/1900,0.8000,jellyfish
36429,article_jcreated_at,2012-05-01,0.6000,jellyfish
259367,article_jcreated_at,1/1/2001,0.4000,jellyfish
977276,article_jcreated_at,1/1/2008,1.0000,jellyfish
369578,article_jcreated_at,4/1/99,1.0000,jellyfish
772616,article_jcreated_at,2019-11-22T00:00:00Z,0.2000,jellyfish
334681,article_jcreated_at,1/1/2013,0.6000,jellyfish
757463,article_jcreated_at,6/1/2003,0.8000,jellyfish
465176,article_jcreated_at,2022-01-01T00:00:00.000Z,0.4000,jellyfish
368072,article_jcreated_at,2006,0.8000,jellyfish
812893,article_jcreated_at,1/1/2005,1.0000,jellyfish
380945,article_jcreated_at,12/20/00,0.2000,jellyfish
513829,article_jcreated_at,2014-11-01,0.6000,jellyfish
862798,article_jcreated_at,1/1/2005,1.0000,jellyfish
316632,article_jcreated_at,1/1/2014,1.0000,jellyfish
38413,article_jcreated_at,1/1/2014,1.0000,jellyfish
595469,article_jcreated_at,1/1/2001,0.8000,jellyfish
49698,article_jcreated_at,2009-01-01,0.4000,jellyfish
900624,article_jcreated_at,1/1/2001,0.6000,jellyfish
246528,article_jcreated_at,2004-01-01,0.8000,jellyfish
347144,article_jcreated_at,3/1/2007,1.0000,jellyfish
957059,article_jcreated_at,1/1/2000,0.8000,jellyfish
269313,article_jcreated_at,2020,0.6000,jellyfish
267879,article_jcreated_at,1/1/2014,1.0000,jellyfish
224232,article_jcreated_at,8/8/1965,0.8000,jellyfish
62306,article_jcreated_at,4/1/2004,0.8000,jellyfish
182986,article_jcreated_at,1/1/2007,0.8000,jellyfish
663994,article_jcreated_at,2012-10-01,1.0000,jellyfish
520771,article_jcreated_at,5/28/05,1.0000,jellyfish
754594,article_jcreated_at,1/1/2000,0.6000,jellyfish
817046,article_jcreated_at,1/1/76,1.0000,jellyfish
736183,article_jcreated_at,6/30/2007,0.8000,jellyfish
963532,article_jcreated_at,1/1/1909,0.6000,jellyfish
131820,article_jcreated_at,12/13,0.8000,jellyfish
704093,article_jcreated_at,1/1/2005,1.0000,jellyfish
912377,article_jcreated_at,1/1/2014,1.0000,jellyfish
203935,article_jcreated_at,2010,0.6000,jellyfish
68354,article_jcreated_at,5/1/2014,1.0000,jellyfish
259916,article_jcreated_at,1/1/2004,0.8000,jellyfish
199407,article_jcreated_at,1/1/1900,0.6000,jellyfish
790756,article_jcreated_at,1995-01-01,0.6000,jellyfish
592893,article_jcreated_at,2004,0.8000,jellyfish
232775,article_jcreated_at,1/1/2010,0.6000,jellyfish
631610,article_jcreated_at,8/8/2008,0.8000,jellyfish
901298,article_jcreated_at,1/1/2013,0.8000,jellyfish
456691,article_jcreated_at,2022-07-25 00:00:00.000,0.2000,jellyfish
429995,article_jcreated_at,2006-07-01,1.0000,jellyfish
709359,article_jcreated_at,1/1/2005,1.0000,jellyfish
690938,article_jcreated_at,12/14/2014,0.8000,jellyfish
910604,article_jcreated_at,1/1/1993,1.0000,jellyfish
730191,article_jcreated_at,1/1/2002,1.0000,jellyfish
42135,article_jcreated_at,6/30/98,1.0000,jellyfish
835178,article_jcreated_at,1/1/1992,1.0000,jellyfish
335521,article_jcreated_at,1/1/2009,0.8000,jellyfish
22708,article_jcreated_at,1/1/2014,1.0000,jellyfish
704111,article_jcreated_at,10/10/2013,0.4000,jellyfish
804762,article_jcreated_at,1/1/2000,0.6000,jellyfish
657210,article_jcreated_at,2/17/2010,1.0000,jellyfish
431896,article_jcreated_at,2022-02-15,0.4000,jellyfish
490584,article_jcreated_at,1/1/2007,1.0000,jellyfish
929252,article_jcreated_at,1/1/2012,0.6000,jellyfish
821382,article_jcreated_at,1/1/2012,1.0000,jellyfish
961741,article_jcreated_at,2021-01-01,0.4000,jellyfish
925885,article_jcreated_at,1/1/2010,1.0000,jellyfish
717315,article_jcreated_at,1/1/2012,1.0000,jellyfish
967781,article_jcreated_at,1/1/2001,0.6000,jellyfish
928952,article_jcreated_at,1/1/2013,1.0000,jellyfish
225002,article_jcreated_at,1/1/2009,1.0000,jellyfish
550350,article_jcreated_at,3/1/2006,1.0000,jellyfish
622979,article_jcreated_at,8/2/2006,1.0000,jellyfish
501663,article_jcreated_at,1/1/2012,0.6000,jellyfish
48738,article_jcreated_at,2008/09/26,0.4000,jellyfish
143029,article_jcreated_at,8/13/2014,1.0000,jellyfish
667611,article_jcreated_at,1/1/2012,0.6000,jellyfish
565079,article_jcreated_at,7/1/2014,1.0000,jellyfish
348006,article_jcreated_at,4/1/2004,1.0000,jellyfish
55412,article_jcreated_at,2014-12-01,1.0000,jellyfish
546048,article_jcreated_at,1/1/2000,0.4000,jellyfish
979292,article_jcreated_at,2007-07-01,1.0000,jellyfish
971456,article_jcreated_at,1/1/2006,0.4000,jellyfish
533193,article_jcreated_at,1/1/2013,1.0000,jellyfish
970436,article_jcreated_at,1/1/2013,1.0000,jellyfish
437969,article_jcreated_at,2020-07-20,0.2000,jellyfish
464335,article_jcreated_at,2020-01-01,0.2000,jellyfish
417782,article_jcreated_at,1/1/95,0.4000,jellyfish
979059,article_jcreated_at,9/15/2015,0.4000,jellyfish
661572,article_jcreated_at,3/3/2011,0.6000,jellyfish
132901,article_jcreated_at,1/1/94,0.6000,jellyfish
245822,article_jcreated_at,1/7/02,0.6000,jellyfish
440401,article_jcreated_at,2020-06-01,0.2000,jellyfish
77389,article_jcreated_at,10/12/2012,0.6000,jellyfish
592817,article_jcreated_at,1/1/2012,0.8000,jellyfish
169270,article_jcreated_at,1/1/1993,1.0000,jellyfish
288711,article_jcreated_at,1/1/2008,1.0000,jellyfish
184949,article_jcreated_at,1/1/2000,0.6000,jellyfish
833251,article_jcreated_at,1/1/2006,1.0000,jellyfish
470174,article_jcreated_at,11/1/98,0.6000,jellyfish
315926,article_jcreated_at,1/1/1900,1.0000,jellyfish
901385,article_jcreated_at,1995,0.4000,jellyfish
787529,article_jcreated_at,1/1/2009,1.0000,jellyfish
431348,article_jcreated_at,2020-05-01T00:00:00.000Z,0.2000,jellyfish
441393,article_jcreated_at,2021-08-25T14:30:00.000Z,0.2000,jellyfish
481882,article_jcreated_at,9/13/2013,1.0000,jellyfish
572425,article_jcreated_at,6/1/01,1.0000,jellyfish
581864,article_jcreated_at,1/1/2006,1.0000,jellyfish
455406,article_jcreated_at,2022-03-15,0.2000,jellyfish
696362,article_jcreated_at,1/1/2006,1.0000,jellyfish
504206,article_jcreated_at,7/1/2014,1.0000,jellyfish
800900,article_jcreated_at,1/1/2009,0.8000,jellyfish
235689,article_jcreated_at,1/1/2012,0.8000,jellyfish
659896,article_jcreated_at,2020-01-01,0.4000,jellyfish
84944,article_jcreated_at,1/1/2000,0.4000,jellyfish
326944,article_jcreated_at,12/1/2003,0.8000,jellyfish
922795,article_jcreated_at,2/2/96,0.4000,jellyfish
768486,article_jcreated_at,2014-01-01,0.8000,jellyfish
428363,article_jcreated_at,01/11/01,0.4000,jellyfish
519287,article_jcreated_at,2007-01-01,0.8000,jellyfish
638918,article_jcreated_at,2/12/2012,0.8000,jellyfish
111336,article_jcreated_at,1/1/2014,0.6000,jellyfish
747279,article_jcreated_at,2021-01-15T00:00:00.000Z,0.2000,jellyfish
674696,article_jcreated_at,1/1/2013,0.8000,jellyfish
258108,article_jcreated_at,1/1/2000,0.4000,jellyfish
59308,article_jcreated_at,1/1/2010,1.0000,jellyfish
610641,article_jcreated_at,12/08,0.6000,jellyfish
631704,article_jcreated_at,2/15/2013,1.0000,jellyfish
846537,article_jcreated_at,2021,0.4000,jellyfish
973076,article_jcreated_at,9/1/2002,1.0000,jellyfish
931402,article_jcreated_at,1/1/2009,1.0000,jellyfish
908690,article_jcreated_at,1/1/1900,0.6000,jellyfish
417373,article_jcreated_at,1/1/1900,0.8000,jellyfish
759329,article_jcreated_at,3/28/1973,0.6000,jellyfish
386327,article_jcreated_at,2013-10-01,0.6000,jellyfish
695010,article_jcreated_at,4/4/2014,0.8000,jellyfish
191908,article_jcreated_at,1/1/2014,1.0000,jellyfish
384767,article_jcreated_at,5/1/2014,0.6000,jellyfish
855912,article_jcreated_at,1/12/2012,0.8000,jellyfish
710727,article_jcreated_at,10/1/2006,1.0000,jellyfish
816996,article_jcreated_at,1/1/75,1.0000,jellyfish
625016,article_jcreated_at,2005-07-01,0.8000,jellyfish
275675,article_jcreated_at,1/1/2005,1.0000,jellyfish
967376,article_jcreated_at,1/1/2007,0.6000,jellyfish
640230,article_jcreated_at,2/1/2006,0.4000,jellyfish
625663,article_jcreated_at,7/1/2004,0.8000,jellyfish
480649,article_jcreated_at,1/1/2000,0.8000,jellyfish
782541,article_jcreated_at,1/1/2014,0.8000,jellyfish
692358,article_jcreated_at,2003-10-17,0.8000,jellyfish
836847,article_jcreated_at,2020,0.8000,jellyfish
867207,article_jcreated_at,1/1/2010,1.0000,jellyfish
253149,article_jcreated_at,1998-01-01,0.4000,jellyfish
929971,article_jcreated_at,1/1/2001,0.6000,jellyfish
470385,article_jcreated_at,1996,0.4000,jellyfish
731703,article_jcreated_at,1/1/1900,1.0000,jellyfish
113399,article_jcreated_at,1/1/89,1.0000,jellyfish
685178,article_jcreated_at,5/1/2002,1.0000,jellyfish
653325,article_jcreated_at,2011-11-01,0.8000,jellyfish
893573,article_jcreated_at,1/1/2015,1.0000,jellyfish
56272,article_jcreated_at,8/20/13,1.0000,jellyfish
737786,article_jcreated_at,1/1/1900,0.8000,jellyfish
680306,article_jcreated_at,9/1/2014,1.0000,jellyfish
53877,article_jcreated_at,1/1/2004,0.6000,jellyfish
504928,article_jcreated_at,1/1/2007,1.0000,jellyfish
198650,article_jcreated_at,1/1/1992,0.8000,jellyfish
671386,article_jcreated_at,10/1/2013,0.4000,jellyfish
981412,article_jcreated_at,1/1/2004,1.0000,jellyfish
785472,article_jcreated_at,1/1/2012,1.0000,jellyfish
734077,article_jcreated_at,1/1/2009,0.6000,jellyfish
46028,article_jcreated_at,1/1/1996,0.6000,jellyfish
743129,article_jcreated_at,1/1/2015,0.4000,jellyfish
392246,article_jcreated_at,1/2/2009,0.8000,jellyfish
904889,article_jcreated_at,2020-01-01T00:00:00.000Z,0.2000,jellyfish
360147,article_jcreated_at,1/1/2001,0.8000,jellyfish
670289,article_jcreated_at,3/14/2014,0.8000,jellyfish
821702,article_jcreated_at,2006-01-01,0.4000,jellyfish
188890,article_jcreated_at,1/1/91,0.8000,jellyfish
321660,article_jcreated_at,1/1/2014,1.0000,jellyfish
427455,article_jcreated_at,11/13/2013,0.4000,jellyfish
246204,article_jcreated_at,1/1/2004,1.0000,jellyfish
857402,article_jcreated_at,2007-08-15,0.6000,jellyfish
704357,article_jcreated_at,1/1/2010,1.0000,jellyfish
716785,article_jcreated_at,1/1/2002,1.0000,jellyfish
746065,article_jcreated_at,2020-01-01,0.4000,jellyfish
738322,article_jcreated_at,1/1/1993,0.6000,jellyfish
934177,article_jcreated_at,2022-03-15T00:00:00Z,0.2000,jellyfish
351534,article_jcreated_at,2001-01-01,0.8000,jellyfish
872389,article_jcreated_at,01/12/01,0.6000,jellyfish
499983,article_jcreated_at,1/1/2015,0.8000,jellyfish
452432,article_jcreated_at,2020-01-01,0.2000,jellyfish
320139,article_jcreated_at,1/1/2012,0.8000,jellyfish
735083,article_jcreated_at,10/8/2015,1.0000,jellyfish
978471,article_jcreated_at,1/1/2003,0.4000,jellyfish
152626,article_jcreated_at,1/1/2010,1.0000,jellyfish
90272,article_jcreated_at,2/14/14,0.8000,jellyfish
776651,article_jcreated_at,1/1/93,0.6000,jellyfish
931361,article_jcreated_at,1/1/2009,0.6000,jellyfish
623358,article_jcreated_at,1/6/2004,1.0000,jellyfish
385940,article_jcreated_at,6/1/2014,1.0000,jellyfish
951168,article_jcreated_at,1/1/2003,1.0000,jellyfish
515254,article_jcreated_at,1/1/2013,0.6000,jellyfish
674623,article_jcreated_at,5/1/2013,1.0000,jellyfish
226419,article_jcreated_at,1/1/15,0.4000,jellyfish
178078,article_jcreated_at,1/1/2006,1.0000,jellyfish
453637,article_jcreated_at,2021-08-24T14:30:00.000Z,0.2000,jellyfish
57483,article_jcreated_at,5/1/2012,1.0000,jellyfish
462849,article_jcreated_at,2020-01-01,0.4000,jellyfish
338547,article_jcreated_at,1/1/2010,0.6000,jellyfish
438808,article_jcreated_at,2020-01-01,0.4000,jellyfish
352040,article_jcreated_at,1/1/2013,0.8000,jellyfish
887131,article_jcreated_at,12/1/2009,0.6000,jellyfish
182296,article_jcreated_at,1/1/2006,1.0000,jellyfish
49847,article_jcreated_at,1/1/2007,0.8000,jellyfish
524073,article_jcreated_at,1997-12-01,0.6000,jellyfish
348813,article_jcreated_at,9/1/2000,0.6000,jellyfish
427933,article_jcreated_at,10/1/2005,1.0000,jellyfish
6862,article_jcreated_at,2004-01-01,0.4000,jellyfish
853676,article_jcreated_at,1/1/2004,1.0000,jellyfish
556116,article_jcreated_at,1/1/1978,0.4000,jellyfish
734870,article_jcreated_at,2015-10-09,0.8000,jellyfish
540850,article_jcreated_at,1/1/88,1.0000,jellyfish
465756,article_jcreated_at,2022-02-15T14:30:00.000Z,0.2000,jellyfish
762269,article_jcreated_at,9/1/2009,1.0000,jellyfish
441902,article_jcreated_at,2022-07-25 00:00:00.000,0.2000,jellyfish
950233,article_jcreated_at,1/1/2005,1.0000,jellyfish
621415,article_jcreated_at,6/1/2001,1.0000,jellyfish
633877,article_jcreated_at,3/1/2009,0.6000,jellyfish
756208,article_jcreated_at,5/1/2012,1.0000,jellyfish
97853,article_jcreated_at,1/1/2009,0.8000,jellyfish
720775,article_jcreated_at,1/1/2012,1.0000,jellyfish
294439,article_jcreated_at,1/1/1998,0.6000,jellyfish
375430,article_jcreated_at,1/1/2015,1.0000,jellyfish
689666,article_jcreated_at,2012-01-01,0.8000,jellyfish
896848,article_jcreated_at,8/15,0.6000,jellyfish
231182,article_jcreated_at,1/1/2010,0.6000,jellyfish
232896,article_jcreated_at,3/7/2015,1.0000,jellyfish
798716,article_jcreated_at,7/1/2008,0.8000,jellyfish
704812,article_jcreated_at,1/1/01,0.6000,jellyfish
203084,article_jcreated_at,2020,0.6000,jellyfish
81959,article_jcreated_at,2/28/2014,0.8000,jellyfish
235924,article_jcreated_at,1/1/2006,0.6000,jellyfish
291020,article_jcreated_at,2/1/2013,0.6000,jellyfish
408188,article_jcreated_at,10/15/2013,1.0000,jellyfish
283460,article_jcreated_at,1/1/2012,1.0000,jellyfish
563505,article_jcreated_at,2014-01-01,0.8000,jellyfish
761676,article_jcreated_at,1/1/2009,0.6000,jellyfish
923043,article_jcreated_at,10/1/94,0.6000,jellyfish
248075,article_jcreated_at,1/1/2010,1.0000,jellyfish
313030,article_jcreated_at,1/1/1900,0.6000,jellyfish
885384,article_jcreated_at,1/3/84,0.8000,jellyfish
361906,article_jcreated_at,9/2/2014,1.0000,jellyfish
180827,article_jcreated_at,1/1/2012,1.0000,jellyfish
723057,article_jcreated_at,1/1/2014,1.0000,jellyfish
894502,article_jcreated_at,1/1/2005,1.0000,jellyfish
793410,article_jcreated_at,7/1/2014,1.0000,jellyfish
816944,article_jcreated_at,1/1/2000,0.6000,jellyfish
632040,article_jcreated_at,1/1/2012,0.8000,jellyfish
752280,article_jcreated_at,1/1/96,0.8000,jellyfish
716594,article_jcreated_at,1/1/2004,0.8000,jellyfish
919751,article_jcreated_at,5/1/2006,1.0000,jellyfish
60309,article_jcreated_at,9/1/1999,0.6000,jellyfish
757176,article_jcreated_at,8/5/05,0.8000,jellyfish
261329,article_jcreated_at,1/1/2012,0.6000,jellyfish
615903,article_jcreated_at,1/1/1909,0.6000,jellyfish
169524,article_jcreated_at,1/1/85,1.0000,jellyfish
178424,article_jcreated_at,1/1/2007,0.8000,jellyfish
716357,article_jcreated_at,1/1/2005,1.0000,jellyfish
448010,article_jcreated_at,2021-01-01 00:00:00.0000000,0.4000,jellyfish
788729,article_jcreated_at,1/1/2012,1.0000,jellyfish
624354,article_jcreated_at,1/1/01,0.8000,jellyfish
112716,article_jcreated_at,2/2/81,0.8000,jellyfish
881020,article_jcreated_at,1/7/2008,0.4000,jellyfish
605643,article_jcreated_at,12/12/2008,0.6000,jellyfish
5782,article_jcreated_at,1/1/2012,0.6000,jellyfish
852332,article_jcreated_at,1/8/2012,0.6000,jellyfish
343395,article_jcreated_at,4/14/2014,0.8000,jellyfish
826830,article_jcreated_at,1/1/1900,0.8000,jellyfish
905100,article_jcreated_at,2021-01-11,0.8000,jellyfish
34517,article_jcreated_at,3/1/2014,0.8000,jellyfish
771377,article_jcreated_at,1/1/2013,1.0000,jellyfish
32426,article_jcreated_at,2/14/2014,1.0000,jellyfish
722451,article_jcreated_at,1/1/2004,0.6000,jellyfish
318542,article_jcreated_at,1/1/1900,0.4000,jellyfish
533425,article_jcreated_at,1/2/13,0.8000,jellyfish
854232,article_jcreated_at,12/1/98,1.0000,jellyfish
2842,article_jcreated_at,4/1/2009,1.0000,jellyfish
789057,article_jcreated_at,7/1/2013,1.0000,jellyfish
205187,article_jcreated_at,1/4/2004,0.6000,jellyfish
970712,article_jcreated_at,1/1/1997,0.8000,jellyfish
161630,article_jcreated_at,1/1/1900,0.8000,jellyfish
583682,article_jcreated_at,3/1/2006,0.8000,jellyfish
891722,article_jcreated_at,11/10/2010,1.0000,jellyfish
54613,article_jcreated_at,1/1/2000,0.6000,jellyfish
450749,article_jcreated_at,2021-06-17T14:30:00.000Z,0.2000,jellyfish
19086,article_jcreated_at,7/15/2014,0.8000,jellyfish
852213,article_jcreated_at,1/31/13,0.2000,jellyfish
475847,article_jcreated_at,3/1/99,0.6000,jellyfish
893664,article_jcreated_at,1/1/2004,1.0000,jellyfish
450528,article_jcreated_at,2022-03-15 00:00:00,0.2000,jellyfish
838034,article_jcreated_at,1/1/2008,1.0000,jellyfish
119186,article_jcreated_at,1/1/63,1.0000,jellyfish
274083,article_jcreated_at,1/1/2000,0.6000,jellyfish
784224,article_jcreated_at,1/1/2015,0.6000,jellyfish
260769,article_jcreated_at,1/1/2009,1.0000,jellyfish
592831,article_jcreated_at,1/1/95,1.0000,jellyfish
464911,article_jcreated_at,2022-02-10 14:30:00.0,0.2000,jellyfish
369162,article_jcreated_at,12/1/2009,0.6000,jellyfish
209896,article_jcreated_at,2010-08-13,1.0000,jellyfish
217524,article_jcreated_at,1/1/97,0.4000,jellyfish
694007,article_jcreated_at,1/1/2000,1.0000,jellyfish
53319,article_jcreated_at,1/1/2007,1.0000,jellyfish
962338,article_jcreated_at,1/1/1900,0.6000,jellyfish
972821,article_jcreated_at,1/1/2013,0.8000,jellyfish
587024,article_jcreated_at,1/1/2001,1.0000,jellyfish
49274,article_jcreated_at,2008/01/01,1.0000,jellyfish
687404,article_jcreated_at,1/1/2014,0.8000,jellyfish
858569,article_jcreated_at,1/1/2001,0.8000,jellyfish
982590,article_jcreated_at,1/1/2000,1.0000,jellyfish
853882,article_jcreated_at,6/17/02,1.0000,jellyfish
743989,article_jcreated_at,2022-02-14,0.8000,jellyfish
71263,article_jcreated_at,4/1/2014,0.8000,jellyfish
111970,article_jcreated_at,6/1/2014,0.8000,jellyfish
941646,article_jcreated_at,1/1/2007,1.0000,jellyfish
397190,article_jcreated_at,1/1/2007,1.0000,jellyfish
98562,article_jcreated_at,10/20/14,0.8000,jellyfish
56014,article_jcreated_at,1/1/2013,1.0000,jellyfish
911271,article_jcreated_at,1/1/2007,0.6000,jellyfish
565528,article_jcreated_at,4/1/2014,0.6000,jellyfish
951143,article_jcreated_at,1/1/2003,1.0000,jellyfish
658707,article_jcreated_at,5/1/2009,1.0000,jellyfish
84905,article_jcreated_at,9/12/2012,0.8000,jellyfish
891370,article_jcreated_at,1/1/2010,1.0000,jellyfish
697286,article_jcreated_at,1/1/1900,0.8000,jellyfish
819701,article_jcreated_at,1/1/2004,1.0000,jellyfish
855099,article_jcreated_at,1/1/2007,1.0000,jellyfish
123492,article_jcreated_at,1/1/2009,1.0000,jellyfish
226966,article_jcreated_at,12/12/2012,0.6000,jellyfish
850788,article_jcreated_at,1/1/2009,1.0000,jellyfish
811354,article_jcreated_at,1/15/2009,0.8000,jellyfish
323305,article_jcreated_at,1/1/2012,1.0000,jellyfish
485934,article_jcreated_at,2013-11-01,0.6000,jellyfish
743602,article_jcreated_at,2014-12-01,1.0000,jellyfish
960371,article_jcreated_at,1/1/2004,1.0000,jellyfish
944668,article_jcreated_at,1/1/2013,1.0000,jellyfish
873987,article_jcreated_at,1/1/1900,0.6000,jellyfish
968211,article_jcreated_at,1/1/2015,0.6000,jellyfish
299635,article_jcreated_at,5/5/2011,1.0000,jellyfish
846319,article_jcreated_at,2020,0.4000,jellyfish
263027,article_jcreated_at,1/1/2013,1.0000,jellyfish
788168,article_jcreated_at,1/1/2013,0.6000,jellyfish
146560,article_jcreated_at,5/1/2009,1.0000,jellyfish
498344,article_jcreated_at,4/3/2015,1.0000,jellyfish
385772,article_jcreated_at,2013-01-01,0.6000,jellyfish
917417,article_jcreated_at,7/12/2012,0.8000,jellyfish
517503,article_jcreated_at,6/21/2010,1.0000,jellyfish
72325,article_jcreated_at,3/1/2014,0.4000,jellyfish
516758,article_jcreated_at,8/26/10,1.0000,jellyfish
85920,article_jcreated_at,1/1/2001,0.2000,jellyfish
145874,article_jcreated_at,4/1/2009,0.8000,jellyfish
888553,article_jcreated_at,1/1/2006,0.6000,jellyfish
889580,article_jcreated_at,1/1/1900,0.6000,jellyfish
732272,article_jcreated_at,4/4/2011,1.0000,jellyfish
351877,article_jcreated_at,1/6/96,0.8000,jellyfish
276000,article_jcreated_at,1/1/1900,1.0000,jellyfish
378289,article_jcreated_at,1/1/2000,0.8000,jellyfish
684476,article_jcreated_at,3/3/2010,0.6000,jellyfish
467344,article_jcreated_at,2021-06-15T00:00:00.000Z,0.2000,jellyfish
39687,article_jcreated_at,2022-02-15T14:30:00.000Z,0.6000,jellyfish
697880,article_jcreated_at,2020,0.4000,jellyfish
179093,article_jcreated_at,1/1/2014,0.4000,jellyfish
539034,article_jcreated_at,2012-07-01,1.0000,jellyfish
208435,article_jcreated_at,9/10/2010,0.6000,jellyfish
556624,article_jcreated_at,1/1/2007,1.0000,jellyfish
36253,article_jcreated_at,4/1/68,0.6000,jellyfish
422857,article_jcreated_at,8/13/2013,0.6000,jellyfish
720372,article_jcreated_at,1/1/2010,1.0000,jellyfish
863342,article_jcreated_at,1/1/2005,1.0000,jellyfish
260745,article_jcreated_at,1/1/2001,1.0000,jellyfish
941515,article_jcreated_at,1/1/2004,1.0000,jellyfish
641972,article_jcreated_at,2/12/2007,0.8000,jellyfish
699523,article_jcreated_at,1/1/1991,0.6000,jellyfish
946112,article_jcreated_at,1/1/2001,0.6000,jellyfish
958639,article_jcreated_at,1/1/2009,1.0000,jellyfish
850418,article_jcreated_at,2020-01-01,0.4000,jellyfish
125302,article_jcreated_at,3/1/2008,0.6000,jellyfish
168889,article_jcreated_at,1/1/2000,1.0000,jellyfish
63977,article_jcreated_at,1/1/67,0.6000,jellyfish
782211,article_jcreated_at,1/1/2013,1.0000,jellyfish
473599,article_jcreated_at,1/1/2013,1.0000,jellyfish
915463,article_jcreated_at,1/1/2000,0.8000,jellyfish
476199,article_jcreated_at,6/15/2015,0.6000,jellyfish
405141,article_jcreated_at,1/1/2013,0.6000,jellyfish
213794,article_jcreated_at,1/1/97,0.8000,jellyfish
408902,article_jcreated_at,2021-02-25,0.6000,jellyfish
89897,article_jcreated_at,4/14/2014,0.6000,jellyfish
187552,article_jcreated_at,2011-01-01,0.8000,jellyfish
144339,article_jcreated_at,8/1/2013,0.6000,jellyfish
656518,article_jcreated_at,2011-10-01,0.8000,jellyfish
925315,article_jcreated_at,2005-10-26,0.6000,jellyfish
130308,article_jcreated_at,1/1/77,0.8000,jellyfish
237077,article_jcreated_at,1/1/2013,1.0000,jellyfish
600827,article_jcreated_at,1/1/2000,0.6000,jellyfish
851773,article_jcreated_at,4/1/2015,0.6000,jellyfish
67292,article_jcreated_at,10/3/2014,0.6000,jellyfish
129698,article_jcreated_at,10/8/2008,0.8000,jellyfish
254327,article_jcreated_at,3/1/2008,0.8000,jellyfish
556803,article_jcreated_at,1/1/2000,0.6000,jellyfish
73792,article_jcreated_at,1/1/2014,0.4000,jellyfish
484593,article_jcreated_at,6/1/2009,1.0000,jellyfish
351700,article_jcreated_at,2022-02-14T15:43:00.000Z,0.2000,jellyfish
105981,article_jcreated_at,5/11/2007,0.6000,jellyfish
408198,article_jcreated_at,12/19/13,1.0000,jellyfish
30272,article_jcreated_at,5/22/2014,1.0000,jellyfish
623367,article_jcreated_at,5/1/2001,1.0000,jellyfish
13408,article_jcreated_at,1/3/00,0.8000,jellyfish
449003,article_jcreated_at,2022-02-15T00:00:00.000Z,0.2000,jellyfish
299297,article_jcreated_at,10/1/2011,0.6000,jellyfish
302268,article_jcreated_at,1/1/2006,1.0000,jellyfish
592663,article_jcreated_at,1/1/2004,1.0000,jellyfish
520843,article_jcreated_at,5/1/2005,0.8000,jellyfish
460786,article_jcreated_at,2020-09-15T00:00:00Z,0.2000,jellyfish
866131,article_jcreated_at,1/1/95,1.0000,jellyfish
751811,article_jcreated_at,1/1/2004,1.0000,jellyfish
436781,article_jcreated_at,2022-01-01,0.2000,jellyfish
796900,article_jcreated_at,2004-11-01,0.4000,jellyfish
491837,article_jcreated_at,1/1/2006,1.0000,jellyfish
893227,article_jcreated_at,1/1/2000,1.0000,jellyfish
525874,article_jcreated_at,3/1/1992,0.8000,jellyfish
26475,article_jcreated_at,7/28/2014,1.0000,jellyfish
476191,article_jcreated_at,2015-07-24,0.4000,jellyfish
719389,article_jcreated_at,1/1/2009,1.0000,jellyfish
467318,article_jcreated_at,2022-06-15T14:30:00.000Z,0.2000,jellyfish
268361,article_jcreated_at,1/1/2007,0.6000,jellyfish
664795,article_jcreated_at,9/12/2012,1.0000,jellyfish
102180,article_jcreated_at,6/8/2005,0.6000,jellyfish
258486,article_jcreated_at,1/1/2010,1.0000,jellyfish
961081,article_jcreated_at,1/1/2013,1.0000,jellyfish
52681,article_jcreated_at,1/1/1900,1.0000,jellyfish
828156,article_jcreated_at,10/1/1996,0.6000,jellyfish
812757,article_jcreated_at,1/1/1900,0.8000,jellyfish
713518,article_jcreated_at,2012-11-01,0.8000,jellyfish
180977,article_jcreated_at,1/1/2004,1.0000,jellyfish
828214,article_jcreated_at,2010-05-01,0.8000,jellyfish
176160,article_jcreated_at,1/1/70,0.6000,jellyfish
677752,article_jcreated_at,1/2/15,0.4000,jellyfish
107417,article_jcreated_at,1/1/2005,1.0000,jellyfish
141282,article_jcreated_at,6/29/98,1.0000,jellyfish
708911,article_jcreated_at,1/1/2000,0.6000,jellyfish
621640,article_jcreated_at,6/1/2000,1.0000,jellyfish
647583,article_jcreated_at,7/1/2011,1.0000,jellyfish
361080,article_jcreated_at,1/1/2000,0.6000,jellyfish
283168,article_jcreated_at,1/1/2012,1.0000,jellyfish
52633,article_jcreated_at,1/1/96,0.4000,jellyfish
74821,article_jcreated_at,3/1/2014,0.4000,jellyfish
373015,article_jcreated_at,2000-12-31,0.4000,jellyfish
529562,article_jcreated_at,6/1/2014,0.8000,jellyfish
574242,article_jcreated_at,1/1/2014,0.8000,jellyfish
966388,article_jcreated_at,1/1/2008,0.8000,jellyfish
919014,article_jcreated_at,1/7/2007,0.8000,jellyfish
494428,article_jcreated_at,2010-06-01,0.6000,jellyfish
55809,article_jcreated_at,4/14/2014,0.8000,jellyfish
368651,article_jcreated_at,1/1/2000,0.4000,jellyfish
423691,article_jcreated_at,2011-01-01,1.0000,jellyfish
435904,article_jcreated_at,2022-08-15T00:00:00.000Z,0.2000,jellyfish
407245,article_jcreated_at,10/1/2009,1.0000,jellyfish
918698,article_jcreated_at,1/9/09,0.8000,jellyfish
209138,article_jcreated_at,12/03,1.0000,jellyfish
862844,article_jcreated_at,1/1/2000,1.0000,jellyfish
875733,article_jcreated_at,1/1/95,1.0000,jellyfish
587683,article_jcreated_at,1/1/2003,0.6000,jellyfish
927711,article_jcreated_at,1/7/2014,0.6000,jellyfish
313584,article_jcreated_at,1/1/2000,0.8000,jellyfish
161847,article_jcreated_at,1/1/2005,1.0000,jellyfish
543292,article_jcreated_at,4/4/2005,0.4000,jellyfish
248064,article_jcreated_at,1/1/2010,1.0000,jellyfish
887041,article_jcreated_at,10/10/2010,0.4000,jellyfish
314737,article_jcreated_at,1/1/2002,1.0000,jellyfish
709094,article_jcreated_at,1/1/1900,1.0000,jellyfish
327157,article_jcreated_at,1/1/2004,0.8000,jellyfish
793206,article_jcreated_at,9/15,1.0000,jellyfish
361682,article_jcreated_at,1/1/2014,1.0000,jellyfish
732256,article_jcreated_at,2007-08-01,0.8000,jellyfish
636937,article_jcreated_at,2012-01-01,1.0000,jellyfish
743394,article_jcreated_at,10/14/2014,0.8000,jellyfish
592201,article_jcreated_at,1/1/2000,0.8000,jellyfish
914007,article_jcreated_at,1/1/2009,0.8000,jellyfish
208824,article_jcreated_at,6/15/1992,1.0000,jellyfish
759501,article_jcreated_at,01/12/70,0.6000,jellyfish
506162,article_jcreated_at,12/12/03,0.6000,jellyfish
372697,article_jcreated_at,9/14/2014,0.4000,jellyfish
609245,article_jcreated_at,10/1/2003,1.0000,jellyfish
584706,article_jcreated_at,1/1/86,0.6000,jellyfish
822897,article_jcreated_at,1/1/2013,1.0000,jellyfish
145770,article_jcreated_at,4/1/2011,0.8000,jellyfish
24026,article_jcreated_at,2/6/14,0.6000,jellyfish
44484,article_jcreated_at,2004-09-01,0.8000,jellyfish
379988,article_jcreated_at,1/22/15,0.8000,jellyfish
333862,article_jcreated_at,1/1/2008,1.0000,jellyfish
779555,article_jcreated_at,1/1/2014,1.0000,jellyfish
323860,article_jcreated_at,1/1/2006,1.0000,jellyfish
646572,article_jcreated_at,8/8/10,0.8000,jellyfish
128182,article_jcreated_at,1/1/1905,0.6000,jellyfish
252998,article_jcreated_at,1/1/2000,0.6000,jellyfish
231933,article_jcreated_at,1/1/2001,1.0000,jellyfish
683304,article_jcreated_at,8/1/2008,0.4000,jellyfish
854628,article_jcreated_at,5/1/90,1.0000,jellyfish
117678,article_jcreated_at,2001-12-01,0.4000,jellyfish
795170,article_jcreated_at,2013-12-01,0.6000,jellyfish
783722,article_jcreated_at,1/1/2015,0.6000,jellyfish
376103,article_jcreated_at,1/1/1900,1.0000,jellyfish
505530,article_jcreated_at,1/1/2000,0.8000,jellyfish
868618,article_jcreated_at,1/1/2013,1.0000,jellyfish
503451,article_jcreated_at,1/1/2012,1.0000,jellyfish
113363,article_jcreated_at,2021-07-22T14:30:00.000Z,0.2000,jellyfish
944558,article_jcreated_at,1/1/2003,1.0000,jellyfish
875250,article_jcreated_at,1/1/2009,0.8000,jellyfish
786108,article_jcreated_at,1/1/2009,1.0000,jellyfish
233544,article_jcreated_at,1/8/2014,0.8000,jellyfish
163093,article_jcreated_at,1/1/2009,0.6000,jellyfish
31763,article_jcreated_at,3/27/14,0.6000,jellyfish
949775,article_jcreated_at,2004-07-15,0.4000,jellyfish
847600,article_jcreated_at,11/4/2015,1.0000,jellyfish
638338,article_jcreated_at,2011-11-01,0.4000,jellyfish
14077,article_jcreated_at,1996-05-01,1.0000,jellyfish
453607,article_jcreated_at,2020-12-01 00:00:00.000,0.2000,jellyfish
690793,article_jcreated_at,3/12/2012,1.0000,jellyfish
799604,article_jcreated_at,4/1/1990,0.8000,jellyfish
718091,article_jcreated_at,1/1/2007,1.0000,jellyfish
935189,article_jcreated_at,4/1/1989,0.8000,jellyfish
711472,article_jcreated_at,7/2/2008,1.0000,jellyfish
660574,article_jcreated_at,6/1/2011,0.8000,jellyfish
873322,article_jcreated_at,1/1/2010,1.0000,jellyfish
774830,article_jcreated_at,1/1/2015,0.8000,jellyfish
768192,article_jcreated_at,1/1/2013,1.0000,jellyfish
950926,article_jcreated_at,1/1/2004,0.6000,jellyfish
204215,article_jcreated_at,2008-10-01,0.6000,jellyfish
129552,article_jcreated_at,2010-10-01,0.6000,jellyfish
526825,article_jcreated_at,3/1/2015,0.6000,jellyfish
56464,article_jcreated_at,10/1/2013,1.0000,jellyfish
20641,article_jcreated_at,7/14/2014,0.4000,jellyfish
706764,article_jcreated_at,1/1/1900,0.4000,jellyfish
388872,article_jcreated_at,5/1/2011,1.0000,jellyfish
681305,article_jcreated_at,2014-07-07,0.8000,jellyfish
541739,article_jcreated_at,5/1/2012,0.8000,jellyfish
558824,article_jcreated_at,1/1/2000,1.0000,jellyfish
954980,article_jcreated_at,1/1/2015,1.0000,jellyfish
896410,article_jcreated_at,2/1/2013,1.0000,jellyfish
751168,article_jcreated_at,1/1/2008,1.0000,jellyfish
303571,article_jcreated_at,1/1/2007,1.0000,jellyfish
193059,article_jcreated_at,1/1/2014,1.0000,jellyfish
416171,article_jcreated_at,1/1/1900,0.6000,jellyfish
810153,article_jcreated_at,2021-07-01,0.2000,jellyfish
164085,article_jcreated_at,2007-01-01,0.4000,jellyfish
619668,article_jcreated_at,2004-10-01,0.8000,jellyfish
490750,article_jcreated_at,1/1/1900,1.0000,jellyfish
136068,article_jcreated_at,1/1/2000,0.8000,jellyfish
198675,article_jcreated_at,1/1/07,0.4000,jellyfish
316114,article_jcreated_at,1/1/2010,0.8000,jellyfish
626797,article_jcreated_at,8/8/2008,1.0000,jellyfish
577842,article_jcreated_at,3/7/1997,0.8000,jellyfish
811629,article_jcreated_at,1/1/2013,1.0000,jellyfish
280418,article_jcreated_at,1/1/2013,1.0000,jellyfish
757660,article_jcreated_at,9/1/2001,0.6000,jellyfish
54163,article_jcreated_at,1/1/2010,0.8000,jellyfish
65723,article_jcreated_at,1/1/2014,0.8000,jellyfish
293974,article_jcreated_at,1/1/2014,1.0000,jellyfish
247571,article_jcreated_at,1/1/2009,0.6000,jellyfish
292980,article_jcreated_at,7/1/2009,1.0000,jellyfish
38197,article_jcreated_at,1/1/81,1.0000,jellyfish
160820,article_jcreated_at,01/11/2006,0.4000,jellyfish
876536,article_jcreated_at,1/1/2008,1.0000,jellyfish
776197,article_jcreated_at,1/1/2014,1.0000,jellyfish
45797,article_jcreated_at,6/1/1997,0.8000,jellyfish
605277,article_jcreated_at,2006-08-01,1.0000,jellyfish
749261,article_jcreated_at,2014-01-01,0.6000,jellyfish
752305,article_jcreated_at,1/1/96,0.6000,jellyfish
179196,article_jcreated_at,1/1/2008,0.6000,jellyfish
150198,article_jcreated_at,1/1/2007,1.0000,jellyfish
894415,article_jcreated_at,7/1/2000,0.8000,jellyfish
187769,article_jcreated_at,1/1/2000,0.8000,jellyfish
556090,article_jcreated_at,2014-01-01,0.6000,jellyfish
770589,article_jcreated_at,1/1/2000,0.4000,jellyfish
450743,article_jcreated_at,2022-02-16T14:30:00.000Z,0.2000,jellyfish
157566,article_jcreated_at,2014-01-01,0.6000,jellyfish
589465,article_jcreated_at,1/7/70,1.0000,jellyfish
560120,article_jcreated_at,6/1/2012,1.0000,jellyfish
107924,article_jcreated_at,2002-07-01,0.8000,jellyfish
797967,article_jcreated_at,2/93,0.4000,jellyfish
265969,article_jcreated_at,1/1/2007,0.6000,jellyfish
820508,article_jcreated_at,1/1/2001,0.6000,jellyfish
446026,article_jcreated_at,2020-01-01,0.4000,jellyfish
84941,article_jcreated_at,2011-01-01,0.6000,jellyfish
558766,article_jcreated_at,1/1/2008,1.0000,jellyfish
428909,article_jcreated_at,10/1/2013,0.8000,jellyfish
110453,article_jcreated_at,4/1/2014,0.6000,jellyfish
837546,article_jcreated_at,1/1/2002,1.0000,jellyfish
82695,article_jcreated_at,1/1/2014,1.0000,jellyfish
820059,article_jcreated_at,1/1/2004,1.0000,jellyfish
771288,article_jcreated_at,2000-01-01,0.6000,jellyfish
54202,article_jcreated_at,1/1/2012,0.8000,jellyfish
888477,article_jcreated_at,1/15/2015,0.4000,jellyfish
741279,article_jcreated_at,1/1/2007,1.0000,jellyfish
64430,article_jcreated_at,2012-10-01,0.6000,jellyfish
461657,article_jcreated_at,2022-07-25 00:00:00.000,0.4000,jellyfish
240949,article_jcreated_at,1/1/86,1.0000,jellyfish
453909,article_jcreated_at,2012-01-01,1.0000,jellyfish
222452,article_jcreated_at,1/1/75,1.0000,jellyfish
163839,article_jcreated_at,1/1/2001,1.0000,jellyfish
696132,article_jcreated_at,2011-10-01,0.4000,jellyfish
257990,article_jcreated_at,1/1/2014,0.4000,jellyfish
332032,article_jcreated_at,1/1/2008,0.6000,jellyfish
617801,article_jcreated_at,8/1/2005,1.0000,jellyfish
480030,article_jcreated_at,1/1/2014,0.8000,jellyfish
660499,article_jcreated_at,1/1/2009,0.4000,jellyfish
355078,article_jcreated_at,1/1/2002,0.6000,jellyfish
696985,article_jcreated_at,1/1/2006,1.0000,jellyfish
826471,article_jcreated_at,1/1/2010,0.6000,jellyfish
807737,article_jcreated_at,2021-04-15,1.0000,jellyfish
875781,article_jcreated_at,1/1/2000,1.0000,jellyfish
322953,article_jcreated_at,1/1/2010,0.6000,jellyfish
123731,article_jcreated_at,1/1/98,0.8000,jellyfish
180588,article_jcreated_at,1/1/2005,1.0000,jellyfish
440684,article_jcreated_at,2022-01-01,0.2000,jellyfish
758629,article_jcreated_at,1/1/86,1.0000,jellyfish
964184,article_jcreated_at,1/1/2000,1.0000,jellyfish
265490,article_jcreated_at,1/1/2004,0.6000,jellyfish
463556,article_jcreated_at,2021-08-25,0.2000,jellyfish
749844,article_jcreated_at,1/1/2013,0.8000,jellyfish
300057,article_jcreated_at,5/11/2011,0.6000,jellyfish
166521,article_jcreated_at,1/1/2004,0.6000,jellyfish
292018,article_jcreated_at,8/1/2002,0.6000,jellyfish
181456,article_jcreated_at,1/1/2005,0.6000,jellyfish
668772,article_jcreated_at,5/1/2013,1.0000,jellyfish
276001,article_jcreated_at,1/1/95,1.0000,jellyfish
788507,article_jcreated_at,1/1/2010,0.8000,jellyfish
620483,article_jcreated_at,6/1/2001,1.0000,jellyfish
433039,article_jcreated_at,2022-07-25 00:00:00.000,0.2000,jellyfish
737167,article_jcreated_at,2021-03-01,0.4000,jellyfish
744601,article_jcreated_at,2021-07-15,0.4000,jellyfish
856471,article_jcreated_at,1/1/2003,1.0000,jellyfish
570704,article_jcreated_at,2007-07-01,1.0000,jellyfish
520153,article_jcreated_at,7/1/2006,1.0000,jellyfish
259267,article_jcreated_at,1/1/2000,0.6000,jellyfish
24381,article_jcreated_at,2013-11-01,1.0000,jellyfish
827921,article_jcreated_at,4/1/2009,0.6000,jellyfish
461204,article_jcreated_at,2021-09-15T00:00:00.000Z,0.2000,jellyfish
482860,article_jcreated_at,9/1/98,1.0000,jellyfish
18298,article_jcreated_at,7/4/2014,0.6000,jellyfish
365654,article_jcreated_at,2014-01-01,0.6000,jellyfish
625306,article_jcreated_at,1/9/08,0.6000,jellyfish
572343,article_jcreated_at,1/1/2001,0.8000,jellyfish
88262,article_jcreated_at,7/14/2014,1.0000,jellyfish
663339,article_jcreated_at,11/13/2012,0.8000,jellyfish
718292,article_jcreated_at,2/2/82,0.6000,jellyfish
245200,article_jcreated_at,1/1/98,1.0000,jellyfish
307302,article_jcreated_at,6/1/2013,1.0000,jellyfish
217418,article_jcreated_at,1/1/97,0.6000,jellyfish
413717,article_jcreated_at,1/1/2006,1.0000,jellyfish
62246,article_jcreated_at,5/1/2002,0.6000,jellyfish
945021,article_jcreated_at,1/1/1998,0.8000,jellyfish
649817,article_jcreated_at,6/1/2010,1.0000,jellyfish
934327,article_jcreated_at,2021-02-17T14:45:00.000Z,0.2000,jellyfish
546484,article_jcreated_at,4/4/2011,1.0000,jellyfish
917231,article_jcreated_at,1/7/2012,0.8000,jellyfish
887418,article_jcreated_at,1/1/2013,0.8000,jellyfish
724055,article_jcreated_at,1/1/2004,0.4000,jellyfish
63738,article_jcreated_at,3/3/71,0.6000,jellyfish
422739,article_jcreated_at,1/1/2008,0.6000,jellyfish
97795,article_jcreated_at,1/1/2001,1.0000,jellyfish
155127,article_jcreated_at,2014-12-01,0.8000,jellyfish
100986,article_jcreated_at,9/23/14,1.0000,jellyfish
166179,article_jcreated_at,1/1/1900,1.0000,jellyfish
740811,article_jcreated_at,1/1/2013,1.0000,jellyfish
379577,article_jcreated_at,5/1/1998,1.0000,jellyfish
658981,article_jcreated_at,2012-12-01,1.0000,jellyfish
215650,article_jcreated_at,2021-02-25,0.4000,jellyfish
521132,article_jcreated_at,9/1/2004,1.0000,jellyfish
892609,article_jcreated_at,2009-09-15,0.4000,jellyfish
366275,article_jcreated_at,8/8/2012,0.6000,jellyfish
513630,article_jcreated_at,2014-11-01,1.0000,jellyfish
605423,article_jcreated_at,1/1/2003,1.0000,jellyfish
495319,article_jcreated_at,1/1/93,1.0000,jellyfish
733752,article_jcreated_at,1/1/2005,1.0000,jellyfish
252118,article_jcreated_at,1/1/82,0.8000,jellyfish
903817,article_jcreated_at,2020-03,0.2000,jellyfish
80799,article_jcreated_at,2/14/14,1.0000,jellyfish
385163,article_jcreated_at,1/1/2015,0.6000,jellyfish
645061,article_jcreated_at,3/1/2008,1.0000,jellyfish
164721,article_jcreated_at,1/1/1967,0.6000,jellyfish
730721,article_jcreated_at,1/1/2000,0.8000,jellyfish
439302,article_jcreated_at,2022-04-01,0.2000,jellyfish
410748,article_jcreated_at,1/1/2014,0.8000,jellyfish
133777,article_jcreated_at,7/1/2006,0.8000,jellyfish
775428,article_jcreated_at,1/1/2014,0.6000,jellyfish
497593,article_jcreated_at,1/1/2004,1.0000,jellyfish
899060,article_jcreated_at,1/1/2013,1.0000,jellyfish
424254,article_jcreated_at,1/1/88,1.0000,jellyfish
161290,article_jcreated_at,1/1/2005,0.6000,jellyfish
746312,article_jcreated_at,2021-12-15,0.4000,jellyfish
191138,article_jcreated_at,1/1/2001,0.8000,jellyfish
743819,article_jcreated_at,4/1/2014,0.6000,jellyfish
193292,article_jcreated_at,1/1/2004,1.0000,jellyfish
91852,article_jcreated_at,10/28/2013,0.8000,jellyfish
663526,article_jcreated_at,4/1/2011,0.6000,jellyfish
382853,article_jcreated_at,2015-04-01,0.6000,jellyfish
1266,article_jcreated_at,1/1/2008,1.0000,jellyfish
407082,article_jcreated_at,11/10/2010,0.8000,jellyfish
411673,article_jcreated_at,1/1/1900,0.8000,jellyfish
382297,article_jcreated_at,4/1/2015,0.8000,jellyfish
414396,article_jcreated_at,1/1/2003,1.0000,jellyfish
635082,article_jcreated_at,4/15/2005,1.0000,jellyfish
446599,article_jcreated_at,2022-07-25 00:00:00.000,0.2000,jellyfish
376525,article_jcreated_at,10/1/2007,1.0000,jellyfish
637323,article_jcreated_at,5/1/2006,0.4000,jellyfish
153797,article_jcreated_at,1/1/2003,0.8000,jellyfish
470179,article_jcreated_at,6/1/1995,0.8000,jellyfish
9325,article_jcreated_at,3/3/2010,0.6000,jellyfish
294719,article_jcreated_at,11/1/2013,0.6000,jellyfish
38130,article_jcreated_at,1/1/1900,1.0000,jellyfish
455697,article_jcreated_at,2022-01-01,0.4000,jellyfish
518335,article_jcreated_at,5/7/2009,0.8000,jellyfish
503528,article_jcreated_at,1/1/2014,0.8000,jellyfish
503354,article_jcreated_at,1/1/94,0.6000,jellyfish
176844,article_jcreated_at,1/1/2014,0.6000,jellyfish
820549,article_jcreated_at,1/1/2000,0.8000,jellyfish
250975,article_jcreated_at,1/1/2000,0.4000,jellyfish
37173,article_jcreated_at,1/1/1900,1.0000,jellyfish
641251,article_jcreated_at,2007-10-01,1.0000,jellyfish
302179,article_jcreated_at,1/1/1900,0.8000,jellyfish
627882,article_jcreated_at,5/1/2007,1.0000,jellyfish
264151,article_jcreated_at,1/1/2014,1.0000,jellyfish
711975,article_jcreated_at,2/16/2010,1.0000,jellyfish
12554,article_jcreated_at,6/10/2002,1.0000,jellyfish
564924,article_jcreated_at,1/1/2014,0.6000,jellyfish
364080,article_jcreated_at,1/1/88,1.0000,jellyfish
727134,article_jcreated_at,1/1/1970,0.6000,jellyfish
356635,article_jcreated_at,1/1/2006,1.0000,jellyfish
272721,article_jcreated_at,1/1/2009,1.0000,jellyfish
979725,article_jcreated_at,1/1/2015,0.6000,jellyfish
470615,article_jcreated_at,1/1/2004,1.0000,jellyfish
71351,article_jcreated_at,3/22/2014,1.0000,jellyfish
793299,article_jcreated_at,1/1/2015,1.0000,jellyfish
673560,article_jcreated_at,7/7/2014,1.0000,jellyfish
258181,article_jcreated_at,1/1/2010,1.0000,jellyfish
11709,article_jcreated_at,1/1/2005,1.0000,jellyfish
603381,article_jcreated_at,1/1/2006,1.0000,jellyfish
570263,article_jcreated_at,2009-03-01,0.6000,jellyfish
395807,article_jcreated_at,1/7/2010,1.0000,jellyfish
149836,article_jcreated_at,1/1/2005,1.0000,jellyfish
813023,article_jcreated_at,1/1/2002,1.0000,jellyfish
691035,article_jcreated_at,2014-01-01,0.6000,jellyfish
801512,article_jcreated_at,9/1/1997,0.8000,jellyfish
121133,article_jcreated_at,1/1/2005,1.0000,jellyfish
82486,article_jcreated_at,1/1/2014,1.0000,jellyfish
136032,article_jcreated_at,1/1/2004,1.0000,jellyfish
131606,article_jcreated_at,1/1/1993,1.0000,jellyfish
448384,article_jcreated_at,2021-09-01T00:00:00.000Z,0.4000,jellyfish
57286,article_jcreated_at,1/3/2013,0.4000,jellyfish
622636,article_jcreated_at,5/1/2001,1.0000,jellyfish
107979,article_jcreated_at,6/30/2003,0.6000,jellyfish
252990,article_jcreated_at,1/1/1900,0.6000,jellyfish
861475,article_jcreated_at,1/1/2001,0.8000,jellyfish
503159,article_jcreated_at,1/1/89,0.6000,jellyfish
325081,article_jcreated_at,1/1/96,1.0000,jellyfish
399134,article_jcreated_at,1/1/2015,0.6000,jellyfish
315951,article_jcreated_at,1/1/2006,1.0000,jellyfish
98479,article_jcreated_at,10/24/14,1.0000,jellyfish
673307,article_jcreated_at,1/1/2013,1.0000,jellyfish
730754,article_jcreated_at,1/1/2009,1.0000,jellyfish
953002,article_jcreated_at,1/1/1997,0.6000,jellyfish
246067,article_jcreated_at,1/1/2003,1.0000,jellyfish
161814,article_jcreated_at,1/1/2008,1.0000,jellyfish
8529,article_jcreated_at,2012-06-01,1.0000,jellyfish
198813,article_jcreated_at,1/1/2009,1.0000,jellyfish
535901,article_jcreated_at,1/1/1998,1.0000,jellyfish
15325,article_jcreated_at,1/1/95,0.6000,jellyfish
162189,article_jcreated_at,1/1/05,0.6000,jellyfish
434500,article_jcreated_at,2021-07-23T14:30:00.000Z,0.2000,jellyfish
197174,article_jcreated_at,2005-07-01,0.6000,jellyfish
6786,article_jcreated_at,1/22/2003,0.4000,jellyfish
309274,article_jcreated_at,11/1/2007,0.8000,jellyfish
672671,article_jcreated_at,2013-09-01,0.6000,jellyfish
819735,article_jcreated_at,1/1/2009,0.8000,jellyfish
21599,article_jcreated_at,3/1/2014,0.6000,jellyfish
980682,article_jcreated_at,1/1/1995,0.6000,jellyfish
547657,article_jcreated_at,1/1/2000,0.8000,jellyfish
682676,article_jcreated_at,9/1/2014,1.0000,jellyfish
820238,article_jcreated_at,1/1/2005,0.8000,jellyfish
82540,article_jcreated_at,12/1/2013,0.6000,jellyfish
776189,article_jcreated_at,8/25/07,0.4000,jellyfish
422951,article_jcreated_at,6/15/2015,0.6000,jellyfish
228622,article_jcreated_at,1/1/2000,0.8000,jellyfish
514759,article_jcreated_at,2013-11-01,0.8000,jellyfish
26216,article_jcreated_at,3/1/2014,0.6000,jellyfish
164517,article_jcreated_at,1/1/2002,1.0000,jellyfish
973603,article_jcreated_at,1/1/2000,1.0000,jellyfish
345575,article_jcreated_at,8/31/2010,1.0000,jellyfish
304082,article_jcreated_at,2002-03-01,0.8000,jellyfish
33728,article_jcreated_at,1/1/2014,1.0000,jellyfish
109595,article_jcreated_at,9/1/1994,0.6000,jellyfish
772026,article_jcreated_at,2021-09-01,0.4000,jellyfish
424870,article_jcreated_at,1/1/2003,1.0000,jellyfish
904168,article_jcreated_at,2020-03-01,0.4000,jellyfish
916713,article_jcreated_at,2015-04-01,0.8000,jellyfish
819804,article_jcreated_at,1/1/93,1.0000,jellyfish
892141,article_jcreated_at,9/9/2012,0.4000,jellyfish
409335,article_jcreated_at,18-Nov-2007,0.4000,jellyfish
166779,article_jcreated_at,12/31/86,0.6000,jellyfish
720526,article_jcreated_at,1/1/2001,1.0000,jellyfish
513503,article_jcreated_at,2/2/15,1.0000,jellyfish
83012,article_jcreated_at,7/13/2013,0.6000,jellyfish
438681,article_jcreated_at,2022-01-01 00:00:00.0000000,0.2000,jellyfish
317155,article_jcreated_at,2022-01-01 00:00:00,0.2000,jellyfish
261121,article_jcreated_at,1/1/2005,0.6000,jellyfish
296269,article_jcreated_at,1/1/2015,1.0000,jellyfish
960478,article_jcreated_at,1/1/2003,1.0000,jellyfish
741988,article_jcreated_at,1/1/87,0.8000,jellyfish
589265,article_jcreated_at,1/1/2014,0.8000,jellyfish
931944,article_jcreated_at,1/1/2008,0.8000,jellyfish
305933,article_jcreated_at,1/1/2014,0.4000,jellyfish
360693,article_jcreated_at,1/1/2010,1.0000,jellyfish
772745,article_jcreated_at,2020-01-01,0.4000,jellyfish
683893,article_jcreated_at,5/1/2011,0.8000,jellyfish
168157,article_jcreated_at,1/1/2009,0.6000,jellyfish
97775,article_jcreated_at,1/1/2001,0.8000,jellyfish
740227,article_jcreated_at,1/1/76,0.8000,jellyfish
449419,article_jcreated_at,2022-01-01,0.2000,jellyfish
456934,article_jcreated_at,2021-01-01,0.2000,jellyfish
134738,article_jcreated_at,1/1/2012,0.6000,jellyfish
66579,article_jcreated_at,2014-01-01,1.0000,jellyfish
557824,article_jcreated_at,1/1/2014,1.0000,jellyfish
215820,article_jcreated_at,2020-02-01,0.4000,jellyfish
658982,article_jcreated_at,5/1/2010,0.6000,jellyfish
272806,article_jcreated_at,1/1/2010,1.0000,jellyfish
773090,article_jcreated_at,2010,0.4000,jellyfish
500618,article_jcreated_at,1/1/2005,1.0000,jellyfish
385346,article_jcreated_at,10/1/2013,0.8000,jellyfish
938092,article_jcreated_at,1/1/95,0.8000,jellyfish
383183,article_jcreated_at,5/1/2015,0.6000,jellyfish
889260,article_jcreated_at,1/1/2015,0.6000,jellyfish
392576,article_jcreated_at,2005-06-01,0.6000,jellyfish
209012,article_jcreated_at,1/1/2014,1.0000,jellyfish
961006,article_jcreated_at,1/1/1994,0.6000,jellyfish
786558,article_jcreated_at,1/1/2013,1.0000,jellyfish
35875,article_jcreated_at,8/1/2013,1.0000,jellyfish
882786,article_jcreated_at,10/10/2003,0.6000,jellyfish
332926,article_jcreated_at,1/1/2013,1.0000,jellyfish
109843,article_jcreated_at,1991-01-01,0.6000,jellyfish
820688,article_jcreated_at,1/1/91,0.6000,jellyfish
817811,article_jcreated_at,1/1/2013,1.0000,jellyfish
855970,article_jcreated_at,1/1/2013,0.8000,jellyfish
643856,article_jcreated_at,1/1/2007,1.0000,jellyfish
482584,article_jcreated_at,6/1/2014,0.6000,jellyfish
553088,article_jcreated_at,10/1/14,0.4000,jellyfish
575935,article_jcreated_at,9/15/2015,1.0000,jellyfish
450760,article_jcreated_at,2022-03-15T14:30:00.000Z,0.4000,jellyfish
160121,article_jcreated_at,11/10/2010,0.8000,jellyfish
471093,article_jcreated_at,1/1/2003,0.8000,jellyfish
84783,article_jcreated_at,7/1/2012,0.8000,jellyfish
894794,article_jcreated_at,8/1/2009,1.0000,jellyfish
481173,article_jcreated_at,1/1/95,1.0000,jellyfish
946487,article_jcreated_at,1/1/2010,1.0000,jellyfish
685456,article_jcreated_at,1/2/01,0.6000,jellyfish
6028,article_jcreated_at,1/1/2013,1.0000,jellyfish
48202,article_jcreated_at,1/1/90,0.8000,jellyfish
558738,article_jcreated_at,2011-07-07,0.6000,jellyfish
908011,article_jcreated_at,1/1/99,0.6000,jellyfish
260738,article_jcreated_at,1/1/2005,1.0000,jellyfish
979155,article_jcreated_at,9/9/2014,0.6000,jellyfish
752075,article_jcreated_at,2000,0.4000,jellyfish
670823,article_jcreated_at,11/13/2013,0.6000,jellyfish
73289,article_jcreated_at,4/14/2014,0.6000,jellyfish
426134,article_jcreated_at,1/1/2004,0.8000,jellyfish
255382,article_jcreated_at,2002-06-01,0.4000,jellyfish
979472,article_jcreated_at,1/1/1991,0.8000,jellyfish
814758,article_jcreated_at,1/1/2007,1.0000,jellyfish
226417,article_jcreated_at,10/27/14,0.8000,jellyfish
968815,article_jcreated_at,1/1/2000,0.6000,jellyfish
734259,article_jcreated_at,1/1/2012,0.8000,jellyfish
235295,article_pagination,1187-1189,0.8000,jellyfish
789958,article_pagination,283-4,0.8000,jellyfish
169865,article_pagination,714-719,0.6000,jellyfish
803653,article_pagination,835-840,0.4000,jellyfish
98234,article_pagination,185-91 → 189-95,0.4000,jellyfish
823730,article_pagination,163-7,0.6000,jellyfish
729712,article_pagination,43-49,1.0000,jellyfish
396821,article_pagination,1160-79,0.2000,jellyfish
340222,article_pagination,158-61 → 159-62,0.4000,jellyfish
184417,article_pagination,317-325,1.0000,jellyfish
729686,article_pagination,10213-10224,1.0000,jellyfish
278396,article_pagination,711-718,0.6000,jellyfish
965082,article_pagination,S40,0.6000,jellyfish
53321,article_pagination,1245-1250,1.0000,jellyfish
13601,article_pagination,921-22,0.4000,jellyfish
668310,article_pagination,189-94,0.8000,jellyfish
282987,article_pagination,Cd004797,1.0000,jellyfish
478292,article_pagination,263-4,0.4000,jellyfish
43736,article_pagination,991-1000,0.6000,jellyfish
82614,article_pagination,1304-1313,0.8000,jellyfish
163526,article_pagination,512-519,1.0000,jellyfish
514411,article_pagination,1532-6,0.2000,jellyfish
569841,article_pagination,2496-2502,1.0000,jellyfish
6207,article_pagination,785-794,1.0000,jellyfish
21910,article_pagination,Dec-22,0.8000,jellyfish
378490,article_pagination,1892-1899,1.0000,jellyfish
971878,article_pagination,1075-1078,0.8000,jellyfish
793918,article_pagination,e75079,1.0000,jellyfish
819166,article_pagination,W1-W4,1.0000,jellyfish
880881,article_pagination,384-8,1.0000,jellyfish
629530,article_pagination,2077-86,1.0000,jellyfish
954388,article_pagination,46,1.0000,jellyfish
379737,article_pagination,625-7 → 625-630,0.6000,jellyfish
676042,article_pagination,362-369,1.0000,jellyfish
353972,article_pagination,243-248,1.0000,jellyfish
968125,article_pagination,144-147,1.0000,jellyfish
660168,article_pagination,316-26; discussion 326-7,0.6000,jellyfish
732534,article_pagination,20-26,0.6000,jellyfish
473026,article_pagination,134-9,1.0000,jellyfish
372175,article_pagination,S39,0.4000,jellyfish
110072,article_pagination,1681-1687,1.0000,jellyfish
330553,article_pagination,655-663,0.6000,jellyfish
23215,article_pagination,42-55,1.0000,jellyfish
719532,article_pagination,2331-2337,0.6000,jellyfish
86421,article_pagination,3585-71,0.4000,jellyfish
433667,article_pagination,1,0.7500,jellyfish
530323,article_pagination,CD01043,1.0000,jellyfish
102893,article_pagination,1520-25,0.4000,jellyfish
864817,article_pagination,viii,0.6000,jellyfish
217725,article_pagination,151-158,0.6000,jellyfish
730822,article_pagination,324-326,1.0000,jellyfish
659297,article_pagination,984-98,1.0000,jellyfish
42247,article_pagination,597-601,1.0000,jellyfish
302969,article_pagination,22-35,0.4000,jellyfish
158672,article_pagination,715-727,0.8000,jellyfish
616298,article_pagination,427-435,0.8000,jellyfish
221086,article_pagination,34,1.0000,jellyfish
548616,article_pagination,pp. 1-240,0.5000,jellyfish
669596,article_pagination,3191-3197,0.8000,jellyfish
474288,article_pagination,15-22,1.0000,jellyfish
108424,article_pagination,261-8,0.6000,jellyfish
841679,article_pagination,144-147,1.0000,jellyfish
173830,article_pagination,153-163,1.0000,jellyfish
852927,article_pagination,34,1.0000,jellyfish
237623,article_pagination,None provided,1.0000,jellyfish
912884,article_pagination,410-413,1.0000,jellyfish
318931,article_pagination,153-163,1.0000,jellyfish
93659,article_pagination,459-463,0.4000,jellyfish
349150,article_pagination,185-90,1.0000,jellyfish
572010,article_pagination,310-4 → 310-5,0.4000,jellyfish
826030,article_pagination,183-189,0.8000,jellyfish
34962,article_pagination,112-118,0.8000,jellyfish
574309,article_pagination,1455-1462,1.0000,jellyfish
200077,article_pagination,484-486,0.6000,jellyfish
421512,article_pagination,17-24,1.0000,jellyfish
715052,article_pagination,118-124 7p,0.4000,jellyfish
172966,article_pagination,1349-1354,0.4000,jellyfish
140274,article_pagination,Jun,0.8000,jellyfish
282039,article_pagination,1925-1929,1.0000,jellyfish
835177,article_pagination,167-71,0.4000,jellyfish
519732,article_pagination,13-29,1.0000,jellyfish
761104,article_pagination,1,0.6000,jellyfish
408062,article_pagination,222-8,1.0000,jellyfish
889481,article_pagination,165-70,0.4000,jellyfish
894596,article_pagination,1937-1958,1.0000,jellyfish
604985,article_pagination,152-155,0.8000,jellyfish
220950,article_pagination,38-41,1.0000,jellyfish
770196,article_pagination,10-5,1.0000,jellyfish
914468,article_pagination,135-138,1.0000,jellyfish
346326,article_pagination,261-3,0.8000,jellyfish
612846,article_pagination,97-103,0.4000,jellyfish
282053,article_pagination,341-6,0.8000,jellyfish
870257,article_pagination,501-509,0.8000,jellyfish
417578,article_pagination,SP26-7,1.0000,jellyfish
949067,article_pagination,325-30,1.0000,jellyfish
931323,article_pagination,326-327,1.0000,jellyfish
752456,article_pagination,1234-56,1.0000,jellyfish
377284,article_pagination,E556-64,1.0000,jellyfish
420138,article_pagination,319-324,1.0000,jellyfish
444273,article_pagination,1,1.0000,jellyfish
816680,article_pagination,283-296,1.0000,jellyfish
491006,article_pagination,160-6 → 161-6,0.6000,jellyfish
628299,article_pagination,667-677,1.0000,jellyfish
72089,article_pagination,721-728,0.4000,jellyfish
847287,article_pagination,248-258,0.8000,jellyfish
764224,article_pagination,255-262,1.0000,jellyfish
591619,article_pagination,135-41 → 135-40,0.2000,jellyfish
125072,article_pagination,146-151,1.0000,jellyfish
255432,article_pagination,CD002047,1.0000,jellyfish
689284,article_pagination,911-24 → 911–24,0.8000,jellyfish
781141,article_pagination,None provided,1.0000,jellyfish
148787,article_pagination,8-16,1.0000,jellyfish
684757,article_pagination,745-750,1.0000,jellyfish
447382,article_pagination,page 1234,0.4000,jellyfish
585766,article_pagination,57-61,1.0000,jellyfish
185291,article_pagination,305-310,1.0000,jellyfish
886237,article_pagination,323-330,1.0000,jellyfish
954493,article_pagination,11,0.6000,jellyfish
922646,article_pagination,999-1004 → 1234-1238,1.0000,jellyfish
843485,article_pagination,110-6,0.8000,jellyfish
668845,article_pagination,Supplement,0.6000,jellyfish
863844,article_pagination,2603-2608,1.0000,jellyfish
946006,article_pagination,384-90,0.6000,jellyfish
36429,article_pagination,202-9,0.8000,jellyfish
259367,article_pagination,208-213,1.0000,jellyfish
977276,article_pagination,57-64,1.0000,jellyfish
369578,article_pagination,421-7,1.0000,jellyfish
772616,article_pagination,817-823 → 817-823 (no change needed),0.4000,jellyfish
334681,article_pagination,1182-7,1.0000,jellyfish
757463,article_pagination,721-728,0.8000,jellyfish
465176,article_pagination,1,1.0000,jellyfish
368072,article_pagination,933,0.5000,jellyfish
812893,article_pagination,251-264,1.0000,jellyfish
380945,article_pagination,B570-9,1.0000,jellyfish
513829,article_pagination,1605-12,0.8000,jellyfish
862798,article_pagination,275-287,1.0000,jellyfish
316632,article_pagination,327-33,1.0000,jellyfish
38413,article_pagination,384-6 ST  - Proximal migration of a 5 French pancreatic stent during bile stone extraction: a successful retrieval using mini-snare- →,0.6000,jellyfish
595469,article_pagination,152-159,1.0000,jellyfish
49698,article_pagination,1261-1269,1.0000,jellyfish
900624,article_pagination,0,1.0000,jellyfish
246528,article_pagination,574-80,1.0000,jellyfish
347144,article_pagination,290-5,0.8000,jellyfish
957059,article_pagination,451-457 → 456-462,0.4000,jellyfish
269313,article_pagination,930-936,1.0000,jellyfish
267879,article_pagination,6-10,0.6000,jellyfish
224232,article_pagination,364-71,1.0000,jellyfish
62306,article_pagination,253-4,0.8000,jellyfish
182986,article_pagination,131-134,1.0000,jellyfish
663994,article_pagination,2752-2763,1.0000,jellyfish
520771,article_pagination,1241-1242,0.4000,jellyfish
754594,article_pagination,1128-1131,0.8000,jellyfish
817046,article_pagination,149-156,0.8000,jellyfish
736183,article_pagination,368-72,1.0000,jellyfish
963532,article_pagination,1577-1588,0.8000,jellyfish
131820,article_pagination,45-53,1.0000,jellyfish
704093,article_pagination,256-262,0.6000,jellyfish
912377,article_pagination,161-66,0.8000,jellyfish
203935,article_pagination,1177-1184,1.0000,jellyfish
68354,article_pagination,ZC70-5,1.0000,jellyfish
259916,article_pagination,574-578,1.0000,jellyfish
199407,article_pagination,551-561,0.6000,jellyfish
790756,article_pagination,123-125,0.4000,jellyfish
592893,article_pagination,290-293,1.0000,jellyfish
232775,article_pagination,43-44,1.0000,jellyfish
631610,article_pagination,1203-1212,0.6000,jellyfish
901298,article_pagination,None provided,0.5000,jellyfish
456691,article_pagination,1,1.0000,jellyfish
429995,article_pagination,729-35,0.8000,jellyfish
709359,article_pagination,139-143,0.4000,jellyfish
690938,article_pagination,469-75,0.8000,jellyfish
910604,article_pagination,251-257,1.0000,jellyfish
730191,article_pagination,201-205,1.0000,jellyfish
42135,article_pagination,479-482,0.8000,jellyfish
835178,article_pagination,87-95,1.0000,jellyfish
335521,article_pagination,143-149,0.6000,jellyfish
22708,article_pagination,305-316,0.4000,jellyfish
704111,article_pagination,e1327-9,1.0000,jellyfish
804762,article_pagination,"Conference Proceedings of the 19th Congress of the European Hematology Association, Milan, Italy. Conference Start: 20140612 Conference End: 201406",0.6000,jellyfish
657210,article_pagination,None provided,1.0000,jellyfish
490584,article_pagination,1108-1117,1.0000,jellyfish
929252,article_pagination,612-617,0.6000,jellyfish
821382,article_pagination,733-748,1.0000,jellyfish
961741,article_pagination,1,0.4000,jellyfish
925885,article_pagination,30-35,1.0000,jellyfish
717315,article_pagination,145-152,0.4000,jellyfish
967781,article_pagination,457-+,0.4000,jellyfish
928952,article_pagination,603-615,0.4000,jellyfish
225002,article_pagination,57-61,1.0000,jellyfish
550350,article_pagination,14-17,0.6000,jellyfish
622979,article_pagination,1087,0.4000,jellyfish
501663,article_pagination,207-212,0.8000,jellyfish
48738,article_pagination,"633-58 ST  - Prebiotics, immune function, infection and inflammation: a review of the evidence- -> 633-641 ST  - Pre",0.2000,jellyfish
143029,article_pagination,None provided,1.0000,jellyfish
667611,article_pagination,21,0.6000,jellyfish
565079,article_pagination,46-55,1.0000,jellyfish
348006,article_pagination,237-45,0.8000,jellyfish
55412,article_pagination,17,0.8000,jellyfish
546048,article_pagination,None provided,1.0000,jellyfish
979292,article_pagination,1045-56,1.0000,jellyfish
971456,article_pagination,715-721,1.0000,jellyfish
533193,article_pagination,182-191,1.0000,jellyfish
970436,article_pagination,310-5,0.8000,jellyfish
437969,article_pagination,1,1.0000,jellyfish
417782,article_pagination,240-6,0.6000,jellyfish
979059,article_pagination,None provided,1.0000,jellyfish
661572,article_pagination,840-54,0.8000,jellyfish
132901,article_pagination,309-313,0.4000,jellyfish
245822,article_pagination,3541-3544,1.0000,jellyfish
440401,article_pagination,1,0.6667,jellyfish
77389,article_pagination,130-48,0.6000,jellyfish
592817,article_pagination,361-363,0.4000,jellyfish
169270,article_pagination,267-75,0.4000,jellyfish
288711,article_pagination,81-83,1.0000,jellyfish
184949,article_pagination,562-569,1.0000,jellyfish
833251,article_pagination,112-120,1.0000,jellyfish
470174,article_pagination,447-452,1.0000,jellyfish
315926,article_pagination,609-21,0.4000,jellyfish
901385,article_pagination,291-297,1.0000,jellyfish
787529,article_pagination,S29-S36,0.8000,jellyfish
441393,article_pagination,1,0.5000,jellyfish
481882,article_pagination,3118-3127,0.6000,jellyfish
572425,article_pagination,237-40,0.6000,jellyfish
581864,article_pagination,432-438,1.0000,jellyfish
696362,article_pagination,291-297,0.8000,jellyfish
504206,article_pagination,181-7,0.4000,jellyfish
800900,article_pagination,593-610,1.0000,jellyfish
235689,article_pagination,425.e1-6,1.0000,jellyfish
659896,article_pagination,e867-98,1.0000,jellyfish
84944,article_pagination,259-65 → 261-66,0.2000,jellyfish
326944,article_pagination,29-32,1.0000,jellyfish
922795,article_pagination,S10-3,0.6000,jellyfish
768486,article_pagination,e005601,1.0000,jellyfish
428363,article_pagination,421-22,0.6000,jellyfish
519287,article_pagination,115,0.6000,jellyfish
638918,article_pagination,52-63,1.0000,jellyfish
111336,article_pagination,e005077,1.0000,jellyfish
747279,article_pagination,eS502-eS503,1.0000,jellyfish
674696,article_pagination,167-81,0.4000,jellyfish
258108,article_pagination,e15,0.6000,jellyfish
59308,article_pagination,58-69,1.0000,jellyfish
610641,article_pagination,331-338,0.6000,jellyfish
631704,article_pagination,49-55,1.0000,jellyfish
846537,article_pagination,S46-S61,1.0000,jellyfish
973076,article_pagination,245-248,1.0000,jellyfish
931402,article_pagination,415-422 8p,1.0000,jellyfish
908690,article_pagination,20,0.8000,jellyfish
417373,article_pagination,15-16,0.8000,jellyfish
759329,article_pagination,110-111,1.0000,jellyfish
386327,article_pagination,642-55,0.4000,jellyfish
695010,article_pagination,265-271,0.6000,jellyfish
191908,article_pagination,524-529,1.0000,jellyfish
384767,article_pagination,1232-1234,1.0000,jellyfish
855912,article_pagination,pp. 1234-1242,0.5000,jellyfish
710727,article_pagination,431-446 16p,1.0000,jellyfish
816996,article_pagination,69-74,0.8000,jellyfish
625016,article_pagination,774-775,1.0000,jellyfish
275675,article_pagination,589-596,0.8000,jellyfish
967376,article_pagination,922-9,1.0000,jellyfish
640230,article_pagination,212-8,0.8000,jellyfish
625663,article_pagination,714-725,1.0000,jellyfish
480649,article_pagination,56,0.4000,jellyfish
782541,article_pagination,733,0.6000,jellyfish
692358,article_pagination,10-17,0.6000,jellyfish
836847,article_pagination,203-277,1.0000,jellyfish
867207,article_pagination,227,0.6000,jellyfish
253149,article_pagination,185-186,1.0000,jellyfish
929971,article_pagination,349-358,0.4000,jellyfish
470385,article_pagination,314-320,1.0000,jellyfish
731703,article_pagination,[page 1234],0.6667,jellyfish
113399,article_pagination,323-326,1.0000,jellyfish
685178,article_pagination,1314-21,1.0000,jellyfish
653325,article_pagination,1420-26,0.4000,jellyfish
893573,article_pagination,761-762,1.0000,jellyfish
56272,article_pagination,736-744,0.4000,jellyfish
737786,article_pagination,1024-1025,0.8000,jellyfish
680306,article_pagination,550-64 → 551-65,0.6000,jellyfish
53877,article_pagination,37-41 DO 10.1080/10810730902805788,1.0000,jellyfish
504928,article_pagination,Page 1234,1.0000,jellyfish
198650,article_pagination,27-32,1.0000,jellyfish
671386,article_pagination,529-533,0.6000,jellyfish
981412,article_pagination,pp. 123-135,1.0000,jellyfish
785472,article_pagination,e35161,0.6000,jellyfish
734077,article_pagination,823-830,1.0000,jellyfish
46028,article_pagination,7-1,0.6000,jellyfish
743129,article_pagination,223-38,0.8000,jellyfish
392246,article_pagination,23-31,1.0000,jellyfish
904889,article_pagination,1,1.0000,jellyfish
360147,article_pagination,435-442,1.0000,jellyfish
670289,article_pagination,2777-85,1.0000,jellyfish
821702,article_pagination,477-505,1.0000,jellyfish
188890,article_pagination,22-34,1.0000,jellyfish
321660,article_pagination,390-391,0.6000,jellyfish
427455,article_pagination,251-256,1.0000,jellyfish
246204,article_pagination,64-70,1.0000,jellyfish
857402,article_pagination,84301,1.0000,jellyfish
704357,article_pagination,204-9,0.2000,jellyfish
716785,article_pagination,119-125,0.8000,jellyfish
746065,article_pagination,39-44,1.0000,jellyfish
738322,article_pagination,329-33,1.0000,jellyfish
934177,article_pagination,0,1.0000,jellyfish
351534,article_pagination,1295-1310,0.4000,jellyfish
872389,article_pagination,835–841,0.4000,jellyfish
499983,article_pagination,1635-1643,1.0000,jellyfish
452432,article_pagination,1,1.0000,jellyfish
320139,article_pagination,1331-1334,1.0000,jellyfish
735083,article_pagination,pp. 1235-1242,1.0000,jellyfish
978471,article_pagination,663-695,1.0000,jellyfish
152626,article_pagination,544-7 ST - Recurrent distal 16q duplication and terminal 22q deletion: prenatal diagnosis and genetic counseling-,0.6000,jellyfish
90272,article_pagination,629-630,0.6000,jellyfish
776651,article_pagination,616-626,1.0000,jellyfish
931361,article_pagination,590-596,1.0000,jellyfish
623358,article_pagination,159-86 → 159–86,0.8000,jellyfish
385940,article_pagination,520-3 → 520-5,0.6000,jellyfish
951168,article_pagination,2049,0.8000,jellyfish
515254,article_pagination,2013 Jul;42(4):e61,0.2000,jellyfish
674623,article_pagination,196-203,1.0000,jellyfish
226419,article_pagination,1/7/15,0.5000,jellyfish
178078,article_pagination,173-181,1.0000,jellyfish
453637,article_pagination,0,0.5000,jellyfish
57483,article_pagination,130-131,0.8000,jellyfish
462849,article_pagination,0,0.6667,jellyfish
338547,article_pagination,237-248,1.0000,jellyfish
438808,article_pagination,1,1.0000,jellyfish
352040,article_pagination,26-27,0.6000,jellyfish
887131,article_pagination,53-62,1.0000,jellyfish
182296,article_pagination,331-373,1.0000,jellyfish
49847,article_pagination,"392-7 ST  - [Dinggui Oil Capsule in treating irritable bowel syndrome with stagnation of qi and cold: a prospective, multi-center",1.0000,jellyfish
524073,article_pagination,259-264,1.0000,jellyfish
348813,article_pagination,527-533,0.6000,jellyfish
427933,article_pagination,441-55,0.6000,jellyfish
6862,article_pagination,842-848,1.0000,jellyfish
853676,article_pagination,112-117,0.6000,jellyfish
556116,article_pagination,79-105,0.8000,jellyfish
734870,article_pagination,None provided,1.0000,jellyfish
540850,article_pagination,147-9,1.0000,jellyfish
465756,article_pagination,1,1.0000,jellyfish
762269,article_pagination,461-7,0.6000,jellyfish
441902,article_pagination,0,1.0000,jellyfish
950233,article_pagination,146-152,1.0000,jellyfish
621415,article_pagination,447-52 → 447-52 (no change needed),0.6000,jellyfish
633877,article_pagination,233-43,1.0000,jellyfish
756208,article_pagination,217-226,0.8000,jellyfish
97853,article_pagination,870-875,1.0000,jellyfish
720775,article_pagination,195-203,1.0000,jellyfish
294439,article_pagination,708-711,1.0000,jellyfish
375430,article_pagination,1444,0.8000,jellyfish
689666,article_pagination,10,1.0000,jellyfish
896848,article_pagination,627-630,1.0000,jellyfish
231182,article_pagination,131-137 → 131-137 (no change needed),0.6000,jellyfish
232896,article_pagination,None provided,1.0000,jellyfish
798716,article_pagination,373-6,1.0000,jellyfish
704812,article_pagination,149-157,1.0000,jellyfish
203084,article_pagination,106-119,1.0000,jellyfish
81959,article_pagination,None provided,1.0000,jellyfish
235924,article_pagination,1127-1133,1.0000,jellyfish
291020,article_pagination,56-64,1.0000,jellyfish
408188,article_pagination,2700-7,0.6000,jellyfish
283460,article_pagination,458-462,1.0000,jellyfish
563505,article_pagination,eResearch Article 2014,0.6000,jellyfish
761676,article_pagination,182-195,1.0000,jellyfish
923043,article_pagination,1556-1559,0.6000,jellyfish
248075,article_pagination,1111-5,1.0000,jellyfish
313030,article_pagination,673-692,1.0000,jellyfish
885384,article_pagination,239-246,0.8000,jellyfish
361906,article_pagination,347-55,1.0000,jellyfish
180827,article_pagination,298-308,0.6000,jellyfish
723057,article_pagination,e92590,0.8000,jellyfish
894502,article_pagination,143-153,0.6000,jellyfish
793410,article_pagination,1257-1258,0.8000,jellyfish
816944,article_pagination,392-398,1.0000,jellyfish
632040,article_pagination,e50836,1.0000,jellyfish
752280,article_pagination,Jan 9,1.0000,jellyfish
716594,article_pagination,51-54,1.0000,jellyfish
919751,article_pagination,1427-1430,1.0000,jellyfish
60309,article_pagination,875-916,1.0000,jellyfish
757176,article_pagination,565-9,1.0000,jellyfish
261329,article_pagination,1,0.6667,jellyfish
615903,article_pagination,70-76,0.8000,jellyfish
169524,article_pagination,233-44,1.0000,jellyfish
178424,article_pagination,346-352,1.0000,jellyfish
716357,article_pagination,239-244 6p,1.0000,jellyfish
448010,article_pagination,0,1.0000,jellyfish
788729,article_pagination,353-7,1.0000,jellyfish
624354,article_pagination,207-13 → 207-216,0.6000,jellyfish
112716,article_pagination,144-56,0.6000,jellyfish
881020,article_pagination,167-172,1.0000,jellyfish
605643,article_pagination,639-46,0.8000,jellyfish
5782,article_pagination,1050-1055,0.6000,jellyfish
852332,article_pagination,437-42 → 437–42,0.8000,jellyfish
343395,article_pagination,183-95,0.4000,jellyfish
826830,article_pagination,605-611,0.4000,jellyfish
905100,article_pagination,Jan 11,0.6000,jellyfish
34517,article_pagination,725.e11-5,0.4000,jellyfish
771377,article_pagination,380-384,1.0000,jellyfish
32426,article_pagination,147-58,0.6000,jellyfish
722451,article_pagination,405,0.8000,jellyfish
318542,article_pagination,160-172,0.6000,jellyfish
533425,article_pagination,24-32,1.0000,jellyfish
854232,article_pagination,1323-1330,1.0000,jellyfish
2842,article_pagination,231-6,0.4000,jellyfish
789057,article_pagination,1005-1012,1.0000,jellyfish
205187,article_pagination,30-33,0.8000,jellyfish
970712,article_pagination,361,1.0000,jellyfish
161630,article_pagination,184-189,0.8000,jellyfish
583682,article_pagination,Jan 15,0.8000,jellyfish
891722,article_pagination,1556-1579,1.0000,jellyfish
54613,article_pagination,1164-1173 DO - 10.1002/cncr.11174,0.8000,jellyfish
450749,article_pagination,0,0.6667,jellyfish
19086,article_pagination,2207-2214,1.0000,jellyfish
852213,article_pagination,314-21 → 321-8,0.8000,jellyfish
475847,article_pagination,91-93,0.8000,jellyfish
893664,article_pagination,607-10,0.8000,jellyfish
450528,article_pagination,[page 123-4],1.0000,jellyfish
838034,article_pagination,226-232,1.0000,jellyfish
119186,article_pagination,328-39,0.6000,jellyfish
274083,article_pagination,974-981,1.0000,jellyfish
784224,article_pagination,43-48,1.0000,jellyfish
260769,article_pagination,827-836,1.0000,jellyfish
592831,article_pagination,685-90,1.0000,jellyfish
464911,article_pagination,1,0.7500,jellyfish
369162,article_pagination,465-6,1.0000,jellyfish
209896,article_pagination,468-493,1.0000,jellyfish
217524,article_pagination,373-378,1.0000,jellyfish
694007,article_pagination,5-2,0.8000,jellyfish
53319,article_pagination,695-702,1.0000,jellyfish
962338,article_pagination,96-97,0.6000,jellyfish
972821,article_pagination,w13728,0.6000,jellyfish
587024,article_pagination,714-721,0.8000,jellyfish
49274,article_pagination,2562-2569,0.8000,jellyfish
687404,article_pagination,64,0.4000,jellyfish
858569,article_pagination,706-717,0.6000,jellyfish
982590,article_pagination,36,0.8000,jellyfish
853882,article_pagination,1858-1863,1.0000,jellyfish
743989,article_pagination,S225,0.2000,jellyfish
71263,article_pagination,100-5,0.4000,jellyfish
111970,article_pagination,447-455,1.0000,jellyfish
941646,article_pagination,401-405,0.4000,jellyfish
397190,article_pagination,Mar 3,1.0000,jellyfish
98562,article_pagination,None provided,1.0000,jellyfish
56014,article_pagination,1,1.0000,jellyfish
911271,article_pagination,3196-3200,0.4000,jellyfish
565528,article_pagination,535-541,1.0000,jellyfish
951143,article_pagination,1001-1014,1.0000,jellyfish
658707,article_pagination,260-276,0.4000,jellyfish
84905,article_pagination,780-789,1.0000,jellyfish
891370,article_pagination,913-919,0.4000,jellyfish
697286,article_pagination,21-24,1.0000,jellyfish
819701,article_pagination,37-45,0.4000,jellyfish
855099,article_pagination,51-55,1.0000,jellyfish
123492,article_pagination,227-233,1.0000,jellyfish
226966,article_pagination,1763-9,1.0000,jellyfish
850788,article_pagination,708-715,1.0000,jellyfish
811354,article_pagination,7111-7120,0.6000,jellyfish
323305,article_pagination,101-108,0.4000,jellyfish
485934,article_pagination,1074-1082,0.8000,jellyfish
743602,article_pagination,2692-2700,0.8000,jellyfish
960371,article_pagination,19-35,0.4000,jellyfish
944668,article_pagination,121-36 → 123-45,0.6000,jellyfish
873987,article_pagination,1975-6,0.4000,jellyfish
968211,article_pagination,100,1.0000,jellyfish
299635,article_pagination,241-242,1.0000,jellyfish
846319,article_pagination,431-438,0.6000,jellyfish
263027,article_pagination,13-21,1.0000,jellyfish
788168,article_pagination,581-591,1.0000,jellyfish
146560,article_pagination,545-53,1.0000,jellyfish
498344,article_pagination,10,0.8000,jellyfish
385772,article_pagination,There is no need to correct the value of article_pagination as it is already correct. The correct value is 923129. No change is required. 923,0.2500,jellyfish
917417,article_pagination,18-24,1.0000,jellyfish
517503,article_pagination,3535-3544,1.0000,jellyfish
72325,article_pagination,493-503,1.0000,jellyfish
516758,article_pagination,2571,1.0000,jellyfish
85920,article_pagination,851-859,1.0000,jellyfish
145874,article_pagination,104-8,0.4000,jellyfish
888553,article_pagination,343-7,1.0000,jellyfish
889580,article_pagination,577-588,1.0000,jellyfish
732272,article_pagination,119-126,1.0000,jellyfish
351877,article_pagination,54-62,1.0000,jellyfish
276000,article_pagination,350,1.0000,jellyfish
378289,article_pagination,269-277,1.0000,jellyfish
684476,article_pagination,68-74,1.0000,jellyfish
467344,article_pagination,1,0.5000,jellyfish
39687,article_pagination,page 123-4,0.6000,jellyfish
697880,article_pagination,S306-S314,1.0000,jellyfish
179093,article_pagination,917-920,1.0000,jellyfish
539034,article_pagination,1777-1786,0.8000,jellyfish
208435,article_pagination,1283-9,0.6000,jellyfish
556624,article_pagination,193-199,0.8000,jellyfish
36253,article_pagination,275-6,0.4000,jellyfish
422857,article_pagination,731-741,1.0000,jellyfish
720372,article_pagination,277-286,1.0000,jellyfish
863342,article_pagination,33-43,1.0000,jellyfish
260745,article_pagination,141,0.8000,jellyfish
941515,article_pagination,190-191,1.0000,jellyfish
641972,article_pagination,593-5,1.0000,jellyfish
699523,article_pagination,289-318,1.0000,jellyfish
946112,article_pagination,360-374,1.0000,jellyfish
958639,article_pagination,238,1.0000,jellyfish
850418,article_pagination,62-63,0.6000,jellyfish
125302,article_pagination,130-4 → 131-4,0.6000,jellyfish
168889,article_pagination,339-52 → 339-348,0.4000,jellyfish
63977,article_pagination,1145-1153,1.0000,jellyfish
782211,article_pagination,875-88,0.6000,jellyfish
473599,article_pagination,1309-1318,1.0000,jellyfish
915463,article_pagination,55-56,1.0000,jellyfish
476199,article_pagination,440-445,0.6000,jellyfish
405141,article_pagination,f5001 → f5001,0.6000,jellyfish
213794,article_pagination,381-386,1.0000,jellyfish
408902,article_pagination,57-65,1.0000,jellyfish
89897,article_pagination,383-384,1.0000,jellyfish
187552,article_pagination,4327-4335,1.0000,jellyfish
144339,article_pagination,223-7 → 223-8,0.8000,jellyfish
656518,article_pagination,834–840,0.4000,jellyfish
925315,article_pagination,2815-2821,0.8000,jellyfish
130308,article_pagination,Jan,1.0000,jellyfish
237077,article_pagination,254-262,1.0000,jellyfish
600827,article_pagination,CD004001,1.0000,jellyfish
851773,article_pagination,759-766,0.6000,jellyfish
67292,article_pagination,27386-27399,1.0000,jellyfish
129698,article_pagination,1945-1952,0.8000,jellyfish
254327,article_pagination,83-7,0.6000,jellyfish
556803,article_pagination,S136 → S136 (no change needed),0.8000,jellyfish
73792,article_pagination,195-201,1.0000,jellyfish
484593,article_pagination,446-53,0.6000,jellyfish
351700,article_pagination,None provided,1.0000,jellyfish
105981,article_pagination,889-94 → 889–94,0.6000,jellyfish
408198,article_pagination,80-96,1.0000,jellyfish
623367,article_pagination,453-60,1.0000,jellyfish
13408,article_pagination,105,0.8000,jellyfish
449003,article_pagination,1,1.0000,jellyfish
299297,article_pagination,319-330,1.0000,jellyfish
302268,article_pagination,230-232,1.0000,jellyfish
592663,article_pagination,435-440,1.0000,jellyfish
520843,article_pagination,1650-1655,0.6000,jellyfish
866131,article_pagination,195-203,1.0000,jellyfish
751811,article_pagination,E315-6,0.8000,jellyfish
436781,article_pagination,12 minute consultation,0.4000,jellyfish
796900,article_pagination,1442-1446,1.0000,jellyfish
491837,article_pagination,238-249,0.6000,jellyfish
525874,article_pagination,559-62,0.6000,jellyfish
26475,article_pagination,6-1,1.0000,jellyfish
476191,article_pagination,None provided,1.0000,jellyfish
719389,article_pagination,408-427,1.0000,jellyfish
467318,article_pagination,1,0.5000,jellyfish
268361,article_pagination,361-5,1.0000,jellyfish
664795,article_pagination,1433-1441,0.6000,jellyfish
102180,article_pagination,843-54,0.6000,jellyfish
258486,article_pagination,1723-7,0.8000,jellyfish
961081,article_pagination,25-26,1.0000,jellyfish
52681,article_pagination,26-39,1.0000,jellyfish
828156,article_pagination,1175-1182,0.6000,jellyfish
812757,article_pagination,S156-S157,0.8000,jellyfish
713518,article_pagination,2761-2769 p,0.6000,jellyfish
180977,article_pagination,398-407,1.0000,jellyfish
828214,article_pagination,389-395,1.0000,jellyfish
176160,article_pagination,207-220,1.0000,jellyfish
677752,article_pagination,89-101,1.0000,jellyfish
107417,article_pagination,36-42,1.0000,jellyfish
141282,article_pagination,143-156,0.6000,jellyfish
708911,article_pagination,163-176,1.0000,jellyfish
621640,article_pagination,231-47,0.6000,jellyfish
647583,article_pagination,544-55,1.0000,jellyfish
361080,article_pagination,S131-138,0.6000,jellyfish
283168,article_pagination,"435-6, 421, 434",0.8000,jellyfish
52633,article_pagination,78-83,1.0000,jellyfish
74821,article_pagination,2427-2436,1.0000,jellyfish
373015,article_pagination,664-669,1.0000,jellyfish
529562,article_pagination,489-498,0.4000,jellyfish
574242,article_pagination,454-460,1.0000,jellyfish
966388,article_pagination,655-661,1.0000,jellyfish
919014,article_pagination,411-416,0.4000,jellyfish
494428,article_pagination,e213-8,1.0000,jellyfish
55809,article_pagination,631-8,1.0000,jellyfish
368651,article_pagination,S149 → S149 (no change needed),0.6000,jellyfish
423691,article_pagination,2276-83,1.0000,jellyfish
435904,article_pagination,### 1,0.4000,jellyfish
407245,article_pagination,1727-1733,1.0000,jellyfish
918698,article_pagination,766-71 → 766-771,0.4000,jellyfish
209138,article_pagination,950-959,1.0000,jellyfish
862844,article_pagination,1255-1272,1.0000,jellyfish
875733,article_pagination,1061-1065,1.0000,jellyfish
587683,article_pagination,81-83,0.8000,jellyfish
927711,article_pagination,597-605,1.0000,jellyfish
313584,article_pagination,23,0.4000,jellyfish
161847,article_pagination,3236-3242,1.0000,jellyfish
543292,article_pagination,None provided,1.0000,jellyfish
248064,article_pagination,502-8,1.0000,jellyfish
887041,article_pagination,288-94 → 288-95,0.4000,jellyfish
314737,article_pagination,281-5,1.0000,jellyfish
709094,article_pagination,4-45-51,0.2000,jellyfish
327157,article_pagination,584-592,1.0000,jellyfish
793206,article_pagination,437-41 → 438-42,1.0000,jellyfish
361682,article_pagination,202-208,0.8000,jellyfish
732256,article_pagination,615-622,1.0000,jellyfish
636937,article_pagination,e1919 → e0019,0.4000,jellyfish
743394,article_pagination,81-90,1.0000,jellyfish
592201,article_pagination,131-4 → 133-6,0.6000,jellyfish
914007,article_pagination,1126-1135,1.0000,jellyfish
208824,article_pagination,96-160,1.0000,jellyfish
759501,article_pagination,99-106,1.0000,jellyfish
506162,article_pagination,383-92 → 383-390,0.4000,jellyfish
372697,article_pagination,189-196,1.0000,jellyfish
609245,article_pagination,613-615,0.6000,jellyfish
584706,article_pagination,477-483,0.4000,jellyfish
822897,article_pagination,348-357,1.0000,jellyfish
145770,article_pagination,617-22 → 617-624,0.6000,jellyfish
24026,article_pagination,77-78,0.4000,jellyfish
44484,article_pagination,378-384,1.0000,jellyfish
379988,article_pagination,290-296,0.8000,jellyfish
333862,article_pagination,327-335,1.0000,jellyfish
779555,article_pagination,223-230,1.0000,jellyfish
323860,article_pagination,391-406,1.0000,jellyfish
646572,article_pagination,1531-1547,0.6000,jellyfish
128182,article_pagination,1114-1117,0.8000,jellyfish
252998,article_pagination,2013-2015,0.8000,jellyfish
231933,article_pagination,550-561,1.0000,jellyfish
683304,article_pagination,1271-1276,0.6000,jellyfish
854628,article_pagination,527-35 → 527-533,0.4000,jellyfish
117678,article_pagination,2055-2059,1.0000,jellyfish
795170,article_pagination,320-6 → 329-6,0.4000,jellyfish
783722,article_pagination,361-368,0.6000,jellyfish
376103,article_pagination,591-600,0.6000,jellyfish
505530,article_pagination,359-362,1.0000,jellyfish
868618,article_pagination,75,0.8000,jellyfish
503451,article_pagination,iii25-iii25,0.4000,jellyfish
113363,article_pagination,62928,1.0000,jellyfish
944558,article_pagination,153-6,1.0000,jellyfish
875250,article_pagination,328,0.6000,jellyfish
786108,article_pagination,138-139,1.0000,jellyfish
233544,article_pagination,156-163,0.6000,jellyfish
163093,article_pagination,120-6 ST - Bioavailability and tolerability of intranasal diazepam in healthy adult volunteers- → 120-6 ST - Bioavailability and,0.4000,jellyfish
31763,article_pagination,2755-2762,0.6000,jellyfish
949775,article_pagination,862-869,1.0000,jellyfish
638338,article_pagination,e483–e484,1.0000,jellyfish
14077,article_pagination,214-8,0.8000,jellyfish
453607,article_pagination,0,0.6667,jellyfish
690793,article_pagination,307-317,1.0000,jellyfish
799604,article_pagination,336-348,0.8000,jellyfish
718091,article_pagination,72,0.6000,jellyfish
935189,article_pagination,83-88,1.0000,jellyfish
711472,article_pagination,S67-S68,1.0000,jellyfish
660574,article_pagination,1883-1894,1.0000,jellyfish
873322,article_pagination,55-60,1.0000,jellyfish
774830,article_pagination,2335-2340,1.0000,jellyfish
768192,article_pagination,19-24,1.0000,jellyfish
950926,article_pagination,167-175,1.0000,jellyfish
204215,article_pagination,3110-8,0.6000,jellyfish
129552,article_pagination,720-6 → 721-6,0.8000,jellyfish
526825,article_pagination,615-621,0.6000,jellyfish
56464,article_pagination,1237-48,1.0000,jellyfish
20641,article_pagination,945-52 → 945–52,1.0000,jellyfish
706764,article_pagination,A1,1.0000,jellyfish
388872,article_pagination,341-7,1.0000,jellyfish
681305,article_pagination,e103065,0.8000,jellyfish
541739,article_pagination,599-606,1.0000,jellyfish
954980,article_pagination,542-549,1.0000,jellyfish
896410,article_pagination,209-234,0.8000,jellyfish
751168,article_pagination,32,0.8000,jellyfish
303571,article_pagination,142-166,1.0000,jellyfish
193059,article_pagination,139,1.0000,jellyfish
416171,article_pagination,700-3,0.6000,jellyfish
810153,article_pagination,422-424,1.0000,jellyfish
164085,article_pagination,209-219,1.0000,jellyfish
619668,article_pagination,211-12,0.4000,jellyfish
490750,article_pagination,55-56,0.6000,jellyfish
136068,article_pagination,1704-1713,1.0000,jellyfish
198675,article_pagination,262-265,1.0000,jellyfish
316114,article_pagination,79-85,1.0000,jellyfish
626797,article_pagination,514-527,0.6000,jellyfish
577842,article_pagination,50-55,1.0000,jellyfish
811629,article_pagination,22,1.0000,jellyfish
280418,article_pagination,113-129,1.0000,jellyfish
757660,article_pagination,5637-46,0.4000,jellyfish
54163,article_pagination,10-14 DO  - 10.1016/S0748-7983(10)00156-3,0.6000,jellyfish
65723,article_pagination,Mar 9,1.0000,jellyfish
293974,article_pagination,257-264,1.0000,jellyfish
247571,article_pagination,1487-1490,1.0000,jellyfish
292980,article_pagination,15-21,1.0000,jellyfish
38197,article_pagination,447-452,0.8000,jellyfish
160820,article_pagination,983-6,0.6000,jellyfish
876536,article_pagination,G11-G15,1.0000,jellyfish
776197,article_pagination,pp. 123-135,0.6000,jellyfish
45797,article_pagination,139-145,0.8000,jellyfish
605277,article_pagination,603-610,0.8000,jellyfish
749261,article_pagination,2425-2431,1.0000,jellyfish
752305,article_pagination,332-333,0.6000,jellyfish
179196,article_pagination,4485-4491,0.6000,jellyfish
150198,article_pagination,47-51,1.0000,jellyfish
894415,article_pagination,01/01,0.4000,jellyfish
187769,article_pagination,None provided,1.0000,jellyfish
556090,article_pagination,184,1.0000,jellyfish
770589,article_pagination,Cd002178,1.0000,jellyfish
450743,article_pagination,1,0.6667,jellyfish
157566,article_pagination,987149,0.6000,jellyfish
589465,article_pagination,36-39,0.8000,jellyfish
560120,article_pagination,375-393,1.0000,jellyfish
107924,article_pagination,601-607,0.8000,jellyfish
797967,article_pagination,274-82 → 275-83,0.8000,jellyfish
265969,article_pagination,459-65,1.0000,jellyfish
820508,article_pagination,77-95,1.0000,jellyfish
446026,article_pagination,Page 1234,0.3333,jellyfish
84941,article_pagination,15,0.4000,jellyfish
558766,article_pagination,414-415,0.6000,jellyfish
428909,article_pagination,1756-1764,1.0000,jellyfish
110453,article_pagination,421,0.4000,jellyfish
837546,article_pagination,297-310,1.0000,jellyfish
82695,article_pagination,64-67,0.8000,jellyfish
820059,article_pagination,923-931,1.0000,jellyfish
771288,article_pagination,13 May,0.8000,jellyfish
54202,article_pagination,13-21,0.8000,jellyfish
888477,article_pagination,413-27,0.4000,jellyfish
741279,article_pagination,93-99,1.0000,jellyfish
64430,article_pagination,900-911,1.0000,jellyfish
461657,article_pagination,1,0.7500,jellyfish
240949,article_pagination,0,1.0000,jellyfish
453909,article_pagination,1,1.0000,jellyfish
222452,article_pagination,170-175,1.0000,jellyfish
163839,article_pagination,S33-48,0.8000,jellyfish
696132,article_pagination,393-411,1.0000,jellyfish
257990,article_pagination,1947-1963,1.0000,jellyfish
332032,article_pagination,56-60,1.0000,jellyfish
617801,article_pagination,974-981,0.8000,jellyfish
480030,article_pagination,172-182,0.8000,jellyfish
660499,article_pagination,July,0.6000,jellyfish
355078,article_pagination,74-81,0.4000,jellyfish
696985,article_pagination,53-58,1.0000,jellyfish
826471,article_pagination,462-70,1.0000,jellyfish
807737,article_pagination,### 3456,0.2500,jellyfish
875781,article_pagination,119-26,0.4000,jellyfish
322953,article_pagination,791-799,1.0000,jellyfish
123731,article_pagination,59-63 → 65-69,0.6000,jellyfish
180588,article_pagination,25-29 → 25-28,0.4000,jellyfish
758629,article_pagination,105-118,1.0000,jellyfish
265490,article_pagination,None provided,1.0000,jellyfish
463556,article_pagination,[page range: 123-135],0.5000,jellyfish
749844,article_pagination,286-91 → 287-92,0.4000,jellyfish
300057,article_pagination,584-590,0.6000,jellyfish
166521,article_pagination,68-69,1.0000,jellyfish
292018,article_pagination,98-100,1.0000,jellyfish
181456,article_pagination,166-188,1.0000,jellyfish
668772,article_pagination,464-468,1.0000,jellyfish
276001,article_pagination,1021-25,1.0000,jellyfish
788507,article_pagination,798-805,1.0000,jellyfish
620483,article_pagination,815-22 → 815-824,0.4000,jellyfish
433039,article_pagination,Not provided,1.0000,jellyfish
737167,article_pagination,"48-57; quiz 58, 60",0.4000,jellyfish
744601,article_pagination,A76,0.4000,jellyfish
856471,article_pagination,283-290,0.8000,jellyfish
570704,article_pagination,1307-1312,1.0000,jellyfish
520153,article_pagination,187-93,0.8000,jellyfish
259267,article_pagination,40-43,1.0000,jellyfish
24381,article_pagination,1541-7,1.0000,jellyfish
827921,article_pagination,206-12,0.4000,jellyfish
461204,article_pagination,1/2,0.5000,jellyfish
482860,article_pagination,769-770,1.0000,jellyfish
365654,article_pagination,e11677,0.6000,jellyfish
625306,article_pagination,1140-1150,1.0000,jellyfish
572343,article_pagination,B123-6,1.0000,jellyfish
88262,article_pagination,None provided,1.0000,jellyfish
663339,article_pagination,2211-22,0.8000,jellyfish
718292,article_pagination,152-156,1.0000,jellyfish
245200,article_pagination,194 → 195,0.6000,jellyfish
307302,article_pagination,15-10,1.0000,jellyfish
217418,article_pagination,190-192,1.0000,jellyfish
413717,article_pagination,572-584,0.8000,jellyfish
62246,article_pagination,271-7,0.6000,jellyfish
945021,article_pagination,84-8,1.0000,jellyfish
649817,article_pagination,336-349,1.0000,jellyfish
934327,article_pagination,0,0.8000,jellyfish
546484,article_pagination,234-249,1.0000,jellyfish
917231,article_pagination,266-8,0.4000,jellyfish
887418,article_pagination,pages 1-3,0.4000,jellyfish
724055,article_pagination,29-38,1.0000,jellyfish
63738,article_pagination,79-80,1.0000,jellyfish
422739,article_pagination,20-20,1.0000,jellyfish
97795,article_pagination,35-40,1.0000,jellyfish
155127,article_pagination,694-702,1.0000,jellyfish
100986,article_pagination,None provided,1.0000,jellyfish
166179,article_pagination,221-32,0.6000,jellyfish
740811,article_pagination,18-25 8p,1.0000,jellyfish
379577,article_pagination,615-617,0.6000,jellyfish
658981,article_pagination,1257-1266,0.8000,jellyfish
215650,article_pagination,97-104,0.4000,jellyfish
521132,article_pagination,841-847,0.6000,jellyfish
892609,article_pagination,1,0.4000,jellyfish
366275,article_pagination,42-53,1.0000,jellyfish
513630,article_pagination,None provided,0.5000,jellyfish
605423,article_pagination,39-51,1.0000,jellyfish
495319,article_pagination,186-192,1.0000,jellyfish
733752,article_pagination,125-32,0.8000,jellyfish
252118,article_pagination,125-142,1.0000,jellyfish
903817,article_pagination,346-352,1.0000,jellyfish
80799,article_pagination,1928-33,1.0000,jellyfish
385163,article_pagination,47-55,1.0000,jellyfish
645061,article_pagination,299-314,1.0000,jellyfish
164721,article_pagination,756-60 → 757-61,0.6000,jellyfish
439302,article_pagination,0,0.6667,jellyfish
410748,article_pagination,1,0.8000,jellyfish
133777,article_pagination,161-5,0.6000,jellyfish
775428,article_pagination,11341-11350,0.4000,jellyfish
497593,article_pagination,119-125,1.0000,jellyfish
899060,article_pagination,184-92,0.6000,jellyfish
424254,article_pagination,66-76,1.0000,jellyfish
161290,article_pagination,127-131,1.0000,jellyfish
746312,article_pagination,A12,0.4000,jellyfish
191138,article_pagination,14(1):1-6,0.2500,jellyfish
743819,article_pagination,976-9,0.6000,jellyfish
193292,article_pagination,10-10,1.0000,jellyfish
91852,article_pagination,1796-1807,1.0000,jellyfish
663526,article_pagination,636-645,1.0000,jellyfish
382853,article_pagination,382-7,0.8000,jellyfish
1266,article_pagination,65-68,1.0000,jellyfish
407082,article_pagination,2063-2068,0.8000,jellyfish
411673,article_pagination,1345-55,0.6000,jellyfish
382297,article_pagination,209-214,1.0000,jellyfish
414396,article_pagination,632-9,1.0000,jellyfish
635082,article_pagination,1650-1657,1.0000,jellyfish
446599,article_pagination,0,1.0000,jellyfish
376525,article_pagination,835-40 → 835-840,0.4000,jellyfish
637323,article_pagination,639-649,1.0000,jellyfish
153797,article_pagination,925-931,0.4000,jellyfish
470179,article_pagination,890-902,1.0000,jellyfish
9325,article_pagination,251-52,0.6000,jellyfish
294719,article_pagination,366-74,0.4000,jellyfish
38130,article_pagination,693-6,0.8000,jellyfish
455697,article_pagination,1,0.5000,jellyfish
518335,article_pagination,2024,1.0000,jellyfish
503528,article_pagination,1068-1074,1.0000,jellyfish
503354,article_pagination,15-20,0.6000,jellyfish
820549,article_pagination,13-14,0.8000,jellyfish
250975,article_pagination,969-75,1.0000,jellyfish
37173,article_pagination,525-531 ST  - How to appraise the effectiveness of treatment- → 525-531,0.4000,jellyfish
641251,article_pagination,1296-1304,1.0000,jellyfish
302179,article_pagination,3224,1.0000,jellyfish
627882,article_pagination,390-8,0.6000,jellyfish
264151,article_pagination,435-441,1.0000,jellyfish
711975,article_pagination,750-758,1.0000,jellyfish
12554,article_pagination,1043-1046,0.8000,jellyfish
564924,article_pagination,343-51,0.8000,jellyfish
364080,article_pagination,330-337,1.0000,jellyfish
727134,article_pagination,(No value provided),1.0000,jellyfish
356635,article_pagination,2826-33,1.0000,jellyfish
272721,article_pagination,1325-1332,1.0000,jellyfish
979725,article_pagination,A176,0.6000,jellyfish
470615,article_pagination,P3021,1.0000,jellyfish
71351,article_pagination,None provided,1.0000,jellyfish
793299,article_pagination,72-7 → 8-9,0.4000,jellyfish
673560,article_pagination,29-33,1.0000,jellyfish
258181,article_pagination,531-9,1.0000,jellyfish
11709,article_pagination,217-24 → 217-224,0.8000,jellyfish
603381,article_pagination,CD003364,1.0000,jellyfish
570263,article_pagination,759-761,1.0000,jellyfish
395807,article_pagination,1,1.0000,jellyfish
149836,article_pagination,58-68,0.8000,jellyfish
813023,article_pagination,287-291,1.0000,jellyfish
691035,article_pagination,e004623,1.0000,jellyfish
801512,article_pagination,371-80,1.0000,jellyfish
121133,article_pagination,Cd0017/9,0.4000,jellyfish
82486,article_pagination,June,0.8000,jellyfish
136032,article_pagination,643-650,1.0000,jellyfish
131606,article_pagination,138-52 ST  - The cost of depression-complicated alcoholism: health-care utilization and treatment effectiveness- → 138-52 ST  - The cost,0.4000,jellyfish
448384,article_pagination,(No value provided),1.0000,jellyfish
57286,article_pagination,507-18,1.0000,jellyfish
622636,article_pagination,530,0.6000,jellyfish
107979,article_pagination,722-723,0.6000,jellyfish
252990,article_pagination,646-666,1.0000,jellyfish
861475,article_pagination,None provided,1.0000,jellyfish
503159,article_pagination,146-160,1.0000,jellyfish
325081,article_pagination,pp. 123-135,0.4000,jellyfish
399134,article_pagination,791-802,1.0000,jellyfish
315951,article_pagination,650-4,0.4000,jellyfish
98479,article_pagination,"None provided. Please enter the corrected value for the attribute 'article_pagination' in the format specified. If the value is already correct, simply repeat it exactly unchanged",0.5000,jellyfish
673307,article_pagination,e70858,1.0000,jellyfish
730754,article_pagination,153,0.6000,jellyfish
953002,article_pagination,391-398,0.8000,jellyfish
246067,article_pagination,94-104,1.0000,jellyfish
161814,article_pagination,63-71 ST - Polycystic ovary syndrome (PCOS) and other androgen excess-related conditions: can changes in dietary intake make a difference,0.8000,jellyfish
8529,article_pagination,1468-1474,1.0000,jellyfish
198813,article_pagination,34-41,0.4000,jellyfish
535901,article_pagination,427-35,0.2000,jellyfish
15325,article_pagination,471-476,0.8000,jellyfish
162189,article_pagination,1347-1353,1.0000,jellyfish
434500,article_pagination,1,0.3333,jellyfish
197174,article_pagination,S50-5,0.4000,jellyfish
6786,article_pagination,74-82,1.0000,jellyfish
309274,article_pagination,495-503,1.0000,jellyfish
672671,article_pagination,255-263,0.4000,jellyfish
819735,article_pagination,22-25,0.6000,jellyfish
21599,article_pagination,625-632,0.6000,jellyfish
980682,article_pagination,58-69,1.0000,jellyfish
547657,article_pagination,pp. 12-20,1.0000,jellyfish
682676,article_pagination,195-202,1.0000,jellyfish
820238,article_pagination,Mar 16,1.0000,jellyfish
82540,article_pagination,4086-4093,1.0000,jellyfish
776189,article_pagination,14306-14311,0.8000,jellyfish
422951,article_pagination,e1001835; discussion e1001835–e1001835; discussion e1001835,0.6000,jellyfish
228622,article_pagination,244-233,0.6000,jellyfish
514759,article_pagination,e82 11,0.6000,jellyfish
26216,article_pagination,322-329,1.0000,jellyfish
164517,article_pagination,177-188,0.6000,jellyfish
973603,article_pagination,None provided,1.0000,jellyfish
345575,article_pagination,813-20,1.0000,jellyfish
304082,article_pagination,277-280,0.8000,jellyfish
33728,article_pagination,41-7,1.0000,jellyfish
109595,article_pagination,471-473,0.8000,jellyfish
772026,article_pagination,0,1.0000,jellyfish
424870,article_pagination,P435 → P435 (no change needed),0.6000,jellyfish
904168,article_pagination,131-134 → 131-134 (no change needed),0.6000,jellyfish
916713,article_pagination,248-54,0.8000,jellyfish
819804,article_pagination,409-414,0.4000,jellyfish
892141,article_pagination,733-743,1.0000,jellyfish
409335,article_pagination,18-Nov,0.8000,jellyfish
166779,article_pagination,20-4 ST  - Preferences and practices of Americans and their physicians in antihypertensive therapy- → Page 20-4,0.2000,jellyfish
720526,article_pagination,e11,0.6000,jellyfish
513503,article_pagination,147-8,0.6000,jellyfish
83012,article_pagination,2607-2615,1.0000,jellyfish
438681,article_pagination,0,1.0000,jellyfish
317155,article_pagination,1/2,0.5000,jellyfish
261121,article_pagination,105-109,1.0000,jellyfish
296269,article_pagination,1.5e+6,0.2000,jellyfish
960478,article_pagination,454-60,1.0000,jellyfish
741988,article_pagination,570-574,1.0000,jellyfish
589265,article_pagination,545-9,1.0000,jellyfish
931944,article_pagination,247-256,1.0000,jellyfish
305933,article_pagination,449-457,1.0000,jellyfish
360693,article_pagination,S25-7,0.8000,jellyfish
772745,article_pagination,300-306 → 301-305,1.0000,jellyfish
683893,article_pagination,446-455,1.0000,jellyfish
168157,article_pagination,134-44,0.8000,jellyfish
97775,article_pagination,488-496,1.0000,jellyfish
740227,article_pagination,449-455,1.0000,jellyfish
449419,article_pagination,[article_pagination: 123-125],1.0000,jellyfish
456934,article_pagination,### 3,0.2000,jellyfish
134738,article_pagination,261-270 ST - Are stretches effective in the prevention and treatment of glenohumeral internal rotation deficit?-,1.0000,jellyfish
66579,article_pagination,e1091144,0.4000,jellyfish
557824,article_pagination,677-680,1.0000,jellyfish
215820,article_pagination,165-170,0.6000,jellyfish
658982,article_pagination,791-799,1.0000,jellyfish
272806,article_pagination,720-7,0.6000,jellyfish
773090,article_pagination,225-263,1.0000,jellyfish
500618,article_pagination,323-333,1.0000,jellyfish
385346,article_pagination,574-584,0.6000,jellyfish
938092,article_pagination,179-186,1.0000,jellyfish
383183,article_pagination,705,0.4000,jellyfish
889260,article_pagination,1943-1946,1.0000,jellyfish
392576,article_pagination,546-8,1.0000,jellyfish
209012,article_pagination,iii-vii -> i-xii,0.4000,jellyfish
961006,article_pagination,701-707,0.6000,jellyfish
786558,article_pagination,None provided,1.0000,jellyfish
35875,article_pagination,1275-8,1.0000,jellyfish
882786,article_pagination,693-699,1.0000,jellyfish
332926,article_pagination,556-565,1.0000,jellyfish
109843,article_pagination,104-7,0.8000,jellyfish
820688,article_pagination,103-119,1.0000,jellyfish
817811,article_pagination,68-75,1.0000,jellyfish
855970,article_pagination,25-33,1.0000,jellyfish
643856,article_pagination,Sep 11,0.8000,jellyfish
482584,article_pagination,1161-74,0.6000,jellyfish
553088,article_pagination,513-516,1.0000,jellyfish
575935,article_pagination,71-77,0.4000,jellyfish
450760,article_pagination,pp. 123-135,0.8000,jellyfish
160121,article_pagination,iii35-44,1.0000,jellyfish
84783,article_pagination,3017-3028,1.0000,jellyfish
894794,article_pagination,7457-0-9,0.6000,jellyfish
481173,article_pagination,240-54,0.4000,jellyfish
946487,article_pagination,i48-55,0.6000,jellyfish
685456,article_pagination,295-301,1.0000,jellyfish
6028,article_pagination,S331-S331,1.0000,jellyfish
48202,article_pagination,728-730,1.0000,jellyfish
558738,article_pagination,2371-2378,0.6000,jellyfish
908011,article_pagination,617-623,1.0000,jellyfish
260738,article_pagination,63-66,1.0000,jellyfish
979155,article_pagination,833-840,0.4000,jellyfish
752075,article_pagination,1341-1351,1.0000,jellyfish
670823,article_pagination,1157-72,0.4000,jellyfish
73289,article_pagination,3917-3931,0.6000,jellyfish
426134,article_pagination,141-149,1.0000,jellyfish
255382,article_pagination,374-375,0.6000,jellyfish
979472,article_pagination,297-301,1.0000,jellyfish
814758,article_pagination,3350,0.8000,jellyfish
226417,article_pagination,None provided,0.4000,jellyfish
968815,article_pagination,1219-1221,0.4000,jellyfish
734259,article_pagination,71-80,1.0000,jellyfish
235295,author_list,"{""A. G. Parks"",""J. F. McPartlin""} Same as the original value, no corrections needed. The author list appears to be correctly",0.2000,jellyfish
498345,author_list,"{""Valentina A Volchkova"",""Jaroslav Vorac"",""Philip Lawrence"",""Laurie Repiquet-Paire"",""Viktor E Volchkov",1.0000,jellyfish
789958,author_list,"{""Jitendra S Jethani"",""Shashikant Shetty"",""Sucheta Parija"",""P Vijayalakshmi""}",1.0000,jellyfish
169865,author_list,"{""G. Jakiel"",""K. Gorzelnik"",""J. G. Zimowski"",""T. Roszkowski"",""J. Bijok""}",1.0000,jellyfish
803653,author_list,"{""Lauren C Pinter-Brown""} → {""Lauren C Pinter-Brown""} (no change needed) → {""Lauren C Pinter-B",0.6000,jellyfish
98234,author_list,"{""C. L. Romano"",""G. Mineo"",""C. Bonora"",""D. Romano""}  # Corrected value",0.6000,jellyfish
823730,author_list,"{""B N Prichard"",""J W Black""} No correction needed. The value of author_list is already correct. It remains {""B N Prichard",0.2000,jellyfish
729712,author_list,"{""Stuber F"",""Mutz N"",""Wrigge H"",""Putensen C"",""Zinserling J"",""Zech S"",""Von Spiegel",1.0000,jellyfish
396821,author_list,"{""L. J. Rapport"",""J. A. Griffen"",""L. A. Bieliauskas"",""C. Burt"",""R. C",0.8000,jellyfish
340222,author_list,"{""F. K. Fleming"",""K. Donato"",""K. Leszczynski""}",0.6000,jellyfish
184417,author_list,"{""J. Li"",""P. Newcomb""}",0.6000,jellyfish
729686,author_list,"{""Yang M"",""Li J"",""Li Y"",""Zhou M"",""Yang H"",""Shi X"",""Li X"",""Yuan H""}  # No correction",0.8000,jellyfish
278396,author_list,"{""T. S. Mikkola"",""S. Vuorento"",""O. Ylikorkala"",""M. Vaisanen-Tommiska"",""",1.0000,jellyfish
965082,author_list,"{""C. Hamilton-Craig"",""S. Bartoletti"",""M. Casella"",""F. Perna"",""M. L. Narducci"",""P",1.0000,jellyfish
53321,author_list,"{""T. Topp"",""C. Kuhne"",""S. Ruchholtz"",""U. Lewan"",""A. Kruger"",""T.",1.0000,jellyfish
13601,author_list,"{""R S Lever"",""S A Holme""}  # Corrected value remains the same as the original record. No errors found.  # No changes needed",0.2000,jellyfish
668310,author_list,"{""Andreas Kruse"",""Manh Hung Nguyen""} → {""Andreas Kruse"",""Manh Hung Nguy\u00e1n""} → {""And",0.2000,jellyfish
282987,author_list,"{""J. H. Littell"",""M. Popa"",""B. Forsythe""}  # Corrected value",0.4000,jellyfish
478292,author_list,"{""Y Takagi"",""N Hashimoto"",""Y Goto""} (No corrections needed.)",0.2000,jellyfish
43736,author_list,"{""James C Martin"",""Ian Mayhew"",""Lee M Romer"",""Thomas Korff""}  # Corrected value",0.2000,jellyfish
82614,author_list,"{""Lynne M Ausman"",""Martin S Obin"",""Xiang-Dong Wang"",""Chun Liu"",""Blanche C Ip"",""Donald E Smith"",""",1.0000,jellyfish
163526,author_list,"{""V. E. Gruneisen"",""A. M. Burkett"",""J. Doyle"",""T. H. Kenny""}]  # Corrected value",0.6000,jellyfish
514411,author_list,"{""Luca Maria Sconfienza"",""Ezio Lanza"",""Gianpaolo Cornalba"",""Dario Poretti"",""Catherine Cyte",1.0000,jellyfish
569841,author_list,"{""Ariela Noy"",""Lawrence D Kaplan"",""Yanxing Yu"",""Alexandra M Levine"",""Richard F Ambinder"",""Susan E Krown"",""",1.0000,jellyfish
6207,author_list,"{""Kaija Leena Kolho"",""Hanne Rintamaki"",""Taina Tervahartiala"",""Timo Sorsa"",""Laura Mak",1.0000,jellyfish
21910,author_list,"{""Donna M Wilson"",""Jessica A Hewitt"",""Ralph Magnus"",""Jill Vihos"",""Karen Peterson"",""Nancy Barnes""}  # Corrected",0.4000,jellyfish
378490,author_list,"{""Isabella Soreca"",""Andrea Fagiolini"",""David J Kupfer"",""Bret H Goodpaster"",""Sara B Fleet-Mich",1.0000,jellyfish
971878,author_list,"{""S. Srikanta"",""O. P. Ganda"",""R. E. Gleason""} Same as the original value, no errors found. No",0.4000,jellyfish
793918,author_list,"{""Tina M Blackmore"",""Kirsty Dougal"",""Hilary J Worgan"",""Eric Pinloche"",""Gemma Curtis"",""C Jamie New",1.0000,jellyfish
819166,author_list,"{""G. R. Gillett""}",0.4000,jellyfish
880881,author_list,"{""Seung Woo Park"",""Jae Bok Chung"",""Sang Kyum Kim"",""Si Young Song"",""Joo Won Chung"",""Ho Keun Kim"",""",1.0000,jellyfish
629530,author_list,"{""Carolyn H McCabe"",""Shaun G Goodman"",""Frans Van de Werf"",""David A Morrow"",""Elliott M Antman"",""Eugene",1.0000,jellyfish
954388,author_list,"{""Marilou Madden""} → {""Marilou Madden""} (no change needed) → {""Marilou Madden""} (no change needed) → {""",0.6000,jellyfish
379737,author_list,"{""F Gates"",""P Clifton-Bligh"",""G Fulcher"",""L Hoskin"",""R Hansen""}  # Corrected value",0.6000,jellyfish
676042,author_list,"{""Yan-Xin Zhao"",""Jun-Chao Xie"",""Xue-Yuan Liu"",""Han Yan""}  # No correction needed. The value is already",0.2000,jellyfish
353972,author_list,"{""B O Olley""} → {""B O Olley""} (no change needed) → {""B O Olley""} → {""B O Olley""}",0.4000,jellyfish
968125,author_list,"{""T. Nakajima"",""I. Yoshino"",""K. Yasufuku"",""S. Yoshida"",""Y. Sakairi"",""K. Shib",1.0000,jellyfish
660168,author_list,"{""R Loch Macdonald"",""Farbod Asgarzadie-Gadim"",""Yeon Gyoe Jang"",""Daniel J Curry"",""Rachel N",1.0000,jellyfish
732534,author_list,"{""K. Sandrick""} → {""K. Sandrick""} (no change needed) → {""K. Sandrick""} → {""K. Sandrick""}",0.4000,jellyfish
473026,author_list,"{""Rich Sinert"",""Shoma Desai"",""Antonia Hipp"",""Carmen Lopez""} Same as the original value, no errors found. No corrections needed",0.6000,jellyfish
372175,author_list,"{""Kooy H."",""Hong T.S."",""Symonifka J."",""Depauw N."",""Wo J.Y.""}",0.4000,jellyfish
110072,author_list,"{""Jacques Van Hoecke"",""Hayat Banoujaafar"",""Christine Marie"",""Claude Mossiat""}",1.0000,jellyfish
330553,author_list,"{""G. Peters"",""K. Becker"",""C. von Eiff""}",0.8000,jellyfish
23215,author_list,"{""Leila Jackson"",""Brian J Wells"",""Gregory S Cooper"",""Siran Koroukian"",""Michael W Kattan""}",0.4000,jellyfish
719532,author_list,"{""R. Luck"",""P. Mago"",""N. Fumo""} Same as the original value, no corrections needed. The author list appears to be correct",0.2000,jellyfish
86421,author_list,"{""Stephanie J Weinstein"",""Rachael Z Stolzenberg-Solomon"",""Philip R Taylor"",""Barry I Graubard"",""Jarm",1.0000,jellyfish
433667,author_list,"{[""Norton"", ""Waterlow"", ""Braden""]}  # Corrected value",0.4000,jellyfish
530323,author_list,"{""Catherine Mathews"",""Moleen Zunza"",""Adel Ferreira"",""Nicola Low"",""Taryn Young""}",0.4000,jellyfish
102893,author_list,"{""Roger S McIntyre"",""Avnish Tripathi"",""Jeanette M Jerrell""} Same as the original value, no errors found. The list of authors",0.2000,jellyfish
864817,author_list,"{""B. Escudier"",""A. Ravaud"",""F. Rolland"",""A. Blesius"",""B. Beuzelink"",""S",1.0000,jellyfish
217725,author_list,"{""P. C. Wollan"",""S. J. Meraw"",""C. M. Reeve""} Same as the original value, no errors found",0.6000,jellyfish
730822,author_list,"{""Jayatunga AP"",""Dark CH"",""Jahangiri M"",""Bradley JWP""}  # Corrected value",0.4000,jellyfish
659297,author_list,"{""James Lenker"",""W Ben Mortenson"",""Frank DeRuyter"",""Louise Demers"",""Jeffrey W Jutai"",""Marcus J Fuhr",1.0000,jellyfish
42247,author_list,"{""John W Toumbourou"",""Eva Leslie"",""Peter Kremer"",""Joanne W Williams""} Same as the original value, no errors found. No",0.4000,jellyfish
302969,author_list,"{""Steven G Little"",""K Akin-Little"",""Shari Melman""}  # Corrected value",0.8000,jellyfish
158672,author_list,"{""Shibin Mathew"",""Ipsita Banerjee""} → {""Shibin Mathew"",""Ipsita Banerjee""} (No correction",0.4000,jellyfish
616298,author_list,"{""David N Maine"",""Genevieve E Courpas"",""James F Weller"",""Jeffrey M Richman"",""Andrew J Rowlingson"",""Christopher L",1.0000,jellyfish
221086,author_list,"{""K. Miyoshi"",""T. Noma"",""T. Muto"",""H. Hagita"",""T. Horiguchi""}  # Corrected value",0.6000,jellyfish
548616,author_list,"{""Ofelia Garcia"",""Jo Anne Kleifgen""}",0.4000,jellyfish
669596,author_list,"{""Junwei Jiang"",""Hongchuan Wang"",""Hua Lou"",""Kai Liu"",""Huiwei Zhang""} Same as the original value, no corrections needed",0.6000,jellyfish
474288,author_list,"{""Marlies L van Bekkum"",""Barbara C van Munster"",""Marije E Hamaker"",""Carolien H Smorenburg"",""Peter L M",1.0000,jellyfish
108424,author_list,"{""Ryan Holwarth"",""Basir Tareen"",""Alicia Majkrzak"",""Darren Huber""} -> {""Ryan Holwarz"",""Bas",0.4000,jellyfish
841679,author_list,"{""S. K. Choudhary"",""G. S. Gulati"",""P. Sharma"",""S. Talwar"",""B. Airan"",""S",1.0000,jellyfish
173830,author_list,"{""S. H. Sicherer"",""D. Y. M. Leung""}",0.6000,jellyfish
852927,author_list,"{""Laura Giacinti"",""Silvia Ileana Fattoruso"",""Maria Grazia Arena"",""Luigi Di Lauro"",""Massimo Lopez"",""",1.0000,jellyfish
237623,author_list,"{""Allan Binder""}",1.0000,jellyfish
912884,author_list,"{""C. Barber""}",0.4000,jellyfish
318931,author_list,"{""M. Pujol"",""P. Barragán"",""J.M. Tiraboschi"",""A. Imaz"",""M. Domínguez",1.0000,jellyfish
93659,author_list,"{""Rujun Zheng"",""Yulan Peng"",""Shuzhen Zhao"",""Hong Huang"",""Liang Xi"",""Xiaoli He""}]  # Corrected",0.2000,jellyfish
349150,author_list,"{""O Ceki"",""C Batman""}  # Corrected value",0.2000,jellyfish
572010,author_list,"{""Anas Younes"",""L Jeffrey Medeiros"",""Frederick Hagemeister"",""Maria Alma Rodriguez"",""Sima Jeha"",""Paolo Fium",1.0000,jellyfish
826030,author_list,"{""Cecilia Björkelund"",""Margaretha Hjerlöv}",1.0000,jellyfish
34962,author_list,"{""Everard W Thornton"",""Carolyn A Young"",""Alan Tennant"",""John Ealing"",""Kevin Talbot"",""UKMND-QoL Group"",""Chris",1.0000,jellyfish
574309,author_list,"{""Junge G"",""Rauer B"",""De Simone P"",""Fischer L"",""De Carlis L"",""Kaiser GM"",""Saliba F"",""Duv",1.0000,jellyfish
200077,author_list,"{""T K Dutta"",""Pampa Ch Toi"",""Bhawana A Badhe"",""L H Ghotekar"",""Debdatta Basu",1.0000,jellyfish
421512,author_list,"{""M. Mitra""}",0.4000,jellyfish
715052,author_list,"{""Alexa Stuifbergen"",""Martha Gene Meraviglia""} Same value as the original record, so no correction needed. The author list remains",0.2000,jellyfish
172966,author_list,"{""E. Bidat""} → {""E. Bidat""} (no change needed) → {""E. Bidat""} (no change needed) → {""",0.4000,jellyfish
140274,author_list,"{""Dr. David Satcher""}",1.0000,jellyfish
282039,author_list,"{""M. Martinengo"",""D. F. Ardenghi"",""G. Reali"",""G. Tripodi""}  # Corrected value",0.4000,jellyfish
835177,author_list,"{""M. Hebbar"",""P. Fournier"",""O. Romano""} Same as the original value, no errors found. No changes needed. The",0.4000,jellyfish
519732,author_list,"{""John T Sharp"",""Weng Kee Wong"",""Grace S Park"",""Harold E Paulus"",""MyungShin Oh"",""Richard H Gold"",""Dines",1.0000,jellyfish
761104,author_list,"{""Milagros M. Sessions"",""Kevin J. Miller""} Same as the original value, no errors found. No corrections needed. The author list is correct",0.6000,jellyfish
408062,author_list,"{""E Huguet"",""O Porta"",""E Martínez"",""I Mora"",""M Simón"",""J Pubill"",""J A Ortega"",""",1.0000,jellyfish
889481,author_list,"{""W. Hummig"",""J. Stechman Neto"",""L. F. Tonial""}  # No changes needed",0.4000,jellyfish
894596,author_list,"{""Miguel Sanchez-Marras"",""Geoff Holmes"",""Joaquin Izquierdo"",""Joaquim Comas"",""Ioannis Athanasi",0.4000,jellyfish
604985,author_list,"{""Robert S Hoffman"",""Brian W Cotter"",""Barbara M Kirrane"",""Fermin Barrueto"",""Lewis S Nelson""} Same as the original value",0.4000,jellyfish
220950,author_list,"{""S. Gosavi"",""S. Gosavi""} No corrections needed. The value of author_list is already correct. It remains the same. {""S.",0.4000,jellyfish
770196,author_list,"{""W. T. Creasman"",""S. Pecorelli"",""J. L. Benedet"",""J. H. Shepherd""}",0.6000,jellyfish
914468,author_list,"{""S. Regina-Ribeiro"",""C. Tortoza"",""R. P. S. Lima"",""S. T. T. de Freitas"",""",0.8000,jellyfish
346326,author_list,"{""Giovanni Teodori"",""Marta Leverone"",""Eraldo Occhetta"",""Miriam Bortnik"",""Paolo Marino"",""Marco Mar",1.0000,jellyfish
612846,author_list,"{""B H Mbatchou Ngahane"",""G Devoussoux"",""H Baudrand"",""B Guibert"",""N Freymond"",""Y",0.6000,jellyfish
282053,author_list,"{""M. W. Martin"",""R. Saunders"",""S. Levin""} Same as the original value, no errors found. No correction needed. The author list",0.2000,jellyfish
870257,author_list,"{""Melissa E. Dichter"",""Karin V. Rhodes""}  # No correction needed. The value is already correct.  # No correction needed",0.6000,jellyfish
417578,author_list,"{""A. A. Kaddis""} → {""A A Kaddis""} → {""A A Kaddis""} → {""A A Kaddis",0.8000,jellyfish
949067,author_list,"{""A. A. Mangoni""} → {""A. A. Mangoni""} (no change needed) → {""A. A. Mangoni""} (",0.4000,jellyfish
931323,author_list,"{""N. Jakubik"",""L. Trzpil"",""F. Raciborski"",""U. Samolinska-Zawisza"",""L",1.0000,jellyfish
752456,author_list,"{""B. A. Burt""} → {""B. A. Burt""} (no change needed) → {""B. A. Burt""} (",0.2000,jellyfish
377284,author_list,"{""Paola Scifo"",""Alessandro Del Maschio"",""Livio Luzi"",""Elena Meneghini"",""Alberto Battezzati"",""",1.0000,jellyfish
420138,author_list,"{""Stensland SH"",""Sobal J""}",0.4000,jellyfish
444273,author_list,{['Iatrogenic Perforation at Colonic Imaging']},0.2000,jellyfish
816680,author_list,"{""M. Tercedor Sánchez"",""J.A. Prieto Velasco""}",0.8000,jellyfish
491006,author_list,"{""A. Keliris"",""I. Koutsourelakis"",""A. Minaritzoglou"",""S. Zakynthinos""} Same as the original",0.4000,jellyfish
628299,author_list,"{""Christos A Venetis"",""Basil C Tarlatzis"",""Konstantinos A Toulis"",""Efstratios M Kolibian",1.0000,jellyfish
72089,author_list,"{""Fenlai Tan"",""Ji Jiang"",""Don Zhang"",""Dongyang Liu"",""Yingxiang Wang"",""Li Zhang"",""Pei Hu""}",0.8000,jellyfish
847287,author_list,"{""Sarah McGraw"",""Vida M Petronis"",""Charles S Carver"",""Nancy Avis"",""Kristie Long Foley"",""Deborah F Farmer"",""",1.0000,jellyfish
764224,author_list,"{""Y. Fengying"",""Y. Hainai"",""W. Jianxiong"",""T. Sijie""}  # No errors found, the",0.2000,jellyfish
591619,author_list,"{""A. D. Hay"",""A. Lovering"",""C. Costelloe"",""A. Montgomery"",""D. Lewis"",""C. McNulty""}",1.0000,jellyfish
125072,author_list,"{""Noritoshi Nagaya"",""Kenji Kangawa""} Same as the original value, no correction needed. The author list appears to be correctly formatted and spelled",0.2000,jellyfish
255432,author_list,"{""D C Thompson"",""F P Riviera""}",0.6000,jellyfish
689284,author_list,"{""Hong Qiang Wang"",""Dwain K Irvin"",""Ashley Gragg"",""Xiao-xue Zhang"",""Christopher J Wheeler"",""Keith L Black"",""",0.6000,jellyfish
781141,author_list,"{""T. L. Davies"",""B. Bovill"",""S. Johnston"",""M. T. May"",""M. Gompels""} No corrections needed",0.4000,jellyfish
148787,author_list,"{""J. L. Hastings"",""G. Biolo"",""B. D. Levine"",""T. Tillery"",""R. M. Peshock"",""T",1.0000,jellyfish
779281,author_list,"{[""First Name"", ""Last Name""]}  # Replace with the corrected value",0.2000,jellyfish
684757,author_list,"{""A H Zwinderman"",""M Munneke"",""G J Tijhuis"",""Z de Jong"",""J M Hazes"",""T P Vli",1.0000,jellyfish
447382,author_list,"{[""Kumar, A."", ""Mehta, R."", ""Kumar, A."", ""Kumar, A."", ""Kumar, A."", """,0.2000,jellyfish
585766,author_list,"{""B. L. Drinkwater"",""J. E. Denton"",""S. M. Horvath"",""P. B. Raven""}",1.0000,jellyfish
185291,author_list,"{""Denys T. Lau"",""Brass Buchanan Deandrea Glaser Guest Hodgson Huerta Lau Lau Miles Miller Parker-Oliver Raina Teno",0.6000,jellyfish
886237,author_list,"{""Geraldine Martin-Gaujard"",""Floriane Delphin-Combe"",""Isabelle Rouch"",""Solveig Reland"",""Pierre",0.8000,jellyfish
954493,author_list,"{""Sheldon H. White""} → {""Sheldon H. White""} (no change needed) → {""Sheldon H. White""} → {""Sheldon",0.4000,jellyfish
922646,author_list,"{""P Talke"",""J Caldwell"",""B Dodsont"",""C A Richardson""}  # Corrected value. No changes needed.",0.2000,jellyfish
843485,author_list,"{""Peter J Winch"",""Mickey Chopra"",""Cynthia S Minkovitz"",""Debra Jackson"",""Alyssa B Sharkey""}",0.6000,jellyfish
668845,author_list,"{""Jai K Das"",""Zohra S Lassi"",""Zulfiqar A Bhutta"",""Guleshehwar Zahid"",""Aamer",1.0000,jellyfish
863844,author_list,"{""Yasunori Ota"",""Masaaki Noguchi"",""Kei-Ji Sugimoto"",""Hiroshi Izumi"",""Norio Komatsu",0.8000,jellyfish
946006,author_list,"{""A. J. Ghia"",""V. J. Gonzalez"",""J. D. Tward"",""A. M. Stroup"",""D. K.",1.0000,jellyfish
36429,author_list,"{""V Cusi"",""H Galvez"",""M Iriondo"",""J Campistol"",""I Molina"",""A Garcia Cazorla""}]  # Correct",0.4000,jellyfish
259367,author_list,"{""A. Erol"",""J. B. Celik"",""I. Kara"",""A. Topal"",""S. Guven""}",1.0000,jellyfish
977276,author_list,"{""M. Bach"",""D. Cosic""}  # Corrected value",0.2000,jellyfish
369578,author_list,"{""D J Sadler"",""R R Gray"",""B D Schouten"",""J M Bohnen"",""J K Wong"",""R Mustard"",""G Doyle",1.0000,jellyfish
772616,author_list,"{""di Raimondo D."",""Pinto A."",""Lucifora B."",""Tuttolomondo A."",""Licata G."",""Butt C.""}",1.0000,jellyfish
334681,author_list,"{""Jamel L. Demons"",""Jeff D. Williamson"",""Kathryn E. Callahan"",""James Lovato"",""Janice S. Lawlor"",""",0.8000,jellyfish
757463,author_list,"{""Mayuko Saito"",""Susan Olender"",""Robert H Gilman"",""Christian T Bautista"",""Evelyn J Hsieh"",""Luz",1.0000,jellyfish
465176,author_list,"{[""John Doe"", ""Jane Smith""]}  # Corrected value",0.2000,jellyfish
368072,author_list,"{""Vicenzino B, Bisset L, Beller, Jull, Brooks, Darnell""}",1.0000,jellyfish
812893,author_list,"{""L. Schlessinger"",""D. M. Eddy"",""R. Kahn""} Same as the original value, no errors found. No corrections needed.",0.4000,jellyfish
380945,author_list,"{""G R Chalmers"",""K M Knutzen""}",0.4000,jellyfish
513829,author_list,"{""Dominic S Carreira"",""Ross M Borzykowski"",""John Kozy"",""Steven D Needell""}",0.4000,jellyfish
862798,author_list,"{""P. Tarraga-López"",""J. M. Ocana-López"",""J. Miguel-Clave"",""J. Solera-Albero"",""",0.4000,jellyfish
316632,author_list,"{""M. Goyal"",""S. Wiebe"",""M. D. Hill"",""F. M. Clement"",""J. H. Wong"",""M. A",1.0000,jellyfish
38413,author_list,"{""J. D. A. - May-Jun DO - 10.4103/1119-3077.130253 DP - NLM ET -",0.6000,jellyfish
595469,author_list,"{""M. D. Barton"",""J. Simon"",""J. E. Axon"",""S. Moss"",""S. G. Morris"",""D. J.",1.0000,jellyfish
49698,author_list,"{""Di Lorenzo, C."",""Saps, M."",""Nurko, S."",""Hyman, P."",""Youssef, N."",""Miranda, A",0.6000,jellyfish
900624,author_list,"{""R. Daniel"",""M. T. Ansari"",""L. Weeks"",""S. Doucette"",""A. Tsertsvadze"",""B.",1.0000,jellyfish
246528,author_list,"{""A. Zyluk"",""P. Puchalski""} Same as the original value, no errors found. No corrections needed. The author list remains",0.4000,jellyfish
347144,author_list,"{""Abdi Rasekh"",""Jie Cheng"",""Ali Massumi"",""Michael R Ujhelyi"",""Vadim Levin"",""Mehdi Razavi",1.0000,jellyfish
957059,author_list,"{""W. T. Yu"",""S. Yang"",""Y. Tang"",""B. Wu"",""J. X. Zhou""}  # Corrected value. No",0.4000,jellyfish
269313,author_list,"{""Yong-Kyun Kim"",""Tae Yoong Jeong"",""Won Hyuk Chang"",""Sang Chul Lee"",""Jeong-Gyu Yoon"",""",1.0000,jellyfish
267879,author_list,"{""O. H. Simonsen"",""S. T. Skou"",""H. Thomsen""} Same as the original value, no errors found.",0.8000,jellyfish
224232,author_list,"{""A M Mulekar"",""B J Vakhland""}",0.8000,jellyfish
62306,author_list,"{""Fred W Benenati""} → {""Fred W. Benenati""} → {""Fred W Benenati""} → {""Fred W. Benenati",0.4000,jellyfish
182986,author_list,"{""K. Nguzo""} (Note: The correction is made by changing the single letter 'u' to 'o' in the surname 'Nguz",0.2000,jellyfish
663994,author_list,"{""Vincent J P Van Heuven"",""Niels O Schiller"",""Jurriaan Witteman""} Same as the original value, no errors found",0.6000,jellyfish
520771,author_list,"{""R R van Rijn"",""S G F Robben""} → {""R. R. van Rijn"",""S. G. F. Robben""}",1.0000,jellyfish
754594,author_list,"{""G. Abraham"",""R. E. Fromm"",""P. E. Marik"",""J. Varon"",""P. Careau""}",0.6000,jellyfish
817046,author_list,"{""M. M. P. Yang"",""S. H. Kok"",""G. T. C. Lee""} Same as the original value. No corrections needed",0.2000,jellyfish
736183,author_list,"{""D Kalina"",""S de Ribaupierre"",""O Vernet"",""P-F Leyvraz"",""B Rilliet"",""B Cavin""}",0.4000,jellyfish
963532,author_list,"{""S. Kato"",""M. Ishida"",""H. Sakuma""} Same as the original value, no corrections needed. The author list appears to be",0.2000,jellyfish
131820,author_list,"{""Debi Ann Morrissette""}",0.6000,jellyfish
704093,author_list,"{""D Chocholoupec"",""R Chaloupka"",""B Kala"",""J Gallo"",""M Netval""} } } } } } }",0.8000,jellyfish
912377,author_list,"{""K. Mantsopoulos"",""C. Bohr"",""F. Hebel""}  # No correction needed. The value is already correct.  # No",0.2000,jellyfish
203935,author_list,"{""Pakenham K.I."",""Fitzell A.""}  # No correction needed. The value is already correct.  # No correction needed. The",0.6000,jellyfish
68354,author_list,"{""Maharubappa Basavarappa"",""Satish B N V"",""Srikala S P""}]  # Corrected value",0.2000,jellyfish
259916,author_list,"{""K. Y. Tseng"",""H. F. Huang"",""K. I. Cheng"",""H. T. Hsu"",""P. Y. Chang",1.0000,jellyfish
199407,author_list,"{""Alan David Widgerow"",""Laurence A. Chait""}]  # Corrected value",1.0000,jellyfish
790756,author_list,"{""M Schmid"",""R Salati"",""P E Bianchi"",""A M Bezzina"",""C Barone""}  # Corrected value. Do not",0.6000,jellyfish
592893,author_list,"{""S. G. Jenkins"",""T. M. File"",""D. J. Farrell""}  # Corrected value. No changes needed.  # No",0.2000,jellyfish
232775,author_list,"{""S. McIver""} → {""S. McIver""} (no change needed) → {""S. McIver""} → {""S.",0.6000,jellyfish
631610,author_list,"{""N R St-Pierre"",""D Sauant"",""P Schmidely"",""J J Daudin""} → {""N R St-Pierre"",""D Sau",0.4000,jellyfish
901298,author_list,"{""J. Kelly Anthony"",""Jane Thomas"",""Josephine Kavanagh""}",0.4000,jellyfish
456691,author_list,"{[""Author1"", ""Author2"", ""Author3""]}  # Corrected value",0.2000,jellyfish
429995,author_list,"{""A Philotheou"",""S R Heller"",""J Jendle"",""M-A Gall"",""K Kölendorf"",""G P Ross"",""G Per",0.6000,jellyfish
709359,author_list,"{""C. D. Smith"", ""J. E. Skandalakis""} No corrections needed. The value of author_list is already correct. It remains the",0.2000,jellyfish
690938,author_list,"{""Tian-Biao Zhou"",""Si-Lian Fang"",""Hui-Liu Zhao"",""Gregor P C Drummen""} Same as the original value, no",0.8000,jellyfish
910604,author_list,"{""P. Kruszewski"",""J. M. Shen"",""L. J. Stovner""}]",0.6000,jellyfish
730191,author_list,"{""Girault G"",""Rose RJ"",""Weinstein JN"",""Ball PA"",""Hanscom B"",""Fanciullo GJ""}",0.4000,jellyfish
42135,author_list,"{""M Katz"",""R Chatterjee"",""A Oatridge"",""J B Porter"",""G M Bydder""}",0.6000,jellyfish
835178,author_list,"{""D. C. Heimburger""} No corrections needed. The value of author_list is already correct. It remains {""D. C. Heimburger",0.4000,jellyfish
335521,author_list,"{""Jianwen Cai"",""June Stevens"",""Denise K. Houston""}  # No correction needed. The value is already correct.  # No correction",0.4000,jellyfish
22708,author_list,"{""J van der Meulen"",""J Kluck"",""E van Dijk"",""J H M Straatman""}",0.4000,jellyfish
704111,author_list,"{""Robert T Trousdale"",""J Ryan Martin""} Same as the original value, no errors found. No corrections needed. The author list appears to be correct.",0.2000,jellyfish
804762,author_list,"{""T. Isayama"",""M. Crowther"",""C. Chai-Adisaksopha"",""W. Lim""}  # Corrected value",0.6000,jellyfish
657210,author_list,"{""Michiel A J Kompier"",""Etty G A Wielenga-Meijer"",""Daniel H J Wigboldus"",""Toon W Tar",1.0000,jellyfish
431896,author_list,"{[""Rayyan"", ""AI Assistant"", ""Data Corrector""]}",0.2000,jellyfish
490584,author_list,"{""E. H. Hwang""} → {""H. E. Hwang""} → {""H. E. Hwang""} → {""H. E.",0.6000,jellyfish
929252,author_list,"{""K. Sidney"",""J. Antony"",""A. De Costa"",""A. Shet"",""R. Rodrigues"",""S. Krishnamurthy"",""G",1.0000,jellyfish
821382,author_list,"{""J. Robinson-Papp"",""S.C. Shin""} Same as the original value, no errors found. No correction needed. The author list appears to be",0.4000,jellyfish
961741,author_list,"{""Pardo-Masferrer J. Murcia M. Soto R. González J. Alastuey I. Montemayor S",0.8000,jellyfish
925885,author_list,"{""H Li"",""K Li"",""H Liu"",""S Zhang"",""M Xu""} (Corrected value)  # corrected value",0.4000,jellyfish
717315,author_list,"{""Enniati Rusli"",""Chien-Hui Yang""} Same as the original value, no errors found. No corrections needed. The author list appears to",0.2000,jellyfish
967781,author_list,"{""S. Mallery"",""J. Van Dam""} Same. No correction needed. The value of the author_list attribute is already correct. The list of authors",0.2000,jellyfish
928952,author_list,"{""J. Coran"",""T. Koropeckyj-Cox"",""C. L. Arnold""} } } } } } } } } } } }",0.4000,jellyfish
225002,author_list,"{""Lynn M Wegner"",""Michelle M Macias""} Same as the original value, no errors found. No changes needed. The author list is correct.",0.2000,jellyfish
550350,author_list,"{""OR. International Society for Technology in Education, Eugene"",""Bjorn Norstrom""} Same as the original value, no corrections needed. The format, casing",0.4000,jellyfish
622979,author_list,"{""Nicola Orsini"",""Susanna C Larsson"",""Alicja Wolk""}",0.2000,jellyfish
501663,author_list,"{""John Petkov"",""Steve Bailey"",""Samuel Chalmers"",""Michael Heynen"",""Ebonie Scase"",""Mary E Magarey""}",0.4000,jellyfish
48738,author_list,"{""A. R. Lomax"",""P. C. Calder""}]  # Corrected value",1.0000,jellyfish
143029,author_list,"{""Shao-Cheng Liu"",""Chi-Chung Wu"",""Hsing-Won Wang"",""Chuan-Hsiang Kao"",""Yueng-Hsiang Chu",1.0000,jellyfish
667611,author_list,"{""Marion Habersack"",""Irmina-Anna Gerlich"",""Gero Luschin""}  # Corrected value",0.2000,jellyfish
565079,author_list,"{""John M O'Callaghan"",""Robert D Morgan"",""Peter J Morris"",""Simon R Knight""} } } } } } } } } } } } }",1.0000,jellyfish
348006,author_list,"{""R A Robison"",""J L Nelson"",""B L Roeder"",""B L Beckstead"",""G B Schaalje"",""J C Carmen"",""W G",1.0000,jellyfish
55412,author_list,"{""Thomas Martin Döring"",""Maud Parise"",""Gustavo Tukamoto"",""Emerson Leandro Gasparetto"",""Tadeu Tak",1.0000,jellyfish
546048,author_list,"{""John B. Sell""}",1.0000,jellyfish
979292,author_list,"{""Savvas Stafilidis"",""Adamantios Arampatzos""}",0.6000,jellyfish
971456,author_list,"{""H. A. P. Pols"",""C. M. van Duijin"",""S. W. J. Lamberts"",""I. Rietv",0.8000,jellyfish
533193,author_list,"{""Elie A Akl"",""Gordon H Guyatt"",""Stephen D Walter"",""Rita S Suri"",""Reem A Mustafa"",""Gihad E Nes",0.6000,jellyfish
970436,author_list,"{""J. Bhagatwala"",""W. Caldwell"",""D. H. Guo"",""A. Mellor"",""H. Zhu"",""R. Caldwell",1.0000,jellyfish
437969,author_list,"{[""Bhatt"", ""D. L.""], [""Cox"", ""J. L.""], [""Eikelboom"", ""J. W.""],",0.2000,jellyfish
464335,author_list,"{[""Lunsford LD"", ""Stern AC"", ""Kondziolka D"", ""Flickinger JC"", ""Meyer WH"", """,0.2000,jellyfish
417782,author_list,"{""A. L. Warshaw""} Same as the original value, no corrections needed. No changes made. The author list remains unchanged. {""A. L",0.2000,jellyfish
979059,author_list,"{""Hiroshi Akima"",""Kazunori Nosaka"",""Aya Tomita"",""Anthony J Blazevich"",""Takayuki Inami"",""",1.0000,jellyfish
661572,author_list,"{""David J Roelfs"",""Joseph E Schwartz"",""Eran Shor"",""Karina W Davidson""} Same as the original value, no errors found. No",0.6000,jellyfish
132901,author_list,"{""D Minor"",""J Waterhouse"",""G Ghirlanda"",""G Costa"",""G Tarondi""}",0.4000,jellyfish
245822,author_list,"{""C. B. Mogensen"",""I. B. Jacobsen"",""L. Wiboe""}",0.4000,jellyfish
440401,author_list,"{['Rayyan', 'et al.']}  # Corrected value",0.4000,jellyfish
77389,author_list,"{""Emile E Voest"",""Saskia C C M Teunissen"",""Alexander de Graeff"",""Marija Trajkovic-Vidakovic""} Same",1.0000,jellyfish
592817,author_list,"{""M. M. Parvaresh"",""M. Hashemi"",""R. Soodi"",""S. Nekoozadeh"",""S. A",1.0000,jellyfish
169270,author_list,"{[""Katz, D. L."", ""Katz, D. L.""]}",0.2000,jellyfish
288711,author_list,"{""S. Slawik"",""A. R. Dixon""} Same as the original value, no errors found. No correction needed. The author list appears to",0.2000,jellyfish
184949,author_list,"{""D. Buzducea"",""Buzducea, D. Cohen, J. Johnson, L. Lazar, L. Lejars, L",0.4000,jellyfish
833251,author_list,"{""E. Frank"",""L.D. Torres"",""D. Kupfer"",""K.L. Harkness"",""J. Guillaumot"",""J.E.",0.8000,jellyfish
470174,author_list,"{""R Tello"",""K Kandarpa"",""R F Munden"",""S Hooton"",""R Pugatch""} Same as the original value, no",0.6000,jellyfish
315926,author_list,"{""I. Roberts"",""E. Heitman"",""C. Diguiseppi"",""T. Dinh-Zarr""}  # No corrections needed.",1.0000,jellyfish
901385,author_list,"{""O. A. Ladipo"",""J. C. Konje""} Same as the original value, no corrections needed. The format, casing, and abbreviation",0.2000,jellyfish
787529,author_list,"{""S. McCormick"",""B. Gillis"",""M. A. Staten"",""C. Mobley"",""S. L. Volpe"",""J. Brid",1.0000,jellyfish
431348,author_list,"[author_list: [""Kuschel, M."", ""Schacht, A."", ""Hummel, T."", ""Schulz, E."", """,0.2000,jellyfish
441393,author_list,"{[""Author1"", ""Author2"", ""Author3""]}",0.4000,jellyfish
481882,author_list,"{""Thomas Scherer"",""Jose M Garcia"",""Victor Papusha"",""Ji-an Chen"",""Mark Asnicar"",""Joanna Smiechowska",1.0000,jellyfish
572425,author_list,"{""D Aboulafia""}",0.2000,jellyfish
581864,author_list,"{""Marcie W. Handler"",""James K. Luiselli"",""Jennifer A. Mautone""}  # No correction needed. The value is already correct.",0.2000,jellyfish
455406,author_list,"{[""Lastname, Firstname"", ""Lastname, Firstname"", ...]}  # Replace with the corrected value.",0.2000,jellyfish
696362,author_list,"{""C. G. Mendez""} → {""C. G. Mendez""} (no change needed) → {""C. G. Mendez""} →",0.6000,jellyfish
504206,author_list,"{""E Senneville"",""H Melliez"",""V Lovi"",""C Joseph"",""M Douaud"",""M Pradier"",""T Boyer"",""A Meybeck",1.0000,jellyfish
800900,author_list,"{""Andrew Paul Baranowski""} (no change needed)",0.2000,jellyfish
235689,author_list,"{""K. C. McDermott"",""J. L. Blomquist"",""V. L. Handa"",""E. C. Evers""} No",0.6000,jellyfish
659896,author_list,"{""Benjamin Zendejas"",""Stanley J Hamstra"",""Rose Hatala"",""David A Cook"",""Amy T Wang"",""Jason H Szostek"",""",1.0000,jellyfish
84944,author_list,"{""Jae Jun Lee"",""Sang Yong Song"",""Soomin Ahn"",""Young Lyun Oh"",""Ji-Youn Sung"",""Chang Ohk",1.0000,jellyfish
326944,author_list,"{""Andreas M\""gge"",""Christoph Hanefeld"",""Rainer H B\""urger"",""CARDIAC study investigators""}]",0.4000,jellyfish
922795,author_list,"{""R M Jones"",""P Conzen""} Corrected value: {""R M Jones"", ""P Conzen""} The value of the attribute author_list is already",0.2000,jellyfish
768486,author_list,"{""C. Mills"",""S. Dalkin"",""J. Greenhalgh"",""C. Wood"",""L. Wood"",""J. Wright"",""E. Gib",1.0000,jellyfish
428363,author_list,"{""L Ramos"",""S Mathurín"",""A Mateo"",""C López"",""C Gómez""}",0.6000,jellyfish
519287,author_list,"{""Glen M Blake"",""Tim D Spector"",""Ignac Fogelman"",""Usha Chinappen-Horsley""}  # Corrected value. No changes",0.4000,jellyfish
638918,author_list,"{""R Webster"",""E Spezi"",""S Mukherjee"",""R Adams"",""S Gwynne"",""J Staffurth"",""B Coles""} Same as",0.6000,jellyfish
111336,author_list,"{""Anders Halling"",""H\""kan Odeberg"",""Henrik Forssell"",""Jacob Odeberg"",""Marie-Louise Persson"",""",0.6000,jellyfish
747279,author_list,"{""Patil S."",""Horobin H.""}  # No changes needed.",0.6000,jellyfish
674696,author_list,"{""A Brand"",""J Van der Heyden"",""S de Viron"",""H Van Oyen"",""N Malats""}",0.4000,jellyfish
258108,author_list,"{""Mushro A"",""Niaura R S"",""Graham A L"",""Cobb N K"",""Fang Y"",""Cha S""}",0.8000,jellyfish
59308,author_list,"{""Ramune Grambaite"",""Anders M Fjell"",""Tormod Fladby"",""Kristine B Walhovd"",""Vidar St",1.0000,jellyfish
610641,author_list,"{""Luiz Rogério de Carvalho Oliveira"",""Nilza Aparecida Almeida de Carvalho"",""Flávio C L Cav",1.0000,jellyfish
631704,author_list,"{""Qiong Chen"",""Wei Fan"",""Qianhong Ma"",""Zhongying Huang"",""Zhun Xiao"",""Shangwei Li""} ### Explanation: The",0.6000,jellyfish
846537,author_list,"{""Lemack G E""}",1.0000,jellyfish
973076,author_list,"{""E. Mainardi"",""G. Moscato"",""A. Montanelli"",""M. Dotti"",""R. Nano""}  # Corrected value",1.0000,jellyfish
931402,author_list,"{""A. K. Marcee"",""S. P. Roaten"",""J. B. Morrow"",""K. J. Kowalske"",""L.",0.6000,jellyfish
908690,author_list,"{""Address Correspondence"", ""S. Karimifard"", ""ahmadian@sina.tums.ac.ir"", ""A. Ahmadian"", """,0.6000,jellyfish
417373,author_list,"{""J. Wennberg""}",1.0000,jellyfish
759329,author_list,"{""V Youthanukorn"",""P Manta-ngkasombut""} # Corrected value of author_list. # # # # # # # # #",0.2000,jellyfish
386327,author_list,"{""Dalia Elimam"",""Keith A Webster"",""Ahmed Omran"",""Fei Yin"",""Lina A Shehadeh""}",0.4000,jellyfish
695010,author_list,"{""Jia-rui Pu"",""Dan Li"",""De-hua Yang"",""Li-duan Zheng"",""Xiao-dan Zheng"",""Hong Mei"",""Xuan X",1.0000,jellyfish
191908,author_list,"{""J. Falkingham"",""M. Evandrou"",""A. Vlachantoni"",""J. Robards""}  # Corrected value",0.6000,jellyfish
384767,author_list,"{""Sarah H O'Brien"",""Marisa Tucci"",""Antonio Rodriguez Nunez"",""Philip C Spinella"",""Li Qin"",""Edward Vincent S Faustino",1.0000,jellyfish
855912,author_list,"{""E. A. Martin"",""L. F. Costa"",""H. Li"",""Y. Zhang"",""M. P. Viana"",""S. M.",0.6000,jellyfish
710727,author_list,"{""DeLosh EL"",""Bugg JM"",""Clegg BA""}  # No correction needed. The value is already correct.  # No correction needed.",0.4000,jellyfish
816996,author_list,"{""C.P. Richter"",""L.H. Riley Jr.""}  # No corrections needed.",0.6000,jellyfish
625016,author_list,"{""P E Goretzki"",""B J Lammers"",""T Otto""}",0.6000,jellyfish
275675,author_list,"{""J. Robinson"",""D. W. Smith"",""B. Colwell"",""S. L. Stevens"",""C. McMillan""}",0.8000,jellyfish
967376,author_list,"{""H. C. Chen"",""S. M. Lin"",""C. L. Chou"",""C. T. Yu"",""H. P. Kuo",1.0000,jellyfish
640230,author_list,"{""Justin W Timbie"",""Marcela Horvitz-Lennon"",""Sharon-Lise T Normand"",""Richard G Frank""}",0.4000,jellyfish
625663,author_list,"{""Paola Bollini"",""Giuseppe Tibaldi"",""Bruce Kupelnick"",""Carmine Munizza"",""Sandro Pampallona""} } }",0.8000,jellyfish
480649,author_list,"{""A. Ungkanungdecha"",""C. Chayachinda"",""J. Veeragul"",""J. Jisabai""} Same as",0.6000,jellyfish
782541,author_list,"{""D. Nezic""}",0.4000,jellyfish
692358,author_list,"{""A Green"",""J Lewis"",""C Worsfold"",""J Saranga""} The author list appears to be correct. No changes needed.",0.2000,jellyfish
836847,author_list,"{""Elefteriades JA""}",1.0000,jellyfish
867207,author_list,"{""H. Jungk"",""W. Madla"",""V. Schottstedt"",""T. Alt""} Same as the original value, no errors found.",0.4000,jellyfish
253149,author_list,"{""A. S. Lee"",""S. Davies"",""P. C. Naik""} Same as the original value, no errors found. No corrections needed.",0.8000,jellyfish
929971,author_list,"{""R. A. Rosenheck"",""J. Tsai"",""A. S. Mares""} Same as the original value, no errors found. No corrections",0.4000,jellyfish
470385,author_list,"{""Lee W."",""Kirk J.S."",""Shaheen K.W."",""Romero R."",""Hodges A.N."",""Comstock C.H.""}",1.0000,jellyfish
731703,author_list,"{""NCT01413984"": ""Unknown Author""}",0.4000,jellyfish
113399,author_list,"{""D. Badger""}",0.2000,jellyfish
685178,author_list,"{""Mark Kern"",""Karen Dikeman"",""Barbara Grande"",""Marta Kazandjian"",""Terilynn Nitschke"",""Stephanie Daniels"",""",1.0000,jellyfish
653325,author_list,"{""Min Zeng"",""Yue Pan"",""Qunyuan Zhang"",""Ke-Sheng Wang"",""Nagesh Aragam"",""Xuefeng Liu",1.0000,jellyfish
893573,author_list,"{""Ahmad Qamar"",""Muhammad Shahid"",""Md. Abdur Rahman"",""Ahmed Lbath"",""Akhlaq Ahmad"",""Faizan",0.8000,jellyfish
56272,author_list,"{""Virginia D Buckles"",""Andrew J Saykin"",""Eric McDade"",""Stephen P Salloway"",""Aaron P Schultz"",""Peter R Schofield"",""Randall",1.0000,jellyfish
737786,author_list,"{""R. R. M. Bos"",""E. W. Hoving"",""M. Wagemakers""} Same as the original value, no corrections needed.",0.2000,jellyfish
680306,author_list,"{""William W Thatcher"",""Normand R St-Pierre"",""Dale E Bauman"",""Joseph S Hogan"",""K Larry Smith"",""Robert J Collier"",""George",0.8000,jellyfish
53877,author_list,"{""Sheu-jen Huang"",""Maiga Chang"",""Wen-chi Hung"",""Janie Chang""}",0.4000,jellyfish
504928,author_list,"{""Ilaria Casetta"",""Gerardo Iuliano"",""Graziella Filippini""}  # Correct answer. No corrections needed.  #",0.2000,jellyfish
198650,author_list,"{[""First Name"", ""Last Name""]}",0.2000,jellyfish
671386,author_list,"{""Jasmin Abbas"",""Cholpan Jasaabuu"",""Andreas Gunter Bach"",""Alexey Surov"",""Dominik Schramm"",""",0.8000,jellyfish
981412,author_list,"{""N. M. Pinheiro"",""R. Almeida-Reis"",""L. Oliva"",""M. A. Martins"",""M. L. V",1.0000,jellyfish
785472,author_list,"{""G. Rahav"",""G. Regev-Yochay"",""I. Abullaish"",""A. Elhamdany"",""R. Malley",1.0000,jellyfish
734077,author_list,"{""M. Niewada"",""J. Pawełska"",""A. Budaj"",""T. Macioch"",""P. Perkowski""}",0.4000,jellyfish
46028,author_list,"{""S Ikawa"",""M Sudoh"",""M Suzuki"",""S Matsubara"",""M Shiota"",""K Kawakami""} Same as the original value,",0.6000,jellyfish
743129,author_list,"{""Pardis Pedram"",""Guang Sun""} Same as the original value, no errors found. No correction needed. The author list appears to be correctly",0.2000,jellyfish
392246,author_list,"{""Narumi Tomisawa"",""Akihiro C Yamashita""} Same as the original value, no errors found. No changes needed. The author",0.4000,jellyfish
904889,author_list,"{""Ge H.-Y."",""Fernández-de-las-Peñas C."",""Yue S.-W.""}  # Corrected value",0.8000,jellyfish
360147,author_list,"{""M. A. Alba"",""S. Prieto-Gonzalez"",""A. Garcia-Martinez"",""M. C. Cid"",""M. But",1.0000,jellyfish
670289,author_list,"{""Bin Hu"",""Hong-ju Mao"",""Jing Zhao"",""Ying Huang"",""Rong-huan Yu"",""Chao Guan""} Same as the original",0.8000,jellyfish
821702,author_list,"{""T. Foltynie"",""R.A. Barker"",""S.J.G. Lewis"",""C.H. Williams-Gray""}",0.4000,jellyfish
188890,author_list,"{""R Asanger"",""P M Shah"",""F M Kahan""}  # No corrections needed. The value is already correct.  # No corrections needed.",0.4000,jellyfish
321660,author_list,"{""J. Murray""}",0.6000,jellyfish
427455,author_list,"{""Katherine A Yeager"",""Susan Bauer-Wu""}",0.4000,jellyfish
246204,author_list,"{""J. Oskam"",""J. H. Hegeman"",""J. Palen"",""H. J. Duis"",""P. A. M. V",1.0000,jellyfish
857402,author_list,"{""D. A. Tyurin"",""V. A. Belov"",""D. N. Laikov"",""A. V. Akimov"",""",1.0000,jellyfish
704357,author_list,"{""A. Sudo"",""S. Ishiguro"",""K. Iida""} Same as the original value, no errors found. No correction needed. The",0.2000,jellyfish
716785,author_list,"{""Rutherford OM"",""Kennedy J"",""Skelton DA""}  # No correction needed. The value is already correct.  # No correction needed.",0.2000,jellyfish
746065,author_list,"{""Costin M."",""Dumbrava E.L."",""Postolache P."",""Cojocaru D.C.""}",0.4000,jellyfish
738322,author_list,"{""S. Pelofsky"",""P. D. Hunter""} Same value, no correction needed. No changes. No errors found. The provided author list is",0.2000,jellyfish
934177,author_list,"{""NCT00750412"": ""Unknown Author""} -> {""NCT00750412"": ""Unknown Author""} (no change needed) -> {""NCT",0.2000,jellyfish
351534,author_list,"{""T Delormier"",""A C Macaulay"",""M Cargo"",""A M McComber"",""L Potvin""}  # Corrected value. No",0.4000,jellyfish
872389,author_list,"{""R H Dowling"",""G M Murphy"",""P B Hylemon"",""G French"",""M J Veysey"",""L A Thomas""} Same as the",0.4000,jellyfish
499983,author_list,"{""Gao YH"",""Lin ZY"",""Zhang GJ"",""Zhong NS"",""Chen RC"",""Gao Y"",""Tang Y"",""Lin",1.0000,jellyfish
452432,author_list,"{['Rayyan', 'et al.']}  # Corrected value",0.4000,jellyfish
320139,author_list,"{""J. P. Cegielski"",""S. P. Althomson""} (Corrected spelling error in the last author's name)",0.4000,jellyfish
735083,author_list,"{""Sebastien Racinais"",""Olivier Girard"",""Lars Nybo"",""Magni Mohr"",""Martin Thomassen""}",0.6000,jellyfish
978471,author_list,"{""Gary P. Wormser"",""Alvin E. Friedman-Kien"",""Miguel Sanchez""}  # No correction needed. The value is already correct.",0.4000,jellyfish
152626,author_list,"{""D. D. Town"",""C. P. Chen"",""Y. N. Su"",""W. C. Wang"",""C. W. Pan"",""C",0.6000,jellyfish
90272,author_list,"{""Qiao-Hong Hu"",""Zhi-Liang Huang"",""Xiao-Ming Fan"",""Shuang-Xi Chen"",""Xiang-Yang Song"",""X",1.0000,jellyfish
776651,author_list,"{""K. Kristensson"",""L. Svensson"",""H. B. Greenberg"",""K. Weclewicz""}  # Corrected value.",0.8000,jellyfish
931361,author_list,"{""R. Kern"",""A. Pronovost"",""P. Peng""} (no changes needed)",0.2000,jellyfish
623358,author_list,"{""Paschal Sheeran"",""Richard Cooke""}",0.4000,jellyfish
385940,author_list,"{""Jesper I Reimers"",""Sabrina G Ellesse"",""Henrik Andersen""}",0.4000,jellyfish
951168,author_list,"{""Christian T. L. Janssen""} → {""Christian T. L. Janssen""} (no change needed) → {""Christian T. L",0.4000,jellyfish
515254,author_list,"{""S Murat"",""H Avsever"",""S Yüksel"",""C S Paksoy"",""B Onder"",""K Kamburoglu",1.0000,jellyfish
674623,author_list,"{""Angel Rosa-Alc\u00f1zar"",""Ana I Rosa-Alc\u00f1zar"",""Marina Iniesta-Sep\u00f3",0.4000,jellyfish
226419,author_list,"{""Enie Akhtar Bt Nawawi"",""Ahlam M Al-Kharabsheh"",""Tsia-Shu Lo""}  # Corrected value",0.4000,jellyfish
178078,author_list,"{""J. De La Camara"",""M. M. Mesfin"",""A. M. Kedir"",""G. Amanual"",""T. Araya"",""",0.6000,jellyfish
453637,author_list,"{[""Rayyan"", ""Khalid"", ""Al-Mahrooqi"", ""M. A. Al-Mamun"", ""S. K",0.2000,jellyfish
57483,author_list,"{""Diana Duro"",""Augusto C. Gołębowski"",""Gonçalo Santos"",""Nuno Mendonça"",""Isabel Santana"",""",0.6000,jellyfish
462849,author_list,"{[""author1"", ""author2"", ""author3""]}",0.4000,jellyfish
338547,author_list,"{""Bruno Vincenzi"",""Daniele Santini"",""Giuseppe Tonini"",""Anna Maria Frezza""}",0.6000,jellyfish
438808,author_list,"{['Randleman, J. B.', 'Stulting, R. D.', 'Pavan, P. R.', 'Schwartz,",0.2000,jellyfish
352040,author_list,"{""Joel W. Grube"",""Juan A. Luna"",""David A. Gilder"",""Jennifer Roberts"",""Daniel Calac"",""Cindy L. Ehlers",1.0000,jellyfish
887131,author_list,"{""Angela Marie Abbatecola"",""Andrea Corsonello"",""Silvia Bustacchini"",""Fabrizia Lattanzio"",""Giuseppe Pa",1.0000,jellyfish
182296,author_list,"{""Aitken Alderson Anderson Aptekar Backett-Milburn Beazley Becker Bello Berman Billig Bluebond-Langner B",0.8000,jellyfish
49847,author_list,"{""M. D. Jiang"",""Z. J. Fan"",""T. Q. Dai"",""Q. Xia"",""L. Wang"",""Z. Yu"",""R",0.8000,jellyfish
524073,author_list,"{""M Eckerbom"",""T Magnusson""}  # No corrections needed. The value of author_list is already correct.  # No corrections needed.",0.4000,jellyfish
348813,author_list,"{""G Vaksman"",""A Vincentelli"",""C Francart"",""M A Cajot"",""G M Brevire"",""F Godart"",""J M Coul",0.8000,jellyfish
427933,author_list,"{""Carmelo Graffagnino"", ""DaiWai M Olson""} Same as the original value, no corrections needed. The list of authors appears",0.2000,jellyfish
6862,author_list,"{""A. Wotherspoon"",""M.M. Taj"",""N. Hadzic"",""M. Burke"",""R. Hobson"",""S.E. Height"",""",0.8000,jellyfish
853676,author_list,"{""Meletios A Dimopoulos"",""Nikolaos Anagnostopoulos"",""Markela P Zorzou"",""Athanasios Anagnostopoulos"",""Elen",1.0000,jellyfish
556116,author_list,"{Kotzé, W. M. ; Joseph, J. ; Le Roux, P. ; Le Roux, P. ; van Wy",0.2000,jellyfish
734870,author_list,"{""Stephen E Gilman"",""Chaoqiang Jiang"",""Kar Keung Cheng"",""C Mary Schooling"",""Tai Hing Lam"",""Michael Y Ni"",""Gab",1.0000,jellyfish
540850,author_list,"{""W. Bodsch"",""T. Rommel""} No corrections needed. The value of author_list is already correct. It remains {""W. Bodsch"",""",0.2000,jellyfish
465756,author_list,"{[""Author1"", ""Author2"", ""Author3""]}  # Corrected value",0.2000,jellyfish
762269,author_list,"{""Renata Vrsalović"",""Eva Verona"",""Iva Mihatov-Stefanović"",""Biserka Čičak""}",0.8000,jellyfish
441902,author_list,"{[""Pharmacotherapy for inherited colorectal cancer. [Review] [42 refs]""]}",0.4000,jellyfish
950233,author_list,"{""S. A. Murrell"",""B. T. Mast"",""A. R. Azar""} Same as the original value, no errors found.",0.4000,jellyfish
621415,author_list,"{""N D Osgood"",""Tengs T O""}",1.0000,jellyfish
633877,author_list,"{""H Weatherly"",""D Epstein"",""J Burch"",""N Woolacott"",""D Jayne"",""D Fox"",""A Baba-Akbari Sari",1.0000,jellyfish
756208,author_list,"{""Barbara Zeligs"",""Stephen M Peters"",""Onorina Di Mita"",""Shahla Riazi"",""Henry Yeager"",""German A Ben",1.0000,jellyfish
97853,author_list,"{""S. Orita"",""M. Takaso"",""S. Ohtori"",""S. Kishida"",""G. Inoue"",""M. Suzuki",1.0000,jellyfish
720775,author_list,"{""S. Sakamoto"",""Y. Okumura""} Same as the original value, no errors found. No corrections needed. The author list is correct.",0.4000,jellyfish
294439,author_list,"{""W Odero""} (no correction needed)",0.2000,jellyfish
375430,author_list,"{""M. Thomas"",""E. Fairholme"",""N. Nichols"",""M. George""} } } } } } } } } } } } } }",0.2000,jellyfish
689666,author_list,"{""Franco Roviello"",""Daniele Marrelli"",""Carla Vindigni"",""Valeria Pascale"",""Giovanni Corso""}",1.0000,jellyfish
896848,author_list,"{""Michiko Osuda"",""Satoshi Kazuma"",""Michiaki Yamakage"",""Shunsuke Tachibana"",""Tomo Hayase""}",1.0000,jellyfish
231182,author_list,"{""D. Spangler""}",0.4000,jellyfish
232896,author_list,"{""S Arora"",""A Zhan"",""S Donohue"",""E R Dorsey"",""K M Biglan"",""V Venkataraman"",""M A",1.0000,jellyfish
798716,author_list,"{""Akin Uzunoglu"",""Meral Topcu"",""M Fani Bozkurt"",""Sinem Akgul""}  # Corrected value",0.6000,jellyfish
704812,author_list,"{""R. McCandlish"",""S. Petrou"",""J. Henderson"",""L. Kumiega""} Same as the original value, no errors found.",1.0000,jellyfish
203084,author_list,"{""Sauer N."",""Szecsenyi J."",""Faber R."",""Guthrie E."",""Schaefert R."",""Herzog W."",""Bo",1.0000,jellyfish
81959,author_list,"{""Y Y Lee"",""K E L McColl""}  # Corrected value. No changes needed.",0.2000,jellyfish
235924,author_list,"{""F. Bolandard"",""M. Bonnin"",""P. Duband"",""J. E. Bazin"",""J. P. Mission""} } } }",0.4000,jellyfish
291020,author_list,"{""O Serrese"",""C Boudreux-Larivier"",""S Grelier"",""R Zory""}  # Corrected value",0.2000,jellyfish
408188,author_list,"{""Silke Zimmermann"",""Stefan A Stachelhaus"",""Christiane Hollmann""}",0.2000,jellyfish
283460,author_list,"{""Marc N. Gourevitch"",""Jennifer McNeely"",""David Stevens"",""John Rotrosen"",""Ellie Grossman"",""Laura Huben"",""Marc",1.0000,jellyfish
563505,author_list,"{""Valeria Panebianco"",""Flavio Barchetti""} Same value as in the record. No errors found. No corrections needed. The author list",0.2000,jellyfish
761676,author_list,"{""Prem Ramburuth"",""Massimiliano Tani""} Same as the original value, no errors found. No corrections needed. The author list is",0.4000,jellyfish
923043,author_list,"{""H Fukuda"",""H Kasuda"",""J Saitoh"",""H Mitsuhata"",""Y Hirabayashi"",""K Saitoh"",""R Shimizu",0.6000,jellyfish
248075,author_list,"{""B. Rossi"",""A. Piccioli"",""G. Maccauro"",""L. Scaramuzzo"",""F. Frenos"",""R.",1.0000,jellyfish
313030,author_list,"{""Carey E. Andrzejewski""} No corrections needed. The value of author_list is already correct. It remains {""Carey E. Andrzej",0.6000,jellyfish
885384,author_list,"{""O Widholm"",""A M Lehtinen"",""J Hovorka""} Same as the original value, no errors found. No corrections needed. The",0.4000,jellyfish
361906,author_list,"{""Waleed Alhazzani"",""Lehana Thabane"",""Deborah J Cook"",""Wojciech Szczeklik"",""Anees S",1.0000,jellyfish
180827,author_list,"{""W. Yu"",""R. Pagani"",""L. Huang""}",0.4000,jellyfish
723057,author_list,"{""C. W. Belter""} → {""C. W. Belter""} (no change needed) → {""C. W. Belter""} →",0.8000,jellyfish
894502,author_list,"{""David B. Finkelstein""} → {""David B Finkelstein""} → {""David B Finkelstein""} → {""David B Finkelstein""}",0.4000,jellyfish
793410,author_list,"{""Qiang Huang"",""Yang Wu"",""Zhi Qiang Zhu"",""Wei Liang"",""Feng Shao"",""Han Hui Yao""} } } } }",0.4000,jellyfish
816944,author_list,"{""A. D. Nimbarte"",""J. A. Sivak-Callcotta"",""C. A. Mancinelli""}  #",0.4000,jellyfish
632040,author_list,"{""Talal Ibrahim"",""Mohamed Al Tannir"",""Imad M Tleyjeh"",""Abdul Alehibi"",""Musa A Gar",1.0000,jellyfish
752280,author_list,"{""C. Yang"",""T. Wang"",""H. Chiu"",""C. Lee"",""J. Chiu"",""Y. Ko""}]",0.4000,jellyfish
716594,author_list,"{[""Name"", ""Lastname""]}  # Replace with the corrected value.",0.2000,jellyfish
919751,author_list,"{""Michael J Paech"",""Stephan A Schug"",""Bhavesh Patel"",""Thomas Ledowski""} Same as the original value, no corrections needed.",0.4000,jellyfish
60309,author_list,"{""D. N. Levine""}",0.6000,jellyfish
757176,author_list,"{""Shinya Kondo"",""Tomoo Miyagawa""} Same as the original record, no errors found. No corrections needed. The author list is correct and",0.2000,jellyfish
261329,author_list,"{['Author1', 'Author2', 'Author3']}  # Corrected value",0.4000,jellyfish
615903,author_list,"{""T Reinhold"",""F M\""uller-Riemenschneider"",""S N Willich""}  # Corrected value",1.0000,jellyfish
169524,author_list,"{""B. A. Moed"",""S. M. Doyle"",""A. V. Nero"",""K. L. Revzan"",""M. B. Schwe",1.0000,jellyfish
178424,author_list,"{""Bafna Bassler Blarney Coleman Hillier Kerr Kerr Kerr Livingston Marshall Pauls Peponis Pikora Stokols Templer Zimring",1.0000,jellyfish
716357,author_list,"{""Durstine JL"",""Mayo K"",""Martin SL"",""Kirkner GJ"",""Matthews CE"",""Hebert JR""}  # Corrected value",0.8000,jellyfish
448010,author_list,"{[""first_name"": "" "", ""last_name"": "" "", ""initials"": "" ""]}",0.2000,jellyfish
788729,author_list,"{""C. S. Berry-Caban"",""L. Bowers"",""S. Wallgren""}  # Corrected value. No changes needed.  # No",0.4000,jellyfish
624354,author_list,"{""D J Bruno"",""B S Bloom"",""R Jayadevappa"",""D Y Maman""}  # No changes needed. The value is already correct.",0.2000,jellyfish
112716,author_list,"{""W C Knowler"",""P J Savage"",""P H Bennett"",""D J Pettitt""}  # No correction needed. The value is already correct.",0.4000,jellyfish
881020,author_list,"{""J Arana"",""E Rezola"",""A Villanueva"",""M I Intxaurrondo"",""M Suol"",""I Eizaguir",1.0000,jellyfish
605643,author_list,"{""Eunice Fabiani Hilleshein"",""Liana Lautert"",""Karine Kummer Gemelli""}",0.2000,jellyfish
5782,author_list,"{""S. Gouin"",""J. Gravel"",""M. Roy"",""D. Lebel"",""T.-T. Vo""} Same as the original value",0.6000,jellyfish
852332,author_list,"{""Julia Dawn Jones"",""Touran Heidi Keen"",""Peter Sze Chai Wong"",""Reza Ashrafi"",""Omer Khanzada"",""D",1.0000,jellyfish
343395,author_list,"{""A Rezq"",""D Covello"",""C Godino"",""M Montorfano"",""A Colombo""} Same as the original value, no errors found",0.8000,jellyfish
826830,author_list,"{""Pyung Bok Lee"",""Francis Sahngun Nahm"",""Hyung Seok Yoo"",""Chul Joong Lee""} Same as the original",0.8000,jellyfish
905100,author_list,"{""Patwardhan S.K."",""Bodas K.S."",""Gundewar S.S.""}  # No corrections needed.",0.2000,jellyfish
34517,author_list,"{""Zhongsheng Sun"",""Huajing Teng"",""Tao Cai"",""Xusheng Huang"",""Ping Yu"",""Fang Cui"",""Z",1.0000,jellyfish
771377,author_list,"{""N. Wilson""} Same as the original value, no correction needed. The format, casing, and abbreviation style are consistent with the provided data. The value",0.2000,jellyfish
32426,author_list,"{""Akikazu Ishihara"",""Maxey L Wellman"",""Andrea R Barnaba"",""Alicia L Bertone"",""Peter M Kanter"",""",1.0000,jellyfish
722451,author_list,"{""Birgit Schulze-Ehlers"",""Achim Spiller"",""Nina Steffen"",""Gesa Busch""} Same as the original value, no",0.4000,jellyfish
318542,author_list,"{""S. Livesay"",""S. D. Ruppert""}",0.4000,jellyfish
533425,author_list,"{""R F Hofstein"",""J M Mott"",""T L Barrera"",""E J Teng""}  # Corrected value. No changes needed.",0.4000,jellyfish
854232,author_list,"{""H H Fiebig"",""K Mross"",""R Velagapudi"",""W E Berdel"",""C Unger"",""I M von Broen""}",1.0000,jellyfish
2842,author_list,"{""P. Gluszko"",""A. Bielinska""} Same as the original value. No errors found. The author list appears to be correct.",0.2000,jellyfish
789057,author_list,"{""Kenichi Kokubo"",""Taro Kamisasanuki"",""Kengo Hayashi"",""Kenichiro Kasai"",""Nobutada Katori""}",0.6000,jellyfish
205187,author_list,"{""A. G. Della Valle"",""M. Buttaro"",""G. Slullitel"",""R. Vestri"",""F. Comba""}]",1.0000,jellyfish
970712,author_list,"{""W. Schnedl"",""R. Lipp"",""G. Leitner""}",0.6000,jellyfish
161630,author_list,"{""F. H. Nawaz"",""Rizvi""}] 1",0.4000,jellyfish
583682,author_list,"{""Reva Kasman""} → {""Reva Kasman""} (no change needed) → {""Reva Kasman""} → {""Reva Kasman""}",0.6000,jellyfish
891722,author_list,"{""Sebastian Paul Suggate""} Same as the original value, no correction needed. The author list is already correct.",0.6000,jellyfish
54613,author_list,"{""Andrew J Winzelberg"",""Heidi Roberts"",""C Barr Taylor"",""Catherine Classen"",""Heidemarie Ernst"",""Cheryl Koopman"",""",0.6000,jellyfish
450749,author_list,"{['Wang', 'L', 'Xu', 'J', 'Li', 'J', 'Zhang', 'J', 'Liu',",0.2000,jellyfish
19086,author_list,"{""Gary Chisholm"",""Eduardo Bruera"",""Swati Bansal"",""David Hui"",""Rony Dev"",""Margarita Morgado""}",1.0000,jellyfish
852213,author_list,"{""C J Langer"",""J Orsini"",""J K Hon"",""S R Dakhil"",""M F Renschler"",""R D Page"",""V",1.0000,jellyfish
475847,author_list,"{""J M Teno""}",1.0000,jellyfish
893664,author_list,"{""Deepika and Leibowitz Keith and Gowda Ramesh M. and Shapiro Michael and Khan Ijaz A. Misra""}",0.4000,jellyfish
450528,author_list,"{['first_name', 'last_name']}  # Replace with the corrected value.",0.2000,jellyfish
838034,author_list,"{""A.U. Monsch"",""M. Tolnay"",""K.I. Taylor"",""A. Probst"",""A.R. Miserez""}",0.8000,jellyfish
119186,author_list,"{""J J Sallley""}",0.6000,jellyfish
274083,author_list,"{""B. E. Perron"",""Q. Fu"",""L. T. Wu"",""M. G. Vaughn""} Same as the original value, no",0.4000,jellyfish
784224,author_list,"{""D. A. Paul"",""R. G. Locke"",""L. Saiman"",""D. Tuttle"",""A. Novitsky"",""A.",1.0000,jellyfish
260769,author_list,"{""M. D. Schmittner"",""A. Janke"",""D. G. Bussen"",""G. C. Beck"",""C. Weiss""} No",0.4000,jellyfish
592831,author_list,"{""R. V. Iyer"",""G. M. Woods"",""E. Vichinsky"",""T. R. Kinney"",""J. I. Ver",1.0000,jellyfish
464911,author_list,"{['Dose Optimization of Infliximab in Patients with Rheumatoid Arthritis', 'First Name Last Name', 'Initials']}  # Correct",0.2000,jellyfish
369162,author_list,"{""Serkan Durdu"",""Ahmet Ruhhan Akar"",""Gülseli Cubukcuoglu Deniz""}]  # Corrected value",0.2000,jellyfish
209896,author_list,"{['W. H. Oliver', 'W. M. Frazer', 'J. M. H. M. Van Der Meer', 'J.",0.2000,jellyfish
217524,author_list,"{""K. Tamaki"",""A. G. C\u00E7\u00E2\u20AC\u2122lar"",""S. Beyrer"",""",0.2000,jellyfish
694007,author_list,"{""R F Castien"",""J van Wagenberg""} -> {""R F Castien"",""J. van Wagenberg""} (added a dot after the",0.4000,jellyfish
53319,author_list,"{""N. Smith"",""B. Milne"",""M. Zenios"",""M. Ramachandran"",""D. Little""} No corrections needed. The value",1.0000,jellyfish
962338,author_list,"{""W. Rottbauer"",""V. Hombach"",""S. Stiller"",""P. Bernhardt"",""D. Walcher""}",0.6000,jellyfish
972821,author_list,"{""W. Frehner"",""S. Aeschbacher"",""L. Risch"",""T. Schon"",""M. Risch"",""G. Pare",1.0000,jellyfish
587024,author_list,"{""S. Christen"",""Q. Jiang"",""B. N. Ames"",""M. K. Shigenaga""} Same as the original value, no errors",0.6000,jellyfish
49274,author_list,"{""J. Naesdal"",""M. Danilewitz"",""J. Adler"",""D. G. Drossman"",""C. Hwang""}]",0.6000,jellyfish
687404,author_list,"{""Yi Wang"",""Yu Zhou"",""RongDang Hu"",""XiuYing Wang"",""Gerald Voli\u0308re""}",0.4000,jellyfish
858569,author_list,"{""M. Gatti"",""S. Bonaccorsi"",""V. Mottier-Pavie"",""F. Verni"",""G. Cenci""}",0.6000,jellyfish
982590,author_list,"{""I. Yang"",""J. Stonestreet"",""P. Collins"",""P. Masel""}  # No changes needed. The author list is already correct",0.2000,jellyfish
853882,author_list,"{""M Raderer"",""C Gedlicka"",""A Lenauer"",""D Depisch"",""W Scheithauer"",""B Schneeweiss"",""W F",1.0000,jellyfish
743989,author_list,"{""Ahmed A.S.""}  # Corrected value",0.2000,jellyfish
71263,author_list,"{""N Zwetyenga"",""A Bouaichi"",""S Aimad-Eddine"",""B Ella"",""X-A Mommers""} Same as the original value",0.8000,jellyfish
111970,author_list,"{""Branislava Ivanović"",""Marijana Tadić""}",0.4000,jellyfish
941646,author_list,"{""A. Stumpo"",""G. Palmieri"",""M. F. Pantusa"",""M. Marasco"",""V. Fuoco""}",1.0000,jellyfish
397190,author_list,"{[""Author Name 1"", ""Author Name 2""]}",0.4000,jellyfish
98562,author_list,"{""Frances Williams"",""Alehegn Gelaye"",""Susan Steigerwalt"",""Yara Daloul"",""Hadeel Assad"",""Timothy R Lars",1.0000,jellyfish
56014,author_list,"{""Gaolang Gong"",""Hua Cheng"",""Yong He"",""Qi Dong"",""Hao Huang"",""Virendra Mishra""} Same as the original value",0.4000,jellyfish
911271,author_list,"{""Department of Electrical Engineering"", ""F. Zhang"", ""University of Singapore"", ""Singapore"", ""Y. Lian""}]",0.6000,jellyfish
565528,author_list,"{""Marie-Pierre Gagnon"",""Claude Sicotte"",""Dith-Romy Nsangou"",""Sonya Grenier"",""Julie Payne-G",1.0000,jellyfish
951143,author_list,"{""T. Welte"",""R. Busse"",""N. Jalilvand"",""C. Krauth""} Same as the original value, no errors found",0.6000,jellyfish
658707,author_list,"{""H Lee Swanson"",""Xinhua Zheng"",""Olga Jerman""}  # Corrected value",0.6000,jellyfish
84905,author_list,"{""A Bereket"",""Z Hochberg"",""Y Yavuz"",""H L Muller"",""R H Lustig"",""R Weiss"",""W Kiess"",""A",1.0000,jellyfish
891370,author_list,"{""Chandra Y. and Bains Sujeev S. and Egede LE Osborn""}",1.0000,jellyfish
697286,author_list,"{""Cameron Campbell Johnson""} → {""Cameron Campbell Johnson""} (no change needed) → {""Cameron Campbell Johnson""} → {""Cameron Campbell Johnson""}",0.8000,jellyfish
819701,author_list,"{""M. B. Dikshit"",""S. Raje"",""D. S. Jaju"",""V. R. Purandare""}",0.4000,jellyfish
855099,author_list,"{""Przemysław P Szyber"",""Artur Pupka"",""Piotr Szyber"",""Jerzy Garcarek""} } } }",1.0000,jellyfish
123492,author_list,"{""P. H. Jallo"",""E. C. Otoh"",""A. Mohammed"",""S. O. Ajike"",""N. W. Johnson",1.0000,jellyfish
226966,author_list,"{""Roger P Goldberg"",""Yoram Abramov"",""Barbara Golden"",""Peter K Sand"",""Megan Sullivan""} } } } } } } } } } }",0.6000,jellyfish
850788,author_list,"{""N. Klauber-DeMore"",""K. Fecho"",""N. R. Miller"",""W. S. Blau"",""S. A.",1.0000,jellyfish
811354,author_list,"{""G. E. Ayala"",""A. R. A. Anderson"",""D. Basanta"",""R. B. Lukner"",""O. E.",1.0000,jellyfish
323305,author_list,"{""Luiza Akiko Komura Hoga"",""Ana Luisa Zaniboni Gomes"",""Luciana Magnoni Reberte""}",0.6000,jellyfish
485934,author_list,"{""D. A. Lane"",""S. Apostolakis"",""G. Y. H. Lip"",""H. Buller""}",0.4000,jellyfish
743602,author_list,"{""Makbule Gezmen-Karadag"",""Anke Oenema"",""Saskia J te Velde"",""Hilal Yild",1.0000,jellyfish
960371,author_list,"{""Hilary L. Bekker"",""David J. Dodwell"",""Rosalind F. Collins""}",0.4000,jellyfish
944668,author_list,"{""E. Hsu"",""S. P. Cohen""} Same as the original value, no errors found. No corrections needed. The author list appears to be",0.6000,jellyfish
873987,author_list,"{""T. Yamamoto"",""T. Takano"",""M. Takano"",""W. Higuchi"",""Y. Nitahara"",""K. Sait",1.0000,jellyfish
968211,author_list,"{""Z. Maleki"",""O. Nikolskaia""} Same as the original value, no errors found. No corrections needed. The author list is correct",0.4000,jellyfish
299635,author_list,"{""Jo Finch""} → {""Jo Finch""} (no change needed) → {""Jo Finch""} → {""Jo Finch""} → {""Jo Finch""} → {""Jo",0.6000,jellyfish
846319,author_list,"{""Nielsen H.O."",""Edwin B."",""Hoeberbein M."",""Hovendal C."",""Liedman B."",""Mortensen M",0.6000,jellyfish
263027,author_list,"{""J. Hunt"",""R. A. Powell""}  # No corrections needed. The value of author_list is already correct.  # No corrections needed.",0.2000,jellyfish
788168,author_list,"{""D. L. Uehara"",""C. Nishita"",""T. Tom"",""G. Cardazone""} Same as the original value, no",0.6000,jellyfish
146560,author_list,"{""Lucy Bowes"",""Barbara Maughan"",""Avshalom Caspi"",""Louise Arseneault"",""Alan Taylor"",""Terrie E Moffitt",1.0000,jellyfish
498344,author_list,"{""Kai Kupferschmidt""} → {""Kai Kupferschmidt""} (no change needed) → {""Kai Kupferschmidt""} (",0.6000,jellyfish
385772,author_list,"{""Alexander Attard"",""Josephine Psaila"",""Adrian Zammit"",""Deborah Grech Marguerat""} Same as the original value, no corrections",0.4000,jellyfish
917417,author_list,"{""Hanan F Khafagy"",""Mona M Hassan"",""Emad S Osman"",""Faten M El-Shanawany"",""Abdel Rahman M F",1.0000,jellyfish
517503,author_list,"{""Bin He"",""Eric C Frey""}  # No correction needed.",0.4000,jellyfish
72325,author_list,"{""Yasuhiro Koga"",""Kazutake Okada"",""Toru Ozaki"",""Sotaro Sadahiro"",""Akira Tanaka"",""T",1.0000,jellyfish
516758,author_list,"{""Taek-Soo Lee"",""W Paul Segars"",""Xin He"",""Jing Tang"",""Benjamin M W Tsui""}  # Corrected value",0.8000,jellyfish
85920,author_list,"{""Marie-Pierre Chenard"",""Nassim Dali-Youcef"",""Emilie Buache"",""Marie-Christine Rio"",""Jin",1.0000,jellyfish
145874,author_list,"{""Michael Luther"",""Kari Korpilahti"",""Matti R Tarkka"",""Heini Huhtala"",""Jari Laurikka"",""Jan-O",1.0000,jellyfish
888553,author_list,"{""A. Ravelli"",""S. Magni-Manzoni"",""A. Pistorio"",""M. Bandeira"",""A. Martini"",""E",1.0000,jellyfish
889580,author_list,"{""F. Keefe"",""B. Peterson"",""D. Weiner""} No corrections needed. The value of author_list is already correct. It remains the same.",0.4000,jellyfish
732272,author_list,"{""Linsenmaier U"",""Geyer LL"",""Koerner M"",""Meisel CD"",""Wirth S"",""Reiser MF""}  # Correct",0.6000,jellyfish
351877,author_list,"{""A Street"",""C Walsh""} → {""A Street"",""C Walsh""} (no change needed) → {""A Street"",""C Walsh""} → {""A Street",0.6000,jellyfish
276000,author_list,"{""T. Sone""}",0.6000,jellyfish
378289,author_list,"{""L Lenhardt"",""S Mozes"",""A Martinkov\u010d""}",0.6000,jellyfish
684476,author_list,"{""Janet Webber"",""Fiona Liddell""} Same value as in the record, no errors found. No correction needed.",0.2000,jellyfish
467344,author_list,"{['Lastname, Firstname', 'Lastname, Firstname', ...]}  # Replace with the corrected value",0.2000,jellyfish
39687,author_list,"{""O. Callender"",""J. Craven"",""C. Martin""}  # No changes needed. The value of author_list is already correct.  #",0.2000,jellyfish
697880,author_list,"{""Rudd R."",""Guez G."",""Sanders L.M."",""Baur C."",""Shaw J.S.""}  # No changes needed. The value of",0.4000,jellyfish
179093,author_list,"{""B. Vijayalakshmi"",""D. Siva Rama Prasad"",""D. Raveendranath"",""K. Sri Rama",1.0000,jellyfish
539034,author_list,"{""Salim Yusuf"",""Martin O'Donnell"",""Craig Anderson"",""Irene Marzoni"",""Peter Sleight"",""Jeff Probstfield"",""Antonio",1.0000,jellyfish
208435,author_list,"{""Travis G Maak"",""Thomas L Wickiewicz"",""Volker Musahl"",""James E Voos"",""Andrew D Pearle""}",0.8000,jellyfish
556624,author_list,"{""D. J. Weisdorf"",""D. Douek"",""Y. Tan"",""L. J. Burns"",""J. S. Miller"",""B.",1.0000,jellyfish
36253,author_list,"{""Y Hirose"",""S Kurata"",""Abe""}",0.6000,jellyfish
422857,author_list,"{""David L Simel"",""Kathryn A Myers"",""Marko Mrkobrada""} Same as the original value, no errors found. No corrections needed",0.4000,jellyfish
720372,author_list,"{""H. Q. Xu"",""M. Snyder"",""S. Fyfitch"",""A. Cheta"",""G. Bezdikian"",""V.",1.0000,jellyfish
863342,author_list,"{""B. Weber"",""A. Berger""} → {""B. Weber"",""A. Berger""} (no change needed) → {""Weber, B."",""Ber",0.4000,jellyfish
260745,author_list,"{""F. Coletta"",""S. D'Arienzo"",""P. Sansone"",""C. Aurilio"",""M. C. Pace"",""G.",1.0000,jellyfish
941515,author_list,"{""Richard J. A. Murrin""} → {""Richard J. A. Murrin""} (no change needed) → {""Richard J. A",0.6000,jellyfish
641972,author_list,"{""Søren Brostrøm"",""Gunnar Lose""}",0.4000,jellyfish
699523,author_list,"{""David Dyzenhaus""} Same as the original value, no correction needed. The author list is already correct. The name ""David Dyzenhaus"" is",0.2000,jellyfish
946112,author_list,"{""Jennifer Davis-Berman""} → {""Jennifer Davis Berman""} (corrected spelling of the last name) → {""Jennifer Davis Berman""} (no further",0.4000,jellyfish
958639,author_list,"{""Bashir Jiwani""} → {""Bashir Jiwani""} (no change needed) → {""Bashir Jiwani""} →",0.6000,jellyfish
850418,author_list,"{""Matsumoto K."",""Yamada F."",""Fukuda S.""}",0.2000,jellyfish
125302,author_list,"{""E A M Janssen"",""C Brodin"",""P Ogreid"",""K Kjellevold"",""L G Gransson"",""L Vatten",1.0000,jellyfish
168889,author_list,"{""M. B. Philip"",""R. A. Hayward""} Same as the original value, no errors found. No corrections needed. The author list appears to",0.4000,jellyfish
63977,author_list,"{""H Zakrzewska-Jastrzebska""} → {""Zakrzewska-Jastrzebska H""} → {""Zakrzews",0.2000,jellyfish
782211,author_list,"{""R. Jensen"",""F. G. Matos"",""A. da Cruz Dde"",""P. S. Silveira"",""M. H. L",0.4000,jellyfish
473599,author_list,"{""Yh Hsu"",""Ms Yao"",""Cs Wong"",""Ch Bai"",""My Wu"",""Yf Lin"",""Cy Hsiang"",""Kw Tam"",""Y",1.0000,jellyfish
915463,author_list,"{""Adams M"", ""Chandler L"", ""Shuhmann K""}",0.4000,jellyfish
476199,author_list,"{""Ju-Seong Kim"",""Dong-Seok Kim"",""Eun-Kyung Park"",""Kyu-Won Shim""} Same as the original value, no",0.4000,jellyfish
405141,author_list,"{""Rob M van Dam"",""Frank B Hu"",""Isao Muraki"",""Joann E Manson"",""Fumiaki Imamura"",""Qi Sun"",""Walter C",1.0000,jellyfish
213794,author_list,"{""K.L. Armstrong"",""G.A.M. Finerman"",""K.L. Markolf"",""M.S. Shapiro"",""J.R. Slauterbeck""}",1.0000,jellyfish
408902,author_list,"{""McNeal M M"",""Sanchez S E"",""Jacob S"",""Javid P J"",""Englund J A"",""Horslen S P""}",1.0000,jellyfish
89897,author_list,"{""Eric J Lentsch"",""Jordan Whitney Rawl"",""Michael J Caplan""} Same as the original value, no errors found. No correction needed. The",0.4000,jellyfish
187552,author_list,"{""Y. Wu"",""Z. Y. Xia"",""H. M. Liu"",""S. Q. Lei"",""L. Zhang"",""J. J. Xu",1.0000,jellyfish
144339,author_list,"{""Kamel Alhanout"",""Jean-Christophe Dubus"",""Talita Mota Goncalves"",""Veronique Andrieu"",""Alain",1.0000,jellyfish
656518,author_list,"{""Julio S G Montaner"",""Kora Debeck"",""Evan Wood"",""Thomas Kerr"",""Edward J Mills"",""Dan Werb""}  # Correct",0.8000,jellyfish
925315,author_list,"{""Wen Gao""} (Note: The correction is made by changing the first character of the name from 'W' to 'E') (Note:",0.2000,jellyfish
130308,author_list,"{""J R Trott"",""D J Morrow"",""D W Buntine""} Same as the original value, no errors found. No changes needed. The author",0.2000,jellyfish
237077,author_list,"{""Irena Anna Frei"",""Katharina Fierz"",""Angela Poat"",""Martina Gisin""}  # No correction needed. The value",0.8000,jellyfish
600827,author_list,"{""Avenell A"",""Handoll H""}",0.6000,jellyfish
851773,author_list,"{""James Murphy"",""Amal Isaiah"",""Joshua E Lubek"",""Jeffrey S Wolf""} Same value, no correction needed. No changes made. 0",0.2000,jellyfish
67292,author_list,"{""Mitsuyoshi Motizuki"",""Keiji Miyazawa"",""Tetsuo Kondo"",""Keisuke Masuyama"",""Masao Sait",1.0000,jellyfish
129698,author_list,"{""Zhi-yuan Zhang"",""Wei-liu Qiu"",""Jia-wei Zheng""}  # No corrections needed. The value is already correct.",0.4000,jellyfish
254327,author_list,"{""Jos H Verbeek"",""Rob Kok"",""Jan L Hoving"",""Frederieke G Schaafsma"",""Frank J H van Dijk"",""Paul",1.0000,jellyfish
556803,author_list,"{""M. Rigoldi"",""S. Gasperini"",""B. M. Del Menico"",""F. Nichelli"",""A. Boncimino",1.0000,jellyfish
73792,author_list,"{""Marlon Barg"",""Emilio L Streck"",""Lara M Gomes"",""Vanessa M Andrade"",""Daniela D Leffa"",""Felipe Dal",1.0000,jellyfish
484593,author_list,"{""Raffaele De Caterina"",""Giulia Renda"",""Steen Dalby Kristensen""} Same as the original value, no errors found. No",0.4000,jellyfish
351700,author_list,"{""Michelle Firestone""} → {""Michelle Firestone""} (no change needed) → {""Michelle Firestone""} → {""Michelle Firestone""} → {""Michelle Fire",0.6000,jellyfish
105981,author_list,"{""George Davey Smith"",""Amanda J Bennett"",""Eleftheria Zeggini"",""Marjo-Riitta Jarvelin"",""Nicholas J Ware",1.0000,jellyfish
408198,author_list,"{""H Heger"",""W Sieghart"",""T Klausberger"",""I Milenkovic"",""M Vasiljevic"",""D Maurer""}",0.8000,jellyfish
30272,author_list,"{""T Philips"",""J D Rothstein""} Same as the original value, no corrections needed. The author list appears to be correctly formatted with the names of the",0.2000,jellyfish
623367,author_list,"{""J P Ioannidis"",""J Lau"",""C Milch"",""D Salem"",""P W Chew"",""N Terrin"",""E M Balk""}  # No",0.4000,jellyfish
13408,author_list,"{['Unknown Author', 'Rayyan System']}  # Corrected value",0.2000,jellyfish
449003,author_list,{[]},0.8000,jellyfish
299297,author_list,"{""Terry-Lynne Marko"",""Tyler Watt""} → {""Terry-Lynne Marko"",""Tyler Watt""} (no change needed) → {""",0.2000,jellyfish
302268,author_list,"{""Robert J. Flynn""} → {""Robert J. Flynn""} (no change needed) → {""Robert J. Flynn""} → {""Robert J. Flynn""}",0.2000,jellyfish
592663,author_list,"{""A. M. Walker"",""J. Herry"",""K. Davies"",""N. C. Elviss"",""R. J. Owen""}",0.4000,jellyfish
520843,author_list,"{""Duncan M Brooks"",""Pramit M Phal"",""Rory Wolfe""} Same as the original value, no errors found. No corrections needed. The",0.6000,jellyfish
460786,author_list,"{[""Xu, J"", ""Wang, J"", ""Li, J"", ""Zhang, J""]}  # Corrected value",0.2000,jellyfish
866131,author_list,"{""V. Lorusso"",""M. De Lena"",""M. Guida"",""M. Correale"",""I. Abbate"",""A. Lator",1.0000,jellyfish
751811,author_list,"{""S. A. French"",""M. Story"",""P. J. Hannan""}  # No correction needed. The value is already correct.  #",0.2000,jellyfish
436781,author_list,[author_list: []]  # Corrected value,0.4000,jellyfish
796900,author_list,"{""J. P. Heath"",""R. L. Williams"",""M. H. Pritchard""} Same as the original record, no errors found. No",0.6000,jellyfish
491837,author_list,"{""R. T. Malison"",""E. F. Pace-Schott"",""V. Coric"",""P. T. Morgan"",""R. Stickgold",1.0000,jellyfish
893227,author_list,"{""E. Anegekuh, E., L. Sun, E. C. Ifeachor""}]  # Corrected value",0.4000,jellyfish
525874,author_list,"{""D Caron"",""S J Witchell"",""M A Jewett"",""E L St Louis"",""R R Gray"",""C Bombardier"",""S Kumra",1.0000,jellyfish
26475,author_list,"{""Paul Jones""} → {""Paul Jones""} (no change needed) → {""Paul Jones""} → {""Paul Jones""} → {""Paul Jones""} → {""Paul",0.8000,jellyfish
476191,author_list,"{""Yibin Fang"",""Pengfei Yang"",""Jianmin Liu"",""Yi Xu"",""Qinghai Huang"",""Wenyuan Zhao"",""D",1.0000,jellyfish
719389,author_list,"{""K. Seo"",""L. G. Epstein""}",0.6000,jellyfish
467318,author_list,"{[""Name"", ""Initials"", ""Last Name""]}",0.2000,jellyfish
268361,author_list,"{""K. Jonsson"",""A. Rydholm"",""I. Kristiansson"",""D. Heinegard"",""F. V. von Steyern",1.0000,jellyfish
664795,author_list,"{""Hangcheng Zhou"",""Renbao Yang"",""Jiong Chen"",""Yunlian Xia"",""Yin Lu""} Same as the original value, no errors found",0.6000,jellyfish
102180,author_list,"{""R Carraro"",""M F Rasmussen"",""L Niskanen"",""A Harper"",""N Finer"",""S Rössner"",""M K",0.8000,jellyfish
258486,author_list,"{""Kathy W Hosig"",""Sharon M Nickols-Richardson"",""Kavita H Poddar"",""Susan E Duncan"",""Eileen S",1.0000,jellyfish
961081,author_list,"{['Author1', 'Author2', 'Author3']}",0.2000,jellyfish
52681,author_list,"{""M. Runkel"",""J. Blum"",""P. M. Rommens""} No corrections needed. The value of author_list is already correct.",0.2000,jellyfish
828156,author_list,"{""V Hesselbrock"",""A W Deckel""}",0.2000,jellyfish
812757,author_list,"{""Y. A. Son"",""G. Ustunkar"",""M. A. Doke"",""H. A. Dom"",""Y. Y. T",1.0000,jellyfish
713518,author_list,"{""Gerlane Angela da Costa Moreira"",""Denyse Dutra Alencar Vasconcelos"",""Amanda Costa de Freitas"",""Carla Cristina",1.0000,jellyfish
180977,author_list,"{""L. N. Borrell"",""K. Rose"",""B. L. Clark"",""D. Catellier"",""A. V. D. Roux",1.0000,jellyfish
828214,author_list,"{""Philipp Martius"",""Anna Buchheim"",""Peter Buchheim"",""Susanne Herz"",""Michael Rentrop"",""Cord Benecke"",""Peter Schuster"",""Mel",0.8000,jellyfish
176160,author_list,Stephen M. Golant,0.8000,jellyfish
677752,author_list,"{""L Timmermans"",""J C Slieker"",""J F Lange"",""E B Deerenberg"",""J Jeekel"",""D P Hogerze",1.0000,jellyfish
107417,author_list,"{""David R Jacobs"",""David S Ludwig"",""Cara B Ebbeling"",""Alex I Kartashov"",""Martha L Slattery"",""Linda Van Horn",1.0000,jellyfish
141282,author_list,"{""E Decuypere"",""E Dewil"",""D Vanmontfort"",""H Michels""}  # No changes needed. The value of author_list is",0.4000,jellyfish
708911,author_list,"{""J. Skees"",""T. K. Race""}",0.4000,jellyfish
621640,author_list,"{""J McCusker"",""F Primeau"",""M Cole"",""L Han"",""F Bellavance""} Same as the original value, no errors found. No",0.2000,jellyfish
647583,author_list,"{""Ana Maria Baptista Menezes"",""David Alejandro González"",""Elaine Cardozo Macedo"",""Pedro Curi Hallal"",""Maria de Fát",1.0000,jellyfish
361080,author_list,"{""Corinn Taylor""}",0.4000,jellyfish
283168,author_list,"{""T. Levy"",""Y. Bloch""}  # No corrections needed.",0.4000,jellyfish
52633,author_list,"{""W. De Groote"",""D. Stoffelen"",""K. Govaerts"",""P. Reynders"",""P. L. Broos"",""",1.0000,jellyfish
74821,author_list,"{""Xinran Wang"",""Chenhuan Ding"",""Lilan Chen"",""Shu Li"",""Ting Liu"",""Xia Yin"",""You Wang"",""Xiang",1.0000,jellyfish
373015,author_list,"{""B. Heljic"",""R. Komel"",""I. Eminovic"",""F. Gavrankapetanovic"",""J. Prezelj",0.8000,jellyfish
529562,author_list,"{""P Michel"",""V Papavasileiou"",""G Ntaios"",""A Bargiota"",""K Makaritsis""} Same as the original",0.6000,jellyfish
574242,author_list,"{""Al Sayed Hussain A"",""Saheb Sharif-Askari N"",""Sulaiman SA"",""Al-Mulla AA"",""Tabatabai",1.0000,jellyfish
966388,author_list,"{""H. Choi"",""E. S. Kang"",""S. K. Lim"",""S. Y. Jeong"",""H. C. Lee"",""H.",1.0000,jellyfish
919014,author_list,"{""M A Sanchez"",""S Ritzu"",""V Capelli"",""P Boccalon"",""G Arcangeli""}  # Corrected value",0.6000,jellyfish
494428,author_list,"{""Karen K Lam"",""Steven C Brooks"",""Laurie J Morrison""}  # Corrected value remains the same as the original. No errors found.",0.2000,jellyfish
55809,author_list,"{""Anna Nidecker"",""Siamak Ardekani"",""E Mark Mahone"",""Firouzeh Tannazi"",""Jarunee Intrapirom",0.8000,jellyfish
368651,author_list,"{""R. Rehmani""}",0.4000,jellyfish
423691,author_list,"{""T. A. Doreleijers"",""P. T. Cohen-Kettenis"",""A. L. de Vries"",""T. D.",1.0000,jellyfish
435904,author_list,"{[""Katzelnicken, M"", ""Katzelnicken, M"", ""Katzelnicken, M"", ""Katzelnicken, M",0.2000,jellyfish
407245,author_list,"{""Corinne L Coulter"",""Jennie M Scarvell"",""Jeanie M Weber""}  # No corrections needed. The value is already correct.  #",0.2000,jellyfish
918698,author_list,"{""Fengjiang Zhang"",""Gang Chen"",""Min Yan"",""Congcong Chen""}",0.4000,jellyfish
209138,author_list,"{""S Nadeau"",""F Malouin"",""B J McFadyen""}",0.6000,jellyfish
862844,author_list,"{""R. Danesi"",""S. Terrazzino"",""P. L. Canonico"",""A. A. Genazzani"",""S. Cargnin",1.0000,jellyfish
875733,author_list,"{""K. Iijima"",""A. Tanimoto"",""Y. Kitagaki"",""M. Hiura"",""H. Fujiwara"",""S.",1.0000,jellyfish
587683,author_list,"{""J. Lloyd""}",1.0000,jellyfish
927711,author_list,"{""C. Bottomley"",""K. Lock"",""S. Lais"",""A. Clow"",""G. Yu"",""R. Lynch"",""A. Renton",1.0000,jellyfish
313584,author_list,"{""Jennifer L. Edwards"",""Cherie A. Lyons"",""Marcia E. Swords"",""Mary S. Rogers"",""Kathy E. Green""} } } }",1.0000,jellyfish
161847,author_list,"{""A. Dunaif"",""A. R. Kunselman"",""R. S. Legro"",""C. L. Gnatuk""}]",0.6000,jellyfish
543292,author_list,"{""Maria Papapolydorou"",""Taslima Rahman"",""William D. Schafer"",""Lori Parker""} Same as the original value, no",0.6000,jellyfish
248064,author_list,"{""T. Katayama"",""K. Furuta"",""M. Akahane"",""H. Ono"",""R. Fujitani""}",0.8000,jellyfish
887041,author_list,"{""Kevin Patrick"",""Jill Rybar"",""Linda Hill"",""Sara Baird"",""Raul Coimbra"",""Susanna Concha-Garcia""}",1.0000,jellyfish
314737,author_list,"{""S. Opatrná"",""P. Štehlík"",""J. Ráček"",""Jr. Opatrný, K."",""V",0.4000,jellyfish
709094,author_list,"{""L. Pretlow"",""A. Ranne"",""B. Kraj"",""E. K. Leibach"",""B. Russell""}  # Corrected value",1.0000,jellyfish
327157,author_list,"{""Jutta Beier"",""Peter D'Andrea"",""Michelle Henley"",""Stephanie Korn"",""Kai-Michael Beeh"",""Donald Baner",1.0000,jellyfish
793206,author_list,"{""Fernanda Cesar"",""Anne A Wooldridge"",""Cinzia Mastrorilli"",""Pete W Christopherson"",""Kellye Joiner""}",1.0000,jellyfish
361682,author_list,"{""Seiler I"",""Baron M"",""Arzt M"",""Pfeifer M"",""Lange TJ""} Same as the original value, no errors found.",0.4000,jellyfish
732256,author_list,"{""Romero M"",""Mercer R"",""Ramos S"",""Kroelinski A""}  # Corrected value",0.6000,jellyfish
636937,author_list,"{""Victor Kande"",""Epco Hasker"",""Veerle Lejon"",""Jean-Jacques Muyembe"",""Patrick Mitashi"",""Mar",0.6000,jellyfish
743394,author_list,"{""Antoine Hone-Blanchet"",""Shirley Fecteau""}  # No changes needed. The value is already correct.  #",0.2000,jellyfish
592201,author_list,"{""E. M. Quigley"",""J. K. DiBaise""}  # Corrected value",0.4000,jellyfish
914007,author_list,"{""H. H. Huang"",""J. Hale"",""L. Fetters"",""A. McBride""} Same as the record, no errors found. No correction",0.2000,jellyfish
208824,author_list,"{""V.E. Zakharov"",""S. Dyachenko"",""A.C. Newell"",""A. Pushkarev""}",0.6000,jellyfish
759501,author_list,"{""M. A. Bleiker""}",0.8000,jellyfish
506162,author_list,"{""F Vin"",""F A Allaert"",""J P Benigni"",""S Sadoun""}  # Corrected value",0.2000,jellyfish
372697,author_list,"{""R. A. Mesa"",""N. C. P. Cross"",""J. O. Mascarenhas""}",0.4000,jellyfish
609245,author_list,"{""George Vithoulkas"",""Menachem Oberbaum"",""Shepherd Singer"",""Robbert van Haselen""}  # Corrected value. No changes needed",1.0000,jellyfish
584706,author_list,"{""G. S. McDonald"",""J. W. Bachman"",""P. C. O'Brien""}  # Corrected value",0.2000,jellyfish
822897,author_list,"{""K. F. Lam"",""S. M. Ng"",""B. H. P. Lau"",""H. H. M. Lo"",""C. L",1.0000,jellyfish
145770,author_list,"{""Gilles Montalescot"",""Gordon FitzGerald"",""Kurt G Barringhaus"",""GRACE Investigators"",""Frans Van de Werf"",""Jo",1.0000,jellyfish
24026,author_list,"{""Marcus R Munford"",""Mike W Peacey"",""In-Uck Park""} } } } } } } } } } } } } } } } }",0.8000,jellyfish
44484,author_list,"{""A Polychronaki"",""Ch Roussos"",""A Koutsoukou"",""I Dimitroulis"",""J Milic-Emili"",""N G",1.0000,jellyfish
379988,author_list,"{""Y.-J. Du"",""X.-M. Zhu"",""B. Sang"",""C.-J. Yang"",""C.-L. Liu""}  # Correct",0.8000,jellyfish
333862,author_list,"{""Muhammad Rafique"",""M. Ikram Shahzad"",""Shahida Jabeen""}",0.2000,jellyfish
779555,author_list,"{""S. T. Visser"",""M. J. Postma"",""P. Denig"",""F. M. De Vries"",""E. E.",1.0000,jellyfish
323860,author_list,"{""E. Bonthuys""} → {""E. Bonthuys""} (No correction needed) → {""E. Bonthuys""} →",0.4000,jellyfish
646572,author_list,"{""R Schwarz"",""J Ernst"",""M Zenger"",""E Brühler"",""R Schmidt""} Same as the original value, no errors found. No corrections needed",0.4000,jellyfish
128182,author_list,"{""M. Rossignol"",""F. A. Allaert"",""B. Bannwarth"",""S. Rozenberg"",""B. Avouac",0.6000,jellyfish
252998,author_list,"{""Yuki Matsuda"",""Taro Kishi"",""Nakao Iwata""} Same value as the record. No corrections needed. The author list appears",0.2000,jellyfish
231933,author_list,"{""E. T. Rolls""} Same as the original value, no correction needed. The author list is already correct. The corrected value remains {""E. T",0.4000,jellyfish
683304,author_list,"{""Joost P A Kuijer"",""Thom A Voorn"",""Ernesto J Sanz-Arigita"",""Ellemarije Altena",1.0000,jellyfish
854628,author_list,"{""N Saijo"",""M Yamakido"",""K D Tew"",""Y Fujiwara"",""K Kasahara"",""M Bungo"",""Y Sug",1.0000,jellyfish
117678,author_list,"{""L J Hahn"",""C J Chiu"",""M L Chang"",""L L Hsieh"",""Y S Kuo"",""H M Chen"",""C P",1.0000,jellyfish
795170,author_list,"{""Helen M Sorenson""} → {""Helen M. Sorenson""} → {""Helen M Sorenson""} → {""Helen M",0.6000,jellyfish
783722,author_list,"{""B. J. Caan"",""E. M. John"",""T. H. M. Keegan"",""A. H. Wu"",""L. Bernstein",1.0000,jellyfish
376103,author_list,"{""Y. Akematsu"",""M. Tsuji"",""K. Minetaki""}  # No correction needed. The value is already correct.  #",0.4000,jellyfish
505530,author_list,"{""E. L. Krivchenia"",""M. I. Evans"",""M. A. Ayoub"",""V. L. Miller"",""S. B",1.0000,jellyfish
868618,author_list,"{""J. Gschwend"",""S. Schirrmacher-Memmel"",""A. Beeker"",""M. O. Grimm"",""B. Brehmer",1.0000,jellyfish
503451,author_list,"{""M Gimpel"",""S Gadola"",""P Cooper"",""K Jameson"",""G Deakin"",""M Godtschailk"",""M Stokes"",""C",1.0000,jellyfish
113363,author_list,"{""A. L. Steege"",""T. Alterman"",""M. R. Petersen"",""J. Li""}",0.4000,jellyfish
944558,author_list,"{""H. Oshima"",""K. Kobayashi"",""T. Yamamoto"",""M. Kasai"",""C. Fukaya"",""Y. Katayama",1.0000,jellyfish
875250,author_list,"{""M. G. Bruce"",""J. Morris"",""B. McMahon"",""A. Tveit"",""D. Hurlburt"",""D. Bruden",1.0000,jellyfish
786108,author_list,"{""C. Dearden"",""J. Dodd"",""E. Matutes"",""D. Catovsky"",""J. Blundell"",""A. Rawstrom"",""D",1.0000,jellyfish
233544,author_list,"{""Sabe Sabesan"",""Peter Aiken"",""Lynden J Roberts"",""Sarah Larkins"",""Abhishek Joshi""}  # Corrected value",0.4000,jellyfish
163093,author_list,"{""Robert L. Kriel"",""Jennifer R. Riss"",""Vijay D. Ivaturi"",""James C. Cloyd"",""Ronald A.",1.0000,jellyfish
31763,author_list,"{""Irene G Salado"",""Ana Martinez"",""Daniel I Perez"",""Brian C Kraemer"",""Murilo L Bello"",""Concepci&oacute;n Perez"",""",0.6000,jellyfish
949775,author_list,"{""Alicia Heapy"",""Sally G. Haskell"",""M. Carrington Reid"",""Robert D. Kerns"",""Rebecca K. Papas""}",1.0000,jellyfish
847600,author_list,"{""Ashley McDonald"",""Shannon N Zenk"",""Colleen Corte"",""Kelly K Jones""}  # No changes needed. The value of author_list is",0.2000,jellyfish
638338,author_list,"{""Sergio Raposeiras-Roubín"",""José María García-Acuña"",""José Ramón González-Juanatey""}",0.6000,jellyfish
14077,author_list,"{""C Liger"",""K Neuber"",""J Ring"",""I Kholer""}",0.6000,jellyfish
453607,author_list,"{[""Xu"", ""Xiaoyan"", ""Wang"", ""Xiaoxia"", ""Zhang"", ""Xiaoli"", ""Li",0.2000,jellyfish
690793,author_list,"{""Cameron F Abrams"",""Spencer T Stober""}",0.6000,jellyfish
799604,author_list,"{""E A BeGole"",""H S Upshaw"",""R J Egolf""} Same as the original value, no errors found. No correction needed. The",0.2000,jellyfish
718091,author_list,"{""Richard Andrews"",""Erica B Lundsten"",""Maureen Bundick Morgan""}",0.8000,jellyfish
935189,author_list,"{""E E Larson"",""B B A Laughon"",""K K Mayur""}  # Corrected value",0.4000,jellyfish
711472,author_list,"{""Bouchard DR"",""Soucy L"",""Senechal M"",""Brochu M"",""Dionne IJ""}  # No corrections needed. The",0.2000,jellyfish
660574,author_list,"{""Silvia Sookoian"",""Carlos J Pirola""}  # Corrected value. No changes needed.",0.2000,jellyfish
873322,author_list,"{""C. Handgraaf"",""W. J. Melchers"",""T. Klaassen"",""P. D. Sturm"",""E. T. Bo",1.0000,jellyfish
774830,author_list,"{""Diederik van de Beek"",""Anthony G Rudd"",""Lalit Kalra"",""Joan Montaner"",""Javier Garau"",""Pipp",1.0000,jellyfish
768192,author_list,"{""P. D. Fabricant"",""M. P. Bostrom"",""C. J. Dy"",""D. M. Dare""}",0.8000,jellyfish
950926,author_list,"{""Beverley J Antle""}",0.8000,jellyfish
204215,author_list,"{""Nuria Lloberas"",""Marcel la Franquesa"",""Josep M Cruzado"",""Josep M Grinyo"",""Ines Rama",1.0000,jellyfish
129552,author_list,"{""Paolo Boffetta"",""Giovanni Corrao"",""Irene Tramacere"",""Vincenzo Bagnardi"",""Eva Negri",1.0000,jellyfish
526825,author_list,"{""Eugenio A Parati"",""Bruce M Psaty"",""Christopher Levi"",""Guido Falcone"",""Ioana Cotlarciuc"",""Bradford B W",1.0000,jellyfish
56464,author_list,"{""Peter Schoenknecht"",""Matthias L Schroeter"",""Johann Steiner"",""Karsten Mueller"",""Julia Sacher""}",0.6000,jellyfish
20641,author_list,"{""Alfredo D'Aniello"",""Addolorata Mascia"",""Vincenzo Esposito"",""Pier Paolo Quarato"",""Marco De",1.0000,jellyfish
706764,author_list,"{""N. Cord-Uddy""} Same as the original value, no correction needed. No changes made. No errors found. The author list remains unchanged. The",0.2000,jellyfish
388872,author_list,"{""Wolfgang Konertz"",""Otto Krogmann"",""Pascal M Dohmen"",""Birgit Franzbach"",""Emanuela Angeli"",""Car",1.0000,jellyfish
681305,author_list,"{""Yong-Long Chi"",""Xiao-Lei Zhang"",""Nai-Feng Tian"",""Yao-Sen Wu"",""Xin-Lei Wu"",""X",1.0000,jellyfish
541739,author_list,"{""Hansel J Otero"",""Peter J Neumann"",""Chi H Fang"",""Robert J Ward"",""Meera Sekar""}  # Corrected value.",0.8000,jellyfish
558824,author_list,"{""M. S. Ihara"",""J. R. Tripet-Diel"",""K. Shahlaie"",""C. S. Li"",""J. Brown",1.0000,jellyfish
954980,author_list,"{""Q. X. Zhang"",""J. H. Tian"",""X. Y. Tan"",""A. L. Yang"",""X. M. Yang"",""Z",1.0000,jellyfish
896410,author_list,"{""KATERINA BODOVSKI"",""RACHAEL WALSH"",""INBAL NAHUM-SHANI""}",0.6000,jellyfish
751168,author_list,"{""C. D. Packer""} → {""C. D. Packer""} (no change needed) → {""C. D. Packer""} →",0.8000,jellyfish
303571,author_list,"{""Melinda Dooly""} → {""Melinda Dooly""} (no change needed) → {""Melinda Dooly""} → {""Melinda",0.6000,jellyfish
193059,author_list,"{""G. Mikus"",""N. Hohmann"",""D. Czock""}",0.6000,jellyfish
416171,author_list,"{""M. Suter"",""V. Giusti""} Same as the original value, no errors found. No correction needed. The author list appears to be",0.4000,jellyfish
810153,author_list,"{""Katoulis AC"",""Georgala K"",""Georgala S"",""Befon A"",""Stavropoulos PG""}",0.6000,jellyfish
164085,author_list,"{""Ahmet Asan""} → {""Ahmet Asan""} (no change needed) → {""Ahmet Asan""} → {""Ahmet Asan""}",0.6000,jellyfish
619668,author_list,"{""A Gaitatzis"",""M R Trimble"",""J W Sander""} Same as the original value, no errors found. No changes needed. The",0.2000,jellyfish
490750,author_list,"{""K. F. Joyner""} → {""K. F. Joyner""} (no change needed) → {""K. F. Joyner""} →",0.4000,jellyfish
136068,author_list,"{""T. H. Michel"",""W. C. Frønning"",""H. Wittink"",""R. Kulich"",""A. Sukiennik",0.4000,jellyfish
198675,author_list,"{[""Helen F. Ghalambor"", ""Lori A. Salazar"", ""Susan M. Barbour"", ""Diana M. M",0.2000,jellyfish
316114,author_list,"{""Debashish Chakravarthy"",""Elizabeth A. Hinton"",""Tracey C. Vlahovic"",""Cynthia Ann Fleck""} ### Explanation",0.6000,jellyfish
626797,author_list,"{""Aaron P Blaisdell"",""Jared Wong"",""Kenneth J Leising"",""Michael R Waldmann""} Same as the original value, no errors found",0.4000,jellyfish
577842,author_list,"{""Vanashri Nargund-Joshi"",""Jean S. Lee""}",0.4000,jellyfish
811629,author_list,"{""H. Y. Tong"",""J. Frias"",""R. Lubomirov"",""P. Lapunzina"",""A. M. Borobia",1.0000,jellyfish
280418,author_list,"{""Cara B. Ebbeling"",""Dhirendra N. Sinha"",""Glorian C. Sorensen"",""Harry A. L",1.0000,jellyfish
757660,author_list,"{""A D Nageswari"",""S Vani"",""P Muthuveeralakshmi"",""S Shanmugalakshmi"",""V Dhe",1.0000,jellyfish
54163,author_list,"{""P Mroczkowski"",""R Kube"",""A Dziki"",""B Moran"",""H Lippert"",""I Gastinger""}  # Corrected",0.8000,jellyfish
65723,author_list,"{""Norbert Gutknecht"",""Manuel F Carvalho"",""Irene Pina-Vaz"",""Miguel R Martins"",""Jose A Capelas",1.0000,jellyfish
293974,author_list,"{""S Hajjem"",""M Hsairi"",""N Ben Mansour"",""H Skhiri"",""H Aounallah-Skhiri""} No corrections needed",0.6000,jellyfish
247571,author_list,"{""D. D Ring"",""R. G. Albers"",""T. G. Guitton""}",0.4000,jellyfish
292980,author_list,"{""Su-Gwan Kim"",""Ji-Yeon Ahn"",""Young-Kyun Kim"",""Jong-Wan Kim"",""Pil-Young Yun""}",0.6000,jellyfish
38197,author_list,"{""I. Hashimoto"",""S. Hirasawa"",""Y. Sawada"",""Y. Kasai"",""J. Mikami"",""H. Abe"",""M",1.0000,jellyfish
160820,author_list,"{""M Caliskan"",""M Karabackioglu"",""A Citak"",""N Uzel"",""K Aydin"",""A Nayir"",""D D",1.0000,jellyfish
876536,author_list,"{""Williamson I""}",0.4000,jellyfish
776197,author_list,"{""K. Prehoda"",""A. Novak"",""J. Mauser""}  # No corrections needed. The value of author_list is already correct.",0.4000,jellyfish
45797,author_list,"{""Jennings, Collective Name"",""Kingwell, Collective Name""}",0.4000,jellyfish
605277,author_list,"{""Andreas Beelmann"",""Friedrich Lösel""}",1.0000,jellyfish
749261,author_list,"{""N. E. Adler"",""J. Lin"",""E. S. Epel"",""D. H. Rehkopf"",""B. A. Lara",1.0000,jellyfish
752305,author_list,"{""L. Kadehjian"",""E. J. Cone"",""B. A. Goldberger""}  # Corrected value",0.6000,jellyfish
179196,author_list,"{""S. Roberts""} -> {""S. Roberts""} (no change needed)",0.2000,jellyfish
150198,author_list,"{""S. K. Chaturvedi"",""D. Bhugra""}]  # Corrected value",0.8000,jellyfish
894415,author_list,"{""Business Editors"", ""Technology Editors""}",0.6000,jellyfish
187769,author_list,"{""J. Le"",""B. Riegel"",""B. J. Bobrow"",""A. L. Blewer"",""B. S. Abella"",""M",1.0000,jellyfish
556090,author_list,"{""Pizzichini E"",""Hart L"",""Paggiaro P"",""Hamilton A"",""Peters M"",""Korducki L"",""De Salvo",1.0000,jellyfish
770589,author_list,"{""U. S. Sangkomkamhang"",""P. Lumbiganon"",""W. Prasertcharoensuk"",""M. Laopa",1.0000,jellyfish
450743,author_list,"{[""Lastname, Firstname"", ""Lastname, Firstname"", ...]}  # multiple authors separated by commas",0.2000,jellyfish
157566,author_list,"{""Paolo Dell'Oglio"",""Alessandro Larcher"",""Nicola Fossati"",""Nicola Maria Buffi"",""Alberto Abrate"",""",0.6000,jellyfish
589465,author_list,"{""E. Shvartz""} → {""E. Shvartz""} (no change needed) → {""E Shvartz""} → {""E. Sh",0.4000,jellyfish
560120,author_list,"{""Gianfranco Pagano"",""Giovanni Musso"",""Maurizio Cassader"",""Roberto Gambino""}",0.6000,jellyfish
107924,author_list,"{""K Ishikawa-Takata"",""T Ohta"",""K Moritaki"",""T Gotou"",""S Inoue""}  # Corrected value",0.8000,jellyfish
797967,author_list,"{""D Cioffi"",""J Holloway""} Same value as in the record, no errors found. No correction needed. 2023-03-22",0.2000,jellyfish
265969,author_list,"{""J. M. Claise"",""S. Neel"",""P. Catilina"",""L. Fontana"",""S. Ughetto""}",0.8000,jellyfish
820508,author_list,"{""E.-B. Malmgren-Olsson"",""K. Armelius"",""B. Armelius""}  # Corrected value",1.0000,jellyfish
446026,author_list,"{[""Wang, X."", ""Liu, X."", ""Li, X."", ""Zhang, X."", ""Xu, X.""]}",0.2000,jellyfish
84941,author_list,"{""Anna Brown"",""Jane Green"",""Valerie Beral"",""Gillian Reeves"",""Pat Doyle""} No corrections needed. The value of author_list is already correct.",0.2000,jellyfish
558766,author_list,"{""A. Pavin"",""A. Staffieri"",""G. Marioni"",""G. Brescia"",""R. Rinaldi""}",1.0000,jellyfish
428909,author_list,"{""Jaimee L. Heffner"",""Jonathan Bricker"",""Bryan Comstock"",""Christopher Wyszynski""}",0.8000,jellyfish
110453,author_list,"{""Kazeem B Yusuff"",""Unyime I Eshiet""} Same as the original value, no errors found. No changes needed. The author",0.4000,jellyfish
837546,author_list,"{""E. Kim""} → {""E. Kim""} (no change needed) → {""E. Kim""} → {""E. Kim""} → {""E.",0.6000,jellyfish
82695,author_list,"{""Hisako Hara"",""Yukio Seki"",""Noriyuki Murai"",""Isao Koshima"",""Takuya Iida"",""Mak",1.0000,jellyfish
820059,author_list,"{""K.-W. Park"",""J. Song"",""H.-J. Kim"",""S.-R. Moon"",""M.S. Lee""}",0.8000,jellyfish
771288,author_list,"{""F. X. Deng"",""J. V. Wen"",""Q. Y. Cai"",""Y. P. Li""}  # Corrected value",0.6000,jellyfish
54202,author_list,"{""O E Havik"",""P Carlbrng"",""L G St"",""T Nordgreen"",""G Andersson"",""T Furmark""}  # Corrected value",0.4000,jellyfish
888477,author_list,"{""M. H. de Oliveira Junior"",""E. S. Sarinho"",""G. V. de Araujo"",""D. M. Peixoto",0.8000,jellyfish
741279,author_list,"{""S. V. Driamov"",""S. Butz"",""P. T. Buser"",""C. E. Zaugg"",""M. Bell",1.0000,jellyfish
64430,author_list,"{""Siwy Ling Yang"",""Kuang-Ren Chung""} → {""Siwy Ling Yang"",""Kuang-Ren Chung""} (no change needed) → {""",1.0000,jellyfish
461657,author_list,"{['Author1', 'Author2', 'Author3']}  # Corrected value",0.4000,jellyfish
240949,author_list,"{""William H. Taft High School"", ""Project HOLA"", ""Brooklyn. Office of Educational Assessment"", ""New York City Board of Education""}",0.4000,jellyfish
453909,author_list,"{[""Lung Cancer Management Guidelines 2012 Authors""]}",0.2000,jellyfish
222452,author_list,"{""R. Voss""} (no correction needed)",0.4000,jellyfish
163839,author_list,"{ ""author_list"": [""W. R. S. Tomlinson"", ""D. M. L. S. Davanport"", ""J.",0.2000,jellyfish
696132,author_list,"{""dirk.hoek@ou.nl Hoek, Dirk"",""koeno gravemeijer""}",0.4000,jellyfish
257990,author_list,"{""Hotzel K"",""Rieger R"",""von Brachel"",""Kosfelder J"",""Hechler T"",""Vocks S"",""Rieger",0.8000,jellyfish
332032,author_list,"{""Nuria Malats"",""Alfredo Carrato"",""Manolis Kogevinas"",""Nathaniel Rothman"",""Consol Serra"",""Reina",1.0000,jellyfish
617801,author_list,"{""Michael E Thase"",""Younghua Wang"",""April E Harriett"",""Melinda Mitton"",""Carol B Rockett"",""Barbara R H",1.0000,jellyfish
480030,author_list,"{""C. Jahanchahi"",""C. C. Took"",""B. C. Ujang"",""D. P. Mandic""}  # No corrections needed",0.8000,jellyfish
660499,author_list,"{""Marlos Rodrigues Domingues"",""Ana Claudia Gastal Fassa"",""Maria Laura Vidal Carret""} Same as the original value, no errors found.",0.2000,jellyfish
355078,author_list,"{""M. Klein""}",0.4000,jellyfish
696985,author_list,"{""George E. Woody"",""Anne Geller"",""Edgar H. Adams"",""Theodore J. Cicero"",""Alvaro Munoz"",""Edward C.",1.0000,jellyfish
826471,author_list,"{""Sergio Garrido"",""Angeles Pulgar"",""Stefan Duschek"",""María Martín-Vázquez"",""Gustavo A",1.0000,jellyfish
807737,author_list,"{""Ugurel S."",""Schadendorf D."",""Garbe C."",""Trefzer U."",""Egberts F."",""Hassel J."",""",1.0000,jellyfish
875781,author_list,"{""P. Domicel"",""A. Tammelin"",""E. Stahle"",""A. Hambraeus""}  # Corrected value.",0.6000,jellyfish
322953,author_list,"{""Komla Tsey"",""Melissa R Haswell"",""Lyndon Reilly"",""David Kavanagh"",""Chris Doran"",""Arlene Laliberte",1.0000,jellyfish
123731,author_list,"{""K. Rädig"",""A. Rössner"",""P. Bühtz""}  # Corrected value",0.4000,jellyfish
180588,author_list,"{""Geoffrey C. Williams"",""Bai Brownson Difranza Gehrman Glantz Law Mokdad Ory Panagiotakos",1.0000,jellyfish
440684,author_list,[author_list: []]  # Corrected value,0.4000,jellyfish
758629,author_list,"{""M Chouchkove"",""A Engibarova""}",0.4000,jellyfish
964184,author_list,"{""N. Harcourt"",""S. C. Masri"",""M. Colvin"",""G. Raveendran""} Same as the original value, no",0.8000,jellyfish
265490,author_list,"{""S. M. Smith"",""A. D. Marinov"",""R. Hirsch"",""D. S. Bushnell"",""B. T. Campfield",1.0000,jellyfish
463556,author_list,"author_list: [""Xu, J."", ""Xu, X."", ""Xu, Y."", ""Xu, Z."", ""Xu, J",0.2000,jellyfish
749844,author_list,"{""T. Sentell"",""T. Usagawa"",""M. Hagiwara"",""T. Peacock"",""H. Hee Heo"",""M",1.0000,jellyfish
300057,author_list,"{""M Wabitsch"",""A Moss"",""D Kunze""}",0.2000,jellyfish
166521,author_list,"{""R. Boyle""}]  # Corrected value",0.4000,jellyfish
292018,author_list,"{""Shauna S Roberts""} → {""Shauna S Roberts""} (no change needed) → {""Shauna S Roberts""} → {""Shauna S Roberts""}",0.6000,jellyfish
181456,author_list,"{""Linda M. Burton"",""Sherri Lawson Clark""}]  # Corrected value",0.4000,jellyfish
668772,author_list,"{""Yan-Yan Li"",""Yun Qian"",""Chuan-Wei Zhou""}  # No correction needed. The value is already correct.  #",0.4000,jellyfish
276001,author_list,"{""T. Sone""}",0.4000,jellyfish
788507,author_list,"{""S. B. Levy"",""A. O. Shogbon""} Same as the original record. No errors found. The value of the attribute author_list",0.4000,jellyfish
620483,author_list,"{""Y L Ku""} -> {""Y. L. Ku""} (corrected value)",0.4000,jellyfish
433039,author_list,"{[""Palliative Care""]}",0.6000,jellyfish
737167,author_list,"{""S. Ashelford"",""V. Taylor""} Same as the original value, no errors found. No changes needed. The author list is correct. The",0.4000,jellyfish
744601,author_list,"{""Dilokthornsakul P."",""Joo M.J."",""Lee T.A."",""Pickard A.S."",""Lin F.J.""}  # Correct",0.6000,jellyfish
856471,author_list,"{""W. Hunziker"",""K. H. Tan""} Same value, no correction needed. No changes made.  Done. 0 more to correct",0.2000,jellyfish
570704,author_list,"{""Saadettin Kilickap"",""Omer Dizdar"",""Sercan Aksoy"",""Ibrahim Barista"",""Hakan Harputlu",1.0000,jellyfish
520153,author_list,"{""Carol E Barnewolt"",""Hiroto Hatabu"",""Mizuki Nishino"",""Deborah Levine"",""Henry A Feldman"",""Judy",1.0000,jellyfish
259267,author_list,"{""S. Dey"",""P. Bhattacharyya"",""B. K. Biswas"",""B. Bhattarai"",""P. Bhakta",1.0000,jellyfish
24381,author_list,"{""[Collective Name] CARE Group"",""Joel J Gagnier"",""David Moher"",""Douglas G Altman"",""Gunther Kienle"",""",0.6000,jellyfish
827921,author_list,"{""Sandra M Walsh"",""Shiue Y Chen""}",0.6000,jellyfish
461204,author_list,"{[""Xu"", ""Wang"", ""Liu"", ""Chen"", ""Zhang""]}  # Corrected value",0.2000,jellyfish
482860,author_list,"{""Y Matsushima""} → {""Y Matsushima""} (no change needed) → {""Matsushima Y""} → {""Matsushima Y""} (no",0.4000,jellyfish
18298,author_list,"{""Daiki Uchida"",""Yukihiro Saito"",""Hisashi Uchida"",""Atsuhiro Koya"",""Nobuyoshi Azuma",1.0000,jellyfish
365654,author_list,"{""Skye P Barbic"",""Paul W Andrews"",""Zachary Durisko""} Same as the original value, no errors found. No changes needed. The",0.4000,jellyfish
625306,author_list,"{""Boutet G""}",0.8000,jellyfish
572343,author_list,"{""M Ladetto"",""D Caracciolo"",""G Rossi"",""C Marinone"",""L Bergui"",""A Cuttica"",""A Salomone"",""M B",1.0000,jellyfish
88262,author_list,"{""Carolyn Gotay""} → {""Carolyn V. Gotay""} (Corrected the first name initial to uppercase) → {""Carolyn V. Got",0.2000,jellyfish
663339,author_list,"{""Chunhui Wang"",""Richard Hayes"",""Louise Kuhn"",""Stephen Shiboski"",""Jennifer S Smith"",""Natasha L Larke"",""Deborah",1.0000,jellyfish
718292,author_list,"{""M Mikkonen"",""R Kotilainen"",""A Kullaa-Mikkonen""}  # No correction needed. The value is already correct.",0.4000,jellyfish
245200,author_list,"{""M. Galus""} → {""Galus, M.""} → {""Galus, M.""} (no change needed) → {""Galus,",0.2000,jellyfish
307302,author_list,"{""Raymond N. Perrin""} → {""Raymond N. Perrin""} (no change needed) → {""Raymond N. Perrin""} →",0.4000,jellyfish
217418,author_list,"{""Z. Hirschfeld"",""I. Brin"",""A. Fuks"",""M. Guelmann""}  # Corrected value remains the same as",0.4000,jellyfish
413717,author_list,"{""A. R. Aleandri"",""D. Mancini"",""T. Cosentini"",""R. Le Donne"",""N. Colavita""}",1.0000,jellyfish
62246,author_list,"{""Masayuki Otsuki"",""Makoto Arakawa"",""Hidekazu Sonoda"",""Yasutaka Sasafuchi"",""Yuichi Kit",1.0000,jellyfish
945021,author_list,"{""B. Pollin"",""C. Geny"",""J. P. Nguyen"",""P. Cesaro"",""A. Feve""}",1.0000,jellyfish
649817,author_list,"{""Scott O Lilienfeld"",""Keli Holloway Allen"",""Howard N Garb"",""Jessica L Wildermuth"",""M Teresa Nezworski"",""James",0.8000,jellyfish
934327,author_list,"{""NCT01893931"": ""Unknown Author""}  # Corrected value",0.6000,jellyfish
546484,author_list,"{""Wu-Yuin Hwang"",""Guo-Liang Hsu""}",0.4000,jellyfish
917231,author_list,"{""V Cerabona"",""M Wachocka"",""U Moscato"",""V Camisa"",""M G Tucci"",""S Zaffina"",""V",1.0000,jellyfish
887418,author_list,"{""V. Hirsh"",""J. Y. Han"",""F. Blackhall"",""S. Iyer"",""D. W. Kim"",""A. Shaw"",""",0.4000,jellyfish
724055,author_list,"{""S. Sarkar"",""S. Grover""} Same as the original value, no errors found. No correction needed. The author list is correct. The",0.4000,jellyfish
63738,author_list,"{""P K Shestakov""} → {""P K Shestakov""} (no change needed) → {""P K Shestakov""} (no change needed",0.4000,jellyfish
422739,author_list,"{""Patrick Royston"",""Rachel Waters"",""Susan Mallett"",""Douglas G Altman"",""Susan Dutton""} } } } } } } } }",0.4000,jellyfish
97795,author_list,"{""J. M. Neal"",""D. J. Kopacz"",""M. A. Lewis"",""J. J. Deck""} } } } } } }",0.4000,jellyfish
155127,author_list,"{""Lucio Montebugnoli"",""Luca Morandi"",""Luca Scapoli"",""Annalisa Palmieri"",""Davide B Gissi",1.0000,jellyfish
100986,author_list,"{""Rossana De Palma"",""Paolo Ortolani"",""Caterina Caminiti"",""Emilia Solinas"",""Piera Angelica Merlini"",""",1.0000,jellyfish
166179,author_list,"{""I. Delgado"",""J. Vega""} Same as the original value, no errors found. No corrections needed. The author list appears to be correct.",0.4000,jellyfish
740811,author_list,"{""Linda L. Morris"",""Andrea Whitmer"",""Erik McIntosh""}  # No correction needed. The value is already correct.  # No",0.4000,jellyfish
379577,author_list,"{""C Pithan"",""M Mazariegos"",""N W Solomons"",""P Furst""}",0.6000,jellyfish
658981,author_list,"{""Martijn W Heymans"",""Tobias van den Berg"",""Han J R Anema"",""Lieke van Oort"",""Bart W Koes"",""",1.0000,jellyfish
215650,author_list,"{""Ronaldo Fazzi"",""Ana Estela Haddad"",""Maria Salete Nahás Pires Corrêa""}",0.8000,jellyfish
521132,author_list,"{""Jeff Knight"",""Jeffrey M Smith"",""Thomas E Trumble"",""Wren V McCallister""} Same as the original value, no errors found. No",0.6000,jellyfish
892609,author_list,"{[""A. S. Alves"", ""J. M. C. S. David"", ""R. M. C. R. de Sousa",0.2000,jellyfish
366275,author_list,"{""Maarten J Postma"",""Petros Pechlivanoglou"",""Jelena Stevanovic""} Same as the original value, no errors found",0.2000,jellyfish
513630,author_list,"{""Jennifer Payne"",""Rukshanda Ahmad"",""Gregory Doyle"",""Norm Phillips"",""Anna M Chiarelli"",""Christine Wilson"",""Kathleen Decker",1.0000,jellyfish
605423,author_list,"{""Jrgen Rehm"",""Gerhard Gmel"",""Maurizio Trevisan"",""Christopher T Sempos""}  # Corrected value",1.0000,jellyfish
495319,author_list,"{""S. Furman"",""D. T. Kawanishi"",""S. L. Song""}",0.6000,jellyfish
733752,author_list,"{""E. J. Frew"",""J. L. Wolstenholme"",""D. K. Whynes""} Same as the original value, no errors",0.6000,jellyfish
252118,author_list,"{""H.M. Sussman"",""P. Franklin"",""T. Simon""}",0.4000,jellyfish
903817,author_list,"{""Li X.-H."",""Li G.-C."",""Xie Y.-L."",""Shang H.-C."",""Chi K.-L."",""Jin Y.-",1.0000,jellyfish
80799,author_list,"{""Annalisa Ansaloni"",""Jae Sun Jeong"",""Francesco Simone Ruggeri"",""Giovanni Dietler"",""Zhe-Ming",0.8000,jellyfish
385163,author_list,"{""Gianluca Rigatelli"",""Paolo Cardaioli"",""Massimo Giordan"",""Ashesh Buch"",""Laura Oliva"",""Dobrin V",1.0000,jellyfish
645061,author_list,"{""Hanan Al-Modallal"",""Ann Peden"",""Debra Anderson""} Same value as in the record, no corrections needed. No changes. No",0.2000,jellyfish
164721,author_list,"{""M. S. Goromossow""} Same as the original value, no corrections needed. No changes made. The author list remains unchanged. {""M",0.4000,jellyfish
730721,author_list,"{""NCT01713205"": ""Unknown Author""}",0.6000,jellyfish
439302,author_list,"{[""Katz, D. L."", ""Hershman, D. L."", ""Barsevick, A. M."", ""Cleeland",0.2000,jellyfish
410748,author_list,"{""J. Saengsuwan"",""K. Sawanyawisuth"",""N. Ungtrakul"",""J. Saengsuwan""}  The value",0.2000,jellyfish
133777,author_list,"{""P Gérard"",""J Montesanti"",""P Lepage"",""M M Massin""}",1.0000,jellyfish
775428,author_list,"{""K. Peisker"",""B. Singh"",""S. Sanyal"",""Q. Chai"",""X. Ge"",""N. Metzendorf",1.0000,jellyfish
497593,author_list,"{""N. A. Mark Estes"",""Scott McNitt"",""Wojciech Zareba"",""Bronislava Polonsky"",""Douglas Laid",1.0000,jellyfish
899060,author_list,"{""R. A. Ord"",""A. Salama"",""R. Movahed"",""S. A. McClure""}  # Corrected value. No",0.6000,jellyfish
424254,author_list,"{""B. Rudd""}",0.4000,jellyfish
161290,author_list,"{""L. Starka"",""J. Vrbikova"",""M. Duskova"",""I. Cermakova""} } } } } } }",0.8000,jellyfish
746312,author_list,"{""Cayetano K."",""Ghannam D."",""Rawat N.""}  # No corrections needed.",0.2000,jellyfish
191138,author_list,"{""C. Coretti"",""C. Napoli"",""G. Lovero"",""M. T. Montagna"",""G. Caggiano"",""G. Scara",1.0000,jellyfish
743819,author_list,"{""Eunice Molinar-Toribio"",""Benjamín Piña"",""Livia Gómez"",""Jara Pérez-Jiménez"",""",1.0000,jellyfish
193292,author_list,"{[""Name"", ""Lastname""]}  # Replace with the corrected value",0.2000,jellyfish
91852,author_list,"{""David Cooper"",""Erik K. Alexander""}",0.4000,jellyfish
663526,author_list,"{""Susanna C Larsson"",""Ann Burgaz"",""Alicja Wolk"",""Nicola Orsini""}  # Corrected value. No changes needed",0.8000,jellyfish
382853,author_list,"{""R Condliffe"",""J Hurdman"",""J M Wild"",""D G Kiely"",""S Rajaram"",""A J Swift"",""C A Elliot"",""",1.0000,jellyfish
1266,author_list,"{""X. H. LYWXWF Wu""} → {""X. H. Wu""} → {""X. H. Wu""} → {""X. H.",0.6000,jellyfish
407082,author_list,"{""Amanda Devine"",""Nicole Austin"",""Richard L Prince"",""Kun Zhu"",""David Bruce""} Same as the original value, no errors found. No",0.6000,jellyfish
411673,author_list,"{""S. Venkateshiah"",""N. A. Collop""}",0.4000,jellyfish
382297,author_list,"{""Mark A Fogel"",""Michael V Di Maria"",""Matthew A Harris"",""Meryl S Cohen"",""Kevin K Whitehead""} Same as the original value, no",0.6000,jellyfish
414396,author_list,"{""T. V. Cloward"",""J. M. Walker"",""S. Rhondeau"",""R. J. Farney""}  # No correction needed",0.2000,jellyfish
635082,author_list,"{""Nobuhiko Emi"",""Masamitsu Yanada"",""Tomoki Naoe"",""Keitaro Matsuo""} Same as the original value,",0.6000,jellyfish
446599,author_list,{[]},0.6000,jellyfish
376525,author_list,"{""Stephen A Geraci"",""Mohammed Kazi"",""Christian A Koch""}",0.2000,jellyfish
637323,author_list,"{""Kwok M Ho"",""Geoffrey J Dobb"",""Steven A R Webb""}  # No correction needed. The value is already correct.",0.4000,jellyfish
153797,author_list,"{""Martinez-Indart L"",""Cacicedo J"",""del Hoyo"",""Gomez-Iturriaga A"",""Casquero F"",""",1.0000,jellyfish
470179,author_list,"{""M C Nevitt"",""L Palermo"",""H K Genant"",""R San Valentin"",""D M Black"",""R Epstein"",""S R Cummings""}",1.0000,jellyfish
9325,author_list,"{""C K Naspitz"",""J O Warner""}  # No corrections needed.",0.6000,jellyfish
294719,author_list,"{""David B Hoyt"",""Sandro B Rizoli"",""Andrew J Baker"",""Eileen M Bulger"",""Wolfgang G Junger"",""Joseph C",1.0000,jellyfish
38130,author_list,"{""S. Truong"",""K. H. Treutner"",""M. Jansen"",""C. Schraven"",""V. Schumpelick"",""",1.0000,jellyfish
455697,author_list,"{[""name"": ""First Author"", ""affiliation"": ""Institution 1"", ""email"": ""author1@example.com""], [""name"": ""Second",0.2000,jellyfish
518335,author_list,"{""Somjot S Brar"",""William A Gray""} → {""Brar, Somjot S."",""Gray, William A.""} → {""Brar",0.8000,jellyfish
503528,author_list,"{""S Y Chen"",""H Chen"",""H Y Li"",""J Zhang"",""Y H Hua""}  # Corrected value",0.4000,jellyfish
503354,author_list,"{""J R Dettori"",""B D Pearson"",""C J Basmania"",""W M Lednar""} } } } } } } } } } } }",0.8000,jellyfish
176844,author_list,"{""C. Jayasumana"",""R. Gajanayake"",""S. Siribaddana""} Same as the original value, no errors found.",0.6000,jellyfish
820549,author_list,"{""S. Homola""} → {""S. Homola""} (no change needed) → {""S. Homola""} → {""S. Homola""}",0.6000,jellyfish
250975,author_list,"{""Konstantinos Nastos"",""Konstantinos Evangelou"",""Marilena Papaioannou"",""John Vlachogiannakos"",""Maria Gaz",1.0000,jellyfish
37173,author_list,"{""Suzanne B. Stewart"",""Phillip Dahm""}  # Corrected value",0.8000,jellyfish
641251,author_list,"{""E H Choy"",""D L Scott"",""P A Scott"",""G H Kingsley"",""C M Smith""}",0.6000,jellyfish
302179,author_list,"{""Beth Anne Clavenna Deane""}",0.4000,jellyfish
627882,author_list,"{""Ruud R M Bos"",""Gerry M Raghoebar"",""Pepijn F M Gielkens"",""Boudewijn Stegenga",1.0000,jellyfish
264151,author_list,"{""D. R. Sullivan"",""G. Netzer""} Same as the original value, no errors found. No corrections needed. The author list appears to be",0.4000,jellyfish
711975,author_list,"{""Yusuf S"",""Fox KA"",""Chow CK"",""Anand SS"",""Jolly SS"",""Rao-Melacini P""}",0.6000,jellyfish
12554,author_list,"{""G Jayashree Jagadeesh"",""David L Nelson"",""Taizo Wada"",""Fabio Candotti""}",0.2000,jellyfish
564924,author_list,"{""A van Breda"",""M B von Bartheld"",""J T Annema""}  # No corrections needed. The value is already correct.  #",0.4000,jellyfish
364080,author_list,"{""S. A. Brown"",""F. B. Garry""} Same as the original value, no errors found. No changes needed. The author list appears",0.4000,jellyfish
727134,author_list,"{""NCT01153620"": ""Unknown Author""}  # Corrected value",1.0000,jellyfish
356635,author_list,"{""S. Lin"",""S. E. Nissen"",""K. Wolski"",""I. Sipahi"",""E. M. Tuzcu"",""",1.0000,jellyfish
272721,author_list,"{""A. M. Hibbs"",""D. M. Black"",""J. A. F. Zupancic"",""A. Cnaan"",""P",1.0000,jellyfish
979725,author_list,"{""R. Arabyan"",""D. W. Raisch""}",0.8000,jellyfish
470615,author_list,"{""Francis ME"",""Sanchez GS"",""Manrique CA"",""Velasco TT"",""Castany AR"",""Escriche XF"",""Fernandez CS"",""",0.6000,jellyfish
71351,author_list,"{""Nk Shukla"",""Sn Das"",""P Gaur"",""Ak Singh""} → {""Shukla, Nk"",""Das, Sn"",""Gaur",0.2000,jellyfish
793299,author_list,"{""Venancio Martínez Suárez""}",0.6000,jellyfish
673560,author_list,"{""Margarita Admetlla Falgueras"",""Josep FustÃ SugraÃ¨s""}  # Corrected value",0.2000,jellyfish
258181,author_list,"{""Perjohan Lindfors"",""Liselotte Jansson"",""Brjann Ljotsson"",""Lisa Falk"",""Erik Hedman"",""Christian R",1.0000,jellyfish
11709,author_list,"{""Michio Fukumizu"",""Marie J Hayes"",""Makiko Kaga"",""Jun Kohyama""} Same as the original value, no errors found",0.6000,jellyfish
603381,author_list,"{""Marshall I""}",1.0000,jellyfish
570263,author_list,"{""Andrea Tendas"",""Paolo de Fabritiis"",""Marco Giovannini"",""Daniela Piccioni"",""Roberto Palumbo"",""Aless",1.0000,jellyfish
395807,author_list,"author_list: [""Author Name 1"", ""Author Name 2"", ...]  # list of author names separated by commas",0.2000,jellyfish
149836,author_list,"{""P. Kluding"",""S. A. DA Winter"",""DO 10.1310/let5-xnby-98q6-q8tg",0.6000,jellyfish
813023,author_list,"{""G. Bauer"",""E. Laffaire"",""L. Bouzas"",""C. Gilli"",""L. Novali"",""S. P. Rodriguez",1.0000,jellyfish
691035,author_list,"{""Thirimon Moe-Byrne"",""Duncan Chambers"",""Melissa Harden"",""Catriona McDaid""}  # Corrected value. No changes",0.6000,jellyfish
801512,author_list,"{""K Berkley""}",0.8000,jellyfish
121133,author_list,"{""M. Wang"",""G. Stewart"",""J. F. Tierney"",""G. Spilopoulos"",""W. Duncan"",""H. S. Hansen"",""",1.0000,jellyfish
82486,author_list,"{""Axel Schindelhauer"",""Pauline Wimberger""}",0.4000,jellyfish
136032,author_list,"{""D. Russell"",""P. Linck"",""R. Hibbs"",""I. Russell"",""R. Muntz"",""N. H. Williams"",""R",1.0000,jellyfish
131606,author_list,"{""E. M. Bohlig"",""J. A. Scott-Lennox"",""R. D. Lennox""}]  # Corrected value",1.0000,jellyfish
448384,author_list,"{[""Rayyan""]}",0.6000,jellyfish
57286,author_list,"{""J M Cisler"",""T Mletzko"",""C D Kilts"",""S Tripathi"",""G A James"",""X P Hu"",""C",1.0000,jellyfish
622636,author_list,"{""L N Meurer""} (no correction needed)",0.2000,jellyfish
107979,author_list,"{""T Forsén"",""J Eriksson"",""C Osmond"",""D Barker""}  # Corrected value",0.2000,jellyfish
252990,author_list,"{""Albert K. K. Chung"",""Siew-Eng Chua""}",0.6000,jellyfish
861475,author_list,"{""P. Phanthunane"",""M. Bertram"",""H. Whiteford"",""T. Vos""} Same as the original value, no errors found",0.6000,jellyfish
503159,author_list,"{""E Fujimori""}",0.8000,jellyfish
325081,author_list,"{""H. Shue""}",1.0000,jellyfish
399134,author_list,"{""S. Ewen"",""F. Mahfoud"",""M. Bohm""} Same as the original value, no errors found. No corrections needed. The",0.2000,jellyfish
315951,author_list,"{""O. Thümer"",""S. G. Sakka"",""E. Huttemann""}",0.6000,jellyfish
98479,author_list,"{""Adam Witkowski"",""Ajay K Jain"",""Ivan Casserly"",""David E Kandzari"",""David Deaton"",""Paul A Sobotka",1.0000,jellyfish
673307,author_list,"{""Xiaoying Zhang"",""Xin He"",""Zhigang Chen"",""Minyue Jia""}",0.4000,jellyfish
730754,author_list,"{""Anastasiou M"",""Tzortzopoulou A"",""Emexidis T"",""Koudouna E"",""Pouliou A",1.0000,jellyfish
953002,author_list,"{""D. M. B. Hall"",""E. Holroyd""} Same as the original record, no errors found. The author list is correct. No",0.2000,jellyfish
246067,author_list,"{""M. A. Shah"",""S. F. Viegas"",""R. P. Morris"",""R. M. Patterson"",""D. Osada""}",1.0000,jellyfish
161814,author_list,"{""A. Sengupta"",""D. D. A."",""G. U. Liepa""}]  # Corrected value",0.8000,jellyfish
8529,author_list,"{""Gerard H Koppelman"",""Johan C de Jongste"",""Liset E M Elstgeest"",""Henriette A Smit"",""Ul",1.0000,jellyfish
198813,author_list,"{""S. G. DB"" - c8h DO - 10.1097/01.NURSE.0000343454.35505.",0.6000,jellyfish
535901,author_list,"{""S. N. Pennington"",""I. A. Shibley""} Same value as in the record. No errors found. No corrections needed.",0.2000,jellyfish
15325,author_list,"{""G Villa"",""A Zoppi"",""G D Malamani"",""G Marasi"",""A Vanasia"",""R Fogari""}",0.4000,jellyfish
162189,author_list,"{""C. Hagen"",""K. Brusgaard"",""M. D. Andersen"",""A. P. Hermann"",""J. Hangaard"",""D",1.0000,jellyfish
434500,author_list,"{[""Author1"", ""Author2"", ""Author3""]}",0.6000,jellyfish
197174,author_list,"{""Norah J Shire"",""Guy W Neff"",""Steven M Rudich""}  # Corrected value. No changes needed.  # No changes needed",0.6000,jellyfish
6786,author_list,"{""Demetrios J. Kutsogiannis"",""Neil K. Singla"",""Frances Chung"",""Stephen R. Lane"",""Jeremy Levin"",""Joseph V.J",0.6000,jellyfish
309274,author_list,"{""Steven P. Cohen"",""Giselle McKnight"",""Kayode A. Williams"",""Joshua Stream"",""Zahid H. Bajwa"",""Jan",1.0000,jellyfish
672671,author_list,"{""Demosthenes B Panagiotakos"",""Katherine Esposito"",""Christina-Maria Kastorini"",""Dario Giugli",1.0000,jellyfish
819735,author_list,"{""S. Vernino"",""P. A. Low"",""P. Sandroni"",""K. Kimpinski"",""V. Iodice""}",0.8000,jellyfish
21599,author_list,"{""Erik E Suarez"",""Bridget N Fahy"",""Brian A Bruckner"",""Courtenay R Bruce"",""Nathan G Allen"",""Harvey",1.0000,jellyfish
980682,author_list,"{""W. Sexauer"",""M. S. Kavuru"",""U. Vaid"",""K. Gaurav""} No corrections needed. The value of",0.6000,jellyfish
547657,author_list,"{""Cynthia J. Carson""} → {""Carson, Cynthia J.""} → {""Cynthia J. Carson""} → {""Carson, Cynthia J.""",0.4000,jellyfish
682676,author_list,"{""How Lee"",""Greta G Cummings"",""Daniel Scott"",""E Denise Brown""} Same as provided, no errors found. No correction needed.  Corrected value",0.2000,jellyfish
820238,author_list,"{""M. Heiden"",""E. Lyskov"",""M. Barnekow-Bergkvist"",""M. Nakata""}  # Corrected value",1.0000,jellyfish
82540,author_list,"{""Estela Derazne"",""Jeremy D Kark"",""Yaron Niv"",""Lital Keinan-Boker"",""Ari Shamiss"",""Irena L",1.0000,jellyfish
776189,author_list,"{""R. W. Nipper"",""C. Q. Doe"",""K. E. Prehoda"",""K. H. Siller"",""N.",1.0000,jellyfish
422951,author_list,"{""Mehak Bhatia"",""Shaun K Morris"",""Prabhat Jha"",""Wilson Suraweera"",""Jayadeep Patra"",""Cyr",1.0000,jellyfish
228622,author_list,"{""Ruth H. Striegel-Moore"",""E. M. Barzegarnazari"",""F. M. Cachelin"",""C.",0.8000,jellyfish
514759,author_list,"{""Roya Etemad-Rezai"",""Amir M Owrangi"",""Nabil Hussain"",""Jack Chiu"",""Andrew Lu"",""Brandon Entw",1.0000,jellyfish
26216,author_list,"{""G Spitalieri"",""L Adamoli"",""F Vecchio"",""F de Braud"",""C Catania"",""A Delmonte"",""F Toffal",0.8000,jellyfish
164517,author_list,"{""T. Dovan"",""R. R. Neutra"",""D. A. Savitz"",""R. I. Kavet""} Same as the original",0.4000,jellyfish
973603,author_list,"{""N. Black, J. E. Brazier, R. Fitzpatrick""}",0.4000,jellyfish
345575,author_list,"{""Tom Gromann"",""Roland Hetzer"",""Alexander Mladenow"",""Thorsten Drews"",""Semih Buz"",""Axel Unbehaun",1.0000,jellyfish
304082,author_list,"{""M P Reilly"",""S Kuchi"",""G Furness""}  # No corrections needed.",0.4000,jellyfish
33728,author_list,"{""Salvatore Dimauro"",""Carolina Ionete"",""Hasan O Akman"",""Carmen Paradas"",""David E Jones"",""Michio Hir",1.0000,jellyfish
109595,author_list,"{""A Luciano"",""G Zoppi""} Same as the original value, no errors found. No changes needed. The author list remains unchanged. {""A",0.4000,jellyfish
772026,author_list,"{""Lowery M.""} -> {""Lowery M.""} (no change needed)",0.8000,jellyfish
424870,author_list,"{""Thompson NC"",""Calverley PMA"",""Olsson H""} No corrections needed. The value of author_list is already correct. It remains the same",0.2000,jellyfish
904168,author_list,"{""Zhao B.-X."",""Lao L."",""Shen X.-Y."",""Chen H.-Y.""}",0.4000,jellyfish
916713,author_list,"{""Delia Aguado"",""Javier Benito"",""Ignacio A Gómez de Segura"",""Mariana Abreu"",""Javier García-Fern",0.6000,jellyfish
819804,author_list,"{""J.-M. Zhao"",""O. Sjaastad""}",0.8000,jellyfish
892141,author_list,"{""Albert J.J.A. Scherpbier"",""Zahra Ladhani"",""Fred C.J. Stevens""} } } } } } } } }",0.6000,jellyfish
409335,author_list,"{""Goveia M.G."",""Block S.L."",""Rivers S.B."",""Dallas M.J."",""Bauder J."",""Adeyi B.A."",""V",0.6000,jellyfish
166779,author_list,"{""Cotugno, M. Jr."", ""Gallup, G.""}  # Corrected author list",0.2000,jellyfish
720526,author_list,"{""D. A. Gould"",""J. McInerney"",""R. E. Harbaugh"",""J. D. Birkmeyer""}",0.6000,jellyfish
513503,author_list,"{""Felipe Serr\u00f3 de Souza"",""Ney Pecegueiro do Amaral"",""Carlos Henrique Mendes"",""Hilton August",0.6000,jellyfish
83012,author_list,"{""Chu Chen"",""Brian L Strom"",""Susan E McCann"",""Harvey A Risch"",""Lingeng Lu"",""Fulvio Ricceri"",""",1.0000,jellyfish
438681,author_list,"{['John Doe', 'Jane Smith']}  # Corrected value",0.4000,jellyfish
317155,author_list,"{[""first_name"": "" "", ""last_name"": "" "", ""orcid"": "" ""}] }  # Please replace with the corrected value.",0.2000,jellyfish
261121,author_list,"{""P. F. White""} (No correction needed)",0.4000,jellyfish
296269,author_list,"{""Mark H Wilson"",""Liza Chacko"",""Susan Hendrickson""} No corrections needed. The value of author_list is already correct. It remains {""",0.2000,jellyfish
960478,author_list,"{""C. N. Sessler"",""K. Keane"",""M. J. Grap"",""D. Strickland"",""S. Lubin"",""R",1.0000,jellyfish
741988,author_list,"{""J. L. Grosfeld"",""S. Goto"",""G. P. Gardner"",""D. F. Canal"",""D. W. Vane""}",1.0000,jellyfish
589265,author_list,"{""E. Flores-Gomez"",""F. J. Basterra-Gortari"",""C. Sayon-Orea"",""M. A. Martinez-Gonzalez",1.0000,jellyfish
931944,author_list,"{""P. L. Ritter"",""K. Plant"",""D. D. Laurent"",""K. R. Lorig"",""A. Dost"",""I. Mc",1.0000,jellyfish
305933,author_list,"{""Choi GS"",""Kim JH"",""Park HS"",""Ye YM"",""Kim SH"",""Kim JE"",""Jin HJ""}  # Corrected value",0.2000,jellyfish
360693,author_list,"{""E. Idrizovic"",""A. Odobasic"",""L. Dedic"",""A. Pasic"",""M. Dervisefendic",1.0000,jellyfish
772745,author_list,"{""Periyanayagam U."",""Pang P.S."",""Kiraly A."",""Lyden A."",""Chan J.""}  # No changes needed. The",0.4000,jellyfish
683893,author_list,"{""Verena Klusmann"",""Isabella Heuser"",""Andrea Evers"",""Ralf Schwarzer""} Same as the original value, no errors found.",0.4000,jellyfish
168157,author_list,"{""Woo Young Park"",""Do Jin Lee"",""Jong Sir Lim"",""Jong Soo Heo"",""Jeoung Yoon Seo"",""Ronald",1.0000,jellyfish
97775,author_list,"{""H. Cavusoglu"",""T. Cansever"",""A. Yilmaz"",""Y. Aydin"",""H. A. Genc"",""",1.0000,jellyfish
740227,author_list,"{""Ann J. Turner"",""David H. L. Olson"",""Carole Y. Schornagel"",""Mary Halsdorf"",""Elaine A. Ble",1.0000,jellyfish
449419,author_list,"{[""Li"", ""Wang"", ""Zhang""]}",0.2000,jellyfish
456934,author_list,"{[""Wang"", ""Y"", ""Xu"", ""X"", ""Liu"", ""L"", ""Wang"", ""W"", ""Zhang",0.2000,jellyfish
134738,author_list,"{""Stuart Calver"",""Julia Nichols"",""Rachel Cline""}] 1",0.8000,jellyfish
66579,author_list,"{""Abdul Basit Baba"",""J Kowshik"",""G Deepak Reddy"",""Hemant Giri"",""Madhulika Dixit",1.0000,jellyfish
557824,author_list,"{""P. Avedo"",""A. Vaz-Carneiro"",""J. Costa""} -> {""P. Azevedo"",""A. V",0.6000,jellyfish
215820,author_list,"{""Ana Paula de Lima Ferreira"",""Marcelo de Souza Figueiroa"",""Barbara Bernardo Rinaldo da Silva"",""Kátia",0.4000,jellyfish
658982,author_list,"{""M F Jumean"",""P J Erwin"",""V M Montori"",""F Lopez-Jimenez"",""A Romero-Corral"",""V K Som",1.0000,jellyfish
272806,author_list,"{""T. R. Kosten"",""L. Y. Zhao"",""D. H. Epstein"",""L. Lu"",""J. Shi"",""X. Y. Zhang",1.0000,jellyfish
773090,author_list,"{""Eikelboom JW"",""Hirsh J""}",1.0000,jellyfish
500618,author_list,"{""So Young Lee"",""Jay L. Brand""} → {""So Young Lee"",""Jay Lee Brand""} → {""So Young Lee"",""Jay L. Brand""} →",0.2000,jellyfish
385346,author_list,"{""Bradley S Marino""} → {""Bradley S. Marino""} → {""Bradley S. Marino""} → {""Bradley S. Marino""} → {""",1.0000,jellyfish
938092,author_list,"{""R Fernández"",""J Rello"",""N Bonsoms"",""A Artigas"",""J Mestre"",""F Baigorri"",""L Blanch"",""D",0.6000,jellyfish
383183,author_list,"{""Althaf Ansary""} (No correction needed)  # Corrected value",0.4000,jellyfish
889260,author_list,"{""A. Taylor"",""L. Maxwell"",""V. Strand"",""K. Phillips"",""P. S. Tugwell"",""U. Kaiser"",""M. de",1.0000,jellyfish
392576,author_list,"{""Won Ki Min"",""Soon Bae Kim"",""Su Hee Kim"",""Jai Won Chang"",""Hyun Sook Chi"",""Eun Kyoung Lee""}",1.0000,jellyfish
209012,author_list,[author_list: []]  # Corrected value,0.4000,jellyfish
961006,author_list,"{""H. O. Lobel"",""P. E. Kozarsky""} Same value as the record. No correction needed.  No errors found.",0.2000,jellyfish
786558,author_list,"{""Taylor MJ"", ""Arsalidou M"", ""Pascual-Leone A"", ""Johnson J"", ""Morris D""}  # Corrected",1.0000,jellyfish
35875,author_list,"{""David Binns"",""Robert E Ware"",""Damian E Myers"",""Marie-Claude Gregoire"",""Eddie W Lau"",""Lucy Vivash"",""",1.0000,jellyfish
882786,author_list,"{""B Kramp"",""J Ostwald"",""S Dommerich"",""Claudia Nischan""}",0.4000,jellyfish
332926,author_list,"{""Montserrat Bacardi-Gascon"",""Arturo Jimenez-Cruz"",""Lidia M. Castaneda-Gonzalez""}  # Corrected value.",0.4000,jellyfish
109843,author_list,"{""P Czernichow"",""K Albertsson-Wikland"",""R Gunnarsson"",""T Tuvemo""} Same as the original value, no errors",0.4000,jellyfish
820688,author_list,"{""J.P. Toombs"",""M.S. Bauer"",""W.R. Widmer"",""A.R. Blight""}",0.6000,jellyfish
817811,author_list,"{""M. Sinaki""} → {""M Sinaki""} → {""M. Sinaki""} → {""M Sinaki""} → {""M Sinaki""} →",0.4000,jellyfish
855970,author_list,"{""S. Kita"",""J. R. McIntosh"",""M. Osumi"",""T. Kamasaki"",""G. Goshima"",""E",1.0000,jellyfish
643856,author_list,"{""Charles H. Hennekens""}",1.0000,jellyfish
482584,author_list,"{""Chunlin Liu"",""Wen-Hui Shen"",""Ying Ruan"",""Dong-Hong Chen"",""Yong Huang""}  # No changes needed",0.2000,jellyfish
553088,author_list,"{""Catherine Mays"",""Rajesh Ramanathan"",""Dale Harvey"",""Gregory Stockslager"",""Therese M Duane"",""Patricia",1.0000,jellyfish
575935,author_list,"{""Kerstin Landin-Wilhelmsen"",""Goran Olerud"",""Oskar Ragnarsson"",""Penelope Trimpou""}",0.8000,jellyfish
450760,author_list,"{['Xu, X', 'Zhang, X', 'Wang, X', 'Li, X', 'Chen, X']}  #",0.2000,jellyfish
160121,author_list,"{""Matthew S Dryden""} → {""Matthew S. Dryden""} → {""Matthew S. Dryden""} → {""Matthew S. Dryden""} → {""",0.6000,jellyfish
471093,author_list,"{""A. Amemiya"",""C. R. Dolan"",""H. H. Ardinger"",""C. T. Fong"",""S. E.",1.0000,jellyfish
84783,author_list,"{""Michela Miani"",""Decio L Eizirik"",""Laurence Ladrière"",""Maikel P Colli"",""Miriam Cnop""} } }",0.6000,jellyfish
894794,author_list,"{""A. Hueni"",""Paul E. Kneubuehler"",""M. Shen"",""S. S. Lewis""}]  # Corrected",1.0000,jellyfish
481173,author_list,"{""D. W. Branch""} Same as the original value, no errors found. No correction needed. The author list is correct and consistent with the rest of",0.2000,jellyfish
946487,author_list,"{""A. M. Navar"",""N. A. Halsey"",""C. R. Sudfeld""}",0.4000,jellyfish
685456,author_list,"{""Z Hofman"",""L H Nelissen"",""M A Vermeeren"",""A van Lier"",""E F Wouters"",""A M Schols""}",1.0000,jellyfish
6028,author_list,"{""A. Filipovich"",""M. Jordan"",""S. Davies"",""R. Marsh"",""P. Khandelwal"",""M. Grimley"",""S.",1.0000,jellyfish
48202,author_list,"{""Hawkey C."",""Gorbutt N."",""Guiblin H."",""Kong A."",""Beattie A."",""Curran J."",""Kamath",1.0000,jellyfish
558738,author_list,"{""M. Brandon"",""M. J. Dowzicky""} Same as the original value, no errors found. No corrections needed. The author list appears to",0.2000,jellyfish
908011,author_list,"{""C. Gruppi"",""C. Medeiros"",""C. D. Frimm"",""M. Curi"",""E. Krieger"",""B",1.0000,jellyfish
260738,author_list,"{""A. H. Samarkandi""} Same as the original value, no corrections needed.",0.2000,jellyfish
979155,author_list,"{""Kentaro Chino"",""Hideyuki Takahashi"",""Ryota Akagi"",""Michiko Dohi""} Same as the original value, no",0.6000,jellyfish
752075,author_list,"{""R. P. Troiano"",""M. D. Carroll"",""R. R. Briefel"",""K. Bialostosky""} Same as the",0.6000,jellyfish
670823,author_list,"{""[Collective Name] American Thoracic Society Respiratory Impairment and Disability Evaluation Group"",""Philip Harber"",""Margaret C Haggerty"",""Christopher",1.0000,jellyfish
73289,author_list,"{""Xuejun Chen"",""Yang Zhang"",""Zufei Li"",""Qi Zhong"",""Weiguo Zhou"",""Xiaohong Chen"",""Zhigang",1.0000,jellyfish
426134,author_list,"{""Danielle Duggan"",""J. Mark G. Williams"",""Isabelle Rudolf von Rohr"",""Catherine Crane"",""Adele Krusche",1.0000,jellyfish
255382,author_list,"{""John F Fraser"",""Kelvin L Choo"",""Roy M Kimble""}",0.4000,jellyfish
979472,author_list,"{""S. L. Lee"",""G. K. Sluis-Cremer"",""P. A. Hessel""} Same as the original value, no errors",0.8000,jellyfish
814758,author_list,"{""E. V. Kumpyak"",""V. N. Kiselev"",""A. V. Kharlov"",""V. V. Chupin",1.0000,jellyfish
226417,author_list,"{""Katharine O'Dell"",""Padma Kandadai"",""Jyot Saini""}  # Corrected value",0.6000,jellyfish
968815,author_list,"{""M. Heuer"",""S. Radunz"",""A. Paul"",""G. C. Sotiropoulos"",""Z. Mathe"",""T.",1.0000,jellyfish
734259,author_list,"{""S. Iannazzo"",""M. Miravitlles"",""L. Pradelli"",""O. Zaniolo""} Same as the original value,",0.6000,jellyfish
